trajectory_id,parameter,before_run_id,after_run_id,delta_x,metric,before_value,after_value,elementary_effect,normalized_elementary_effect,valid_pair
0,K_copies,0,1,-0.6666666666666666,resolved_oscillation,1.0,1.0,-0.0,-0.0,True
0,K_copies,0,1,-0.6666666666666666,period_min,285.8,299.92857142857144,-21.19285714285715,-0.0333570679058612,True
0,K_copies,0,1,-0.6666666666666666,period_generations,6.1242857142857146,6.427040816326532,-0.4541326530612255,-0.03573971561342278,True
0,K_copies,0,1,-0.6666666666666666,TetR_relative_amplitude,0.557942581231923,0.674808098644751,-0.17529827611924204,-0.17657906590016398,True
0,K_copies,0,1,-0.6666666666666666,TetR_free_peak,39.88449228012915,34.53606975940109,8.022633781092097,0.010275227941657356,True
0,K_copies,0,1,-0.6666666666666666,TetR_free_trough,17.631235706229187,11.230850190397154,9.60057827374805,1.6952480404465358,True
0,K_copies,0,1,-0.6666666666666666,CI_phase_lag_fraction_cycle,0.5432120363890832,0.5301262205286973,0.019628723790578895,0.0317969977433651,True
0,K_copies,0,1,-0.6666666666666666,PLtetO1_duty_activity_gt_0p5,0.11641857365029994,0.08042657187291713,0.05398800266607421,0.16485753052917232,True
0,K_copies,0,1,-0.6666666666666666,C31_flux_peak_uM_h,0.6432986480517071,0.6294937485686132,0.020707349224640903,0.003118919282730434,True
0,K_copies,0,1,-0.6666666666666666,C31_flux_trough_uM_h,0.058877608249559926,0.023564718453247157,0.05296933469446915,1.4726861135314926,True
0,K_copies,0,1,-0.6666666666666666,C31_flux_trough_fraction_of_peak,0.09152453285558196,0.037434396301520484,0.08113520483109221,14.976674220167267,True
0,K_copies,0,1,-0.6666666666666666,C31_flux_residual_duty_above_0p5_uM_h,0.26882914907798267,0.24416796267496113,0.0369917796045323,0.08447488584474881,True
0,K_copies,0,1,-0.6666666666666666,C31_flux_FWHM_h,2.0,2.033333333333333,-0.04999999999999982,-0.013761467889908207,True
0,K_copies,0,1,-0.6666666666666666,C31_flux_dose_uM_per_cycle,1.4743941628111799,1.3682262153470286,0.1592519211962269,0.006971157412153501,True
0,K_copies,0,1,-0.6666666666666666,resource_min,0.9757767576115519,0.9762965774920067,-0.0007797298206821957,-0.0007797298206821957,True
0,oscillator_plasmid_copies,1,2,0.6666666666666666,resolved_oscillation,1.0,1.0,0.0,0.0,True
0,oscillator_plasmid_copies,1,2,0.6666666666666666,period_min,299.92857142857144,345.45454545454544,68.28896103896099,0.10748524822501729,True
0,oscillator_plasmid_copies,1,2,0.6666666666666666,period_generations,6.427040816326532,7.402597402597403,1.4633348794063066,0.11516276595537564,True
0,oscillator_plasmid_copies,1,2,0.6666666666666666,TetR_relative_amplitude,0.674808098644751,0.8789375494481774,0.30619417620513956,0.3084313366641197,True
0,oscillator_plasmid_copies,1,2,0.6666666666666666,TetR_free_peak,34.53606975940109,84.01670984132826,74.22096012289077,0.09506071249428866,True
0,oscillator_plasmid_copies,1,2,0.6666666666666666,TetR_free_trough,11.230850190397154,10.171268780692628,-1.589372114556789,-0.28064767412087166,True
0,oscillator_plasmid_copies,1,2,0.6666666666666666,CI_phase_lag_fraction_cycle,0.5301262205286973,0.5453684210526315,0.02286330078590132,0.03703675955968716,True
0,oscillator_plasmid_copies,1,2,0.6666666666666666,PLtetO1_duty_activity_gt_0p5,0.08042657187291713,0.2137302821595201,0.19995556542990447,0.6105834464043419,True
0,oscillator_plasmid_copies,1,2,0.6666666666666666,C31_flux_peak_uM_h,0.6294937485686132,1.152165966638397,0.7840083271046757,0.11808651424675083,True
0,oscillator_plasmid_copies,1,2,0.6666666666666666,C31_flux_trough_uM_h,0.023564718453247157,0.01520324835861984,-0.012542205141940977,-0.348706123120863,True
0,oscillator_plasmid_copies,1,2,0.6666666666666666,C31_flux_trough_fraction_of_peak,0.037434396301520484,0.013195363167146321,-0.03635854970156125,-6.711391869061636,True
0,oscillator_plasmid_copies,1,2,0.6666666666666666,C31_flux_residual_duty_above_0p5_uM_h,0.24416796267496113,0.4059097978227061,0.24261275272161745,0.5540334855403349,True
0,oscillator_plasmid_copies,1,2,0.6666666666666666,C31_flux_FWHM_h,2.033333333333333,2.183333333333333,0.22499999999999987,0.06192660550458712,True
0,oscillator_plasmid_copies,1,2,0.6666666666666666,C31_flux_dose_uM_per_cycle,1.3682262153470286,2.4840814085517207,1.673782789807038,0.07326883854117516,True
0,oscillator_plasmid_copies,1,2,0.6666666666666666,resource_min,0.9762965774920067,0.956615491784215,-0.029521628561687552,-0.029521628561687552,True
0,oscillator_translation_scale,2,3,0.6666666666666666,resolved_oscillation,1.0,1.0,0.0,0.0,True
0,oscillator_translation_scale,2,3,0.6666666666666666,period_min,345.45454545454544,294.14285714285717,-76.96753246753241,-0.1211451193088128,True
0,oscillator_translation_scale,2,3,0.6666666666666666,period_generations,7.402597402597403,6.303061224489797,-1.6493042671614084,-0.12979834211658514,True
0,oscillator_translation_scale,2,3,0.6666666666666666,TetR_relative_amplitude,0.8789375494481774,0.6061646592693287,-0.409159335268273,-0.41214879475972827,True
0,oscillator_translation_scale,2,3,0.6666666666666666,TetR_free_peak,84.01670984132826,39.86235141887029,-66.23153763368697,-0.08482802090711296,True
0,oscillator_translation_scale,2,3,0.6666666666666666,TetR_free_trough,10.171268780692628,15.699202753376541,8.29190095902587,1.4641648087805854,True
0,oscillator_translation_scale,2,3,0.6666666666666666,CI_phase_lag_fraction_cycle,0.5453684210526315,0.5694511898980087,0.036124153268065784,0.058518303696186796,True
0,oscillator_translation_scale,2,3,0.6666666666666666,PLtetO1_duty_activity_gt_0p5,0.2137302821595201,0.0,-0.3205954232392802,-0.9789687924016283,True
0,oscillator_translation_scale,2,3,0.6666666666666666,C31_flux_peak_uM_h,1.152165966638397,0.4265670790770359,-1.0883983313420416,-0.16393341832835145,True
0,oscillator_translation_scale,2,3,0.6666666666666666,C31_flux_trough_uM_h,0.01520324835861984,0.027272774380656305,0.0181042890330547,0.5033466100363176,True
0,oscillator_translation_scale,2,3,0.6666666666666666,C31_flux_trough_fraction_of_peak,0.013195363167146321,0.06393548803547255,0.07611018730248936,14.049110770574854,True
0,oscillator_translation_scale,2,3,0.6666666666666666,C31_flux_residual_duty_above_0p5_uM_h,0.4059097978227061,0.0,-0.6088646967340592,-1.3904109589041098,True
0,oscillator_translation_scale,2,3,0.6666666666666666,C31_flux_FWHM_h,2.183333333333333,1.9,-0.4249999999999998,-0.11697247706422013,True
0,oscillator_translation_scale,2,3,0.6666666666666666,C31_flux_dose_uM_per_cycle,2.4840814085517207,0.8928176897816918,-2.3868955781550434,-0.10448492348917535,True
0,oscillator_translation_scale,2,3,0.6666666666666666,resource_min,0.956615491784215,0.9839377281722737,0.04098335458208796,0.04098335458208796,True
0,hill_n,3,4,-0.6666666666666666,resolved_oscillation,1.0,1.0,-0.0,-0.0,True
0,hill_n,3,4,-0.6666666666666666,period_min,294.14285714285717,269.9375,36.30803571428575,0.057148010043471795,True
0,hill_n,3,4,-0.6666666666666666,period_generations,6.303061224489797,5.784375000000001,0.7780293367346944,0.061230010760862624,True
0,hill_n,3,4,-0.6666666666666666,TetR_relative_amplitude,0.6061646592693287,0.4375735364383128,0.2528866842465239,0.2547343617484627,True
0,hill_n,3,4,-0.6666666666666666,TetR_free_peak,39.86235141887029,36.46936698538833,5.0894766502229345,0.006518499299822776,True
0,hill_n,3,4,-0.6666666666666666,TetR_free_trough,15.699202753376541,20.51133710192531,-7.218201522823153,-1.2745734307040846,True
0,hill_n,3,4,-0.6666666666666666,CI_phase_lag_fraction_cycle,0.5694511898980087,0.6492243574901597,-0.11965975138822654,-0.1938394408855684,True
0,hill_n,3,4,-0.6666666666666666,PLtetO1_duty_activity_gt_0p5,0.0,0.0,-0.0,-0.0,True
0,hill_n,3,4,-0.6666666666666666,C31_flux_peak_uM_h,0.4265670790770359,0.3449314763442964,0.12245340409910926,0.01844380365335327,True
0,hill_n,3,4,-0.6666666666666666,C31_flux_trough_uM_h,0.027272774380656305,0.09744620680675437,-0.10526014863914708,-2.9265075746801634,True
0,hill_n,3,4,-0.6666666666666666,C31_flux_trough_fraction_of_peak,0.06393548803547255,0.28250888506761723,-0.32786009554821705,-60.519399082565414,True
0,hill_n,3,4,-0.6666666666666666,C31_flux_residual_duty_above_0p5_uM_h,0.0,0.0,-0.0,-0.0,True
0,hill_n,3,4,-0.6666666666666666,C31_flux_FWHM_h,1.9,3.0083333333333333,-1.6625,-0.45756880733944955,True
0,hill_n,3,4,-0.6666666666666666,C31_flux_dose_uM_per_cycle,0.8928176897816918,0.8589377417743321,0.050819922011039576,0.0022246116301215153,True
0,hill_n,3,4,-0.6666666666666666,resource_min,0.9839377281722737,0.9870116954478326,-0.004610950913338463,-0.004610950913338463,True
0,c31_tx_scale,4,5,0.6666666666666667,resolved_oscillation,1.0,1.0,0.0,0.0,True
0,c31_tx_scale,4,5,0.6666666666666667,period_min,269.9375,269.4375,-0.7499999999999999,-0.0011804826862539346,True
0,c31_tx_scale,4,5,0.6666666666666667,period_generations,5.784375000000001,5.773660714285715,-0.016071428571429177,-0.0012648028781292637,True
0,c31_tx_scale,4,5,0.6666666666666667,TetR_relative_amplitude,0.4375735364383128,0.45491652201562105,0.026014478365962348,0.026204549134396345,True
0,c31_tx_scale,4,5,0.6666666666666667,TetR_free_peak,36.46936698538833,37.32951464476602,1.2902214890665318,0.0016524897255846707,True
0,c31_tx_scale,4,5,0.6666666666666667,TetR_free_trough,20.51133710192531,20.34770167403787,-0.24545314183115782,-0.0433415515030502,True
0,c31_tx_scale,4,5,0.6666666666666667,CI_phase_lag_fraction_cycle,0.6492243574901597,0.6448619809788912,-0.006543564766902709,-0.01060006327189917,True
0,c31_tx_scale,4,5,0.6666666666666667,PLtetO1_duty_activity_gt_0p5,0.0,0.0,0.0,0.0,True
0,c31_tx_scale,4,5,0.6666666666666667,C31_flux_peak_uM_h,0.3449314763442964,0.6255401448467764,0.42091300275372007,0.06339747624859558,True
0,c31_tx_scale,4,5,0.6666666666666667,C31_flux_trough_uM_h,0.09744620680675437,0.16633551335799007,0.10333395982685355,2.8729544852886026,True
0,c31_tx_scale,4,5,0.6666666666666667,C31_flux_trough_fraction_of_peak,0.28250888506761723,0.26590701608564754,-0.024902803472954534,-4.596786013663526,True
0,c31_tx_scale,4,5,0.6666666666666667,C31_flux_residual_duty_above_0p5_uM_h,0.0,0.08242612752721618,0.12363919129082425,0.2823439878234399,True
0,c31_tx_scale,4,5,0.6666666666666667,C31_flux_FWHM_h,3.0083333333333333,2.658333333333333,-0.525,-0.1444954128440367,True
0,c31_tx_scale,4,5,0.6666666666666667,C31_flux_dose_uM_per_cycle,0.8589377417743321,1.5445992215361348,1.028492219642704,0.04502163054893377,True
0,c31_tx_scale,4,5,0.6666666666666667,resource_min,0.9870116954478326,0.9764454494063999,-0.015849369062149118,-0.015849369062149118,True
0,peak_load_fraction,5,6,-0.6666666666666666,resolved_oscillation,1.0,1.0,-0.0,-0.0,True
0,peak_load_fraction,5,6,-0.6666666666666666,period_min,269.4375,271.06666666666666,-2.4437499999999943,-0.003846406086044062,True
0,peak_load_fraction,5,6,-0.6666666666666666,period_generations,5.773660714285715,5.808571428571429,-0.05236607142857119,-0.004121149377904343,True
0,peak_load_fraction,5,6,-0.6666666666666666,TetR_relative_amplitude,0.45491652201562105,0.41111854205695864,0.06569696993799362,0.06617697470242656,True
0,peak_load_fraction,5,6,-0.6666666666666666,TetR_free_peak,37.32951464476602,35.464409524358786,2.797657680610854,0.0035831836720199603,True
0,peak_load_fraction,5,6,-0.6666666666666666,TetR_free_trough,20.34770167403787,20.884333185793484,-0.804947267633418,-0.14213573799504195,True
0,peak_load_fraction,5,6,-0.6666666666666666,CI_phase_lag_fraction_cycle,0.6448619809788912,0.6522380718150517,-0.01106413625424063,-0.017923035611577973,True
0,peak_load_fraction,5,6,-0.6666666666666666,PLtetO1_duty_activity_gt_0p5,0.0,0.0,-0.0,-0.0,True
0,peak_load_fraction,5,6,-0.6666666666666666,C31_flux_peak_uM_h,0.6255401448467764,0.6047117921514632,0.03124252904296987,0.004705717048391265,True
0,peak_load_fraction,5,6,-0.6666666666666666,C31_flux_trough_uM_h,0.16633551335799007,0.18711556124324616,-0.03117007182788413,-0.8666095619943144,True
0,peak_load_fraction,5,6,-0.6666666666666666,C31_flux_trough_fraction_of_peak,0.26590701608564754,0.3094293243026076,-0.0652834623254401,-12.05061538019313,True
0,peak_load_fraction,5,6,-0.6666666666666666,C31_flux_residual_duty_above_0p5_uM_h,0.08242612752721618,0.042879360142190626,0.059320151077538325,0.1354642313546423,True
0,peak_load_fraction,5,6,-0.6666666666666666,C31_flux_FWHM_h,2.658333333333333,3.4833333333333334,-1.2375000000000003,-0.34059633027522945,True
0,peak_load_fraction,5,6,-0.6666666666666666,C31_flux_dose_uM_per_cycle,1.5445992215361348,1.5542935557106408,-0.014541501261758905,-0.0006365455031455648,True
0,peak_load_fraction,5,6,-0.6666666666666666,resource_min,0.9764454494063999,1.0,-0.03533182589040018,-0.03533182589040018,True
0,oscillator_promoter_leak,6,7,-0.6666666666666666,resolved_oscillation,1.0,1.0,-0.0,-0.0,True
0,oscillator_promoter_leak,6,7,-0.6666666666666666,period_min,271.06666666666666,416.3,-217.85000000000002,-0.342890870933893,True
0,oscillator_promoter_leak,6,7,-0.6666666666666666,period_generations,5.808571428571429,8.920714285714286,-4.668214285714287,-0.36738307600059966,True
0,oscillator_promoter_leak,6,7,-0.6666666666666666,TetR_relative_amplitude,0.41111854205695864,0.9709451390258385,-0.8397398954533197,-0.8458753253077324,True
0,oscillator_promoter_leak,6,7,-0.6666666666666666,TetR_free_peak,35.464409524358786,295.45114855985787,-389.98010855324867,-0.49947867713231586,True
0,oscillator_promoter_leak,6,7,-0.6666666666666666,TetR_free_trough,20.884333185793484,8.584292046063036,18.450061709595673,3.257869481136897,True
0,oscillator_promoter_leak,6,7,-0.6666666666666666,CI_phase_lag_fraction_cycle,0.6522380718150517,0.5975258227239971,0.08206837363658182,0.13294434825031867,True
0,oscillator_promoter_leak,6,7,-0.6666666666666666,PLtetO1_duty_activity_gt_0p5,0.0,0.22594978893579204,-0.3389246834036881,-1.0349389416553596,True
0,oscillator_promoter_leak,6,7,-0.6666666666666666,C31_flux_peak_uM_h,0.6047117921514632,2.4174441005910956,-2.7190984626594488,-0.4095477665842235,True
0,oscillator_promoter_leak,6,7,-0.6666666666666666,C31_flux_trough_uM_h,0.18711556124324616,0.02680322970588578,0.24046849730604059,6.685653477942748,True
0,oscillator_promoter_leak,6,7,-0.6666666666666666,C31_flux_trough_fraction_of_peak,0.3094293243026076,0.01108742481339364,0.44751284923382095,82.60599287653939,True
0,oscillator_promoter_leak,6,7,-0.6666666666666666,C31_flux_residual_duty_above_0p5_uM_h,0.042879360142190626,0.40968673628082647,-0.5502110642079538,-1.2564687975646882,True
0,oscillator_promoter_leak,6,7,-0.6666666666666666,C31_flux_FWHM_h,3.4833333333333334,2.283333333333333,1.8000000000000003,0.49541284403669733,True
0,oscillator_promoter_leak,6,7,-0.6666666666666666,C31_flux_dose_uM_per_cycle,1.5542935557106408,5.398681141946599,-5.766581379353938,-0.2524286440220478,True
0,oscillator_promoter_leak,6,7,-0.6666666666666666,resource_min,1.0,1.0,-0.0,-0.0,True
0,c31_mrna_total_half_life_min,7,8,0.6666666666666666,resolved_oscillation,1.0,1.0,0.0,0.0,True
0,c31_mrna_total_half_life_min,7,8,0.6666666666666666,period_min,416.3,416.3,0.0,0.0,True
0,c31_mrna_total_half_life_min,7,8,0.6666666666666666,period_generations,8.920714285714286,8.920714285714286,0.0,0.0,True
0,c31_mrna_total_half_life_min,7,8,0.6666666666666666,TetR_relative_amplitude,0.9709451390258385,0.9709451457670566,1.011182720889181e-08,1.0185707712695438e-08,True
0,c31_mrna_total_half_life_min,7,8,0.6666666666666666,TetR_free_peak,295.45114855985787,295.4511776574721,4.364642134646601e-05,5.590145835019131e-08,True
0,c31_mrna_total_half_life_min,7,8,0.6666666666666666,TetR_free_trough,8.584292046063036,8.58429089978932,-1.7194105739193333e-06,-3.036095663247855e-07,True
0,c31_mrna_total_half_life_min,7,8,0.6666666666666666,CI_phase_lag_fraction_cycle,0.5975258227239971,0.5975258227239971,0.0,0.0,True
0,c31_mrna_total_half_life_min,7,8,0.6666666666666666,PLtetO1_duty_activity_gt_0p5,0.22594978893579204,0.22594978893579204,0.0,0.0,True
0,c31_mrna_total_half_life_min,7,8,0.6666666666666666,C31_flux_peak_uM_h,2.4174441005910956,11.208528556984698,13.186626684590403,1.9861559195513072,True
0,c31_mrna_total_half_life_min,7,8,0.6666666666666666,C31_flux_trough_uM_h,0.02680322970588578,0.12441947688055756,0.14642437076200768,4.070980667354151,True
0,c31_mrna_total_half_life_min,7,8,0.6666666666666666,C31_flux_trough_fraction_of_peak,0.01108742481339364,0.011100429128409047,1.9506472523112516e-05,0.0036006821548239584,True
0,c31_mrna_total_half_life_min,7,8,0.6666666666666666,C31_flux_residual_duty_above_0p5_uM_h,0.40968673628082647,0.4907798267051766,0.12163963563652522,0.2777777777777778,True
0,c31_mrna_total_half_life_min,7,8,0.6666666666666666,C31_flux_FWHM_h,2.283333333333333,2.283333333333333,0.0,0.0,True
0,c31_mrna_total_half_life_min,7,8,0.6666666666666666,C31_flux_dose_uM_per_cycle,5.398681141946599,25.05846497204106,29.489675745141692,1.2908928828521946,True
0,c31_mrna_total_half_life_min,7,8,0.6666666666666666,resource_min,1.0,1.0,0.0,0.0,True
0,sponge_plasmid_copies,8,9,-0.6666666666666666,resolved_oscillation,1.0,1.0,-0.0,-0.0,True
0,sponge_plasmid_copies,8,9,-0.6666666666666666,period_min,416.3,457.77777777777777,-62.21666666666664,-0.0979275970619097,True
0,sponge_plasmid_copies,8,9,-0.6666666666666666,period_generations,8.920714285714286,9.80952380952381,-1.333214285714286,-0.10492242542347475,True
0,sponge_plasmid_copies,8,9,-0.6666666666666666,TetR_relative_amplitude,0.9709451457670566,0.975269490265364,-0.006486516747461146,-0.006533909480281154,True
0,sponge_plasmid_copies,8,9,-0.6666666666666666,TetR_free_peak,295.4511776574721,328.1510072248987,-49.04974435113991,-0.06282192574660628,True
0,sponge_plasmid_copies,8,9,-0.6666666666666666,TetR_free_trough,8.58429089978932,8.115341678605962,0.7034238317750372,0.12420896308722912,True
0,sponge_plasmid_copies,8,9,-0.6666666666666666,CI_phase_lag_fraction_cycle,0.5975258227239971,0.61875,-0.03183626591400435,-0.051572261458518,True
0,sponge_plasmid_copies,8,9,-0.6666666666666666,PLtetO1_duty_activity_gt_0p5,0.22594978893579204,0.23861364141301933,-0.018995778715840933,-0.058005427408412503,True
0,sponge_plasmid_copies,8,9,-0.6666666666666666,C31_flux_peak_uM_h,11.208528556984698,11.730908695046322,-0.7835702070924366,-0.11802052506873008,True
0,sponge_plasmid_copies,8,9,-0.6666666666666666,C31_flux_trough_uM_h,0.12441947688055756,0.12374718364562641,0.0010084398523967225,0.028037266760525717,True
0,sponge_plasmid_copies,8,9,-0.6666666666666666,C31_flux_trough_fraction_of_peak,0.011100429128409047,0.010548814832893707,0.0008274214432730104,0.15273297731210855,True
0,sponge_plasmid_copies,8,9,-0.6666666666666666,C31_flux_residual_duty_above_0p5_uM_h,0.4907798267051766,0.46789602310597644,0.034325705398800255,0.07838660578386604,True
0,sponge_plasmid_copies,8,9,-0.6666666666666666,C31_flux_FWHM_h,2.283333333333333,2.3333333333333335,-0.0750000000000004,-0.020642201834862494,True
0,sponge_plasmid_copies,8,9,-0.6666666666666666,C31_flux_dose_uM_per_cycle,25.05846497204106,27.018132985469933,-2.9395020201433066,-0.1286749393152546,True
0,sponge_plasmid_copies,8,9,-0.6666666666666666,resource_min,1.0,1.0,-0.0,-0.0,True
0,oscillator_mrna_total_half_life_min,9,10,0.6666666666666666,resolved_oscillation,1.0,1.0,0.0,0.0,True
0,oscillator_mrna_total_half_life_min,9,10,0.6666666666666666,period_min,457.77777777777777,504.625,70.27083333333334,0.11060466946484786,True
0,oscillator_mrna_total_half_life_min,9,10,0.6666666666666666,period_generations,9.80952380952381,10.813392857142858,1.5058035714285722,0.11850500299805133,True
0,oscillator_mrna_total_half_life_min,9,10,0.6666666666666666,TetR_relative_amplitude,0.975269490265364,0.9745092152368718,-0.0011404125427382783,-0.0011487447908533758,True
0,oscillator_mrna_total_half_life_min,9,10,0.6666666666666666,TetR_free_peak,328.1510072248987,404.8335862932454,115.02386860252003,0.14732025677248975,True
0,oscillator_mrna_total_half_life_min,9,10,0.6666666666666666,TetR_free_trough,8.115341678605962,10.31952581308636,3.306276201720597,0.5838146507766235,True
0,oscillator_mrna_total_half_life_min,9,10,0.6666666666666666,CI_phase_lag_fraction_cycle,0.61875,0.5964825365370324,-0.033401195194451394,-0.05410732452883253,True
0,oscillator_mrna_total_half_life_min,9,10,0.6666666666666666,PLtetO1_duty_activity_gt_0p5,0.23861364141301933,0.12130637636080871,-0.17596089757831593,-0.5373134328358209,True
0,oscillator_mrna_total_half_life_min,9,10,0.6666666666666666,C31_flux_peak_uM_h,11.730908695046322,9.322943489048898,-3.6119478089961365,-0.5440278013126207,True
0,oscillator_mrna_total_half_life_min,9,10,0.6666666666666666,C31_flux_trough_uM_h,0.12374718364562641,0.12285375870179446,-0.0013401374157479204,-0.037259327000798044,True
0,oscillator_mrna_total_half_life_min,9,10,0.6666666666666666,C31_flux_trough_fraction_of_peak,0.010548814832893707,0.013177571959553696,0.003943135689989983,0.7278598576023274,True
0,oscillator_mrna_total_half_life_min,9,10,0.6666666666666666,C31_flux_residual_duty_above_0p5_uM_h,0.46789602310597644,0.4059097978227061,-0.09297933792490554,-0.21232876712328758,True
0,oscillator_mrna_total_half_life_min,9,10,0.6666666666666666,C31_flux_FWHM_h,2.3333333333333335,2.1166666666666667,-0.3250000000000002,-0.08944954128440372,True
0,oscillator_mrna_total_half_life_min,9,10,0.6666666666666666,C31_flux_dose_uM_per_cycle,27.018132985469933,19.91406645461496,-10.656099796282458,-0.46646438247968774,True
0,oscillator_mrna_total_half_life_min,9,10,0.6666666666666666,resource_min,1.0,1.0,0.0,0.0,True
0,sponge_accessible_fraction,10,11,0.6666666666666667,resolved_oscillation,1.0,1.0,0.0,0.0,True
0,sponge_accessible_fraction,10,11,0.6666666666666667,period_min,504.625,500.375,-6.374999999999999,-0.010034102833158445,True
0,sponge_accessible_fraction,10,11,0.6666666666666667,period_generations,10.813392857142858,10.72232142857143,-0.13660714285714268,-0.010750824464098321,True
0,sponge_accessible_fraction,10,11,0.6666666666666667,TetR_relative_amplitude,0.9745092152368718,0.9754343156487637,0.0013876506178377988,0.001397789272764489,True
0,sponge_accessible_fraction,10,11,0.6666666666666667,TetR_free_peak,404.8335862932454,407.92686012671396,4.639910750202858,0.005942704339769918,True
0,sponge_accessible_fraction,10,11,0.6666666666666667,TetR_free_trough,10.31952581308636,10.021002484263787,-0.4477849932338582,-0.07906884467540613,True
0,sponge_accessible_fraction,10,11,0.6666666666666667,CI_phase_lag_fraction_cycle,0.5964825365370324,0.5905570821883588,-0.008888181523010462,-0.014398159087929576,True
0,sponge_accessible_fraction,10,11,0.6666666666666667,PLtetO1_duty_activity_gt_0p5,0.12130637636080871,0.13974672295045545,0.027660519884470113,0.08446404341926728,True
0,sponge_accessible_fraction,10,11,0.6666666666666667,C31_flux_peak_uM_h,9.322943489048898,9.637363839785895,0.47163052610549533,0.07103649657119442,True
0,sponge_accessible_fraction,10,11,0.6666666666666667,C31_flux_trough_uM_h,0.12285375870179446,0.12282982800817362,-3.5896040431269975e-05,-0.0009980038559822824,True
0,sponge_accessible_fraction,10,11,0.6666666666666667,C31_flux_trough_fraction_of_peak,0.013177571959553696,0.012745168704858447,-0.0006486048820428732,-0.11972538968982306,True
0,sponge_accessible_fraction,10,11,0.6666666666666667,C31_flux_residual_duty_above_0p5_uM_h,0.4059097978227061,0.40857587202843815,0.00399911130859809,0.009132420091324204,True
0,sponge_accessible_fraction,10,11,0.6666666666666667,C31_flux_FWHM_h,2.1166666666666667,2.1666666666666665,0.07499999999999972,0.020642201834862307,True
0,sponge_accessible_fraction,10,11,0.6666666666666667,C31_flux_dose_uM_per_cycle,19.91406645461496,20.969211988557998,1.5827183009145551,0.06928254511401717,True
0,sponge_accessible_fraction,10,11,0.6666666666666667,resource_min,1.0,1.0,0.0,0.0,True
0,c31_translation_scale,11,12,-0.6666666666666666,resolved_oscillation,1.0,1.0,-0.0,-0.0,True
0,c31_translation_scale,11,12,-0.6666666666666666,period_min,500.375,500.375,-0.0,-0.0,True
0,c31_translation_scale,11,12,-0.6666666666666666,period_generations,10.72232142857143,10.72232142857143,-0.0,-0.0,True
0,c31_translation_scale,11,12,-0.6666666666666666,TetR_relative_amplitude,0.9754343156487637,0.9754343156478359,1.391720072518865e-12,1.4018884602876848e-12,True
0,c31_translation_scale,11,12,-0.6666666666666666,TetR_free_peak,407.92686012671396,407.9268597275063,5.988114537558431e-07,7.66945662647326e-10,True
0,c31_translation_scale,11,12,-0.6666666666666666,TetR_free_trough,10.021002484263787,10.021002474835432,1.4142532478444991e-08,2.497255872241904e-09,True
0,c31_translation_scale,11,12,-0.6666666666666666,CI_phase_lag_fraction_cycle,0.5905570821883588,0.5905570821883588,-0.0,-0.0,True
0,c31_translation_scale,11,12,-0.6666666666666666,PLtetO1_duty_activity_gt_0p5,0.13974672295045545,0.13974672295045545,-0.0,-0.0,True
0,c31_translation_scale,11,12,-0.6666666666666666,C31_flux_peak_uM_h,9.637363839785895,4.818681909840542,7.228022894918029,1.088677248759146,True
0,c31_translation_scale,11,12,-0.6666666666666666,C31_flux_trough_uM_h,0.12282982800817362,0.06141491400924202,0.0921223709983974,2.561242977611007,True
0,c31_translation_scale,11,12,-0.6666666666666666,C31_flux_trough_fraction_of_peak,0.012745168704858447,0.012745168732516386,-4.148690765926055e-11,-7.658030835177017e-09,True
0,c31_translation_scale,11,12,-0.6666666666666666,C31_flux_residual_duty_above_0p5_uM_h,0.40857587202843815,0.3736947345034437,0.052321706287491665,0.11948249619482496,True
0,c31_translation_scale,11,12,-0.6666666666666666,C31_flux_FWHM_h,2.1666666666666665,2.1666666666666665,-0.0,-0.0,True
0,c31_translation_scale,11,12,-0.6666666666666666,C31_flux_dose_uM_per_cycle,20.969211988557998,10.484605994277922,15.726908991420114,0.688436016107537,True
0,c31_translation_scale,11,12,-0.6666666666666666,resource_min,1.0,1.0,-0.0,-0.0,True
0,Td_min,12,13,0.6666666666666667,resolved_oscillation,1.0,1.0,0.0,0.0,True
0,Td_min,12,13,0.6666666666666667,period_min,500.375,592.2857142857143,137.86607142857147,0.2169980137910359,True
0,Td_min,12,13,0.6666666666666667,period_generations,10.72232142857143,9.871428571428572,-1.2763392857142868,-0.10044642857142866,True
0,Td_min,12,13,0.6666666666666667,TetR_relative_amplitude,0.9754343156478359,0.9613933212387717,-0.021061491613596214,-0.021215374149276815,True
0,Td_min,12,13,0.6666666666666667,TetR_free_peak,407.9268597275063,316.2737015809874,-137.47973721977837,-0.17608128151402166,True
0,Td_min,12,13,0.6666666666666667,TetR_free_trough,10.021002474835432,12.210277197561766,3.2839120840894993,0.5798656462990387,True
0,Td_min,12,13,0.6666666666666667,CI_phase_lag_fraction_cycle,0.5905570821883588,0.5791123974915581,-0.017167027045201063,-0.02780924149936531,True
0,Td_min,12,13,0.6666666666666667,PLtetO1_duty_activity_gt_0p5,0.13974672295045545,0.0,-0.20962008442568317,-0.6400949796472184,True
0,Td_min,12,13,0.6666666666666667,C31_flux_peak_uM_h,4.818681909840542,3.7483746299194896,-1.6054609198815788,-0.24181284462669464,True
0,Td_min,12,13,0.6666666666666667,C31_flux_trough_uM_h,0.06141491400924202,0.06197855726229631,0.0008454648795814429,0.02350613604682816,True
0,Td_min,12,13,0.6666666666666667,C31_flux_trough_fraction_of_peak,0.012745168732516386,0.016534781973921196,0.005684419862107214,1.0492819311008061,True
0,Td_min,12,13,0.6666666666666667,C31_flux_residual_duty_above_0p5_uM_h,0.3736947345034437,0.3308153743612531,-0.06431904021328592,-0.14687975646879756,True
0,Td_min,12,13,0.6666666666666667,C31_flux_FWHM_h,2.1666666666666665,2.3666666666666667,0.3000000000000002,0.0825688073394496,True
0,Td_min,12,13,0.6666666666666667,C31_flux_dose_uM_per_cycle,10.484605994277922,9.195349666384455,-1.9338844918402003,-0.08465463467111962,True
0,Td_min,12,13,0.6666666666666667,resource_min,1.0,1.0,0.0,0.0,True
0,c31_promoter_leak,13,14,-0.6666666666666666,resolved_oscillation,1.0,1.0,-0.0,-0.0,True
0,c31_promoter_leak,13,14,-0.6666666666666666,period_min,592.2857142857143,592.2857142857143,-0.0,-0.0,True
0,c31_promoter_leak,13,14,-0.6666666666666666,period_generations,9.871428571428572,9.871428571428572,-0.0,-0.0,True
0,c31_promoter_leak,13,14,-0.6666666666666666,TetR_relative_amplitude,0.9613933212387717,0.961393335231152,-2.098857038168589e-08,-2.1141920129647693e-08,True
0,c31_promoter_leak,13,14,-0.6666666666666666,TetR_free_peak,316.2737015809874,316.273773534348,-0.00010793004088327507,-1.3823462494845218e-07,True
0,c31_promoter_leak,13,14,-0.6666666666666666,TetR_free_trough,12.210277197561766,12.210275550019118,2.4713139721299626e-06,4.3637893980170563e-07,True
0,c31_promoter_leak,13,14,-0.6666666666666666,CI_phase_lag_fraction_cycle,0.5791123974915581,0.5791123974915581,-0.0,-0.0,True
0,c31_promoter_leak,13,14,-0.6666666666666666,PLtetO1_duty_activity_gt_0p5,0.0,0.0,-0.0,-0.0,True
0,c31_promoter_leak,13,14,-0.6666666666666666,C31_flux_peak_uM_h,3.7483746299194896,3.7194553956803547,0.04337885135870234,0.006533677222401712,True
0,c31_promoter_leak,13,14,-0.6666666666666666,C31_flux_trough_uM_h,0.06197855726229631,0.009409109466868217,0.07885417169314216,2.192352316983965,True
0,c31_promoter_leak,13,14,-0.6666666666666666,C31_flux_trough_fraction_of_peak,0.016534781973921196,0.0025297008475476347,0.02100762168956034,3.877777924392401,True
0,c31_promoter_leak,13,14,-0.6666666666666666,C31_flux_residual_duty_above_0p5_uM_h,0.3308153743612531,0.3250388802488336,0.008664741168629225,0.019786910197869174,True
0,c31_promoter_leak,13,14,-0.6666666666666666,C31_flux_FWHM_h,2.3666666666666667,2.3666666666666667,-0.0,-0.0,True
0,c31_promoter_leak,13,14,-0.6666666666666666,C31_flux_dose_uM_per_cycle,9.195349666384455,8.730852423762794,0.6967458639324917,0.0304996326402583,True
0,c31_promoter_leak,13,14,-0.6666666666666666,resource_min,1.0,1.0,-0.0,-0.0,True
0,oscillator_tx_scale,14,15,-0.6666666666666666,resolved_oscillation,1.0,1.0,-0.0,-0.0,True
0,oscillator_tx_scale,14,15,-0.6666666666666666,period_min,592.2857142857143,647.3333333333334,-82.57142857142856,-0.1299655224104332,True
0,oscillator_tx_scale,14,15,-0.6666666666666666,period_generations,9.871428571428572,10.78888888888889,-1.3761904761904766,-0.10830460200869438,True
0,oscillator_tx_scale,14,15,-0.6666666666666666,TetR_relative_amplitude,0.961393335231152,0.9818287077705654,-0.030653058809120115,-0.030877020649167045,True
0,oscillator_tx_scale,14,15,-0.6666666666666666,TetR_free_peak,316.273773534348,446.18132646911937,-194.86132940215708,-0.24957447033672067,True
0,oscillator_tx_scale,14,15,-0.6666666666666666,TetR_free_trough,12.210275550019118,8.107691270587127,6.153876419147986,1.0866373507142915,True
0,oscillator_tx_scale,14,15,-0.6666666666666666,CI_phase_lag_fraction_cycle,0.5791123974915581,0.6101956745623068,-0.04662491560612314,-0.0755287176145425,True
0,oscillator_tx_scale,14,15,-0.6666666666666666,PLtetO1_duty_activity_gt_0p5,0.0,0.22283936902910464,-0.334259053543657,-1.0206919945725916,True
0,oscillator_tx_scale,14,15,-0.6666666666666666,C31_flux_peak_uM_h,3.7194553956803547,5.857304532651009,-3.2067737054559813,-0.48300090160250964,True
0,oscillator_tx_scale,14,15,-0.6666666666666666,C31_flux_trough_uM_h,0.009409109466868217,0.008716998074014673,0.0010381670892803153,0.028863761735489022,True
0,oscillator_tx_scale,14,15,-0.6666666666666666,C31_flux_trough_fraction_of_peak,0.0025297008475476347,0.0014882268841277697,0.0015622109451297974,0.2883671081757423,True
0,oscillator_tx_scale,14,15,-0.6666666666666666,C31_flux_residual_duty_above_0p5_uM_h,0.3250388802488336,0.4081315263274828,-0.12463896911797379,-0.28462709284627097,True
0,oscillator_tx_scale,14,15,-0.6666666666666666,C31_flux_FWHM_h,2.3666666666666667,3.183333333333333,-1.2249999999999996,-0.3371559633027522,True
0,oscillator_tx_scale,14,15,-0.6666666666666666,C31_flux_dose_uM_per_cycle,8.730852423762794,17.87735185884024,-13.719749152616167,-0.6005737970363207,True
0,oscillator_tx_scale,14,15,-0.6666666666666666,resource_min,1.0,1.0,-0.0,-0.0,True
1,Td_min,16,17,-0.6666666666666666,resolved_oscillation,0.0,0.0,-0.0,-0.0,True
1,Td_min,16,17,-0.6666666666666666,period_min,,,,,False
1,Td_min,16,17,-0.6666666666666666,period_generations,,,,,False
1,Td_min,16,17,-0.6666666666666666,TetR_relative_amplitude,,,,,False
1,Td_min,16,17,-0.6666666666666666,TetR_free_peak,14.30772185165675,16.33678728040916,-3.043598143128613,-0.0038981792684040957,True
1,Td_min,16,17,-0.6666666666666666,TetR_free_trough,14.307495444903175,16.336689988291017,-3.0437918150817627,-0.5374657612192055,True
1,Td_min,16,17,-0.6666666666666666,CI_phase_lag_fraction_cycle,,,,,False
1,Td_min,16,17,-0.6666666666666666,PLtetO1_duty_activity_gt_0p5,0.0,0.0,-0.0,-0.0,True
1,Td_min,16,17,-0.6666666666666666,C31_flux_peak_uM_h,0.3007521192466431,0.2468138111790307,0.08090746210141857,0.012186197321896578,True
1,Td_min,16,17,-0.6666666666666666,C31_flux_trough_uM_h,0.3007452244036668,0.24681156452869968,0.08090048981245068,2.249245315462351,True
1,Td_min,16,17,-0.6666666666666666,C31_flux_trough_fraction_of_peak,0.9999770746653638,0.999990897388115,-2.0734084126783348e-05,-0.0038272858725978925,True
1,Td_min,16,17,-0.6666666666666666,C31_flux_residual_duty_above_0p5_uM_h,0.0,0.0,-0.0,-0.0,True
1,Td_min,16,17,-0.6666666666666666,C31_flux_FWHM_h,,2.3833333333333333,,,False
1,Td_min,16,17,-0.6666666666666666,C31_flux_dose_uM_per_cycle,,,,,False
1,Td_min,16,17,-0.6666666666666666,resource_min,0.9805861558646698,0.984067926528069,-0.005222655995098746,-0.005222655995098746,True
1,hill_n,17,18,0.6666666666666666,resolved_oscillation,0.0,0.0,0.0,0.0,True
1,hill_n,17,18,0.6666666666666666,period_min,,,,,False
1,hill_n,17,18,0.6666666666666666,period_generations,,,,,False
1,hill_n,17,18,0.6666666666666666,TetR_relative_amplitude,,,,,False
1,hill_n,17,18,0.6666666666666666,TetR_free_peak,16.33678728040916,7.421302817281961,-13.373226694690795,-0.01712815969828543,True
1,hill_n,17,18,0.6666666666666666,TetR_free_trough,16.336689988291017,7.421302807269023,-13.373080771532992,-2.361387858756965,True
1,hill_n,17,18,0.6666666666666666,CI_phase_lag_fraction_cycle,,,,,False
1,hill_n,17,18,0.6666666666666666,PLtetO1_duty_activity_gt_0p5,0.0,1.0,1.5,4.580393487109904,True
1,hill_n,17,18,0.6666666666666666,C31_flux_peak_uM_h,0.2468138111790307,0.6801653626565426,0.6500273272162679,0.09790643617214126,True
1,hill_n,17,18,0.6666666666666666,C31_flux_trough_uM_h,0.24681156452869968,0.6801653613538453,0.6500306952377185,18.07255431406743,True
1,hill_n,17,18,0.6666666666666666,C31_flux_trough_fraction_of_peak,0.999990897388115,0.9999999980847345,1.3651044929285927e-05,0.0025198340608913383,True
1,hill_n,17,18,0.6666666666666666,C31_flux_residual_duty_above_0p5_uM_h,0.0,1.0,1.5,3.4254185692541856,True
1,hill_n,17,18,0.6666666666666666,C31_flux_FWHM_h,2.3833333333333333,,,,False
1,hill_n,17,18,0.6666666666666666,C31_flux_dose_uM_per_cycle,,,,,False
1,hill_n,17,18,0.6666666666666666,resource_min,0.984067926528069,0.9560946590503142,-0.04195990121663212,-0.04195990121663212,True
1,oscillator_plasmid_copies,18,19,-0.6666666666666666,resolved_oscillation,0.0,0.0,-0.0,-0.0,True
1,oscillator_plasmid_copies,18,19,-0.6666666666666666,period_min,,,,,False
1,oscillator_plasmid_copies,18,19,-0.6666666666666666,period_generations,,,,,False
1,oscillator_plasmid_copies,18,19,-0.6666666666666666,TetR_relative_amplitude,,,,,False
1,oscillator_plasmid_copies,18,19,-0.6666666666666666,TetR_free_peak,7.421302817281961,11.954520077639108,-6.799825890535721,-0.008709080196768823,True
1,oscillator_plasmid_copies,18,19,-0.6666666666666666,TetR_free_trough,7.421302807269023,11.954519333991342,-6.79982479008348,-1.2006974290589811,True
1,oscillator_plasmid_copies,18,19,-0.6666666666666666,CI_phase_lag_fraction_cycle,,,,,False
1,oscillator_plasmid_copies,18,19,-0.6666666666666666,PLtetO1_duty_activity_gt_0p5,1.0,0.0,1.5,4.580393487109904,True
1,oscillator_plasmid_copies,18,19,-0.6666666666666666,C31_flux_peak_uM_h,0.6801653626565426,0.18377097339217147,0.7445915838965568,0.11214960561008451,True
1,oscillator_plasmid_copies,18,19,-0.6666666666666666,C31_flux_trough_uM_h,0.6801653613538453,0.18377094727594667,0.744591621116848,20.701595498521186,True
1,oscillator_plasmid_copies,18,19,-0.6666666666666666,C31_flux_trough_fraction_of_peak,0.9999999980847345,0.9999998578871063,2.1029644226011612e-07,3.881843044516509e-05,True
1,oscillator_plasmid_copies,18,19,-0.6666666666666666,C31_flux_residual_duty_above_0p5_uM_h,1.0,0.0,1.5,3.4254185692541856,True
1,oscillator_plasmid_copies,18,19,-0.6666666666666666,C31_flux_FWHM_h,,,,,False
1,oscillator_plasmid_copies,18,19,-0.6666666666666666,C31_flux_dose_uM_per_cycle,,,,,False
1,oscillator_plasmid_copies,18,19,-0.6666666666666666,resource_min,0.9560946590503142,0.9881374035103383,-0.04806411669003613,-0.04806411669003613,True
1,sponge_plasmid_copies,19,20,-0.6666666666666666,resolved_oscillation,0.0,1.0,-1.5,-1.5,True
1,sponge_plasmid_copies,19,20,-0.6666666666666666,period_min,,236.0,,,False
1,sponge_plasmid_copies,19,20,-0.6666666666666666,period_generations,,5.9,,,False
1,sponge_plasmid_copies,19,20,-0.6666666666666666,TetR_relative_amplitude,,0.44782122564870075,,,False
1,sponge_plasmid_copies,19,20,-0.6666666666666666,TetR_free_peak,11.954520077639108,26.10916864901469,-21.231972857063376,-0.027193483675096816,True
1,sponge_plasmid_copies,19,20,-0.6666666666666666,TetR_free_trough,11.954519333991342,14.4169287439443,-3.693614114929437,-0.6522098890252865,True
1,sponge_plasmid_copies,19,20,-0.6666666666666666,CI_phase_lag_fraction_cycle,,0.6197033898305085,,,False
1,sponge_plasmid_copies,19,20,-0.6666666666666666,PLtetO1_duty_activity_gt_0p5,0.0,0.0,-0.0,-0.0,True
1,sponge_plasmid_copies,19,20,-0.6666666666666666,C31_flux_peak_uM_h,0.18377097339217147,0.11197794527098952,0.10768954218177293,0.016220086212650843,True
1,sponge_plasmid_copies,19,20,-0.6666666666666666,C31_flux_trough_uM_h,0.18377094727594667,0.022675370936071627,0.24164336450981255,6.718317860575048,True
1,sponge_plasmid_copies,19,20,-0.6666666666666666,C31_flux_trough_fraction_of_peak,0.9999998578871063,0.20249854452317947,1.1962519700458902,220.81507131100457,True
1,sponge_plasmid_copies,19,20,-0.6666666666666666,C31_flux_residual_duty_above_0p5_uM_h,0.0,0.0,-0.0,-0.0,True
1,sponge_plasmid_copies,19,20,-0.6666666666666666,C31_flux_FWHM_h,,1.6666666666666667,,,False
1,sponge_plasmid_copies,19,20,-0.6666666666666666,C31_flux_dose_uM_per_cycle,,0.22363622649704665,,,False
1,sponge_plasmid_copies,19,20,-0.6666666666666666,resource_min,0.9881374035103383,0.9927717138568102,-0.006951465519707822,-0.006951465519707822,True
1,c31_translation_scale,20,21,0.6666666666666666,resolved_oscillation,1.0,1.0,0.0,0.0,True
1,c31_translation_scale,20,21,0.6666666666666666,period_min,236.0,236.83333333333334,1.2500000000000142,0.0019674711437565806,True
1,c31_translation_scale,20,21,0.6666666666666666,period_generations,5.9,5.920833333333333,0.031249999999999556,0.0024593389296956626,True
1,c31_translation_scale,20,21,0.6666666666666666,TetR_relative_amplitude,0.44782122564870075,0.48431405167877783,0.05473923904511563,0.05513918284112157,True
1,c31_translation_scale,20,21,0.6666666666666666,TetR_free_peak,26.10916864901469,27.126816029556526,1.526471070812752,0.0019550734368447872,True
1,c31_translation_scale,20,21,0.6666666666666666,TetR_free_trough,14.4169287439443,13.988917849137188,-0.6420163422106686,-0.11336576975194931,True
1,c31_translation_scale,20,21,0.6666666666666666,CI_phase_lag_fraction_cycle,0.6197033898305085,0.6164672765657987,-0.004854169897064775,-0.007863375678909962,True
1,c31_translation_scale,20,21,0.6666666666666666,PLtetO1_duty_activity_gt_0p5,0.0,0.0,0.0,0.0,True
1,c31_translation_scale,20,21,0.6666666666666666,C31_flux_peak_uM_h,0.11197794527098952,0.35903302264260917,0.3705826160574295,0.05581676604414583,True
1,c31_translation_scale,20,21,0.6666666666666666,C31_flux_trough_uM_h,0.022675370936071627,0.06257212269867529,0.0598451276439055,1.6638511499541602,True
1,c31_translation_scale,20,21,0.6666666666666666,C31_flux_trough_fraction_of_peak,0.20249854452317947,0.17427957528285976,-0.04232845386047958,-7.813371088808161,True
1,c31_translation_scale,20,21,0.6666666666666666,C31_flux_residual_duty_above_0p5_uM_h,0.0,0.0,0.0,0.0,True
1,c31_translation_scale,20,21,0.6666666666666666,C31_flux_FWHM_h,1.6666666666666667,1.5833333333333333,-0.12500000000000022,-0.03440366972477071,True
1,c31_translation_scale,20,21,0.6666666666666666,C31_flux_dose_uM_per_cycle,0.22363622649704665,0.693145848184452,0.7042644325311082,0.03082875347485374,True
1,c31_translation_scale,20,21,0.6666666666666666,resource_min,0.9927717138568102,0.9768240664156256,-0.023921471161776897,-0.023921471161776897,True
1,c31_mrna_total_half_life_min,21,22,0.6666666666666667,resolved_oscillation,1.0,1.0,0.0,0.0,True
1,c31_mrna_total_half_life_min,21,22,0.6666666666666667,period_min,236.83333333333334,247.23529411764707,15.602941176470592,0.024558669217949514,True
1,c31_mrna_total_half_life_min,21,22,0.6666666666666667,period_generations,5.920833333333333,6.180882352941177,0.3900735294117656,0.030698336522436954,True
1,c31_mrna_total_half_life_min,21,22,0.6666666666666667,TetR_relative_amplitude,0.48431405167877783,0.6774475749443752,0.28970028489839605,0.291816935287905,True
1,c31_mrna_total_half_life_min,21,22,0.6666666666666667,TetR_free_peak,27.126816029556526,36.48583673245348,14.038531054345427,0.017980268137055416,True
1,c31_mrna_total_half_life_min,21,22,0.6666666666666667,TetR_free_trough,13.988917849137188,11.76859511823646,-3.3304840963510913,-0.5880892251580332,True
1,c31_mrna_total_half_life_min,21,22,0.6666666666666667,CI_phase_lag_fraction_cycle,0.6164672765657987,0.6208660480609088,0.006598157242665214,0.010688498813972375,True
1,c31_mrna_total_half_life_min,21,22,0.6666666666666667,PLtetO1_duty_activity_gt_0p5,0.0,0.0,0.0,0.0,True
1,c31_mrna_total_half_life_min,21,22,0.6666666666666667,C31_flux_peak_uM_h,0.35903302264260917,2.2652328230849026,2.8592997006634397,0.43066473041815473,True
1,c31_mrna_total_half_life_min,21,22,0.6666666666666667,C31_flux_trough_uM_h,0.06257212269867529,0.165788155093291,0.15482404859192356,4.304513691123602,True
1,c31_mrna_total_half_life_min,21,22,0.6666666666666667,C31_flux_trough_fraction_of_peak,0.17427957528285976,0.07318813033422002,-0.1516371674229596,-27.99056785387369,True
1,c31_mrna_total_half_life_min,21,22,0.6666666666666667,C31_flux_residual_duty_above_0p5_uM_h,0.0,0.5512108420351033,0.8268162630526549,1.8881278538812785,True
1,c31_mrna_total_half_life_min,21,22,0.6666666666666667,C31_flux_FWHM_h,1.5833333333333333,1.525,-0.08750000000000001,-0.02408256880733945,True
1,c31_mrna_total_half_life_min,21,22,0.6666666666666667,C31_flux_dose_uM_per_cycle,0.693145848184452,3.9034130041409174,4.815400733934697,0.21079128130263092,True
1,c31_mrna_total_half_life_min,21,22,0.6666666666666667,resource_min,0.9768240664156256,0.853777000581867,-0.18457059875063783,-0.18457059875063783,True
1,oscillator_promoter_leak,22,23,-0.6666666666666666,resolved_oscillation,1.0,1.0,-0.0,-0.0,True
1,oscillator_promoter_leak,22,23,-0.6666666666666666,period_min,247.23529411764707,454.6666666666667,-311.14705882352945,-0.4897382877600148,True
1,oscillator_promoter_leak,22,23,-0.6666666666666666,period_generations,6.180882352941177,11.366666666666667,-7.778676470588235,-0.6121728597000184,True
1,oscillator_promoter_leak,22,23,-0.6666666666666666,TetR_relative_amplitude,0.6774475749443752,0.9871622773008301,-0.4645720535346822,-0.4679663774940599,True
1,oscillator_promoter_leak,22,23,-0.6666666666666666,TetR_free_peak,36.48583673245348,358.92722354200924,-483.6620802143336,-0.619464661673978,True
1,oscillator_promoter_leak,22,23,-0.6666666666666666,TetR_free_trough,11.76859511823646,4.607808165015269,10.741180429831786,1.896652946994438,True
1,oscillator_promoter_leak,22,23,-0.6666666666666666,CI_phase_lag_fraction_cycle,0.6208660480609088,0.6400293255131965,-0.028744916178431446,-0.04656451660385036,True
1,oscillator_promoter_leak,22,23,-0.6666666666666666,PLtetO1_duty_activity_gt_0p5,0.0,0.3099311264163519,-0.46489668962452785,-1.4196065128900948,True
1,oscillator_promoter_leak,22,23,-0.6666666666666666,C31_flux_peak_uM_h,2.2652328230849026,6.237664939002285,-5.958648173876075,-0.8974853558945018,True
1,oscillator_promoter_leak,22,23,-0.6666666666666666,C31_flux_trough_uM_h,0.165788155093291,0.08888521577635733,0.11535440897540052,3.2071544264731573,True
1,oscillator_promoter_leak,22,23,-0.6666666666666666,C31_flux_trough_fraction_of_peak,0.07318813033422002,0.014249757985650079,0.08840755852285491,16.319071423478725,True
1,oscillator_promoter_leak,22,23,-0.6666666666666666,C31_flux_residual_duty_above_0p5_uM_h,0.5512108420351033,0.47189513441457454,0.11897356143079313,0.27168949771689493,True
1,oscillator_promoter_leak,22,23,-0.6666666666666666,C31_flux_FWHM_h,1.525,2.8333333333333335,-1.9625000000000004,-0.5401376146788992,True
1,oscillator_promoter_leak,22,23,-0.6666666666666666,C31_flux_dose_uM_per_cycle,3.9034130041409174,17.02794511966304,-19.686798173283186,-0.8617777919184354,True
1,oscillator_promoter_leak,22,23,-0.6666666666666666,resource_min,0.853777000581867,0.5973526131834379,0.38463658109764365,0.38463658109764365,True
1,K_copies,23,24,0.6666666666666666,resolved_oscillation,1.0,1.0,0.0,0.0,True
1,K_copies,23,24,0.6666666666666666,period_min,454.6666666666667,423.4,-46.90000000000006,-0.07381951731374616,True
1,K_copies,23,24,0.6666666666666666,period_generations,11.366666666666667,10.584999999999999,-1.172500000000002,-0.09227439664218275,True
1,K_copies,23,24,0.6666666666666666,TetR_relative_amplitude,0.9871622773008301,0.979849844203407,-0.010968649646134532,-0.011048790390745881,True
1,K_copies,23,24,0.6666666666666666,TetR_free_peak,358.92722354200924,398.2579910343132,58.99615123845592,0.07556108357885252,True
1,K_copies,23,24,0.6666666666666666,TetR_free_trough,4.607808165015269,8.02496056657955,5.12572860234642,0.9050893728713082,True
1,K_copies,23,24,0.6666666666666666,CI_phase_lag_fraction_cycle,0.6400293255131965,0.6577704298535664,0.02661165651055486,0.04310880274444804,True
1,K_copies,23,24,0.6666666666666666,PLtetO1_duty_activity_gt_0p5,0.3099311264163519,0.3188180404354588,0.01333037102866036,0.04070556309362298,True
1,K_copies,23,24,0.6666666666666666,C31_flux_peak_uM_h,6.237664939002285,6.31773680637221,0.12010780105488683,0.01809051137606115,True
1,K_copies,23,24,0.6666666666666666,C31_flux_trough_uM_h,0.08888521577635733,0.08905146941356996,0.00024938045581895246,0.006933429245224653,True
1,K_copies,23,24,0.6666666666666666,C31_flux_trough_fraction_of_peak,0.014249757985650079,0.014095469966990501,-0.00023143202798936707,-0.04271982913613264,True
1,K_copies,23,24,0.6666666666666666,C31_flux_residual_duty_above_0p5_uM_h,0.47189513441457454,0.4934459009109087,0.03232614974450121,0.07382039573820393,True
1,K_copies,23,24,0.6666666666666666,C31_flux_FWHM_h,2.8333333333333335,2.7416666666666667,-0.13750000000000018,-0.03784403669724776,True
1,K_copies,23,24,0.6666666666666666,C31_flux_dose_uM_per_cycle,17.02794511966304,16.76625665878496,-0.3925326913171201,-0.01718288332117614,True
1,K_copies,23,24,0.6666666666666666,resource_min,0.5973526131834379,0.5921838956474204,-0.0077530763040263295,-0.0077530763040263295,True
1,c31_promoter_leak,24,25,-0.6666666666666666,resolved_oscillation,1.0,1.0,-0.0,-0.0,True
1,c31_promoter_leak,24,25,-0.6666666666666666,period_min,423.4,423.7,-0.45000000000001705,-0.0007082896117523878,True
1,c31_promoter_leak,24,25,-0.6666666666666666,period_generations,10.584999999999999,10.5925,-0.011250000000000426,-0.0008853620146904847,True
1,c31_promoter_leak,24,25,-0.6666666666666666,TetR_relative_amplitude,0.979849844203407,0.9799648262746635,-0.0001724731068847296,-0.00017373325500296641,True
1,c31_promoter_leak,24,25,-0.6666666666666666,TetR_free_peak,398.2579910343132,400.13311730977887,-2.8126894131985125,-0.0036024360126989344,True
1,c31_promoter_leak,24,25,-0.6666666666666666,TetR_free_trough,8.02496056657955,8.016736518561881,0.012336072026502443,0.0021782752385780305,True
1,c31_promoter_leak,24,25,-0.6666666666666666,CI_phase_lag_fraction_cycle,0.6577704298535664,0.6584847769648337,-0.0010715206669009159,-0.001735779696679539,True
1,c31_promoter_leak,24,25,-0.6666666666666666,PLtetO1_duty_activity_gt_0p5,0.3188180404354588,0.31659631193068205,0.0033325927571651315,0.010176390773405873,True
1,c31_promoter_leak,24,25,-0.6666666666666666,C31_flux_peak_uM_h,6.31773680637221,6.315999746950863,0.0026055891320209135,0.0003924511099210387,True
1,c31_promoter_leak,24,25,-0.6666666666666666,C31_flux_trough_uM_h,0.08905146941356996,0.01232284258993218,0.11509294023545669,3.199884911296897,True
1,c31_promoter_leak,24,25,-0.6666666666666666,C31_flux_trough_fraction_of_peak,0.014095469966990501,0.00195105178651744,0.018216627270709593,3.362590784008004,True
1,c31_promoter_leak,24,25,-0.6666666666666666,C31_flux_residual_duty_above_0p5_uM_h,0.4934459009109087,0.4867807153965785,0.009997778271495228,0.022831050228310515,True
1,c31_promoter_leak,24,25,-0.6666666666666666,C31_flux_FWHM_h,2.7416666666666667,2.75,-0.012499999999999956,-0.003440366972477052,True
1,c31_promoter_leak,24,25,-0.6666666666666666,C31_flux_dose_uM_per_cycle,16.76625665878496,16.448245684436383,0.4770164615228669,0.020881109731586432,True
1,c31_promoter_leak,24,25,-0.6666666666666666,resource_min,0.5921838956474204,0.5922960245359693,-0.00016819333282341864,-0.00016819333282341864,True
1,c31_tx_scale,25,26,0.6666666666666667,resolved_oscillation,1.0,1.0,0.0,0.0,True
1,c31_tx_scale,25,26,0.6666666666666667,period_min,423.7,411.9,-17.700000000000014,-0.027859391395592886,True
1,c31_tx_scale,25,26,0.6666666666666667,period_generations,10.5925,10.2975,-0.44249999999999984,-0.034824239244491066,True
1,c31_tx_scale,25,26,0.6666666666666667,TetR_relative_amplitude,0.9799648262746635,0.9797318096365778,-0.0003495249571285885,-0.000352078707246262,True
1,c31_tx_scale,25,26,0.6666666666666667,TetR_free_peak,400.13311730977887,382.38328822566336,-26.624743626173252,-0.03410043598049892,True
1,c31_tx_scale,25,26,0.6666666666666667,TetR_free_trough,8.016736518561881,7.75021727754911,-0.3997788615191568,-0.070592032300333,True
1,c31_tx_scale,25,26,0.6666666666666667,CI_phase_lag_fraction_cycle,0.6584847769648337,0.6763777615926196,0.026839476941678982,0.043477854029270895,True
1,c31_tx_scale,25,26,0.6666666666666667,PLtetO1_duty_activity_gt_0p5,0.31659631193068205,0.35303265940902023,0.05465452121750727,0.1668928086838536,True
1,c31_tx_scale,25,26,0.6666666666666667,C31_flux_peak_uM_h,6.315999746950863,8.621739333566788,3.458609379923888,0.5209321274999663,True
1,c31_tx_scale,25,26,0.6666666666666667,C31_flux_trough_uM_h,0.01232284258993218,0.022231686446217164,0.014863265784427475,0.41323768268397126,True
1,c31_tx_scale,25,26,0.6666666666666667,C31_flux_trough_fraction_of_peak,0.00195105178651744,0.0025785616551480665,0.0009412648029459396,0.17374722030934087,True
1,c31_tx_scale,25,26,0.6666666666666667,C31_flux_residual_duty_above_0p5_uM_h,0.4867807153965785,0.5523217062874917,0.0983114863363697,0.2245053272450533,True
1,c31_tx_scale,25,26,0.6666666666666667,C31_flux_FWHM_h,2.75,2.933333333333333,0.27499999999999963,0.0756880733944953,True
1,c31_tx_scale,25,26,0.6666666666666667,C31_flux_dose_uM_per_cycle,16.448245684436383,24.01166028920178,11.345121907148096,0.4966259124582187,True
1,c31_tx_scale,25,26,0.6666666666666667,resource_min,0.5922960245359693,0.4434582738216933,-0.223256626071414,-0.223256626071414,True
1,sponge_accessible_fraction,26,27,0.6666666666666667,resolved_oscillation,1.0,1.0,0.0,0.0,True
1,sponge_accessible_fraction,26,27,0.6666666666666667,period_min,411.9,402.3636363636364,-14.304545454545403,-0.022515024325097697,True
1,sponge_accessible_fraction,26,27,0.6666666666666667,period_generations,10.2975,10.059090909090909,-0.35761363636363613,-0.028143780406372203,True
1,sponge_accessible_fraction,26,27,0.6666666666666667,TetR_relative_amplitude,0.9797318096365778,0.9786512371759953,-0.0016208586908736942,-0.001632701244568731,True
1,sponge_accessible_fraction,26,27,0.6666666666666667,TetR_free_peak,382.38328822566336,373.90986754254874,-12.710131024671936,-0.016278880104764925,True
1,sponge_accessible_fraction,26,27,0.6666666666666667,TetR_free_trough,7.75021727754911,7.982513079720908,0.34844370325769697,0.06152738807085807,True
1,sponge_accessible_fraction,26,27,0.6666666666666667,CI_phase_lag_fraction_cycle,0.6763777615926196,0.6679281518300948,-0.012674414643787267,-0.02053156069272355,True
1,sponge_accessible_fraction,26,27,0.6666666666666667,PLtetO1_duty_activity_gt_0p5,0.35303265940902023,0.35036658520328817,-0.00399911130859809,-0.01221166892808684,True
1,sponge_accessible_fraction,26,27,0.6666666666666667,C31_flux_peak_uM_h,8.621739333566788,8.579368710685312,-0.06355593432221428,-0.009572728355477893,True
1,sponge_accessible_fraction,26,27,0.6666666666666667,C31_flux_trough_uM_h,0.022231686446217164,0.022265246598146566,5.03402278941023e-05,0.0013995900646906951,True
1,sponge_accessible_fraction,26,27,0.6666666666666667,C31_flux_trough_fraction_of_peak,0.0025785616551480665,0.0025952080332456114,2.496956714631744e-05,0.00460910985986296,True
1,sponge_accessible_fraction,26,27,0.6666666666666667,C31_flux_residual_duty_above_0p5_uM_h,0.5523217062874917,0.5487669406798489,-0.005332148411464176,-0.012176560121765732,True
1,sponge_accessible_fraction,26,27,0.6666666666666667,C31_flux_FWHM_h,2.933333333333333,2.933333333333333,0.0,0.0,True
1,sponge_accessible_fraction,26,27,0.6666666666666667,C31_flux_dose_uM_per_cycle,24.01166028920178,23.82653616638118,-0.2776861842308999,-0.012155546299932015,True
1,sponge_accessible_fraction,26,27,0.6666666666666667,resource_min,0.4434582738216933,0.44619333906611547,0.004102597866633278,0.004102597866633278,True
1,peak_load_fraction,27,28,-0.6666666666666666,resolved_oscillation,1.0,1.0,-0.0,-0.0,True
1,peak_load_fraction,27,28,-0.6666666666666666,period_min,402.3636363636364,423.4,-31.554545454545405,-0.0496661261089382,True
1,peak_load_fraction,27,28,-0.6666666666666666,period_generations,10.059090909090909,10.584999999999999,-0.7888636363636357,-0.062082657636172794,True
1,peak_load_fraction,27,28,-0.6666666666666666,TetR_relative_amplitude,0.9786512371759953,0.9790109426917647,-0.0005395582736540394,-0.000543500472849643,True
1,peak_load_fraction,27,28,-0.6666666666666666,TetR_free_peak,373.90986754254874,402.4529473352505,-42.81461968905262,-0.0548361035221653,True
1,peak_load_fraction,27,28,-0.6666666666666666,TetR_free_trough,7.982513079720908,8.447107975487768,-0.6968923436502896,-0.12305564792964585,True
1,peak_load_fraction,27,28,-0.6666666666666666,CI_phase_lag_fraction_cycle,0.6679281518300948,0.6341521020311762,0.05066407469837786,0.08207183951649515,True
1,peak_load_fraction,27,28,-0.6666666666666666,PLtetO1_duty_activity_gt_0p5,0.35036658520328817,0.3065985336591868,0.06565207731615202,0.20047489823609244,True
1,peak_load_fraction,27,28,-0.6666666666666666,C31_flux_peak_uM_h,8.579368710685312,14.282391495923525,-8.55453417785732,-1.288474990818552,True
1,peak_load_fraction,27,28,-0.6666666666666666,C31_flux_trough_uM_h,0.022265246598146566,0.022181646140201468,0.00012540068691764723,0.003486467242153459,True
1,peak_load_fraction,27,28,-0.6666666666666666,C31_flux_trough_fraction_of_peak,0.0025952080332456114,0.0015530764680783708,0.001563197347750861,0.2885491873451527,True
1,peak_load_fraction,27,28,-0.6666666666666666,C31_flux_residual_duty_above_0p5_uM_h,0.5487669406798489,0.5001110864252388,0.07298378138191508,0.16666666666666657,True
1,peak_load_fraction,27,28,-0.6666666666666666,C31_flux_FWHM_h,2.933333333333333,2.5833333333333335,0.5249999999999995,0.14449541284403655,True
1,peak_load_fraction,27,28,-0.6666666666666666,C31_flux_dose_uM_per_cycle,23.82653616638118,34.92481602242702,-16.647419784068752,-0.7287308244020814,True
1,peak_load_fraction,27,28,-0.6666666666666666,resource_min,0.44619333906611547,0.760977903400952,-0.4721768465022547,-0.4721768465022547,True
1,oscillator_translation_scale,28,29,-0.6666666666666666,resolved_oscillation,1.0,1.0,-0.0,-0.0,True
1,oscillator_translation_scale,28,29,-0.6666666666666666,period_min,423.4,344.3333333333333,118.6,0.18667366211962222,True
1,oscillator_translation_scale,28,29,-0.6666666666666666,period_generations,10.584999999999999,8.608333333333333,2.965,0.2333420776495278,True
1,oscillator_translation_scale,28,29,-0.6666666666666666,TetR_relative_amplitude,0.9790109426917647,0.9505782702810849,0.042649008616019723,0.0429606170106436,True
1,oscillator_translation_scale,28,29,-0.6666666666666666,TetR_free_peak,402.4529473352505,190.60723440045038,317.76856940220017,0.4069915905917742,True
1,oscillator_translation_scale,28,29,-0.6666666666666666,TetR_free_trough,8.447107975487768,9.420139221008956,-1.459546868281782,-0.25772343059379155,True
1,oscillator_translation_scale,28,29,-0.6666666666666666,CI_phase_lag_fraction_cycle,0.6341521020311762,0.6214908034849952,0.01899194781927155,0.03076547046025121,True
1,oscillator_translation_scale,28,29,-0.6666666666666666,PLtetO1_duty_activity_gt_0p5,0.3065985336591868,0.3328149300155521,-0.03932459453454795,-0.12008141112618746,True
1,oscillator_translation_scale,28,29,-0.6666666666666666,C31_flux_peak_uM_h,14.282391495923525,13.640151870990863,0.9633594373989931,0.1451001908988265,True
1,oscillator_translation_scale,28,29,-0.6666666666666666,C31_flux_trough_uM_h,0.022181646140201468,0.026216116337679642,-0.006051705296217262,-0.16825324320818275,True
1,oscillator_translation_scale,28,29,-0.6666666666666666,C31_flux_trough_fraction_of_peak,0.0015530764680783708,0.0019219812642581099,-0.0005533571942696086,-0.10214370498249933,True
1,oscillator_translation_scale,28,29,-0.6666666666666666,C31_flux_residual_duty_above_0p5_uM_h,0.5001110864252388,0.5896467451677405,-0.13430348811375253,-0.30669710806697115,True
1,oscillator_translation_scale,28,29,-0.6666666666666666,C31_flux_FWHM_h,2.5833333333333335,2.283333333333333,0.4500000000000004,0.12385321100917443,True
1,oscillator_translation_scale,28,29,-0.6666666666666666,C31_flux_dose_uM_per_cycle,34.92481602242702,29.763433495098653,7.742073790992546,0.3389046404470991,True
1,oscillator_translation_scale,28,29,-0.6666666666666666,resource_min,0.760977903400952,0.7717260656897541,-0.01612224343320323,-0.01612224343320323,True
1,oscillator_tx_scale,29,30,-0.6666666666666666,resolved_oscillation,1.0,1.0,-0.0,-0.0,True
1,oscillator_tx_scale,29,30,-0.6666666666666666,period_min,344.3333333333333,252.64705882352942,137.52941176470586,0.216468119251898,True
1,oscillator_tx_scale,29,30,-0.6666666666666666,period_generations,8.608333333333333,6.3161764705882355,3.4382352941176455,0.2705851490648724,True
1,oscillator_tx_scale,29,30,-0.6666666666666666,TetR_relative_amplitude,0.9505782702810849,0.6449026856051254,0.4585133770139392,0.4618634341890365,True
1,oscillator_tx_scale,29,30,-0.6666666666666666,TetR_free_peak,190.60723440045038,37.03920689943337,230.35204125152552,0.2950302600455086,True
1,oscillator_tx_scale,29,30,-0.6666666666666666,TetR_free_trough,9.420139221008956,13.152522897304898,-5.5985755144439135,-0.9885835935638634,True
1,oscillator_tx_scale,29,30,-0.6666666666666666,CI_phase_lag_fraction_cycle,0.6214908034849952,0.5749126891734575,0.06986717146730653,0.11317935476515914,True
1,oscillator_tx_scale,29,30,-0.6666666666666666,PLtetO1_duty_activity_gt_0p5,0.3328149300155521,0.22772717173961343,0.15763163741390804,0.48134328358208955,True
1,oscillator_tx_scale,29,30,-0.6666666666666666,C31_flux_peak_uM_h,13.640151870990863,10.516499924541552,4.685477919673966,0.7057217837949625,True
1,oscillator_tx_scale,29,30,-0.6666666666666666,C31_flux_trough_uM_h,0.026216116337679642,0.9965862443586548,-1.4555551920314629,-40.46824320425577,True
1,oscillator_tx_scale,29,30,-0.6666666666666666,C31_flux_trough_fraction_of_peak,0.0019219812642581099,0.0947640613806308,-0.13926312017455905,-25.7064536421692,True
1,oscillator_tx_scale,29,30,-0.6666666666666666,C31_flux_residual_duty_above_0p5_uM_h,0.5896467451677405,1.0,-0.6155298822483892,-1.4056316590563167,True
1,oscillator_tx_scale,29,30,-0.6666666666666666,C31_flux_FWHM_h,2.283333333333333,2.0166666666666666,0.3999999999999999,0.11009174311926603,True
1,oscillator_tx_scale,29,30,-0.6666666666666666,C31_flux_dose_uM_per_cycle,29.763433495098653,23.2933918143685,9.705062521095227,0.42483329570625666,True
1,oscillator_tx_scale,29,30,-0.6666666666666666,resource_min,0.7717260656897541,0.8240017533782699,-0.07841353153277364,-0.07841353153277364,True
1,oscillator_mrna_total_half_life_min,30,31,0.6666666666666666,resolved_oscillation,1.0,1.0,0.0,0.0,True
1,oscillator_mrna_total_half_life_min,30,31,0.6666666666666666,period_min,252.64705882352942,405.9,229.87941176470585,0.36182488735263246,True
1,oscillator_mrna_total_half_life_min,30,31,0.6666666666666666,period_generations,6.3161764705882355,10.147499999999999,5.746985294117645,0.45228110919079056,True
1,oscillator_mrna_total_half_life_min,30,31,0.6666666666666666,TetR_relative_amplitude,0.6449026856051254,0.970178896503092,0.4879143163469498,0.49147918694452264,True
1,oscillator_mrna_total_half_life_min,30,31,0.6666666666666666,TetR_free_peak,37.03920689943337,273.2590273629017,354.3297306952025,0.4538183904118901,True
1,oscillator_mrna_total_half_life_min,30,31,0.6666666666666666,TetR_free_trough,13.152522897304898,8.148885736453504,-7.505455741277091,-1.3252961202191118,True
1,oscillator_mrna_total_half_life_min,30,31,0.6666666666666666,CI_phase_lag_fraction_cycle,0.5749126891734575,0.6306972160630697,0.08367679033441833,0.13554985753646212,True
1,oscillator_mrna_total_half_life_min,30,31,0.6666666666666666,PLtetO1_duty_activity_gt_0p5,0.22772717173961343,0.34325705398800266,0.17329482337258384,0.5291723202170963,True
1,oscillator_mrna_total_half_life_min,30,31,0.6666666666666666,C31_flux_peak_uM_h,10.516499924541552,14.454570238788358,5.907105471370209,0.8897220479507556,True
1,oscillator_mrna_total_half_life_min,30,31,0.6666666666666666,C31_flux_trough_uM_h,0.9965862443586548,0.023128177095643944,-1.4601871008945164,-40.59702239132898,True
1,oscillator_mrna_total_half_life_min,30,31,0.6666666666666666,C31_flux_trough_fraction_of_peak,0.0947640613806308,0.001600059822849679,-0.1397460023366717,-25.795588424582665,True
1,oscillator_mrna_total_half_life_min,30,31,0.6666666666666666,C31_flux_residual_duty_above_0p5_uM_h,1.0,0.552099533437014,-0.671850699844479,-1.5342465753424657,True
1,oscillator_mrna_total_half_life_min,30,31,0.6666666666666666,C31_flux_FWHM_h,2.0166666666666666,2.65,0.95,0.26146788990825687,True
1,oscillator_mrna_total_half_life_min,30,31,0.6666666666666666,C31_flux_dose_uM_per_cycle,23.2933918143685,36.46057943655275,19.750781433276373,0.8645786207800581,True
1,oscillator_mrna_total_half_life_min,30,31,0.6666666666666666,resource_min,0.8240017533782699,0.7580964164930286,-0.09885800532786188,-0.09885800532786188,True
2,oscillator_promoter_leak,32,33,-0.6666666666666666,resolved_oscillation,1.0,1.0,-0.0,-0.0,True
2,oscillator_promoter_leak,32,33,-0.6666666666666666,period_min,300.7857142857143,342.8333333333333,-63.071428571428555,-0.09927297256783088,True
2,oscillator_promoter_leak,32,33,-0.6666666666666666,period_generations,7.519642857142857,8.570833333333333,-1.5767857142857133,-0.12409121570978857,True
2,oscillator_promoter_leak,32,33,-0.6666666666666666,TetR_relative_amplitude,0.9104174349380532,0.954405531109339,-0.06598214425692878,-0.06646423260347992,True
2,oscillator_promoter_leak,32,33,-0.6666666666666666,TetR_free_peak,138.6093306692787,212.55997455144316,-110.92596582324668,-0.14207174533737688,True
2,oscillator_promoter_leak,32,33,-0.6666666666666666,TetR_free_trough,12.41697938287357,9.691559147085448,4.0881303536821845,0.7218726594959692,True
2,oscillator_promoter_leak,32,33,-0.6666666666666666,CI_phase_lag_fraction_cycle,0.60774162906673,0.6088964511424404,-0.0017322331135655733,-0.002806082198245778,True
2,oscillator_promoter_leak,32,33,-0.6666666666666666,PLtetO1_duty_activity_gt_0p5,0.24927793823594757,0.3428127082870473,-0.1403021550766496,-0.4284260515603798,True
2,oscillator_promoter_leak,32,33,-0.6666666666666666,C31_flux_peak_uM_h,6.619870799881943,7.80443316142523,-1.7768435423149311,-0.2676263159712656,True
2,oscillator_promoter_leak,32,33,-0.6666666666666666,C31_flux_trough_uM_h,0.2816235948308035,0.2757055591204378,0.008877053565548548,0.2468053184066821,True
2,oscillator_promoter_leak,32,33,-0.6666666666666666,C31_flux_trough_fraction_of_peak,0.04254215880403979,0.035326788431370076,0.01082305555900457,1.9978180558171856,True
2,oscillator_promoter_leak,32,33,-0.6666666666666666,C31_flux_residual_duty_above_0p5_uM_h,0.6203065985336592,0.6056431904021329,0.0219951121972895,0.05022831050228313,True
2,oscillator_promoter_leak,32,33,-0.6666666666666666,C31_flux_FWHM_h,2.025,2.3666666666666667,-0.5125000000000002,-0.14105504587155968,True
2,oscillator_promoter_leak,32,33,-0.6666666666666666,C31_flux_dose_uM_per_cycle,13.711437135869005,18.460674142000048,-7.123855509196565,-0.31184250565400906,True
2,oscillator_promoter_leak,32,33,-0.6666666666666666,resource_min,0.7507304959346629,0.7061261099394519,0.06690657899281649,0.06690657899281649,True
2,hill_n,33,34,-0.6666666666666666,resolved_oscillation,1.0,1.0,-0.0,-0.0,True
2,hill_n,33,34,-0.6666666666666666,period_min,342.8333333333333,243.33333333333334,149.24999999999997,0.234916054564533,True
2,hill_n,33,34,-0.6666666666666666,period_generations,8.570833333333333,6.083333333333334,3.7312499999999984,0.29364506820566616,True
2,hill_n,33,34,-0.6666666666666666,TetR_relative_amplitude,0.954405531109339,0.6765516138851063,0.41678087583634904,0.4198260209368735,True
2,hill_n,33,34,-0.6666666666666666,TetR_free_peak,212.55997455144316,60.487036266641745,228.10940742720211,0.2921579397622491,True
2,hill_n,33,34,-0.6666666666666666,TetR_free_trough,9.691559147085448,19.564434261318322,-14.809312671349312,-2.614994385818787,True
2,hill_n,33,34,-0.6666666666666666,CI_phase_lag_fraction_cycle,0.6088964511424404,0.6493150684931507,-0.060627926026065426,-0.09821249957987481,True
2,hill_n,33,34,-0.6666666666666666,PLtetO1_duty_activity_gt_0p5,0.3428127082870473,0.0,0.514219062430571,1.5702170963364994,True
2,hill_n,33,34,-0.6666666666666666,C31_flux_peak_uM_h,7.80443316142523,4.28795333849559,5.274719734394461,0.7944727696495847,True
2,hill_n,33,34,-0.6666666666666666,C31_flux_trough_uM_h,0.2757055591204378,1.0076201701807623,-1.0978719165904869,-30.52371216903046,True
2,hill_n,33,34,-0.6666666666666666,C31_flux_trough_fraction_of_peak,0.035326788431370076,0.23498860426832013,-0.2994927237554251,-55.28309153016002,True
2,hill_n,33,34,-0.6666666666666666,C31_flux_residual_duty_above_0p5_uM_h,0.6056431904021329,1.0,-0.5915352143968007,-1.3508371385083713,True
2,hill_n,33,34,-0.6666666666666666,C31_flux_FWHM_h,2.3666666666666667,1.95,0.6250000000000001,0.17201834862385323,True
2,hill_n,33,34,-0.6666666666666666,C31_flux_dose_uM_per_cycle,18.460674142000048,10.281886526470826,12.268181423293834,0.537032289596422,True
2,hill_n,33,34,-0.6666666666666666,resource_min,0.7061261099394519,0.8385382382143826,-0.19861819241239598,-0.19861819241239598,True
2,oscillator_translation_scale,34,35,-0.6666666666666666,resolved_oscillation,1.0,0.0,1.5,1.5,True
2,oscillator_translation_scale,34,35,-0.6666666666666666,period_min,243.33333333333334,,,,False
2,oscillator_translation_scale,34,35,-0.6666666666666666,period_generations,6.083333333333334,,,,False
2,oscillator_translation_scale,34,35,-0.6666666666666666,TetR_relative_amplitude,0.6765516138851063,,,,False
2,oscillator_translation_scale,34,35,-0.6666666666666666,TetR_free_peak,60.487036266641745,19.07420120962307,62.11925258552802,0.07956108895136431,True
2,oscillator_translation_scale,34,35,-0.6666666666666666,TetR_free_trough,19.564434261318322,19.065400818798505,0.7485501637797256,0.13217726704998845,True
2,oscillator_translation_scale,34,35,-0.6666666666666666,CI_phase_lag_fraction_cycle,0.6493150684931507,,,,False
2,oscillator_translation_scale,34,35,-0.6666666666666666,PLtetO1_duty_activity_gt_0p5,0.0,0.0,-0.0,-0.0,True
2,oscillator_translation_scale,34,35,-0.6666666666666666,C31_flux_peak_uM_h,4.28795333849559,4.430285577743811,-0.21349835887233137,-0.03215689951883564,True
2,oscillator_translation_scale,34,35,-0.6666666666666666,C31_flux_trough_uM_h,1.0076201701807623,4.428151575143147,-5.130797107443578,-142.64958574736792,True
2,oscillator_translation_scale,34,35,-0.6666666666666666,C31_flux_trough_fraction_of_peak,0.23498860426832013,0.9995183148889129,-1.1467945659308891,-211.68577372991703,True
2,oscillator_translation_scale,34,35,-0.6666666666666666,C31_flux_residual_duty_above_0p5_uM_h,1.0,1.0,-0.0,-0.0,True
2,oscillator_translation_scale,34,35,-0.6666666666666666,C31_flux_FWHM_h,1.95,,,,False
2,oscillator_translation_scale,34,35,-0.6666666666666666,C31_flux_dose_uM_per_cycle,10.281886526470826,,,,False
2,oscillator_translation_scale,34,35,-0.6666666666666666,resource_min,0.8385382382143826,0.8331787549612434,0.008039224879708762,0.008039224879708762,True
2,peak_load_fraction,35,36,-0.6666666666666666,resolved_oscillation,0.0,0.0,-0.0,-0.0,True
2,peak_load_fraction,35,36,-0.6666666666666666,period_min,,,,,False
2,peak_load_fraction,35,36,-0.6666666666666666,period_generations,,,,,False
2,peak_load_fraction,35,36,-0.6666666666666666,TetR_relative_amplitude,,,,,False
2,peak_load_fraction,35,36,-0.6666666666666666,TetR_free_peak,19.07420120962307,21.482229119213507,-3.612041864385656,-0.0046262305502270265,True
2,peak_load_fraction,35,36,-0.6666666666666666,TetR_free_trough,19.065400818798505,21.449032122161853,-3.575446955045022,-0.6313442035918423,True
2,peak_load_fraction,35,36,-0.6666666666666666,CI_phase_lag_fraction_cycle,,,,,False
2,peak_load_fraction,35,36,-0.6666666666666666,PLtetO1_duty_activity_gt_0p5,0.0,0.0,-0.0,-0.0,True
2,peak_load_fraction,35,36,-0.6666666666666666,C31_flux_peak_uM_h,4.430285577743811,4.597278555414957,-0.25048946650671944,-0.03772846146232001,True
2,peak_load_fraction,35,36,-0.6666666666666666,C31_flux_trough_uM_h,4.428151575143147,4.587313135236505,-0.23874234014003637,-6.6376617917565754,True
2,peak_load_fraction,35,36,-0.6666666666666666,C31_flux_trough_fraction_of_peak,0.9995183148889129,0.9978323218707915,0.0025289895271820018,0.46682389393938034,True
2,peak_load_fraction,35,36,-0.6666666666666666,C31_flux_residual_duty_above_0p5_uM_h,1.0,1.0,-0.0,-0.0,True
2,peak_load_fraction,35,36,-0.6666666666666666,C31_flux_FWHM_h,,,,,False
2,peak_load_fraction,35,36,-0.6666666666666666,C31_flux_dose_uM_per_cycle,,,,,False
2,peak_load_fraction,35,36,-0.6666666666666666,resource_min,0.8331787549612434,1.0,-0.2502318675581349,-0.2502318675581349,True
2,c31_mrna_total_half_life_min,36,37,-0.6666666666666666,resolved_oscillation,0.0,0.0,-0.0,-0.0,True
2,c31_mrna_total_half_life_min,36,37,-0.6666666666666666,period_min,,,,,False
2,c31_mrna_total_half_life_min,36,37,-0.6666666666666666,period_generations,,,,,False
2,c31_mrna_total_half_life_min,36,37,-0.6666666666666666,TetR_relative_amplitude,,,,,False
2,c31_mrna_total_half_life_min,36,37,-0.6666666666666666,TetR_free_peak,21.482229119213507,21.482231404229033,-3.4275232891900487e-06,-4.3899028713950245e-09,True
2,c31_mrna_total_half_life_min,36,37,-0.6666666666666666,TetR_free_trough,21.449032122161853,21.44903257448009,-6.784773542989342e-07,-1.1980397144489784e-07,True
2,c31_mrna_total_half_life_min,36,37,-0.6666666666666666,CI_phase_lag_fraction_cycle,,,,,False
2,c31_mrna_total_half_life_min,36,37,-0.6666666666666666,PLtetO1_duty_activity_gt_0p5,0.0,0.0,-0.0,-0.0,True
2,c31_mrna_total_half_life_min,36,37,-0.6666666666666666,C31_flux_peak_uM_h,4.597278555414957,0.9903012422314523,5.410465969775257,0.8149187256478262,True
2,c31_mrna_total_half_life_min,36,37,-0.6666666666666666,C31_flux_trough_uM_h,4.587313135236505,0.9882963352740203,5.398525199943727,150.09312730403417,True
2,c31_mrna_total_half_life_min,36,37,-0.6666666666666666,C31_flux_trough_fraction_of_peak,0.9978323218707915,0.997975457495222,-0.00021470343664570235,-0.03963191356066883,True
2,c31_mrna_total_half_life_min,36,37,-0.6666666666666666,C31_flux_residual_duty_above_0p5_uM_h,1.0,1.0,-0.0,-0.0,True
2,c31_mrna_total_half_life_min,36,37,-0.6666666666666666,C31_flux_FWHM_h,,,,,False
2,c31_mrna_total_half_life_min,36,37,-0.6666666666666666,C31_flux_dose_uM_per_cycle,,,,,False
2,c31_mrna_total_half_life_min,36,37,-0.6666666666666666,resource_min,1.0,1.0,-0.0,-0.0,True
2,c31_tx_scale,37,38,-0.6666666666666666,resolved_oscillation,0.0,0.0,-0.0,-0.0,True
2,c31_tx_scale,37,38,-0.6666666666666666,period_min,,,,,False
2,c31_tx_scale,37,38,-0.6666666666666666,period_generations,,,,,False
2,c31_tx_scale,37,38,-0.6666666666666666,TetR_relative_amplitude,,,,,False
2,c31_tx_scale,37,38,-0.6666666666666666,TetR_free_peak,21.482231404229033,21.482228626347528,4.166822257900549e-06,5.33678211676655e-09,True
2,c31_tx_scale,37,38,-0.6666666666666666,TetR_free_trough,21.44903257448009,21.449032992402124,-6.268830521349855e-07,-1.1069356818087716e-07,True
2,c31_tx_scale,37,38,-0.6666666666666666,CI_phase_lag_fraction_cycle,,,,,False
2,c31_tx_scale,37,38,-0.6666666666666666,PLtetO1_duty_activity_gt_0p5,0.0,0.0,-0.0,-0.0,True
2,c31_tx_scale,37,38,-0.6666666666666666,C31_flux_peak_uM_h,0.9903012422314523,0.4244148054953277,0.8488296551041871,0.12784983487444823,True
2,c31_tx_scale,37,38,-0.6666666666666666,C31_flux_trough_uM_h,0.9882963352740203,0.4235556433616846,0.8471110378685035,23.551903554840337,True
2,c31_tx_scale,37,38,-0.6666666666666666,C31_flux_trough_fraction_of_peak,0.997975457495222,0.9979756546602083,-2.957474795062254e-07,-5.459176027497935e-05,True
2,c31_tx_scale,37,38,-0.6666666666666666,C31_flux_residual_duty_above_0p5_uM_h,1.0,0.0,1.5,3.4254185692541856,True
2,c31_tx_scale,37,38,-0.6666666666666666,C31_flux_FWHM_h,,,,,False
2,c31_tx_scale,37,38,-0.6666666666666666,C31_flux_dose_uM_per_cycle,,,,,False
2,c31_tx_scale,37,38,-0.6666666666666666,resource_min,1.0,1.0,-0.0,-0.0,True
2,K_copies,38,39,-0.6666666666666666,resolved_oscillation,0.0,0.0,-0.0,-0.0,True
2,K_copies,38,39,-0.6666666666666666,period_min,,,,,False
2,K_copies,38,39,-0.6666666666666666,period_generations,,,,,False
2,K_copies,38,39,-0.6666666666666666,TetR_relative_amplitude,,,,,False
2,K_copies,38,39,-0.6666666666666666,TetR_free_peak,21.482228626347528,13.850240588016446,11.447982057496624,0.014662345100435169,True
2,K_copies,38,39,-0.6666666666666666,TetR_free_trough,21.449032992402124,13.75275019817765,11.544424191336713,2.0384878837935654,True
2,K_copies,38,39,-0.6666666666666666,CI_phase_lag_fraction_cycle,,,,,False
2,K_copies,38,39,-0.6666666666666666,PLtetO1_duty_activity_gt_0p5,0.0,0.0,-0.0,-0.0,True
2,K_copies,38,39,-0.6666666666666666,C31_flux_peak_uM_h,0.4244148054953277,0.34205261052728075,0.12354329245207038,0.018607961497179495,True
2,K_copies,38,39,-0.6666666666666666,C31_flux_trough_uM_h,0.4235556433616846,0.33872523715874564,0.12724560930440845,3.537760912258973,True
2,K_copies,38,39,-0.6666666666666666,C31_flux_trough_fraction_of_peak,0.9979756546602083,0.9902723345294576,0.011554980196126052,2.1329233638854026,True
2,K_copies,38,39,-0.6666666666666666,C31_flux_residual_duty_above_0p5_uM_h,0.0,0.0,-0.0,-0.0,True
2,K_copies,38,39,-0.6666666666666666,C31_flux_FWHM_h,,3.15,,,False
2,K_copies,38,39,-0.6666666666666666,C31_flux_dose_uM_per_cycle,,,,,False
2,K_copies,38,39,-0.6666666666666666,resource_min,1.0,1.0,-0.0,-0.0,True
2,sponge_accessible_fraction,39,40,-0.6666666666666666,resolved_oscillation,0.0,1.0,-1.5,-1.5,True
2,sponge_accessible_fraction,39,40,-0.6666666666666666,period_min,,254.8,,,False
2,sponge_accessible_fraction,39,40,-0.6666666666666666,period_generations,,6.37,,,False
2,sponge_accessible_fraction,39,40,-0.6666666666666666,TetR_relative_amplitude,,0.10866173273686779,,,False
2,sponge_accessible_fraction,39,40,-0.6666666666666666,TetR_free_peak,13.850240588016446,16.055017564522853,-3.3071654647596107,-0.004235750991310529,True
2,sponge_accessible_fraction,39,40,-0.6666666666666666,TetR_free_trough,13.75275019817765,14.310451536840953,-0.8365520079949551,-0.14771643039075122,True
2,sponge_accessible_fraction,39,40,-0.6666666666666666,CI_phase_lag_fraction_cycle,,0.6648351648351648,,,False
2,sponge_accessible_fraction,39,40,-0.6666666666666666,PLtetO1_duty_activity_gt_0p5,0.0,0.0,-0.0,-0.0,True
2,sponge_accessible_fraction,39,40,-0.6666666666666666,C31_flux_peak_uM_h,0.34205261052728075,0.3236033385248529,0.02767390800364178,0.004168215079811271,True
2,sponge_accessible_fraction,39,40,-0.6666666666666666,C31_flux_trough_uM_h,0.33872523715874564,0.2745661217576453,0.09623867310165055,2.675686947532992,True
2,sponge_accessible_fraction,39,40,-0.6666666666666666,C31_flux_trough_fraction_of_peak,0.9902723345294576,0.8484650467737942,0.21271093163349514,39.264118859071644,True
2,sponge_accessible_fraction,39,40,-0.6666666666666666,C31_flux_residual_duty_above_0p5_uM_h,0.0,0.0,-0.0,-0.0,True
2,sponge_accessible_fraction,39,40,-0.6666666666666666,C31_flux_FWHM_h,3.15,2.6083333333333334,0.8124999999999998,0.2236238532110091,True
2,sponge_accessible_fraction,39,40,-0.6666666666666666,C31_flux_dose_uM_per_cycle,,1.2560158896615548,,,False
2,sponge_accessible_fraction,39,40,-0.6666666666666666,resource_min,1.0,1.0,-0.0,-0.0,True
2,oscillator_tx_scale,40,41,0.6666666666666667,resolved_oscillation,1.0,1.0,0.0,0.0,True
2,oscillator_tx_scale,40,41,0.6666666666666667,period_min,254.8,247.58823529411765,-10.817647058823537,-0.01702672674526265,True
2,oscillator_tx_scale,40,41,0.6666666666666667,period_generations,6.37,6.189705882352941,-0.2704411764705887,-0.021283408431578332,True
2,oscillator_tx_scale,40,41,0.6666666666666667,TetR_relative_amplitude,0.10866173273686779,0.8089840678027058,1.050483502598757,1.058158698070961,True
2,oscillator_tx_scale,40,41,0.6666666666666667,TetR_free_peak,16.055017564522853,53.24670327035117,55.78752855874247,0.07145154420407389,True
2,oscillator_tx_scale,40,41,0.6666666666666667,TetR_free_trough,14.310451536840953,10.170968661618842,-6.2092243128331654,-1.096410554539858,True
2,oscillator_tx_scale,40,41,0.6666666666666667,CI_phase_lag_fraction_cycle,0.6648351648351648,0.6341173675457353,-0.0460766959341442,-0.07464064461199969,True
2,oscillator_tx_scale,40,41,0.6666666666666667,PLtetO1_duty_activity_gt_0p5,0.0,0.0,0.0,0.0,True
2,oscillator_tx_scale,40,41,0.6666666666666667,C31_flux_peak_uM_h,0.3236033385248529,0.503764840602766,0.27024225311686967,0.04070360552241761,True
2,oscillator_tx_scale,40,41,0.6666666666666667,C31_flux_trough_uM_h,0.2745661217576453,0.053221180048543926,-0.33201741256365197,-9.230952885353153,True
2,oscillator_tx_scale,40,41,0.6666666666666667,C31_flux_trough_fraction_of_peak,0.8484650467737942,0.10564687282435903,-1.1142272609241526,-205.67420429677003,True
2,oscillator_tx_scale,40,41,0.6666666666666667,C31_flux_residual_duty_above_0p5_uM_h,0.0,0.003554765607642746,0.005332148411464119,0.012176560121765602,True
2,oscillator_tx_scale,40,41,0.6666666666666667,C31_flux_FWHM_h,2.6083333333333334,1.6666666666666667,-1.4124999999999999,-0.38876146788990823,True
2,oscillator_tx_scale,40,41,0.6666666666666667,C31_flux_dose_uM_per_cycle,1.2560158896615548,0.970191580883343,-0.42873646316731756,-0.01876768173733112,True
2,oscillator_tx_scale,40,41,0.6666666666666667,resource_min,1.0,1.0,0.0,0.0,True
2,oscillator_plasmid_copies,41,42,-0.6666666666666666,resolved_oscillation,1.0,1.0,-0.0,-0.0,True
2,oscillator_plasmid_copies,41,42,-0.6666666666666666,period_min,247.58823529411765,233.66666666666666,20.882352941176492,0.03286834146040371,True
2,oscillator_plasmid_copies,41,42,-0.6666666666666666,period_generations,6.189705882352941,5.841666666666667,0.5220588235294112,0.041085426825504555,True
2,oscillator_plasmid_copies,41,42,-0.6666666666666666,TetR_relative_amplitude,0.8089840678027058,0.46589743665789257,0.51462994671722,0.5183900109420584,True
2,oscillator_plasmid_copies,41,42,-0.6666666666666666,TetR_free_peak,53.24670327035117,24.125436665860757,43.68189990673562,0.05594689857640122,True
2,oscillator_plasmid_copies,41,42,-0.6666666666666666,TetR_free_trough,10.170968661618842,12.885457564983897,-4.0717333550475825,-0.7189773151727504,True
2,oscillator_plasmid_copies,41,42,-0.6666666666666666,CI_phase_lag_fraction_cycle,0.6341173675457353,0.6573466476462198,-0.034843920150726626,-0.05644442614931578,True
2,oscillator_plasmid_copies,41,42,-0.6666666666666666,PLtetO1_duty_activity_gt_0p5,0.0,0.0,-0.0,-0.0,True
2,oscillator_plasmid_copies,41,42,-0.6666666666666666,C31_flux_peak_uM_h,0.503764840602766,0.23782949442559015,0.3989030192657639,0.06008235555552892,True
2,oscillator_plasmid_copies,41,42,-0.6666666666666666,C31_flux_trough_uM_h,0.053221180048543926,0.09521826294014855,-0.06299562433740695,-1.7514432021860513,True
2,oscillator_plasmid_copies,41,42,-0.6666666666666666,C31_flux_trough_fraction_of_peak,0.10564687282435903,0.4003635594908921,-0.4420750299997996,-81.60223073277403,True
2,oscillator_plasmid_copies,41,42,-0.6666666666666666,C31_flux_residual_duty_above_0p5_uM_h,0.003554765607642746,0.0,0.00533214841146412,0.012176560121765604,True
2,oscillator_plasmid_copies,41,42,-0.6666666666666666,C31_flux_FWHM_h,1.6666666666666667,3.1333333333333333,-2.2,-0.6055045871559633,True
2,oscillator_plasmid_copies,41,42,-0.6666666666666666,C31_flux_dose_uM_per_cycle,0.970191580883343,0.6172603598965336,0.5293968314802141,0.023174029035395467,True
2,oscillator_plasmid_copies,41,42,-0.6666666666666666,resource_min,1.0,1.0,-0.0,-0.0,True
2,sponge_plasmid_copies,42,43,-0.6666666666666666,resolved_oscillation,1.0,1.0,-0.0,-0.0,True
2,sponge_plasmid_copies,42,43,-0.6666666666666666,period_min,233.66666666666666,238.27777777777777,-6.916666666666671,-0.01088667366211963,True
2,sponge_plasmid_copies,42,43,-0.6666666666666666,period_generations,5.841666666666667,5.956944444444444,-0.17291666666666572,-0.013608342077649454,True
2,sponge_plasmid_copies,42,43,-0.6666666666666666,TetR_relative_amplitude,0.46589743665789257,0.6612023390025146,-0.29295735351693303,-0.29509780117527273,True
2,sponge_plasmid_copies,42,43,-0.6666666666666666,TetR_free_peak,24.125436665860757,36.056419981654706,-17.896474973690925,-0.022921445092039108,True
2,sponge_plasmid_copies,42,43,-0.6666666666666666,TetR_free_trough,12.885457564983897,12.215830753727612,1.0044402168844266,0.17736174435191152,True
2,sponge_plasmid_copies,42,43,-0.6666666666666666,CI_phase_lag_fraction_cycle,0.6573466476462198,0.652599673583586,0.007120461093950703,0.011534590213386061,True
2,sponge_plasmid_copies,42,43,-0.6666666666666666,PLtetO1_duty_activity_gt_0p5,0.0,0.0,-0.0,-0.0,True
2,sponge_plasmid_copies,42,43,-0.6666666666666666,C31_flux_peak_uM_h,0.23782949442559015,0.25539868554456313,-0.026353786678459473,-0.003969379786506067,True
2,sponge_plasmid_copies,42,43,-0.6666666666666666,C31_flux_trough_uM_h,0.09521826294014855,0.0536679356759611,0.062325490896281185,1.7328117389318596,True
2,sponge_plasmid_copies,42,43,-0.6666666666666666,C31_flux_trough_fraction_of_peak,0.4003635594908921,0.210133954141267,0.2853444080244376,52.67146670086192,True
2,sponge_plasmid_copies,42,43,-0.6666666666666666,C31_flux_residual_duty_above_0p5_uM_h,0.0,0.0,-0.0,-0.0,True
2,sponge_plasmid_copies,42,43,-0.6666666666666666,C31_flux_FWHM_h,3.1333333333333333,1.7,2.1500000000000004,0.5917431192660552,True
2,sponge_plasmid_copies,42,43,-0.6666666666666666,C31_flux_dose_uM_per_cycle,0.6172603598965336,0.5216832816309516,0.14336561739837306,0.0062757439839181695,True
2,sponge_plasmid_copies,42,43,-0.6666666666666666,resource_min,1.0,1.0,-0.0,-0.0,True
2,c31_promoter_leak,43,44,-0.6666666666666666,resolved_oscillation,1.0,1.0,-0.0,-0.0,True
2,c31_promoter_leak,43,44,-0.6666666666666666,period_min,238.27777777777777,238.27777777777777,-0.0,-0.0,True
2,c31_promoter_leak,43,44,-0.6666666666666666,period_generations,5.956944444444444,5.956944444444444,-0.0,-0.0,True
2,c31_promoter_leak,43,44,-0.6666666666666666,TetR_relative_amplitude,0.6612023390025146,0.6612023619630069,-3.444073842784334e-08,-3.469237436404492e-08,True
2,c31_promoter_leak,43,44,-0.6666666666666666,TetR_free_peak,36.056419981654706,36.056421312970876,-1.9969742552916614e-06,-2.5576844496010425e-09,True
2,c31_promoter_leak,43,44,-0.6666666666666666,TetR_free_trough,12.215830753727612,12.215830376901232,5.652395698163559e-07,9.980870378758259e-08,True
2,c31_promoter_leak,43,44,-0.6666666666666666,CI_phase_lag_fraction_cycle,0.652599673583586,0.652599673583586,-0.0,-0.0,True
2,c31_promoter_leak,43,44,-0.6666666666666666,PLtetO1_duty_activity_gt_0p5,0.0,0.0,-0.0,-0.0,True
2,c31_promoter_leak,43,44,-0.6666666666666666,C31_flux_peak_uM_h,0.25539868554456313,0.245565278735716,0.014750110213270676,0.0022216461734187423,True
2,c31_promoter_leak,43,44,-0.6666666666666666,C31_flux_trough_uM_h,0.0536679356759611,0.04027631930155912,0.020087424561602965,0.5584829671567124,True
2,c31_promoter_leak,43,44,-0.6666666666666666,C31_flux_trough_fraction_of_peak,0.210133954141267,0.16401471539022253,0.06917885812656673,12.769662974804294,True
2,c31_promoter_leak,43,44,-0.6666666666666666,C31_flux_residual_duty_above_0p5_uM_h,0.0,0.0,-0.0,-0.0,True
2,c31_promoter_leak,43,44,-0.6666666666666666,C31_flux_FWHM_h,1.7,1.7,-0.0,-0.0,True
2,c31_promoter_leak,43,44,-0.6666666666666666,C31_flux_dose_uM_per_cycle,0.5216832816309516,0.47424892435180144,0.0711515359187252,0.0031146158443812796,True
2,c31_promoter_leak,43,44,-0.6666666666666666,resource_min,1.0,1.0,-0.0,-0.0,True
2,oscillator_mrna_total_half_life_min,44,45,0.6666666666666666,resolved_oscillation,1.0,1.0,0.0,0.0,True
2,oscillator_mrna_total_half_life_min,44,45,0.6666666666666666,period_min,238.27777777777777,329.3076923076923,136.54487179487182,0.21491847606747924,True
2,oscillator_mrna_total_half_life_min,44,45,0.6666666666666666,period_generations,5.956944444444444,8.232692307692307,3.413621794871795,0.268648095084349,True
2,oscillator_mrna_total_half_life_min,44,45,0.6666666666666666,TetR_relative_amplitude,0.6612023619630069,0.9176269786061794,0.38463692496475876,0.38744721525263925,True
2,oscillator_mrna_total_half_life_min,44,45,0.6666666666666666,TetR_free_peak,36.056421312970876,124.60104776552377,132.81693967882936,0.17010926423311712,True
2,oscillator_mrna_total_half_life_min,44,45,0.6666666666666666,TetR_free_trough,12.215830376901232,10.263764773281968,-2.928098405428896,-0.5170368849146502,True
2,oscillator_mrna_total_half_life_min,44,45,0.6666666666666666,CI_phase_lag_fraction_cycle,0.652599673583586,0.643774818967531,-0.013237281924082467,-0.021443361675421706,True
2,oscillator_mrna_total_half_life_min,44,45,0.6666666666666666,PLtetO1_duty_activity_gt_0p5,0.0,0.0,0.0,0.0,True
2,oscillator_mrna_total_half_life_min,44,45,0.6666666666666666,C31_flux_peak_uM_h,0.245565278735716,0.3083728620844812,0.09421137502314782,0.014190018771817942,True
2,oscillator_mrna_total_half_life_min,44,45,0.6666666666666666,C31_flux_trough_uM_h,0.04027631930155912,0.005537979612611067,-0.05210750953342209,-1.4487251188486847,True
2,oscillator_mrna_total_half_life_min,44,45,0.6666666666666666,C31_flux_trough_fraction_of_peak,0.16401471539022253,0.01795871262852531,-0.21908400414254584,-40.44051856063473,True
2,oscillator_mrna_total_half_life_min,44,45,0.6666666666666666,C31_flux_residual_duty_above_0p5_uM_h,0.0,0.0,0.0,0.0,True
2,oscillator_mrna_total_half_life_min,44,45,0.6666666666666666,C31_flux_FWHM_h,1.7,1.5083333333333333,-0.2875,-0.07912844036697247,True
2,oscillator_mrna_total_half_life_min,44,45,0.6666666666666666,C31_flux_dose_uM_per_cycle,0.47424892435180144,0.5085599211227387,0.051466495156405945,0.0022529149820745904,True
2,oscillator_mrna_total_half_life_min,44,45,0.6666666666666666,resource_min,1.0,1.0,0.0,0.0,True
2,Td_min,45,46,0.6666666666666666,resolved_oscillation,1.0,1.0,0.0,0.0,True
2,Td_min,45,46,0.6666666666666666,period_min,329.3076923076923,407.9,117.88846153846148,0.18555371700702225,True
2,Td_min,45,46,0.6666666666666666,period_generations,8.232692307692307,7.648125,-0.8768509615384605,-0.06900715856808451,True
2,Td_min,45,46,0.6666666666666666,TetR_relative_amplitude,0.9176269786061794,0.8894749032927628,-0.042228112970124854,-0.04253664615571627,True
2,Td_min,45,46,0.6666666666666666,TetR_free_peak,124.60104776552377,117.04962107228657,-11.327140039855806,-0.01450757307542817,True
2,Td_min,45,46,0.6666666666666666,TetR_free_trough,10.263764773281968,12.936920688559937,4.009733872916953,0.7080295891510743,True
2,Td_min,45,46,0.6666666666666666,CI_phase_lag_fraction_cycle,0.643774818967531,0.6417013974013239,-0.003110132349310568,-0.00503817122028382,True
2,Td_min,45,46,0.6666666666666666,PLtetO1_duty_activity_gt_0p5,0.0,0.0,0.0,0.0,True
2,Td_min,45,46,0.6666666666666666,C31_flux_peak_uM_h,0.3083728620844812,0.22635382409086324,-0.12302855699042697,-0.018530432580300342,True
2,Td_min,45,46,0.6666666666666666,C31_flux_trough_uM_h,0.005537979612611067,0.005977651650277998,0.000659508056500396,0.01833604975732667,True
2,Td_min,45,46,0.6666666666666666,C31_flux_trough_fraction_of_peak,0.01795871262852531,0.026408441184004212,0.012674592833218354,2.339591649907748,True
2,Td_min,45,46,0.6666666666666666,C31_flux_residual_duty_above_0p5_uM_h,0.0,0.0,0.0,0.0,True
2,Td_min,45,46,0.6666666666666666,C31_flux_FWHM_h,1.5083333333333333,1.8333333333333333,0.48749999999999993,0.13417431192660548,True
2,Td_min,45,46,0.6666666666666666,C31_flux_dose_uM_per_cycle,0.5085599211227387,0.4569423955657076,-0.07742628833554671,-0.003389289371026243,True
2,Td_min,45,46,0.6666666666666666,resource_min,1.0,1.0,0.0,0.0,True
2,c31_translation_scale,46,47,0.6666666666666667,resolved_oscillation,1.0,1.0,0.0,0.0,True
2,c31_translation_scale,46,47,0.6666666666666667,period_min,407.9,407.9,0.0,0.0,True
2,c31_translation_scale,46,47,0.6666666666666667,period_generations,7.648125,7.648125,0.0,0.0,True
2,c31_translation_scale,46,47,0.6666666666666667,TetR_relative_amplitude,0.8894749032927628,0.8894749200282258,2.510319452309062e-08,2.5286607136867833e-08,True
2,c31_translation_scale,46,47,0.6666666666666667,TetR_free_peak,117.04962107228657,117.04963021635565,1.3716103623551133e-05,1.7567309570523e-08,True
2,c31_translation_scale,46,47,0.6666666666666667,TetR_free_trough,12.936920688559937,12.936919740329305,-1.422345947688086e-06,-2.511545775579577e-07,True
2,c31_translation_scale,46,47,0.6666666666666667,CI_phase_lag_fraction_cycle,0.6417013974013239,0.6417013974013239,0.0,0.0,True
2,c31_translation_scale,46,47,0.6666666666666667,PLtetO1_duty_activity_gt_0p5,0.0,0.0,0.0,0.0,True
2,c31_translation_scale,46,47,0.6666666666666667,C31_flux_peak_uM_h,0.22635382409086324,0.4527077225234787,0.3395308476489231,0.05113978116300396,True
2,c31_translation_scale,46,47,0.6666666666666667,C31_flux_trough_uM_h,0.005977651650277998,0.01195530211742037,0.008966475700713556,0.24929148776220536,True
2,c31_translation_scale,46,47,0.6666666666666667,C31_flux_trough_fraction_of_peak,0.026408441184004212,0.02640843423385678,-1.042522114989841e-08,-1.9243821613597846e-06,True
2,c31_translation_scale,46,47,0.6666666666666667,C31_flux_residual_duty_above_0p5_uM_h,0.0,0.0,0.0,0.0,True
2,c31_translation_scale,46,47,0.6666666666666667,C31_flux_FWHM_h,1.8333333333333333,1.8333333333333333,0.0,0.0,True
2,c31_translation_scale,46,47,0.6666666666666667,C31_flux_dose_uM_per_cycle,0.4569423955657076,0.9138848240625226,0.6854136427452224,0.030003571449081494,True
2,c31_translation_scale,46,47,0.6666666666666667,resource_min,1.0,1.0,0.0,0.0,True
3,c31_mrna_total_half_life_min,48,49,0.6666666666666666,resolved_oscillation,1.0,1.0,0.0,0.0,True
3,c31_mrna_total_half_life_min,48,49,0.6666666666666666,period_min,601.5714285714286,597.7142857142857,-5.785714285714334,-0.00910658072253043,True
3,c31_mrna_total_half_life_min,48,49,0.6666666666666666,period_generations,10.026190476190475,9.96190476190476,-0.09642857142857242,-0.007588817268775374,True
3,c31_mrna_total_half_life_min,48,49,0.6666666666666666,TetR_relative_amplitude,0.981812475646602,0.9817720351851519,-6.066069217519621e-05,-6.110390015397173e-05,True
3,c31_mrna_total_half_life_min,48,49,0.6666666666666666,TetR_free_peak,351.487523455729,347.8050300067006,-5.52374017354262,-0.007074695283662087,True
3,c31_mrna_total_half_life_min,48,49,0.6666666666666666,TetR_free_trough,6.392687892766609,6.339777849389376,-0.0793650650658484,-0.014014100733982739,True
3,c31_mrna_total_half_life_min,48,49,0.6666666666666666,CI_phase_lag_fraction_cycle,0.6167181192115887,0.6227891969407267,0.009106616593706929,0.014752006822714096,True
3,c31_mrna_total_half_life_min,48,49,0.6666666666666666,PLtetO1_duty_activity_gt_0p5,0.2852699400133304,0.28838035992001776,0.004665629860031051,0.014246947082767815,True
3,c31_mrna_total_half_life_min,48,49,0.6666666666666666,C31_flux_peak_uM_h,1.406152736763661,6.030430000368723,6.936415895407593,1.0447557074799756,True
3,c31_mrna_total_half_life_min,48,49,0.6666666666666666,C31_flux_trough_uM_h,0.004938774268478017,0.022943035061478396,0.02700639118950057,0.7508483448165636,True
3,c31_mrna_total_half_life_min,48,49,0.6666666666666666,C31_flux_trough_fraction_of_peak,0.003512260182947751,0.003804543798713454,0.0004384254236485547,0.08092855319084588,True
3,c31_mrna_total_half_life_min,48,49,0.6666666666666666,C31_flux_residual_duty_above_0p5_uM_h,0.35992001777382804,0.44678960231059767,0.13030437680515444,0.29756468797564695,True
3,c31_mrna_total_half_life_min,48,49,0.6666666666666666,C31_flux_FWHM_h,3.45,3.5416666666666665,0.1374999999999995,0.03784403669724757,True
3,c31_mrna_total_half_life_min,48,49,0.6666666666666666,C31_flux_dose_uM_per_cycle,4.628037228835589,20.3435620852861,23.573287284675768,1.0319065236324751,True
3,c31_mrna_total_half_life_min,48,49,0.6666666666666666,resource_min,0.9764674161623654,0.8990781044971822,-0.11608396749777489,-0.11608396749777489,True
3,c31_translation_scale,49,50,-0.6666666666666666,resolved_oscillation,1.0,1.0,-0.0,-0.0,True
3,c31_translation_scale,49,50,-0.6666666666666666,period_min,597.7142857142857,601.1428571428571,-5.142857142857167,-0.00809473842002702,True
3,c31_translation_scale,49,50,-0.6666666666666666,period_generations,9.96190476190476,10.019047619047619,-0.08571428571428807,-0.0067456153500226705,True
3,c31_translation_scale,49,50,-0.6666666666666666,TetR_relative_amplitude,0.9817720351851519,0.9818065912212407,-5.183405413322628e-05,-5.221277164435817e-05,True
3,c31_translation_scale,49,50,-0.6666666666666666,TetR_free_peak,347.8050300067006,350.91394657041485,-4.663374845571411,-0.005972756681050272,True
3,c31_translation_scale,49,50,-0.6666666666666666,TetR_free_trough,6.339777849389376,6.3843208761232475,-0.06681454010080667,-0.0117979578885314,True
3,c31_translation_scale,49,50,-0.6666666666666666,CI_phase_lag_fraction_cycle,0.6227891969407267,0.6171577946768061,0.00844710339588084,0.013683647010495393,True
3,c31_translation_scale,49,50,-0.6666666666666666,PLtetO1_duty_activity_gt_0p5,0.28838035992001776,0.2859364585647634,0.003665852032881528,0.011194029850746103,True
3,c31_translation_scale,49,50,-0.6666666666666666,C31_flux_peak_uM_h,6.030430000368723,2.1483022050146254,5.823191693031147,0.8770830424214031,True
3,c31_translation_scale,49,50,-0.6666666666666666,C31_flux_trough_uM_h,0.022943035061478396,0.007642735031866752,0.022950450044417467,0.6380825674829738,True
3,c31_translation_scale,49,50,-0.6666666666666666,C31_flux_trough_fraction_of_peak,0.003804543798713454,0.003557569793498732,0.0003704610078220829,0.06838306302395619,True
3,c31_translation_scale,49,50,-0.6666666666666666,C31_flux_residual_duty_above_0p5_uM_h,0.44678960231059767,0.3948011552988225,0.07798267051766278,0.17808219178082202,True
3,c31_translation_scale,49,50,-0.6666666666666666,C31_flux_FWHM_h,3.5416666666666665,3.466666666666667,0.1124999999999996,0.03096330275229347,True
3,c31_translation_scale,49,50,-0.6666666666666666,C31_flux_dose_uM_per_cycle,20.3435620852861,7.101522778843294,19.863058959664208,0.8694935022107969,True
3,c31_translation_scale,49,50,-0.6666666666666666,resource_min,0.8990781044971822,0.9640472187506194,-0.09745367138015582,-0.09745367138015582,True
3,K_copies,50,51,0.6666666666666667,resolved_oscillation,1.0,1.0,0.0,0.0,True
3,K_copies,50,51,0.6666666666666667,period_min,601.1428571428571,536.2857142857143,-97.28571428571415,-0.1531254684455102,True
3,K_copies,50,51,0.6666666666666667,period_generations,10.019047619047619,8.938095238095238,-1.6214285714285708,-0.12760455703792528,True
3,K_copies,50,51,0.6666666666666667,TetR_relative_amplitude,0.9818065912212407,0.965237545665782,-0.024853568333188022,-0.025035157091761663,True
3,K_copies,50,51,0.6666666666666667,TetR_free_peak,350.91394657041485,320.8059893352952,-45.1619358526795,-0.05784249883952947,True
3,K_copies,50,51,0.6666666666666667,TetR_free_trough,6.3843208761232475,11.152003554411799,7.151524017432826,1.2627996700896953,True
3,K_copies,50,51,0.6666666666666667,CI_phase_lag_fraction_cycle,0.6171577946768061,0.6279302077783696,0.01615861965234527,0.026175700371723683,True
3,K_copies,50,51,0.6666666666666667,PLtetO1_duty_activity_gt_0p5,0.2859364585647634,0.28149300155520995,-0.006665185514330179,-0.02035278154681149,True
3,K_copies,50,51,0.6666666666666667,C31_flux_peak_uM_h,2.1483022050146254,2.04694522376511,-0.1520354718742731,-0.022899423762237442,True
3,K_copies,50,51,0.6666666666666667,C31_flux_trough_uM_h,0.007642735031866752,0.008605940108541541,0.0014448076150121844,0.04016943243908952,True
3,K_copies,50,51,0.6666666666666667,C31_flux_trough_fraction_of_peak,0.003557569793498732,0.004204284515592434,0.0009700720831405531,0.1790647301565394,True
3,K_copies,50,51,0.6666666666666667,C31_flux_residual_duty_above_0p5_uM_h,0.3948011552988225,0.41835147744945567,0.03532548322594977,0.08066971080669708,True
3,K_copies,50,51,0.6666666666666667,C31_flux_FWHM_h,3.466666666666667,3.1166666666666667,-0.525,-0.1444954128440367,True
3,K_copies,50,51,0.6666666666666667,C31_flux_dose_uM_per_cycle,7.101522778843294,6.173516097920876,-1.3920100213836266,-0.06093440446726827,True
3,K_copies,50,51,0.6666666666666667,resource_min,0.9640472187506194,0.9657434723626368,0.002544380418026126,0.002544380418026126,True
3,oscillator_translation_scale,51,52,0.6666666666666667,resolved_oscillation,1.0,1.0,0.0,0.0,True
3,oscillator_translation_scale,51,52,0.6666666666666667,period_min,536.2857142857143,664.0,191.57142857142847,0.3015290061460049,True
3,oscillator_translation_scale,51,52,0.6666666666666667,period_generations,8.938095238095238,11.066666666666666,3.1928571428571417,0.2512741717883375,True
3,oscillator_translation_scale,51,52,0.6666666666666667,TetR_relative_amplitude,0.965237545665782,0.9867969734104844,0.03233914161705364,0.032575422560733515,True
3,oscillator_translation_scale,51,52,0.6666666666666667,TetR_free_peak,320.8059893352952,695.6625630077507,562.2848605086832,0.7201631368848601,True
3,oscillator_translation_scale,51,52,0.6666666666666667,TetR_free_trough,11.152003554411799,9.184851316721803,-2.9507283565349938,-0.5210328296561159,True
3,oscillator_translation_scale,51,52,0.6666666666666667,CI_phase_lag_fraction_cycle,0.6279302077783696,0.6355421686746988,0.011417941344493808,0.018496172193273156,True
3,oscillator_translation_scale,51,52,0.6666666666666667,PLtetO1_duty_activity_gt_0p5,0.28149300155520995,0.2754943345923128,-0.008998000444345703,-0.027476255088195393,True
3,oscillator_translation_scale,51,52,0.6666666666666667,C31_flux_peak_uM_h,2.04694522376511,2.2371262855172507,0.28527159262821095,0.0429673089206703,True
3,oscillator_translation_scale,51,52,0.6666666666666667,C31_flux_trough_uM_h,0.008605940108541541,0.00751487862636245,-0.0016365922232686374,-0.04550154640649124,True
3,oscillator_translation_scale,51,52,0.6666666666666667,C31_flux_trough_fraction_of_peak,0.004204284515592434,0.0033591660314450772,-0.0012676777262210352,-0.23399948716835278,True
3,oscillator_translation_scale,51,52,0.6666666666666667,C31_flux_residual_duty_above_0p5_uM_h,0.41835147744945567,0.3781381915129971,-0.06031992890468784,-0.13774733637747336,True
3,oscillator_translation_scale,51,52,0.6666666666666667,C31_flux_FWHM_h,3.1166666666666667,3.6166666666666667,0.7499999999999999,0.20642201834862384,True
3,oscillator_translation_scale,51,52,0.6666666666666667,C31_flux_dose_uM_per_cycle,6.173516097920876,7.746762223813119,2.3598691888383634,0.10330185949350416,True
3,oscillator_translation_scale,51,52,0.6666666666666667,resource_min,0.9657434723626368,0.9625607087388836,-0.004774145435629872,-0.004774145435629872,True
3,hill_n,52,53,0.6666666666666667,resolved_oscillation,1.0,1.0,0.0,0.0,True
3,hill_n,52,53,0.6666666666666667,period_min,664.0,782.8,178.1999999999999,0.2804826862539348,True
3,hill_n,52,53,0.6666666666666667,period_generations,11.066666666666666,13.046666666666665,2.9699999999999975,0.23373557187827892,True
3,hill_n,52,53,0.6666666666666667,TetR_relative_amplitude,0.9867969734104844,0.9911689062452193,0.006557899252102205,0.006605813530167865,True
3,hill_n,52,53,0.6666666666666667,TetR_free_peak,695.6625630077507,831.5065595585093,203.7659948261378,0.26097938666123743,True
3,hill_n,52,53,0.6666666666666667,TetR_free_trough,9.184851316721803,7.343112385176339,-2.7626083973181945,-0.4878150397336908,True
3,hill_n,52,53,0.6666666666666667,CI_phase_lag_fraction_cycle,0.6355421686746988,0.6176545733265202,-0.026831393022267943,-0.04346475871191798,True
3,hill_n,52,53,0.6666666666666667,PLtetO1_duty_activity_gt_0p5,0.2754943345923128,0.3563652521661853,0.12130637636080872,0.37042062415196747,True
3,hill_n,52,53,0.6666666666666667,C31_flux_peak_uM_h,2.2371262855172507,2.5256576179085104,0.4327969985868895,0.06518743127170662,True
3,hill_n,52,53,0.6666666666666667,C31_flux_trough_uM_h,0.00751487862636245,0.00735687262395218,-0.00023700900361540422,-0.0065894705006137545,True
3,hill_n,52,53,0.6666666666666667,C31_flux_trough_fraction_of_peak,0.0033591660314450772,0.002912854288636472,-0.000669467614212908,-0.12357642258859598,True
3,hill_n,52,53,0.6666666666666667,C31_flux_residual_duty_above_0p5_uM_h,0.3781381915129971,0.4236836258609198,0.06831815152188402,0.15601217656012176,True
3,hill_n,52,53,0.6666666666666667,C31_flux_FWHM_h,3.6166666666666667,4.541666666666667,1.3875000000000002,0.3818807339449542,True
3,hill_n,52,53,0.6666666666666667,C31_flux_dose_uM_per_cycle,7.746762223813119,10.803487202112736,4.5850874674494255,0.20070945608685997,True
3,hill_n,52,53,0.6666666666666667,resource_min,0.9625607087388836,0.9577320101261646,-0.007243047919078426,-0.007243047919078426,True
3,peak_load_fraction,53,54,0.6666666666666667,resolved_oscillation,1.0,1.0,0.0,0.0,True
3,peak_load_fraction,53,54,0.6666666666666667,period_min,782.8,776.2,-9.899999999999862,-0.015582371458551722,True
3,peak_load_fraction,53,54,0.6666666666666667,period_generations,13.046666666666665,12.936666666666667,-0.16499999999999646,-0.012985309548793005,True
3,peak_load_fraction,53,54,0.6666666666666667,TetR_relative_amplitude,0.9911689062452193,0.9912105900183902,6.252565975639611e-05,6.2982493832773e-05,True
3,peak_load_fraction,53,54,0.6666666666666667,TetR_free_peak,831.5065595585093,826.242594945992,-7.895946918775905,-0.010112969957180962,True
3,peak_load_fraction,53,54,0.6666666666666667,TetR_free_trough,7.343112385176339,7.262184911249478,-0.12139121089029191,-0.021434980948169504,True
3,peak_load_fraction,53,54,0.6666666666666667,CI_phase_lag_fraction_cycle,0.6176545733265202,0.6248389590311775,0.010776578556985937,0.017457214626563994,True
3,peak_load_fraction,53,54,0.6666666666666667,PLtetO1_duty_activity_gt_0p5,0.3563652521661853,0.359253499222395,0.00433237058431457,0.013229308005427326,True
3,peak_load_fraction,53,54,0.6666666666666667,C31_flux_peak_uM_h,2.5256576179085104,2.255768651921091,-0.4048334489811289,-0.060975590676715714,True
3,peak_load_fraction,53,54,0.6666666666666667,C31_flux_trough_uM_h,0.00735687262395218,0.007354300982105932,-3.857462769371773e-06,-0.0001072475591148347,True
3,peak_load_fraction,53,54,0.6666666666666667,C31_flux_trough_fraction_of_peak,0.002912854288636472,0.0032602195157924343,0.0005210478407339437,0.09617975057854827,True
3,peak_load_fraction,53,54,0.6666666666666667,C31_flux_residual_duty_above_0p5_uM_h,0.4236836258609198,0.4230171073094868,-0.0009997778271495226,-0.002283105022831051,True
3,peak_load_fraction,53,54,0.6666666666666667,C31_flux_FWHM_h,4.541666666666667,4.658333333333333,0.17499999999999935,0.04816513761467872,True
3,peak_load_fraction,53,54,0.6666666666666667,C31_flux_dose_uM_per_cycle,10.803487202112736,9.897504943672395,-1.3589733876605112,-0.05948824562458956,True
3,peak_load_fraction,53,54,0.6666666666666667,resource_min,0.9577320101261646,0.8543879221085535,-0.1550161320264166,-0.1550161320264166,True
3,oscillator_mrna_total_half_life_min,54,55,0.6666666666666667,resolved_oscillation,1.0,1.0,0.0,0.0,True
3,oscillator_mrna_total_half_life_min,54,55,0.6666666666666667,period_min,776.2,1043.0,400.1999999999999,0.6299055613850995,True
3,oscillator_mrna_total_half_life_min,54,55,0.6666666666666667,period_generations,12.936666666666667,17.383333333333333,6.669999999999997,0.5249213011542495,True
3,oscillator_mrna_total_half_life_min,54,55,0.6666666666666667,TetR_relative_amplitude,0.9912105900183902,0.9984599651662416,0.010874062721777098,0.010953512381633893,True
3,oscillator_mrna_total_half_life_min,54,55,0.6666666666666667,TetR_free_peak,826.242594945992,2714.705889274039,2832.6949414920696,3.6280586908515935,True
3,oscillator_mrna_total_half_life_min,54,55,0.6666666666666667,TetR_free_trough,7.262184911249478,4.180741632891094,-4.622164917537576,-0.8161712550693312,True
3,oscillator_mrna_total_half_life_min,54,55,0.6666666666666667,CI_phase_lag_fraction_cycle,0.6248389590311775,0.6375838926174496,0.01911740037940823,0.030968693798361452,True
3,oscillator_mrna_total_half_life_min,54,55,0.6666666666666667,PLtetO1_duty_activity_gt_0p5,0.359253499222395,0.31370806487447234,-0.06831815152188402,-0.2086160108548168,True
3,oscillator_mrna_total_half_life_min,54,55,0.6666666666666667,C31_flux_peak_uM_h,2.255768651921091,2.301073176665537,0.06795678711666885,0.01023558020059717,True
3,oscillator_mrna_total_half_life_min,54,55,0.6666666666666667,C31_flux_trough_uM_h,0.007354300982105932,0.007353696412149661,-9.068549344077268e-07,-2.5212940215184936e-05,True
3,oscillator_mrna_total_half_life_min,54,55,0.6666666666666667,C31_flux_trough_fraction_of_peak,0.0032602195157924343,0.0031957681688358263,-9.667702043491209e-05,-0.01784552393309883,True
3,oscillator_mrna_total_half_life_min,54,55,0.6666666666666667,C31_flux_residual_duty_above_0p5_uM_h,0.4230171073094868,0.35814263497000665,-0.09731170850922018,-0.22222222222222224,True
3,oscillator_mrna_total_half_life_min,54,55,0.6666666666666667,C31_flux_FWHM_h,4.658333333333333,6.033333333333333,2.0624999999999996,0.5676605504587154,True
3,oscillator_mrna_total_half_life_min,54,55,0.6666666666666667,C31_flux_dose_uM_per_cycle,9.897504943672395,13.169863746416684,4.908538204116433,0.21486831824340735,True
3,oscillator_mrna_total_half_life_min,54,55,0.6666666666666667,resource_min,0.8543879221085535,0.8514634706226684,-0.004386677228827739,-0.004386677228827739,True
3,oscillator_plasmid_copies,55,56,-0.6666666666666666,resolved_oscillation,1.0,1.0,-0.0,-0.0,True
3,oscillator_plasmid_copies,55,56,-0.6666666666666666,period_min,1043.0,975.0,102.0,0.16054564533053514,True
3,oscillator_plasmid_copies,55,56,-0.6666666666666666,period_generations,17.383333333333333,16.25,1.6999999999999993,0.1337880377754459,True
3,oscillator_plasmid_copies,55,56,-0.6666666666666666,TetR_relative_amplitude,0.9984599651662416,0.9974834398201936,0.0014647880190719609,0.0014754902665074581,True
3,oscillator_plasmid_copies,55,56,-0.6666666666666666,TetR_free_peak,2714.705889274039,1849.4060151048734,1297.949811253748,1.6623880051580662,True
3,oscillator_plasmid_copies,55,56,-0.6666666666666666,TetR_free_trough,4.180741632891094,4.654141533907265,-0.7100998515242574,-0.12538779930679253,True
3,oscillator_plasmid_copies,55,56,-0.6666666666666666,CI_phase_lag_fraction_cycle,0.6375838926174496,0.6358974358974359,0.0025296850800206605,0.00409789203001817,True
3,oscillator_plasmid_copies,55,56,-0.6666666666666666,PLtetO1_duty_activity_gt_0p5,0.31370806487447234,0.34881137524994443,-0.052654965563208145,-0.16078697421980995,True
3,oscillator_plasmid_copies,55,56,-0.6666666666666666,C31_flux_peak_uM_h,2.301073176665537,1.66701933933679,0.9510807559931205,0.14325078874755023,True
3,oscillator_plasmid_copies,55,56,-0.6666666666666666,C31_flux_trough_uM_h,0.007353696412149661,0.005091777490242822,0.0033928783828602585,0.09433089745530106,True
3,oscillator_plasmid_copies,55,56,-0.6666666666666666,C31_flux_trough_fraction_of_peak,0.0031957681688358263,0.0030544201678359313,0.00021202200149984243,0.0391369498675882,True
3,oscillator_plasmid_copies,55,56,-0.6666666666666666,C31_flux_residual_duty_above_0p5_uM_h,0.35814263497000665,0.3874694512330593,-0.043990224394579,-0.10045662100456626,True
3,oscillator_plasmid_copies,55,56,-0.6666666666666666,C31_flux_FWHM_h,6.033333333333333,5.566666666666666,0.7000000000000002,0.19266055045871563,True
3,oscillator_plasmid_copies,55,56,-0.6666666666666666,C31_flux_dose_uM_per_cycle,13.169863746416684,8.815202043261442,6.531992554732864,0.2859340595203843,True
3,oscillator_plasmid_copies,55,56,-0.6666666666666666,resource_min,0.8514634706226684,0.892392267407683,-0.0613931951775219,-0.0613931951775219,True
3,sponge_accessible_fraction,56,57,-0.6666666666666666,resolved_oscillation,1.0,1.0,-0.0,-0.0,True
3,sponge_accessible_fraction,56,57,-0.6666666666666666,period_min,975.0,985.3333333333334,-15.500000000000057,-0.02439664218258141,True
3,sponge_accessible_fraction,56,57,-0.6666666666666666,period_generations,16.25,16.422222222222224,-0.2583333333333364,-0.020330535152151344,True
3,sponge_accessible_fraction,56,57,-0.6666666666666666,TetR_relative_amplitude,0.9974834398201936,0.9977349755722108,-0.00037730362802579354,-0.00038006033871216383,True
3,sponge_accessible_fraction,56,57,-0.6666666666666666,TetR_free_peak,1849.4060151048734,1863.958373871359,-21.8285381497285,-0.02795755249980905,True
3,sponge_accessible_fraction,56,57,-0.6666666666666666,TetR_free_trough,4.654141533907265,4.221911249201048,0.6483454270593261,0.11448334500435312,True
3,sponge_accessible_fraction,56,57,-0.6666666666666666,CI_phase_lag_fraction_cycle,0.6358974358974359,0.6407307171853857,-0.007249921931924697,-0.011744306648179902,True
3,sponge_accessible_fraction,56,57,-0.6666666666666666,PLtetO1_duty_activity_gt_0p5,0.34881137524994443,0.3314818929126861,0.02599422350588751,0.07937584803256423,True
3,sponge_accessible_fraction,56,57,-0.6666666666666666,C31_flux_peak_uM_h,1.66701933933679,1.6691694861145376,-0.003225220166621412,-0.00048577928829038845,True
3,sponge_accessible_fraction,56,57,-0.6666666666666666,C31_flux_trough_uM_h,0.005091777490242822,0.005091776971935926,7.774603434998473e-10,2.1615431990940242e-08,True
3,sponge_accessible_fraction,56,57,-0.6666666666666666,C31_flux_trough_fraction_of_peak,0.0030544201678359313,0.0030504852948087806,5.902309540726071e-06,0.0010895019901911239,True
3,sponge_accessible_fraction,56,57,-0.6666666666666666,C31_flux_residual_duty_above_0p5_uM_h,0.3874694512330593,0.36925127749389025,0.027327260608753595,0.062404870624048675,True
3,sponge_accessible_fraction,56,57,-0.6666666666666666,C31_flux_FWHM_h,5.566666666666666,5.516666666666667,0.07499999999999973,0.020642201834862314,True
3,sponge_accessible_fraction,56,57,-0.6666666666666666,C31_flux_dose_uM_per_cycle,8.815202043261442,8.78122822901339,0.05096072137207752,0.0022307750377711898,True
3,sponge_accessible_fraction,56,57,-0.6666666666666666,resource_min,0.892392267407683,0.8922534733253141,0.00020819112355324743,0.00020819112355324743,True
3,Td_min,57,58,-0.6666666666666666,resolved_oscillation,1.0,1.0,-0.0,-0.0,True
3,Td_min,57,58,-0.6666666666666666,period_min,985.3333333333334,734.4,376.4000000000001,0.5924449108079749,True
3,Td_min,57,58,-0.6666666666666666,period_generations,16.422222222222224,15.737142857142855,1.027619047619054,0.08087243291860341,True
3,Td_min,57,58,-0.6666666666666666,TetR_relative_amplitude,0.9977349755722108,0.9968127485722764,0.0013833404999015753,0.001393447663617231,True
3,Td_min,57,58,-0.6666666666666666,TetR_free_peak,1863.958373871359,1428.649959003558,652.9626223017016,0.8363013898683758,True
3,Td_min,57,58,-0.6666666666666666,TetR_free_trough,4.221911249201048,4.553466621551227,-0.49733305852526843,-0.0878179281366452,True
3,Td_min,57,58,-0.6666666666666666,CI_phase_lag_fraction_cycle,0.6407307171853857,0.6389569716775599,0.0026606182617385787,0.00430999354655255,True
3,Td_min,57,58,-0.6666666666666666,PLtetO1_duty_activity_gt_0p5,0.3314818929126861,0.34903354810042214,-0.026327482781604072,-0.08039348710990497,True
3,Td_min,57,58,-0.6666666666666666,C31_flux_peak_uM_h,1.6691694861145376,1.667537201383595,0.0024484270964140187,0.00036877952849118464,True
3,Td_min,57,58,-0.6666666666666666,C31_flux_trough_uM_h,0.005091776971935926,0.005091807928594898,-4.643498845852134e-08,-1.291014189234284e-06,True
3,Td_min,57,58,-0.6666666666666666,C31_flux_trough_fraction_of_peak,0.0030504852948087806,0.0030534898558005814,-4.506841487701176e-06,-0.0008319138019525705,True
3,Td_min,57,58,-0.6666666666666666,C31_flux_residual_duty_above_0p5_uM_h,0.36925127749389025,0.38658075983114865,-0.025994223505887593,-0.05936073059360734,True
3,Td_min,57,58,-0.6666666666666666,C31_flux_FWHM_h,5.516666666666667,4.183333333333334,1.9999999999999996,0.5504587155963302,True
3,Td_min,57,58,-0.6666666666666666,C31_flux_dose_uM_per_cycle,8.78122822901339,6.6331885745945325,3.2220594816282864,0.1410437228576723,True
3,Td_min,57,58,-0.6666666666666666,resource_min,0.8922534733253141,0.8923588389048831,-0.00015804836935345845,-0.00015804836935345845,True
3,sponge_plasmid_copies,58,59,0.6666666666666667,resolved_oscillation,1.0,1.0,0.0,0.0,True
3,sponge_plasmid_copies,58,59,0.6666666666666667,period_min,734.4,705.4,-43.49999999999999,-0.06846799580272821,True
3,sponge_plasmid_copies,58,59,0.6666666666666667,period_generations,15.737142857142855,15.115714285714283,-0.9321428571428577,-0.07335856693149458,True
3,sponge_plasmid_copies,58,59,0.6666666666666667,TetR_relative_amplitude,0.9968127485722764,0.9956310691609688,-0.0017725191169614682,-0.0017854697541368663,True
3,sponge_plasmid_copies,58,59,0.6666666666666667,TetR_free_peak,1428.649959003558,1366.5863724120059,-93.09537988732824,-0.1192346895993133,True
3,sponge_plasmid_copies,58,59,0.6666666666666667,TetR_free_trough,4.553466621551227,5.970521346630703,2.1255820876192146,0.37533039845088134,True
3,sponge_plasmid_copies,58,59,0.6666666666666667,CI_phase_lag_fraction_cycle,0.6389569716775599,0.6214913524241565,-0.026198428880105092,-0.04243940629396592,True
3,sponge_plasmid_copies,58,59,0.6666666666666667,PLtetO1_duty_activity_gt_0p5,0.34903354810042214,0.3570317707176183,0.011997333925794272,0.03663500678426052,True
3,sponge_plasmid_copies,58,59,0.6666666666666667,C31_flux_peak_uM_h,1.667537201383595,1.6556837425621658,-0.017780188232143775,-0.0026780333555113276,True
3,sponge_plasmid_copies,58,59,0.6666666666666667,C31_flux_trough_uM_h,0.005091807928594898,0.005091817103538882,1.3762415975067386e-08,3.8263117730345957e-07,True
3,sponge_plasmid_copies,58,59,0.6666666666666667,C31_flux_trough_fraction_of_peak,0.0030534898558005814,0.0030753561037322923,3.279937189756636e-05,0.0060544064510417795,True
3,sponge_plasmid_copies,58,59,0.6666666666666667,C31_flux_residual_duty_above_0p5_uM_h,0.38658075983114865,0.39991113085980895,0.019995556542990452,0.04566210045662102,True
3,sponge_plasmid_copies,58,59,0.6666666666666667,C31_flux_FWHM_h,4.183333333333334,4.283333333333333,0.14999999999999944,0.04128440366972461,True
3,sponge_plasmid_copies,58,59,0.6666666666666667,C31_flux_dose_uM_per_cycle,6.6331885745945325,6.674809468618268,0.062431341035603875,0.0027328945393052155,True
3,sponge_plasmid_copies,58,59,0.6666666666666667,resource_min,0.8923588389048831,0.8931239912921721,0.0011477285809335378,0.0011477285809335378,True
3,oscillator_promoter_leak,59,60,0.6666666666666666,resolved_oscillation,1.0,1.0,0.0,0.0,True
3,oscillator_promoter_leak,59,60,0.6666666666666666,period_min,705.4,519.8571428571429,-278.31428571428563,-0.43806026083046007,True
3,oscillator_promoter_leak,59,60,0.6666666666666666,period_generations,15.115714285714283,11.139795918367346,-5.963877551020405,-0.4693502794612071,True
3,oscillator_promoter_leak,59,60,0.6666666666666666,TetR_relative_amplitude,0.9956310691609688,0.9553744777371995,-0.060384887135653875,-0.06082607998750406,True
3,oscillator_promoter_leak,59,60,0.6666666666666666,TetR_free_peak,1366.5863724120059,327.88911818797334,-1558.045881336049,-1.9955138189180859,True
3,oscillator_promoter_leak,59,60,0.6666666666666666,TetR_free_trough,5.970521346630703,14.632223143427428,12.992552695195085,2.2941950858475804,True
3,oscillator_promoter_leak,59,60,0.6666666666666666,CI_phase_lag_fraction_cycle,0.6214913524241565,0.5645781808189063,-0.08536975740787534,-0.13829233181999862,True
3,oscillator_promoter_leak,59,60,0.6666666666666666,PLtetO1_duty_activity_gt_0p5,0.3570317707176183,0.23283714730059987,-0.1862919351255277,-0.5688602442333787,True
3,oscillator_promoter_leak,59,60,0.6666666666666666,C31_flux_peak_uM_h,1.6556837425621658,1.2048576318717892,-0.6762391660355649,-0.10185443592056127,True
3,oscillator_promoter_leak,59,60,0.6666666666666666,C31_flux_trough_uM_h,0.005091817103538882,0.005108792232233513,2.5462693041946715e-05,0.0007079294967981794,True
3,oscillator_promoter_leak,59,60,0.6666666666666666,C31_flux_trough_fraction_of_peak,0.0030753561037322923,0.004240162569495304,0.0017472096986445172,0.3225158610912612,True
3,oscillator_promoter_leak,59,60,0.6666666666666666,C31_flux_residual_duty_above_0p5_uM_h,0.39991113085980895,0.3377027327260609,-0.0933125972006221,-0.21308980213089806,True
3,oscillator_promoter_leak,59,60,0.6666666666666666,C31_flux_FWHM_h,4.283333333333333,2.6333333333333333,-2.475,-0.6811926605504588,True
3,oscillator_promoter_leak,59,60,0.6666666666666666,C31_flux_dose_uM_per_cycle,6.674809468618268,3.033590021631044,-5.461829170480837,-0.239088298713823,True
3,oscillator_promoter_leak,59,60,0.6666666666666666,resource_min,0.8931239912921721,0.9222252586980467,0.0436519011088119,0.0436519011088119,True
3,c31_tx_scale,60,61,0.6666666666666667,resolved_oscillation,1.0,1.0,0.0,0.0,True
3,c31_tx_scale,60,61,0.6666666666666667,period_min,519.8571428571429,514.7142857142857,-7.714285714285835,-0.012142107630040663,True
3,c31_tx_scale,60,61,0.6666666666666667,period_generations,11.139795918367346,11.029591836734692,-0.16530612244898088,-0.013009401032186323,True
3,c31_tx_scale,60,61,0.6666666666666667,TetR_relative_amplitude,0.9553744777371995,0.9562435030278362,0.0013035379359550567,0.0013130620345621624,True
3,c31_tx_scale,60,61,0.6666666666666667,TetR_free_peak,327.88911818797334,331.9391663274779,6.07507220925683,0.007780830262907059,True
3,c31_tx_scale,60,61,0.6666666666666667,TetR_free_trough,14.632223143427428,14.524495126350846,-0.1615920256148726,-0.028533548393065076,True
3,c31_tx_scale,60,61,0.6666666666666667,CI_phase_lag_fraction_cycle,0.5645781808189063,0.5723563696919235,0.011667283309525765,0.018900086680227867,True
3,c31_tx_scale,60,61,0.6666666666666667,PLtetO1_duty_activity_gt_0p5,0.23283714730059987,0.23194845589868918,-0.001333037102866044,-0.0040705563093623226,True
3,c31_tx_scale,60,61,0.6666666666666667,C31_flux_peak_uM_h,1.2048576318717892,2.057424954865942,1.278850984491229,0.19261919775430178,True
3,c31_tx_scale,60,61,0.6666666666666667,C31_flux_trough_uM_h,0.005108792232233513,0.0091919296606952,0.006124706142692529,0.17028285776725322,True
3,c31_tx_scale,60,61,0.6666666666666667,C31_flux_trough_fraction_of_peak,0.004240162569495304,0.004467686483026123,0.00034128587029622846,0.06299765072404351,True
3,c31_tx_scale,60,61,0.6666666666666667,C31_flux_residual_duty_above_0p5_uM_h,0.3377027327260609,0.3812486114196845,0.06531881804043545,0.1491628614916286,True
3,c31_tx_scale,60,61,0.6666666666666667,C31_flux_FWHM_h,2.6333333333333333,2.6333333333333333,0.0,0.0,True
3,c31_tx_scale,60,61,0.6666666666666667,C31_flux_dose_uM_per_cycle,3.033590021631044,5.159628739979576,3.1890580775227977,0.13959910617039242,True
3,c31_tx_scale,60,61,0.6666666666666667,resource_min,0.9222252586980467,0.8671912021968174,-0.0825510847518439,-0.0825510847518439,True
3,c31_promoter_leak,61,62,0.6666666666666667,resolved_oscillation,1.0,1.0,0.0,0.0,True
3,c31_promoter_leak,61,62,0.6666666666666667,period_min,514.7142857142857,515.5714285714286,1.2857142857143342,0.002023684605006822,True
3,c31_promoter_leak,61,62,0.6666666666666667,period_generations,11.029591836734692,11.047959183673468,0.027551020408163925,0.002168233505364422,True
3,c31_promoter_leak,61,62,0.6666666666666667,TetR_relative_amplitude,0.9562435030278362,0.956620998183228,0.0005662427330876406,0.0005703798981648752,True
3,c31_promoter_leak,61,62,0.6666666666666667,TetR_free_peak,331.9391663274779,334.12073464276574,3.2723524729317712,0.004191163211770453,True
3,c31_promoter_leak,61,62,0.6666666666666667,TetR_free_trough,14.524495126350846,14.49382395508976,-0.04600675689163047,-0.008123767365253552,True
3,c31_promoter_leak,61,62,0.6666666666666667,CI_phase_lag_fraction_cycle,0.5723563696919235,0.5725685785536159,0.0003183132925385634,0.000515642644550826,True
3,c31_promoter_leak,61,62,0.6666666666666667,PLtetO1_duty_activity_gt_0p5,0.23194845589868918,0.238169295712064,0.009331259720062225,0.028493894165536004,True
3,c31_promoter_leak,61,62,0.6666666666666667,C31_flux_peak_uM_h,2.057424954865942,2.074906205358196,0.02622187573838119,0.003949511498675016,True
3,c31_promoter_leak,61,62,0.6666666666666667,C31_flux_trough_uM_h,0.0091919296606952,0.06728618018218635,0.08714137578223671,2.422758276439697,True
3,c31_promoter_leak,61,62,0.6666666666666667,C31_flux_trough_fraction_of_peak,0.004467686483026123,0.03242854062917536,0.04194128121922385,7.741903240454044,True
3,c31_promoter_leak,61,62,0.6666666666666667,C31_flux_residual_duty_above_0p5_uM_h,0.3812486114196845,0.38813596978449233,0.010331037547211706,0.023592085235920796,True
3,c31_promoter_leak,61,62,0.6666666666666667,C31_flux_FWHM_h,2.6333333333333333,2.6333333333333333,0.0,0.0,True
3,c31_promoter_leak,61,62,0.6666666666666667,C31_flux_dose_uM_per_cycle,5.159628739979576,5.570288675107265,0.6159899026915333,0.026964588833240002,True
3,c31_promoter_leak,61,62,0.6666666666666667,resource_min,0.8671912021968174,0.8660627703400534,-0.0016926477851460506,-0.0016926477851460506,True
3,oscillator_tx_scale,62,63,0.6666666666666666,resolved_oscillation,1.0,0.0,-1.5,-1.5,True
3,oscillator_tx_scale,62,63,0.6666666666666666,period_min,515.5714285714286,,,,False
3,oscillator_tx_scale,62,63,0.6666666666666666,period_generations,11.047959183673468,,,,False
3,oscillator_tx_scale,62,63,0.6666666666666666,TetR_relative_amplitude,0.956620998183228,,,,False
3,oscillator_tx_scale,62,63,0.6666666666666666,TetR_free_peak,334.12073464276574,22.56319768439887,-467.3363054375503,-0.5985549377936523,True
3,oscillator_tx_scale,62,63,0.6666666666666666,TetR_free_trough,14.49382395508976,22.563197190052236,12.104059852443715,2.137307062264288,True
3,oscillator_tx_scale,62,63,0.6666666666666666,CI_phase_lag_fraction_cycle,0.5725685785536159,,,,False
3,oscillator_tx_scale,62,63,0.6666666666666666,PLtetO1_duty_activity_gt_0p5,0.238169295712064,0.0,-0.35725394356809603,-1.090909090909091,True
3,oscillator_tx_scale,62,63,0.6666666666666666,C31_flux_peak_uM_h,2.074906205358196,0.958522127343862,-1.6745761170215012,-0.2522229033334318,True
3,oscillator_tx_scale,62,63,0.6666666666666666,C31_flux_trough_uM_h,0.06728618018218635,0.9585220691166872,1.3368538334017515,37.1680348191663,True
3,oscillator_tx_scale,62,63,0.6666666666666666,C31_flux_trough_fraction_of_peak,0.03242854062917536,0.9999999392531762,1.4513570979360013,267.90469658844245,True
3,oscillator_tx_scale,62,63,0.6666666666666666,C31_flux_residual_duty_above_0p5_uM_h,0.38813596978449233,1.0,0.9177960453232614,2.095890410958904,True
3,oscillator_tx_scale,62,63,0.6666666666666666,C31_flux_FWHM_h,2.6333333333333333,,,,False
3,oscillator_tx_scale,62,63,0.6666666666666666,C31_flux_dose_uM_per_cycle,5.570288675107265,,,,False
3,oscillator_tx_scale,62,63,0.6666666666666666,resource_min,0.8660627703400534,0.938126457006748,0.1080955300000419,0.1080955300000419,True
4,oscillator_plasmid_copies,64,65,-0.6666666666666666,resolved_oscillation,1.0,1.0,-0.0,-0.0,True
4,oscillator_plasmid_copies,64,65,-0.6666666666666666,period_min,558.1428571428571,547.0,16.714285714285666,0.026307899865087615,True
4,oscillator_plasmid_copies,64,65,-0.6666666666666666,period_generations,10.465178571428572,10.256250000000001,0.3133928571428557,0.024663656123519596,True
4,oscillator_plasmid_copies,64,65,-0.6666666666666666,TetR_relative_amplitude,0.9800432166643726,0.9792002487621989,0.001264451853260462,0.0012736903754409208,True
4,oscillator_plasmid_copies,64,65,-0.6666666666666666,TetR_free_peak,574.0736643268755,499.5414372473211,111.79834061933158,0.14318906542513352,True
4,oscillator_plasmid_copies,64,65,-0.6666666666666666,TetR_free_trough,11.456663737661218,10.390337627717905,1.5994891649149698,0.28243411961465015,True
4,oscillator_plasmid_copies,64,65,-0.6666666666666666,CI_phase_lag_fraction_cycle,0.6037880726900435,0.6160877513711152,-0.018449518021607436,-0.029886776601380054,True
4,oscillator_plasmid_copies,64,65,-0.6666666666666666,PLtetO1_duty_activity_gt_0p5,0.19684514552321705,0.23105976449677848,-0.05132192846034214,-0.15671641791044774,True
4,oscillator_plasmid_copies,64,65,-0.6666666666666666,C31_flux_peak_uM_h,0.6465832783494285,0.44748174842249105,0.29865229489040623,0.044982696300739915,True
4,oscillator_plasmid_copies,64,65,-0.6666666666666666,C31_flux_trough_uM_h,0.007335806460396173,0.004684317265011902,0.003977233793076407,0.11057750698808377,True
4,oscillator_plasmid_copies,64,65,-0.6666666666666666,C31_flux_trough_fraction_of_peak,0.011345493621676578,0.01046817502954152,0.0013159778882025873,0.2429151704686531,True
4,oscillator_plasmid_copies,64,65,-0.6666666666666666,C31_flux_residual_duty_above_0p5_uM_h,0.19062430570984226,0.0,0.2859364585647634,0.6529680365296805,True
4,oscillator_plasmid_copies,64,65,-0.6666666666666666,C31_flux_FWHM_h,2.6333333333333333,2.7666666666666666,-0.19999999999999996,-0.05504587155963302,True
4,oscillator_plasmid_copies,64,65,-0.6666666666666666,C31_flux_dose_uM_per_cycle,1.6806713125013768,1.2148471795109572,0.6987361994856294,0.030586758386307113,True
4,oscillator_plasmid_copies,64,65,-0.6666666666666666,resource_min,0.9891791447629007,0.9925111963407334,-0.00499807736674901,-0.00499807736674901,True
4,c31_mrna_total_half_life_min,65,66,0.6666666666666666,resolved_oscillation,1.0,1.0,0.0,0.0,True
4,c31_mrna_total_half_life_min,65,66,0.6666666666666666,period_min,547.0,545.875,-1.6875,-0.0026560860440713535,True
4,c31_mrna_total_half_life_min,65,66,0.6666666666666666,period_generations,10.256250000000001,10.235156250000001,-0.03164062500000053,-0.002490080666316936,True
4,c31_mrna_total_half_life_min,65,66,0.6666666666666666,TetR_relative_amplitude,0.9792002487621989,0.9792546565570673,8.161169230264109e-05,8.220797552811825e-05,True
4,c31_mrna_total_half_life_min,65,66,0.6666666666666666,TetR_free_peak,499.5414372473211,498.68134261381465,-1.2901419502596525,-0.0016523878538810392,True
4,c31_mrna_total_half_life_min,65,66,0.6666666666666666,TetR_free_trough,10.390337627717905,10.345315721106395,-0.06753285991726443,-0.011924797150348963,True
4,c31_mrna_total_half_life_min,65,66,0.6666666666666666,CI_phase_lag_fraction_cycle,0.6160877513711152,0.6182734142431875,0.003278494308108504,0.005310904429079388,True
4,c31_mrna_total_half_life_min,65,66,0.6666666666666666,PLtetO1_duty_activity_gt_0p5,0.23105976449677848,0.2323928015996445,0.0019995556542990456,0.006105834464043422,True
4,c31_mrna_total_half_life_min,65,66,0.6666666666666666,C31_flux_peak_uM_h,0.44748174842249105,2.026905679839479,2.3691358971254823,0.356836770983741,True
4,c31_mrna_total_half_life_min,65,66,0.6666666666666666,C31_flux_trough_uM_h,0.004684317265011902,0.02173816540173946,0.02558077220509134,0.7112124065206356,True
4,c31_mrna_total_half_life_min,65,66,0.6666666666666666,C31_flux_trough_fraction_of_peak,0.01046817502954152,0.010724803634405434,0.00038494290729587134,0.07105626377521658,True
4,c31_mrna_total_half_life_min,65,66,0.6666666666666666,C31_flux_residual_duty_above_0p5_uM_h,0.0,0.3648078204843368,0.5472117307265052,1.2496194824961948,True
4,c31_mrna_total_half_life_min,65,66,0.6666666666666666,C31_flux_FWHM_h,2.7666666666666666,2.783333333333333,0.02499999999999991,0.006880733944954104,True
4,c31_mrna_total_half_life_min,65,66,0.6666666666666666,C31_flux_dose_uM_per_cycle,1.2148471795109572,5.544172217728546,6.493987557326384,0.28427041353496096,True
4,c31_mrna_total_half_life_min,65,66,0.6666666666666666,resource_min,0.9925111963407334,0.9660788429345304,-0.03964853010930447,-0.03964853010930447,True
4,Td_min,66,67,-0.6666666666666666,resolved_oscillation,1.0,1.0,-0.0,-0.0,True
4,Td_min,66,67,-0.6666666666666666,period_min,545.875,396.3,224.36249999999998,0.3531413955928646,True
4,Td_min,66,67,-0.6666666666666666,period_generations,10.235156250000001,9.9075,0.49148437500000064,0.038679253016789136,True
4,Td_min,66,67,-0.6666666666666666,TetR_relative_amplitude,0.9792546565570673,0.9758537755639964,0.0051013214896063475,0.005138593507208168,True
4,Td_min,66,67,-0.6666666666666666,TetR_free_peak,498.68134261381465,410.72229458695824,131.9385720402846,0.16898426863330626,True
4,Td_min,66,67,-0.6666666666666666,TetR_free_trough,10.345315721106395,9.917392705967071,0.6418845227089864,0.1133424933673871,True
4,Td_min,66,67,-0.6666666666666666,CI_phase_lag_fraction_cycle,0.6182734142431875,0.6194801917739087,-0.0018101662960817722,-0.002932327860217455,True
4,Td_min,66,67,-0.6666666666666666,PLtetO1_duty_activity_gt_0p5,0.2323928015996445,0.25327704954454566,-0.03132637191735173,-0.09565807327001365,True
4,Td_min,66,67,-0.6666666666666666,C31_flux_peak_uM_h,2.026905679839479,2.0859951465805517,-0.08863420011160894,-0.013349990519719893,True
4,Td_min,66,67,-0.6666666666666666,C31_flux_trough_uM_h,0.02173816540173946,0.02190113223491325,-0.0002444502497606811,-0.006796356615546652,True
4,Td_min,66,67,-0.6666666666666666,C31_flux_trough_fraction_of_peak,0.010724803634405434,0.010499129046783488,0.0003385118814329194,0.06248560262380587,True
4,Td_min,66,67,-0.6666666666666666,C31_flux_residual_duty_above_0p5_uM_h,0.3648078204843368,0.38880248833592534,-0.03599200177738282,-0.08219178082191785,True
4,Td_min,66,67,-0.6666666666666666,C31_flux_FWHM_h,2.783333333333333,2.15,0.95,0.26146788990825687,True
4,Td_min,66,67,-0.6666666666666666,C31_flux_dose_uM_per_cycle,5.544172217728546,4.370784770845019,1.7600811703252899,0.0770464984305361,True
4,Td_min,66,67,-0.6666666666666666,resource_min,0.9660788429345304,0.9650899547478843,0.0014833322799691628,0.0014833322799691628,True
4,peak_load_fraction,67,68,0.6666666666666667,resolved_oscillation,1.0,1.0,0.0,0.0,True
4,peak_load_fraction,67,68,0.6666666666666667,period_min,396.3,393.2,-4.650000000000033,-0.007318992654774448,True
4,peak_load_fraction,67,68,0.6666666666666667,period_generations,9.9075,9.83,-0.11625000000000084,-0.009148740818468061,True
4,peak_load_fraction,67,68,0.6666666666666667,TetR_relative_amplitude,0.9758537755639964,0.9759929106005186,0.0002087025547832799,0.00021022740776721282,True
4,peak_load_fraction,67,68,0.6666666666666667,TetR_free_peak,410.72229458695824,407.3445247668119,-5.06665473021951,-0.00648926944383033,True
4,peak_load_fraction,67,68,0.6666666666666667,TetR_free_trough,9.917392705967071,9.779156422466114,-0.2073544252514354,-0.0366141677159809,True
4,peak_load_fraction,67,68,0.6666666666666667,CI_phase_lag_fraction_cycle,0.6194801917739087,0.628179043743642,0.01304827795459995,0.02113719002334481,True
4,peak_load_fraction,67,68,0.6666666666666667,PLtetO1_duty_activity_gt_0p5,0.25327704954454566,0.26349700066651854,0.01532992668295932,0.04681139755766614,True
4,peak_load_fraction,67,68,0.6666666666666667,C31_flux_peak_uM_h,2.0859951465805517,1.9127608931943267,-0.25985138007933745,-0.039138543093152234,True
4,peak_load_fraction,67,68,0.6666666666666667,C31_flux_trough_uM_h,0.02190113223491325,0.021887214354644385,-2.0876820403295176e-05,-0.0005804302372299574,True
4,peak_load_fraction,67,68,0.6666666666666667,C31_flux_trough_fraction_of_peak,0.010499129046783488,0.011442734129770163,0.0014154076244800122,0.2612688157342836,True
4,peak_load_fraction,67,68,0.6666666666666667,C31_flux_residual_duty_above_0p5_uM_h,0.38880248833592534,0.3994667851588536,0.01599644523439236,0.036529680365296816,True
4,peak_load_fraction,67,68,0.6666666666666667,C31_flux_FWHM_h,2.15,2.2,0.07500000000000039,0.02064220183486249,True
4,peak_load_fraction,67,68,0.6666666666666667,C31_flux_dose_uM_per_cycle,4.370784770845019,4.111722605063625,-0.38859324867209105,-0.01701043658026173,True
4,peak_load_fraction,67,68,0.6666666666666667,resource_min,0.9650899547478843,0.8765294091970259,-0.1328408183262875,-0.1328408183262875,True
4,sponge_plasmid_copies,68,69,-0.6666666666666666,resolved_oscillation,1.0,1.0,-0.0,-0.0,True
4,sponge_plasmid_copies,68,69,-0.6666666666666666,period_min,393.2,423.8,-45.900000000000034,-0.07224554039874087,True
4,sponge_plasmid_copies,68,69,-0.6666666666666666,period_generations,9.83,10.595,-1.1475000000000009,-0.09030692549842609,True
4,sponge_plasmid_copies,68,69,-0.6666666666666666,TetR_relative_amplitude,0.9759929106005186,0.9727029415762587,0.004934953536389897,0.004971010012235861,True
4,sponge_plasmid_copies,68,69,-0.6666666666666666,TetR_free_peak,407.3445247668119,389.6777536122026,26.50015673191396,0.03394086759286112,True
4,sponge_plasmid_copies,68,69,-0.6666666666666666,TetR_free_trough,9.779156422466114,10.63705640678456,-1.2868499764776677,-0.2272290104584264,True
4,sponge_plasmid_copies,68,69,-0.6666666666666666,CI_phase_lag_fraction_cycle,0.628179043743642,0.6559697970740915,-0.04168612999567434,-0.06752827109617142,True
4,sponge_plasmid_copies,68,69,-0.6666666666666666,PLtetO1_duty_activity_gt_0p5,0.26349700066651854,0.1919573428127083,0.10730948678071538,0.3276797829036634,True
4,sponge_plasmid_copies,68,69,-0.6666666666666666,C31_flux_peak_uM_h,1.9127608931943267,1.8119966370386353,0.1511463842335371,0.022765510311672312,True
4,sponge_plasmid_copies,68,69,-0.6666666666666666,C31_flux_trough_uM_h,0.021887214354644385,0.02193912788273144,-7.787029213058086e-05,-0.002164997890549707,True
4,sponge_plasmid_copies,68,69,-0.6666666666666666,C31_flux_trough_fraction_of_peak,0.011442734129770163,0.01210770894066712,-0.0009974622163454365,-0.18412065012014225,True
4,sponge_plasmid_copies,68,69,-0.6666666666666666,C31_flux_residual_duty_above_0p5_uM_h,0.3994667851588536,0.3265940902021773,0.10930904243501446,0.2496194824961949,True
4,sponge_plasmid_copies,68,69,-0.6666666666666666,C31_flux_FWHM_h,2.2,1.9666666666666666,0.3500000000000004,0.09633027522935791,True
4,sponge_plasmid_copies,68,69,-0.6666666666666666,C31_flux_dose_uM_per_cycle,4.111722605063625,3.6172585148120158,0.7416961353774143,0.03246730383447563,True
4,sponge_plasmid_copies,68,69,-0.6666666666666666,resource_min,0.8765294091970259,0.8830338407146467,-0.009756647276431218,-0.009756647276431218,True
4,hill_n,69,70,0.6666666666666667,resolved_oscillation,1.0,1.0,0.0,0.0,True
4,hill_n,69,70,0.6666666666666667,period_min,423.8,554.1428571428571,195.51428571428562,0.3077349722680256,True
4,hill_n,69,70,0.6666666666666667,period_generations,10.595,13.853571428571428,4.88785714285714,0.384668715335032,True
4,hill_n,69,70,0.6666666666666667,TetR_relative_amplitude,0.9727029415762587,0.9886151292896669,0.02386828157011228,0.024042671483121877,True
4,hill_n,69,70,0.6666666666666667,TetR_free_peak,389.6777536122026,655.1853689757231,398.26142304528076,0.510085218124219,True
4,hill_n,69,70,0.6666666666666667,TetR_free_trough,10.63705640678456,7.459200717090556,-4.766783534541005,-0.8417076779905974,True
4,hill_n,69,70,0.6666666666666667,CI_phase_lag_fraction_cycle,0.6559697970740915,0.6546145913895334,-0.002032808526837237,-0.003292990865333821,True
4,hill_n,69,70,0.6666666666666667,PLtetO1_duty_activity_gt_0p5,0.1919573428127083,0.29260164407909356,0.15096645189957789,0.4609905020352782,True
4,hill_n,69,70,0.6666666666666667,C31_flux_peak_uM_h,1.8119966370386353,2.325318456347564,0.7699827289633928,0.11597399332385931,True
4,hill_n,69,70,0.6666666666666667,C31_flux_trough_uM_h,0.02193912788273144,0.021477572292711106,-0.0006923333850305003,-0.01924867978708314,True
4,hill_n,69,70,0.6666666666666667,C31_flux_trough_fraction_of_peak,0.01210770894066712,0.009236400388119943,-0.004306962828820766,-0.7950183807374794,True
4,hill_n,69,70,0.6666666666666667,C31_flux_residual_duty_above_0p5_uM_h,0.3265940902021773,0.3648078204843368,0.05732059542323927,0.1308980213089802,True
4,hill_n,69,70,0.6666666666666667,C31_flux_FWHM_h,1.9666666666666666,2.9,1.4,0.38532110091743116,True
4,hill_n,69,70,0.6666666666666667,C31_flux_dose_uM_per_cycle,3.6172585148120158,6.522892488876076,4.35845096109609,0.19078857884241604,True
4,hill_n,69,70,0.6666666666666667,resource_min,0.8830338407146467,0.8498984140506869,-0.049703139995939775,-0.049703139995939775,True
4,K_copies,70,71,-0.6666666666666666,resolved_oscillation,1.0,1.0,-0.0,-0.0,True
4,K_copies,70,71,-0.6666666666666666,period_min,554.1428571428571,584.8571428571429,-46.07142857142867,-0.07251536501274186,True
4,K_copies,70,71,-0.6666666666666666,period_generations,13.853571428571428,14.621428571428572,-1.1517857142857162,-0.0906442062659273,True
4,K_copies,70,71,-0.6666666666666666,TetR_relative_amplitude,0.9886151292896669,0.9903174935574587,-0.0025535464016877008,-0.0025722034940949693,True
4,K_copies,70,71,-0.6666666666666666,TetR_free_peak,655.1853689757231,502.0085138140245,229.7652827425479,0.2942787515520433,True
4,K_copies,70,71,-0.6666666666666666,TetR_free_trough,7.459200717090556,4.860700669214906,3.8977500718134745,0.6882557469960108,True
4,K_copies,70,71,-0.6666666666666666,CI_phase_lag_fraction_cycle,0.6546145913895334,0.6369076697606253,0.02656038244336212,0.04302574276478684,True
4,K_copies,70,71,-0.6666666666666666,PLtetO1_duty_activity_gt_0p5,0.29260164407909356,0.2803821373028216,0.018329260164407973,0.05597014925373153,True
4,K_copies,70,71,-0.6666666666666666,C31_flux_peak_uM_h,2.325318456347564,2.2043754325549316,0.1814145356889485,0.027324467626911434,True
4,K_copies,70,71,-0.6666666666666666,C31_flux_trough_uM_h,0.021477572292711106,0.021477030062603427,8.133451615179726e-07,2.2613123834470536e-05,True
4,K_copies,70,71,-0.6666666666666666,C31_flux_trough_fraction_of_peak,0.009236400388119943,0.009742909372615788,-0.0007597634767437678,-0.14024405434436696,True
4,K_copies,70,71,-0.6666666666666666,C31_flux_residual_duty_above_0p5_uM_h,0.3648078204843368,0.357920462119529,0.010331037547211708,0.023592085235920802,True
4,K_copies,70,71,-0.6666666666666666,C31_flux_FWHM_h,2.9,3.0,-0.15000000000000013,-0.04128440366972481,True
4,K_copies,70,71,-0.6666666666666666,C31_flux_dose_uM_per_cycle,6.522892488876076,6.344837833368598,0.267081983261217,0.011691353757484233,True
4,K_copies,70,71,-0.6666666666666666,resource_min,0.8498984140506869,0.857705404801233,-0.011710486125819208,-0.011710486125819208,True
4,oscillator_promoter_leak,71,72,0.6666666666666667,resolved_oscillation,1.0,1.0,0.0,0.0,True
4,oscillator_promoter_leak,71,72,0.6666666666666667,period_min,584.8571428571429,277.0,-461.7857142857143,-0.7268400539649228,True
4,oscillator_promoter_leak,71,72,0.6666666666666667,period_generations,14.621428571428572,6.925,-11.544642857142858,-0.9085500674561535,True
4,oscillator_promoter_leak,71,72,0.6666666666666667,TetR_relative_amplitude,0.9903174935574587,0.031073148280153163,-1.438866517915958,-1.4493793739066463,True
4,oscillator_promoter_leak,71,72,0.6666666666666667,TetR_free_peak,502.0085138140245,19.78422297976054,-723.3364362513959,-0.9264347549437114,True
4,oscillator_promoter_leak,71,72,0.6666666666666667,TetR_free_trough,4.860700669214906,19.169464885502826,21.463146324431875,3.789913035530683,True
4,oscillator_promoter_leak,71,72,0.6666666666666667,CI_phase_lag_fraction_cycle,0.6369076697606253,0.6669675090252708,0.04508975889696825,0.07304188378176227,True
4,oscillator_promoter_leak,71,72,0.6666666666666667,PLtetO1_duty_activity_gt_0p5,0.2803821373028216,0.0,-0.4205732059542323,-1.284260515603799,True
4,oscillator_promoter_leak,71,72,0.6666666666666667,C31_flux_peak_uM_h,2.2043754325549316,0.10624447667347449,-3.147196433822185,-0.4740274352599417,True
4,oscillator_promoter_leak,71,72,0.6666666666666667,C31_flux_trough_uM_h,0.021477030062603427,0.09636079053439622,0.11232564070768918,3.1229467430145794,True
4,oscillator_promoter_leak,71,72,0.6666666666666667,C31_flux_trough_fraction_of_peak,0.009742909372615788,0.9069722356536782,1.3458439894215934,248.42812713296146,True
4,oscillator_promoter_leak,71,72,0.6666666666666667,C31_flux_residual_duty_above_0p5_uM_h,0.357920462119529,0.0,-0.5368806931792934,-1.226027397260274,True
4,oscillator_promoter_leak,71,72,0.6666666666666667,C31_flux_FWHM_h,3.0,2.6166666666666667,-0.5749999999999998,-0.15825688073394492,True
4,oscillator_promoter_leak,71,72,0.6666666666666667,C31_flux_dose_uM_per_cycle,6.344837833368598,0.4635099086700721,-8.821991887047789,-0.38617740791693717,True
4,oscillator_promoter_leak,71,72,0.6666666666666667,resource_min,0.857705404801233,0.9931418148755021,0.20315461511140362,0.20315461511140362,True
4,oscillator_tx_scale,72,73,-0.6666666666666666,resolved_oscillation,1.0,1.0,-0.0,-0.0,True
4,oscillator_tx_scale,72,73,-0.6666666666666666,period_min,277.0,378.54545454545456,-152.31818181818184,-0.23974530191739007,True
4,oscillator_tx_scale,72,73,-0.6666666666666666,period_generations,6.925,9.463636363636365,-3.8079545454545474,-0.2996816273967377,True
4,oscillator_tx_scale,72,73,-0.6666666666666666,TetR_relative_amplitude,0.031073148280153163,0.9166952656009264,-1.3284331759811598,-1.3381391678146277,True
4,oscillator_tx_scale,72,73,-0.6666666666666666,TetR_free_peak,19.78422297976054,92.53713388838567,-109.12936636293769,-0.13977069689390417,True
4,oscillator_tx_scale,72,73,-0.6666666666666666,TetR_free_trough,19.169464885502826,7.708781360623475,17.191025287319025,3.0355517241376564,True
4,oscillator_tx_scale,72,73,-0.6666666666666666,CI_phase_lag_fraction_cycle,0.6669675090252708,0.5906820365033622,0.11442820878286297,0.1853647509265144,True
4,oscillator_tx_scale,72,73,-0.6666666666666666,PLtetO1_duty_activity_gt_0p5,0.0,0.10242168407020662,-0.15363252610530995,-0.4691316146540027,True
4,oscillator_tx_scale,72,73,-0.6666666666666666,C31_flux_peak_uM_h,0.10624447667347449,1.4287861698942415,-1.9838125398311506,-0.2987997699115982,True
4,oscillator_tx_scale,72,73,-0.6666666666666666,C31_flux_trough_uM_h,0.09636079053439622,0.021639148221049922,0.11208246347001945,3.116185779466352,True
4,oscillator_tx_scale,72,73,-0.6666666666666666,C31_flux_trough_fraction_of_peak,0.9069722356536782,0.015145127155487268,1.3377406627472865,246.93234137690976,True
4,oscillator_tx_scale,72,73,-0.6666666666666666,C31_flux_residual_duty_above_0p5_uM_h,0.0,0.3194845589868918,-0.47922683848033776,-1.0943683409436835,True
4,oscillator_tx_scale,72,73,-0.6666666666666666,C31_flux_FWHM_h,2.6166666666666667,1.7333333333333334,1.325,0.3646788990825688,True
4,oscillator_tx_scale,72,73,-0.6666666666666666,C31_flux_dose_uM_per_cycle,0.4635099086700721,2.5072468108289496,-3.065605353238316,-0.1341950371489212,True
4,oscillator_tx_scale,72,73,-0.6666666666666666,resource_min,0.9931418148755021,0.9077704520436168,0.12805704424782793,0.12805704424782793,True
4,c31_tx_scale,73,74,0.6666666666666667,resolved_oscillation,1.0,1.0,0.0,0.0,True
4,c31_tx_scale,73,74,0.6666666666666667,period_min,378.54545454545456,375.6363636363636,-4.3636363636364015,-0.006868262901841136,True
4,c31_tx_scale,73,74,0.6666666666666667,period_generations,9.463636363636365,9.39090909090909,-0.10909090909091111,-0.008585328627301504,True
4,c31_tx_scale,73,74,0.6666666666666667,TetR_relative_amplitude,0.9166952656009264,0.9194235798424792,0.004092471362329263,0.004122372372285696,True
4,c31_tx_scale,73,74,0.6666666666666667,TetR_free_peak,92.53713388838567,94.28201948286058,2.617328391712362,0.003352221546794203,True
4,c31_tx_scale,73,74,0.6666666666666667,TetR_free_trough,7.708781360623475,7.596907615150524,-0.16781061820942653,-0.02963161317725409,True
4,c31_tx_scale,73,74,0.6666666666666667,CI_phase_lag_fraction_cycle,0.5906820365033622,0.5989835430784124,0.012452259862575364,0.020171687317753394,True
4,c31_tx_scale,73,74,0.6666666666666667,PLtetO1_duty_activity_gt_0p5,0.10242168407020662,0.11686291935125527,0.021661852921572976,0.06614654002713702,True
4,c31_tx_scale,73,74,0.6666666666666667,C31_flux_peak_uM_h,1.4287861698942415,2.4487773490538443,1.529986768739404,0.23044500691886644,True
4,c31_tx_scale,73,74,0.6666666666666667,C31_flux_trough_uM_h,0.021639148221049922,0.03888593376373018,0.025870178314020387,0.7192586536605962,True
4,c31_tx_scale,73,74,0.6666666666666667,C31_flux_trough_fraction_of_peak,0.015145127155487268,0.01587973434120292,0.0011019107785734765,0.2034007159375735,True
4,c31_tx_scale,73,74,0.6666666666666667,C31_flux_residual_duty_above_0p5_uM_h,0.3194845589868918,0.36214174627860474,0.06398578093756936,0.14611872146118707,True
4,c31_tx_scale,73,74,0.6666666666666667,C31_flux_FWHM_h,1.7333333333333334,1.75,0.024999999999999908,0.006880733944954103,True
4,c31_tx_scale,73,74,0.6666666666666667,C31_flux_dose_uM_per_cycle,2.5072468108289496,4.316084124503742,2.7132559705121877,0.11877115407982855,True
4,c31_tx_scale,73,74,0.6666666666666667,resource_min,0.9077704520436168,0.8419290214953693,-0.09876214582237129,-0.09876214582237129,True
4,oscillator_translation_scale,74,75,-0.6666666666666666,resolved_oscillation,1.0,1.0,-0.0,-0.0,True
4,oscillator_translation_scale,74,75,-0.6666666666666666,period_min,375.6363636363636,394.6363636363636,-28.5,-0.04485834207764953,True
4,oscillator_translation_scale,74,75,-0.6666666666666666,period_generations,9.39090909090909,9.86590909090909,-0.7124999999999995,-0.05607292759706187,True
4,oscillator_translation_scale,74,75,-0.6666666666666666,TetR_relative_amplitude,0.9194235798424792,0.9535665376012595,-0.051214436638170435,-0.05158862700977011,True
4,oscillator_translation_scale,74,75,-0.6666666666666666,TetR_free_peak,94.28201948286058,115.12640310212956,-31.266575428903472,-0.04004560076569675,True
4,oscillator_translation_scale,74,75,-0.6666666666666666,TetR_free_trough,7.596907615150524,5.345717509544962,3.376785158408343,0.5962649602528428,True
4,oscillator_translation_scale,74,75,-0.6666666666666666,CI_phase_lag_fraction_cycle,0.5989835430784124,0.6366620594333102,-0.05651777453234674,-0.09155437553854572,True
4,oscillator_translation_scale,74,75,-0.6666666666666666,PLtetO1_duty_activity_gt_0p5,0.11686291935125527,0.29660075538769165,-0.2696067540546546,-0.8232700135685213,True
4,oscillator_translation_scale,74,75,-0.6666666666666666,C31_flux_peak_uM_h,2.4487773490538443,3.4160352541075527,-1.4508868575805627,-0.21853106102945224,True
4,oscillator_translation_scale,74,75,-0.6666666666666666,C31_flux_trough_uM_h,0.03888593376373018,0.03873738380111786,0.0002228249439184815,0.006195116524494419,True
4,oscillator_translation_scale,74,75,-0.6666666666666666,C31_flux_trough_fraction_of_peak,0.01587973434120292,0.011339866517635836,0.006809801735350626,1.257015155216477,True
4,oscillator_translation_scale,74,75,-0.6666666666666666,C31_flux_residual_duty_above_0p5_uM_h,0.36214174627860474,0.4405687624972228,-0.11764052432792713,-0.2686453576864536,True
4,oscillator_translation_scale,74,75,-0.6666666666666666,C31_flux_FWHM_h,1.75,2.3666666666666667,-0.925,-0.2545871559633028,True
4,oscillator_translation_scale,74,75,-0.6666666666666666,C31_flux_dose_uM_per_cycle,4.316084124503742,7.8036395791799995,-5.231333182014387,-0.22899847495282957,True
4,oscillator_translation_scale,74,75,-0.6666666666666666,resource_min,0.8419290214953693,0.7794915754869544,0.09365616901262241,0.09365616901262241,True
4,c31_promoter_leak,75,76,-0.6666666666666666,resolved_oscillation,1.0,1.0,-0.0,-0.0,True
4,c31_promoter_leak,75,76,-0.6666666666666666,period_min,394.6363636363636,394.6363636363636,-0.0,-0.0,True
4,c31_promoter_leak,75,76,-0.6666666666666666,period_generations,9.86590909090909,9.86590909090909,-0.0,-0.0,True
4,c31_promoter_leak,75,76,-0.6666666666666666,TetR_relative_amplitude,0.9535665376012595,0.9536397899619714,-0.00010987854106780937,-0.00011068135165818011,True
4,c31_promoter_leak,75,76,-0.6666666666666666,TetR_free_peak,115.12640310212956,115.30910982372609,-0.2740600823947972,-0.0003510106397917368,True
4,c31_promoter_leak,75,76,-0.6666666666666666,TetR_free_trough,5.345717509544962,5.345754550726046,-5.556177162624465e-05,-9.81096990070757e-06,True
4,c31_promoter_leak,75,76,-0.6666666666666666,CI_phase_lag_fraction_cycle,0.6366620594333102,0.6366620594333102,-0.0,-0.0,True
4,c31_promoter_leak,75,76,-0.6666666666666666,PLtetO1_duty_activity_gt_0p5,0.29660075538769165,0.2954898911353033,0.0016662963785825657,0.005088195386702936,True
4,c31_promoter_leak,75,76,-0.6666666666666666,C31_flux_peak_uM_h,3.4160352541075527,3.412621513745902,0.005120610542476145,0.0007712610043431841,True
4,c31_promoter_leak,75,76,-0.6666666666666666,C31_flux_trough_uM_h,0.03873738380111786,0.0053746692674081125,0.05004407180056462,1.3913561503153986,True
4,c31_promoter_leak,75,76,-0.6666666666666666,C31_flux_trough_fraction_of_peak,0.011339866517635836,0.0015749385760358016,0.01464739191240005,2.703748851116018,True
4,c31_promoter_leak,75,76,-0.6666666666666666,C31_flux_residual_duty_above_0p5_uM_h,0.4405687624972228,0.43812486114196847,0.003665852032881528,0.008371385083713729,True
4,c31_promoter_leak,75,76,-0.6666666666666666,C31_flux_FWHM_h,2.3666666666666667,2.3666666666666667,-0.0,-0.0,True
4,c31_promoter_leak,75,76,-0.6666666666666666,C31_flux_dose_uM_per_cycle,7.8036395791799995,7.653615906109284,0.22503550960607344,0.009850794571295177,True
4,c31_promoter_leak,75,76,-0.6666666666666666,resource_min,0.7794915754869544,0.7797119357739096,-0.0003305404304329018,-0.0003305404304329018,True
4,sponge_accessible_fraction,76,77,-0.6666666666666666,resolved_oscillation,1.0,1.0,-0.0,-0.0,True
4,sponge_accessible_fraction,76,77,-0.6666666666666666,period_min,394.6363636363636,394.6363636363636,-0.0,-0.0,True
4,sponge_accessible_fraction,76,77,-0.6666666666666666,period_generations,9.86590909090909,9.86590909090909,-0.0,-0.0,True
4,sponge_accessible_fraction,76,77,-0.6666666666666666,TetR_relative_amplitude,0.9536397899619714,0.9536397899619714,-0.0,-0.0,True
4,sponge_accessible_fraction,76,77,-0.6666666666666666,TetR_free_peak,115.30910982372609,115.30910982372609,-0.0,-0.0,True
4,sponge_accessible_fraction,76,77,-0.6666666666666666,TetR_free_trough,5.345754550726046,5.345754550726046,-0.0,-0.0,True
4,sponge_accessible_fraction,76,77,-0.6666666666666666,CI_phase_lag_fraction_cycle,0.6366620594333102,0.6366620594333102,-0.0,-0.0,True
4,sponge_accessible_fraction,76,77,-0.6666666666666666,PLtetO1_duty_activity_gt_0p5,0.2954898911353033,0.2954898911353033,-0.0,-0.0,True
4,sponge_accessible_fraction,76,77,-0.6666666666666666,C31_flux_peak_uM_h,3.412621513745902,3.412621513745902,-0.0,-0.0,True
4,sponge_accessible_fraction,76,77,-0.6666666666666666,C31_flux_trough_uM_h,0.0053746692674081125,0.0053746692674081125,-0.0,-0.0,True
4,sponge_accessible_fraction,76,77,-0.6666666666666666,C31_flux_trough_fraction_of_peak,0.0015749385760358016,0.0015749385760358016,-0.0,-0.0,True
4,sponge_accessible_fraction,76,77,-0.6666666666666666,C31_flux_residual_duty_above_0p5_uM_h,0.43812486114196847,0.43812486114196847,-0.0,-0.0,True
4,sponge_accessible_fraction,76,77,-0.6666666666666666,C31_flux_FWHM_h,2.3666666666666667,2.3666666666666667,-0.0,-0.0,True
4,sponge_accessible_fraction,76,77,-0.6666666666666666,C31_flux_dose_uM_per_cycle,7.653615906109284,7.653615906109284,-0.0,-0.0,True
4,sponge_accessible_fraction,76,77,-0.6666666666666666,resource_min,0.7797119357739096,0.7797119357739096,-0.0,-0.0,True
4,c31_translation_scale,77,78,0.6666666666666667,resolved_oscillation,1.0,1.0,0.0,0.0,True
4,c31_translation_scale,77,78,0.6666666666666667,period_min,394.6363636363636,385.6363636363636,-13.499999999999998,-0.021248688352570825,True
4,c31_translation_scale,77,78,0.6666666666666667,period_generations,9.86590909090909,9.64090909090909,-0.3374999999999994,-0.02656086044071349,True
4,c31_translation_scale,77,78,0.6666666666666667,TetR_relative_amplitude,0.9536397899619714,0.954306206173621,0.0009996243174744677,0.0010069279181653921,True
4,c31_translation_scale,77,78,0.6666666666666667,TetR_free_peak,115.30910982372609,113.686275807095,-2.4342510249466325,-0.003117739738723911,True
4,c31_translation_scale,77,78,0.6666666666666667,TetR_free_trough,5.345754550726046,5.194757247618259,-0.22649595466168068,-0.0399941349740573,True
4,c31_translation_scale,77,78,0.6666666666666667,CI_phase_lag_fraction_cycle,0.6366620594333102,0.6541136256482791,0.026177349322453355,0.04240525905881021,True
4,c31_translation_scale,77,78,0.6666666666666667,PLtetO1_duty_activity_gt_0p5,0.2954898911353033,0.32059542323928014,0.037658298155965296,0.11499321573948425,True
4,c31_translation_scale,77,78,0.6666666666666667,C31_flux_peak_uM_h,3.412621513745902,5.658207385023504,3.3683788069164025,0.5073416929642903,True
4,c31_translation_scale,77,78,0.6666666666666667,C31_flux_trough_uM_h,0.0053746692674081125,0.010760018643814285,0.008078024064609257,0.22459020739721416,True
4,c31_translation_scale,77,78,0.6666666666666667,C31_flux_trough_fraction_of_peak,0.0015749385760358016,0.0019016656533824782,0.0004900906160200147,0.09046538441325387,True
4,c31_translation_scale,77,78,0.6666666666666667,C31_flux_residual_duty_above_0p5_uM_h,0.43812486114196847,0.49522328371473007,0.08564763385914238,0.1955859969558599,True
4,c31_translation_scale,77,78,0.6666666666666667,C31_flux_FWHM_h,2.3666666666666667,2.466666666666667,0.1500000000000001,0.0412844036697248,True
4,c31_translation_scale,77,78,0.6666666666666667,C31_flux_dose_uM_per_cycle,7.653615906109284,13.192483257265517,8.308301026734348,0.3636908983569232,True
4,c31_translation_scale,77,78,0.6666666666666667,resource_min,0.7797119357739096,0.6347571663555408,-0.2174321541275532,-0.2174321541275532,True
4,oscillator_mrna_total_half_life_min,78,79,0.6666666666666667,resolved_oscillation,1.0,1.0,0.0,0.0,True
4,oscillator_mrna_total_half_life_min,78,79,0.6666666666666667,period_min,385.6363636363636,384.72727272727275,-1.363636363636317,-0.0021463321568252628,True
4,oscillator_mrna_total_half_life_min,78,79,0.6666666666666667,period_generations,9.64090909090909,9.618181818181819,-0.03409090909090739,-0.002682915196031536,True
4,oscillator_mrna_total_half_life_min,78,79,0.6666666666666667,TetR_relative_amplitude,0.954306206173621,0.8870756281115475,-0.10084586709311032,-0.1015826818461157,True
4,oscillator_mrna_total_half_life_min,78,79,0.6666666666666667,TetR_free_peak,113.686275807095,70.61843340056217,-64.60176360979924,-0.08274063912629348,True
4,oscillator_mrna_total_half_life_min,78,79,0.6666666666666667,TetR_free_trough,5.194757247618259,7.974542235504995,4.169677481830102,0.7362720639125565,True
4,oscillator_mrna_total_half_life_min,78,79,0.6666666666666667,CI_phase_lag_fraction_cycle,0.6541136256482791,0.6121219281663516,-0.06298754622289131,-0.10203489979672857,True
4,oscillator_mrna_total_half_life_min,78,79,0.6666666666666667,PLtetO1_duty_activity_gt_0p5,0.32059542323928014,0.0282159520106643,-0.4385692068429237,-1.3392130257801897,True
4,oscillator_mrna_total_half_life_min,78,79,0.6666666666666667,C31_flux_peak_uM_h,5.658207385023504,3.937884364281626,-2.580484531112816,-0.38866988118876117,True
4,oscillator_mrna_total_half_life_min,78,79,0.6666666666666667,C31_flux_trough_uM_h,0.010760018643814285,0.012232478074427533,0.0022086891459198728,0.061407337907220576,True
4,oscillator_mrna_total_half_life_min,78,79,0.6666666666666667,C31_flux_trough_fraction_of_peak,0.0019016656533824782,0.0031063578670266667,0.0018070383204662826,0.33355957238688855,True
4,oscillator_mrna_total_half_life_min,78,79,0.6666666666666667,C31_flux_residual_duty_above_0p5_uM_h,0.49522328371473007,0.373472561652966,-0.18262608309264608,-0.4170471841704719,True
4,oscillator_mrna_total_half_life_min,78,79,0.6666666666666667,C31_flux_FWHM_h,2.466666666666667,1.7666666666666666,-1.05,-0.2889908256880734,True
4,oscillator_mrna_total_half_life_min,78,79,0.6666666666666667,C31_flux_dose_uM_per_cycle,13.192483257265517,6.804455807032264,-9.582041175349877,-0.4194481100218147,True
4,oscillator_mrna_total_half_life_min,78,79,0.6666666666666667,resource_min,0.6347571663555408,0.7458057038380442,0.16657280622375512,0.16657280622375512,True
5,Td_min,80,81,0.6666666666666667,resolved_oscillation,1.0,1.0,0.0,0.0,True
5,Td_min,80,81,0.6666666666666667,period_min,321.0,367.5,69.74999999999999,0.10978488982161592,True
5,Td_min,80,81,0.6666666666666667,period_generations,6.878571428571429,6.125,-1.1303571428571433,-0.08895780242842155,True
5,Td_min,80,81,0.6666666666666667,TetR_relative_amplitude,0.04538104351796497,0.30797806611764567,0.39389553389952103,0.3967734707836586,True
5,Td_min,80,81,0.6666666666666667,TetR_free_peak,25.256104976221707,35.09534056642835,14.75885338530996,0.01890284248658767,True
5,Td_min,80,81,0.6666666666666667,TetR_free_trough,24.109956577201498,24.286745449039586,0.2651833077571321,0.046825458843835314,True
5,Td_min,80,81,0.6666666666666667,CI_phase_lag_fraction_cycle,0.6635514018691588,0.6639455782312925,0.0005912645432005202,0.0009578023281830627,True
5,Td_min,80,81,0.6666666666666667,PLtetO1_duty_activity_gt_0p5,0.0,0.0,0.0,0.0,True
5,Td_min,80,81,0.6666666666666667,C31_flux_peak_uM_h,1.1145051050213908,1.1036814967953188,-0.016235412339107965,-0.0024453608261586447,True
5,Td_min,80,81,0.6666666666666667,C31_flux_trough_uM_h,1.0486267156631301,0.6606665359686161,-0.5819402695417709,-16.179462302146415,True
5,Td_min,80,81,0.6666666666666667,C31_flux_trough_fraction_of_peak,0.940890006639318,0.5986025297034936,-0.5134312154037365,-94.77380458426549,True
5,Td_min,80,81,0.6666666666666667,C31_flux_residual_duty_above_0p5_uM_h,1.0,1.0,0.0,0.0,True
5,Td_min,80,81,0.6666666666666667,C31_flux_FWHM_h,3.15,4.516666666666667,2.05,0.5642201834862385,True
5,Td_min,80,81,0.6666666666666667,C31_flux_dose_uM_per_cycle,5.748004724535243,5.435276308994011,-0.4690926233118486,-0.02053424846258245,True
5,Td_min,80,81,0.6666666666666667,resource_min,0.9580336016811803,0.9584411618188735,0.0006113402065397454,0.0006113402065397454,True
5,c31_mrna_total_half_life_min,81,82,-0.6666666666666666,resolved_oscillation,1.0,1.0,-0.0,-0.0,True
5,c31_mrna_total_half_life_min,81,82,-0.6666666666666666,period_min,367.5,363.75,5.625,0.008853620146904512,True
5,c31_mrna_total_half_life_min,81,82,-0.6666666666666666,period_generations,6.125,6.0625,0.09375,0.007378016789087093,True
5,c31_mrna_total_half_life_min,81,82,-0.6666666666666666,TetR_relative_amplitude,0.30797806611764567,0.3158741132102476,-0.011844070638902915,-0.011930607511795524,True
5,c31_mrna_total_half_life_min,81,82,-0.6666666666666666,TetR_free_peak,35.09534056642835,35.820325186180334,-1.0874769296279787,-0.001392818572817874,True
5,c31_mrna_total_half_life_min,81,82,-0.6666666666666666,TetR_free_trough,24.286745449039586,24.505611733092923,-0.3282994260800063,-0.057970357917260865,True
5,c31_mrna_total_half_life_min,81,82,-0.6666666666666666,CI_phase_lag_fraction_cycle,0.6639455782312925,0.6639175257731958,4.207868714500851e-05,6.81641829835001e-05,True
5,c31_mrna_total_half_life_min,81,82,-0.6666666666666666,PLtetO1_duty_activity_gt_0p5,0.0,0.0,-0.0,-0.0,True
5,c31_mrna_total_half_life_min,81,82,-0.6666666666666666,C31_flux_peak_uM_h,1.1036814967953188,0.24291142775009922,1.2911551035678295,0.1944724313009382,True
5,c31_mrna_total_half_life_min,81,82,-0.6666666666666666,C31_flux_trough_uM_h,0.6606665359686161,0.14074138988374638,0.7798877191273046,21.682919385288326,True
5,c31_mrna_total_half_life_min,81,82,-0.6666666666666666,C31_flux_trough_fraction_of_peak,0.5986025297034936,0.579393860500204,0.028813003804934345,5.318566363261039,True
5,c31_mrna_total_half_life_min,81,82,-0.6666666666666666,C31_flux_residual_duty_above_0p5_uM_h,1.0,0.0,1.5,3.4254185692541856,True
5,c31_mrna_total_half_life_min,81,82,-0.6666666666666666,C31_flux_FWHM_h,4.516666666666667,,,,False
5,c31_mrna_total_half_life_min,81,82,-0.6666666666666666,C31_flux_dose_uM_per_cycle,5.435276308994011,1.1663122065579263,6.403446153654127,0.2803070178498382,True
5,c31_mrna_total_half_life_min,81,82,-0.6666666666666666,resource_min,0.9584411618188735,0.9908532337023632,-0.04861810782523457,-0.04861810782523457,True
5,peak_load_fraction,82,83,-0.6666666666666666,resolved_oscillation,1.0,1.0,-0.0,-0.0,True
5,peak_load_fraction,82,83,-0.6666666666666666,period_min,363.75,362.875,1.3125,0.002065844700944386,True
5,peak_load_fraction,82,83,-0.6666666666666666,period_generations,6.0625,6.047916666666667,0.02187500000000009,0.0017215372507869953,True
5,peak_load_fraction,82,83,-0.6666666666666666,TetR_relative_amplitude,0.3158741132102476,0.3176865495775675,-0.0027186545509798044,-0.0027385179805801234,True
5,peak_load_fraction,82,83,-0.6666666666666666,TetR_free_peak,35.820325186180334,36.01047146234086,-0.2852194142407889,-0.0003653032875085508,True
5,peak_load_fraction,82,83,-0.6666666666666666,TetR_free_trough,24.505611733092923,24.57042903480833,-0.09722595257311184,-0.01716793518894663,True
5,peak_load_fraction,82,83,-0.6666666666666666,CI_phase_lag_fraction_cycle,0.6639175257731958,0.6634516017912505,0.0006988859729180064,0.001132140629255244,True
5,peak_load_fraction,82,83,-0.6666666666666666,PLtetO1_duty_activity_gt_0p5,0.0,0.0,-0.0,-0.0,True
5,peak_load_fraction,82,83,-0.6666666666666666,C31_flux_peak_uM_h,0.24291142775009922,0.24426961643410572,-0.0020372830260097508,-0.00030685343861589366,True
5,peak_load_fraction,82,83,-0.6666666666666666,C31_flux_trough_uM_h,0.14074138988374638,0.14037186482496933,0.0005542875881655723,0.015410645398941273,True
5,peak_load_fraction,82,83,-0.6666666666666666,C31_flux_trough_fraction_of_peak,0.579393860500204,0.5746595375804182,0.007101484379678724,1.3108565912351953,True
5,peak_load_fraction,82,83,-0.6666666666666666,C31_flux_residual_duty_above_0p5_uM_h,0.0,0.0,-0.0,-0.0,True
5,peak_load_fraction,82,83,-0.6666666666666666,C31_flux_FWHM_h,,,,,False
5,peak_load_fraction,82,83,-0.6666666666666666,C31_flux_dose_uM_per_cycle,1.1663122065579263,1.1653067163772564,0.0015082352710049651,6.602209511671949e-05,True
5,peak_load_fraction,82,83,-0.6666666666666666,resource_min,0.9908532337023632,1.0,-0.013720149446455165,-0.013720149446455165,True
5,sponge_accessible_fraction,83,84,0.6666666666666667,resolved_oscillation,1.0,1.0,0.0,0.0,True
5,sponge_accessible_fraction,83,84,0.6666666666666667,period_min,362.875,399.0,54.18749999999999,0.08528987408184678,True
5,sponge_accessible_fraction,83,84,0.6666666666666667,period_generations,6.047916666666667,6.65,0.9031250000000005,0.0710748950682057,True
5,sponge_accessible_fraction,83,84,0.6666666666666667,TetR_relative_amplitude,0.3176865495775675,0.11965402155574603,-0.29704879203273216,-0.29921913315469467,True
5,sponge_accessible_fraction,83,84,0.6666666666666667,TetR_free_peak,36.01047146234086,27.98044425910874,-12.045040804848178,-0.015427045931982101,True
5,sponge_accessible_fraction,83,84,0.6666666666666667,TetR_free_trough,24.57042903480833,24.632471578589993,0.0930638156724921,0.016432994623528874,True
5,sponge_accessible_fraction,83,84,0.6666666666666667,CI_phase_lag_fraction_cycle,0.6634516017912505,0.6641604010025062,0.0010631988168834925,0.0017222989503484078,True
5,sponge_accessible_fraction,83,84,0.6666666666666667,PLtetO1_duty_activity_gt_0p5,0.0,0.0,0.0,0.0,True
5,sponge_accessible_fraction,83,84,0.6666666666666667,C31_flux_peak_uM_h,0.24426961643410572,0.24342892007903946,-0.0012610445325993839,-0.00018993720859383496,True
5,sponge_accessible_fraction,83,84,0.6666666666666667,C31_flux_trough_uM_h,0.14037186482496933,0.20357418993377968,0.09480348766321552,2.6357850367818534,True
5,sponge_accessible_fraction,83,84,0.6666666666666667,C31_flux_trough_fraction_of_peak,0.5746595375804182,0.8362777515000303,0.392427320879418,72.43780492252897,True
5,sponge_accessible_fraction,83,84,0.6666666666666667,C31_flux_residual_duty_above_0p5_uM_h,0.0,0.0,0.0,0.0,True
5,sponge_accessible_fraction,83,84,0.6666666666666667,C31_flux_FWHM_h,,3.85,,,False
5,sponge_accessible_fraction,83,84,0.6666666666666667,C31_flux_dose_uM_per_cycle,1.1653067163772564,1.4567076453666759,0.4371013934841292,0.019133851548923764,True
5,sponge_accessible_fraction,83,84,0.6666666666666667,resource_min,1.0,1.0,0.0,0.0,True
5,oscillator_translation_scale,84,85,-0.6666666666666666,resolved_oscillation,1.0,0.0,1.5,1.5,True
5,oscillator_translation_scale,84,85,-0.6666666666666666,period_min,399.0,,,,False
5,oscillator_translation_scale,84,85,-0.6666666666666666,period_generations,6.65,,,,False
5,oscillator_translation_scale,84,85,-0.6666666666666666,TetR_relative_amplitude,0.11965402155574603,,,,False
5,oscillator_translation_scale,84,85,-0.6666666666666666,TetR_free_peak,27.98044425910874,18.10409609699434,14.8145222431716,0.018974142039750397,True
5,oscillator_translation_scale,84,85,-0.6666666666666666,TetR_free_trough,24.632471578589993,18.07599107957839,9.834720748517404,1.736592380362332,True
5,oscillator_translation_scale,84,85,-0.6666666666666666,CI_phase_lag_fraction_cycle,0.6641604010025062,,,,False
5,oscillator_translation_scale,84,85,-0.6666666666666666,PLtetO1_duty_activity_gt_0p5,0.0,0.0,-0.0,-0.0,True
5,oscillator_translation_scale,84,85,-0.6666666666666666,C31_flux_peak_uM_h,0.24342892007903946,0.3601312861207,-0.17505354906249082,-0.02636638247408844,True
5,oscillator_translation_scale,84,85,-0.6666666666666666,C31_flux_trough_uM_h,0.20357418993377968,0.3594887019709597,-0.23387176805577006,-6.502247142604826,True
5,oscillator_translation_scale,84,85,-0.6666666666666666,C31_flux_trough_fraction_of_peak,0.8362777515000303,0.998215694735489,-0.2429069148531881,-44.83796814410698,True
5,oscillator_translation_scale,84,85,-0.6666666666666666,C31_flux_residual_duty_above_0p5_uM_h,0.0,0.0,-0.0,-0.0,True
5,oscillator_translation_scale,84,85,-0.6666666666666666,C31_flux_FWHM_h,3.85,,,,False
5,oscillator_translation_scale,84,85,-0.6666666666666666,C31_flux_dose_uM_per_cycle,1.4567076453666759,,,,False
5,oscillator_translation_scale,84,85,-0.6666666666666666,resource_min,1.0,1.0,-0.0,-0.0,True
5,K_copies,85,86,-0.6666666666666666,resolved_oscillation,0.0,0.0,-0.0,-0.0,True
5,K_copies,85,86,-0.6666666666666666,period_min,,,,,False
5,K_copies,85,86,-0.6666666666666666,period_generations,,,,,False
5,K_copies,85,86,-0.6666666666666666,TetR_relative_amplitude,,,,,False
5,K_copies,85,86,-0.6666666666666666,TetR_free_peak,18.10409609699434,11.288556059366295,10.223310056442068,0.013093809840324093,True
5,K_copies,85,86,-0.6666666666666666,TetR_free_trough,18.07599107957839,11.270522801486969,10.208202417137132,1.8025409147960936,True
5,K_copies,85,86,-0.6666666666666666,CI_phase_lag_fraction_cycle,,,,,False
5,K_copies,85,86,-0.6666666666666666,PLtetO1_duty_activity_gt_0p5,0.0,0.0,-0.0,-0.0,True
5,K_copies,85,86,-0.6666666666666666,C31_flux_peak_uM_h,0.3601312861207,0.3066743640038729,0.08018538317524068,0.012077438549246453,True
5,K_copies,85,86,-0.6666666666666666,C31_flux_trough_uM_h,0.3594887019709597,0.30606009396318085,0.08014291201166832,2.2281826701871705,True
5,K_copies,85,86,-0.6666666666666666,C31_flux_trough_fraction_of_peak,0.998215694735489,0.9979969957949133,0.0003280484108635351,0.060554160036630396,True
5,K_copies,85,86,-0.6666666666666666,C31_flux_residual_duty_above_0p5_uM_h,0.0,0.0,-0.0,-0.0,True
5,K_copies,85,86,-0.6666666666666666,C31_flux_FWHM_h,,,,,False
5,K_copies,85,86,-0.6666666666666666,C31_flux_dose_uM_per_cycle,,,,,False
5,K_copies,85,86,-0.6666666666666666,resource_min,1.0,1.0,-0.0,-0.0,True
5,oscillator_tx_scale,86,87,0.6666666666666666,resolved_oscillation,0.0,1.0,1.5,1.5,True
5,oscillator_tx_scale,86,87,0.6666666666666666,period_min,,344.1666666666667,,,False
5,oscillator_tx_scale,86,87,0.6666666666666666,period_generations,,5.736111111111112,,,False
5,oscillator_tx_scale,86,87,0.6666666666666666,TetR_relative_amplitude,,0.6192917940000443,,,False
5,oscillator_tx_scale,86,87,0.6666666666666666,TetR_free_peak,11.288556059366295,32.4229114641095,31.701533107114805,0.04060268580915578,True
5,oscillator_tx_scale,86,87,0.6666666666666666,TetR_free_trough,11.270522801486969,12.343668456796523,1.6097184829643316,0.28424038907924093,True
5,oscillator_tx_scale,86,87,0.6666666666666666,CI_phase_lag_fraction_cycle,,0.6472154963680388,,,False
5,oscillator_tx_scale,86,87,0.6666666666666666,PLtetO1_duty_activity_gt_0p5,0.0,0.0,0.0,0.0,True
5,oscillator_tx_scale,86,87,0.6666666666666666,C31_flux_peak_uM_h,0.3066743640038729,0.27294306246912525,-0.05059695230212144,-0.0076208600372033,True
5,oscillator_tx_scale,86,87,0.6666666666666666,C31_flux_trough_uM_h,0.30606009396318085,0.06712425770141106,-0.3584037543926547,-9.964562235415935,True
5,oscillator_tx_scale,86,87,0.6666666666666666,C31_flux_trough_fraction_of_peak,0.9979969957949133,0.24592769310267418,-1.1281039540383588,-208.23569055242638,True
5,oscillator_tx_scale,86,87,0.6666666666666666,C31_flux_residual_duty_above_0p5_uM_h,0.0,0.0,0.0,0.0,True
5,oscillator_tx_scale,86,87,0.6666666666666666,C31_flux_FWHM_h,,3.725,,,False
5,oscillator_tx_scale,86,87,0.6666666666666666,C31_flux_dose_uM_per_cycle,,0.8389500007614004,,,False
5,oscillator_tx_scale,86,87,0.6666666666666666,resource_min,1.0,1.0,0.0,0.0,True
5,oscillator_promoter_leak,87,88,0.6666666666666667,resolved_oscillation,1.0,0.0,-1.4999999999999998,-1.4999999999999998,True
5,oscillator_promoter_leak,87,88,0.6666666666666667,period_min,344.1666666666667,,,,False
5,oscillator_promoter_leak,87,88,0.6666666666666667,period_generations,5.736111111111112,,,,False
5,oscillator_promoter_leak,87,88,0.6666666666666667,TetR_relative_amplitude,0.6192917940000443,,,,False
5,oscillator_promoter_leak,87,88,0.6666666666666667,TetR_free_peak,32.4229114641095,14.089713965026352,-27.499796248624715,-0.0352211857743914,True
5,oscillator_promoter_leak,87,88,0.6666666666666667,TetR_free_trough,12.343668456796523,14.040958697698436,2.545935361352868,0.44955541316075703,True
5,oscillator_promoter_leak,87,88,0.6666666666666667,CI_phase_lag_fraction_cycle,0.6472154963680388,,,,False
5,oscillator_promoter_leak,87,88,0.6666666666666667,PLtetO1_duty_activity_gt_0p5,0.0,0.0,0.0,0.0,True
5,oscillator_promoter_leak,87,88,0.6666666666666667,C31_flux_peak_uM_h,0.27294306246912525,0.22905399752806288,-0.06583359741159354,-0.009915787587828843,True
5,oscillator_promoter_leak,87,88,0.6666666666666667,C31_flux_trough_uM_h,0.06712425770141106,0.22794936475557354,0.24123766058124368,6.707038229723447,True
5,oscillator_promoter_leak,87,88,0.6666666666666667,C31_flux_trough_fraction_of_peak,0.24592769310267418,0.9951774132544706,1.1238745802276946,207.4549942585119,True
5,oscillator_promoter_leak,87,88,0.6666666666666667,C31_flux_residual_duty_above_0p5_uM_h,0.0,0.0,0.0,0.0,True
5,oscillator_promoter_leak,87,88,0.6666666666666667,C31_flux_FWHM_h,3.725,,,,False
5,oscillator_promoter_leak,87,88,0.6666666666666667,C31_flux_dose_uM_per_cycle,0.8389500007614004,,,,False
5,oscillator_promoter_leak,87,88,0.6666666666666667,resource_min,1.0,1.0,0.0,0.0,True
5,c31_tx_scale,88,89,-0.6666666666666666,resolved_oscillation,0.0,0.0,-0.0,-0.0,True
5,c31_tx_scale,88,89,-0.6666666666666666,period_min,,,,,False
5,c31_tx_scale,88,89,-0.6666666666666666,period_generations,,,,,False
5,c31_tx_scale,88,89,-0.6666666666666666,TetR_relative_amplitude,,,,,False
5,c31_tx_scale,88,89,-0.6666666666666666,TetR_free_peak,14.089713965026352,14.089714096382657,-1.9703445808261222e-07,-2.523577698300686e-10,True
5,c31_tx_scale,88,89,-0.6666666666666666,TetR_free_trough,14.040958697698436,14.040956962356553,2.6030128239540318e-06,4.596340202893366e-07,True
5,c31_tx_scale,88,89,-0.6666666666666666,CI_phase_lag_fraction_cycle,,,,,False
5,c31_tx_scale,88,89,-0.6666666666666666,PLtetO1_duty_activity_gt_0p5,0.0,0.0,-0.0,-0.0,True
5,c31_tx_scale,88,89,-0.6666666666666666,C31_flux_peak_uM_h,0.22905399752806288,0.09816601586709614,0.19633197249145012,0.029571316356195945,True
5,c31_tx_scale,88,89,-0.6666666666666666,C31_flux_trough_uM_h,0.22794936475557354,0.09769258089394547,0.1953851757924421,5.432219166790551,True
5,c31_tx_scale,88,89,-0.6666666666666666,C31_flux_trough_fraction_of_peak,0.9951774132544706,0.9951772008982046,3.18534399024184e-07,5.879797717936876e-05,True
5,c31_tx_scale,88,89,-0.6666666666666666,C31_flux_residual_duty_above_0p5_uM_h,0.0,0.0,-0.0,-0.0,True
5,c31_tx_scale,88,89,-0.6666666666666666,C31_flux_FWHM_h,,,,,False
5,c31_tx_scale,88,89,-0.6666666666666666,C31_flux_dose_uM_per_cycle,,,,,False
5,c31_tx_scale,88,89,-0.6666666666666666,resource_min,1.0,1.0,-0.0,-0.0,True
5,hill_n,89,90,0.6666666666666666,resolved_oscillation,0.0,0.0,0.0,0.0,True
5,hill_n,89,90,0.6666666666666666,period_min,,,,,False
5,hill_n,89,90,0.6666666666666666,period_generations,,,,,False
5,hill_n,89,90,0.6666666666666666,TetR_relative_amplitude,,0.013152381173923403,,,False
5,hill_n,89,90,0.6666666666666666,TetR_free_peak,14.089714096382657,14.481857552366147,0.588215183975235,0.0007533741734957643,True
5,hill_n,89,90,0.6666666666666666,TetR_free_trough,14.040956962356553,14.291386641730966,0.3756445190616198,0.06633044559253225,True
5,hill_n,89,90,0.6666666666666666,CI_phase_lag_fraction_cycle,,,,,False
5,hill_n,89,90,0.6666666666666666,PLtetO1_duty_activity_gt_0p5,0.0,0.0,0.0,0.0,True
5,hill_n,89,90,0.6666666666666666,C31_flux_peak_uM_h,0.09816601586709614,0.054249094207399574,-0.06587538248954486,-0.009922081212567527,True
5,hill_n,89,90,0.6666666666666666,C31_flux_trough_uM_h,0.09769258089394547,0.05247788124343523,-0.06782204947576538,-1.8856304507187753,True
5,hill_n,89,90,0.6666666666666666,C31_flux_trough_fraction_of_peak,0.9951772008982046,0.9673503679675678,-0.04174024939595522,-7.704794957665476,True
5,hill_n,89,90,0.6666666666666666,C31_flux_residual_duty_above_0p5_uM_h,0.0,0.0,0.0,0.0,True
5,hill_n,89,90,0.6666666666666666,C31_flux_FWHM_h,,,,,False
5,hill_n,89,90,0.6666666666666666,C31_flux_dose_uM_per_cycle,,0.4314159333728861,,,False
5,hill_n,89,90,0.6666666666666666,resource_min,1.0,1.0,0.0,0.0,True
5,oscillator_plasmid_copies,90,91,0.6666666666666666,resolved_oscillation,0.0,0.0,0.0,0.0,True
5,oscillator_plasmid_copies,90,91,0.6666666666666666,period_min,,,,,False
5,oscillator_plasmid_copies,90,91,0.6666666666666666,period_generations,,,,,False
5,oscillator_plasmid_copies,90,91,0.6666666666666666,TetR_relative_amplitude,0.013152381173923403,,,,False
5,oscillator_plasmid_copies,90,91,0.6666666666666666,TetR_free_peak,14.481857552366147,8.490039128323156,-8.987727636064488,-0.011511300734647817,True
5,oscillator_plasmid_copies,90,91,0.6666666666666666,TetR_free_trough,14.291386641730966,8.489944781895012,-8.702162789753931,-1.5366078996841328,True
5,oscillator_plasmid_copies,90,91,0.6666666666666666,CI_phase_lag_fraction_cycle,,,,,False
5,oscillator_plasmid_copies,90,91,0.6666666666666666,PLtetO1_duty_activity_gt_0p5,0.0,0.0,0.0,0.0,True
5,oscillator_plasmid_copies,90,91,0.6666666666666666,C31_flux_peak_uM_h,0.054249094207399574,0.2737023856593985,0.32917993717799837,0.0495807378537248,True
5,oscillator_plasmid_copies,90,91,0.6666666666666666,C31_flux_trough_uM_h,0.05247788124343523,0.27369701156553633,0.3318286954831517,9.225706056684412,True
5,oscillator_plasmid_copies,90,91,0.6666666666666666,C31_flux_trough_fraction_of_peak,0.9673503679675678,0.9999803651917422,0.04894499583626155,9.034712599458716,True
5,oscillator_plasmid_copies,90,91,0.6666666666666666,C31_flux_residual_duty_above_0p5_uM_h,0.0,0.0,0.0,0.0,True
5,oscillator_plasmid_copies,90,91,0.6666666666666666,C31_flux_FWHM_h,,,,,False
5,oscillator_plasmid_copies,90,91,0.6666666666666666,C31_flux_dose_uM_per_cycle,0.4314159333728861,,,,False
5,oscillator_plasmid_copies,90,91,0.6666666666666666,resource_min,1.0,1.0,0.0,0.0,True
5,sponge_plasmid_copies,91,92,-0.6666666666666666,resolved_oscillation,0.0,0.0,-0.0,-0.0,True
5,sponge_plasmid_copies,91,92,-0.6666666666666666,period_min,,,,,False
5,sponge_plasmid_copies,91,92,-0.6666666666666666,period_generations,,,,,False
5,sponge_plasmid_copies,91,92,-0.6666666666666666,TetR_relative_amplitude,,0.03103121264783204,,,False
5,sponge_plasmid_copies,91,92,-0.6666666666666666,TetR_free_peak,8.490039128323156,16.900802978618355,-12.6161457754428,-0.016158505688415658,True
5,sponge_plasmid_copies,91,92,-0.6666666666666666,TetR_free_trough,8.489944781895012,16.376350567469736,-11.829608678362085,-2.0888451048911203,True
5,sponge_plasmid_copies,91,92,-0.6666666666666666,CI_phase_lag_fraction_cycle,,,,,False
5,sponge_plasmid_copies,91,92,-0.6666666666666666,PLtetO1_duty_activity_gt_0p5,0.0,0.0,-0.0,-0.0,True
5,sponge_plasmid_copies,91,92,-0.6666666666666666,C31_flux_peak_uM_h,0.2737023856593985,0.06073091509533806,0.3194572058460906,0.048116310229361865,True
5,sponge_plasmid_copies,91,92,-0.6666666666666666,C31_flux_trough_uM_h,0.27369701156553633,0.056220425861081634,0.3262148785566821,9.069627256012161,True
5,sponge_plasmid_copies,91,92,-0.6666666666666666,C31_flux_trough_fraction_of_peak,0.9999803651917422,0.9257299313343844,0.11137565078603662,20.558730841366785,True
5,sponge_plasmid_copies,91,92,-0.6666666666666666,C31_flux_residual_duty_above_0p5_uM_h,0.0,0.0,-0.0,-0.0,True
5,sponge_plasmid_copies,91,92,-0.6666666666666666,C31_flux_FWHM_h,,,,,False
5,sponge_plasmid_copies,91,92,-0.6666666666666666,C31_flux_dose_uM_per_cycle,,0.43864393247810846,,,False
5,sponge_plasmid_copies,91,92,-0.6666666666666666,resource_min,1.0,1.0,-0.0,-0.0,True
5,oscillator_mrna_total_half_life_min,92,93,0.6666666666666666,resolved_oscillation,0.0,0.0,0.0,0.0,True
5,oscillator_mrna_total_half_life_min,92,93,0.6666666666666666,period_min,,,,,False
5,oscillator_mrna_total_half_life_min,92,93,0.6666666666666666,period_generations,,,,,False
5,oscillator_mrna_total_half_life_min,92,93,0.6666666666666666,TetR_relative_amplitude,0.03103121264783204,,,,False
5,oscillator_mrna_total_half_life_min,92,93,0.6666666666666666,TetR_free_peak,16.900802978618355,7.258750732003939,-14.463078369921623,-0.01852401979749458,True
5,oscillator_mrna_total_half_life_min,92,93,0.6666666666666666,TetR_free_trough,16.376350567469736,7.258741305803372,-13.676413892499545,-2.414949723913274,True
5,oscillator_mrna_total_half_life_min,92,93,0.6666666666666666,CI_phase_lag_fraction_cycle,,,,,False
5,oscillator_mrna_total_half_life_min,92,93,0.6666666666666666,PLtetO1_duty_activity_gt_0p5,0.0,1.0,1.5,4.580393487109904,True
5,oscillator_mrna_total_half_life_min,92,93,0.6666666666666666,C31_flux_peak_uM_h,0.06073091509533806,0.3490665043832528,0.43250338393187215,0.06514320733945476,True
5,oscillator_mrna_total_half_life_min,92,93,0.6666666666666666,C31_flux_trough_uM_h,0.056220425861081634,0.34906588108285513,0.4392681828326603,12.212804950359681,True
5,oscillator_mrna_total_half_life_min,92,93,0.6666666666666666,C31_flux_trough_fraction_of_peak,0.9257299313343844,0.9999982143792376,0.11140242456727983,20.563672989478157,True
5,oscillator_mrna_total_half_life_min,92,93,0.6666666666666666,C31_flux_residual_duty_above_0p5_uM_h,0.0,0.0,0.0,0.0,True
5,oscillator_mrna_total_half_life_min,92,93,0.6666666666666666,C31_flux_FWHM_h,,,,,False
5,oscillator_mrna_total_half_life_min,92,93,0.6666666666666666,C31_flux_dose_uM_per_cycle,0.43864393247810846,,,,False
5,oscillator_mrna_total_half_life_min,92,93,0.6666666666666666,resource_min,1.0,1.0,0.0,0.0,True
5,c31_promoter_leak,93,94,-0.6666666666666666,resolved_oscillation,0.0,0.0,-0.0,-0.0,True
5,c31_promoter_leak,93,94,-0.6666666666666666,period_min,,,,,False
5,c31_promoter_leak,93,94,-0.6666666666666666,period_generations,,,,,False
5,c31_promoter_leak,93,94,-0.6666666666666666,TetR_relative_amplitude,,,,,False
5,c31_promoter_leak,93,94,-0.6666666666666666,TetR_free_peak,7.258750732003939,7.258750744523559,-1.877943001105109e-08,-2.405231613996014e-11,True
5,c31_promoter_leak,93,94,-0.6666666666666666,TetR_free_trough,7.258741305803372,7.258741246323182,8.922028449376285e-08,1.5754312724027815e-08,True
5,c31_promoter_leak,93,94,-0.6666666666666666,CI_phase_lag_fraction_cycle,,,,,False
5,c31_promoter_leak,93,94,-0.6666666666666666,PLtetO1_duty_activity_gt_0p5,1.0,1.0,-0.0,-0.0,True
5,c31_promoter_leak,93,94,-0.6666666666666666,C31_flux_peak_uM_h,0.3490665043832528,0.344765263173344,0.006451861814863236,0.0009717726786557385,True
5,c31_promoter_leak,93,94,-0.6666666666666666,C31_flux_trough_uM_h,0.34906588108285513,0.3447646301267641,0.0064518764341365276,0.17937904800163681,True
5,c31_promoter_leak,93,94,-0.6666666666666666,C31_flux_trough_fraction_of_peak,0.9999982143792376,0.9999981638330554,7.581927335964522e-08,1.3995411228469163e-05,True
5,c31_promoter_leak,93,94,-0.6666666666666666,C31_flux_residual_duty_above_0p5_uM_h,0.0,0.0,-0.0,-0.0,True
5,c31_promoter_leak,93,94,-0.6666666666666666,C31_flux_FWHM_h,,,,,False
5,c31_promoter_leak,93,94,-0.6666666666666666,C31_flux_dose_uM_per_cycle,,,,,False
5,c31_promoter_leak,93,94,-0.6666666666666666,resource_min,1.0,1.0,-0.0,-0.0,True
5,c31_translation_scale,94,95,0.6666666666666667,resolved_oscillation,0.0,0.0,0.0,0.0,True
5,c31_translation_scale,94,95,0.6666666666666667,period_min,,,,,False
5,c31_translation_scale,94,95,0.6666666666666667,period_generations,,,,,False
5,c31_translation_scale,94,95,0.6666666666666667,TetR_relative_amplitude,,,,,False
5,c31_translation_scale,94,95,0.6666666666666667,TetR_free_peak,7.258750744523559,7.258750746425312,2.8526287998431595e-09,3.653589575583849e-12,True
5,c31_translation_scale,94,95,0.6666666666666667,TetR_free_trough,7.258741246323182,7.25874124427938,-3.0657023586400096e-09,-5.413346746297449e-10,True
5,c31_translation_scale,94,95,0.6666666666666667,CI_phase_lag_fraction_cycle,,,,,False
5,c31_translation_scale,94,95,0.6666666666666667,PLtetO1_duty_activity_gt_0p5,1.0,1.0,0.0,0.0,True
5,c31_translation_scale,94,95,0.6666666666666667,C31_flux_peak_uM_h,0.344765263173344,0.6895305279877294,0.5171478972215781,0.07789227540280919,True
5,c31_translation_scale,94,95,0.6666666666666667,C31_flux_trough_uM_h,0.3447646301267641,0.6895292600018691,0.5171469448126574,14.378038324886882,True
5,c31_translation_scale,94,95,0.6666666666666667,C31_flux_trough_fraction_of_peak,0.9999981638330554,0.9999981610881479,-4.1173612852496425e-09,-7.600200029603226e-07,True
5,c31_translation_scale,94,95,0.6666666666666667,C31_flux_residual_duty_above_0p5_uM_h,0.0,1.0,1.4999999999999998,3.425418569254185,True
5,c31_translation_scale,94,95,0.6666666666666667,C31_flux_FWHM_h,,,,,False
5,c31_translation_scale,94,95,0.6666666666666667,C31_flux_dose_uM_per_cycle,,,,,False
5,c31_translation_scale,94,95,0.6666666666666667,resource_min,1.0,1.0,0.0,0.0,True
6,oscillator_translation_scale,96,97,-0.6666666666666666,resolved_oscillation,1.0,1.0,-0.0,-0.0,True
6,oscillator_translation_scale,96,97,-0.6666666666666666,period_min,408.6,385.72727272727275,34.30909090909091,0.054001717065725464,True
6,oscillator_translation_scale,96,97,-0.6666666666666666,period_generations,7.661250000000001,7.232386363636365,0.6432954545454543,0.050626609749117604,True
6,oscillator_translation_scale,96,97,-0.6666666666666666,TetR_relative_amplitude,0.8566585427605272,0.8320821741095884,0.03686455297640823,0.037133898139268366,True
6,oscillator_translation_scale,96,97,-0.6666666666666666,TetR_free_peak,82.77433057514894,60.654980707675264,33.17902480121051,0.04249502744570399,True
6,oscillator_translation_scale,96,97,-0.6666666666666666,TetR_free_trough,11.864993166663691,10.185052489857691,2.519911015209,0.4449600939470248,True
6,oscillator_translation_scale,96,97,-0.6666666666666666,CI_phase_lag_fraction_cycle,0.5451541850220264,0.5366485976903135,0.012758380997569374,0.020667579620403897,True
6,oscillator_translation_scale,96,97,-0.6666666666666666,PLtetO1_duty_activity_gt_0p5,0.0,0.20728726949566764,-0.3109309042435015,-0.9494572591587518,True
6,oscillator_translation_scale,96,97,-0.6666666666666666,C31_flux_peak_uM_h,2.404627468610895,3.1571886971227836,-1.1288418427678328,-0.17002497772008315,True
6,oscillator_translation_scale,96,97,-0.6666666666666666,C31_flux_trough_uM_h,0.016872580625392056,0.021658739938091233,-0.007179238969048766,-0.19960162981896457,True
6,oscillator_translation_scale,96,97,-0.6666666666666666,C31_flux_trough_fraction_of_peak,0.007016712919419076,0.006860134764142962,0.00023486723291417117,0.04335393051229124,True
6,oscillator_translation_scale,96,97,-0.6666666666666666,C31_flux_residual_duty_above_0p5_uM_h,0.4618973561430793,0.5523217062874917,-0.13563652521661854,-0.3097412480974125,True
6,oscillator_translation_scale,96,97,-0.6666666666666666,C31_flux_FWHM_h,2.3666666666666667,2.55,-0.2749999999999997,-0.07568807339449533,True
6,oscillator_translation_scale,96,97,-0.6666666666666666,C31_flux_dose_uM_per_cycle,5.6308385666405645,7.9702153552746875,-3.5090651829511845,-0.15360722543320568,True
6,oscillator_translation_scale,96,97,-0.6666666666666666,resource_min,0.9597575028487991,0.947163060054719,0.01889166419112026,0.01889166419112026,True
6,oscillator_plasmid_copies,97,98,-0.6666666666666666,resolved_oscillation,1.0,1.0,-0.0,-0.0,True
6,oscillator_plasmid_copies,97,98,-0.6666666666666666,period_min,385.72727272727275,323.38461538461536,93.51398601398608,0.1471888552161376,True
6,oscillator_plasmid_copies,97,98,-0.6666666666666666,period_generations,7.232386363636365,6.063461538461539,1.7533872377622388,0.13798955176512898,True
6,oscillator_plasmid_copies,97,98,-0.6666666666666666,TetR_relative_amplitude,0.8320821741095884,0.308535077679247,0.7853206446455122,0.7910584686485549,True
6,oscillator_plasmid_copies,97,98,-0.6666666666666666,TetR_free_peak,60.654980707675264,20.565593050957965,60.13408148507595,0.07701852174501739,True
6,oscillator_plasmid_copies,97,98,-0.6666666666666666,TetR_free_trough,10.185052489857691,14.220386201460867,-6.053000567404764,-1.0688249247207777,True
6,oscillator_plasmid_copies,97,98,-0.6666666666666666,CI_phase_lag_fraction_cycle,0.5366485976903135,0.5852164605137964,-0.07285179423522437,-0.11801421027735648,True
6,oscillator_plasmid_copies,97,98,-0.6666666666666666,PLtetO1_duty_activity_gt_0p5,0.20728726949566764,0.0,0.3109309042435015,0.9494572591587518,True
6,oscillator_plasmid_copies,97,98,-0.6666666666666666,C31_flux_peak_uM_h,3.1571886971227836,0.9956063152138327,3.242373572863426,0.4883629163980877,True
6,oscillator_plasmid_copies,97,98,-0.6666666666666666,C31_flux_trough_uM_h,0.021658739938091233,0.30333225806582387,-0.42251027719159895,-11.746891321808123,True
6,oscillator_plasmid_copies,97,98,-0.6666666666666666,C31_flux_trough_fraction_of_peak,0.006860134764142962,0.3046708859019996,-0.4467161267067849,-82.45892658446398,True
6,oscillator_plasmid_copies,97,98,-0.6666666666666666,C31_flux_residual_duty_above_0p5_uM_h,0.5523217062874917,0.5727616085314374,-0.030659853365918643,-0.07001522070015212,True
6,oscillator_plasmid_copies,97,98,-0.6666666666666666,C31_flux_FWHM_h,2.55,2.433333333333333,0.17500000000000004,0.04816513761467891,True
6,oscillator_plasmid_copies,97,98,-0.6666666666666666,C31_flux_dose_uM_per_cycle,7.9702153552746875,3.2008599241696953,7.154033146657489,0.3131635136486805,True
6,oscillator_plasmid_copies,97,98,-0.6666666666666666,resource_min,0.947163060054719,0.9833380908990217,-0.054262546266454104,-0.054262546266454104,True
6,Td_min,98,99,-0.6666666666666666,resolved_oscillation,1.0,0.0,1.5,1.5,True
6,Td_min,98,99,-0.6666666666666666,period_min,323.38461538461536,,,,False
6,Td_min,98,99,-0.6666666666666666,period_generations,6.063461538461539,,,,False
6,Td_min,98,99,-0.6666666666666666,TetR_relative_amplitude,0.308535077679247,,,,False
6,Td_min,98,99,-0.6666666666666666,TetR_free_peak,20.565593050957965,14.881518805150352,8.52611136871142,0.010920071906552895,True
6,Td_min,98,99,-0.6666666666666666,TetR_free_trough,14.220386201460867,14.881506476811719,-0.9916804130262777,-0.17510864752063446,True
6,Td_min,98,99,-0.6666666666666666,CI_phase_lag_fraction_cycle,0.5852164605137964,,,,False
6,Td_min,98,99,-0.6666666666666666,PLtetO1_duty_activity_gt_0p5,0.0,0.0,-0.0,-0.0,True
6,Td_min,98,99,-0.6666666666666666,C31_flux_peak_uM_h,0.9956063152138327,0.8757675068149388,0.1797582125983409,0.02707499397532592,True
6,Td_min,98,99,-0.6666666666666666,C31_flux_trough_uM_h,0.30333225806582387,0.8757653230055515,-0.8586495974095916,-23.872705703939086,True
6,Td_min,98,99,-0.6666666666666666,C31_flux_trough_fraction_of_peak,0.3046708859019996,0.9999975064051015,-1.0429899307546528,-192.5245698257144,True
6,Td_min,98,99,-0.6666666666666666,C31_flux_residual_duty_above_0p5_uM_h,0.5727616085314374,1.0,-0.6408575872028439,-1.4634703196347034,True
6,Td_min,98,99,-0.6666666666666666,C31_flux_FWHM_h,2.433333333333333,,,,False
6,Td_min,98,99,-0.6666666666666666,C31_flux_dose_uM_per_cycle,3.2008599241696953,,,,False
6,Td_min,98,99,-0.6666666666666666,resource_min,0.9833380908990217,0.9853436460083052,-0.003008332663925195,-0.003008332663925195,True
6,peak_load_fraction,99,100,0.6666666666666667,resolved_oscillation,0.0,0.0,0.0,0.0,True
6,peak_load_fraction,99,100,0.6666666666666667,period_min,,,,,False
6,peak_load_fraction,99,100,0.6666666666666667,period_generations,,,,,False
6,peak_load_fraction,99,100,0.6666666666666667,TetR_relative_amplitude,,,,,False
6,peak_load_fraction,99,100,0.6666666666666667,TetR_free_peak,14.881518805150352,14.34241890895486,-0.8086498442932369,-0.001035702451566679,True
6,peak_load_fraction,99,100,0.6666666666666667,TetR_free_trough,14.881506476811719,14.342415231617142,-0.8086368677918648,-0.14278723910885938,True
6,peak_load_fraction,99,100,0.6666666666666667,CI_phase_lag_fraction_cycle,,,,,False
6,peak_load_fraction,99,100,0.6666666666666667,PLtetO1_duty_activity_gt_0p5,0.0,0.0,0.0,0.0,True
6,peak_load_fraction,99,100,0.6666666666666667,C31_flux_peak_uM_h,0.8757675068149388,0.9300102681138549,0.0813641419483742,0.012254981962810897,True
6,peak_load_fraction,99,100,0.6666666666666667,C31_flux_trough_uM_h,0.8757653230055515,0.9300096055383419,0.0813664237991855,2.2621994995396975,True
6,peak_load_fraction,99,100,0.6666666666666667,C31_flux_trough_fraction_of_peak,0.9999975064051015,0.9999992875610778,2.671733964398903e-06,0.0004931729607518597,True
6,peak_load_fraction,99,100,0.6666666666666667,C31_flux_residual_duty_above_0p5_uM_h,1.0,1.0,0.0,0.0,True
6,peak_load_fraction,99,100,0.6666666666666667,C31_flux_FWHM_h,,,,,False
6,peak_load_fraction,99,100,0.6666666666666667,C31_flux_dose_uM_per_cycle,,,,,False
6,peak_load_fraction,99,100,0.6666666666666667,resource_min,0.9853436460083052,0.9399669254712311,-0.06806508080561112,-0.06806508080561112,True
6,sponge_plasmid_copies,100,101,-0.6666666666666666,resolved_oscillation,0.0,1.0,-1.5,-1.5,True
6,sponge_plasmid_copies,100,101,-0.6666666666666666,period_min,,312.7142857142857,,,False
6,sponge_plasmid_copies,100,101,-0.6666666666666666,period_generations,,7.817857142857143,,,False
6,sponge_plasmid_copies,100,101,-0.6666666666666666,TetR_relative_amplitude,,0.8875629973486536,,,False
6,sponge_plasmid_copies,100,101,-0.6666666666666666,TetR_free_peak,14.34241890895486,66.55435931549442,-78.31791060980935,-0.10030800425251246,True
6,sponge_plasmid_copies,100,101,-0.6666666666666666,TetR_free_trough,14.342415231617142,7.483172674814903,10.28886383520336,1.8167839225626485,True
6,sponge_plasmid_copies,100,101,-0.6666666666666666,CI_phase_lag_fraction_cycle,,0.6331658291457286,,,False
6,sponge_plasmid_copies,100,101,-0.6666666666666666,PLtetO1_duty_activity_gt_0p5,0.0,0.33703621417462787,-0.5055543212619419,-1.5437584803256448,True
6,sponge_plasmid_copies,100,101,-0.6666666666666666,C31_flux_peak_uM_h,0.9300102681138549,2.4714689012553763,-2.3121879497122824,-0.3482593307053111,True
6,sponge_plasmid_copies,100,101,-0.6666666666666666,C31_flux_trough_uM_h,0.9300096055383419,0.012466598634136053,1.3763145103563088,38.265144898360795,True
6,sponge_plasmid_copies,100,101,-0.6666666666666666,C31_flux_trough_fraction_of_peak,0.9999992875610778,0.005044206151169322,1.492432622114863,275.4867905183227,True
6,sponge_plasmid_copies,100,101,-0.6666666666666666,C31_flux_residual_duty_above_0p5_uM_h,1.0,0.5014441235281049,0.7478338147078427,1.7077625570776256,True
6,sponge_plasmid_copies,100,101,-0.6666666666666666,C31_flux_FWHM_h,,2.1,,,False
6,sponge_plasmid_copies,100,101,-0.6666666666666666,C31_flux_dose_uM_per_cycle,,5.037447568028585,,,False
6,sponge_plasmid_copies,100,101,-0.6666666666666666,resource_min,0.9399669254712311,0.8404642595554277,0.14925399887370505,0.14925399887370505,True
6,c31_promoter_leak,101,102,0.6666666666666667,resolved_oscillation,1.0,1.0,0.0,0.0,True
6,c31_promoter_leak,101,102,0.6666666666666667,period_min,312.7142857142857,312.42857142857144,-0.42857142857141634,-0.0006745615350022292,True
6,c31_promoter_leak,101,102,0.6666666666666667,period_generations,7.817857142857143,7.810714285714286,-0.010714285714285674,-0.0008432019187528075,True
6,c31_promoter_leak,101,102,0.6666666666666667,TetR_relative_amplitude,0.8875629973486536,0.8869302129819512,-0.0009491765500536652,-0.0009561115619232202,True
6,c31_promoter_leak,101,102,0.6666666666666667,TetR_free_peak,66.55435931549442,66.237292876415,-0.4755996586191386,-0.0006091384743004977,True
6,c31_promoter_leak,101,102,0.6666666666666667,TetR_free_trough,7.483172674814903,7.489436598188371,0.009395885060202057,0.0016591037833755416,True
6,c31_promoter_leak,101,102,0.6666666666666667,CI_phase_lag_fraction_cycle,0.6331658291457286,0.6321444901691815,-0.0015320084648206553,-0.0024817339231244,True
6,c31_promoter_leak,101,102,0.6666666666666667,PLtetO1_duty_activity_gt_0p5,0.33703621417462787,0.34103532548322596,0.005998666962897136,0.01831750339213026,True
6,c31_promoter_leak,101,102,0.6666666666666667,C31_flux_peak_uM_h,2.4714689012553763,2.477251819529449,0.0086743774111091,0.0013065256532688164,True
6,c31_promoter_leak,101,102,0.6666666666666667,C31_flux_trough_uM_h,0.012466598634136053,0.07268468698719274,0.09032713252958503,2.511330650436288,True
6,c31_promoter_leak,101,102,0.6666666666666667,C31_flux_trough_fraction_of_peak,0.005044206151169322,0.02934085522278438,0.03644497360742258,6.72734477983094,True
6,c31_promoter_leak,101,102,0.6666666666666667,C31_flux_residual_duty_above_0p5_uM_h,0.5014441235281049,0.509442346145301,0.011997333925794272,0.02739726027397261,True
6,c31_promoter_leak,101,102,0.6666666666666667,C31_flux_FWHM_h,2.1,2.1,0.0,0.0,True
6,c31_promoter_leak,101,102,0.6666666666666667,C31_flux_dose_uM_per_cycle,5.037447568028585,5.233549100921554,0.2941522993394527,0.01287634062081761,True
6,c31_promoter_leak,101,102,0.6666666666666667,resource_min,0.8404642595554277,0.8400909665116367,-0.0005599395656864513,-0.0005599395656864513,True
6,K_copies,102,103,0.6666666666666667,resolved_oscillation,1.0,1.0,0.0,0.0,True
6,K_copies,102,103,0.6666666666666667,period_min,312.42857142857144,277.4,-52.542857142857194,-0.08270124419127575,True
6,K_copies,102,103,0.6666666666666667,period_generations,7.810714285714286,6.935,-1.3135714285714293,-0.10337655523909464,True
6,K_copies,102,103,0.6666666666666667,TetR_relative_amplitude,0.8869302129819512,0.8154631724737139,-0.10720056076235589,-0.10798380510321941,True
6,K_copies,102,103,0.6666666666666667,TetR_free_peak,66.237292876415,63.866796807807404,-3.55574410291139,-0.004554125509969986,True
6,K_copies,102,103,0.6666666666666667,TetR_free_trough,7.489436598188371,11.785776067178714,6.444509203485514,1.1379566196259303,True
6,K_copies,102,103,0.6666666666666667,CI_phase_lag_fraction_cycle,0.6321444901691815,0.6398702235039655,0.011588600002175984,0.018772625874679098,True
6,K_copies,102,103,0.6666666666666667,PLtetO1_duty_activity_gt_0p5,0.34103532548322596,0.38235947567207285,0.06198622528327032,0.1892808683853458,True
6,K_copies,102,103,0.6666666666666667,C31_flux_peak_uM_h,2.477251819529449,2.4887376895073547,0.01722880496685852,0.002594984584776991,True
6,K_copies,102,103,0.6666666666666667,C31_flux_trough_uM_h,0.07268468698719274,0.09131726741423611,0.02794887064056505,0.7770517398162817,True
6,K_copies,102,103,0.6666666666666667,C31_flux_trough_fraction_of_peak,0.02934085522278438,0.03669220255683609,0.011027021001077565,2.0354678526527143,True
6,K_copies,102,103,0.6666666666666667,C31_flux_residual_duty_above_0p5_uM_h,0.509442346145301,0.5867584981115308,0.11597422794934463,0.2648401826484019,True
6,K_copies,102,103,0.6666666666666667,C31_flux_FWHM_h,2.1,2.0,-0.1500000000000001,-0.0412844036697248,True
6,K_copies,102,103,0.6666666666666667,C31_flux_dose_uM_per_cycle,5.233549100921554,5.117512341266795,-0.17405513948213833,-0.007619159421186738,True
6,K_copies,102,103,0.6666666666666667,resource_min,0.8400909665116367,0.8393495423445574,-0.0011121362506190111,-0.0011121362506190111,True
6,c31_tx_scale,103,104,0.6666666666666666,resolved_oscillation,1.0,1.0,0.0,0.0,True
6,c31_tx_scale,103,104,0.6666666666666666,period_min,277.4,273.4,-6.0,-0.009443861490031479,True
6,c31_tx_scale,103,104,0.6666666666666666,period_generations,6.935,6.834999999999999,-0.1500000000000008,-0.011804826862539412,True
6,c31_tx_scale,103,104,0.6666666666666666,TetR_relative_amplitude,0.8154631724737139,0.8067484482221835,-0.013072086377295622,-0.013167595557522702,True
6,c31_tx_scale,103,104,0.6666666666666666,TetR_free_peak,63.866796807807404,59.9244850907588,-5.913467575572906,-0.0075738502993639234,True
6,c31_tx_scale,103,104,0.6666666666666666,TetR_free_trough,11.785776067178714,11.580499733275767,-0.3079145008544213,-0.05437083468460137,True
6,c31_tx_scale,103,104,0.6666666666666666,CI_phase_lag_fraction_cycle,0.6398702235039655,0.6532553035844917,0.020077620120789286,0.032524174698473886,True
6,c31_tx_scale,103,104,0.6666666666666666,PLtetO1_duty_activity_gt_0p5,0.38235947567207285,0.41324150188846925,0.04632303932459461,0.14145183175033943,True
6,c31_tx_scale,103,104,0.6666666666666666,C31_flux_peak_uM_h,2.4887376895073547,4.817266760209453,3.492793606053147,0.5260809198868206,True
6,c31_tx_scale,103,104,0.6666666666666666,C31_flux_trough_uM_h,0.09131726741423611,0.22578198806877367,0.20169708098180636,5.607706647913751,True
6,c31_tx_scale,103,104,0.6666666666666666,C31_flux_trough_fraction_of_peak,0.03669220255683609,0.04686931392999228,0.015265667059734284,2.8178757024541965,True
6,c31_tx_scale,103,104,0.6666666666666666,C31_flux_residual_duty_above_0p5_uM_h,0.5867584981115308,0.7282826038658076,0.21228615863141514,0.4847792998477928,True
6,c31_tx_scale,103,104,0.6666666666666666,C31_flux_FWHM_h,2.0,2.183333333333333,0.2749999999999997,0.07568807339449533,True
6,c31_tx_scale,103,104,0.6666666666666666,C31_flux_dose_uM_per_cycle,5.117512341266795,10.746480906031374,8.44345284714687,0.3696070883002387,True
6,c31_tx_scale,103,104,0.6666666666666666,resource_min,0.8393495423445574,0.6890407080911801,-0.2254632513800659,-0.2254632513800659,True
6,oscillator_promoter_leak,104,105,-0.6666666666666666,resolved_oscillation,1.0,1.0,-0.0,-0.0,True
6,oscillator_promoter_leak,104,105,-0.6666666666666666,period_min,273.4,274.1333333333333,-1.1000000000000227,-0.0017313746065058069,True
6,oscillator_promoter_leak,104,105,-0.6666666666666666,period_generations,6.834999999999999,6.8533333333333335,-0.027500000000001634,-0.0021642182581323426,True
6,oscillator_promoter_leak,104,105,-0.6666666666666666,TetR_relative_amplitude,0.8067484482221835,0.8240389680199106,-0.025935779696590666,-0.026125275465351337,True
6,oscillator_promoter_leak,104,105,-0.6666666666666666,TetR_free_peak,59.9244850907588,61.68954365855881,-2.647587851700017,-0.0033909772543646273,True
6,oscillator_promoter_leak,104,105,-0.6666666666666666,TetR_free_trough,11.580499733275767,10.854955764540788,1.0883159531024678,0.1921723290281962,True
6,oscillator_promoter_leak,104,105,-0.6666666666666666,CI_phase_lag_fraction_cycle,0.6532553035844917,0.6529669260700389,0.00043256627167914674,0.0007007235371582982,True
6,oscillator_promoter_leak,104,105,-0.6666666666666666,PLtetO1_duty_activity_gt_0p5,0.41324150188846925,0.42634970006665185,-0.019662297267273893,-0.060040705563093474,True
6,oscillator_promoter_leak,104,105,-0.6666666666666666,C31_flux_peak_uM_h,4.817266760209453,4.928272358717198,-0.16650839776161774,-0.025079320722387853,True
6,oscillator_promoter_leak,104,105,-0.6666666666666666,C31_flux_trough_uM_h,0.22578198806877367,0.21891463619767162,0.010301027806653068,0.28639552853481004,True
6,oscillator_promoter_leak,104,105,-0.6666666666666666,C31_flux_trough_fraction_of_peak,0.04686931392999228,0.04442015786941083,0.003673734090872176,0.6781312596061919,True
6,oscillator_promoter_leak,104,105,-0.6666666666666666,C31_flux_residual_duty_above_0p5_uM_h,0.7282826038658076,0.7253943568095979,0.004332370584314571,0.009893455098934493,True
6,oscillator_promoter_leak,104,105,-0.6666666666666666,C31_flux_FWHM_h,2.183333333333333,2.2,-0.025000000000000577,-0.0068807339449542875,True
6,oscillator_promoter_leak,104,105,-0.6666666666666666,C31_flux_dose_uM_per_cycle,10.746480906031374,11.051978382542218,-0.45824621476626604,-0.020059453428652434,True
6,oscillator_promoter_leak,104,105,-0.6666666666666666,resource_min,0.6890407080911801,0.6818751878847837,0.010748280309594571,0.010748280309594571,True
6,c31_mrna_total_half_life_min,105,106,-0.6666666666666666,resolved_oscillation,1.0,1.0,-0.0,-0.0,True
6,c31_mrna_total_half_life_min,105,106,-0.6666666666666666,period_min,274.1333333333333,279.93333333333334,-8.700000000000017,-0.013693599160545671,True
6,c31_mrna_total_half_life_min,105,106,-0.6666666666666666,period_generations,6.8533333333333335,6.998333333333333,-0.21749999999999936,-0.017116998950682007,True
6,c31_mrna_total_half_life_min,105,106,-0.6666666666666666,TetR_relative_amplitude,0.8240389680199106,0.8360092456793894,-0.017955416489218168,-0.018086604966713205,True
6,c31_mrna_total_half_life_min,105,106,-0.6666666666666666,TetR_free_peak,61.68954365855881,67.59354809838197,-8.856006659734742,-0.01134259515822282,True
6,c31_mrna_total_half_life_min,105,106,-0.6666666666666666,TetR_free_trough,10.854955764540788,11.084716939860135,-0.3446417629790197,-0.060856050196873304,True
6,c31_mrna_total_half_life_min,105,106,-0.6666666666666666,CI_phase_lag_fraction_cycle,0.6529669260700389,0.6340795427482734,0.028331074982648308,0.04589412622550371,True
6,c31_mrna_total_half_life_min,105,106,-0.6666666666666666,PLtetO1_duty_activity_gt_0p5,0.42634970006665185,0.3774716729615641,0.07331704065763164,0.22388059701492538,True
6,c31_mrna_total_half_life_min,105,106,-0.6666666666666666,C31_flux_peak_uM_h,4.928272358717198,1.4038346637460182,5.28665654245677,0.7962706791954133,True
6,c31_mrna_total_half_life_min,105,106,-0.6666666666666666,C31_flux_trough_uM_h,0.21891463619767162,0.043732371802535974,0.2627733965927035,7.3057880450966906,True
6,c31_mrna_total_half_life_min,105,106,-0.6666666666666666,C31_flux_trough_fraction_of_peak,0.04442015786941083,0.03115208146081798,0.019902114612889276,3.6737133710353214,True
6,c31_mrna_total_half_life_min,105,106,-0.6666666666666666,C31_flux_residual_duty_above_0p5_uM_h,0.7253943568095979,0.48300377693845814,0.3635858698067096,0.8302891933028919,True
6,c31_mrna_total_half_life_min,105,106,-0.6666666666666666,C31_flux_FWHM_h,2.2,1.9333333333333333,0.40000000000000024,0.11009174311926612,True
6,c31_mrna_total_half_life_min,105,106,-0.6666666666666666,C31_flux_dose_uM_per_cycle,11.051978382542218,2.787860756543992,12.39617643899734,0.5426351947026076,True
6,c31_mrna_total_half_life_min,105,106,-0.6666666666666666,resource_min,0.6818751878847837,0.9093810962263303,-0.3412588625123199,-0.3412588625123199,True
6,hill_n,106,107,-0.6666666666666666,resolved_oscillation,1.0,1.0,-0.0,-0.0,True
6,hill_n,106,107,-0.6666666666666666,period_min,279.93333333333334,249.88235294117646,45.07647058823531,0.07094932411579534,True
6,hill_n,106,107,-0.6666666666666666,period_generations,6.998333333333333,6.247058823529412,1.126911764705882,0.08868665514474412,True
6,hill_n,106,107,-0.6666666666666666,TetR_relative_amplitude,0.8360092456793894,0.6015791758141213,0.35164510479790206,0.35421434544708,True
6,hill_n,106,107,-0.6666666666666666,TetR_free_peak,67.59354809838197,42.038608998237564,38.332408650216614,0.04909537779999687,True
6,hill_n,106,107,-0.6666666666666666,TetR_free_trough,11.084716939860135,16.749057244705707,-8.496510457268359,-1.500294283595743,True
6,hill_n,106,107,-0.6666666666666666,CI_phase_lag_fraction_cycle,0.6340795427482734,0.653307438794727,-0.028841844069680378,-0.04672153220874622,True
6,hill_n,106,107,-0.6666666666666666,PLtetO1_duty_activity_gt_0p5,0.3774716729615641,0.2028438124861142,0.26194179071317486,0.7998643147896879,True
6,hill_n,106,107,-0.6666666666666666,C31_flux_peak_uM_h,1.4038346637460182,0.92216465441564,0.7225050139955673,0.10882294955158728,True
6,hill_n,106,107,-0.6666666666666666,C31_flux_trough_uM_h,0.043732371802535974,0.19551038831561368,-0.22766702476961656,-6.3297390428098685,True
6,hill_n,106,107,-0.6666666666666666,C31_flux_trough_fraction_of_peak,0.03115208146081798,0.21201245068268776,-0.27129055383280465,-50.07727844184418,True
6,hill_n,106,107,-0.6666666666666666,C31_flux_residual_duty_above_0p5_uM_h,0.48300377693845814,0.49788935792046213,-0.02232837147300598,-0.05098934550989342,True
6,hill_n,106,107,-0.6666666666666666,C31_flux_FWHM_h,1.9333333333333333,1.9,0.050000000000000155,0.0137614678899083,True
6,hill_n,106,107,-0.6666666666666666,C31_flux_dose_uM_per_cycle,2.787860756543992,2.1978823740655655,0.8849675737176399,0.038738925186564035,True
6,hill_n,106,107,-0.6666666666666666,resource_min,0.9093810962263303,0.9404733675267839,-0.04663840695068033,-0.04663840695068033,True
6,sponge_accessible_fraction,107,108,-0.6666666666666666,resolved_oscillation,1.0,1.0,-0.0,-0.0,True
6,sponge_accessible_fraction,107,108,-0.6666666666666666,period_min,249.88235294117646,249.88235294117646,-0.0,-0.0,True
6,sponge_accessible_fraction,107,108,-0.6666666666666666,period_generations,6.247058823529412,6.247058823529412,-0.0,-0.0,True
6,sponge_accessible_fraction,107,108,-0.6666666666666666,TetR_relative_amplitude,0.6015791758141213,0.6015791758141213,-0.0,-0.0,True
6,sponge_accessible_fraction,107,108,-0.6666666666666666,TetR_free_peak,42.038608998237564,42.038608998237564,-0.0,-0.0,True
6,sponge_accessible_fraction,107,108,-0.6666666666666666,TetR_free_trough,16.749057244705707,16.749057244705707,-0.0,-0.0,True
6,sponge_accessible_fraction,107,108,-0.6666666666666666,CI_phase_lag_fraction_cycle,0.653307438794727,0.653307438794727,-0.0,-0.0,True
6,sponge_accessible_fraction,107,108,-0.6666666666666666,PLtetO1_duty_activity_gt_0p5,0.2028438124861142,0.2028438124861142,-0.0,-0.0,True
6,sponge_accessible_fraction,107,108,-0.6666666666666666,C31_flux_peak_uM_h,0.92216465441564,0.92216465441564,-0.0,-0.0,True
6,sponge_accessible_fraction,107,108,-0.6666666666666666,C31_flux_trough_uM_h,0.19551038831561368,0.19551038831561368,-0.0,-0.0,True
6,sponge_accessible_fraction,107,108,-0.6666666666666666,C31_flux_trough_fraction_of_peak,0.21201245068268776,0.21201245068268776,-0.0,-0.0,True
6,sponge_accessible_fraction,107,108,-0.6666666666666666,C31_flux_residual_duty_above_0p5_uM_h,0.49788935792046213,0.49788935792046213,-0.0,-0.0,True
6,sponge_accessible_fraction,107,108,-0.6666666666666666,C31_flux_FWHM_h,1.9,1.9,-0.0,-0.0,True
6,sponge_accessible_fraction,107,108,-0.6666666666666666,C31_flux_dose_uM_per_cycle,2.1978823740655655,2.1978823740655655,-0.0,-0.0,True
6,sponge_accessible_fraction,107,108,-0.6666666666666666,resource_min,0.9404733675267839,0.9404733675267839,-0.0,-0.0,True
6,oscillator_mrna_total_half_life_min,108,109,0.6666666666666667,resolved_oscillation,1.0,1.0,0.0,0.0,True
6,oscillator_mrna_total_half_life_min,108,109,0.6666666666666667,period_min,249.88235294117646,388.1,207.3264705882353,0.3263270785753966,True
6,oscillator_mrna_total_half_life_min,108,109,0.6666666666666667,period_generations,6.247058823529412,9.7025,5.183161764705883,0.4079088482192457,True
6,oscillator_mrna_total_half_life_min,108,109,0.6666666666666667,TetR_relative_amplitude,0.6015791758141213,0.9500683031227837,0.5227336909629934,0.5265529639435993,True
6,oscillator_mrna_total_half_life_min,108,109,0.6666666666666667,TetR_free_peak,42.038608998237564,208.61447156508933,249.8637938502776,0.32002052022239913,True
6,oscillator_mrna_total_half_life_min,108,109,0.6666666666666667,TetR_free_trough,16.749057244705707,10.416474558388703,-9.498874029475504,-1.6772893388046166,True
6,oscillator_mrna_total_half_life_min,108,109,0.6666666666666667,CI_phase_lag_fraction_cycle,0.653307438794727,0.6596238082968306,0.009474554253155519,0.015348037061460495,True
6,oscillator_mrna_total_half_life_min,108,109,0.6666666666666667,PLtetO1_duty_activity_gt_0p5,0.2028438124861142,0.299044656742946,0.1443012663852477,0.44063772048846667,True
6,oscillator_mrna_total_half_life_min,108,109,0.6666666666666667,C31_flux_peak_uM_h,0.92216465441564,1.3134630292540372,0.5869475622575958,0.08840542794818218,True
6,oscillator_mrna_total_half_life_min,108,109,0.6666666666666667,C31_flux_trough_uM_h,0.19551038831561368,0.03762992443774247,-0.23682069581680681,-6.584235051052915,True
6,oscillator_mrna_total_half_life_min,108,109,0.6666666666666667,C31_flux_trough_fraction_of_peak,0.21201245068268776,0.028649397508442892,-0.27504457976136726,-50.77023069929134,True
6,oscillator_mrna_total_half_life_min,108,109,0.6666666666666667,C31_flux_residual_duty_above_0p5_uM_h,0.49788935792046213,0.38635858698067094,-0.16729615640968676,-0.38203957382039583,True
6,oscillator_mrna_total_half_life_min,108,109,0.6666666666666667,C31_flux_FWHM_h,1.9,2.183333333333333,0.42499999999999977,0.11697247706422012,True
6,oscillator_mrna_total_half_life_min,108,109,0.6666666666666667,C31_flux_dose_uM_per_cycle,2.1978823740655655,2.9814105356227247,1.1752922423357386,0.05144771356641825,True
6,oscillator_mrna_total_half_life_min,108,109,0.6666666666666667,resource_min,0.9404733675267839,0.9152146738273033,-0.03788804054922095,-0.03788804054922095,True
6,c31_translation_scale,109,110,-0.6666666666666666,resolved_oscillation,1.0,1.0,-0.0,-0.0,True
6,c31_translation_scale,109,110,-0.6666666666666666,period_min,388.1,389.4,-1.9499999999999318,-0.0030692549842601235,True
6,c31_translation_scale,109,110,-0.6666666666666666,period_generations,9.7025,9.735,-0.048749999999998295,-0.0038365687303251544,True
6,c31_translation_scale,109,110,-0.6666666666666666,TetR_relative_amplitude,0.9500683031227837,0.9500218728600346,6.964539412362969e-05,7.01542474395696e-05,True
6,c31_translation_scale,109,110,-0.6666666666666666,TetR_free_peak,208.61447156508933,210.00537054395306,-2.086348468295597,-0.002672153143521241,True
6,c31_translation_scale,109,110,-0.6666666666666666,TetR_free_trough,10.416474558388703,10.495675109121231,-0.11880082609879228,-0.020977576756819903,True
6,c31_translation_scale,109,110,-0.6666666666666666,CI_phase_lag_fraction_cycle,0.6596238082968306,0.6554956343091938,0.006192260981455311,0.010030978608408824,True
6,c31_translation_scale,109,110,-0.6666666666666666,PLtetO1_duty_activity_gt_0p5,0.299044656742946,0.2934903354810042,0.008331481892912662,0.025440976933514173,True
6,c31_translation_scale,109,110,-0.6666666666666666,C31_flux_peak_uM_h,1.3134630292540372,0.683351686326019,0.9451670143920274,0.14236006717268126,True
6,c31_translation_scale,109,110,-0.6666666666666666,C31_flux_trough_uM_h,0.03762992443774247,0.018815919491539473,0.028221007419304497,0.7846178543869565,True
6,c31_translation_scale,109,110,-0.6666666666666666,C31_flux_trough_fraction_of_peak,0.028649397508442892,0.027534752409409613,0.0016719676485499185,0.3086269989842357,True
6,c31_translation_scale,109,110,-0.6666666666666666,C31_flux_residual_duty_above_0p5_uM_h,0.38635858698067094,0.25038880248833595,0.20395467673850248,0.4657534246575341,True
6,c31_translation_scale,109,110,-0.6666666666666666,C31_flux_FWHM_h,2.183333333333333,2.15,0.04999999999999982,0.013761467889908207,True
6,c31_translation_scale,109,110,-0.6666666666666666,C31_flux_dose_uM_per_cycle,2.9814105356227247,1.531153283015214,2.1753858789112663,0.09522621316059597,True
6,c31_translation_scale,109,110,-0.6666666666666666,resource_min,0.9152146738273033,0.9558889787337836,-0.06101145735972058,-0.06101145735972058,True
6,oscillator_tx_scale,110,111,0.6666666666666666,resolved_oscillation,1.0,1.0,0.0,0.0,True
6,oscillator_tx_scale,110,111,0.6666666666666666,period_min,389.4,464.77777777777777,113.06666666666669,0.17796432318992658,True
6,oscillator_tx_scale,110,111,0.6666666666666666,period_generations,9.735,11.619444444444444,2.826666666666666,0.22245540398740815,True
6,oscillator_tx_scale,110,111,0.6666666666666666,TetR_relative_amplitude,0.9500218728600346,0.9762821143407302,0.03939036222104342,0.039678161819056625,True
6,oscillator_tx_scale,110,111,0.6666666666666666,TetR_free_peak,210.00537054395306,468.6736654825652,388.0024424079182,0.4969457221214985,True
6,oscillator_tx_scale,110,111,0.6666666666666666,TetR_free_trough,10.495675109121231,11.115948409426338,0.9304099504576593,0.16428965009724766,True
6,oscillator_tx_scale,110,111,0.6666666666666666,CI_phase_lag_fraction_cycle,0.6554956343091938,0.6562275878556061,0.0010979303196184675,0.001778561269074281,True
6,oscillator_tx_scale,110,111,0.6666666666666666,PLtetO1_duty_activity_gt_0p5,0.2934903354810042,0.23994667851588536,-0.0803154854476783,-0.24525101763907736,True
6,oscillator_tx_scale,110,111,0.6666666666666666,C31_flux_peak_uM_h,0.683351686326019,0.6637320480985532,-0.02942945734119856,-0.004432634084933132,True
6,oscillator_tx_scale,110,111,0.6666666666666666,C31_flux_trough_uM_h,0.018815919491539473,0.017732595955897493,-0.001624985303462969,-0.04517884366315347,True
6,oscillator_tx_scale,110,111,0.6666666666666666,C31_flux_trough_fraction_of_peak,0.027534752409409613,0.026716498030639763,-0.0012273815681547746,-0.22656125572567476,True
6,oscillator_tx_scale,110,111,0.6666666666666666,C31_flux_residual_duty_above_0p5_uM_h,0.25038880248833595,0.20306598533659187,-0.07098422572761612,-0.16210045662100464,True
6,oscillator_tx_scale,110,111,0.6666666666666666,C31_flux_FWHM_h,2.15,2.216666666666667,0.10000000000000031,0.0275229357798166,True
6,oscillator_tx_scale,110,111,0.6666666666666666,C31_flux_dose_uM_per_cycle,1.531153283015214,1.5376443593145268,0.009736614448969338,0.00042621446244016576,True
6,oscillator_tx_scale,110,111,0.6666666666666666,resource_min,0.9558889787337836,0.957155445615193,0.0018997003221139508,0.0018997003221139508,True
7,oscillator_translation_scale,112,113,0.6666666666666667,resolved_oscillation,0.0,0.0,0.0,0.0,True
7,oscillator_translation_scale,112,113,0.6666666666666667,period_min,,,,,False
7,oscillator_translation_scale,112,113,0.6666666666666667,period_generations,,,,,False
7,oscillator_translation_scale,112,113,0.6666666666666667,TetR_relative_amplitude,,,,,False
7,oscillator_translation_scale,112,113,0.6666666666666667,TetR_free_peak,12.410365144941114,10.352326561821515,-3.0870578746793975,-0.003953841618219938,True
7,oscillator_translation_scale,112,113,0.6666666666666667,TetR_free_trough,12.410364978037155,10.3523264918412,-3.087057729293931,-0.5451055568851464,True
7,oscillator_translation_scale,112,113,0.6666666666666667,CI_phase_lag_fraction_cycle,,,,,False
7,oscillator_translation_scale,112,113,0.6666666666666667,PLtetO1_duty_activity_gt_0p5,0.0,1.0,1.4999999999999998,4.580393487109904,True
7,oscillator_translation_scale,112,113,0.6666666666666667,C31_flux_peak_uM_h,0.9342193112456879,1.3155686346106694,0.5720239850474722,0.0861576543571238,True
7,oscillator_translation_scale,112,113,0.6666666666666667,C31_flux_trough_uM_h,0.9342192829558933,1.3155686207523531,0.5720240066946897,15.903764246332443,True
7,oscillator_translation_scale,112,113,0.6666666666666667,C31_flux_trough_fraction_of_peak,0.9999999697182511,0.9999999894659116,2.9621490760245447e-08,5.467804240532154e-06,True
7,oscillator_translation_scale,112,113,0.6666666666666667,C31_flux_residual_duty_above_0p5_uM_h,1.0,1.0,0.0,0.0,True
7,oscillator_translation_scale,112,113,0.6666666666666667,C31_flux_FWHM_h,,6.433333333333334,,,False
7,oscillator_translation_scale,112,113,0.6666666666666667,C31_flux_dose_uM_per_cycle,,,,,False
7,oscillator_translation_scale,112,113,0.6666666666666667,resource_min,0.9648222161062984,0.9504626070467778,-0.021539413589280906,-0.021539413589280906,True
7,oscillator_plasmid_copies,113,114,-0.6666666666666666,resolved_oscillation,0.0,0.0,-0.0,-0.0,True
7,oscillator_plasmid_copies,113,114,-0.6666666666666666,period_min,,,,,False
7,oscillator_plasmid_copies,113,114,-0.6666666666666666,period_generations,,,,,False
7,oscillator_plasmid_copies,113,114,-0.6666666666666666,TetR_relative_amplitude,,,,,False
7,oscillator_plasmid_copies,113,114,-0.6666666666666666,TetR_free_peak,10.352326561821515,11.458704547392058,-1.659566978355814,-0.0021255399975059356,True
7,oscillator_plasmid_copies,113,114,-0.6666666666666666,TetR_free_trough,10.3523264918412,11.45870442197409,-1.659566895199335,-0.29304250711330077,True
7,oscillator_plasmid_copies,113,114,-0.6666666666666666,CI_phase_lag_fraction_cycle,,,,,False
7,oscillator_plasmid_copies,113,114,-0.6666666666666666,PLtetO1_duty_activity_gt_0p5,1.0,0.0,1.5,4.580393487109904,True
7,oscillator_plasmid_copies,113,114,-0.6666666666666666,C31_flux_peak_uM_h,1.3155686346106694,0.7736214428071954,0.8129207877052111,0.1224412788233239,True
7,oscillator_plasmid_copies,113,114,-0.6666666666666666,C31_flux_trough_uM_h,1.3155686207523531,0.7736214260717553,0.8129207920208967,22.601325251970774,True
7,oscillator_plasmid_copies,113,114,-0.6666666666666666,C31_flux_trough_fraction_of_peak,0.9999999894659116,0.9999999783674042,1.664776116960809e-08,3.0729952065989597e-06,True
7,oscillator_plasmid_copies,113,114,-0.6666666666666666,C31_flux_residual_duty_above_0p5_uM_h,1.0,1.0,-0.0,-0.0,True
7,oscillator_plasmid_copies,113,114,-0.6666666666666666,C31_flux_FWHM_h,6.433333333333334,,,,False
7,oscillator_plasmid_copies,113,114,-0.6666666666666666,C31_flux_dose_uM_per_cycle,,,,,False
7,oscillator_plasmid_copies,113,114,-0.6666666666666666,resource_min,0.9504626070467778,0.9708694868506648,-0.030610319705830502,-0.030610319705830502,True
7,c31_tx_scale,114,115,0.6666666666666667,resolved_oscillation,0.0,0.0,0.0,0.0,True
7,c31_tx_scale,114,115,0.6666666666666667,period_min,,,,,False
7,c31_tx_scale,114,115,0.6666666666666667,period_generations,,,,,False
7,c31_tx_scale,114,115,0.6666666666666667,TetR_relative_amplitude,,,,,False
7,c31_tx_scale,114,115,0.6666666666666667,TetR_free_peak,11.458704547392058,11.576402945006507,0.17654759642167314,0.00022611860958428028,True
7,c31_tx_scale,114,115,0.6666666666666667,TetR_free_trough,11.45870442197409,11.576402910627522,0.176547732980147,0.031174392817384867,True
7,c31_tx_scale,114,115,0.6666666666666667,CI_phase_lag_fraction_cycle,,,,,False
7,c31_tx_scale,114,115,0.6666666666666667,PLtetO1_duty_activity_gt_0p5,0.0,0.0,0.0,0.0,True
7,c31_tx_scale,114,115,0.6666666666666667,C31_flux_peak_uM_h,0.7736214428071954,1.3342287836803217,0.8409110113096895,0.12665713702810374,True
7,c31_tx_scale,114,115,0.6666666666666667,C31_flux_trough_uM_h,0.7736214260717553,1.3342287757739844,0.8409110245533434,23.379526960616282,True
7,c31_tx_scale,114,115,0.6666666666666667,C31_flux_trough_fraction_of_peak,0.9999999783674042,0.9999999940742267,2.356023376393068e-08,4.348962282993537e-06,True
7,c31_tx_scale,114,115,0.6666666666666667,C31_flux_residual_duty_above_0p5_uM_h,1.0,1.0,0.0,0.0,True
7,c31_tx_scale,114,115,0.6666666666666667,C31_flux_FWHM_h,,,,,False
7,c31_tx_scale,114,115,0.6666666666666667,C31_flux_dose_uM_per_cycle,,,,,False
7,c31_tx_scale,114,115,0.6666666666666667,resource_min,0.9708694868506648,0.9497599640126476,-0.031664284257025714,-0.031664284257025714,True
7,hill_n,115,116,-0.6666666666666666,resolved_oscillation,0.0,0.0,-0.0,-0.0,True
7,hill_n,115,116,-0.6666666666666666,period_min,,,,,False
7,hill_n,115,116,-0.6666666666666666,period_generations,,,,,False
7,hill_n,115,116,-0.6666666666666666,TetR_relative_amplitude,,,,,False
7,hill_n,115,116,-0.6666666666666666,TetR_free_peak,11.576402945006507,29.699516009936918,-27.18466959739562,-0.03481757789944371,True
7,hill_n,115,116,-0.6666666666666666,TetR_free_trough,11.576402910627522,29.687151368773378,-27.166122687218785,-4.7969314908839005,True
7,hill_n,115,116,-0.6666666666666666,CI_phase_lag_fraction_cycle,,,,,False
7,hill_n,115,116,-0.6666666666666666,PLtetO1_duty_activity_gt_0p5,0.0,0.0,-0.0,-0.0,True
7,hill_n,115,116,-0.6666666666666666,C31_flux_peak_uM_h,1.3342287836803217,0.22532801931175792,1.6633511465528457,0.25053221002145976,True
7,hill_n,115,116,-0.6666666666666666,C31_flux_trough_uM_h,1.3342287757739844,0.2251180226134094,1.6636661297408626,46.2542718528401,True
7,hill_n,115,116,-0.6666666666666666,C31_flux_trough_fraction_of_peak,0.9999999940742267,0.9990680400112248,0.0013979310945027579,0.2580428388415992,True
7,hill_n,115,116,-0.6666666666666666,C31_flux_residual_duty_above_0p5_uM_h,1.0,0.0,1.5,3.4254185692541856,True
7,hill_n,115,116,-0.6666666666666666,C31_flux_FWHM_h,,,,,False
7,hill_n,115,116,-0.6666666666666666,C31_flux_dose_uM_per_cycle,,,,,False
7,hill_n,115,116,-0.6666666666666666,resource_min,0.9497599640126476,0.9915153323495576,-0.06263305250536494,-0.06263305250536494,True
7,peak_load_fraction,116,117,-0.6666666666666666,resolved_oscillation,0.0,0.0,-0.0,-0.0,True
7,peak_load_fraction,116,117,-0.6666666666666666,period_min,,,,,False
7,peak_load_fraction,116,117,-0.6666666666666666,period_generations,,,,,False
7,peak_load_fraction,116,117,-0.6666666666666666,TetR_relative_amplitude,,,,,False
7,peak_load_fraction,116,117,-0.6666666666666666,TetR_free_peak,29.699516009936918,29.538662841347886,0.24127975288354797,0.00030902625325217423,True
7,peak_load_fraction,116,117,-0.6666666666666666,TetR_free_trough,29.687151368773378,29.529130277143807,0.23703163744435685,0.0418545016189433,True
7,peak_load_fraction,116,117,-0.6666666666666666,CI_phase_lag_fraction_cycle,,,,,False
7,peak_load_fraction,116,117,-0.6666666666666666,PLtetO1_duty_activity_gt_0p5,0.0,0.0,-0.0,-0.0,True
7,peak_load_fraction,116,117,-0.6666666666666666,C31_flux_peak_uM_h,0.22532801931175792,0.22999336131005874,-0.006998012997451231,-0.0010540333985663657,True
7,peak_load_fraction,116,117,-0.6666666666666666,C31_flux_trough_uM_h,0.2251180226134094,0.22982682037176558,-0.007063196637534255,-0.19637534934576312,True
7,peak_load_fraction,116,117,-0.6666666666666666,C31_flux_trough_fraction_of_peak,0.9990680400112248,0.9992758880632705,-0.00031177207806848406,-0.05754972645840777,True
7,peak_load_fraction,116,117,-0.6666666666666666,C31_flux_residual_duty_above_0p5_uM_h,0.0,0.0,-0.0,-0.0,True
7,peak_load_fraction,116,117,-0.6666666666666666,C31_flux_FWHM_h,,,,,False
7,peak_load_fraction,116,117,-0.6666666666666666,C31_flux_dose_uM_per_cycle,,,,,False
7,peak_load_fraction,116,117,-0.6666666666666666,resource_min,0.9915153323495576,1.0,-0.012727001475663635,-0.012727001475663635,True
7,oscillator_promoter_leak,117,118,-0.6666666666666666,resolved_oscillation,0.0,1.0,-1.5,-1.5,True
7,oscillator_promoter_leak,117,118,-0.6666666666666666,period_min,,494.125,,,False
7,oscillator_promoter_leak,117,118,-0.6666666666666666,period_generations,,10.588392857142857,,,False
7,oscillator_promoter_leak,117,118,-0.6666666666666666,TetR_relative_amplitude,,0.9781651070272673,,,False
7,oscillator_promoter_leak,117,118,-0.6666666666666666,TetR_free_peak,29.538662841347886,434.89363672712176,-608.0324608286609,-0.7787557429912826,True
7,oscillator_promoter_leak,117,118,-0.6666666666666666,TetR_free_trough,29.529130277143807,9.495856012459184,30.049911397026932,5.306144271611071,True
7,oscillator_promoter_leak,117,118,-0.6666666666666666,CI_phase_lag_fraction_cycle,,0.6020743738932456,,,False
7,oscillator_promoter_leak,117,118,-0.6666666666666666,PLtetO1_duty_activity_gt_0p5,0.0,0.163741390802044,-0.24561208620306602,-0.75,True
7,oscillator_promoter_leak,117,118,-0.6666666666666666,C31_flux_peak_uM_h,0.22999336131005874,1.8004947368076951,-2.355752063246455,-0.35482091192281945,True
7,oscillator_promoter_leak,117,118,-0.6666666666666666,C31_flux_trough_uM_h,0.22982682037176558,0.021618838175035442,0.31231197329509525,8.683090108914092,True
7,oscillator_promoter_leak,117,118,-0.6666666666666666,C31_flux_trough_fraction_of_peak,0.9992758880632705,0.012007165437965109,1.4809030839379582,273.3585634737992,True
7,oscillator_promoter_leak,117,118,-0.6666666666666666,C31_flux_residual_duty_above_0p5_uM_h,0.0,0.3199289046878471,-0.4798933570317707,-1.095890410958904,True
7,oscillator_promoter_leak,117,118,-0.6666666666666666,C31_flux_FWHM_h,,2.2,,,False
7,oscillator_promoter_leak,117,118,-0.6666666666666666,C31_flux_dose_uM_per_cycle,,3.940923021558361,,,False
7,oscillator_promoter_leak,117,118,-0.6666666666666666,resource_min,1.0,1.0,-0.0,-0.0,True
7,oscillator_tx_scale,118,119,-0.6666666666666666,resolved_oscillation,1.0,1.0,-0.0,-0.0,True
7,oscillator_tx_scale,118,119,-0.6666666666666666,period_min,494.125,486.125,12.0,0.018887722980062957,True
7,oscillator_tx_scale,118,119,-0.6666666666666666,period_generations,10.588392857142857,10.416964285714286,0.25714285714285623,0.020236846050067384,True
7,oscillator_tx_scale,118,119,-0.6666666666666666,TetR_relative_amplitude,0.9781651070272673,0.9799396640297873,-0.002661835503779908,-0.0026812837937871493,True
7,oscillator_tx_scale,118,119,-0.6666666666666666,TetR_free_peak,434.89363672712176,398.4445227172475,54.67367101481142,0.07002493787120097,True
7,oscillator_tx_scale,118,119,-0.6666666666666666,TetR_free_trough,9.495856012459184,7.992930991199044,2.2543875318902096,0.3980745676845543,True
7,oscillator_tx_scale,118,119,-0.6666666666666666,CI_phase_lag_fraction_cycle,0.6020743738932456,0.6150681409102597,-0.019490650525521236,-0.03157332985011344,True
7,oscillator_tx_scale,118,119,-0.6666666666666666,PLtetO1_duty_activity_gt_0p5,0.163741390802044,0.24483448122639415,-0.12163963563652522,-0.371438263229308,True
7,oscillator_tx_scale,118,119,-0.6666666666666666,C31_flux_peak_uM_h,1.8004947368076951,2.0938303094945794,-0.4400033590303264,-0.06627284574468008,True
7,oscillator_tx_scale,118,119,-0.6666666666666666,C31_flux_trough_uM_h,0.021618838175035442,0.021664182606549946,-6.80166472717559e-05,-0.0018910407786666738,True
7,oscillator_tx_scale,118,119,-0.6666666666666666,C31_flux_trough_fraction_of_peak,0.012007165437965109,0.010346675424609443,0.002490735020033499,0.45976252899664183,True
7,oscillator_tx_scale,118,119,-0.6666666666666666,C31_flux_residual_duty_above_0p5_uM_h,0.3199289046878471,0.3852477227282826,-0.09797822706065323,-0.22374429223744305,True
7,oscillator_tx_scale,118,119,-0.6666666666666666,C31_flux_FWHM_h,2.2,2.45,-0.375,-0.10321100917431193,True
7,oscillator_tx_scale,118,119,-0.6666666666666666,C31_flux_dose_uM_per_cycle,3.940923021558361,5.016114462476192,-1.612787161376747,-0.07059879146075816,True
7,oscillator_tx_scale,118,119,-0.6666666666666666,resource_min,1.0,1.0,-0.0,-0.0,True
7,K_copies,119,120,0.6666666666666667,resolved_oscillation,1.0,1.0,0.0,0.0,True
7,K_copies,119,120,0.6666666666666667,period_min,486.125,465.44444444444446,-31.02083333333331,-0.048826075550891884,True
7,K_copies,119,120,0.6666666666666667,period_generations,10.416964285714286,9.973809523809525,-0.6647321428571419,-0.052313652375955554,True
7,K_copies,119,120,0.6666666666666667,TetR_relative_amplitude,0.9799396640297873,0.9729477876805195,-0.010487814523901682,-0.010564442120953924,True
7,K_copies,119,120,0.6666666666666667,TetR_free_peak,398.4445227172475,456.4741519279476,87.04444381605019,0.11148477241634114,True
7,K_copies,119,120,0.6666666666666667,TetR_free_trough,7.992930991199044,12.348635676309632,6.533557027665881,1.1536804797042943,True
7,K_copies,119,120,0.6666666666666667,CI_phase_lag_fraction_cycle,0.6150681409102597,0.6300429696825018,0.022462243158363145,0.036387077562332275,True
7,K_copies,119,120,0.6666666666666667,PLtetO1_duty_activity_gt_0p5,0.24483448122639415,0.2475005554321262,0.00399911130859809,0.01221166892808684,True
7,K_copies,119,120,0.6666666666666667,C31_flux_peak_uM_h,2.0938303094945794,2.136318028391453,0.06373157834531028,0.009599183674533341,True
7,K_copies,119,120,0.6666666666666667,C31_flux_trough_uM_h,0.021664182606549946,0.021966809534392083,0.00045394039176320505,0.012620730752552213,True
7,K_copies,119,120,0.6666666666666667,C31_flux_trough_fraction_of_peak,0.010346675424609443,0.010282555894045448,-9.617929584599271e-05,-0.017753649400519163,True
7,K_copies,119,120,0.6666666666666667,C31_flux_residual_duty_above_0p5_uM_h,0.3852477227282826,0.3814707842701622,-0.005665407687180656,-0.01293759512937602,True
7,K_copies,119,120,0.6666666666666667,C31_flux_FWHM_h,2.45,2.3833333333333333,-0.1000000000000003,-0.027522935779816595,True
7,K_copies,119,120,0.6666666666666667,C31_flux_dose_uM_per_cycle,5.016114462476192,5.030925329626759,0.022216300725849344,0.0009725052502494094,True
7,K_copies,119,120,0.6666666666666667,resource_min,1.0,1.0,0.0,0.0,True
7,c31_translation_scale,120,121,-0.6666666666666666,resolved_oscillation,1.0,1.0,-0.0,-0.0,True
7,c31_translation_scale,120,121,-0.6666666666666666,period_min,465.44444444444446,465.44444444444446,-0.0,-0.0,True
7,c31_translation_scale,120,121,-0.6666666666666666,period_generations,9.973809523809525,9.973809523809525,-0.0,-0.0,True
7,c31_translation_scale,120,121,-0.6666666666666666,TetR_relative_amplitude,0.9729477876805195,0.9729477868450002,1.2532789805952405e-09,1.2624358699071397e-09,True
7,c31_translation_scale,120,121,-0.6666666666666666,TetR_free_peak,456.4741519279476,456.47414069940464,1.684281446046043e-05,2.157193790499994e-08,True
7,c31_translation_scale,120,121,-0.6666666666666666,TetR_free_trough,12.348635676309632,12.348635753945711,-1.1645411834848574e-07,-2.056320049720583e-08,True
7,c31_translation_scale,120,121,-0.6666666666666666,CI_phase_lag_fraction_cycle,0.6300429696825018,0.6300429696825018,-0.0,-0.0,True
7,c31_translation_scale,120,121,-0.6666666666666666,PLtetO1_duty_activity_gt_0p5,0.2475005554321262,0.2475005554321262,-0.0,-0.0,True
7,c31_translation_scale,120,121,-0.6666666666666666,C31_flux_peak_uM_h,2.136318028391453,1.0681590432030539,1.6022384777825986,0.24132748376804686,True
7,c31_translation_scale,120,121,-0.6666666666666666,C31_flux_trough_uM_h,0.021966809534392083,0.010983404561731606,0.016475107458990716,0.4580510990697445,True
7,c31_translation_scale,120,121,-0.6666666666666666,C31_flux_trough_fraction_of_peak,0.010282555894045448,0.01028255542245472,7.073860924106112e-10,1.3057576025063503e-07,True
7,c31_translation_scale,120,121,-0.6666666666666666,C31_flux_residual_duty_above_0p5_uM_h,0.3814707842701622,0.315263274827816,0.09931126416351924,0.22678843226788437,True
7,c31_translation_scale,120,121,-0.6666666666666666,C31_flux_FWHM_h,2.3833333333333333,2.3833333333333333,-0.0,-0.0,True
7,c31_translation_scale,120,121,-0.6666666666666666,C31_flux_dose_uM_per_cycle,5.030925329626759,2.5154634152855517,3.7731928715118106,0.1651692567106532,True
7,c31_translation_scale,120,121,-0.6666666666666666,resource_min,1.0,1.0,-0.0,-0.0,True
7,sponge_accessible_fraction,121,122,-0.6666666666666666,resolved_oscillation,1.0,1.0,-0.0,-0.0,True
7,sponge_accessible_fraction,121,122,-0.6666666666666666,period_min,465.44444444444446,472.25,-10.208333333333314,-0.016067681007345194,True
7,sponge_accessible_fraction,121,122,-0.6666666666666666,period_generations,9.973809523809525,10.119642857142857,-0.21874999999999822,-0.017215372507869746,True
7,sponge_accessible_fraction,121,122,-0.6666666666666666,TetR_relative_amplitude,0.9729477868450002,0.9727138102133772,0.00035096494743441786,0.00035352921861886487,True
7,sponge_accessible_fraction,121,122,-0.6666666666666666,TetR_free_peak,456.47414069940464,456.260224691674,0.3208740115959472,0.00041096897847598687,True
7,sponge_accessible_fraction,121,122,-0.6666666666666666,TetR_free_trough,12.348635753945711,12.449603083024131,-0.15145099361763048,-0.02674286827659343,True
7,sponge_accessible_fraction,121,122,-0.6666666666666666,CI_phase_lag_fraction_cycle,0.6300429696825018,0.6348332451032292,-0.007185413131091112,-0.011639807434862875,True
7,sponge_accessible_fraction,121,122,-0.6666666666666666,PLtetO1_duty_activity_gt_0p5,0.2475005554321262,0.24550099977782716,0.0029993334814485684,0.009158751696065132,True
7,sponge_accessible_fraction,121,122,-0.6666666666666666,C31_flux_peak_uM_h,1.0681590432030539,1.0619625091714513,0.009294801047403878,0.001399973212476389,True
7,sponge_accessible_fraction,121,122,-0.6666666666666666,C31_flux_trough_uM_h,0.010983404561731606,0.010983747787712918,-5.148389719674892e-07,-1.431387064033709e-05,True
7,sponge_accessible_fraction,121,122,-0.6666666666666666,C31_flux_trough_fraction_of_peak,0.01028255542245472,0.010342877166428874,-9.048261596123278e-05,-0.01670210440290384,True
7,sponge_accessible_fraction,121,122,-0.6666666666666666,C31_flux_residual_duty_above_0p5_uM_h,0.315263274827816,0.31393023772495,0.0019995556542990456,0.004566210045662103,True
7,sponge_accessible_fraction,121,122,-0.6666666666666666,C31_flux_FWHM_h,2.3833333333333333,2.35,0.04999999999999982,0.013761467889908207,True
7,sponge_accessible_fraction,121,122,-0.6666666666666666,C31_flux_dose_uM_per_cycle,2.5154634152855517,2.4791211779733624,0.054513355968283994,0.002386289488158897,True
7,sponge_accessible_fraction,121,122,-0.6666666666666666,resource_min,1.0,1.0,-0.0,-0.0,True
7,c31_mrna_total_half_life_min,122,123,0.6666666666666666,resolved_oscillation,1.0,1.0,0.0,0.0,True
7,c31_mrna_total_half_life_min,122,123,0.6666666666666666,period_min,472.25,472.25,0.0,0.0,True
7,c31_mrna_total_half_life_min,122,123,0.6666666666666666,period_generations,10.119642857142857,10.119642857142857,0.0,0.0,True
7,c31_mrna_total_half_life_min,122,123,0.6666666666666666,TetR_relative_amplitude,0.9727138102133772,0.9727138164282237,9.322269789446835e-09,9.390381513906687e-09,True
7,c31_mrna_total_half_life_min,122,123,0.6666666666666666,TetR_free_peak,456.260224691674,456.26025541115916,4.607922772947859e-05,5.901734782059044e-08,True
7,c31_mrna_total_half_life_min,122,123,0.6666666666666666,TetR_free_trough,12.449603083024131,12.449601085654404,-2.996054591086761e-06,-5.290364319510748e-07,True
7,c31_mrna_total_half_life_min,122,123,0.6666666666666666,CI_phase_lag_fraction_cycle,0.6348332451032292,0.6348332451032292,0.0,0.0,True
7,c31_mrna_total_half_life_min,122,123,0.6666666666666666,PLtetO1_duty_activity_gt_0p5,0.24550099977782716,0.24550099977782716,0.0,0.0,True
7,c31_mrna_total_half_life_min,122,123,0.6666666666666666,C31_flux_peak_uM_h,1.0619625091714513,4.924400435671233,5.7936568897496725,0.8726345412411253,True
7,c31_mrna_total_half_life_min,122,123,0.6666666666666666,C31_flux_trough_uM_h,0.010983747787712918,0.050986553537521004,0.06000420862471213,1.6682740175003021,True
7,c31_mrna_total_half_life_min,122,123,0.6666666666666666,C31_flux_trough_fraction_of_peak,0.010342877166428874,0.010353860171115664,1.6474507030185027e-05,0.0030410143813969226,True
7,c31_mrna_total_half_life_min,122,123,0.6666666666666666,C31_flux_residual_duty_above_0p5_uM_h,0.31393023772495,0.4354587869362364,0.18229282381692963,0.41628614916286166,True
7,c31_mrna_total_half_life_min,122,123,0.6666666666666666,C31_flux_FWHM_h,2.35,2.35,0.0,0.0,True
7,c31_mrna_total_half_life_min,122,123,0.6666666666666666,C31_flux_dose_uM_per_cycle,2.4791211779733624,11.507058465317778,13.541905931016622,0.5927888165906072,True
7,c31_mrna_total_half_life_min,122,123,0.6666666666666666,resource_min,1.0,1.0,0.0,0.0,True
7,oscillator_mrna_total_half_life_min,123,124,0.6666666666666667,resolved_oscillation,1.0,1.0,0.0,0.0,True
7,oscillator_mrna_total_half_life_min,123,124,0.6666666666666667,period_min,472.25,559.3333333333334,130.62500000000003,0.20560073452256036,True
7,oscillator_mrna_total_half_life_min,123,124,0.6666666666666667,period_generations,10.119642857142857,11.985714285714288,2.7991071428571455,0.220286501274172,True
7,oscillator_mrna_total_half_life_min,123,124,0.6666666666666667,TetR_relative_amplitude,0.9727138164282237,0.9792012421071539,0.009731138518395186,0.0098022375790763,True
7,oscillator_mrna_total_half_life_min,123,124,0.6666666666666667,TetR_free_peak,456.26025541115916,726.6492517972808,405.58349457918246,0.5194631800340943,True
7,oscillator_mrna_total_half_life_min,123,124,0.6666666666666667,TetR_free_trough,12.449601085654404,15.113401861149427,3.995701163242534,0.7055517255370916,True
7,oscillator_mrna_total_half_life_min,123,124,0.6666666666666667,CI_phase_lag_fraction_cycle,0.6348332451032292,0.6203814064362335,-0.021677758000493593,-0.035116272946575544,True
7,oscillator_mrna_total_half_life_min,123,124,0.6666666666666667,PLtetO1_duty_activity_gt_0p5,0.24550099977782716,0.15241057542768274,-0.1396356365252166,-0.4263907734056987,True
7,oscillator_mrna_total_half_life_min,123,124,0.6666666666666667,C31_flux_peak_uM_h,4.924400435671233,4.165354139913965,-1.138569443635902,-0.17149013878888975,True
7,oscillator_mrna_total_half_life_min,123,124,0.6666666666666667,C31_flux_trough_uM_h,0.050986553537521004,0.050123178965530424,-0.0012950618579858698,-0.0360061085422549,True
7,oscillator_mrna_total_half_life_min,123,124,0.6666666666666667,C31_flux_trough_fraction_of_peak,0.010353860171115664,0.012033353535352872,0.00251924004635581,0.46502424607439236,True
7,oscillator_mrna_total_half_life_min,123,124,0.6666666666666667,C31_flux_residual_duty_above_0p5_uM_h,0.4354587869362364,0.35525438791379693,-0.1203065985336592,-0.27473363774733645,True
7,oscillator_mrna_total_half_life_min,123,124,0.6666666666666667,C31_flux_FWHM_h,2.35,2.316666666666667,-0.049999999999999815,-0.013761467889908206,True
7,oscillator_mrna_total_half_life_min,123,124,0.6666666666666667,C31_flux_dose_uM_per_cycle,11.507058465317778,9.787605371929136,-2.579179640082963,-0.11290204306600063,True
7,oscillator_mrna_total_half_life_min,123,124,0.6666666666666667,resource_min,1.0,1.0,0.0,0.0,True
7,c31_promoter_leak,124,125,-0.6666666666666666,resolved_oscillation,1.0,1.0,-0.0,-0.0,True
7,c31_promoter_leak,124,125,-0.6666666666666666,period_min,559.3333333333334,559.3333333333334,-0.0,-0.0,True
7,c31_promoter_leak,124,125,-0.6666666666666666,period_generations,11.985714285714288,11.985714285714288,-0.0,-0.0,True
7,c31_promoter_leak,124,125,-0.6666666666666666,TetR_relative_amplitude,0.9792012421071539,0.979201246157906,-6.076128267196168e-09,-6.1205225599666345e-09,True
7,c31_promoter_leak,124,125,-0.6666666666666666,TetR_free_peak,726.6492517972808,726.6493243613229,-0.00010884606308536604,-1.3940784775569122e-07,True
7,c31_promoter_leak,124,125,-0.6666666666666666,TetR_free_trough,15.113401861149427,15.113400426915096,2.1513514969484504e-06,3.7988070150796967e-07,True
7,c31_promoter_leak,124,125,-0.6666666666666666,CI_phase_lag_fraction_cycle,0.6203814064362335,0.6203814064362335,-0.0,-0.0,True
7,c31_promoter_leak,124,125,-0.6666666666666666,PLtetO1_duty_activity_gt_0p5,0.15241057542768274,0.15018884692290602,0.00333259275716509,0.010176390773405744,True
7,c31_promoter_leak,124,125,-0.6666666666666666,C31_flux_peak_uM_h,4.165354139913965,4.148740030322685,0.024921164386919603,0.003753599715311047,True
7,c31_promoter_leak,124,125,-0.6666666666666666,C31_flux_trough_uM_h,0.050123178965530424,0.007108050169829939,0.06452269319355074,1.7938997123880607,True
7,c31_promoter_leak,124,125,-0.6666666666666666,C31_flux_trough_fraction_of_peak,0.012033353535352872,0.0017133033446005248,0.015480075286128521,2.8574531234210294,True
7,c31_promoter_leak,124,125,-0.6666666666666666,C31_flux_residual_duty_above_0p5_uM_h,0.35525438791379693,0.35125527660519884,0.005998666962897137,0.013698630136986308,True
7,c31_promoter_leak,124,125,-0.6666666666666666,C31_flux_FWHM_h,2.316666666666667,2.316666666666667,-0.0,-0.0,True
7,c31_promoter_leak,124,125,-0.6666666666666666,C31_flux_dose_uM_per_cycle,9.787605371929136,9.44592240909591,0.5125244442498378,0.02243545039585219,True
7,c31_promoter_leak,124,125,-0.6666666666666666,resource_min,1.0,1.0,-0.0,-0.0,True
7,Td_min,125,126,0.6666666666666667,resolved_oscillation,1.0,1.0,0.0,0.0,True
7,Td_min,125,126,0.6666666666666667,period_min,559.3333333333334,664.6666666666666,157.99999999999986,0.24868835257082872,True
7,Td_min,125,126,0.6666666666666667,period_generations,11.985714285714288,11.077777777777778,-1.3619047619047648,-0.10718033278369082,True
7,Td_min,125,126,0.6666666666666667,TetR_relative_amplitude,0.979201246157906,0.9692138208686814,-0.01498113793383704,-0.015090595304422865,True
7,Td_min,125,126,0.6666666666666667,TetR_free_peak,726.6493243613229,600.7506732137273,-188.8479767213934,-0.2418726892041894,True
7,Td_min,125,126,0.6666666666666667,TetR_free_trough,15.113400426915096,18.49481783881816,5.072126117854597,0.8956243693885175,True
7,Td_min,125,126,0.6666666666666667,CI_phase_lag_fraction_cycle,0.6203814064362335,0.6104563691073219,-0.014887555993367383,-0.02411667663042515,True
7,Td_min,125,126,0.6666666666666667,PLtetO1_duty_activity_gt_0p5,0.15018884692290602,0.0,-0.225283270384359,-0.6879240162822251,True
7,Td_min,125,126,0.6666666666666667,C31_flux_peak_uM_h,4.148740030322685,3.2556349036561434,-1.339657689999812,-0.20177784014124492,True
7,Td_min,125,126,0.6666666666666667,C31_flux_trough_uM_h,0.007108050169829939,0.00734058961602699,0.0003488091692955765,0.00969780766281152,True
7,Td_min,125,126,0.6666666666666667,C31_flux_trough_fraction_of_peak,0.0017133033446005248,0.002254733664325616,0.0008121454795876365,0.14991320096482216,True
7,Td_min,125,126,0.6666666666666667,C31_flux_residual_duty_above_0p5_uM_h,0.35125527660519884,0.31259720062208396,-0.057987113974672315,-0.13242009132420096,True
7,Td_min,125,126,0.6666666666666667,C31_flux_FWHM_h,2.316666666666667,2.5,0.27499999999999963,0.0756880733944953,True
7,Td_min,125,126,0.6666666666666667,C31_flux_dose_uM_per_cycle,9.44592240909591,8.184173298359601,-1.8926236661044633,-0.08284846675177102,True
7,Td_min,125,126,0.6666666666666667,resource_min,1.0,1.0,0.0,0.0,True
7,sponge_plasmid_copies,126,127,0.6666666666666667,resolved_oscillation,1.0,1.0,0.0,0.0,True
7,sponge_plasmid_copies,126,127,0.6666666666666667,period_min,664.6666666666666,664.0,-0.999999999999943,-0.0015739769150051569,True
7,sponge_plasmid_copies,126,127,0.6666666666666667,period_generations,11.077777777777778,11.066666666666666,-0.016666666666666604,-0.0013116474291710338,True
7,sponge_plasmid_copies,126,127,0.6666666666666667,TetR_relative_amplitude,0.9692138208686814,0.9757548622594879,0.009811562086209867,0.009883248749268382,True
7,sponge_plasmid_copies,126,127,0.6666666666666667,TetR_free_peak,600.7506732137273,651.2856479183325,75.80246205690786,0.09708626835357473,True
7,sponge_plasmid_copies,126,127,0.6666666666666667,TetR_free_trough,18.49481783881816,15.790510242198621,-4.0564613949293085,-0.7162806275643514,True
7,sponge_plasmid_copies,126,127,0.6666666666666667,CI_phase_lag_fraction_cycle,0.6104563691073219,0.5933734939759037,-0.02562431269712739,-0.04150938296848955,True
7,sponge_plasmid_copies,126,127,0.6666666666666667,PLtetO1_duty_activity_gt_0p5,0.0,0.14041324150188847,0.2106198622528327,0.6431478968792401,True
7,sponge_plasmid_copies,126,127,0.6666666666666667,C31_flux_peak_uM_h,3.2556349036561434,3.9612901181116884,1.0584828216833173,0.15942757555170695,True
7,sponge_plasmid_copies,126,127,0.6666666666666667,C31_flux_trough_uM_h,0.00734058961602699,0.007227046620224191,-0.00017031449370419856,-0.004735188600311223,True
7,sponge_plasmid_copies,126,127,0.6666666666666667,C31_flux_trough_fraction_of_peak,0.002254733664325616,0.001824417400578895,-0.0006454743956200812,-0.1191475360268858,True
7,sponge_plasmid_copies,126,127,0.6666666666666667,C31_flux_residual_duty_above_0p5_uM_h,0.31259720062208396,0.34725616529660075,0.05198844701177518,0.11872146118721466,True
7,sponge_plasmid_copies,126,127,0.6666666666666667,C31_flux_FWHM_h,2.5,2.85,0.525,0.1444954128440367,True
7,sponge_plasmid_copies,126,127,0.6666666666666667,C31_flux_dose_uM_per_cycle,8.184173298359601,10.977039272291558,4.189298960897934,0.18338405140497935,True
7,sponge_plasmid_copies,126,127,0.6666666666666667,resource_min,1.0,1.0,0.0,0.0,True
8,Td_min,128,129,-0.6666666666666666,resolved_oscillation,0.0,1.0,-1.5,-1.5,True
8,Td_min,128,129,-0.6666666666666666,period_min,,338.0833333333333,,,False
8,Td_min,128,129,-0.6666666666666666,period_generations,,7.244642857142856,,,False
8,Td_min,128,129,-0.6666666666666666,TetR_relative_amplitude,,0.2415983711008844,,,False
8,Td_min,128,129,-0.6666666666666666,TetR_free_peak,29.581323477729793,42.9721907787085,-20.086300951468065,-0.02572613014786872,True
8,Td_min,128,129,-0.6666666666666666,TetR_free_trough,29.575977279335266,32.59017948393608,-4.521303306901226,-0.7983613437377295,True
8,Td_min,128,129,-0.6666666666666666,CI_phase_lag_fraction_cycle,,0.6596006901651467,,,False
8,Td_min,128,129,-0.6666666666666666,PLtetO1_duty_activity_gt_0p5,0.0,0.0,-0.0,-0.0,True
8,Td_min,128,129,-0.6666666666666666,C31_flux_peak_uM_h,0.18031721515375382,0.13755485981464488,0.0641435330086634,0.009661231855070803,True
8,Td_min,128,129,-0.6666666666666666,C31_flux_trough_uM_h,0.1802250360502379,0.06538453844405134,0.17226074640927985,4.78929951842505,True
8,Td_min,128,129,-0.6666666666666666,C31_flux_trough_fraction_of_peak,0.9994887947696103,0.47533426686746644,0.7862317918532157,145.12981673784552,True
8,Td_min,128,129,-0.6666666666666666,C31_flux_residual_duty_above_0p5_uM_h,0.0,0.0,-0.0,-0.0,True
8,Td_min,128,129,-0.6666666666666666,C31_flux_FWHM_h,,,,,False
8,Td_min,128,129,-0.6666666666666666,C31_flux_dose_uM_per_cycle,,0.5362226827186186,,,False
8,Td_min,128,129,-0.6666666666666666,resource_min,0.9932102024111074,0.994820407720286,-0.0024153079637679875,-0.0024153079637679875,True
8,c31_tx_scale,129,130,0.6666666666666666,resolved_oscillation,1.0,1.0,0.0,0.0,True
8,c31_tx_scale,129,130,0.6666666666666666,period_min,338.0833333333333,334.0769230769231,-6.00961538461533,-0.009458995883444905,True
8,c31_tx_scale,129,130,0.6666666666666666,period_generations,7.244642857142856,7.158791208791208,-0.12877747252747174,-0.010134638446548144,True
8,c31_tx_scale,129,130,0.6666666666666666,TetR_relative_amplitude,0.2415983711008844,0.275189775073209,0.050387105958486944,0.05075525156625072,True
8,c31_tx_scale,129,130,0.6666666666666666,TetR_free_peak,42.9721907787085,43.99096464668668,1.528160801967264,0.001957237610512249,True
8,c31_tx_scale,129,130,0.6666666666666666,TetR_free_trough,32.59017948393608,31.88510098031148,-1.0576177554369028,-0.1867517118576565,True
8,c31_tx_scale,129,130,0.6666666666666666,CI_phase_lag_fraction_cycle,0.6596006901651467,0.6585309693760073,-0.0016045811837090418,-0.002599296053161171,True
8,c31_tx_scale,129,130,0.6666666666666666,PLtetO1_duty_activity_gt_0p5,0.0,0.0,0.0,0.0,True
8,c31_tx_scale,129,130,0.6666666666666666,C31_flux_peak_uM_h,0.13755485981464488,0.3386277751922028,0.30160937306633684,0.045428088322837866,True
8,c31_tx_scale,129,130,0.6666666666666666,C31_flux_trough_uM_h,0.06538453844405134,0.143377189826489,0.11698897707365649,3.2525996969076094,True
8,c31_tx_scale,129,130,0.6666666666666666,C31_flux_trough_fraction_of_peak,0.47533426686746644,0.4234064667173539,-0.07789170022516884,-14.377958632825692,True
8,c31_tx_scale,129,130,0.6666666666666666,C31_flux_residual_duty_above_0p5_uM_h,0.0,0.0,0.0,0.0,True
8,c31_tx_scale,129,130,0.6666666666666666,C31_flux_FWHM_h,,4.391666666666667,,,False
8,c31_tx_scale,129,130,0.6666666666666666,C31_flux_dose_uM_per_cycle,0.5362226827186186,1.2235718329352072,1.031023725324883,0.0451324456930631,True
8,c31_tx_scale,129,130,0.6666666666666666,resource_min,0.994820407720286,0.9872490596664796,-0.011357022080709656,-0.011357022080709656,True
8,sponge_accessible_fraction,130,131,-0.6666666666666666,resolved_oscillation,1.0,1.0,-0.0,-0.0,True
8,sponge_accessible_fraction,130,131,-0.6666666666666666,period_min,334.0769230769231,339.5,-8.134615384615358,-0.012803696827831099,True
8,sponge_accessible_fraction,130,131,-0.6666666666666666,period_generations,7.158791208791208,7.2749999999999995,-0.17431318681318686,-0.013718246601247654,True
8,sponge_accessible_fraction,130,131,-0.6666666666666666,TetR_relative_amplitude,0.275189775073209,0.47944569539400456,-0.3063838804811933,-0.308622426985168,True
8,sponge_accessible_fraction,130,131,-0.6666666666666666,TetR_free_peak,43.99096464668668,54.962034455104984,-16.45660471262746,-0.021077288230023302,True
8,sponge_accessible_fraction,130,131,-0.6666666666666666,TetR_free_trough,31.88510098031148,28.610723625507937,4.911566032205316,0.8672730385822109,True
8,sponge_accessible_fraction,130,131,-0.6666666666666666,CI_phase_lag_fraction_cycle,0.6585309693760073,0.6209131075110457,0.05642679279744245,0.09140699224198989,True
8,sponge_accessible_fraction,130,131,-0.6666666666666666,PLtetO1_duty_activity_gt_0p5,0.0,0.0,-0.0,-0.0,True
8,sponge_accessible_fraction,130,131,-0.6666666666666666,C31_flux_peak_uM_h,0.3386277751922028,0.45666901148935557,-0.1770618544457292,-0.02666887133045736,True
8,sponge_accessible_fraction,130,131,-0.6666666666666666,C31_flux_trough_uM_h,0.143377189826489,0.08631709611575528,0.08559014056610059,2.3796298781918854,True
8,sponge_accessible_fraction,130,131,-0.6666666666666666,C31_flux_trough_fraction_of_peak,0.4234064667173539,0.18901456841629208,0.3515878474515927,64.89928338770284,True
8,sponge_accessible_fraction,130,131,-0.6666666666666666,C31_flux_residual_duty_above_0p5_uM_h,0.0,0.0,-0.0,-0.0,True
8,sponge_accessible_fraction,130,131,-0.6666666666666666,C31_flux_FWHM_h,4.391666666666667,2.05,3.5125,0.966743119266055,True
8,sponge_accessible_fraction,130,131,-0.6666666666666666,C31_flux_dose_uM_per_cycle,1.2235718329352072,1.219275341091982,0.006444737764837671,0.0002821145333837151,True
8,sponge_accessible_fraction,130,131,-0.6666666666666666,resource_min,0.9872490596664796,0.9828042477780701,0.006667217832614258,0.006667217832614258,True
8,c31_translation_scale,131,132,-0.6666666666666666,resolved_oscillation,1.0,1.0,-0.0,-0.0,True
8,c31_translation_scale,131,132,-0.6666666666666666,period_min,339.5,339.1666666666667,0.4999999999999716,0.0007869884575025785,True
8,c31_translation_scale,131,132,-0.6666666666666666,period_generations,7.2749999999999995,7.267857142857142,0.010714285714285676,0.0008432019187528077,True
8,c31_translation_scale,131,132,-0.6666666666666666,TetR_relative_amplitude,0.47944569539400456,0.45472528579770477,0.03708061439444968,0.03735153817669162,True
8,c31_translation_scale,131,132,-0.6666666666666666,TetR_free_peak,54.962034455104984,53.706029322049396,1.8840076995833819,0.002412999157792983,True
8,c31_translation_scale,131,132,-0.6666666666666666,TetR_free_trough,28.610723625507937,29.284539789520572,-1.0107242460189525,-0.17847136376989423,True
8,c31_translation_scale,131,132,-0.6666666666666666,CI_phase_lag_fraction_cycle,0.6209131075110457,0.6227027027027028,-0.0026843927874856677,-0.004348506419299407,True
8,c31_translation_scale,131,132,-0.6666666666666666,PLtetO1_duty_activity_gt_0p5,0.0,0.0,-0.0,-0.0,True
8,c31_translation_scale,131,132,-0.6666666666666666,C31_flux_peak_uM_h,0.45666901148935557,0.1443397528214554,0.46849388800185027,0.07056405942058296,True
8,c31_translation_scale,131,132,-0.6666666666666666,C31_flux_trough_uM_h,0.08631709611575528,0.03024482983180627,0.08410839942592352,2.3384335971063512,True
8,c31_translation_scale,131,132,-0.6666666666666666,C31_flux_trough_fraction_of_peak,0.18901456841629208,0.20953915494935313,-0.030786879799591577,-5.682922351324821,True
8,c31_translation_scale,131,132,-0.6666666666666666,C31_flux_residual_duty_above_0p5_uM_h,0.0,0.0,-0.0,-0.0,True
8,c31_translation_scale,131,132,-0.6666666666666666,C31_flux_FWHM_h,2.05,2.1333333333333333,-0.12500000000000022,-0.03440366972477071,True
8,c31_translation_scale,131,132,-0.6666666666666666,C31_flux_dose_uM_per_cycle,1.219275341091982,0.39669311499691395,1.2338733391426022,0.05401206597202631,True
8,c31_translation_scale,131,132,-0.6666666666666666,resource_min,0.9828042477780701,0.9945649243481671,-0.017641014855145576,-0.017641014855145576,True
8,oscillator_plasmid_copies,132,133,-0.6666666666666666,resolved_oscillation,1.0,1.0,-0.0,-0.0,True
8,oscillator_plasmid_copies,132,133,-0.6666666666666666,period_min,339.1666666666667,445.1111111111111,-158.9166666666666,-0.25013116474291697,True
8,oscillator_plasmid_copies,132,133,-0.6666666666666666,period_generations,7.267857142857142,9.538095238095236,-3.4053571428571408,-0.2679976765102682,True
8,oscillator_plasmid_copies,132,133,-0.6666666666666666,TetR_relative_amplitude,0.45472528579770477,0.8980694465899722,-0.6650162411884012,-0.6698750796477243,True
8,oscillator_plasmid_copies,132,133,-0.6666666666666666,TetR_free_peak,53.706029322049396,149.64244037346657,-143.90461657712575,-0.18431013773452917,True
8,oscillator_plasmid_copies,132,133,-0.6666666666666666,TetR_free_trough,29.284539789520572,15.25313676089454,21.04710454293905,3.7164493342088405,True
8,oscillator_plasmid_copies,132,133,-0.6666666666666666,CI_phase_lag_fraction_cycle,0.6227027027027028,0.5914253619570644,0.04691601111845756,0.07600026958335891,True
8,oscillator_plasmid_copies,132,133,-0.6666666666666666,PLtetO1_duty_activity_gt_0p5,0.0,0.0,-0.0,-0.0,True
8,oscillator_plasmid_copies,132,133,-0.6666666666666666,C31_flux_peak_uM_h,0.1443397528214554,0.43941964528185545,-0.4426198386906001,-0.06666693717457634,True
8,oscillator_plasmid_copies,132,133,-0.6666666666666666,C31_flux_trough_uM_h,0.03024482983180627,0.007394472020362229,0.034275536717166065,0.9529496122306382,True
8,oscillator_plasmid_copies,132,133,-0.6666666666666666,C31_flux_trough_fraction_of_peak,0.20953915494935313,0.01682781391264202,0.2890670115550667,53.35861872623909,True
8,oscillator_plasmid_copies,132,133,-0.6666666666666666,C31_flux_residual_duty_above_0p5_uM_h,0.0,0.0,-0.0,-0.0,True
8,oscillator_plasmid_copies,132,133,-0.6666666666666666,C31_flux_FWHM_h,2.1333333333333333,2.033333333333333,0.15000000000000013,0.04128440366972481,True
8,oscillator_plasmid_copies,132,133,-0.6666666666666666,C31_flux_dose_uM_per_cycle,0.39669311499691395,0.9292849164426459,-0.798887702168598,-0.034970830396379854,True
8,oscillator_plasmid_copies,132,133,-0.6666666666666666,resource_min,0.9945649243481671,0.9834537681524045,0.01666673429364396,0.01666673429364396,True
8,oscillator_tx_scale,133,134,0.6666666666666666,resolved_oscillation,1.0,0.0,-1.5,-1.5,True
8,oscillator_tx_scale,133,134,0.6666666666666666,period_min,445.1111111111111,,,,False
8,oscillator_tx_scale,133,134,0.6666666666666666,period_generations,9.538095238095236,,,,False
8,oscillator_tx_scale,133,134,0.6666666666666666,TetR_relative_amplitude,0.8980694465899722,,,,False
8,oscillator_tx_scale,133,134,0.6666666666666666,TetR_free_peak,149.64244037346657,38.75966707954426,-166.32415994088348,-0.21302463782219527,True
8,oscillator_tx_scale,133,134,0.6666666666666666,TetR_free_trough,15.25313676089454,38.75073272429489,35.24639394510053,6.223727213559967,True
8,oscillator_tx_scale,133,134,0.6666666666666666,CI_phase_lag_fraction_cycle,0.5914253619570644,,,,False
8,oscillator_tx_scale,133,134,0.6666666666666666,PLtetO1_duty_activity_gt_0p5,0.0,0.0,0.0,0.0,True
8,oscillator_tx_scale,133,134,0.6666666666666666,C31_flux_peak_uM_h,0.43941964528185545,0.0424483220580844,-0.5954569848356566,-0.08968710827702088,True
8,oscillator_tx_scale,133,134,0.6666666666666666,C31_flux_trough_uM_h,0.007394472020362229,0.04242157577642555,0.05254065563409498,1.460767713894869,True
8,oscillator_tx_scale,133,134,0.6666666666666666,C31_flux_trough_fraction_of_peak,0.01682781391264202,0.9993699095662191,1.4738131434803656,272.04983776472136,True
8,oscillator_tx_scale,133,134,0.6666666666666666,C31_flux_residual_duty_above_0p5_uM_h,0.0,0.0,0.0,0.0,True
8,oscillator_tx_scale,133,134,0.6666666666666666,C31_flux_FWHM_h,2.033333333333333,,,,False
8,oscillator_tx_scale,133,134,0.6666666666666666,C31_flux_dose_uM_per_cycle,0.9292849164426459,,,,False
8,oscillator_tx_scale,133,134,0.6666666666666666,resource_min,0.9834537681524045,0.998401619531908,0.022421777069255244,0.022421777069255244,True
8,c31_promoter_leak,134,135,-0.6666666666666666,resolved_oscillation,0.0,0.0,-0.0,-0.0,True
8,c31_promoter_leak,134,135,-0.6666666666666666,period_min,,,,,False
8,c31_promoter_leak,134,135,-0.6666666666666666,period_generations,,,,,False
8,c31_promoter_leak,134,135,-0.6666666666666666,TetR_relative_amplitude,,,,,False
8,c31_promoter_leak,134,135,-0.6666666666666666,TetR_free_peak,38.75966707954426,38.75523418261031,0.006649345400923323,8.5163478131489e-06,True
8,c31_promoter_leak,134,135,-0.6666666666666666,TetR_free_trough,38.75073272429489,38.74632327048194,0.006614180719431317,0.0011679168258473859,True
8,c31_promoter_leak,134,135,-0.6666666666666666,CI_phase_lag_fraction_cycle,,,,,False
8,c31_promoter_leak,134,135,-0.6666666666666666,PLtetO1_duty_activity_gt_0p5,0.0,0.0,-0.0,-0.0,True
8,c31_promoter_leak,134,135,-0.6666666666666666,C31_flux_peak_uM_h,0.0424483220580844,0.036667189750466254,0.008671698461427221,0.0013061221526696023,True
8,c31_promoter_leak,134,135,-0.6666666666666666,C31_flux_trough_uM_h,0.04242157577642555,0.03664032026258818,0.008671883270756062,0.2411010473261996,True
8,c31_promoter_leak,134,135,-0.6666666666666666,C31_flux_trough_fraction_of_peak,0.9993699095662191,0.9992672062391218,0.00015405499064591321,0.0284368716600638,True
8,c31_promoter_leak,134,135,-0.6666666666666666,C31_flux_residual_duty_above_0p5_uM_h,0.0,0.0,-0.0,-0.0,True
8,c31_promoter_leak,134,135,-0.6666666666666666,C31_flux_FWHM_h,,,,,False
8,c31_promoter_leak,134,135,-0.6666666666666666,C31_flux_dose_uM_per_cycle,,,,,False
8,c31_promoter_leak,134,135,-0.6666666666666666,resource_min,0.998401619531908,0.9986193065573528,-0.00032653053816716904,-0.00032653053816716904,True
8,K_copies,135,136,-0.6666666666666666,resolved_oscillation,0.0,0.0,-0.0,-0.0,True
8,K_copies,135,136,-0.6666666666666666,period_min,,,,,False
8,K_copies,135,136,-0.6666666666666666,period_generations,,,,,False
8,K_copies,135,136,-0.6666666666666666,TetR_relative_amplitude,,,,,False
8,K_copies,135,136,-0.6666666666666666,TetR_free_peak,38.75523418261031,10.935821709758596,41.72911870927757,0.053445815706165474,True
8,K_copies,135,136,-0.6666666666666666,TetR_free_trough,38.74632327048194,10.935821565185384,41.71575255794483,7.366071684763227,True
8,K_copies,135,136,-0.6666666666666666,CI_phase_lag_fraction_cycle,,,,,False
8,K_copies,135,136,-0.6666666666666666,PLtetO1_duty_activity_gt_0p5,0.0,0.0,-0.0,-0.0,True
8,K_copies,135,136,-0.6666666666666666,C31_flux_peak_uM_h,0.036667189750466254,0.2457098676089179,-0.3135640167876775,-0.04722868425697575,True
8,K_copies,135,136,-0.6666666666666666,C31_flux_trough_uM_h,0.03664032026258818,0.24570984364866685,-0.31360428507911803,-8.719019758203839,True
8,K_copies,135,136,-0.6666666666666666,C31_flux_trough_fraction_of_peak,0.9992672062391218,0.9999999024855971,-0.001099044369712976,-0.20287160811348048,True
8,K_copies,135,136,-0.6666666666666666,C31_flux_residual_duty_above_0p5_uM_h,0.0,0.0,-0.0,-0.0,True
8,K_copies,135,136,-0.6666666666666666,C31_flux_FWHM_h,,,,,False
8,K_copies,135,136,-0.6666666666666666,C31_flux_dose_uM_per_cycle,,,,,False
8,K_copies,135,136,-0.6666666666666666,resource_min,0.9986193065573528,0.9907478591811902,0.011807171064243782,0.011807171064243782,True
8,oscillator_promoter_leak,136,137,-0.6666666666666666,resolved_oscillation,0.0,1.0,-1.5,-1.5,True
8,oscillator_promoter_leak,136,137,-0.6666666666666666,period_min,,522.5,,,False
8,oscillator_promoter_leak,136,137,-0.6666666666666666,period_generations,,11.196428571428571,,,False
8,oscillator_promoter_leak,136,137,-0.6666666666666666,TetR_relative_amplitude,,0.9485369329953094,,,False
8,oscillator_promoter_leak,136,137,-0.6666666666666666,TetR_free_peak,10.935821709758596,160.55702707703847,-224.43180805091984,-0.28744774446971844,True
8,oscillator_promoter_leak,136,137,-0.6666666666666666,TetR_free_trough,10.935821565185384,8.262757042539562,4.009596783968733,0.7080053822997566,True
8,oscillator_promoter_leak,136,137,-0.6666666666666666,CI_phase_lag_fraction_cycle,,0.5492822966507177,,,False
8,oscillator_promoter_leak,136,137,-0.6666666666666666,PLtetO1_duty_activity_gt_0p5,0.0,0.0,-0.0,-0.0,True
8,oscillator_promoter_leak,136,137,-0.6666666666666666,C31_flux_peak_uM_h,0.2457098676089179,0.44156412952719665,-0.29378139287741817,-0.04424904613394207,True
8,oscillator_promoter_leak,136,137,-0.6666666666666666,C31_flux_trough_uM_h,0.24570984364866685,0.000991491121717003,0.36707752879042477,10.205715861021783,True
8,oscillator_promoter_leak,136,137,-0.6666666666666666,C31_flux_trough_fraction_of_peak,0.9999999024855971,0.002245406851273537,1.4966317434514855,276.2619025353623,True
8,oscillator_promoter_leak,136,137,-0.6666666666666666,C31_flux_residual_duty_above_0p5_uM_h,0.0,0.0,-0.0,-0.0,True
8,oscillator_promoter_leak,136,137,-0.6666666666666666,C31_flux_FWHM_h,,2.033333333333333,,,False
8,oscillator_promoter_leak,136,137,-0.6666666666666666,C31_flux_dose_uM_per_cycle,,0.881277449963821,,,False
8,oscillator_promoter_leak,136,137,-0.6666666666666666,resource_min,0.9907478591811902,0.9833730181588666,0.011062261533485496,0.011062261533485496,True
8,sponge_plasmid_copies,137,138,0.6666666666666667,resolved_oscillation,1.0,1.0,0.0,0.0,True
8,sponge_plasmid_copies,137,138,0.6666666666666667,period_min,522.5,488.77777777777777,-50.583333333333336,-0.07961699895068206,True
8,sponge_plasmid_copies,137,138,0.6666666666666667,period_generations,11.196428571428571,10.473809523809523,-1.083928571428572,-0.0853039274471594,True
8,sponge_plasmid_copies,137,138,0.6666666666666667,TetR_relative_amplitude,0.9485369329953094,0.9345697922051356,-0.020950711185260703,-0.021103784320850902,True
8,sponge_plasmid_copies,137,138,0.6666666666666667,TetR_free_peak,160.55702707703847,125.07604109639854,-53.221478970959886,-0.06816499951768877,True
8,sponge_plasmid_copies,137,138,0.6666666666666667,TetR_free_trough,8.262757042539562,8.183751359096368,-0.11850852516479103,-0.020925962929875617,True
8,sponge_plasmid_copies,137,138,0.6666666666666667,CI_phase_lag_fraction_cycle,0.5492822966507177,0.5227324391907251,-0.03982478618998891,-0.0645130396720371,True
8,sponge_plasmid_copies,137,138,0.6666666666666667,PLtetO1_duty_activity_gt_0p5,0.0,0.0,0.0,0.0,True
8,sponge_plasmid_copies,137,138,0.6666666666666667,C31_flux_peak_uM_h,0.44156412952719665,0.44888817102256706,0.01098606224305562,0.0016547092049024512,True
8,sponge_plasmid_copies,137,138,0.6666666666666667,C31_flux_trough_uM_h,0.000991491121717003,0.0010475209405263228,8.404472821397969e-05,0.0023366633708008433,True
8,sponge_plasmid_copies,137,138,0.6666666666666667,C31_flux_trough_fraction_of_peak,0.002245406851273537,0.0023335899855415447,0.00013227470140201146,0.024416467729291614,True
8,sponge_plasmid_copies,137,138,0.6666666666666667,C31_flux_residual_duty_above_0p5_uM_h,0.0,0.0,0.0,0.0,True
8,sponge_plasmid_copies,137,138,0.6666666666666667,C31_flux_FWHM_h,2.033333333333333,2.183333333333333,0.22499999999999984,0.06192660550458711,True
8,sponge_plasmid_copies,137,138,0.6666666666666667,C31_flux_dose_uM_per_cycle,0.881277449963821,0.9524902358031976,0.10681917875906492,0.004675945534426922,True
8,sponge_plasmid_copies,137,138,0.6666666666666667,resource_min,0.9833730181588666,0.9830972332913829,-0.00041367730122554564,-0.00041367730122554564,True
8,oscillator_translation_scale,138,139,-0.6666666666666666,resolved_oscillation,1.0,1.0,-0.0,-0.0,True
8,oscillator_translation_scale,138,139,-0.6666666666666666,period_min,488.77777777777777,598.4285714285714,-164.4761904761905,-0.25888172687752964,True
8,oscillator_translation_scale,138,139,-0.6666666666666666,period_generations,10.473809523809523,12.8234693877551,-3.524489795918366,-0.277373278797353,True
8,oscillator_translation_scale,138,139,-0.6666666666666666,TetR_relative_amplitude,0.9345697922051356,0.9883644038960736,-0.08069191753640703,-0.08128148056960723,True
8,oscillator_translation_scale,138,139,-0.6666666666666666,TetR_free_peak,125.07604109639854,420.35617332647706,-442.92019834511774,-0.5672832790506167,True
8,oscillator_translation_scale,138,139,-0.6666666666666666,TetR_free_trough,8.183751359096368,4.891094652618976,4.938985059716089,0.8721146274254254,True
8,oscillator_translation_scale,138,139,-0.6666666666666666,CI_phase_lag_fraction_cycle,0.5227324391907251,0.5890427309620434,-0.09946543765697746,-0.1611262316625863,True
8,oscillator_translation_scale,138,139,-0.6666666666666666,PLtetO1_duty_activity_gt_0p5,0.0,0.27527216174183516,-0.4129082426127528,-1.2608548168249663,True
8,oscillator_translation_scale,138,139,-0.6666666666666666,C31_flux_peak_uM_h,0.44888817102256706,0.7713130547026265,-0.4836373255200891,-0.07284494814130127,True
8,oscillator_translation_scale,138,139,-0.6666666666666666,C31_flux_trough_uM_h,0.0010475209405263228,0.0009500947656907216,0.0001461392622534017,0.004063053904749041,True
8,oscillator_translation_scale,138,139,-0.6666666666666666,C31_flux_trough_fraction_of_peak,0.0023335899855415447,0.0012317887787560175,0.001652701810178291,0.3050707352702173,True
8,oscillator_translation_scale,138,139,-0.6666666666666666,C31_flux_residual_duty_above_0p5_uM_h,0.0,0.2621639635636525,-0.3932459453454788,-0.8980213089802132,True
8,oscillator_translation_scale,138,139,-0.6666666666666666,C31_flux_FWHM_h,2.183333333333333,3.283333333333333,-1.6500000000000001,-0.45412844036697253,True
8,oscillator_translation_scale,138,139,-0.6666666666666666,C31_flux_dose_uM_per_cycle,0.9524902358031976,2.3710333115595597,-2.1278146136345435,-0.09314380953212907,True
8,oscillator_translation_scale,138,139,-0.6666666666666666,resource_min,0.9830972332913829,0.9709564086011659,0.0182112370353254,0.0182112370353254,True
8,hill_n,139,140,-0.6666666666666666,resolved_oscillation,1.0,1.0,-0.0,-0.0,True
8,hill_n,139,140,-0.6666666666666666,period_min,598.4285714285714,430.8888888888889,251.3095238095238,0.3955553889971518,True
8,hill_n,139,140,-0.6666666666666666,period_generations,12.8234693877551,9.233333333333333,5.385204081632652,0.42380934535409115,True
8,hill_n,139,140,-0.6666666666666666,TetR_relative_amplitude,0.9883644038960736,0.9664669790419148,0.0328461372812382,0.03308612251043665,True
8,hill_n,139,140,-0.6666666666666666,TetR_free_peak,420.35617332647706,213.1990807402146,310.7356388793937,0.39798395467176106,True
8,hill_n,139,140,-0.6666666666666666,TetR_free_trough,4.891094652618976,7.149209242706113,-3.387171885130706,-0.5980990245790395,True
8,hill_n,139,140,-0.6666666666666666,CI_phase_lag_fraction_cycle,0.5890427309620434,0.6196493037648272,-0.045909859204175674,-0.074370382154648,True
8,hill_n,139,140,-0.6666666666666666,PLtetO1_duty_activity_gt_0p5,0.27527216174183516,0.1377471672961564,0.20628749166851815,0.6299185888738128,True
8,hill_n,139,140,-0.6666666666666666,C31_flux_peak_uM_h,0.7713130547026265,0.5172740588952777,0.3810584937110232,0.05739463177977742,True
8,hill_n,139,140,-0.6666666666666666,C31_flux_trough_uM_h,0.0009500947656907216,0.002281062099690207,-0.0019964510009992283,-0.05550656209817584,True
8,hill_n,139,140,-0.6666666666666666,C31_flux_trough_fraction_of_peak,0.0012317887787560175,0.00440977478082273,-0.00476697900310007,-0.8799323510975895,True
8,hill_n,139,140,-0.6666666666666666,C31_flux_residual_duty_above_0p5_uM_h,0.2621639635636525,0.07998222617196178,0.2732726060875361,0.6240487062404871,True
8,hill_n,139,140,-0.6666666666666666,C31_flux_FWHM_h,3.283333333333333,2.216666666666667,1.5999999999999996,0.44036697247706413,True
8,hill_n,139,140,-0.6666666666666666,C31_flux_dose_uM_per_cycle,2.3710333115595597,1.1344573850087134,1.8548638898262695,0.08119555517427963,True
8,hill_n,139,140,-0.6666666666666666,resource_min,0.9709564086011659,0.9805221805644623,-0.014348657944944498,-0.014348657944944498,True
8,oscillator_mrna_total_half_life_min,140,141,-0.6666666666666666,resolved_oscillation,1.0,1.0,-0.0,-0.0,True
8,oscillator_mrna_total_half_life_min,140,141,-0.6666666666666666,period_min,430.8888888888889,299.5,197.08333333333337,0.31020461699895074,True
8,oscillator_mrna_total_half_life_min,140,141,-0.6666666666666666,period_generations,9.233333333333333,6.417857142857142,4.2232142857142865,0.3323620896417329,True
8,oscillator_mrna_total_half_life_min,140,141,-0.6666666666666666,TetR_relative_amplitude,0.9664669790419148,0.8239406636568793,0.2137894730775532,0.21535149284436572,True
8,oscillator_mrna_total_half_life_min,140,141,-0.6666666666666666,TetR_free_peak,213.1990807402146,54.19864781034637,238.50064939480234,0.30546683341580855,True
8,oscillator_mrna_total_half_life_min,140,141,-0.6666666666666666,TetR_free_trough,7.149209242706113,9.542177964184114,-3.5894530822170023,-0.633817373328656,True
8,oscillator_mrna_total_half_life_min,140,141,-0.6666666666666666,CI_phase_lag_fraction_cycle,0.6196493037648272,0.6310517529215359,-0.017103673735063107,-0.02770661409062577,True
8,oscillator_mrna_total_half_life_min,140,141,-0.6666666666666666,PLtetO1_duty_activity_gt_0p5,0.1377471672961564,0.0,0.20662075094423463,0.6309362279511533,True
8,oscillator_mrna_total_half_life_min,140,141,-0.6666666666666666,C31_flux_peak_uM_h,0.5172740588952777,0.38616537994616773,0.1966630184236649,0.029621178148270495,True
8,oscillator_mrna_total_half_life_min,140,141,-0.6666666666666666,C31_flux_trough_uM_h,0.002281062099690207,0.021150957639692373,-0.02830484331000325,-0.7869487115283524,True
8,oscillator_mrna_total_half_life_min,140,141,-0.6666666666666666,C31_flux_trough_fraction_of_peak,0.00440977478082273,0.05477176033398142,-0.07554297832973804,-13.944410178306219,True
8,oscillator_mrna_total_half_life_min,140,141,-0.6666666666666666,C31_flux_residual_duty_above_0p5_uM_h,0.07998222617196178,0.0,0.11997333925794268,0.273972602739726,True
8,oscillator_mrna_total_half_life_min,140,141,-0.6666666666666666,C31_flux_FWHM_h,2.216666666666667,2.066666666666667,0.22499999999999987,0.06192660550458712,True
8,oscillator_mrna_total_half_life_min,140,141,-0.6666666666666666,C31_flux_dose_uM_per_cycle,1.1344573850087134,0.8481695326606491,0.42943177852209646,0.01879811875029047,True
8,oscillator_mrna_total_half_life_min,140,141,-0.6666666666666666,resource_min,0.9805221805644623,0.9854590435891739,-0.007405294537067453,-0.007405294537067453,True
8,peak_load_fraction,141,142,-0.6666666666666666,resolved_oscillation,1.0,1.0,-0.0,-0.0,True
8,peak_load_fraction,141,142,-0.6666666666666666,period_min,299.5,298.92857142857144,0.8571428571428328,0.0013491230700044586,True
8,peak_load_fraction,141,142,-0.6666666666666666,period_generations,6.417857142857142,6.405612244897958,0.018367346938775064,0.0014454890035762117,True
8,peak_load_fraction,141,142,-0.6666666666666666,TetR_relative_amplitude,0.8239406636568793,0.8225525034645844,0.002082240288442394,0.002097453855523036,True
8,peak_load_fraction,141,142,-0.6666666666666666,TetR_free_peak,54.19864781034637,54.092849505530474,0.1586974572238482,0.00020325651042175358,True
8,peak_load_fraction,141,142,-0.6666666666666666,TetR_free_trough,9.542177964184114,9.598640725223374,-0.08469414155888977,-0.014955096809908818,True
8,peak_load_fraction,141,142,-0.6666666666666666,CI_phase_lag_fraction_cycle,0.6310517529215359,0.6297491039426523,0.0019539734683254872,0.0031652842347682972,True
8,peak_load_fraction,141,142,-0.6666666666666666,PLtetO1_duty_activity_gt_0p5,0.0,0.0,-0.0,-0.0,True
8,peak_load_fraction,141,142,-0.6666666666666666,C31_flux_peak_uM_h,0.38616537994616773,0.38917200833209087,-0.004509942578884707,-0.0006792828343548865,True
8,peak_load_fraction,141,142,-0.6666666666666666,C31_flux_trough_uM_h,0.021150957639692373,0.021246908308884222,-0.000143926003787773,-0.004001519527797016,True
8,peak_load_fraction,141,142,-0.6666666666666666,C31_flux_trough_fraction_of_peak,0.05477176033398142,0.05459516063332507,0.00026489955098452783,0.04889756899514881,True
8,peak_load_fraction,141,142,-0.6666666666666666,C31_flux_residual_duty_above_0p5_uM_h,0.0,0.0,-0.0,-0.0,True
8,peak_load_fraction,141,142,-0.6666666666666666,C31_flux_FWHM_h,2.066666666666667,2.05,0.025000000000000577,0.0068807339449542875,True
8,peak_load_fraction,141,142,-0.6666666666666666,C31_flux_dose_uM_per_cycle,0.8481695326606491,0.8484305937296845,-0.00039159160355317635,-1.7141687768294743e-05,True
8,peak_load_fraction,141,142,-0.6666666666666666,resource_min,0.9854590435891739,1.0,-0.021811434616239134,-0.021811434616239134,True
8,c31_mrna_total_half_life_min,142,143,0.6666666666666667,resolved_oscillation,1.0,1.0,0.0,0.0,True
8,c31_mrna_total_half_life_min,142,143,0.6666666666666667,period_min,298.92857142857144,298.92857142857144,0.0,0.0,True
8,c31_mrna_total_half_life_min,142,143,0.6666666666666667,period_generations,6.405612244897958,6.405612244897958,0.0,0.0,True
8,c31_mrna_total_half_life_min,142,143,0.6666666666666667,TetR_relative_amplitude,0.8225525034645844,0.8225526084568036,1.5748832871143034e-07,1.586389928622339e-07,True
8,c31_mrna_total_half_life_min,142,143,0.6666666666666667,TetR_free_peak,54.092849505530474,54.09287153953014,3.305099949457712e-05,4.233105520867392e-08,True
8,c31_mrna_total_half_life_min,142,143,0.6666666666666667,TetR_free_trough,9.598640725223374,9.59863895577083,-2.654178815397756e-06,-4.6866879343103976e-07,True
8,c31_mrna_total_half_life_min,142,143,0.6666666666666667,CI_phase_lag_fraction_cycle,0.6297491039426523,0.6297491039426523,0.0,0.0,True
8,c31_mrna_total_half_life_min,142,143,0.6666666666666667,PLtetO1_duty_activity_gt_0p5,0.0,0.0,0.0,0.0,True
8,c31_mrna_total_half_life_min,142,143,0.6666666666666667,C31_flux_peak_uM_h,0.38917200833209087,1.7933539923055017,2.106272975960116,0.3172446327219337,True
8,c31_mrna_total_half_life_min,142,143,0.6666666666666667,C31_flux_trough_uM_h,0.021246908308884222,0.10054126170734357,0.11894153009768901,3.306885780374821,True
8,c31_mrna_total_half_life_min,142,143,0.6666666666666667,C31_flux_trough_fraction_of_peak,0.05459516063332507,0.05606325473873099,0.0022021411581088844,0.40649124853358237,True
8,c31_mrna_total_half_life_min,142,143,0.6666666666666667,C31_flux_residual_duty_above_0p5_uM_h,0.0,0.5509886691846256,0.8264830037769384,1.887366818873668,True
8,c31_mrna_total_half_life_min,142,143,0.6666666666666667,C31_flux_FWHM_h,2.05,2.05,0.0,0.0,True
8,c31_mrna_total_half_life_min,142,143,0.6666666666666667,C31_flux_dose_uM_per_cycle,0.8484305937296845,3.93801250206546,4.634372862503662,0.20286689471907535,True
8,c31_mrna_total_half_life_min,142,143,0.6666666666666667,resource_min,1.0,1.0,0.0,0.0,True
9,sponge_accessible_fraction,144,145,0.6666666666666667,resolved_oscillation,0.0,0.0,0.0,0.0,True
9,sponge_accessible_fraction,144,145,0.6666666666666667,period_min,,,,,False
9,sponge_accessible_fraction,144,145,0.6666666666666667,period_generations,,,,,False
9,sponge_accessible_fraction,144,145,0.6666666666666667,TetR_relative_amplitude,,,,,False
9,sponge_accessible_fraction,144,145,0.6666666666666667,TetR_free_peak,6.921256323465019,6.294721027902014,-0.9398029433445071,-0.0012036807021983708,True
9,sponge_accessible_fraction,144,145,0.6666666666666667,TetR_free_trough,6.92125561458353,6.294719302915881,-0.9398044675014731,-0.16594851231943436,True
9,sponge_accessible_fraction,144,145,0.6666666666666667,CI_phase_lag_fraction_cycle,,,,,False
9,sponge_accessible_fraction,144,145,0.6666666666666667,PLtetO1_duty_activity_gt_0p5,1.0,1.0,0.0,0.0,True
9,sponge_accessible_fraction,144,145,0.6666666666666667,C31_flux_peak_uM_h,11.374881205541332,12.512028297330001,1.7057206376830043,0.2569138584619119,True
9,sponge_accessible_fraction,144,145,0.6666666666666667,C31_flux_trough_uM_h,11.374879530821671,12.512024996673574,1.7057181987778545,47.42342941302581,True
9,sponge_accessible_fraction,144,145,0.6666666666666667,C31_flux_trough_fraction_of_peak,0.9999998527703604,0.9999997362013298,-1.7485354597557287e-07,-3.227605821380339e-05,True
9,sponge_accessible_fraction,144,145,0.6666666666666667,C31_flux_residual_duty_above_0p5_uM_h,1.0,1.0,0.0,0.0,True
9,sponge_accessible_fraction,144,145,0.6666666666666667,C31_flux_FWHM_h,,,,,False
9,sponge_accessible_fraction,144,145,0.6666666666666667,C31_flux_dose_uM_per_cycle,,,,,False
9,sponge_accessible_fraction,144,145,0.6666666666666667,resource_min,0.8096363655141643,0.7906057093318004,-0.028545984273545818,-0.028545984273545818,True
9,peak_load_fraction,145,146,0.6666666666666667,resolved_oscillation,0.0,0.0,0.0,0.0,True
9,peak_load_fraction,145,146,0.6666666666666667,period_min,,,,,False
9,peak_load_fraction,145,146,0.6666666666666667,period_generations,,,,,False
9,peak_load_fraction,145,146,0.6666666666666667,TetR_relative_amplitude,,,,,False
9,peak_load_fraction,145,146,0.6666666666666667,TetR_free_peak,6.294721027902014,8.062618463580963,2.6518461535184223,0.0033964312016620366,True
9,peak_load_fraction,145,146,0.6666666666666667,TetR_free_trough,6.294719302915881,8.062544529627262,2.6517378400670704,0.46823777161879765,True
9,peak_load_fraction,145,146,0.6666666666666667,CI_phase_lag_fraction_cycle,,,,,False
9,peak_load_fraction,145,146,0.6666666666666667,PLtetO1_duty_activity_gt_0p5,1.0,0.0,-1.4999999999999998,-4.580393487109904,True
9,peak_load_fraction,145,146,0.6666666666666667,C31_flux_peak_uM_h,12.512028297330001,6.372926326583892,-9.208652956119163,-1.3869976770679946,True
9,peak_load_fraction,145,146,0.6666666666666667,C31_flux_trough_uM_h,12.512024996673574,6.372846702212444,-9.208767441691695,-256.0278321852576,True
9,peak_load_fraction,145,146,0.6666666666666667,C31_flux_trough_fraction_of_peak,0.9999997362013298,0.9999875058383907,-1.834554440860447e-05,-0.003386387482120339,True
9,peak_load_fraction,145,146,0.6666666666666667,C31_flux_residual_duty_above_0p5_uM_h,1.0,1.0,0.0,0.0,True
9,peak_load_fraction,145,146,0.6666666666666667,C31_flux_FWHM_h,,,,,False
9,peak_load_fraction,145,146,0.6666666666666667,C31_flux_dose_uM_per_cycle,,,,,False
9,peak_load_fraction,145,146,0.6666666666666667,resource_min,0.7906057093318004,0.5886213580135141,-0.3029765269774294,-0.3029765269774294,True
9,c31_mrna_total_half_life_min,146,147,-0.6666666666666666,resolved_oscillation,0.0,0.0,-0.0,-0.0,True
9,c31_mrna_total_half_life_min,146,147,-0.6666666666666666,period_min,,,,,False
9,c31_mrna_total_half_life_min,146,147,-0.6666666666666666,period_generations,,,,,False
9,c31_mrna_total_half_life_min,146,147,-0.6666666666666666,TetR_relative_amplitude,,,,,False
9,c31_mrna_total_half_life_min,146,147,-0.6666666666666666,TetR_free_peak,8.062618463580963,6.167678463828689,2.8424099996284107,0.0036405015418580332,True
9,c31_mrna_total_half_life_min,146,147,-0.6666666666666666,TetR_free_trough,8.062544529627262,6.167677572443246,2.842300435776024,0.5018868766775381,True
9,c31_mrna_total_half_life_min,146,147,-0.6666666666666666,CI_phase_lag_fraction_cycle,,,,,False
9,c31_mrna_total_half_life_min,146,147,-0.6666666666666666,PLtetO1_duty_activity_gt_0p5,0.0,1.0,-1.5,-4.580393487109904,True
9,c31_mrna_total_half_life_min,146,147,-0.6666666666666666,C31_flux_peak_uM_h,6.372926326583892,2.844621937419867,5.292456583746038,0.7971442753482324,True
9,c31_mrna_total_half_life_min,146,147,-0.6666666666666666,C31_flux_trough_uM_h,6.372846702212444,2.8446215913752755,5.292337666255753,147.1408359982352,True
9,c31_mrna_total_half_life_min,146,147,-0.6666666666666666,C31_flux_trough_fraction_of_peak,0.9999875058383907,0.9999998783512891,-1.8558769347643e-05,-0.0034257464811423186,True
9,c31_mrna_total_half_life_min,146,147,-0.6666666666666666,C31_flux_residual_duty_above_0p5_uM_h,1.0,1.0,-0.0,-0.0,True
9,c31_mrna_total_half_life_min,146,147,-0.6666666666666666,C31_flux_FWHM_h,,,,,False
9,c31_mrna_total_half_life_min,146,147,-0.6666666666666666,C31_flux_dose_uM_per_cycle,,,,,False
9,c31_mrna_total_half_life_min,146,147,-0.6666666666666666,resource_min,0.5886213580135141,0.8163768652558662,-0.3416332608635281,-0.3416332608635281,True
9,c31_promoter_leak,147,148,-0.6666666666666666,resolved_oscillation,0.0,0.0,-0.0,-0.0,True
9,c31_promoter_leak,147,148,-0.6666666666666666,period_min,,,,,False
9,c31_promoter_leak,147,148,-0.6666666666666666,period_generations,,,,,False
9,c31_promoter_leak,147,148,-0.6666666666666666,TetR_relative_amplitude,,,,,False
9,c31_promoter_leak,147,148,-0.6666666666666666,TetR_free_peak,6.167678463828689,6.166278132442194,0.0021004970797418032,2.6902744004095144e-06,True
9,c31_promoter_leak,147,148,-0.6666666666666666,TetR_free_trough,6.167677572443246,6.166277116283588,0.0021006842394868386,0.00037093399366626954,True
9,c31_promoter_leak,147,148,-0.6666666666666666,CI_phase_lag_fraction_cycle,,,,,False
9,c31_promoter_leak,147,148,-0.6666666666666666,PLtetO1_duty_activity_gt_0p5,1.0,1.0,-0.0,-0.0,True
9,c31_promoter_leak,147,148,-0.6666666666666666,C31_flux_peak_uM_h,2.844621937419867,2.8399578266854766,0.006996166101585821,0.0010537552210427566,True
9,c31_promoter_leak,147,148,-0.6666666666666666,C31_flux_trough_uM_h,2.8446215913752755,2.8399574248124515,0.006996249844235969,0.19451405330712995,True
9,c31_promoter_leak,147,148,-0.6666666666666666,C31_flux_trough_fraction_of_peak,0.9999998783512891,0.9999998584933124,2.978696506117373e-08,5.4983489923691905e-06,True
9,c31_promoter_leak,147,148,-0.6666666666666666,C31_flux_residual_duty_above_0p5_uM_h,1.0,1.0,-0.0,-0.0,True
9,c31_promoter_leak,147,148,-0.6666666666666666,C31_flux_FWHM_h,,,,,False
9,c31_promoter_leak,147,148,-0.6666666666666666,C31_flux_dose_uM_per_cycle,,,,,False
9,c31_promoter_leak,147,148,-0.6666666666666666,resource_min,0.8163768652558662,0.8166779381761642,-0.0004516093804470267,-0.0004516093804470267,True
9,oscillator_promoter_leak,148,149,-0.6666666666666666,resolved_oscillation,0.0,1.0,-1.5,-1.5,True
9,oscillator_promoter_leak,148,149,-0.6666666666666666,period_min,,592.1428571428571,,,False
9,oscillator_promoter_leak,148,149,-0.6666666666666666,period_generations,,11.102678571428571,,,False
9,oscillator_promoter_leak,148,149,-0.6666666666666666,TetR_relative_amplitude,,0.9851170838616502,,,False
9,oscillator_promoter_leak,148,149,-0.6666666666666666,TetR_free_peak,6.166278132442194,386.8004306153674,-570.9512287243879,-0.731262846939253,True
9,oscillator_promoter_leak,148,149,-0.6666666666666666,TetR_free_trough,6.166277116283588,5.756718371126099,0.6143381177362337,0.10847841250476892,True
9,oscillator_promoter_leak,148,149,-0.6666666666666666,CI_phase_lag_fraction_cycle,,0.556875753920386,,,False
9,oscillator_promoter_leak,148,149,-0.6666666666666666,PLtetO1_duty_activity_gt_0p5,1.0,0.2559431237502777,1.1160853143745835,3.4080732700135683,True
9,oscillator_promoter_leak,148,149,-0.6666666666666666,C31_flux_peak_uM_h,2.8399578266854766,2.992718395361832,-0.22914085301453335,-0.03451295562629995,True
9,oscillator_promoter_leak,148,149,-0.6666666666666666,C31_flux_trough_uM_h,2.8399574248124515,0.004702643696429695,4.252882171674034,118.24125322389564,True
9,oscillator_promoter_leak,148,149,-0.6666666666666666,C31_flux_trough_fraction_of_peak,0.9999998584933124,0.0015713619108693737,1.4976427448736647,276.44852237526567,True
9,oscillator_promoter_leak,148,149,-0.6666666666666666,C31_flux_residual_duty_above_0p5_uM_h,1.0,0.38835814263497,0.9174627860475449,2.0951293759512937,True
9,oscillator_promoter_leak,148,149,-0.6666666666666666,C31_flux_FWHM_h,,3.2666666666666666,,,False
9,oscillator_promoter_leak,148,149,-0.6666666666666666,C31_flux_dose_uM_per_cycle,,9.13456000144359,,,False
9,oscillator_promoter_leak,148,149,-0.6666666666666666,resource_min,0.8166779381761642,0.806817093711507,0.014791266696985772,0.014791266696985772,True
9,oscillator_tx_scale,149,150,0.6666666666666667,resolved_oscillation,1.0,1.0,0.0,0.0,True
9,oscillator_tx_scale,149,150,0.6666666666666667,period_min,592.1428571428571,423.77777777777777,-252.54761904761898,-0.39750412232049154,True
9,oscillator_tx_scale,149,150,0.6666666666666667,period_generations,11.102678571428571,7.945833333333334,-4.735267857142856,-0.37266011467546084,True
9,oscillator_tx_scale,149,150,0.6666666666666667,TetR_relative_amplitude,0.9851170838616502,0.8726938109773361,-0.1686349093264711,-0.16986701424703018,True
9,oscillator_tx_scale,149,150,0.6666666666666667,TetR_free_peak,386.8004306153674,76.4439510788464,-465.5347193047815,-0.5962475025204186,True
9,oscillator_tx_scale,149,150,0.6666666666666667,TetR_free_trough,5.756718371126099,9.731788085682888,5.962604571835183,1.0528630076378687,True
9,oscillator_tx_scale,149,150,0.6666666666666667,CI_phase_lag_fraction_cycle,0.556875753920386,0.5181961195595176,-0.05801945154130261,-0.09398697487482811,True
9,oscillator_tx_scale,149,150,0.6666666666666667,PLtetO1_duty_activity_gt_0p5,0.2559431237502777,0.0,-0.38391468562541653,-1.1723202170963363,True
9,oscillator_tx_scale,149,150,0.6666666666666667,C31_flux_peak_uM_h,2.992718395361832,1.3485605102187617,-2.4662368277146056,-0.37146201159276626,True
9,oscillator_tx_scale,149,150,0.6666666666666667,C31_flux_trough_uM_h,0.004702643696429695,0.005265191180028123,0.000843821225397643,0.02346043815943931,True
9,oscillator_tx_scale,149,150,0.6666666666666667,C31_flux_trough_fraction_of_peak,0.0015713619108693737,0.0039043047309564264,0.003499414230130579,0.645953713867978,True
9,oscillator_tx_scale,149,150,0.6666666666666667,C31_flux_residual_duty_above_0p5_uM_h,0.38835814263497,0.3441457453899133,-0.06631859586758497,-0.15144596651445966,True
9,oscillator_tx_scale,149,150,0.6666666666666667,C31_flux_FWHM_h,3.2666666666666666,2.0833333333333335,-1.7749999999999995,-0.48853211009174297,True
9,oscillator_tx_scale,149,150,0.6666666666666667,C31_flux_dose_uM_per_cycle,9.13456000144359,2.7344047067567305,-9.600232942030289,-0.4202444437060913,True
9,oscillator_tx_scale,149,150,0.6666666666666667,resource_min,0.806817093711507,0.912949097023726,0.1591980049683284,0.1591980049683284,True
9,Td_min,150,151,-0.6666666666666666,resolved_oscillation,1.0,1.0,-0.0,-0.0,True
9,Td_min,150,151,-0.6666666666666666,period_min,423.77777777777777,412.7,16.616666666666674,0.026154249737670523,True
9,Td_min,150,151,-0.6666666666666666,period_generations,7.945833333333334,10.317499999999999,-3.557499999999998,-0.27997114375655807,True
9,Td_min,150,151,-0.6666666666666666,TetR_relative_amplitude,0.8726938109773361,0.9736314160570602,-0.15140640761958607,-0.15251263515324054,True
9,Td_min,150,151,-0.6666666666666666,TetR_free_peak,76.4439510788464,255.48494091119818,-268.5614847485277,-0.34396814655117053,True
9,Td_min,150,151,-0.6666666666666666,TetR_free_trough,9.731788085682888,6.736776110573939,4.492517962663424,0.7932784938279331,True
9,Td_min,150,151,-0.6666666666666666,CI_phase_lag_fraction_cycle,0.5181961195595176,0.5336806396898474,-0.023226780195494623,-0.037625567782264786,True
9,Td_min,150,151,-0.6666666666666666,PLtetO1_duty_activity_gt_0p5,0.0,0.1966229726727394,-0.29493445900910914,-0.9006105834464044,True
9,Td_min,150,151,-0.6666666666666666,C31_flux_peak_uM_h,1.3485605102187617,2.603909867745288,-1.8830240362897894,-0.28361911092128034,True
9,Td_min,150,151,-0.6666666666666666,C31_flux_trough_uM_h,0.005265191180028123,0.004706301723633027,0.0008383341845926442,0.023307884066688996,True
9,Td_min,150,151,-0.6666666666666666,C31_flux_trough_fraction_of_peak,0.0039043047309564264,0.0018073980908210887,0.003145359960203007,0.5805991557818388,True
9,Td_min,150,151,-0.6666666666666666,C31_flux_residual_duty_above_0p5_uM_h,0.3441457453899133,0.37080648744723393,-0.03999111308598091,-0.09132420091324206,True
9,Td_min,150,151,-0.6666666666666666,C31_flux_FWHM_h,2.0833333333333335,2.091666666666667,-0.012499999999999956,-0.003440366972477052,True
9,Td_min,150,151,-0.6666666666666666,C31_flux_dose_uM_per_cycle,2.7344047067567305,5.112506683974317,-3.56715296582638,-0.15614998331709348,True
9,Td_min,150,151,-0.6666666666666666,resource_min,0.912949097023726,0.8319150653319317,0.12155104753769136,0.12155104753769136,True
9,oscillator_mrna_total_half_life_min,151,152,0.6666666666666667,resolved_oscillation,1.0,0.0,-1.4999999999999998,-1.4999999999999998,True
9,oscillator_mrna_total_half_life_min,151,152,0.6666666666666667,period_min,412.7,,,,False
9,oscillator_mrna_total_half_life_min,151,152,0.6666666666666667,period_generations,10.317499999999999,,,,False
9,oscillator_mrna_total_half_life_min,151,152,0.6666666666666667,TetR_relative_amplitude,0.9736314160570602,,,,False
9,oscillator_mrna_total_half_life_min,151,152,0.6666666666666667,TetR_free_peak,255.48494091119818,6.8371438652550225,-372.9716955689147,-0.4776946439695699,True
9,oscillator_mrna_total_half_life_min,151,152,0.6666666666666667,TetR_free_trough,6.736776110573939,6.837143806684271,0.15055154416549718,0.02658404556011404,True
9,oscillator_mrna_total_half_life_min,151,152,0.6666666666666667,CI_phase_lag_fraction_cycle,0.5336806396898474,,,,False
9,oscillator_mrna_total_half_life_min,151,152,0.6666666666666667,PLtetO1_duty_activity_gt_0p5,0.1966229726727394,1.0,1.2050655409908908,3.6797829036635,True
9,oscillator_mrna_total_half_life_min,151,152,0.6666666666666667,C31_flux_peak_uM_h,2.603909867745288,2.561264846578646,-0.06396753174996304,-0.009634722729562253,True
9,oscillator_mrna_total_half_life_min,151,152,0.6666666666666667,C31_flux_trough_uM_h,0.004706301723633027,2.5612648205746154,3.8348377782764733,106.61852515779124,True
9,oscillator_mrna_total_half_life_min,151,152,0.6666666666666667,C31_flux_trough_fraction_of_peak,0.0018073980908210887,0.9999999898471919,1.497288887634556,276.3832041869205,True
9,oscillator_mrna_total_half_life_min,151,152,0.6666666666666667,C31_flux_residual_duty_above_0p5_uM_h,0.37080648744723393,1.0,0.9437902688291491,2.1552511415525113,True
9,oscillator_mrna_total_half_life_min,151,152,0.6666666666666667,C31_flux_FWHM_h,2.091666666666667,4.35,3.387499999999999,0.9323394495412841,True
9,oscillator_mrna_total_half_life_min,151,152,0.6666666666666667,C31_flux_dose_uM_per_cycle,5.112506683974317,,,,False
9,oscillator_mrna_total_half_life_min,151,152,0.6666666666666667,resource_min,0.8319150653319317,0.8346678432546637,0.004129166884097978,0.004129166884097978,True
9,oscillator_translation_scale,152,153,-0.6666666666666666,resolved_oscillation,0.0,0.0,-0.0,-0.0,True
9,oscillator_translation_scale,152,153,-0.6666666666666666,period_min,,,,,False
9,oscillator_translation_scale,152,153,-0.6666666666666666,period_generations,,,,,False
9,oscillator_translation_scale,152,153,-0.6666666666666666,TetR_relative_amplitude,,,,,False
9,oscillator_translation_scale,152,153,-0.6666666666666666,TetR_free_peak,6.8371438652550225,14.468208302530869,-11.446596655913769,-0.014660570705960363,True
9,oscillator_translation_scale,152,153,-0.6666666666666666,TetR_free_trough,6.837143806684271,14.468207178507672,-11.446595057735102,-2.021213440285282,True
9,oscillator_translation_scale,152,153,-0.6666666666666666,CI_phase_lag_fraction_cycle,,,,,False
9,oscillator_translation_scale,152,153,-0.6666666666666666,PLtetO1_duty_activity_gt_0p5,1.0,0.0,1.5,4.580393487109904,True
9,oscillator_translation_scale,152,153,-0.6666666666666666,C31_flux_peak_uM_h,2.561264846578646,0.39597028864183914,3.2479418369052104,0.48920160250430306,True
9,oscillator_translation_scale,152,153,-0.6666666666666666,C31_flux_trough_uM_h,2.5612648205746154,0.39597017699504244,3.2479419653693595,90.30128578252811,True
9,oscillator_translation_scale,152,153,-0.6666666666666666,C31_flux_trough_fraction_of_peak,0.9999999898471919,0.9999997180424898,4.0770705311832245e-07,7.525827690370975e-05,True
9,oscillator_translation_scale,152,153,-0.6666666666666666,C31_flux_residual_duty_above_0p5_uM_h,1.0,0.0,1.5,3.4254185692541856,True
9,oscillator_translation_scale,152,153,-0.6666666666666666,C31_flux_FWHM_h,4.35,,,,False
9,oscillator_translation_scale,152,153,-0.6666666666666666,C31_flux_dose_uM_per_cycle,,,,,False
9,oscillator_translation_scale,152,153,-0.6666666666666666,resource_min,0.8346678432546637,0.9744397296844645,-0.20965782964470114,-0.20965782964470114,True
9,c31_tx_scale,153,154,-0.6666666666666666,resolved_oscillation,0.0,0.0,-0.0,-0.0,True
9,c31_tx_scale,153,154,-0.6666666666666666,period_min,,,,,False
9,c31_tx_scale,153,154,-0.6666666666666666,period_generations,,,,,False
9,c31_tx_scale,153,154,-0.6666666666666666,TetR_relative_amplitude,,,,,False
9,c31_tx_scale,153,154,-0.6666666666666666,TetR_free_peak,14.468208302530869,13.7872751498752,1.0213997289835035,0.00130818822362148,True
9,c31_tx_scale,153,154,-0.6666666666666666,TetR_free_trough,14.468207178507672,13.787275051033717,1.021398191210933,0.1803561444731585,True
9,c31_tx_scale,153,154,-0.6666666666666666,CI_phase_lag_fraction_cycle,,,,,False
9,c31_tx_scale,153,154,-0.6666666666666666,PLtetO1_duty_activity_gt_0p5,0.0,0.0,-0.0,-0.0,True
9,c31_tx_scale,153,154,-0.6666666666666666,C31_flux_peak_uM_h,0.39597028864183914,0.26380866558335664,0.19824243458772375,0.029859068159014963,True
9,c31_tx_scale,153,154,-0.6666666666666666,C31_flux_trough_uM_h,0.39597017699504244,0.2638086589539467,0.19824227706164366,5.511654058476017,True
9,c31_tx_scale,153,154,-0.6666666666666666,C31_flux_trough_fraction_of_peak,0.9999997180424898,0.9999999748703859,-3.8524184425847707e-07,-7.111144427929779e-05,True
9,c31_tx_scale,153,154,-0.6666666666666666,C31_flux_residual_duty_above_0p5_uM_h,0.0,0.0,-0.0,-0.0,True
9,c31_tx_scale,153,154,-0.6666666666666666,C31_flux_FWHM_h,,,,,False
9,c31_tx_scale,153,154,-0.6666666666666666,C31_flux_dose_uM_per_cycle,,,,,False
9,c31_tx_scale,153,154,-0.6666666666666666,resource_min,0.9744397296844645,0.9829708920156117,-0.012796743496720886,-0.012796743496720886,True
9,sponge_plasmid_copies,154,155,-0.6666666666666666,resolved_oscillation,0.0,1.0,-1.5,-1.5,True
9,sponge_plasmid_copies,154,155,-0.6666666666666666,period_min,,422.22222222222223,,,False
9,sponge_plasmid_copies,154,155,-0.6666666666666666,period_generations,,10.555555555555555,,,False
9,sponge_plasmid_copies,154,155,-0.6666666666666666,TetR_relative_amplitude,,0.8970952489806554,,,False
9,sponge_plasmid_copies,154,155,-0.6666666666666666,TetR_free_peak,13.7872751498752,81.41182799000784,-101.43682926019896,-0.1299182501367574,True
9,sponge_plasmid_copies,154,155,-0.6666666666666666,TetR_free_trough,13.787275051033717,8.377663889341465,8.11441674253838,1.432825053858391,True
9,sponge_plasmid_copies,154,155,-0.6666666666666666,CI_phase_lag_fraction_cycle,,0.511578947368421,,,False
9,sponge_plasmid_copies,154,155,-0.6666666666666666,PLtetO1_duty_activity_gt_0p5,0.0,0.0,-0.0,-0.0,True
9,sponge_plasmid_copies,154,155,-0.6666666666666666,C31_flux_peak_uM_h,0.26380866558335664,1.1026638963010305,-1.2582828460765108,-0.18952124625816352,True
9,sponge_plasmid_copies,154,155,-0.6666666666666666,C31_flux_trough_uM_h,0.2638086589539467,0.0028558497132817095,0.39142921386099744,10.882756428953803,True
9,sponge_plasmid_copies,154,155,-0.6666666666666666,C31_flux_trough_fraction_of_peak,0.9999999748703859,0.0025899548564724695,1.4961150300208703,276.16652286963495,True
9,sponge_plasmid_copies,154,155,-0.6666666666666666,C31_flux_residual_duty_above_0p5_uM_h,0.0,0.2719395689846701,-0.40790935347700513,-0.9315068493150686,True
9,sponge_plasmid_copies,154,155,-0.6666666666666666,C31_flux_FWHM_h,,1.8333333333333333,,,False
9,sponge_plasmid_copies,154,155,-0.6666666666666666,C31_flux_dose_uM_per_cycle,,1.9639638212657426,,,False
9,sponge_plasmid_copies,154,155,-0.6666666666666666,resource_min,0.9829708920156117,0.9288219645132793,0.0812233912534987,0.0812233912534987,True
9,c31_translation_scale,155,156,-0.6666666666666666,resolved_oscillation,1.0,1.0,-0.0,-0.0,True
9,c31_translation_scale,155,156,-0.6666666666666666,period_min,422.22222222222223,429.44444444444446,-10.833333333333343,-0.01705141657922352,True
9,c31_translation_scale,155,156,-0.6666666666666666,period_generations,10.555555555555555,10.73611111111111,-0.27083333333333304,-0.021314270724029357,True
9,c31_translation_scale,155,156,-0.6666666666666666,TetR_relative_amplitude,0.8970952489806554,0.894353528866308,0.004112580171521052,0.004142628103386186,True
9,c31_translation_scale,155,156,-0.6666666666666666,TetR_free_peak,81.41182799000784,79.83655715727836,2.362906249094209,0.0030263627851780757,True
9,c31_translation_scale,155,156,-0.6666666666666666,TetR_free_trough,8.377663889341465,8.434450531129754,-0.08517996268243344,-0.015040881987031636,True
9,c31_translation_scale,155,156,-0.6666666666666666,CI_phase_lag_fraction_cycle,0.511578947368421,0.5020439844760674,0.014302444338530507,0.02316884150028824,True
9,c31_translation_scale,155,156,-0.6666666666666666,PLtetO1_duty_activity_gt_0p5,0.0,0.0,-0.0,-0.0,True
9,c31_translation_scale,155,156,-0.6666666666666666,C31_flux_peak_uM_h,1.1026638963010305,0.3803311439850989,1.0834991284738973,0.1631955055163494,True
9,c31_translation_scale,155,156,-0.6666666666666666,C31_flux_trough_uM_h,0.0028558497132817095,0.0009586665959609674,0.0028457746759811132,0.07911998275474978,True
9,c31_translation_scale,155,156,-0.6666666666666666,C31_flux_trough_fraction_of_peak,0.0025899548564724695,0.0025206102921682566,0.0001040168464563195,0.019200375792833086,True
9,c31_translation_scale,155,156,-0.6666666666666666,C31_flux_residual_duty_above_0p5_uM_h,0.2719395689846701,0.0,0.40790935347700513,0.9315068493150686,True
9,c31_translation_scale,155,156,-0.6666666666666666,C31_flux_FWHM_h,1.8333333333333333,1.875,-0.06250000000000011,-0.017201834862385353,True
9,c31_translation_scale,155,156,-0.6666666666666666,C31_flux_dose_uM_per_cycle,1.9639638212657426,0.6990134423538427,1.8974255683678498,0.08305866714561491,True
9,c31_translation_scale,155,156,-0.6666666666666666,resource_min,0.9288219645132793,0.9754492518036647,-0.06994093093557818,-0.06994093093557818,True
9,oscillator_plasmid_copies,156,157,0.6666666666666667,resolved_oscillation,1.0,0.0,-1.4999999999999998,-1.4999999999999998,True
9,oscillator_plasmid_copies,156,157,0.6666666666666667,period_min,429.44444444444446,,,,False
9,oscillator_plasmid_copies,156,157,0.6666666666666667,period_generations,10.73611111111111,,,,False
9,oscillator_plasmid_copies,156,157,0.6666666666666667,TetR_relative_amplitude,0.894353528866308,,,,False
9,oscillator_plasmid_copies,156,157,0.6666666666666667,TetR_free_peak,79.83655715727836,9.95514041678519,-104.82212511073976,-0.1342540689542927,True
9,oscillator_plasmid_copies,156,157,0.6666666666666667,TetR_free_trough,8.434450531129754,9.955140342324619,2.281034716792297,0.40277986633434537,True
9,oscillator_plasmid_copies,156,157,0.6666666666666667,CI_phase_lag_fraction_cycle,0.5020439844760674,,,,False
9,oscillator_plasmid_copies,156,157,0.6666666666666667,PLtetO1_duty_activity_gt_0p5,0.0,0.0,0.0,0.0,True
9,oscillator_plasmid_copies,156,157,0.6666666666666667,C31_flux_peak_uM_h,0.3803311439850989,0.3624519175582155,-0.026818839640325078,-0.004039425577230819,True
9,oscillator_plasmid_copies,156,157,0.6666666666666667,C31_flux_trough_uM_h,0.0009586665959609674,0.3624519099096692,0.5422398649705623,15.075687167894902,True
9,oscillator_plasmid_copies,156,157,0.6666666666666667,C31_flux_trough_fraction_of_peak,0.0025206102921682566,0.9999999788977629,1.4962190529083919,276.18572436054257,True
9,oscillator_plasmid_copies,156,157,0.6666666666666667,C31_flux_residual_duty_above_0p5_uM_h,0.0,0.0,0.0,0.0,True
9,oscillator_plasmid_copies,156,157,0.6666666666666667,C31_flux_FWHM_h,1.875,4.516666666666667,3.9624999999999995,1.0905963302752293,True
9,oscillator_plasmid_copies,156,157,0.6666666666666667,C31_flux_dose_uM_per_cycle,0.6990134423538427,,,,False
9,oscillator_plasmid_copies,156,157,0.6666666666666667,resource_min,0.9754492518036647,0.9766033733971593,0.001731182390241892,0.001731182390241892,True
9,K_copies,157,158,0.6666666666666666,resolved_oscillation,0.0,1.0,1.5,1.5,True
9,K_copies,157,158,0.6666666666666666,period_min,,515.5714285714286,,,False
9,K_copies,157,158,0.6666666666666666,period_generations,,12.889285714285714,,,False
9,K_copies,157,158,0.6666666666666666,TetR_relative_amplitude,,0.9691960622891437,,,False
9,K_copies,157,158,0.6666666666666666,TetR_free_peak,9.95514041678519,395.49743329461216,578.3134393167405,0.7406922181476456,True
9,K_copies,157,158,0.6666666666666666,TetR_free_trough,9.955140342324619,12.182878300010774,3.3416069365292334,0.5900532707059722,True
9,K_copies,157,158,0.6666666666666666,CI_phase_lag_fraction_cycle,,0.5500692712662787,,,False
9,K_copies,157,158,0.6666666666666666,PLtetO1_duty_activity_gt_0p5,0.0,0.1957342812708287,0.29360142190624305,0.896540027137042,True
9,K_copies,157,158,0.6666666666666666,C31_flux_peak_uM_h,0.3624519175582155,0.8080251914748092,0.6683599108748907,0.10066767074904732,True
9,K_copies,157,158,0.6666666666666666,C31_flux_trough_uM_h,0.3624519099096692,0.0012603365216442473,-0.5417873600820374,-15.06310634788877,True
9,K_copies,157,158,0.6666666666666666,C31_flux_trough_fraction_of_peak,0.9999999788977629,0.0015597737978241477,-1.4976603076499082,-276.45176427227875,True
9,K_copies,157,158,0.6666666666666666,C31_flux_residual_duty_above_0p5_uM_h,0.0,0.2379471228615863,0.3569206842923795,0.8150684931506851,True
9,K_copies,157,158,0.6666666666666666,C31_flux_FWHM_h,4.516666666666667,2.2666666666666666,-3.375,-0.9288990825688074,True
9,K_copies,157,158,0.6666666666666666,C31_flux_dose_uM_per_cycle,,1.7436746962018685,,,False
9,K_copies,157,158,0.6666666666666666,resource_min,0.9766033733971593,0.9478411817545742,-0.04314328746387763,-0.04314328746387763,True
9,hill_n,158,159,-0.6666666666666666,resolved_oscillation,1.0,1.0,-0.0,-0.0,True
9,hill_n,158,159,-0.6666666666666666,period_min,515.5714285714286,456.55555555555554,88.52380952380952,0.13933443261879777,True
9,hill_n,158,159,-0.6666666666666666,period_generations,12.889285714285714,11.413888888888888,2.2130952380952396,0.17416804077349735,True
9,hill_n,158,159,-0.6666666666666666,TetR_relative_amplitude,0.9691960622891437,0.9725783846720896,-0.005073483574418836,-0.005110552198592702,True
9,hill_n,158,159,-0.6666666666666666,TetR_free_peak,395.49743329461216,488.80388491429176,-139.9596774295194,-0.17925753904142205,True
9,hill_n,158,159,-0.6666666666666666,TetR_free_trough,12.182878300010774,13.403792102907909,-1.8313707043457024,-0.3233792287661025,True
9,hill_n,158,159,-0.6666666666666666,CI_phase_lag_fraction_cycle,0.5500692712662787,0.5935750790946702,-0.0652587117425873,-0.10571401035302684,True
9,hill_n,158,159,-0.6666666666666666,PLtetO1_duty_activity_gt_0p5,0.1957342812708287,0.11375249944456788,0.12297267273939125,0.37550881953867027,True
9,hill_n,158,159,-0.6666666666666666,C31_flux_peak_uM_h,0.8080251914748092,0.6738494822031179,0.20126356390753697,0.03031410749741445,True
9,hill_n,158,159,-0.6666666666666666,C31_flux_trough_uM_h,0.0012603365216442473,0.0013672565833706578,-0.00016038009258961588,-0.004458986253196877,True
9,hill_n,158,159,-0.6666666666666666,C31_flux_trough_fraction_of_peak,0.0015597737978241477,0.0020290237204018905,-0.0007038748838666143,-0.129927629435017,True
9,hill_n,158,159,-0.6666666666666666,C31_flux_residual_duty_above_0p5_uM_h,0.2379471228615863,0.17684958898022662,0.09164630082203953,0.20928462709284626,True
9,hill_n,158,159,-0.6666666666666666,C31_flux_FWHM_h,2.2666666666666666,1.9166666666666667,0.5249999999999998,0.14449541284403664,True
9,hill_n,158,159,-0.6666666666666666,C31_flux_dose_uM_per_cycle,1.7436746962018685,1.2572626133573634,0.7296181242667577,0.031938596136347586,True
9,hill_n,158,159,-0.6666666666666666,resource_min,0.9478411817545742,0.9565023553252643,-0.01299176035603511,-0.01299176035603511,True
10,c31_tx_scale,160,161,-0.6666666666666666,resolved_oscillation,1.0,1.0,-0.0,-0.0,True
10,c31_tx_scale,160,161,-0.6666666666666666,period_min,721.2,722.0,-1.1999999999999318,-0.0018887722980061885,True
10,c31_tx_scale,160,161,-0.6666666666666666,period_generations,12.020000000000001,12.033333333333333,-0.019999999999997797,-0.0015739769150050732,True
10,c31_tx_scale,160,161,-0.6666666666666666,TetR_relative_amplitude,0.995014996880237,0.9950136281095503,2.0531560300240947e-06,2.0681570974624555e-06,True
10,c31_tx_scale,160,161,-0.6666666666666666,TetR_free_peak,877.2532315559156,879.6114089771711,-3.537266131883257,-0.004530459296430377,True
10,c31_tx_scale,160,161,-0.6666666666666666,TetR_free_trough,4.3731100961284515,4.386069604242578,-0.01943926217118941,-0.003432540224534827,True
10,c31_tx_scale,160,161,-0.6666666666666666,CI_phase_lag_fraction_cycle,0.6444120909595119,0.6426592797783933,0.002629216771677878,0.004259125587980652,True
10,c31_tx_scale,160,161,-0.6666666666666666,PLtetO1_duty_activity_gt_0p5,0.2694956676294157,0.26882914907798267,0.0009997778271495228,0.003052917232021711,True
10,c31_tx_scale,160,161,-0.6666666666666666,C31_flux_peak_uM_h,2.3347890770965773,1.3182802362253878,1.5247632613067843,0.22965824769254803,True
10,c31_tx_scale,160,161,-0.6666666666666666,C31_flux_trough_uM_h,0.008819527916763058,0.004899284596750734,0.005880364980018486,0.16348953405817188,True
10,c31_tx_scale,160,161,-0.6666666666666666,C31_flux_trough_fraction_of_peak,0.0037774409702698137,0.0037164211842990098,9.152967895620584e-05,0.016895380815976933,True
10,c31_tx_scale,160,161,-0.6666666666666666,C31_flux_residual_duty_above_0p5_uM_h,0.3799155743168185,0.34014663408131524,0.05965341035325489,0.1362252663622528,True
10,c31_tx_scale,160,161,-0.6666666666666666,C31_flux_FWHM_h,3.45,3.45,-0.0,-0.0,True
10,c31_tx_scale,160,161,-0.6666666666666666,C31_flux_dose_uM_per_cycle,7.791681847371158,4.377162233186353,5.121779421277207,0.2242028247311205,True
10,c31_tx_scale,160,161,-0.6666666666666666,resource_min,0.9609262790140247,0.9779380010653248,-0.025517583076950123,-0.025517583076950123,True
10,oscillator_promoter_leak,161,162,0.6666666666666666,resolved_oscillation,1.0,1.0,0.0,0.0,True
10,oscillator_promoter_leak,161,162,0.6666666666666666,period_min,722.0,409.4,-468.90000000000003,-0.7380377754459602,True
10,oscillator_promoter_leak,161,162,0.6666666666666666,period_generations,12.033333333333333,6.823333333333333,-7.815,-0.6150314795383002,True
10,oscillator_promoter_leak,161,162,0.6666666666666666,TetR_relative_amplitude,0.9950136281095503,0.24686673951809704,-1.12222033288718,-1.1304196624306548,True
10,oscillator_promoter_leak,161,162,0.6666666666666666,TetR_free_peak,879.6114089771711,39.33348887940785,-1260.416880146645,-1.61431658211082,True
10,oscillator_promoter_leak,161,162,0.6666666666666666,TetR_free_trough,4.386069604242578,29.623358725877107,37.8559336824518,6.684513741212021,True
10,oscillator_promoter_leak,161,162,0.6666666666666666,CI_phase_lag_fraction_cycle,0.6426592797783933,0.6643869076697606,0.03259144183705093,0.05279558740559159,True
10,oscillator_promoter_leak,161,162,0.6666666666666666,PLtetO1_duty_activity_gt_0p5,0.26882914907798267,0.0,-0.403243723616974,-1.2313432835820894,True
10,oscillator_promoter_leak,161,162,0.6666666666666666,C31_flux_peak_uM_h,1.3182802362253878,0.12325306647813689,-1.7925407546208765,-0.2699906136713241,True
10,oscillator_promoter_leak,161,162,0.6666666666666666,C31_flux_trough_uM_h,0.004899284596750734,0.0739165067978416,0.10352583330163631,2.87828906997798,True
10,oscillator_promoter_leak,161,162,0.6666666666666666,C31_flux_trough_fraction_of_peak,0.0037164211842990098,0.5997133289251931,0.8939953616113412,165.02179680284476,True
10,oscillator_promoter_leak,161,162,0.6666666666666666,C31_flux_residual_duty_above_0p5_uM_h,0.34014663408131524,0.0,-0.5102199511219729,-1.1651445966514462,True
10,oscillator_promoter_leak,161,162,0.6666666666666666,C31_flux_FWHM_h,3.45,3.5,0.07499999999999973,0.020642201834862314,True
10,oscillator_promoter_leak,161,162,0.6666666666666666,C31_flux_dose_uM_per_cycle,4.377162233186353,0.6300649458369876,-5.620645931024049,-0.24604040722917853,True
10,oscillator_promoter_leak,161,162,0.6666666666666666,resource_min,0.9779380010653248,0.9979373057817191,0.029998957074591492,0.029998957074591492,True
10,oscillator_tx_scale,162,163,0.6666666666666667,resolved_oscillation,1.0,0.0,-1.4999999999999998,-1.4999999999999998,True
10,oscillator_tx_scale,162,163,0.6666666666666667,period_min,409.4,,,,False
10,oscillator_tx_scale,162,163,0.6666666666666667,period_generations,6.823333333333333,,,,False
10,oscillator_tx_scale,162,163,0.6666666666666667,TetR_relative_amplitude,0.24686673951809704,0.010629678769928399,-0.3543555911222529,-0.3569446355211448,True
10,oscillator_tx_scale,162,163,0.6666666666666667,TetR_free_peak,39.33348887940785,38.61692558683398,-1.07484493886081,-0.0013766397731828366,True
10,oscillator_tx_scale,162,163,0.6666666666666667,TetR_free_trough,29.623358725877107,38.206440072763705,12.874622020329895,2.2733711583951663,True
10,oscillator_tx_scale,162,163,0.6666666666666667,CI_phase_lag_fraction_cycle,0.6643869076697606,,,,False
10,oscillator_tx_scale,162,163,0.6666666666666667,PLtetO1_duty_activity_gt_0p5,0.0,0.0,0.0,0.0,True
10,oscillator_tx_scale,162,163,0.6666666666666667,C31_flux_peak_uM_h,0.12325306647813689,0.07804509522203161,-0.0678119568841579,-0.010213766022451994,True
10,oscillator_tx_scale,162,163,0.6666666666666667,C31_flux_trough_uM_h,0.0739165067978416,0.07654959631877264,0.0039496342813965584,0.1098101683415705,True
10,oscillator_tx_scale,162,163,0.6666666666666667,C31_flux_trough_fraction_of_peak,0.5997133289251931,0.980838015521611,0.5716870298946267,105.52719279443755,True
10,oscillator_tx_scale,162,163,0.6666666666666667,C31_flux_residual_duty_above_0p5_uM_h,0.0,0.0,0.0,0.0,True
10,oscillator_tx_scale,162,163,0.6666666666666667,C31_flux_FWHM_h,3.5,,,,False
10,oscillator_tx_scale,162,163,0.6666666666666667,C31_flux_dose_uM_per_cycle,0.6300649458369876,0.6842114030534406,0.08121968582467957,0.003555343072764816,True
10,oscillator_tx_scale,162,163,0.6666666666666667,resource_min,0.9979373057817191,0.9986938810426415,0.001134862891383481,0.001134862891383481,True
10,K_copies,163,164,0.6666666666666666,resolved_oscillation,0.0,1.0,1.5,1.5,True
10,K_copies,163,164,0.6666666666666666,period_min,,426.0,,,False
10,K_copies,163,164,0.6666666666666666,period_generations,,7.1,,,False
10,K_copies,163,164,0.6666666666666666,TetR_relative_amplitude,0.010629678769928399,0.15214955653894208,0.21227981665352053,0.2138308063488263,True
10,K_copies,163,164,0.6666666666666666,TetR_free_peak,38.61692558683398,81.13880602996485,63.78282066469632,0.08169175347829383,True
10,K_copies,163,164,0.6666666666666666,TetR_free_trough,38.206440072763705,68.79357267440646,45.88069890246414,8.101508335326034,True
10,K_copies,163,164,0.6666666666666666,CI_phase_lag_fraction_cycle,,0.6658841940532082,,,False
10,K_copies,163,164,0.6666666666666666,PLtetO1_duty_activity_gt_0p5,0.0,0.0,0.0,0.0,True
10,K_copies,163,164,0.6666666666666666,C31_flux_peak_uM_h,0.07804509522203161,0.08060303792520206,0.003836914054755669,0.0005779119819603274,True
10,K_copies,163,164,0.6666666666666666,C31_flux_trough_uM_h,0.07654959631877264,0.05997332781835978,-0.024864402750619293,-0.6912954611060036,True
10,K_copies,163,164,0.6666666666666666,C31_flux_trough_fraction_of_peak,0.980838015521611,0.7440579085122546,-0.35517016051403455,-65.56053932219555,True
10,K_copies,163,164,0.6666666666666666,C31_flux_residual_duty_above_0p5_uM_h,0.0,0.0,0.0,0.0,True
10,K_copies,163,164,0.6666666666666666,C31_flux_FWHM_h,,3.9166666666666665,,,False
10,K_copies,163,164,0.6666666666666666,C31_flux_dose_uM_per_cycle,0.6842114030534406,0.48039931580441336,-0.30571813087354094,-0.013382627964925883,True
10,K_copies,163,164,0.6666666666666666,resource_min,0.9986938810426415,0.9986510727476814,-6.42124424400925e-05,-6.42124424400925e-05,True
10,sponge_accessible_fraction,164,165,0.6666666666666667,resolved_oscillation,1.0,1.0,0.0,0.0,True
10,sponge_accessible_fraction,164,165,0.6666666666666667,period_min,426.0,417.5,-12.749999999999998,-0.02006820566631689,True
10,sponge_accessible_fraction,164,165,0.6666666666666667,period_generations,7.1,6.958333333333333,-0.21249999999999988,-0.016723504721930734,True
10,sponge_accessible_fraction,164,165,0.6666666666666667,TetR_relative_amplitude,0.15214955653894208,0.20191141481262198,0.07464278741051984,0.07518815340869937,True
10,sponge_accessible_fraction,164,165,0.6666666666666667,TetR_free_peak,81.13880602996485,79.74115851806015,-2.0964712678570616,-0.002685118221541741,True
10,sponge_accessible_fraction,164,165,0.6666666666666667,TetR_free_trough,68.79357267440646,63.64050838288106,-7.729596437288104,-1.3648743690352274,True
10,sponge_accessible_fraction,164,165,0.6666666666666667,CI_phase_lag_fraction_cycle,0.6658841940532082,0.6640718562874252,-0.0027185066486745675,-0.004403768207014895,True
10,sponge_accessible_fraction,164,165,0.6666666666666667,PLtetO1_duty_activity_gt_0p5,0.0,0.0,0.0,0.0,True
10,sponge_accessible_fraction,164,165,0.6666666666666667,C31_flux_peak_uM_h,0.08060303792520206,0.09272097088703973,0.018176899442756512,0.0027377855831399152,True
10,sponge_accessible_fraction,164,165,0.6666666666666667,C31_flux_trough_uM_h,0.05997332781835978,0.06186037800045093,0.002830575273136723,0.07869739958220257,True
10,sponge_accessible_fraction,164,165,0.6666666666666667,C31_flux_trough_fraction_of_peak,0.7440579085122546,0.6671670648899298,-0.11533626543348717,-21.28981712394875,True
10,sponge_accessible_fraction,164,165,0.6666666666666667,C31_flux_residual_duty_above_0p5_uM_h,0.0,0.0,0.0,0.0,True
10,sponge_accessible_fraction,164,165,0.6666666666666667,C31_flux_FWHM_h,3.9166666666666665,4.558333333333334,0.9625000000000005,0.26490825688073405,True
10,sponge_accessible_fraction,164,165,0.6666666666666667,C31_flux_dose_uM_per_cycle,0.48039931580441336,0.5099886345245004,0.044383978080130525,0.0019428820415479618,True
10,sponge_accessible_fraction,164,165,0.6666666666666667,resource_min,0.9986510727476814,0.9984482738155969,-0.000304198398126787,-0.000304198398126787,True
10,sponge_plasmid_copies,165,166,0.6666666666666667,resolved_oscillation,1.0,1.0,0.0,0.0,True
10,sponge_plasmid_copies,165,166,0.6666666666666667,period_min,417.5,416.5,-1.4999999999999998,-0.002360965372507869,True
10,sponge_plasmid_copies,165,166,0.6666666666666667,period_generations,6.958333333333333,6.941666666666666,-0.024999999999999908,-0.001967471143756551,True
10,sponge_plasmid_copies,165,166,0.6666666666666667,TetR_relative_amplitude,0.20191141481262198,0.1885929446014834,-0.019977705316707863,-0.020123669335193158,True
10,sponge_plasmid_copies,165,166,0.6666666666666667,TetR_free_peak,79.74115851806015,61.40737173872527,-27.500680169002315,-0.035222317881827676,True
10,sponge_plasmid_copies,165,166,0.6666666666666667,TetR_free_trough,63.64050838288106,49.826374682281156,-20.72120055089985,-3.658901956527552,True
10,sponge_plasmid_copies,165,166,0.6666666666666667,CI_phase_lag_fraction_cycle,0.6640718562874252,0.6638655462184874,-0.0003094651034066808,-0.0005013092700094625,True
10,sponge_plasmid_copies,165,166,0.6666666666666667,PLtetO1_duty_activity_gt_0p5,0.0,0.0,0.0,0.0,True
10,sponge_plasmid_copies,165,166,0.6666666666666667,C31_flux_peak_uM_h,0.09272097088703973,0.1437115037426318,0.0764857992833881,0.01152021109279117,True
10,sponge_plasmid_copies,165,166,0.6666666666666667,C31_flux_trough_uM_h,0.06186037800045093,0.09887570076716941,0.05552298415007771,1.5436842507328397,True
10,sponge_plasmid_copies,165,166,0.6666666666666667,C31_flux_trough_fraction_of_peak,0.6671670648899298,0.6880152123677075,0.031272221216666445,5.772511085391826,True
10,sponge_plasmid_copies,165,166,0.6666666666666667,C31_flux_residual_duty_above_0p5_uM_h,0.0,0.0,0.0,0.0,True
10,sponge_plasmid_copies,165,166,0.6666666666666667,C31_flux_FWHM_h,4.558333333333334,3.716666666666667,-1.2625,-0.3474770642201835,True
10,sponge_plasmid_copies,165,166,0.6666666666666667,C31_flux_dose_uM_per_cycle,0.5099886345245004,0.8036548724175829,0.44049935683962377,0.019282595358442362,True
10,sponge_plasmid_copies,165,166,0.6666666666666667,resource_min,0.9984482738155969,0.9975949248457606,-0.001280023454754364,-0.001280023454754364,True
10,hill_n,166,167,0.6666666666666666,resolved_oscillation,1.0,0.0,-1.5,-1.5,True
10,hill_n,166,167,0.6666666666666666,period_min,416.5,,,,False
10,hill_n,166,167,0.6666666666666666,period_generations,6.941666666666666,,,,False
10,hill_n,166,167,0.6666666666666666,TetR_relative_amplitude,0.1885929446014834,,,,False
10,hill_n,166,167,0.6666666666666666,TetR_free_peak,61.40737173872527,17.43369688739155,-65.96051227700057,-0.08448089708295374,True
10,hill_n,166,167,0.6666666666666666,TetR_free_trough,49.826374682281156,17.43368864689217,-48.589029053083486,-8.579739047039952,True
10,hill_n,166,167,0.6666666666666666,CI_phase_lag_fraction_cycle,0.6638655462184874,,,,False
10,hill_n,166,167,0.6666666666666666,PLtetO1_duty_activity_gt_0p5,0.0,0.0,0.0,0.0,True
10,hill_n,166,167,0.6666666666666666,C31_flux_peak_uM_h,0.1437115037426318,0.626762369134384,0.7245762980876284,0.10913492419521065,True
10,hill_n,166,167,0.6666666666666666,C31_flux_trough_uM_h,0.09887570076716941,0.62676174838913,0.7918290714329409,22.014920227261033,True
10,hill_n,166,167,0.6666666666666666,C31_flux_trough_fraction_of_peak,0.6880152123677075,0.9999990096003134,0.4679756958489089,86.38321126169569,True
10,hill_n,166,167,0.6666666666666666,C31_flux_residual_duty_above_0p5_uM_h,0.0,1.0,1.5,3.4254185692541856,True
10,hill_n,166,167,0.6666666666666666,C31_flux_FWHM_h,3.716666666666667,,,,False
10,hill_n,166,167,0.6666666666666666,C31_flux_dose_uM_per_cycle,0.8036548724175829,,,,False
10,hill_n,166,167,0.6666666666666666,resource_min,0.9975949248457606,0.9895108563868562,-0.012126102688356621,-0.012126102688356621,True
10,oscillator_mrna_total_half_life_min,167,168,-0.6666666666666666,resolved_oscillation,0.0,1.0,-1.5,-1.5,True
10,oscillator_mrna_total_half_life_min,167,168,-0.6666666666666666,period_min,,497.0,,,False
10,oscillator_mrna_total_half_life_min,167,168,-0.6666666666666666,period_generations,,8.283333333333333,,,False
10,oscillator_mrna_total_half_life_min,167,168,-0.6666666666666666,TetR_relative_amplitude,,0.9400155800033493,,,False
10,oscillator_mrna_total_half_life_min,167,168,-0.6666666666666666,TetR_free_peak,17.43369688739155,229.46780115899364,-318.05115640740314,-0.4073535223427478,True
10,oscillator_mrna_total_half_life_min,167,168,-0.6666666666666666,TetR_free_trough,17.43368864689217,13.764492960429,5.503793529694754,0.9718472085947403,True
10,oscillator_mrna_total_half_life_min,167,168,-0.6666666666666666,CI_phase_lag_fraction_cycle,,0.5593561368209256,,,False
10,oscillator_mrna_total_half_life_min,167,168,-0.6666666666666666,PLtetO1_duty_activity_gt_0p5,0.0,0.1377471672961564,-0.20662075094423463,-0.6309362279511533,True
10,oscillator_mrna_total_half_life_min,167,168,-0.6666666666666666,C31_flux_peak_uM_h,0.626762369134384,0.9548200354100268,-0.4920864994134642,-0.07411755387626576,True
10,oscillator_mrna_total_half_life_min,167,168,-0.6666666666666666,C31_flux_trough_uM_h,0.62676174838913,0.004937166451726558,0.9327368729061052,25.932525832744485,True
10,oscillator_mrna_total_half_life_min,167,168,-0.6666666666666666,C31_flux_trough_fraction_of_peak,0.9999990096003134,0.005170782208823675,1.4922423410872345,275.4516667151968,True
10,oscillator_mrna_total_half_life_min,167,168,-0.6666666666666666,C31_flux_residual_duty_above_0p5_uM_h,1.0,0.31281937347256167,1.0307709397911575,2.353881278538813,True
10,oscillator_mrna_total_half_life_min,167,168,-0.6666666666666666,C31_flux_FWHM_h,,2.683333333333333,,,False
10,oscillator_mrna_total_half_life_min,167,168,-0.6666666666666666,C31_flux_dose_uM_per_cycle,,2.4909613621132562,,,False
10,oscillator_mrna_total_half_life_min,167,168,-0.6666666666666666,resource_min,0.9895108563868562,0.9840206672108365,0.0082352837640296,0.0082352837640296,True
10,c31_promoter_leak,168,169,0.6666666666666667,resolved_oscillation,1.0,1.0,0.0,0.0,True
10,c31_promoter_leak,168,169,0.6666666666666667,period_min,497.0,497.0,0.0,0.0,True
10,c31_promoter_leak,168,169,0.6666666666666667,period_generations,8.283333333333333,8.283333333333333,0.0,0.0,True
10,c31_promoter_leak,168,169,0.6666666666666667,TetR_relative_amplitude,0.9400155800033493,0.940039644188112,3.6096277144126436e-05,3.6360009018272624e-05,True
10,c31_promoter_leak,168,169,0.6666666666666667,TetR_free_peak,229.46780115899364,229.52206036446682,0.08138880820978044,0.00010424114811601012,True
10,c31_promoter_leak,168,169,0.6666666666666667,TetR_free_trough,13.764492960429,13.762224406131047,-0.0034028314469285443,-0.0006008641540009438,True
10,c31_promoter_leak,168,169,0.6666666666666667,CI_phase_lag_fraction_cycle,0.5593561368209256,0.5593561368209256,0.0,0.0,True
10,c31_promoter_leak,168,169,0.6666666666666667,PLtetO1_duty_activity_gt_0p5,0.1377471672961564,0.14930015552099535,0.017329482337258405,0.052917232021709684,True
10,c31_promoter_leak,168,169,0.6666666666666667,C31_flux_peak_uM_h,0.9548200354100268,0.9681637471292238,0.02001556757879552,0.0030147238547565485,True
10,c31_promoter_leak,168,169,0.6666666666666667,C31_flux_trough_uM_h,0.004937166451726558,0.035194758631392084,0.045386388269498285,1.2618603600248337,True
10,c31_promoter_leak,168,169,0.6666666666666667,C31_flux_trough_fraction_of_peak,0.005170782208823675,0.03635207240071811,0.04677193528784165,8.633589314416968,True
10,c31_promoter_leak,168,169,0.6666666666666667,C31_flux_residual_duty_above_0p5_uM_h,0.31281937347256167,0.32148411464119087,0.012997111752943795,0.029680365296803665,True
10,c31_promoter_leak,168,169,0.6666666666666667,C31_flux_FWHM_h,2.683333333333333,2.683333333333333,0.0,0.0,True
10,c31_promoter_leak,168,169,0.6666666666666667,C31_flux_dose_uM_per_cycle,2.4909613621132562,2.6981953766550193,0.3108510218126445,0.013607317189690823,True
10,c31_promoter_leak,168,169,0.6666666666666667,resource_min,0.9840206672108365,0.9837973543327063,-0.00033496931719523276,-0.00033496931719523276,True
10,Td_min,169,170,-0.6666666666666666,resolved_oscillation,1.0,1.0,-0.0,-0.0,True
10,Td_min,169,170,-0.6666666666666666,period_min,497.0,392.27272727272725,157.09090909090912,0.24725746446627878,True
10,Td_min,169,170,-0.6666666666666666,period_generations,8.283333333333333,8.405844155844154,-0.1837662337662307,-0.014462190485275238,True
10,Td_min,169,170,-0.6666666666666666,TetR_relative_amplitude,0.940039644188112,0.9468523193126164,-0.010219012686756512,-0.010293676324700142,True
10,Td_min,169,170,-0.6666666666666666,TetR_free_peak,229.52206036446682,237.90492920950211,-12.574303267552935,-0.016104914646128243,True
10,Td_min,169,170,-0.6666666666666666,TetR_free_trough,13.762224406131047,12.644095211581233,1.6771937918247213,0.29615502399627325,True
10,Td_min,169,170,-0.6666666666666666,CI_phase_lag_fraction_cycle,0.5593561368209256,0.5659327925840093,-0.009864983644625624,-0.015980502147421756,True
10,Td_min,169,170,-0.6666666666666666,PLtetO1_duty_activity_gt_0p5,0.14930015552099535,0.20617640524327926,-0.08531437458342588,-0.26051560379918576,True
10,Td_min,169,170,-0.6666666666666666,C31_flux_peak_uM_h,0.9681637471292238,1.0815000014378586,-0.17000438146295221,-0.025605882131089476,True
10,Td_min,169,170,-0.6666666666666666,C31_flux_trough_uM_h,0.035194758631392084,0.03517462429827572,3.02014996745488e-05,0.0008396807215926399,True
10,Td_min,169,170,-0.6666666666666666,C31_flux_trough_fraction_of_peak,0.03635207240071811,0.032523924411937966,0.005742221983170218,1.0599515724506672,True
10,Td_min,169,170,-0.6666666666666666,C31_flux_residual_duty_above_0p5_uM_h,0.32148411464119087,0.34147967118418127,-0.0299933348144856,-0.06849315068493135,True
10,Td_min,169,170,-0.6666666666666666,C31_flux_FWHM_h,2.683333333333333,2.216666666666667,0.6999999999999995,0.19266055045871547,True
10,Td_min,169,170,-0.6666666666666666,C31_flux_dose_uM_per_cycle,2.6981953766550193,2.4456197271320925,0.37886347428439016,0.016584521537404404,True
10,Td_min,169,170,-0.6666666666666666,resource_min,0.9837973543327063,0.981900622322996,0.0028450980145654503,0.0028450980145654503,True
10,oscillator_plasmid_copies,170,171,-0.6666666666666666,resolved_oscillation,1.0,1.0,-0.0,-0.0,True
10,oscillator_plasmid_copies,170,171,-0.6666666666666666,period_min,392.27272727272725,371.72727272727275,30.818181818181756,0.0485071067442525,True
10,oscillator_plasmid_copies,170,171,-0.6666666666666666,period_generations,8.405844155844154,7.9655844155844155,0.6603896103896072,0.051971900083127534,True
10,oscillator_plasmid_copies,170,171,-0.6666666666666666,TetR_relative_amplitude,0.9468523193126164,0.9343781711190425,0.018711222290360763,0.01884793294621314,True
10,oscillator_plasmid_copies,170,171,-0.6666666666666666,TetR_free_peak,237.90492920950211,186.3621157009125,77.3142202628844,0.09902249784914138,True
10,oscillator_plasmid_copies,170,171,-0.6666666666666666,TetR_free_trough,12.644095211581233,12.229422866418474,0.6220085177441375,0.10983283410439236,True
10,oscillator_plasmid_copies,170,171,-0.6666666666666666,CI_phase_lag_fraction_cycle,0.5659327925840093,0.5676204450966006,-0.00253147876888693,-0.004100797665730484,True
10,oscillator_plasmid_copies,170,171,-0.6666666666666666,PLtetO1_duty_activity_gt_0p5,0.20617640524327926,0.24061319706731837,-0.051655187736058664,-0.15773405698778836,True
10,oscillator_plasmid_copies,170,171,-0.6666666666666666,C31_flux_peak_uM_h,1.0815000014378586,0.7827821888189278,0.44807671892839623,0.06748884676872952,True
10,oscillator_plasmid_copies,170,171,-0.6666666666666666,C31_flux_trough_uM_h,0.03517462429827572,0.02449419563885357,0.01602064298913322,0.4454157975747747,True
10,oscillator_plasmid_copies,170,171,-0.6666666666666666,C31_flux_trough_fraction_of_peak,0.032523924411937966,0.031291202059426954,0.001849083528766518,0.341320659433413,True
10,oscillator_plasmid_copies,170,171,-0.6666666666666666,C31_flux_residual_duty_above_0p5_uM_h,0.34147967118418127,0.30171073094867806,0.059653410353254804,0.1362252663622526,True
10,oscillator_plasmid_copies,170,171,-0.6666666666666666,C31_flux_FWHM_h,2.216666666666667,2.216666666666667,-0.0,-0.0,True
10,oscillator_plasmid_copies,170,171,-0.6666666666666666,C31_flux_dose_uM_per_cycle,2.4456197271320925,1.7632066185353552,1.023619662895106,0.044808337297386105,True
10,oscillator_plasmid_copies,170,171,-0.6666666666666666,resource_min,0.981900622322996,0.9868997961577166,-0.007498760752080891,-0.007498760752080891,True
10,c31_mrna_total_half_life_min,171,172,0.6666666666666666,resolved_oscillation,1.0,1.0,0.0,0.0,True
10,c31_mrna_total_half_life_min,171,172,0.6666666666666666,period_min,371.72727272727275,370.1818181818182,-2.3181818181818414,-0.003648764666603108,True
10,c31_mrna_total_half_life_min,171,172,0.6666666666666666,period_generations,7.9655844155844155,7.932467532467531,-0.049675324675326316,-0.003909390714217705,True
10,c31_mrna_total_half_life_min,171,172,0.6666666666666666,TetR_relative_amplitude,0.9343781711190425,0.934593530585532,0.0003230391997341431,0.00032539943575594655,True
10,c31_mrna_total_half_life_min,171,172,0.6666666666666666,TetR_free_peak,186.3621157009125,186.05801027515645,-0.4561581386340947,-0.0005842381666422539,True
10,c31_mrna_total_half_life_min,171,172,0.6666666666666666,TetR_free_trough,12.229422866418474,12.169397558378789,-0.09003796205952863,-0.015898696348800905,True
10,c31_mrna_total_half_life_min,171,172,0.6666666666666666,CI_phase_lag_fraction_cycle,0.5676204450966006,0.5721512770137525,0.006796247875727801,0.011009390150550049,True
10,c31_mrna_total_half_life_min,171,172,0.6666666666666666,PLtetO1_duty_activity_gt_0p5,0.24061319706731837,0.24394578982448345,0.004998889135747614,0.015264586160108555,True
10,c31_mrna_total_half_life_min,171,172,0.6666666666666666,C31_flux_peak_uM_h,0.7827821888189278,3.482139595824944,4.049036110509025,0.6098615841428363,True
10,c31_mrna_total_half_life_min,171,172,0.6666666666666666,C31_flux_trough_uM_h,0.02449419563885357,0.11353491060045355,0.13356107244239998,3.7133473136643746,True
10,c31_mrna_total_half_life_min,171,172,0.6666666666666666,C31_flux_trough_fraction_of_peak,0.031291202059426954,0.03260492794044815,0.001970588821531793,0.3637492117438425,True
10,c31_mrna_total_half_life_min,171,172,0.6666666666666666,C31_flux_residual_duty_above_0p5_uM_h,0.30171073094867806,0.4981115307709398,0.2946011997333926,0.6727549467275495,True
10,c31_mrna_total_half_life_min,171,172,0.6666666666666666,C31_flux_FWHM_h,2.216666666666667,2.25,0.04999999999999982,0.013761467889908207,True
10,c31_mrna_total_half_life_min,171,172,0.6666666666666666,C31_flux_dose_uM_per_cycle,1.7632066185353552,7.957992544169074,9.292178888450579,0.40675956212459985,True
10,c31_mrna_total_half_life_min,171,172,0.6666666666666666,resource_min,0.9868997961577166,0.9417248639989881,-0.06776239823809271,-0.06776239823809271,True
10,c31_translation_scale,172,173,-0.6666666666666666,resolved_oscillation,1.0,1.0,-0.0,-0.0,True
10,c31_translation_scale,172,173,-0.6666666666666666,period_min,370.1818181818182,371.54545454545456,-2.045454545454561,-0.0032194982352380286,True
10,c31_translation_scale,172,173,-0.6666666666666666,period_generations,7.932467532467531,7.961688311688311,-0.04383116883116989,-0.003449462394897945,True
10,c31_translation_scale,172,173,-0.6666666666666666,TetR_relative_amplitude,0.934593530585532,0.9344193850486118,0.0002612183053802841,0.0002631268565852785,True
10,c31_translation_scale,172,173,-0.6666666666666666,TetR_free_peak,186.05801027515645,186.33373356428987,-0.41358493370013605,-0.0005297112622814558,True
10,c31_translation_scale,172,173,-0.6666666666666666,TetR_free_trough,12.169397558378789,12.219880833334255,-0.07572491243319934,-0.013371330950593903,True
10,c31_translation_scale,172,173,-0.6666666666666666,CI_phase_lag_fraction_cycle,0.5721512770137525,0.5678982138487888,0.006379594747445483,0.01033444466142367,True
10,c31_translation_scale,172,173,-0.6666666666666666,PLtetO1_duty_activity_gt_0p5,0.24394578982448345,0.2412797156187514,0.003999111308598091,0.012211668928086844,True
10,c31_translation_scale,172,173,-0.6666666666666666,C31_flux_peak_uM_h,3.482139595824944,1.2020361902158987,3.420155108413568,0.5151401853437888,True
10,c31_translation_scale,172,173,-0.6666666666666666,C31_flux_trough_uM_h,0.11353491060045355,0.03789103895109451,0.11346580747403856,3.154646362683168,True
10,c31_translation_scale,172,173,-0.6666666666666666,C31_flux_trough_fraction_of_peak,0.03260492794044815,0.031522377828149144,0.0016238251684485075,0.2997404220398534,True
10,c31_translation_scale,172,173,-0.6666666666666666,C31_flux_residual_duty_above_0p5_uM_h,0.4981115307709398,0.39057987113974674,0.16129748944678957,0.36834094368340936,True
10,c31_translation_scale,172,173,-0.6666666666666666,C31_flux_FWHM_h,2.25,2.225,0.03749999999999987,0.010321100917431157,True
10,c31_translation_scale,172,173,-0.6666666666666666,C31_flux_dose_uM_per_cycle,7.957992544169074,2.717584257121749,7.8606124305709875,0.3440935983555292,True
10,c31_translation_scale,172,173,-0.6666666666666666,resource_min,0.9417248639989881,0.9798833962466762,-0.05723779837153209,-0.05723779837153209,True
10,oscillator_translation_scale,173,174,0.6666666666666667,resolved_oscillation,1.0,1.0,0.0,0.0,True
10,oscillator_translation_scale,173,174,0.6666666666666667,period_min,371.54545454545456,401.0,44.18181818181815,0.06954116188114084,True
10,oscillator_translation_scale,173,174,0.6666666666666667,period_generations,7.961688311688311,8.592857142857142,0.9467532467532455,0.07450838772979371,True
10,oscillator_translation_scale,173,174,0.6666666666666667,TetR_relative_amplitude,0.9344193850486118,0.9466809496599956,0.01839234691707575,0.018526727759261202,True
10,oscillator_translation_scale,173,174,0.6666666666666667,TetR_free_peak,186.33373356428987,247.16422334266713,91.24573466756587,0.11686570121434578,True
10,oscillator_translation_scale,173,174,0.6666666666666667,TetR_free_trough,12.219880833334255,13.178561666655762,1.4380212499822604,0.25392248640051873,True
10,oscillator_translation_scale,173,174,0.6666666666666667,CI_phase_lag_fraction_cycle,0.5678982138487888,0.5640897755610972,-0.005712657431537426,-0.009254058358414358,True
10,oscillator_translation_scale,173,174,0.6666666666666667,PLtetO1_duty_activity_gt_0p5,0.2412797156187514,0.1784047989335703,-0.09431237502777161,-0.28799185888738127,True
10,oscillator_translation_scale,173,174,0.6666666666666667,C31_flux_peak_uM_h,1.2020361902158987,1.0971918032509478,-0.15726658044742634,-0.023687327864393086,True
10,oscillator_translation_scale,173,174,0.6666666666666667,C31_flux_trough_uM_h,0.03789103895109451,0.03765550622515853,-0.0003532990889039723,-0.00982263917705079,True
10,oscillator_translation_scale,173,174,0.6666666666666667,C31_flux_trough_fraction_of_peak,0.031522377828149144,0.03431989385409766,0.00419627403892277,0.7745864369274165,True
10,oscillator_translation_scale,173,174,0.6666666666666667,C31_flux_residual_duty_above_0p5_uM_h,0.39057987113974674,0.34014663408131524,-0.07564985558764724,-0.1727549467275496,True
10,oscillator_translation_scale,173,174,0.6666666666666667,C31_flux_FWHM_h,2.225,2.1666666666666665,-0.08750000000000034,-0.024082568807339545,True
10,oscillator_translation_scale,173,174,0.6666666666666667,C31_flux_dose_uM_per_cycle,2.717584257121749,2.4474864426580183,-0.4051467216955957,-0.017735054941521545,True
10,oscillator_translation_scale,173,174,0.6666666666666667,resource_min,0.9798833962466762,0.9816380131255201,0.0026319253182658926,0.0026319253182658926,True
10,peak_load_fraction,174,175,0.6666666666666667,resolved_oscillation,1.0,1.0,0.0,0.0,True
10,peak_load_fraction,174,175,0.6666666666666667,period_min,401.0,398.5,-3.7499999999999996,-0.005902413431269674,True
10,peak_load_fraction,174,175,0.6666666666666667,period_generations,8.592857142857142,8.539285714285713,-0.08035714285714322,-0.0063240143906461085,True
10,peak_load_fraction,174,175,0.6666666666666667,TetR_relative_amplitude,0.9466809496599956,0.9475773671723651,0.001344626268554194,0.0013544505727176414,True
10,peak_load_fraction,174,175,0.6666666666666667,TetR_free_peak,247.16422334266713,249.46056801804133,3.4445170130613003,0.004411668091037261,True
10,peak_load_fraction,174,175,0.6666666666666667,TetR_free_trough,13.178561666655762,13.077379762183018,-0.1517728567091163,-0.026799702121344783,True
10,peak_load_fraction,174,175,0.6666666666666667,CI_phase_lag_fraction_cycle,0.5640897755610972,0.5696361355081556,0.008319539920587647,0.013477004154887008,True
10,peak_load_fraction,174,175,0.6666666666666667,PLtetO1_duty_activity_gt_0p5,0.1784047989335703,0.1832926016440791,0.00733170406576318,0.022388059701492585,True
10,peak_load_fraction,174,175,0.6666666666666667,C31_flux_peak_uM_h,1.0971918032509478,1.0524096375699723,-0.06717324852146321,-0.010117564436877767,True
10,peak_load_fraction,174,175,0.6666666666666667,C31_flux_trough_uM_h,0.03765550622515853,0.037583288120598204,-0.00010832715684048684,-0.003011778428359054,True
10,peak_load_fraction,174,175,0.6666666666666667,C31_flux_trough_fraction_of_peak,0.03431989385409766,0.035711653313417496,0.0020876391889797573,0.3853554334113479,True
10,peak_load_fraction,174,175,0.6666666666666667,C31_flux_residual_duty_above_0p5_uM_h,0.34014663408131524,0.3319262386136414,-0.012330593201510752,-0.0281582952815829,True
10,peak_load_fraction,174,175,0.6666666666666667,C31_flux_FWHM_h,2.1666666666666665,2.183333333333333,0.024999999999999908,0.006880733944954103,True
10,peak_load_fraction,174,175,0.6666666666666667,C31_flux_dose_uM_per_cycle,2.4474864426580183,2.3638807630216387,-0.1254085194545693,-0.005489682782951761,True
10,peak_load_fraction,174,175,0.6666666666666667,resource_min,0.9816380131255201,0.9320659261803996,-0.07435813041768073,-0.07435813041768073,True
11,sponge_plasmid_copies,176,177,-0.6666666666666666,resolved_oscillation,0.0,0.0,-0.0,-0.0,True
11,sponge_plasmid_copies,176,177,-0.6666666666666666,period_min,,,,,False
11,sponge_plasmid_copies,176,177,-0.6666666666666666,period_generations,,,,,False
11,sponge_plasmid_copies,176,177,-0.6666666666666666,TetR_relative_amplitude,,,,,False
11,sponge_plasmid_copies,176,177,-0.6666666666666666,TetR_free_peak,7.152642576052613,15.533401928366661,-12.571139028471071,-0.01610086195237265,True
11,sponge_plasmid_copies,176,177,-0.6666666666666666,TetR_free_trough,7.152642481031513,15.533401504485889,-12.571138535181566,-2.2197827422773178,True
11,sponge_plasmid_copies,176,177,-0.6666666666666666,CI_phase_lag_fraction_cycle,,,,,False
11,sponge_plasmid_copies,176,177,-0.6666666666666666,PLtetO1_duty_activity_gt_0p5,1.0,0.0,1.5,4.580393487109904,True
11,sponge_plasmid_copies,176,177,-0.6666666666666666,C31_flux_peak_uM_h,4.9832867763381445,0.899884121523834,6.125103982221466,0.9225567556540201,True
11,sponge_plasmid_copies,176,177,-0.6666666666666666,C31_flux_trough_uM_h,4.983286689674378,0.8998840457465459,6.125103965891747,170.29391829320673,True
11,sponge_plasmid_copies,176,177,-0.6666666666666666,C31_flux_trough_fraction_of_peak,0.999999982609115,0.9999999157921712,1.0022541580001487e-07,1.850051903045675e-05,True
11,sponge_plasmid_copies,176,177,-0.6666666666666666,C31_flux_residual_duty_above_0p5_uM_h,1.0,1.0,-0.0,-0.0,True
11,sponge_plasmid_copies,176,177,-0.6666666666666666,C31_flux_FWHM_h,3.8833333333333333,,,,False
11,sponge_plasmid_copies,176,177,-0.6666666666666666,C31_flux_dose_uM_per_cycle,,,,,False
11,sponge_plasmid_copies,176,177,-0.6666666666666666,resource_min,0.9166025064097549,0.9849400438656082,-0.10250630618377987,-0.10250630618377987,True
11,hill_n,177,178,-0.6666666666666666,resolved_oscillation,0.0,0.0,-0.0,-0.0,True
11,hill_n,177,178,-0.6666666666666666,period_min,,,,,False
11,hill_n,177,178,-0.6666666666666666,period_generations,,,,,False
11,hill_n,177,178,-0.6666666666666666,TetR_relative_amplitude,,,,,False
11,hill_n,177,178,-0.6666666666666666,TetR_free_peak,15.533401928366661,56.11045113798863,-60.86557381443296,-0.0779554024037646,True
11,hill_n,177,178,-0.6666666666666666,TetR_free_trough,15.533401504485889,56.09647772359238,-60.84461432865974,-10.743802120173466,True
11,hill_n,177,178,-0.6666666666666666,CI_phase_lag_fraction_cycle,,,,,False
11,hill_n,177,178,-0.6666666666666666,PLtetO1_duty_activity_gt_0p5,0.0,0.0,-0.0,-0.0,True
11,hill_n,177,178,-0.6666666666666666,C31_flux_peak_uM_h,0.899884121523834,0.19123266453314006,1.062977185486041,0.16010451192709008,True
11,hill_n,177,178,-0.6666666666666666,C31_flux_trough_uM_h,0.8998840457465459,0.19114419332938257,1.063109778625745,29.557233768789448,True
11,hill_n,177,178,-0.6666666666666666,C31_flux_trough_fraction_of_peak,0.9999999157921712,0.9995373635358087,0.0006938283845437376,0.12807315519384033,True
11,hill_n,177,178,-0.6666666666666666,C31_flux_residual_duty_above_0p5_uM_h,1.0,0.0,1.5,3.4254185692541856,True
11,hill_n,177,178,-0.6666666666666666,C31_flux_FWHM_h,,2.8,,,False
11,hill_n,177,178,-0.6666666666666666,C31_flux_dose_uM_per_cycle,,,,,False
11,hill_n,177,178,-0.6666666666666666,resource_min,0.9849400438656082,0.9967996373416889,-0.017789390214121015,-0.017789390214121015,True
11,oscillator_translation_scale,178,179,-0.6666666666666666,resolved_oscillation,0.0,0.0,-0.0,-0.0,True
11,oscillator_translation_scale,178,179,-0.6666666666666666,period_min,,,,,False
11,oscillator_translation_scale,178,179,-0.6666666666666666,period_generations,,,,,False
11,oscillator_translation_scale,178,179,-0.6666666666666666,TetR_relative_amplitude,,0.03789011821021764,,,False
11,oscillator_translation_scale,178,179,-0.6666666666666666,TetR_free_peak,56.11045113798863,46.1440215709711,14.949644350526302,0.01914720371636574,True
11,oscillator_translation_scale,178,179,-0.6666666666666666,TetR_free_trough,56.09647772359238,44.39561913895217,17.551287876960313,3.099166063995245,True
11,oscillator_translation_scale,178,179,-0.6666666666666666,CI_phase_lag_fraction_cycle,,,,,False
11,oscillator_translation_scale,178,179,-0.6666666666666666,PLtetO1_duty_activity_gt_0p5,0.0,0.0,-0.0,-0.0,True
11,oscillator_translation_scale,178,179,-0.6666666666666666,C31_flux_peak_uM_h,0.19123266453314006,0.29591141961351625,-0.1570181326205643,-0.023649906912558732,True
11,oscillator_translation_scale,178,179,-0.6666666666666666,C31_flux_trough_uM_h,0.19114419332938257,0.2753432185191525,-0.1262985377846549,-3.5114298457332715,True
11,oscillator_translation_scale,178,179,-0.6666666666666666,C31_flux_trough_fraction_of_peak,0.9995373635358087,0.9304920333212302,0.10356799532186772,19.11752276709622,True
11,oscillator_translation_scale,178,179,-0.6666666666666666,C31_flux_residual_duty_above_0p5_uM_h,0.0,0.0,-0.0,-0.0,True
11,oscillator_translation_scale,178,179,-0.6666666666666666,C31_flux_FWHM_h,2.8,3.683333333333333,-1.325,-0.3646788990825688,True
11,oscillator_translation_scale,178,179,-0.6666666666666666,C31_flux_dose_uM_per_cycle,,1.7226672075515235,,,False
11,oscillator_translation_scale,178,179,-0.6666666666666666,resource_min,0.9967996373416889,0.9950477923852031,0.0026277674347285895,0.0026277674347285895,True
11,K_copies,179,180,0.6666666666666666,resolved_oscillation,0.0,1.0,1.5,1.5,True
11,K_copies,179,180,0.6666666666666666,period_min,,325.6,,,False
11,K_copies,179,180,0.6666666666666666,period_generations,,6.977142857142858,,,False
11,K_copies,179,180,0.6666666666666666,TetR_relative_amplitude,0.03789011821021764,0.1832925396496571,0.2181036321591592,0.219697172663011,True
11,K_copies,179,180,0.6666666666666666,TetR_free_peak,46.1440215709711,78.72061141449872,48.864884765291436,0.06258516130819078,True
11,K_copies,179,180,0.6666666666666666,TetR_free_trough,44.39561913895217,64.29171062556146,29.84413722991394,5.269809142244262,True
11,K_copies,179,180,0.6666666666666666,CI_phase_lag_fraction_cycle,,0.6658476658476659,,,False
11,K_copies,179,180,0.6666666666666666,PLtetO1_duty_activity_gt_0p5,0.0,0.0,0.0,0.0,True
11,K_copies,179,180,0.6666666666666666,C31_flux_peak_uM_h,0.29591141961351625,0.45875449737188495,0.24426461663755306,0.036790881085496975,True
11,K_copies,179,180,0.6666666666666666,C31_flux_trough_uM_h,0.2753432185191525,0.31506183136005894,0.05957791926135966,1.6564220576941897,True
11,K_copies,179,180,0.6666666666666666,C31_flux_trough_fraction_of_peak,0.9304920333212302,0.6867765507803993,-0.3655732238112463,-67.48083138552948,True
11,K_copies,179,180,0.6666666666666666,C31_flux_residual_duty_above_0p5_uM_h,0.0,0.0,0.0,0.0,True
11,K_copies,179,180,0.6666666666666666,C31_flux_FWHM_h,3.683333333333333,3.183333333333333,-0.75,-0.20642201834862386,True
11,K_copies,179,180,0.6666666666666666,C31_flux_dose_uM_per_cycle,1.7226672075515235,2.0179999980318106,0.44299918572043073,0.019392023869575236,True
11,K_copies,179,180,0.6666666666666666,resource_min,0.9950477923852031,0.9923225419344255,-0.004087875676166475,-0.004087875676166475,True
11,oscillator_tx_scale,180,181,-0.6666666666666666,resolved_oscillation,1.0,1.0,-0.0,-0.0,True
11,oscillator_tx_scale,180,181,-0.6666666666666666,period_min,325.6,306.61538461538464,28.47692307692307,0.04482201953345709,True
11,oscillator_tx_scale,180,181,-0.6666666666666666,period_generations,6.977142857142858,6.570329670329671,0.6102197802197802,0.048023592357275456,True
11,oscillator_tx_scale,180,181,-0.6666666666666666,TetR_relative_amplitude,0.1832925396496571,0.6115615576053952,-0.6424035269336072,-0.647097149088597,True
11,oscillator_tx_scale,180,181,-0.6666666666666666,TetR_free_peak,78.72061141449872,91.86813095478097,-19.72127931042337,-0.025258617773788808,True
11,oscillator_tx_scale,180,181,-0.6666666666666666,TetR_free_trough,64.29171062556146,35.685113693778696,42.909895397674156,7.576930682142568,True
11,oscillator_tx_scale,180,181,-0.6666666666666666,CI_phase_lag_fraction_cycle,0.6658476658476659,0.6522829904666332,0.020347013071549014,0.03296057021449296,True
11,oscillator_tx_scale,180,181,-0.6666666666666666,PLtetO1_duty_activity_gt_0p5,0.0,0.0,-0.0,-0.0,True
11,oscillator_tx_scale,180,181,-0.6666666666666666,C31_flux_peak_uM_h,0.45875449737188495,1.3019731201424245,-1.2648279341558095,-0.19050706057926467,True
11,oscillator_tx_scale,180,181,-0.6666666666666666,C31_flux_trough_uM_h,0.31506183136005894,0.23642870129995003,0.11794969509016337,3.279310171752915,True
11,oscillator_tx_scale,180,181,-0.6666666666666666,C31_flux_trough_fraction_of_peak,0.6867765507803993,0.18159261327460186,0.7577759062586963,139.8771705026794,True
11,oscillator_tx_scale,180,181,-0.6666666666666666,C31_flux_residual_duty_above_0p5_uM_h,0.0,0.5603199289046878,-0.8404798933570318,-1.919330289193303,True
11,oscillator_tx_scale,180,181,-0.6666666666666666,C31_flux_FWHM_h,3.183333333333333,2.441666666666667,1.1124999999999994,0.3061926605504586,True
11,oscillator_tx_scale,180,181,-0.6666666666666666,C31_flux_dose_uM_per_cycle,2.0179999980318106,3.0108405257858766,-1.489260791631099,-0.06519149865335942,True
11,oscillator_tx_scale,180,181,-0.6666666666666666,resource_min,0.9923225419344255,0.978210907817443,0.021167451175473695,0.021167451175473695,True
11,oscillator_promoter_leak,181,182,-0.6666666666666666,resolved_oscillation,1.0,1.0,-0.0,-0.0,True
11,oscillator_promoter_leak,181,182,-0.6666666666666666,period_min,306.61538461538464,445.55555555555554,-208.41025641025635,-0.3280329324400677,True
11,oscillator_promoter_leak,181,182,-0.6666666666666666,period_generations,6.570329670329671,9.547619047619047,-4.465934065934065,-0.35146385618578685,True
11,oscillator_promoter_leak,181,182,-0.6666666666666666,TetR_relative_amplitude,0.6115615576053952,0.9708352493567961,-0.5389105376271014,-0.5428480042394623,True
11,oscillator_promoter_leak,181,182,-0.6666666666666666,TetR_free_peak,91.86813095478097,404.19036102958904,-468.48334511221213,-0.600024043131983,True
11,oscillator_promoter_leak,181,182,-0.6666666666666666,TetR_free_trough,35.685113693778696,11.78811109181451,35.845503902946284,6.329516672599867,True
11,oscillator_promoter_leak,181,182,-0.6666666666666666,CI_phase_lag_fraction_cycle,0.6522829904666332,0.6594014962593515,-0.010677758689077499,-0.017297134167416038,True
11,oscillator_promoter_leak,181,182,-0.6666666666666666,PLtetO1_duty_activity_gt_0p5,0.0,0.15640968673628083,-0.23461453010442126,-0.7164179104477613,True
11,oscillator_promoter_leak,181,182,-0.6666666666666666,C31_flux_peak_uM_h,1.3019731201424245,5.093563698105841,-5.687385866945125,-0.8566281109334655,True
11,oscillator_promoter_leak,181,182,-0.6666666666666666,C31_flux_trough_uM_h,0.23642870129995003,0.021259207083353257,0.32275424132489516,8.973412485246788,True
11,oscillator_promoter_leak,181,182,-0.6666666666666666,C31_flux_trough_fraction_of_peak,0.18159261327460186,0.004173739319537514,0.26612831093259653,49.124384684778555,True
11,oscillator_promoter_leak,181,182,-0.6666666666666666,C31_flux_residual_duty_above_0p5_uM_h,0.5603199289046878,0.45056654076871805,0.1646300822039547,0.375951293759513,True
11,oscillator_promoter_leak,181,182,-0.6666666666666666,C31_flux_FWHM_h,2.441666666666667,2.075,0.55,0.15137614678899083,True
11,oscillator_promoter_leak,181,182,-0.6666666666666666,C31_flux_dose_uM_per_cycle,3.0108405257858766,10.787726565851168,-11.665329060097937,-0.510642788681397,True
11,oscillator_promoter_leak,181,182,-0.6666666666666666,resource_min,0.978210907817443,0.9147569736742234,0.09518090121482947,0.09518090121482947,True
11,peak_load_fraction,182,183,0.6666666666666667,resolved_oscillation,1.0,1.0,0.0,0.0,True
11,peak_load_fraction,182,183,0.6666666666666667,period_min,445.55555555555554,439.3333333333333,-9.333333333333341,-0.014690451206715647,True
11,peak_load_fraction,182,183,0.6666666666666667,period_generations,9.547619047619047,9.414285714285715,-0.19999999999999926,-0.01573976915005241,True
11,peak_load_fraction,182,183,0.6666666666666667,TetR_relative_amplitude,0.9708352493567961,0.9709031898354407,0.00010191071796683547,0.00010265531288829124,True
11,peak_load_fraction,182,183,0.6666666666666667,TetR_free_peak,404.19036102958904,387.90017166190245,-24.435284051529887,-0.03129622020643148,True
11,peak_load_fraction,182,183,0.6666666666666667,TetR_free_trough,11.78811109181451,11.286657657646344,-0.7521801512522489,-0.13281824189277136,True
11,peak_load_fraction,182,183,0.6666666666666667,CI_phase_lag_fraction_cycle,0.6594014962593515,0.6764795144157814,0.02561702723464476,0.04149758108892819,True
11,peak_load_fraction,182,183,0.6666666666666667,PLtetO1_duty_activity_gt_0p5,0.15640968673628083,0.17396134192401688,0.02632748278160407,0.08039348710990496,True
11,peak_load_fraction,182,183,0.6666666666666667,C31_flux_peak_uM_h,5.093563698105841,4.197144482569278,-1.3446288233048451,-0.20252658704042026,True
11,peak_load_fraction,182,183,0.6666666666666667,C31_flux_trough_uM_h,0.021259207083353257,0.02227234992556235,0.0015197142633136382,0.04225203327598953,True
11,peak_load_fraction,182,183,0.6666666666666667,C31_flux_trough_fraction_of_peak,0.004173739319537514,0.005306548301603464,0.001699213473098925,0.31365628114331556,True
11,peak_load_fraction,182,183,0.6666666666666667,C31_flux_residual_duty_above_0p5_uM_h,0.45056654076871805,0.4538991335258831,0.004998889135747613,0.011415525114155256,True
11,peak_load_fraction,182,183,0.6666666666666667,C31_flux_FWHM_h,2.075,2.25,0.2624999999999997,0.07224770642201826,True
11,peak_load_fraction,182,183,0.6666666666666667,C31_flux_dose_uM_per_cycle,10.787726565851168,9.596468318226156,-1.786887371437517,-0.07821992381951412,True
11,peak_load_fraction,182,183,0.6666666666666667,resource_min,0.9147569736742234,0.7290702090406955,-0.2785301469502917,-0.2785301469502917,True
11,sponge_accessible_fraction,183,184,0.6666666666666667,resolved_oscillation,1.0,1.0,0.0,0.0,True
11,sponge_accessible_fraction,183,184,0.6666666666666667,period_min,439.3333333333333,439.3333333333333,0.0,0.0,True
11,sponge_accessible_fraction,183,184,0.6666666666666667,period_generations,9.414285714285715,9.414285714285715,0.0,0.0,True
11,sponge_accessible_fraction,183,184,0.6666666666666667,TetR_relative_amplitude,0.9709031898354407,0.9709031898354407,0.0,0.0,True
11,sponge_accessible_fraction,183,184,0.6666666666666667,TetR_free_peak,387.90017166190245,387.90017166190245,0.0,0.0,True
11,sponge_accessible_fraction,183,184,0.6666666666666667,TetR_free_trough,11.286657657646344,11.286657657646344,0.0,0.0,True
11,sponge_accessible_fraction,183,184,0.6666666666666667,CI_phase_lag_fraction_cycle,0.6764795144157814,0.6764795144157814,0.0,0.0,True
11,sponge_accessible_fraction,183,184,0.6666666666666667,PLtetO1_duty_activity_gt_0p5,0.17396134192401688,0.17396134192401688,0.0,0.0,True
11,sponge_accessible_fraction,183,184,0.6666666666666667,C31_flux_peak_uM_h,4.197144482569278,4.197144482569278,0.0,0.0,True
11,sponge_accessible_fraction,183,184,0.6666666666666667,C31_flux_trough_uM_h,0.02227234992556235,0.02227234992556235,0.0,0.0,True
11,sponge_accessible_fraction,183,184,0.6666666666666667,C31_flux_trough_fraction_of_peak,0.005306548301603464,0.005306548301603464,0.0,0.0,True
11,sponge_accessible_fraction,183,184,0.6666666666666667,C31_flux_residual_duty_above_0p5_uM_h,0.4538991335258831,0.4538991335258831,0.0,0.0,True
11,sponge_accessible_fraction,183,184,0.6666666666666667,C31_flux_FWHM_h,2.25,2.25,0.0,0.0,True
11,sponge_accessible_fraction,183,184,0.6666666666666667,C31_flux_dose_uM_per_cycle,9.596468318226156,9.596468318226156,0.0,0.0,True
11,sponge_accessible_fraction,183,184,0.6666666666666667,resource_min,0.7290702090406955,0.7290702090406955,0.0,0.0,True
11,oscillator_mrna_total_half_life_min,184,185,-0.6666666666666666,resolved_oscillation,1.0,1.0,-0.0,-0.0,True
11,oscillator_mrna_total_half_life_min,184,185,-0.6666666666666666,period_min,439.3333333333333,286.93333333333334,228.59999999999997,0.3598111227701993,True
11,oscillator_mrna_total_half_life_min,184,185,-0.6666666666666666,period_generations,9.414285714285715,6.148571428571429,4.8985714285714295,0.3855119172537851,True
11,oscillator_mrna_total_half_life_min,184,185,-0.6666666666666666,TetR_relative_amplitude,0.9709031898354407,0.7548306546985956,0.32410880270526765,0.3264768536159873,True
11,oscillator_mrna_total_half_life_min,184,185,-0.6666666666666666,TetR_free_peak,387.90017166190245,75.18665314791703,469.0702777709782,0.6007757746729936,True
11,oscillator_mrna_total_half_life_min,184,185,-0.6666666666666666,TetR_free_trough,11.286657657646344,18.4334625276786,-10.720207305048383,-1.8929495608360931,True
11,oscillator_mrna_total_half_life_min,184,185,-0.6666666666666666,CI_phase_lag_fraction_cycle,0.6764795144157814,0.6656598513011153,0.016229494671999134,0.026290512361746003,True
11,oscillator_mrna_total_half_life_min,184,185,-0.6666666666666666,PLtetO1_duty_activity_gt_0p5,0.17396134192401688,0.0,0.26094201288602537,0.7968113975576663,True
11,oscillator_mrna_total_half_life_min,184,185,-0.6666666666666666,C31_flux_peak_uM_h,4.197144482569278,2.8915944165585095,1.9583250990161523,0.29496087823294936,True
11,oscillator_mrna_total_half_life_min,184,185,-0.6666666666666666,C31_flux_trough_uM_h,0.02227234992556235,0.33877934962163037,-0.474760499544102,-13.199584230475118,True
11,oscillator_mrna_total_half_life_min,184,185,-0.6666666666666666,C31_flux_trough_fraction_of_peak,0.005306548301603464,0.11716005110593469,-0.16778025420649686,-30.970405671110278,True
11,oscillator_mrna_total_half_life_min,184,185,-0.6666666666666666,C31_flux_residual_duty_above_0p5_uM_h,0.4538991335258831,0.7651632970451011,-0.466896245278827,-1.0662100456621006,True
11,oscillator_mrna_total_half_life_min,184,185,-0.6666666666666666,C31_flux_FWHM_h,2.25,2.025,0.33750000000000013,0.09288990825688077,True
11,oscillator_mrna_total_half_life_min,184,185,-0.6666666666666666,C31_flux_dose_uM_per_cycle,9.596468318226156,6.747832068374976,4.272954374776771,0.1870460170136055,True
11,oscillator_mrna_total_half_life_min,184,185,-0.6666666666666666,resource_min,0.7290702090406955,0.8133447456786812,-0.1264118049569785,-0.1264118049569785,True
11,Td_min,185,186,0.6666666666666667,resolved_oscillation,1.0,1.0,0.0,0.0,True
11,Td_min,185,186,0.6666666666666667,period_min,286.93333333333334,383.0,144.09999999999997,0.22681007345225596,True
11,Td_min,185,186,0.6666666666666667,period_generations,6.148571428571429,6.383333333333334,0.3521428571428577,0.02771323639634242,True
11,Td_min,185,186,0.6666666666666667,TetR_relative_amplitude,0.7548306546985956,0.8332682434927235,0.11765638319119197,0.11851602138380608,True
11,Td_min,185,186,0.6666666666666667,TetR_free_peak,75.18665314791703,104.83657676342796,44.474885423266386,0.05696253847211603,True
11,Td_min,185,186,0.6666666666666667,TetR_free_trough,18.4334625276786,17.479586589976257,-1.4308139065535135,-0.2526498302671045,True
11,Td_min,185,186,0.6666666666666667,CI_phase_lag_fraction_cycle,0.6656598513011153,0.6664490861618799,0.0011838522911469804,0.0019177481445913178,True
11,Td_min,185,186,0.6666666666666667,PLtetO1_duty_activity_gt_0p5,0.0,0.0,0.0,0.0,True
11,Td_min,185,186,0.6666666666666667,C31_flux_peak_uM_h,2.8915944165585095,3.0454618279794072,0.23080111713134663,0.034763022871130714,True
11,Td_min,185,186,0.6666666666666667,C31_flux_trough_uM_h,0.33877934962163037,0.18333503819733862,-0.2331664671364376,-6.482637931430982,True
11,Td_min,185,186,0.6666666666666667,C31_flux_trough_fraction_of_peak,0.11716005110593469,0.06019942082773605,-0.08544094541729795,-15.77146698824374,True
11,Td_min,185,186,0.6666666666666667,C31_flux_residual_duty_above_0p5_uM_h,0.7651632970451011,0.6254165740946457,-0.2096200844256831,-0.4786910197869101,True
11,Td_min,185,186,0.6666666666666667,C31_flux_FWHM_h,2.025,2.466666666666667,0.6625000000000002,0.18233944954128445,True
11,Td_min,185,186,0.6666666666666667,C31_flux_dose_uM_per_cycle,6.747832068374976,8.225814254533173,2.2169732792372954,0.09704667668692146,True
11,Td_min,185,186,0.6666666666666667,resource_min,0.8133447456786812,0.8034124534297867,-0.014898438373341703,-0.014898438373341703,True
11,c31_tx_scale,186,187,0.6666666666666667,resolved_oscillation,1.0,1.0,0.0,0.0,True
11,c31_tx_scale,186,187,0.6666666666666667,period_min,383.0,382.6363636363636,-0.5454545454545608,-0.0008585328627301586,True
11,c31_tx_scale,186,187,0.6666666666666667,period_generations,6.383333333333334,6.377272727272727,-0.009090909090910147,-0.0007154440522751952,True
11,c31_tx_scale,186,187,0.6666666666666667,TetR_relative_amplitude,0.8332682434927235,0.8320181782294481,-0.0018750978949131356,-0.0018887980080870915,True
11,c31_tx_scale,186,187,0.6666666666666667,TetR_free_peak,104.83657676342796,100.65531885841233,-6.27188685752344,-0.008032906504747084,True
11,c31_tx_scale,186,187,0.6666666666666667,TetR_free_trough,17.479586589976257,16.90826383273189,-0.8569841358665505,-0.1513242885581273,True
11,c31_tx_scale,186,187,0.6666666666666667,CI_phase_lag_fraction_cycle,0.6664490861618799,0.6788429555713946,0.01859080411427205,0.03011564902413949,True
11,c31_tx_scale,186,187,0.6666666666666667,PLtetO1_duty_activity_gt_0p5,0.0,0.0,0.0,0.0,True
11,c31_tx_scale,186,187,0.6666666666666667,C31_flux_peak_uM_h,3.0454618279794072,4.8643686270178925,2.7283601985577275,0.41094275955852094,True
11,c31_tx_scale,186,187,0.6666666666666667,C31_flux_trough_uM_h,0.18333503819733862,0.352138368519056,0.253204995482576,7.039761455847206,True
11,c31_tx_scale,186,187,0.6666666666666667,C31_flux_trough_fraction_of_peak,0.06019942082773605,0.07239138221622297,0.018287942082730383,3.3757547207840477,True
11,c31_tx_scale,186,187,0.6666666666666667,C31_flux_residual_duty_above_0p5_uM_h,0.6254165740946457,0.8020439902243945,0.26494112419462323,0.6050228310502279,True
11,c31_tx_scale,186,187,0.6666666666666667,C31_flux_FWHM_h,2.466666666666667,2.65,0.27499999999999963,0.0756880733944953,True
11,c31_tx_scale,186,187,0.6666666666666667,C31_flux_dose_uM_per_cycle,8.225814254533173,14.143223040341812,8.876113178712957,0.3885465350251877,True
11,c31_tx_scale,186,187,0.6666666666666667,resource_min,0.8034124534297867,0.6860002364130665,-0.1761183255250803,-0.1761183255250803,True
11,c31_translation_scale,187,188,-0.6666666666666666,resolved_oscillation,1.0,1.0,-0.0,-0.0,True
11,c31_translation_scale,187,188,-0.6666666666666666,period_min,382.6363636363636,383.09090909090907,-0.6818181818181586,-0.0010731660784126314,True
11,c31_translation_scale,187,188,-0.6666666666666666,period_generations,6.377272727272727,6.384848484848485,-0.011363636363636687,-0.0008943050653439155,True
11,c31_translation_scale,187,188,-0.6666666666666666,TetR_relative_amplitude,0.8320181782294481,0.8333156548445524,-0.0019462149226563974,-0.001960434641410052,True
11,c31_translation_scale,187,188,-0.6666666666666666,TetR_free_peak,100.65531885841233,105.34418298844322,-7.03329619504634,-0.009008104265661095,True
11,c31_translation_scale,187,188,-0.6666666666666666,TetR_free_trough,16.90826383273189,17.559226157364307,-0.9764434869486252,-0.17241814614258724,True
11,c31_translation_scale,187,188,-0.6666666666666666,CI_phase_lag_fraction_cycle,0.6788429555713946,0.6649857617465591,0.020785790737253285,0.033671355724294375,True
11,c31_translation_scale,187,188,-0.6666666666666666,PLtetO1_duty_activity_gt_0p5,0.0,0.0,-0.0,-0.0,True
11,c31_translation_scale,187,188,-0.6666666666666666,C31_flux_peak_uM_h,4.8643686270178925,2.783644731560899,3.12108584318549,0.47009468540689137,True
11,c31_translation_scale,187,188,-0.6666666666666666,C31_flux_trough_uM_h,0.352138368519056,0.16373370557329503,0.28260699441864146,7.857213964793528,True
11,c31_translation_scale,187,188,-0.6666666666666666,C31_flux_trough_fraction_of_peak,0.07239138221622297,0.05881990029722044,0.020357222878503806,3.7577213949653006,True
11,c31_translation_scale,187,188,-0.6666666666666666,C31_flux_residual_duty_above_0p5_uM_h,0.8020439902243945,0.6009775605421017,0.30159964452343924,0.6887366818873668,True
11,c31_translation_scale,187,188,-0.6666666666666666,C31_flux_FWHM_h,2.65,2.433333333333333,0.3250000000000002,0.08944954128440372,True
11,c31_translation_scale,187,188,-0.6666666666666666,C31_flux_dose_uM_per_cycle,14.143223040341812,7.445618152146198,10.046407332293422,0.43977546025165243,True
11,c31_translation_scale,187,188,-0.6666666666666666,resource_min,0.6860002364130665,0.8203130036721783,-0.20146915088866768,-0.20146915088866768,True
11,c31_mrna_total_half_life_min,188,189,-0.6666666666666666,resolved_oscillation,1.0,1.0,-0.0,-0.0,True
11,c31_mrna_total_half_life_min,188,189,-0.6666666666666666,period_min,383.09090909090907,383.27272727272725,-0.2727272727272805,-0.00042926643136507943,True
11,c31_mrna_total_half_life_min,188,189,-0.6666666666666666,period_generations,6.384848484848485,6.387878787878788,-0.004545454545454408,-0.00035772202613754524,True
11,c31_mrna_total_half_life_min,188,189,-0.6666666666666666,TetR_relative_amplitude,0.8333156548445524,0.8329726646473398,0.0005144852958189339,0.0005182443031743242,True
11,c31_mrna_total_half_life_min,188,189,-0.6666666666666666,TetR_free_peak,105.34418298844322,108.81849974107513,-5.2114751289478605,-0.006674752496919778,True
11,c31_mrna_total_half_life_min,188,189,-0.6666666666666666,TetR_free_trough,17.559226157364307,18.17566404882593,-0.9246568371924333,-0.16327377858292338,True
11,c31_mrna_total_half_life_min,188,189,-0.6666666666666666,CI_phase_lag_fraction_cycle,0.6649857617465591,0.6542338709677419,0.01612783616822583,0.026125833534453875,True
11,c31_mrna_total_half_life_min,188,189,-0.6666666666666666,PLtetO1_duty_activity_gt_0p5,0.0,0.0,-0.0,-0.0,True
11,c31_mrna_total_half_life_min,188,189,-0.6666666666666666,C31_flux_peak_uM_h,2.783644731560899,0.6720436556498391,3.16740161386659,0.47707071834595566,True
11,c31_mrna_total_half_life_min,188,189,-0.6666666666666666,C31_flux_trough_uM_h,0.16373370557329503,0.0334145933749815,0.19547866829747032,5.434818503079529,True
11,c31_mrna_total_half_life_min,188,189,-0.6666666666666666,C31_flux_trough_fraction_of_peak,0.05881990029722044,0.049720867229482185,0.013648549601607378,2.519373450607652,True
11,c31_mrna_total_half_life_min,188,189,-0.6666666666666666,C31_flux_residual_duty_above_0p5_uM_h,0.6009775605421017,0.22372806043101534,0.5658742501666296,1.2922374429223744,True
11,c31_mrna_total_half_life_min,188,189,-0.6666666666666666,C31_flux_FWHM_h,2.433333333333333,2.2666666666666666,0.24999999999999978,0.06880733944954122,True
11,c31_mrna_total_half_life_min,188,189,-0.6666666666666666,C31_flux_dose_uM_per_cycle,7.445618152146198,1.6691993506658378,8.664628202220541,0.37928890692023304,True
11,c31_mrna_total_half_life_min,188,189,-0.6666666666666666,resource_min,0.8203130036721783,0.9566189231995942,-0.20445887929112383,-0.20445887929112383,True
11,c31_promoter_leak,189,190,0.6666666666666666,resolved_oscillation,1.0,1.0,0.0,0.0,True
11,c31_promoter_leak,189,190,0.6666666666666666,period_min,383.27272727272725,383.27272727272725,0.0,0.0,True
11,c31_promoter_leak,189,190,0.6666666666666666,period_generations,6.387878787878788,6.387878787878788,0.0,0.0,True
11,c31_promoter_leak,189,190,0.6666666666666666,TetR_relative_amplitude,0.8329726646473398,0.8327802616537662,-0.00028860449036038904,-0.00029071313449634354,True
11,c31_promoter_leak,189,190,0.6666666666666666,TetR_free_peak,108.81849974107513,108.71978351338714,-0.14807434153198074,-0.0001896506375671564,True
11,c31_promoter_leak,189,190,0.6666666666666666,TetR_free_trough,18.17566404882593,18.18009375216778,0.006644555012778497,0.001173280248738021,True
11,c31_promoter_leak,189,190,0.6666666666666666,CI_phase_lag_fraction_cycle,0.6542338709677419,0.6535815939278937,-0.0009784155597722388,-0.0015849567031496576,True
11,c31_promoter_leak,189,190,0.6666666666666666,PLtetO1_duty_activity_gt_0p5,0.0,0.0,0.0,0.0,True
11,c31_promoter_leak,189,190,0.6666666666666666,C31_flux_peak_uM_h,0.6720436556498391,0.6781222602840717,0.009117906951348898,0.0013733296087392905,True
11,c31_promoter_leak,189,190,0.6666666666666666,C31_flux_trough_uM_h,0.0334145933749815,0.04453869131840346,0.016686146915132948,0.46391854819404615,True
11,c31_promoter_leak,189,190,0.6666666666666666,C31_flux_trough_fraction_of_peak,0.049720867229482185,0.06567944149148826,0.02393786139300911,4.418668226165994,True
11,c31_promoter_leak,189,190,0.6666666666666666,C31_flux_residual_duty_above_0p5_uM_h,0.22372806043101534,0.22928238169295712,0.008331481892912662,0.0190258751902587,True
11,c31_promoter_leak,189,190,0.6666666666666666,C31_flux_FWHM_h,2.2666666666666666,2.2666666666666666,0.0,0.0,True
11,c31_promoter_leak,189,190,0.6666666666666666,C31_flux_dose_uM_per_cycle,1.6691993506658378,1.7283692707141796,0.08875488007251264,0.003885191685191116,True
11,c31_promoter_leak,189,190,0.6666666666666666,resource_min,0.9566189231995942,0.9562265433113829,-0.0005885698323169208,-0.0005885698323169208,True
11,oscillator_plasmid_copies,190,191,-0.6666666666666666,resolved_oscillation,1.0,1.0,-0.0,-0.0,True
11,oscillator_plasmid_copies,190,191,-0.6666666666666666,period_min,383.27272727272725,347.1666666666667,54.15909090909085,0.08524515882857951,True
11,oscillator_plasmid_copies,190,191,-0.6666666666666666,period_generations,6.387878787878788,5.786111111111111,0.9026515151515144,0.07103763235714962,True
11,oscillator_plasmid_copies,190,191,-0.6666666666666666,TetR_relative_amplitude,0.8327802616537662,0.6025334167267085,0.34537026739058657,0.34789366190935095,True
11,oscillator_plasmid_copies,190,191,-0.6666666666666666,TetR_free_peak,108.71978351338714,57.3376319118759,77.07322740226687,0.09871383904173162,True
11,oscillator_plasmid_copies,190,191,-0.6666666666666666,TetR_free_trough,18.18009375216778,22.789792648994958,-6.914548345240764,-1.2209550506863416,True
11,oscillator_plasmid_copies,190,191,-0.6666666666666666,CI_phase_lag_fraction_cycle,0.6535815939278937,0.6538646183389342,-0.00042453661656066677,-0.0006877161237163274,True
11,oscillator_plasmid_copies,190,191,-0.6666666666666666,PLtetO1_duty_activity_gt_0p5,0.0,0.0,-0.0,-0.0,True
11,oscillator_plasmid_copies,190,191,-0.6666666666666666,C31_flux_peak_uM_h,0.6781222602840717,0.3302004655289459,0.5218826921326888,0.0786054252602745,True
11,oscillator_plasmid_copies,190,191,-0.6666666666666666,C31_flux_trough_uM_h,0.04453869131840346,0.07696302956515177,-0.04863650737012247,-1.3522221758645272,True
11,oscillator_plasmid_copies,190,191,-0.6666666666666666,C31_flux_trough_fraction_of_peak,0.06567944149148826,0.23307971247667753,-0.2511004064777839,-46.3503973669419,True
11,oscillator_plasmid_copies,190,191,-0.6666666666666666,C31_flux_residual_duty_above_0p5_uM_h,0.22928238169295712,0.0,0.3439235725394357,0.7853881278538813,True
11,oscillator_plasmid_copies,190,191,-0.6666666666666666,C31_flux_FWHM_h,2.2666666666666666,3.316666666666667,-1.5750000000000004,-0.4334862385321102,True
11,oscillator_plasmid_copies,190,191,-0.6666666666666666,C31_flux_dose_uM_per_cycle,1.7283692707141796,1.0202557503211842,1.062170280589493,0.04649586748392736,True
11,oscillator_plasmid_copies,190,191,-0.6666666666666666,resource_min,0.9562265433113829,0.9786852362428899,-0.03368803939726056,-0.03368803939726056,True
