run_id,Td_min,oscillator_plasmid_copies,K_copies,hill_n,oscillator_promoter_leak,oscillator_tx_scale,oscillator_translation_scale,oscillator_mrna_total_half_life_min,sponge_plasmid_copies,sponge_accessible_fraction,c31_promoter_leak,c31_tx_scale,c31_translation_scale,c31_mrna_total_half_life_min,peak_load_fraction,solver_success,error_message,status,resolved_oscillation,period_min,period_generations,deterministic_period_cv,TetR_relative_amplitude,TetR_free_peak,TetR_free_trough,CI_peak,LacI_peak,CI_phase_lag_fraction_cycle,PLtetO1_duty_activity_gt_0p5,C31_protein_peak_copies,C31_protein_trough_copies,C31_flux_peak_uM_h,C31_flux_trough_uM_h,C31_flux_trough_fraction_of_peak,C31_flux_residual_duty_above_0p5_uM_h,C31_flux_FWHM_h,C31_flux_dose_uM_per_cycle,resource_min,resource_mean,effective_functional_sites,effective_sponge_sites,trajectory_id,step_id,changed_parameter
0,46.666666666666664,7.0,18.0,4.0,0.02,1.1666666666666665,0.5,1.0,80.0,0.6666666666666666,0.007368062997280772,0.8333333333333333,1.2,0.5,0.19999999999999998,True,,resolved_oscillation,1.0,285.8,6.1242857142857146,0.001448703063699834,0.557942581231923,39.88449228012915,17.631235706229187,73.54699792442368,27.913483188287852,0.5432120363890832,0.11641857365029994,321.5408860671721,97.2916749602328,0.6432986480517071,0.058877608249559926,0.09152453285558196,0.26882914907798267,2.0,1.4743941628111799,0.9757767576115519,0.9883991359976358,28.0,106.66666666666666,0,0,START
1,46.666666666666664,7.0,11.333333333333334,4.0,0.02,1.1666666666666665,0.5,1.0,80.0,0.6666666666666666,0.007368062997280772,0.8333333333333333,1.2,0.5,0.19999999999999998,True,,resolved_oscillation,1.0,299.92857142857144,6.427040816326532,0.0008910829689864116,0.674808098644751,34.53606975940109,11.230850190397154,70.64309394344868,19.055320554411068,0.5301262205286973,0.08042657187291713,308.4082029940019,64.5666489916382,0.6294937485686132,0.023564718453247157,0.037434396301520484,0.24416796267496113,2.033333333333333,1.3682262153470286,0.9762965774920067,0.9896906974061466,28.0,106.66666666666666,0,1,K_copies
2,46.666666666666664,11.0,11.333333333333334,4.0,0.02,1.1666666666666665,0.5,1.0,80.0,0.6666666666666666,0.007368062997280772,0.8333333333333333,1.2,0.5,0.19999999999999998,True,,resolved_oscillation,1.0,345.45454545454544,7.402597402597403,0.0015117270122468496,0.8789375494481774,84.01670984132826,10.171268780692628,131.10648618187597,29.204439182792623,0.5453684210526315,0.2137302821595201,575.6909418786737,56.86483760269566,1.152165966638397,0.01520324835861984,0.013195363167146321,0.4059097978227061,2.183333333333333,2.4840814085517207,0.956615491784215,0.9837883117079294,44.0,106.66666666666666,0,2,oscillator_plasmid_copies
3,46.666666666666664,11.0,11.333333333333334,4.0,0.02,1.1666666666666665,1.1666666666666665,1.0,80.0,0.6666666666666666,0.007368062997280772,0.8333333333333333,1.2,0.5,0.19999999999999998,True,,resolved_oscillation,1.0,294.14285714285717,6.303061224489797,0.0012345583473574403,0.6061646592693287,39.86235141887029,15.699202753376541,115.54863025924917,18.32717836379995,0.5694511898980087,0.0,206.7261410093908,48.51872243396109,0.4265670790770359,0.027272774380656305,0.06393548803547255,0.0,1.9,0.8928176897816918,0.9839377281722737,0.9931241162662473,44.0,106.66666666666666,0,3,oscillator_translation_scale
4,46.666666666666664,11.0,11.333333333333334,2.666666666666667,0.02,1.1666666666666665,1.1666666666666665,1.0,80.0,0.6666666666666666,0.007368062997280772,0.8333333333333333,1.2,0.5,0.19999999999999998,True,,resolved_oscillation,1.0,269.9375,5.784375000000001,0.009319874080107109,0.4375735364383128,36.46936698538833,20.51133710192531,105.89698428638212,20.299410419178056,0.6492243574901597,0.0,188.0125570388842,95.58485259967412,0.3449314763442964,0.09744620680675437,0.28250888506761723,0.0,3.0083333333333333,0.8589377417743321,0.9870116954478326,0.9926404321854202,44.0,106.66666666666666,0,4,hill_n
5,46.666666666666664,11.0,11.333333333333334,2.666666666666667,0.02,1.1666666666666665,1.1666666666666665,1.0,80.0,0.6666666666666666,0.007368062997280772,1.5,1.2,0.5,0.19999999999999998,True,,resolved_oscillation,1.0,269.4375,5.773660714285715,0.009769727795428179,0.45491652201562105,37.32951464476602,20.34770167403787,107.44939606249154,20.431947329584037,0.6448619809788912,0.0,344.10446989173306,168.38729341257147,0.6255401448467764,0.16633551335799007,0.26590701608564754,0.08242612752721618,2.658333333333333,1.5445992215361348,0.9764454494063999,0.9867383483001769,44.0,106.66666666666666,0,5,c31_tx_scale
6,46.666666666666664,11.0,11.333333333333334,2.666666666666667,0.02,1.1666666666666665,1.1666666666666665,1.0,80.0,0.6666666666666666,0.007368062997280772,1.5,1.2,0.5,0.0,True,,resolved_oscillation,1.0,271.06666666666666,5.808571428571429,0.008066424881383892,0.41111854205695864,35.464409524358786,20.884333185793484,103.9984343711596,20.146104597490144,0.6522380718150517,0.0,331.48007634213735,176.75819069175384,0.6047117921514632,0.18711556124324616,0.3094293243026076,0.042879360142190626,3.4833333333333334,1.5542935557106408,1.0,1.0,44.0,106.66666666666666,0,6,peak_load_fraction
7,46.666666666666664,11.0,11.333333333333334,2.666666666666667,0.006666666666666668,1.1666666666666665,1.1666666666666665,1.0,80.0,0.6666666666666666,0.007368062997280772,1.5,1.2,0.5,0.0,True,,resolved_oscillation,1.0,416.3,8.920714285714286,0.0011603312311785922,0.9709451390258385,295.45114855985787,8.584292046063036,362.52385357398265,86.86541060329563,0.5975258227239971,0.22594978893579204,1248.142331663039,62.64191988646882,2.4174441005910956,0.02680322970588578,0.01108742481339364,0.40968673628082647,2.283333333333333,5.398681141946599,1.0,1.0,44.0,106.66666666666666,0,7,oscillator_promoter_leak
8,46.666666666666664,11.0,11.333333333333334,2.666666666666667,0.006666666666666668,1.1666666666666665,1.1666666666666665,1.0,80.0,0.6666666666666666,0.007368062997280772,1.5,1.2,2.3207944168063896,0.0,True,,resolved_oscillation,1.0,416.3,8.920714285714286,0.0011603312311785922,0.9709451457670566,295.4511776574721,8.58429089978932,362.5239077367051,86.86544154715114,0.5975258227239971,0.22594978893579204,5787.807381355569,292.42325737426427,11.208528556984698,0.12441947688055756,0.011100429128409047,0.4907798267051766,2.283333333333333,25.05846497204106,1.0,1.0,44.0,106.66666666666666,0,8,c31_mrna_total_half_life_min
9,46.666666666666664,11.0,11.333333333333334,2.666666666666667,0.006666666666666668,1.1666666666666665,1.1666666666666665,1.0,26.66666666666667,0.6666666666666666,0.007368062997280772,1.5,1.2,2.3207944168063896,0.0,True,,resolved_oscillation,1.0,457.77777777777777,9.80952380952381,0.0009632589724749723,0.975269490265364,328.1510072248987,8.115341678605962,385.12092899267213,141.21206386909955,0.61875,0.23861364141301933,6147.86357794447,239.53127312476624,11.730908695046322,0.12374718364562641,0.010548814832893707,0.46789602310597644,2.3333333333333335,27.018132985469933,1.0,1.0,44.0,35.55555555555556,0,9,sponge_plasmid_copies
10,46.666666666666664,11.0,11.333333333333334,2.666666666666667,0.006666666666666668,1.1666666666666665,1.1666666666666665,2.9240177382128656,26.66666666666667,0.6666666666666666,0.007368062997280772,1.5,1.2,2.3207944168063896,0.0,True,,resolved_oscillation,1.0,504.625,10.813392857142858,0.001025611433255914,0.9745092152368718,404.8335862932454,10.31952581308636,855.7247145983927,151.33562136467134,0.5964825365370324,0.12130637636080871,4681.984898872746,143.02638210725746,9.322943489048898,0.12285375870179446,0.013177571959553696,0.4059097978227061,2.1166666666666667,19.91406645461496,1.0,1.0,44.0,35.55555555555556,0,10,oscillator_mrna_total_half_life_min
11,46.666666666666664,11.0,11.333333333333334,2.666666666666667,0.006666666666666668,1.1666666666666665,1.1666666666666665,2.9240177382128656,26.66666666666667,1.0,0.007368062997280772,1.5,1.2,2.3207944168063896,0.0,True,,resolved_oscillation,1.0,500.375,10.72232142857143,0.001034322597065732,0.9754343156487637,407.92686012671396,10.021002484263787,891.8828757242658,138.58805414507955,0.5905570821883588,0.13974672295045545,4879.268149182411,146.9216642121334,9.637363839785895,0.12282982800817362,0.012745168704858447,0.40857587202843815,2.1666666666666665,20.969211988557998,1.0,1.0,44.0,53.33333333333334,0,11,sponge_accessible_fraction
12,46.666666666666664,11.0,11.333333333333334,2.666666666666667,0.006666666666666668,1.1666666666666665,1.1666666666666665,2.9240177382128656,26.66666666666667,1.0,0.007368062997280772,1.5,0.6,2.3207944168063896,0.0,True,,resolved_oscillation,1.0,500.375,10.72232142857143,0.001034322597065732,0.9754343156478359,407.9268597275063,10.021002474835432,891.8828742016489,138.5880530928812,0.5905570821883588,0.13974672295045545,2439.63409224645,73.46083183242229,4.818681909840542,0.06141491400924202,0.012745168732516386,0.3736947345034437,2.1666666666666665,10.484605994277922,1.0,1.0,44.0,53.33333333333334,0,12,c31_translation_scale
13,60.0,11.0,11.333333333333334,2.666666666666667,0.006666666666666668,1.1666666666666665,1.1666666666666665,2.9240177382128656,26.66666666666667,1.0,0.007368062997280772,1.5,0.6,2.3207944168063896,0.0,True,,resolved_oscillation,1.0,592.2857142857143,9.871428571428572,0.0008238423191799002,0.9613933212387717,316.2737015809874,12.210277197561766,839.5050689230956,106.84655519001669,0.5791123974915581,0.0,2297.3262525843916,93.72464741191682,3.7483746299194896,0.06197855726229631,0.016534781973921196,0.3308153743612531,2.3666666666666667,9.195349666384455,1.0,1.0,44.0,53.33333333333334,0,13,Td_min
14,60.0,11.0,11.333333333333334,2.666666666666667,0.006666666666666668,1.1666666666666665,1.1666666666666665,2.9240177382128656,26.66666666666667,1.0,0.0010000000000000002,1.5,0.6,2.3207944168063896,0.0,True,,resolved_oscillation,1.0,592.2857142857143,9.871428571428572,0.0008238423191799002,0.961393335231152,316.273773534348,12.210275550019118,839.5052494475439,106.84658331769765,0.5791123974915581,0.0,2266.04648184146,48.30753071134757,3.7194553956803547,0.009409109466868217,0.0025297008475476347,0.3250388802488336,2.3666666666666667,8.730852423762794,1.0,1.0,44.0,53.33333333333334,0,14,c31_promoter_leak
15,60.0,11.0,11.333333333333334,2.666666666666667,0.006666666666666668,0.5,1.1666666666666665,2.9240177382128656,26.66666666666667,1.0,0.0010000000000000002,1.5,0.6,2.3207944168063896,0.0,True,,resolved_oscillation,1.0,647.3333333333334,10.78888888888889,0.0007977308643063681,0.9818287077705654,446.18132646911937,8.107691270587127,631.3361795340435,167.16732815556534,0.6101956745623068,0.22283936902910464,4006.4415629552173,69.39570235617134,5.857304532651009,0.008716998074014673,0.0014882268841277697,0.4081315263274828,3.183333333333333,17.87735185884024,1.0,1.0,44.0,53.33333333333334,0,15,oscillator_tx_scale
16,53.33333333333333,13.0,8.0,2.0,0.02,1.1666666666666665,1.5,1.0,80.0,0.6666666666666666,0.007368062997280772,0.8333333333333333,0.3,1.077217345015942,0.3,True,,steady_state,0.0,,,,,14.30772185165675,14.307495444903175,301.5165597408035,24.615853914599985,,0.0,232.26989062156687,232.26141164096308,0.3007521192466431,0.3007452244036668,0.9999770746653638,0.0,,,0.9805861558646698,0.98058618257924,52.0,106.66666666666666,1,0,START
17,40.0,13.0,8.0,2.0,0.02,1.1666666666666665,1.5,1.0,80.0,0.6666666666666666,0.007368062997280772,0.8333333333333333,0.3,1.077217345015942,0.3,True,,steady_state,0.0,,,,,16.33678728040916,16.336689988291017,187.65253966477053,19.502225544860405,,0.0,142.95589414410796,142.9528458453008,0.2468138111790307,0.24681156452869968,0.999990897388115,0.0,2.3833333333333333,,0.984067926528069,0.9840680506331094,52.0,106.66666666666666,1,1,Td_min
18,40.0,13.0,8.0,3.333333333333333,0.02,1.1666666666666665,1.5,1.0,80.0,0.6666666666666666,0.007368062997280772,0.8333333333333333,0.3,1.077217345015942,0.3,True,,steady_state,0.0,,,,,7.421302817281961,7.421302807269023,496.798830551732,17.401821881507097,,1.0,393.9568841083487,393.9568825505611,0.6801653626565426,0.6801653613538453,0.9999999980847345,1.0,,,0.9560946590503142,0.9560946590980738,52.0,106.66666666666666,1,2,hill_n
19,40.0,9.0,8.0,3.333333333333333,0.02,1.1666666666666665,1.5,1.0,80.0,0.6666666666666666,0.007368062997280772,0.8333333333333333,0.3,1.077217345015942,0.3,True,,steady_state,0.0,,,,,11.954520077639108,11.954519333991342,139.1585607218015,12.495263366112932,,0.0,106.44152948107184,106.44152018112881,0.18377097339217147,0.18377094727594667,0.9999998578871063,0.0,,,0.9881374035103383,0.988137403564556,36.0,106.66666666666666,1,3,oscillator_plasmid_copies
20,40.0,9.0,8.0,3.333333333333333,0.02,1.1666666666666665,1.5,1.0,26.66666666666667,0.6666666666666666,0.007368062997280772,0.8333333333333333,0.3,1.077217345015942,0.3,True,,resolved_oscillation,1.0,236.0,5.9,0.005034648523610208,0.44782122564870075,26.10916864901469,14.4169287439443,68.92813396118336,16.05170939042529,0.6197033898305085,0.0,49.4371272922039,20.74216487918221,0.11197794527098952,0.022675370936071627,0.20249854452317947,0.0,1.6666666666666667,0.22363622649704665,0.9927717138568102,0.9962898623240607,36.0,35.55555555555556,1,4,sponge_plasmid_copies
21,40.0,9.0,8.0,3.333333333333333,0.02,1.1666666666666665,1.5,1.0,26.66666666666667,0.6666666666666666,0.007368062997280772,0.8333333333333333,0.8999999999999999,1.077217345015942,0.3,True,,resolved_oscillation,1.0,236.83333333333334,5.920833333333333,0.004404722734851562,0.48431405167877783,27.126816029556526,13.988917849137188,71.83430485936925,16.238015902666454,0.6164672765657987,0.0,155.6100078623672,59.89857787869824,0.35903302264260917,0.06257212269867529,0.17427957528285976,0.0,1.5833333333333333,0.693145848184452,0.9768240664156256,0.9885710014924611,36.0,35.55555555555556,1,5,c31_translation_scale
22,40.0,9.0,8.0,3.333333333333333,0.02,1.1666666666666665,1.5,1.0,26.66666666666667,0.6666666666666666,0.007368062997280772,0.8333333333333333,0.8999999999999999,5.000000000000001,0.3,True,,resolved_oscillation,1.0,247.23529411764707,6.180882352941177,0.001768506869773793,0.6774475749443752,36.48583673245348,11.76859511823646,91.13003888982887,17.725710345319253,0.6208660480609088,0.0,939.4621210799537,231.94660141612493,2.2652328230849026,0.165788155093291,0.07318813033422002,0.5512108420351033,1.525,3.9034130041409174,0.853777000581867,0.9384445660471146,36.0,35.55555555555556,1,6,c31_mrna_total_half_life_min
23,40.0,9.0,8.0,3.333333333333333,0.006666666666666668,1.1666666666666665,1.5,1.0,26.66666666666667,0.6666666666666666,0.007368062997280772,0.8333333333333333,0.8999999999999999,5.000000000000001,0.3,True,,resolved_oscillation,1.0,454.6666666666667,11.366666666666667,0.001099706744868035,0.9871622773008301,358.92722354200924,4.607808165015269,285.3320548848572,159.43419040221679,0.6400293255131965,0.3099311264163519,3168.519487507834,102.6976187471156,6.237664939002285,0.08888521577635733,0.014249757985650079,0.47189513441457454,2.8333333333333335,17.02794511966304,0.5973526131834379,0.8570341904735936,36.0,35.55555555555556,1,7,oscillator_promoter_leak
24,40.0,9.0,14.666666666666666,3.333333333333333,0.006666666666666668,1.1666666666666665,1.5,1.0,26.66666666666667,0.6666666666666666,0.007368062997280772,0.8333333333333333,0.8999999999999999,5.000000000000001,0.3,True,,resolved_oscillation,1.0,423.4,10.584999999999999,0.001219645204285126,0.979849844203407,398.2579910343132,8.02496056657955,287.5390151265539,265.09040314212064,0.6577704298535664,0.3188180404354588,3191.337702747913,137.79738278918362,6.31773680637221,0.08905146941356996,0.014095469966990501,0.4934459009109087,2.7416666666666667,16.76625665878496,0.5921838956474204,0.8520366070810006,36.0,35.55555555555556,1,8,K_copies
25,40.0,9.0,14.666666666666666,3.333333333333333,0.006666666666666668,1.1666666666666665,1.5,1.0,26.66666666666667,0.6666666666666666,0.0010000000000000002,0.8333333333333333,0.8999999999999999,5.000000000000001,0.3,True,,resolved_oscillation,1.0,423.7,10.5925,0.0011400658285099078,0.9799648262746635,400.13311730977887,8.016736518561881,287.8785901240683,266.29862109354286,0.6584847769648337,0.31659631193068205,3186.576410671265,94.22307096947308,6.315999746950863,0.01232284258993218,0.00195105178651744,0.4867807153965785,2.75,16.448245684436383,0.5922960245359693,0.855437531123388,36.0,35.55555555555556,1,9,c31_promoter_leak
26,40.0,9.0,14.666666666666666,3.333333333333333,0.006666666666666668,1.1666666666666665,1.5,1.0,26.66666666666667,0.6666666666666666,0.0010000000000000002,1.5,0.8999999999999999,5.000000000000001,0.3,True,,resolved_oscillation,1.0,411.9,10.2975,0.0007677294635028841,0.9797318096365778,382.38328822566336,7.75021727754911,223.0946200185946,258.0663602203382,0.6763777615926196,0.35303265940902023,4446.181843181647,176.58990055167573,8.621739333566788,0.022231686446217164,0.0025785616551480665,0.5523217062874917,2.933333333333333,24.01166028920178,0.4434582738216933,0.7727456832285085,36.0,35.55555555555556,1,10,c31_tx_scale
27,40.0,9.0,14.666666666666666,3.333333333333333,0.006666666666666668,1.1666666666666665,1.5,1.0,26.66666666666667,1.0,0.0010000000000000002,1.5,0.8999999999999999,5.000000000000001,0.3,True,,resolved_oscillation,1.0,402.3636363636364,10.059090909090909,0.0012539030208324996,0.9786512371759953,373.90986754254874,7.982513079720908,221.4869116584597,229.84326196223105,0.6679281518300948,0.35036658520328817,4414.409083437142,192.53555705791345,8.579368710685312,0.022265246598146566,0.0025952080332456114,0.5487669406798489,2.933333333333333,23.82653616638118,0.44619333906611547,0.7744468973564426,36.0,53.33333333333334,1,11,sponge_accessible_fraction
28,40.0,9.0,14.666666666666666,3.333333333333333,0.006666666666666668,1.1666666666666665,1.5,1.0,26.66666666666667,1.0,0.0010000000000000002,1.5,0.8999999999999999,5.000000000000001,0.1,True,,resolved_oscillation,1.0,423.4,10.584999999999999,0.001219645204285126,0.9790109426917647,402.4529473352505,8.447107975487768,353.0871070037351,242.6904318872686,0.6341521020311762,0.3065985336591868,7033.200233472453,180.08857558776552,14.282391495923525,0.022181646140201468,0.0015530764680783708,0.5001110864252388,2.5833333333333335,34.92481602242702,0.760977903400952,0.9204547098970092,36.0,53.33333333333334,1,12,peak_load_fraction
29,40.0,9.0,14.666666666666666,3.333333333333333,0.006666666666666668,1.1666666666666665,0.8333333333333334,1.0,26.66666666666667,1.0,0.0010000000000000002,1.5,0.8999999999999999,5.000000000000001,0.1,True,,resolved_oscillation,1.0,344.3333333333333,8.608333333333333,0.0014299108342226456,0.9505782702810849,190.60723440045038,9.420139221008956,179.88582991438759,117.0010908636652,0.6214908034849952,0.3328149300155521,6437.038746152754,408.66252873158834,13.640151870990863,0.026216116337679642,0.0019219812642581099,0.5896467451677405,2.283333333333333,29.763433495098653,0.7717260656897541,0.9125281856528665,36.0,53.33333333333334,1,13,oscillator_translation_scale
30,40.0,9.0,14.666666666666666,3.333333333333333,0.006666666666666668,0.5,0.8333333333333334,1.0,26.66666666666667,1.0,0.0010000000000000002,1.5,0.8999999999999999,5.000000000000001,0.1,True,,resolved_oscillation,1.0,252.64705882352942,6.3161764705882355,0.0019497245895744148,0.6449026856051254,37.03920689943337,13.152522897304898,57.50571633031435,26.578053456072734,0.5749126891734575,0.22772717173961343,4787.291235879611,1545.2980159920164,10.516499924541552,0.9965862443586548,0.0947640613806308,1.0,2.0166666666666666,23.2933918143685,0.8240017533782699,0.908171082136801,36.0,53.33333333333334,1,14,oscillator_tx_scale
31,40.0,9.0,14.666666666666666,3.333333333333333,0.006666666666666668,0.5,0.8333333333333334,2.9240177382128656,26.66666666666667,1.0,0.0010000000000000002,1.5,0.8999999999999999,5.000000000000001,0.1,True,,resolved_oscillation,1.0,405.9,10.147499999999999,0.0007790780143307168,0.970178896503092,273.2590273629017,8.148885736453504,249.82652665032907,185.14612404883482,0.6306972160630697,0.34325705398800266,7164.303890524398,253.87079371341807,14.454570238788358,0.023128177095643944,0.001600059822849679,0.552099533437014,2.65,36.46057943655275,0.7580964164930286,0.9105230701623102,36.0,53.33333333333334,1,15,oscillator_mrna_total_half_life_min
32,40.0,11.0,14.666666666666666,3.333333333333333,0.02,0.8333333333333333,1.1666666666666665,1.0,53.33333333333333,0.8333333333333333,0.02,1.1666666666666665,0.5999999999999999,5.000000000000001,0.19999999999999998,True,,resolved_oscillation,1.0,300.7857142857143,7.519642857142857,0.0014156766541839187,0.9104174349380532,138.6093306692787,12.41697938287357,160.96615593394347,51.38403649981087,0.60774162906673,0.24927793823594757,2996.355734642172,421.4181364678565,6.619870799881943,0.2816235948308035,0.04254215880403979,0.6203065985336592,2.025,13.711437135869005,0.7507304959346629,0.8968397357893129,44.0,88.88888888888887,2,0,START
33,40.0,11.0,14.666666666666666,3.333333333333333,0.006666666666666668,0.8333333333333333,1.1666666666666665,1.0,53.33333333333333,0.8333333333333333,0.02,1.1666666666666665,0.5999999999999999,5.000000000000001,0.19999999999999998,True,,resolved_oscillation,1.0,342.8333333333333,8.570833333333333,0.0011353898067499122,0.954405531109339,212.55997455144316,9.691559147085448,199.08427091609244,106.91555900561339,0.6088964511424404,0.3428127082870473,3740.1696734226107,386.77131627853373,7.80443316142523,0.2757055591204378,0.035326788431370076,0.6056431904021329,2.3666666666666667,18.460674142000048,0.7061261099394519,0.8767827434467851,44.0,88.88888888888887,2,1,oscillator_promoter_leak
34,40.0,11.0,14.666666666666666,2.0,0.006666666666666668,0.8333333333333333,1.1666666666666665,1.0,53.33333333333333,0.8333333333333333,0.02,1.1666666666666665,0.5999999999999999,5.000000000000001,0.19999999999999998,True,,resolved_oscillation,1.0,243.33333333333334,6.083333333333334,0.003151910913071385,0.6765516138851063,60.487036266641745,19.564434261318322,107.16656515958938,30.378932576925614,0.6493150684931507,0.0,2063.2483087129012,946.8369613016106,4.28795333849559,1.0076201701807623,0.23498860426832013,1.0,1.95,10.281886526470826,0.8385382382143826,0.9047556759232319,44.0,88.88888888888887,2,2,hill_n
35,40.0,11.0,14.666666666666666,2.0,0.006666666666666668,0.8333333333333333,0.5,1.0,53.33333333333333,0.8333333333333333,0.02,1.1666666666666665,0.5999999999999999,5.000000000000001,0.19999999999999998,True,,steady_state,0.0,,,,,19.07420120962307,19.065400818798505,57.425221831882965,10.31465962284463,,0.0,2565.9091862199202,2565.081465907997,4.430285577743811,4.428151575143147,0.9995183148889129,1.0,,,0.8331787549612434,0.8332021058833933,44.0,88.88888888888887,2,3,oscillator_translation_scale
36,40.0,11.0,14.666666666666666,2.0,0.006666666666666668,0.8333333333333333,0.5,1.0,53.33333333333333,0.8333333333333333,0.02,1.1666666666666665,0.5999999999999999,5.000000000000001,0.0,True,,steady_state,0.0,,,,,21.482229119213507,21.449032122161853,59.250604412114896,11.767040360538795,,0.0,2662.539266624902,2658.0639318672315,4.597278555414957,4.587313135236505,0.9978323218707915,1.0,,,1.0,1.0,44.0,88.88888888888887,2,4,peak_load_fraction
37,40.0,11.0,14.666666666666666,2.0,0.006666666666666668,0.8333333333333333,0.5,1.0,53.33333333333333,0.8333333333333333,0.02,1.1666666666666665,0.5999999999999999,1.0772173450159421,0.0,True,,steady_state,0.0,,,,,21.482231404229033,21.44903257448009,59.250606474154175,11.767041766884063,,0.0,573.6330386114228,572.6590707876782,0.9903012422314523,0.9882963352740203,0.997975457495222,1.0,,,1.0,1.0,44.0,88.88888888888887,2,5,c31_mrna_total_half_life_min
38,40.0,11.0,14.666666666666666,2.0,0.006666666666666668,0.8333333333333333,0.5,1.0,53.33333333333333,0.8333333333333333,0.02,0.5,0.5999999999999999,1.0772173450159421,0.0,True,,steady_state,0.0,,,,,21.482228626347528,21.449032992402124,59.250602597612335,11.767040186054329,,0.0,245.84271537650372,245.4253513753918,0.4244148054953277,0.4235556433616846,0.9979756546602083,0.0,,,1.0,1.0,44.0,88.88888888888887,2,6,c31_tx_scale
39,40.0,11.0,8.0,2.0,0.006666666666666668,0.8333333333333333,0.5,1.0,53.33333333333333,0.8333333333333333,0.02,0.5,0.5999999999999999,1.0772173450159421,0.0,True,,steady_state,0.0,,,,,13.850240588016446,13.75275019817765,47.289692063268866,6.351810863764351,,0.0,198.22136299505488,196.72701293588761,0.34205261052728075,0.33872523715874564,0.9902723345294576,0.0,3.15,,1.0,1.0,44.0,88.88888888888887,2,7,K_copies
40,40.0,11.0,8.0,2.0,0.006666666666666668,0.8333333333333333,0.5,1.0,53.33333333333333,0.5,0.02,0.5,0.5999999999999999,1.0772173450159421,0.0,True,,resolved_oscillation,1.0,254.8,6.37,0.001755155398351483,0.10866173273686779,16.055017564522853,14.310451536840953,42.769728520803596,8.572993059164673,0.6648351648351648,0.0,180.22191757053452,164.52820126021516,0.3236033385248529,0.2745661217576453,0.8484650467737942,0.0,2.6083333333333334,1.2560158896615548,1.0,1.0,44.0,53.33333333333333,2,8,sponge_accessible_fraction
41,40.0,11.0,8.0,2.0,0.006666666666666668,1.5,0.5,1.0,53.33333333333333,0.5,0.02,0.5,0.5999999999999999,1.0772173450159421,0.0,True,,resolved_oscillation,1.0,247.58823529411765,6.189705882352941,0.0020489651117439225,0.8089840678027058,53.24670327035117,10.170968661618842,94.57965078349929,21.70880472379608,0.6341173675457353,0.0,219.1310504318348,65.81072000257569,0.503764840602766,0.053221180048543926,0.10564687282435903,0.003554765607642746,1.6666666666666667,0.970191580883343,1.0,1.0,44.0,53.33333333333333,2,9,oscillator_tx_scale
42,40.0,7.0,8.0,2.0,0.006666666666666668,1.5,0.5,1.0,53.33333333333333,0.5,0.02,0.5,0.5999999999999999,1.0772173450159421,0.0,True,,resolved_oscillation,1.0,233.66666666666666,5.841666666666667,0.006398388030782329,0.46589743665789257,24.125436665860757,12.885457564983897,52.00933244572393,12.677898959658558,0.6573466476462198,0.0,121.36149725383261,72.49464665328853,0.23782949442559015,0.09521826294014855,0.4003635594908921,0.0,3.1333333333333333,0.6172603598965336,1.0,1.0,28.0,53.33333333333333,2,10,oscillator_plasmid_copies
43,40.0,7.0,8.0,2.0,0.006666666666666668,1.5,0.5,1.0,0.0,0.5,0.02,0.5,0.5999999999999999,1.0772173450159421,0.0,True,,resolved_oscillation,1.0,238.27777777777777,5.956944444444444,0.006721877196725761,0.6612023390025146,36.056419981654706,12.215830753727612,48.924176857713576,24.22096416478318,0.652599673583586,0.0,114.53341646615583,49.08254597694431,0.25539868554456313,0.0536679356759611,0.210133954141267,0.0,1.7,0.5216832816309516,1.0,1.0,28.0,0.0,2,11,sponge_plasmid_copies
44,40.0,7.0,8.0,2.0,0.006666666666666668,1.5,0.5,1.0,0.0,0.5,0.002714417616594907,0.5,0.5999999999999999,1.0772173450159421,0.0,True,,resolved_oscillation,1.0,238.27777777777777,5.956944444444444,0.006721877196725761,0.6612023619630069,36.056421312970876,12.215830376901232,48.924178370624084,24.22096500261061,0.652599673583586,0.0,108.24879122293687,41.643470826778575,0.245565278735716,0.04027631930155912,0.16401471539022253,0.0,1.7,0.47424892435180144,1.0,1.0,28.0,0.0,2,12,c31_promoter_leak
45,40.0,7.0,8.0,2.0,0.006666666666666668,1.5,0.5,2.9240177382128656,0.0,0.5,0.002714417616594907,0.5,0.5999999999999999,1.0772173450159421,0.0,True,,resolved_oscillation,1.0,329.3076923076923,8.232692307692307,0.0014587708475586071,0.9176269786061794,124.60104776552377,10.263764773281968,163.55634561026804,74.69583594948418,0.643774818967531,0.0,124.45398950115687,11.662350646735877,0.3083728620844812,0.005537979612611067,0.01795871262852531,0.0,1.5083333333333333,0.5085599211227387,1.0,1.0,28.0,0.0,2,13,oscillator_mrna_total_half_life_min
46,53.33333333333333,7.0,8.0,2.0,0.006666666666666668,1.5,0.5,2.9240177382128656,0.0,0.5,0.002714417616594907,0.5,0.5999999999999999,1.0772173450159421,0.0,True,,resolved_oscillation,1.0,407.9,7.648125,0.003735925292363312,0.8894749032927628,117.04962107228657,12.936920688559937,156.40277345105937,71.54211775472153,0.6417013974013239,0.0,118.15343505302074,14.307224398596905,0.22635382409086324,0.005977651650277998,0.026408441184004212,0.0,1.8333333333333333,0.4569423955657076,1.0,1.0,28.0,0.0,2,14,Td_min
47,53.33333333333333,7.0,8.0,2.0,0.006666666666666668,1.5,0.5,2.9240177382128656,0.0,0.5,0.002714417616594907,0.5,1.2,1.0772173450159421,0.0,True,,resolved_oscillation,1.0,407.9,7.648125,0.003735925292363312,0.8894749200282258,117.04963021635565,12.936919740329305,156.40279207211492,71.54212024100595,0.6417013974013239,0.0,236.30689856896885,28.614447883607284,0.4527077225234787,0.01195530211742037,0.02640843423385678,0.0,1.8333333333333333,0.9138848240625226,1.0,1.0,28.0,0.0,2,15,c31_translation_scale
48,60.0,13.0,11.333333333333332,2.6666666666666665,0.0,0.5,0.8333333333333333,1.7099759466766968,26.666666666666664,1.0,0.002714417616594907,0.8333333333333333,0.8999999999999999,0.5,0.09999999999999999,True,,resolved_oscillation,1.0,601.5714285714286,10.026190476190475,0.000888543668196139,0.981812475646602,351.487523455729,6.392687892766609,363.05772019037937,181.68183524028558,0.6167181192115887,0.2852699400133304,995.9337354511309,30.840680243289217,1.406152736763661,0.004938774268478017,0.003512260182947751,0.35992001777382804,3.45,4.628037228835589,0.9764674161623654,0.9927419159569777,52.0,53.33333333333333,3,0,START
49,60.0,13.0,11.333333333333332,2.6666666666666665,0.0,0.5,0.8333333333333333,1.7099759466766968,26.666666666666664,1.0,0.002714417616594907,0.8333333333333333,0.8999999999999999,2.3207944168063896,0.09999999999999999,True,,resolved_oscillation,1.0,597.7142857142857,9.96190476190476,0.0008163600036615359,0.9817720351851519,347.8050300067006,6.339777849389376,339.0454015000185,179.86604418277045,0.6227891969407267,0.28838035992001776,4314.783228527973,144.39695679346326,6.030430000368723,0.022943035061478396,0.003804543798713454,0.44678960231059767,3.5416666666666665,20.3435620852861,0.8990781044971822,0.9681025123822148,52.0,53.33333333333333,3,1,c31_mrna_total_half_life_min
50,60.0,13.0,11.333333333333332,2.6666666666666665,0.0,0.5,0.8333333333333333,1.7099759466766968,26.666666666666664,1.0,0.002714417616594907,0.8333333333333333,0.3,2.3207944168063896,0.09999999999999999,True,,resolved_oscillation,1.0,601.1428571428571,10.019047619047619,0.0006287431822872125,0.9818065912212407,350.91394657041485,6.3843208761232475,359.2350037582722,181.41238863681386,0.6171577946768061,0.2859364585647634,1523.8367242493641,47.94180829996042,2.1483022050146254,0.007642735031866752,0.003557569793498732,0.3948011552988225,3.466666666666667,7.101522778843294,0.9640472187506194,0.988856230978893,52.0,53.33333333333333,3,2,c31_translation_scale
51,60.0,13.0,18.0,2.6666666666666665,0.0,0.5,0.8333333333333333,1.7099759466766968,26.666666666666664,1.0,0.002714417616594907,0.8333333333333333,0.3,2.3207944168063896,0.09999999999999999,True,,resolved_oscillation,1.0,536.2857142857143,8.938095238095238,0.0009098695405753505,0.965237545665782,320.8059893352952,11.152003554411799,330.3443453417062,190.59822061083784,0.6279302077783696,0.28149300155520995,1401.734750215049,71.9318871629099,2.04694522376511,0.008605940108541541,0.004204284515592434,0.41835147744945567,3.1166666666666667,6.173516097920876,0.9657434723626368,0.9887778932079889,52.0,53.33333333333333,3,3,K_copies
52,60.0,13.0,18.0,2.6666666666666665,0.0,0.5,1.5,1.7099759466766968,26.666666666666664,1.0,0.002714417616594907,0.8333333333333333,0.3,2.3207944168063896,0.09999999999999999,True,,resolved_oscillation,1.0,664.0,11.066666666666666,0.0,0.9867969734104844,695.6625630077507,9.184851316721803,685.5701494698659,454.56965869147393,0.6355421686746988,0.2754943345923128,1615.2678007602235,35.407544867996194,2.2371262855172507,0.00751487862636245,0.0033591660314450772,0.3781381915129971,3.6166666666666667,7.746762223813119,0.9625607087388836,0.9890050889757407,52.0,53.33333333333333,3,4,oscillator_translation_scale
53,60.0,13.0,18.0,4.0,0.0,0.5,1.5,1.7099759466766968,26.666666666666664,1.0,0.002714417616594907,0.8333333333333333,0.3,2.3207944168063896,0.09999999999999999,True,,resolved_oscillation,1.0,782.8,13.046666666666665,0.0005712999431527313,0.9911689062452193,831.5065595585093,7.343112385176339,835.8508568965572,738.7050752443622,0.6176545733265202,0.3563652521661853,1968.0691080675826,20.374916359976506,2.5256576179085104,0.00735687262395218,0.002912854288636472,0.4236836258609198,4.541666666666667,10.803487202112736,0.9577320101261646,0.9855993795916846,52.0,53.33333333333333,3,5,hill_n
54,60.0,13.0,18.0,4.0,0.0,0.5,1.5,1.7099759466766968,26.666666666666664,1.0,0.002714417616594907,0.8333333333333333,0.3,2.3207944168063896,0.3,True,,resolved_oscillation,1.0,776.2,12.936666666666667,0.0005761576855191419,0.9912105900183902,826.242594945992,7.262184911249478,752.3728193657512,735.8801040993978,0.6248389590311775,0.359253499222395,1771.5773209948202,20.44200629048278,2.255768651921091,0.007354300982105932,0.0032602195157924343,0.4230171073094868,4.658333333333333,9.897504943672395,0.8543879221085535,0.9492819857843704,52.0,53.33333333333333,3,6,peak_load_fraction
55,60.0,13.0,18.0,4.0,0.0,0.5,1.5,4.999999999999999,26.666666666666664,1.0,0.002714417616594907,0.8333333333333333,0.3,2.3207944168063896,0.3,True,,resolved_oscillation,1.0,1043.0,17.383333333333333,0.0,0.9984599651662416,2714.705889274039,4.180741632891094,2370.2929368950704,2584.2083913320735,0.6375838926174496,0.31370806487447234,1909.71556569018,8.615967523608294,2.301073176665537,0.007353696412149661,0.0031957681688358263,0.35814263497000665,6.033333333333333,13.169863746416684,0.8514634706226684,0.9546352031474293,52.0,53.33333333333333,3,7,oscillator_mrna_total_half_life_min
56,60.0,9.0,18.0,4.0,0.0,0.5,1.5,4.999999999999999,26.666666666666664,1.0,0.002714417616594907,0.8333333333333333,0.3,2.3207944168063896,0.3,True,,resolved_oscillation,1.0,975.0,16.25,0.0,0.9974834398201936,1849.4060151048734,4.654141533907265,1695.1398021332807,1756.2578203346554,0.6358974358974359,0.34881137524994443,1366.0547276981815,6.9796465010932245,1.66701933933679,0.005091777490242822,0.0030544201678359313,0.3874694512330593,5.566666666666666,8.815202043261442,0.892392267407683,0.9637766264259143,36.0,53.33333333333333,3,8,oscillator_plasmid_copies
57,60.0,9.0,18.0,4.0,0.0,0.5,1.5,4.999999999999999,26.666666666666664,0.6666666666666667,0.002714417616594907,0.8333333333333333,0.3,2.3207944168063896,0.3,True,,resolved_oscillation,1.0,985.3333333333334,16.422222222222224,0.000585944116227631,0.9977349755722108,1863.958373871359,4.221911249201048,1699.4305294316223,1789.2562210826711,0.6407307171853857,0.3314818929126861,1369.532149403567,6.78468170695088,1.6691694861145376,0.005091776971935926,0.0030504852948087806,0.36925127749389025,5.516666666666667,8.78122822901339,0.8922534733253141,0.9654621531729705,36.0,35.55555555555556,3,9,sponge_accessible_fraction
58,46.66666666666667,9.0,18.0,4.0,0.0,0.5,1.5,4.999999999999999,26.666666666666664,0.6666666666666667,0.002714417616594907,0.8333333333333333,0.3,2.3207944168063896,0.3,True,,resolved_oscillation,1.0,734.4,15.737142857142855,0.00074580958265954,0.9968127485722764,1428.649959003558,4.553466621551227,1311.928208057584,1368.5051608696056,0.6389569716775599,0.34903354810042214,1057.8926209589702,5.97749951355226,1.667537201383595,0.005091807928594898,0.0030534898558005814,0.38658075983114865,4.183333333333334,6.6331885745945325,0.8923588389048831,0.9635257579893861,36.0,35.55555555555556,3,10,Td_min
59,46.66666666666667,9.0,18.0,4.0,0.0,0.5,1.5,4.999999999999999,80.0,0.6666666666666667,0.002714417616594907,0.8333333333333333,0.3,2.3207944168063896,0.3,True,,resolved_oscillation,1.0,705.4,15.115714285714283,0.0007764708782324443,0.9956310691609688,1366.5863724120059,5.970521346630703,1297.7912041903367,1249.7325919381567,0.6214913524241565,0.3570317707176183,1046.4490218743026,6.873517997634956,1.6556837425621658,0.005091817103538882,0.0030753561037322923,0.39991113085980895,4.283333333333333,6.674809468618268,0.8931239912921721,0.9631431945163135,36.0,106.66666666666669,3,11,sponge_plasmid_copies
60,46.66666666666667,9.0,18.0,4.0,0.013333333333333332,0.5,1.5,4.999999999999999,80.0,0.6666666666666667,0.002714417616594907,0.8333333333333333,0.3,2.3207944168063896,0.3,True,,resolved_oscillation,1.0,519.8571428571429,11.139795918367346,0.0007270544960331383,0.9553744777371995,327.88911818797334,14.632223143427428,811.6731086507917,110.07973298206078,0.5645781808189063,0.23283714730059987,649.6926516672346,10.805232109902636,1.2048576318717892,0.005108792232233513,0.004240162569495304,0.3377027327260609,2.6333333333333333,3.033590021631044,0.9222252586980467,0.9766505211779649,36.0,106.66666666666669,3,12,oscillator_promoter_leak
61,46.66666666666667,9.0,18.0,4.0,0.013333333333333332,0.5,1.5,4.999999999999999,80.0,0.6666666666666667,0.002714417616594907,1.5,0.3,2.3207944168063896,0.3,True,,resolved_oscillation,1.0,514.7142857142857,11.029591836734692,0.0009480017361420668,0.9562435030278362,331.9391663274779,14.524495126350846,772.7193626139305,110.55420385117733,0.5723563696919235,0.23194845589868918,1113.1312590285313,19.36490176797862,2.057424954865942,0.0091919296606952,0.004467686483026123,0.3812486114196845,2.6333333333333333,5.159628739979576,0.8671912021968174,0.9600585812288883,36.0,106.66666666666669,3,13,c31_tx_scale
62,46.66666666666667,9.0,18.0,4.0,0.013333333333333332,0.5,1.5,4.999999999999999,80.0,0.6666666666666667,0.02,1.5,0.3,2.3207944168063896,0.3,True,,resolved_oscillation,1.0,515.5714285714286,11.047959183673468,0.001036757380652242,0.956620998183228,334.12073464276574,14.49382395508976,774.2232553084826,111.40599687894913,0.5725685785536159,0.238169295712064,1131.3314825652012,58.292898938192934,2.074906205358196,0.06728618018218635,0.03242854062917536,0.38813596978449233,2.6333333333333333,5.570288675107265,0.8660627703400534,0.956991418433628,36.0,106.66666666666669,3,14,c31_promoter_leak
63,46.66666666666667,9.0,18.0,4.0,0.013333333333333332,1.1666666666666665,1.5,4.999999999999999,80.0,0.6666666666666667,0.02,1.5,0.3,2.3207944168063896,0.3,True,,steady_state,0.0,,,,,22.56319768439887,22.563197190052236,1026.566112077349,45.968518674885914,,0.0,647.7137381074266,647.7136048762101,0.958522127343862,0.9585220691166872,0.9999999392531762,1.0,,,0.938126457006748,0.938126458325653,36.0,106.66666666666669,3,15,oscillator_tx_scale
64,53.33333333333333,11.0,14.666666666666666,2.6666666666666665,0.006666666666666666,1.5,1.1666666666666665,1.7099759466766968,53.33333333333333,0.8333333333333333,0.007368062997280772,0.8333333333333333,0.5999999999999999,0.5,0.09999999999999999,True,,resolved_oscillation,1.0,558.1428571428571,10.465178571428572,0.0006771823166277426,0.9800432166643726,574.0736643268755,11.456663737661218,882.1075874315991,192.7790966211808,0.6037880726900435,0.19684514552321705,383.9055018308162,11.75796065711397,0.6465832783494285,0.007335806460396173,0.011345493621676578,0.19062430570984226,2.6333333333333333,1.6806713125013768,0.9891791447629007,0.9969993811248022,44.0,88.88888888888887,4,0,START
65,53.33333333333333,7.0,14.666666666666666,2.6666666666666665,0.006666666666666666,1.5,1.1666666666666665,1.7099759466766968,53.33333333333333,0.8333333333333333,0.007368062997280772,0.8333333333333333,0.5999999999999999,0.5,0.09999999999999999,True,,resolved_oscillation,1.0,547.0,10.256250000000001,0.0,0.9792002487621989,499.5414372473211,10.390337627717905,623.0773412636515,199.07555482469803,0.6160877513711152,0.23105976449677848,271.12637844244614,9.063948399697177,0.44748174842249105,0.004684317265011902,0.01046817502954152,0.0,2.7666666666666666,1.2148471795109572,0.9925111963407334,0.9978295846223904,28.0,88.88888888888887,4,1,oscillator_plasmid_copies
66,53.33333333333333,7.0,14.666666666666666,2.6666666666666665,0.006666666666666666,1.5,1.1666666666666665,1.7099759466766968,53.33333333333333,0.8333333333333333,0.007368062997280772,0.8333333333333333,0.5999999999999999,2.3207944168063896,0.09999999999999999,True,,resolved_oscillation,1.0,545.875,10.235156250000001,0.0006476819612425441,0.9792546565570673,498.68134261381465,10.345315721106395,610.6579940939625,198.7776458950389,0.6182734142431875,0.2323928015996445,1232.3626059436874,42.20628055489662,2.026905679839479,0.02173816540173946,0.010724803634405434,0.3648078204843368,2.783333333333333,5.544172217728546,0.9660788429345304,0.9900939506433414,28.0,88.88888888888887,4,2,c31_mrna_total_half_life_min
67,40.0,7.0,14.666666666666666,2.6666666666666665,0.006666666666666666,1.5,1.1666666666666665,1.7099759466766968,53.33333333333333,0.8333333333333333,0.007368062997280772,0.8333333333333333,0.5999999999999999,2.3207944168063896,0.09999999999999999,True,,resolved_oscillation,1.0,396.3,9.9075,0.0012188894563200806,0.9758537755639964,410.72229458695824,9.917392705967071,475.2800036356274,176.31637867937457,0.6194801917739087,0.25327704954454566,958.8607413123317,37.80673085383393,2.0859951465805517,0.02190113223491325,0.010499129046783488,0.38880248833592534,2.15,4.370784770845019,0.9650899547478843,0.9892223508800981,28.0,88.88888888888887,4,3,Td_min
68,40.0,7.0,14.666666666666666,2.6666666666666665,0.006666666666666666,1.5,1.1666666666666665,1.7099759466766968,53.33333333333333,0.8333333333333333,0.007368062997280772,0.8333333333333333,0.5999999999999999,2.3207944168063896,0.3,True,,resolved_oscillation,1.0,393.2,9.83,0.0010723220278631331,0.9759929106005186,407.3445247668119,9.779156422466114,441.2828522544105,174.99600966527035,0.628179043743642,0.26349700066651854,890.3350378695742,37.887702283560074,1.9127608931943267,0.021887214354644385,0.011442734129770163,0.3994667851588536,2.2,4.111722605063625,0.8765294091970259,0.9600283416403793,28.0,88.88888888888887,4,4,peak_load_fraction
69,40.0,7.0,14.666666666666666,2.6666666666666665,0.006666666666666666,1.5,1.1666666666666665,1.7099759466766968,0.0,0.8333333333333333,0.007368062997280772,0.8333333333333333,0.5999999999999999,2.3207944168063896,0.3,True,,resolved_oscillation,1.0,423.8,10.595,0.000994896227833374,0.9727029415762587,389.6777536122026,10.63705640678456,404.6453240582906,278.62046377465117,0.6559697970740915,0.1919573428127083,816.3509599882135,31.141173647216696,1.8119966370386353,0.02193912788273144,0.01210770894066712,0.3265940902021773,1.9666666666666666,3.6172585148120158,0.8830338407146467,0.9684085232416124,28.0,0.0,4,5,sponge_plasmid_copies
70,40.0,7.0,14.666666666666666,4.0,0.006666666666666666,1.5,1.1666666666666665,1.7099759466766968,0.0,0.8333333333333333,0.007368062997280772,0.8333333333333333,0.5999999999999999,2.3207944168063896,0.3,True,,resolved_oscillation,1.0,554.1428571428571,13.853571428571428,0.0006820704591556047,0.9886151292896669,655.1853689757231,7.459200717090556,593.7519855941742,581.2414202818346,0.6546145913895334,0.29260164407909356,1197.7397513119927,18.669925155318158,2.325318456347564,0.021477572292711106,0.009236400388119943,0.3648078204843368,2.9,6.522892488876076,0.8498984140506869,0.9550757373783361,28.0,0.0,4,6,hill_n
71,40.0,7.0,8.0,4.0,0.006666666666666666,1.5,1.1666666666666665,1.7099759466766968,0.0,0.8333333333333333,0.007368062997280772,0.8333333333333333,0.5999999999999999,2.3207944168063896,0.3,True,,resolved_oscillation,1.0,584.8571428571429,14.621428571428572,0.0006462509308902272,0.9903174935574587,502.0085138140245,4.860700669214906,562.4903490991102,342.58631019126295,0.6369076697606253,0.2803821373028216,1134.792305742137,16.03644207252743,2.2043754325549316,0.021477030062603427,0.009742909372615788,0.357920462119529,3.0,6.344837833368598,0.857705404801233,0.958319562364907,28.0,0.0,4,7,K_copies
72,40.0,7.0,8.0,4.0,0.02,1.5,1.1666666666666665,1.7099759466766968,0.0,0.8333333333333333,0.007368062997280772,0.8333333333333333,0.5999999999999999,2.3207944168063896,0.3,True,,resolved_oscillation,1.0,277.0,6.925,0.0,0.031073148280153163,19.78422297976054,19.169464885502826,40.06292996099089,18.14175179112458,0.6669675090252708,0.0,60.230502737815804,56.82165954106351,0.10624447667347449,0.09636079053439622,0.9069722356536782,0.0,2.6166666666666667,0.4635099086700721,0.9931418148755021,0.993517852297659,28.0,0.0,4,8,oscillator_promoter_leak
73,40.0,7.0,8.0,4.0,0.02,0.8333333333333334,1.1666666666666665,1.7099759466766968,0.0,0.8333333333333333,0.007368062997280772,0.8333333333333333,0.5999999999999999,2.3207944168063896,0.3,True,,resolved_oscillation,1.0,378.54545454545456,9.463636363636365,0.0013795779650667694,0.9166952656009264,92.53713388838567,7.708781360623475,170.6225491828355,41.010034357597135,0.5906820365033622,0.10242168407020662,606.8326428560697,26.83064613668138,1.4287861698942415,0.021639148221049922,0.015145127155487268,0.3194845589868918,1.7333333333333334,2.5072468108289496,0.9077704520436168,0.9741239615182636,28.0,0.0,4,9,oscillator_tx_scale
74,40.0,7.0,8.0,4.0,0.02,0.8333333333333334,1.1666666666666665,1.7099759466766968,0.0,0.8333333333333333,0.007368062997280772,1.5,0.5999999999999999,2.3207944168063896,0.3,True,,resolved_oscillation,1.0,375.6363636363636,9.39090909090909,0.001343120709149236,0.9194235798424792,94.28201948286058,7.596907615150524,163.60424179145443,41.38282199594128,0.5989835430784124,0.11686291935125527,1047.832821116282,48.067044259512116,2.4487773490538443,0.03888593376373018,0.01587973434120292,0.36214174627860474,1.75,4.316084124503742,0.8419290214953693,0.9554388139413585,28.0,0.0,4,10,c31_tx_scale
75,40.0,7.0,8.0,4.0,0.02,0.8333333333333334,0.5,1.7099759466766968,0.0,0.8333333333333333,0.007368062997280772,1.5,0.5999999999999999,2.3207944168063896,0.3,True,,resolved_oscillation,1.0,394.6363636363636,9.86590909090909,0.0012784553720812354,0.9535665376012595,115.12640310212956,5.345717509544962,108.39653971275084,74.88674076162808,0.6366620594333102,0.29660075538769165,1641.915873208642,71.78128261774955,3.4160352541075527,0.03873738380111786,0.011339866517635836,0.4405687624972228,2.3666666666666667,7.8036395791799995,0.7794915754869544,0.9260124504233306,28.0,0.0,4,11,oscillator_translation_scale
76,40.0,7.0,8.0,4.0,0.02,0.8333333333333334,0.5,1.7099759466766968,0.0,0.8333333333333333,0.0010000000000000002,1.5,0.5999999999999999,2.3207944168063896,0.3,True,,resolved_oscillation,1.0,394.6363636363636,9.86590909090909,0.0012784553720812354,0.9536397899619714,115.30910982372609,5.345754550726046,108.44641526823828,74.94780158838022,0.6366620594333102,0.2954898911353033,1637.2453228159316,52.8514102283729,3.412621513745902,0.0053746692674081125,0.0015749385760358016,0.43812486114196847,2.3666666666666667,7.653615906109284,0.7797119357739096,0.9275120568039306,28.0,0.0,4,12,c31_promoter_leak
77,40.0,7.0,8.0,4.0,0.02,0.8333333333333334,0.5,1.7099759466766968,0.0,0.5,0.0010000000000000002,1.5,0.5999999999999999,2.3207944168063896,0.3,True,,resolved_oscillation,1.0,394.6363636363636,9.86590909090909,0.0012784553720812354,0.9536397899619714,115.30910982372609,5.345754550726046,108.44641526823828,74.94780158838022,0.6366620594333102,0.2954898911353033,1637.2453228159316,52.8514102283729,3.412621513745902,0.0053746692674081125,0.0015749385760358016,0.43812486114196847,2.3666666666666667,7.653615906109284,0.7797119357739096,0.9275120568039306,28.0,0.0,4,13,sponge_accessible_fraction
78,40.0,7.0,8.0,4.0,0.02,0.8333333333333334,0.5,1.7099759466766968,0.0,0.5,0.0010000000000000002,1.5,1.2,2.3207944168063896,0.3,True,,resolved_oscillation,1.0,385.6363636363636,9.64090909090909,0.0013082920250364553,0.954306206173621,113.686275807095,5.194757247618259,91.55237360633375,73.98536074862734,0.6541136256482791,0.32059542323928014,2764.5876750606535,107.09700526305073,5.658207385023504,0.010760018643814285,0.0019016656533824782,0.49522328371473007,2.466666666666667,13.192483257265517,0.6347571663555408,0.8668285039830191,28.0,0.0,4,14,c31_translation_scale
79,40.0,7.0,8.0,4.0,0.02,0.8333333333333334,0.5,4.999999999999999,0.0,0.5,0.0010000000000000002,1.5,1.2,2.3207944168063896,0.3,True,,resolved_oscillation,1.0,384.72727272727275,9.618181818181819,0.0012141051586640008,0.8870756281115475,70.61843340056217,7.974542235504995,166.97064469370625,33.734402900186275,0.6121219281663516,0.0282159520106643,1689.2106699682452,47.10726676428254,3.937884364281626,0.012232478074427533,0.0031063578670266667,0.373472561652966,1.7666666666666666,6.804455807032264,0.7458057038380442,0.9329726595987506,28.0,0.0,4,15,oscillator_mrna_total_half_life_min
80,46.666666666666664,7.0,14.666666666666666,2.0,0.006666666666666666,0.5,1.5,1.0,80.0,0.6666666666666666,0.02,1.1666666666666665,0.5999999999999999,2.3207944168063896,0.19999999999999998,True,,resolved_oscillation,1.0,321.0,6.878571428571429,0.0,0.04538104351796497,25.256104976221707,24.109956577201498,63.47726104101641,14.266364494324353,0.6635514018691588,0.0,741.3549799870716,716.293809536025,1.1145051050213908,1.0486267156631301,0.940890006639318,1.0,3.15,5.748004724535243,0.9580336016811803,0.9595254496418424,28.0,106.66666666666666,5,0,START
81,60.0,7.0,14.666666666666666,2.0,0.006666666666666666,0.5,1.5,1.0,80.0,0.6666666666666666,0.02,1.1666666666666665,0.5999999999999999,2.3207944168063896,0.19999999999999998,True,,resolved_oscillation,1.0,367.5,6.125,0.002908965898366524,0.30797806611764567,35.09534056642835,24.286745449039586,79.46839301397712,19.264515181748244,0.6639455782312925,0.0,929.2166107874062,666.607963641523,1.1036814967953188,0.6606665359686161,0.5986025297034936,1.0,4.516666666666667,5.435276308994011,0.9584411618188735,0.9665688812094844,28.0,106.66666666666666,5,1,Td_min
82,60.0,7.0,14.666666666666666,2.0,0.006666666666666666,0.5,1.5,1.0,80.0,0.6666666666666666,0.02,1.1666666666666665,0.5999999999999999,0.5,0.19999999999999998,True,,resolved_oscillation,1.0,363.75,6.0625,0.002436852949630016,0.3158741132102476,35.820325186180334,24.505611733092923,80.72877531737562,19.688672553381526,0.6639175257731958,0.0,203.54318274108564,143.5165297928332,0.24291142775009922,0.14074138988374638,0.579393860500204,0.0,,1.1663122065579263,0.9908532337023632,0.9927520814232712,28.0,106.66666666666666,5,2,c31_mrna_total_half_life_min
83,60.0,7.0,14.666666666666666,2.0,0.006666666666666666,0.5,1.5,1.0,80.0,0.6666666666666666,0.02,1.1666666666666665,0.5999999999999999,0.5,0.0,True,,resolved_oscillation,1.0,362.875,6.047916666666667,0.002731053968901453,0.3176865495775675,36.01047146234086,24.57042903480833,81.01937618695445,19.80353082866808,0.6634516017912505,0.0,204.31328357917482,143.52183094849406,0.24426961643410572,0.14037186482496933,0.5746595375804182,0.0,,1.1653067163772564,1.0,1.0,28.0,106.66666666666666,5,3,peak_load_fraction
84,60.0,7.0,14.666666666666666,2.0,0.006666666666666666,0.5,1.5,1.0,80.0,1.0,0.02,1.1666666666666665,0.5999999999999999,0.5,0.0,True,,resolved_oscillation,1.0,399.0,6.65,0.002506265664160401,0.11965402155574603,27.98044425910874,24.632471578589993,80.09604493798292,14.389172888954798,0.6641604010025062,0.0,202.15310874166863,182.97853046207533,0.24342892007903946,0.20357418993377968,0.8362777515000303,0.0,3.85,1.4567076453666759,1.0,1.0,28.0,160.0,5,4,sponge_accessible_fraction
85,60.0,7.0,14.666666666666666,2.0,0.006666666666666666,0.5,0.8333333333333334,1.0,80.0,1.0,0.02,1.1666666666666665,0.5999999999999999,0.5,0.0,True,,steady_state,0.0,,,,,18.10409609699434,18.07599107957839,70.13254451736681,8.4762313668706,,0.0,312.6931223927335,312.3713020569301,0.3601312861207,0.3594887019709597,0.998215694735489,0.0,,,1.0,1.0,28.0,160.0,5,5,oscillator_translation_scale
86,60.0,7.0,8.0,2.0,0.006666666666666666,0.5,0.8333333333333334,1.0,80.0,1.0,0.02,1.1666666666666665,0.5999999999999999,0.5,0.0,True,,steady_state,0.0,,,,,11.288556059366295,11.270522801486969,59.36223493419291,4.287062529876488,,0.0,266.2493309416023,265.7363115611449,0.3066743640038729,0.30606009396318085,0.9979969957949133,0.0,,,1.0,1.0,28.0,160.0,5,6,K_copies
87,60.0,7.0,8.0,2.0,0.006666666666666666,1.1666666666666665,0.8333333333333334,1.0,80.0,1.0,0.02,1.1666666666666665,0.5999999999999999,0.5,0.0,True,,resolved_oscillation,1.0,344.1666666666667,5.736111111111112,0.011611264869758355,0.6192917940000443,32.4229114641095,12.343668456796523,97.48027303148487,12.342763909915094,0.6472154963680388,0.0,190.4311000028258,91.31993793512852,0.27294306246912525,0.06712425770141106,0.24592769310267418,0.0,3.725,0.8389500007614004,1.0,1.0,28.0,160.0,5,7,oscillator_tx_scale
88,60.0,7.0,8.0,2.0,0.02,1.1666666666666665,0.8333333333333334,1.0,80.0,1.0,0.02,1.1666666666666665,0.5999999999999999,0.5,0.0,True,,steady_state,0.0,,,,,14.089713965026352,14.040958697698436,106.05744234892319,10.456324467618916,,0.0,198.67025138591688,198.12678901700056,0.22905399752806288,0.22794936475557354,0.9951774132544706,0.0,,,1.0,1.0,28.0,160.0,5,8,oscillator_promoter_leak
89,60.0,7.0,8.0,2.0,0.02,1.1666666666666665,0.8333333333333334,1.0,80.0,1.0,0.02,0.5,0.5999999999999999,0.5,0.0,True,,steady_state,0.0,,,,,14.089714096382657,14.040956962356553,106.057441293094,10.456324638738504,,0.0,85.14439262706335,84.91147829246017,0.09816601586709614,0.09769258089394547,0.9951772008982046,0.0,,,1.0,1.0,28.0,160.0,5,9,c31_tx_scale
90,60.0,7.0,8.0,3.333333333333333,0.02,1.1666666666666665,0.8333333333333334,1.0,80.0,1.0,0.02,0.5,0.5999999999999999,0.5,0.0,True,,unresolved_oscillation,0.0,,,,0.013152381173923403,14.481857552366147,14.291386641730966,58.11407409045333,8.760664290506377,,0.0,46.654868065823315,45.77886440487207,0.054249094207399574,0.05247788124343523,0.9673503679675678,0.0,,0.4314159333728861,1.0,1.0,28.0,160.0,5,10,hill_n
91,60.0,11.0,8.0,3.333333333333333,0.02,1.1666666666666665,0.8333333333333334,1.0,80.0,1.0,0.02,0.5,0.5999999999999999,0.5,0.0,True,,steady_state,0.0,,,,,8.490039128323156,8.489944781895012,296.2468777631392,12.837050659258711,,0.0,237.83076986090245,237.7910429257343,0.2737023856593985,0.27369701156553633,0.9999803651917422,0.0,,,1.0,1.0,44.0,160.0,5,11,oscillator_plasmid_copies
92,60.0,11.0,8.0,3.333333333333333,0.02,1.1666666666666665,0.8333333333333334,1.0,26.66666666666667,1.0,0.02,0.5,0.5999999999999999,0.5,0.0,True,,unresolved_oscillation,0.0,,,,0.03103121264783204,16.900802978618355,16.376350567469736,64.37279122743887,13.52776438247579,,0.0,51.679624256127276,49.39534531682317,0.06073091509533806,0.056220425861081634,0.9257299313343844,0.0,,0.43864393247810846,1.0,1.0,44.0,53.33333333333334,5,12,sponge_plasmid_copies
93,60.0,11.0,8.0,3.333333333333333,0.02,1.1666666666666665,0.8333333333333334,2.9240177382128656,26.66666666666667,1.0,0.02,0.5,0.5999999999999999,0.5,0.0,True,,steady_state,0.0,,,,,7.258750732003939,7.258741305803372,1104.5965783428476,37.525037508621466,,1.0,303.27617564701256,303.27236762095396,0.3490665043832528,0.34906588108285513,0.9999982143792376,0.0,,,1.0,1.0,44.0,53.33333333333334,5,13,oscillator_mrna_total_half_life_min
94,60.0,11.0,8.0,3.333333333333333,0.02,1.1666666666666665,0.8333333333333334,2.9240177382128656,26.66666666666667,1.0,0.002714417616594907,0.5,0.5999999999999999,0.5,0.0,True,,steady_state,0.0,,,,,7.258750744523559,7.258741246323182,1104.5966195909307,37.525037604342444,,1.0,299.5392797778791,299.53539152991095,0.344765263173344,0.3447646301267641,0.9999981638330554,0.0,,,1.0,1.0,44.0,53.33333333333334,5,14,c31_promoter_leak
95,60.0,11.0,8.0,3.333333333333333,0.02,1.1666666666666665,0.8333333333333334,2.9240177382128656,26.66666666666667,1.0,0.002714417616594907,0.5,1.2,0.5,0.0,True,,steady_state,0.0,,,,,7.258750746425312,7.25874124427938,1104.5966133385364,37.525037630998824,,1.0,599.0785562034939,599.070781556146,0.6895305279877294,0.6895292600018691,0.9999981610881479,1.0,,,1.0,1.0,44.0,53.33333333333334,5,15,c31_translation_scale
96,53.33333333333333,11.0,11.333333333333332,4.0,0.02,0.5,1.1666666666666665,1.7099759466766968,53.33333333333333,1.0,0.002714417616594907,0.5,1.2,2.3207944168063896,0.09999999999999999,True,,resolved_oscillation,1.0,408.6,7.661250000000001,0.001263822269932262,0.8566585427605272,82.77433057514894,11.864993166663691,190.7323740405846,24.67440136296928,0.5451541850220264,0.0,1336.577979982232,100.25764560473395,2.404627468610895,0.016872580625392056,0.007016712919419076,0.4618973561430793,2.3666666666666667,5.6308385666405645,0.9597575028487991,0.9861728280719807,44.0,106.66666666666666,6,0,START
97,53.33333333333333,11.0,11.333333333333332,4.0,0.02,0.5,0.5,1.7099759466766968,53.33333333333333,1.0,0.002714417616594907,0.5,1.2,2.3207944168063896,0.09999999999999999,True,,resolved_oscillation,1.0,385.72727272727275,7.232386363636365,0.0012109575846019447,0.8320821741095884,60.654980707675264,10.185052489857691,109.02514401033184,26.189710526003175,0.5366485976903135,0.20728726949566764,1807.8191303523804,202.56147658956942,3.1571886971227836,0.021658739938091233,0.006860134764142962,0.5523217062874917,2.55,7.9702153552746875,0.947163060054719,0.9797619667811878,44.0,106.66666666666666,6,1,oscillator_translation_scale
98,53.33333333333333,7.0,11.333333333333332,4.0,0.02,0.5,0.5,1.7099759466766968,53.33333333333333,1.0,0.002714417616594907,0.5,1.2,2.3207944168063896,0.09999999999999999,True,,resolved_oscillation,1.0,323.38461538461536,6.063461538461539,0.004813536238070425,0.308535077679247,20.565593050957965,14.220386201460867,38.632634897922344,10.755459613560177,0.5852164605137964,0.0,619.1210081079156,322.8361967847222,0.9956063152138327,0.30333225806582387,0.3046708859019996,0.5727616085314374,2.433333333333333,3.2008599241696953,0.9833380908990217,0.9899951189110435,28.0,106.66666666666666,6,2,oscillator_plasmid_copies
99,40.0,7.0,11.333333333333332,4.0,0.02,0.5,0.5,1.7099759466766968,53.33333333333333,1.0,0.002714417616594907,0.5,1.2,2.3207944168063896,0.09999999999999999,True,,steady_state,0.0,,,,,14.881518805150352,14.881506476811719,31.453416565652276,4.274933136118803,,0.0,507.25080626899944,507.2498885486033,0.8757675068149388,0.8757653230055515,0.9999975064051015,1.0,,,0.9853436460083052,0.9853436796208553,28.0,106.66666666666666,6,3,Td_min
100,40.0,7.0,11.333333333333332,4.0,0.02,0.5,0.5,1.7099759466766968,53.33333333333333,1.0,0.002714417616594907,0.5,1.2,2.3207944168063896,0.3,True,,steady_state,0.0,,,,,14.34241890895486,14.342415231617142,33.180818099690136,3.7308511746947564,,0.0,538.6689224770869,538.6685655119308,0.9300102681138549,0.9300096055383419,0.9999992875610778,1.0,,,0.9399669254712311,0.9399669273959337,28.0,106.66666666666666,6,4,peak_load_fraction
101,40.0,7.0,11.333333333333332,4.0,0.02,0.5,0.5,1.7099759466766968,0.0,1.0,0.002714417616594907,0.5,1.2,2.3207944168063896,0.3,True,,resolved_oscillation,1.0,312.7142857142857,7.817857142857143,0.001499155146902452,0.8875629973486536,66.55435931549442,7.483172674814903,67.9318594290906,57.00913590797871,0.6331658291457286,0.33703621417462787,1139.7003039604544,108.04410136291006,2.4714689012553763,0.012466598634136053,0.005044206151169322,0.5014441235281049,2.1,5.037447568028585,0.8404642595554277,0.9390067833612269,28.0,0.0,6,5,sponge_plasmid_copies
102,40.0,7.0,11.333333333333332,4.0,0.02,0.5,0.5,1.7099759466766968,0.0,1.0,0.02,0.5,1.2,2.3207944168063896,0.3,True,,resolved_oscillation,1.0,312.42857142857144,7.810714285714286,0.001643744004157141,0.8869302129819512,66.237292876415,7.489436598188371,67.82172416675039,56.77868682387758,0.6321444901691815,0.34103532548322596,1148.7743512368838,140.93173662808024,2.477251819529449,0.07268468698719274,0.02934085522278438,0.509442346145301,2.1,5.233549100921554,0.8400909665116367,0.9365569012066269,28.0,0.0,6,6,c31_promoter_leak
103,40.0,7.0,18.0,4.0,0.02,0.5,0.5,1.7099759466766968,0.0,1.0,0.02,0.5,1.2,2.3207944168063896,0.3,True,,resolved_oscillation,1.0,277.4,6.935,0.0018280192964567777,0.8154631724737139,63.866796807807404,11.785776067178714,67.3247771228918,61.45135808063088,0.6398702235039655,0.38235947567207285,1140.3406294077845,212.79209182482393,2.4887376895073547,0.09131726741423611,0.03669220255683609,0.5867584981115308,2.0,5.117512341266795,0.8393495423445574,0.927854363262074,28.0,0.0,6,7,K_copies
104,40.0,7.0,18.0,4.0,0.02,0.5,0.5,1.7099759466766968,0.0,1.0,0.02,1.1666666666666665,1.2,2.3207944168063896,0.3,True,,resolved_oscillation,1.0,273.4,6.834999999999999,0.0018547642751906002,0.8067484482221835,59.9244850907588,11.580499733275767,57.621398509739564,57.876072149010625,0.6532553035844917,0.41324150188846925,2277.840123008524,508.66342505012904,4.817266760209453,0.22578198806877367,0.04686931392999228,0.7282826038658076,2.183333333333333,10.746480906031374,0.6890407080911801,0.8447056008142146,28.0,0.0,6,8,c31_tx_scale
105,40.0,7.0,18.0,4.0,0.006666666666666668,0.5,0.5,1.7099759466766968,0.0,1.0,0.02,1.1666666666666665,1.2,2.3207944168063896,0.3,True,,resolved_oscillation,1.0,274.1333333333333,6.8533333333333335,0.001283557059610281,0.8240389680199106,61.68954365855881,10.854955764540788,58.84240838186269,61.748994012214034,0.6529669260700389,0.42634970006665185,2341.821631231289,514.4057312091605,4.928272358717198,0.21891463619767162,0.04442015786941083,0.7253943568095979,2.2,11.051978382542218,0.6818751878847837,0.8406496574055142,28.0,0.0,6,9,oscillator_promoter_leak
106,40.0,7.0,18.0,4.0,0.006666666666666668,0.5,0.5,1.7099759466766968,0.0,1.0,0.02,1.1666666666666665,1.2,0.5,0.3,True,,resolved_oscillation,1.0,279.93333333333334,6.998333333333333,0.0009223585011210804,0.8360092456793894,67.59354809838197,11.084716939860135,74.23099714418674,67.18800829665469,0.6340795427482734,0.3774716729615641,637.1668592405446,106.6332020000684,1.4038346637460182,0.043732371802535974,0.03115208146081798,0.48300377693845814,1.9333333333333333,2.787860756543992,0.9093810962263303,0.9614118663773015,28.0,0.0,6,10,c31_mrna_total_half_life_min
107,40.0,7.0,18.0,2.666666666666667,0.006666666666666668,0.5,0.5,1.7099759466766968,0.0,1.0,0.02,1.1666666666666665,1.2,0.5,0.3,True,,resolved_oscillation,1.0,249.88235294117646,6.247058823529412,0.0019411985054697083,0.6015791758141213,42.038608998237564,16.749057244705707,50.149813319182144,35.33071426840066,0.653307438794727,0.2028438124861142,434.8049399491473,188.03820553114852,0.92216465441564,0.19551038831561368,0.21201245068268776,0.49788935792046213,1.9,2.1978823740655655,0.9404733675267839,0.9659118221149382,28.0,0.0,6,11,hill_n
108,40.0,7.0,18.0,2.666666666666667,0.006666666666666668,0.5,0.5,1.7099759466766968,0.0,0.6666666666666667,0.02,1.1666666666666665,1.2,0.5,0.3,True,,resolved_oscillation,1.0,249.88235294117646,6.247058823529412,0.0019411985054697083,0.6015791758141213,42.038608998237564,16.749057244705707,50.149813319182144,35.33071426840066,0.653307438794727,0.2028438124861142,434.8049399491473,188.03820553114852,0.92216465441564,0.19551038831561368,0.21201245068268776,0.49788935792046213,1.9,2.1978823740655655,0.9404733675267839,0.9659118221149382,28.0,0.0,6,12,sponge_accessible_fraction
109,40.0,7.0,18.0,2.666666666666667,0.006666666666666668,0.5,0.5,4.999999999999999,0.0,0.6666666666666667,0.02,1.1666666666666665,1.2,0.5,0.3,True,,resolved_oscillation,1.0,388.1,9.7025,0.000814810012926663,0.9500683031227837,208.61447156508933,10.416474558388703,208.54843841048913,178.26204710467758,0.6596238082968306,0.299044656742946,615.7474026971552,48.170102158788566,1.3134630292540372,0.03762992443774247,0.028649397508442892,0.38635858698067094,2.183333333333333,2.9814105356227247,0.9152146738273033,0.9696911810714882,28.0,0.0,6,13,oscillator_mrna_total_half_life_min
110,40.0,7.0,18.0,2.666666666666667,0.006666666666666668,0.5,0.5,4.999999999999999,0.0,0.6666666666666667,0.02,1.1666666666666665,0.6,0.5,0.3,True,,resolved_oscillation,1.0,389.4,9.735,0.0013261370813927127,0.9500218728600346,210.00537054395306,10.495675109121231,215.6282877935183,179.45571276981659,0.6554956343091938,0.2934903354810042,318.4938318103513,24.09216982029813,0.683351686326019,0.018815919491539473,0.027534752409409613,0.25038880248833595,2.15,1.531153283015214,0.9558889787337836,0.984601548020371,28.0,0.0,6,14,c31_translation_scale
111,40.0,7.0,18.0,2.666666666666667,0.006666666666666668,1.1666666666666665,0.5,4.999999999999999,0.0,0.6666666666666667,0.02,1.1666666666666665,0.6,0.5,0.3,True,,resolved_oscillation,1.0,464.77777777777777,11.619444444444444,0.0009487513666260784,0.9762821143407302,468.6736654825652,11.115948409426338,493.0993703448968,381.250009834423,0.6562275878556061,0.23994667851588536,312.2225876941403,15.409042742169078,0.6637320480985532,0.017732595955897493,0.026716498030639763,0.20306598533659187,2.216666666666667,1.5376443593145268,0.957155445615193,0.9873826578277806,28.0,0.0,6,15,oscillator_tx_scale
112,46.666666666666664,13.0,11.333333333333332,4.0,0.02,1.5,0.8333333333333333,1.7099759466766968,26.666666666666664,1.0,0.007368062997280772,0.8333333333333333,1.2,0.5,0.19999999999999998,True,,steady_state,0.0,,,,,12.410365144941114,12.410364978037155,527.9668359628878,25.02257259843616,,0.0,631.2913078821523,631.2912925474227,0.9342193112456879,0.9342192829558933,0.9999999697182511,1.0,,,0.9648222161062984,0.9648222171468503,52.0,53.33333333333333,7,0,START
113,46.666666666666664,13.0,11.333333333333332,4.0,0.02,1.5,1.5,1.7099759466766968,26.666666666666664,1.0,0.007368062997280772,0.8333333333333333,1.2,0.5,0.19999999999999998,True,,steady_state,0.0,,,,,10.352326561821515,10.3523264918412,1326.145419770537,44.369833396309446,,1.0,888.9851588952265,888.985085153849,1.3155686346106694,1.3155686207523531,0.9999999894659116,1.0,6.433333333333334,,0.9504626070467778,0.9504626073862159,52.0,53.33333333333333,7,1,oscillator_translation_scale
114,46.666666666666664,9.0,11.333333333333332,4.0,0.02,1.5,1.5,1.7099759466766968,26.666666666666664,1.0,0.007368062997280772,0.8333333333333333,1.2,0.5,0.19999999999999998,True,,steady_state,0.0,,,,,11.458704547392058,11.45870442197409,783.2041150276261,31.37715701061277,,0.0,522.7685925830715,522.7685657278714,0.7736214428071954,0.7736214260717553,0.9999999783674042,1.0,,,0.9708694868506648,0.9708694868820797,36.0,53.33333333333333,7,2,oscillator_plasmid_copies
115,46.666666666666664,9.0,11.333333333333332,4.0,0.02,1.5,1.5,1.7099759466766968,26.666666666666664,1.0,0.007368062997280772,1.5,1.2,0.5,0.19999999999999998,True,,steady_state,0.0,,,,,11.576402945006507,11.576402910627522,750.8213535405547,30.694938689146042,,0.0,901.5945529878051,901.5945408106888,1.3342287836803217,1.3342287757739844,0.9999999940742267,1.0,,,0.9497599640126476,0.9497599640181692,36.0,53.33333333333333,7,3,c31_tx_scale
116,46.666666666666664,9.0,11.333333333333332,2.666666666666667,0.02,1.5,1.5,1.7099759466766968,26.666666666666664,1.0,0.007368062997280772,1.5,1.2,0.5,0.19999999999999998,True,,steady_state,0.0,,,,,29.699516009936918,29.687151368773378,143.87859400653014,33.83463398011865,,0.0,152.24758956409738,152.13750429669557,0.22532801931175792,0.2251180226134094,0.9990680400112248,0.0,,,0.9915153323495576,0.9915174206288577,36.0,53.33333333333333,7,4,hill_n
117,46.666666666666664,9.0,11.333333333333332,2.666666666666667,0.02,1.5,1.5,1.7099759466766968,26.666666666666664,1.0,0.007368062997280772,1.5,1.2,0.5,0.0,True,,steady_state,0.0,,,,,29.538662841347886,29.529130277143807,146.61614337518853,34.034805099371404,,0.0,155.40756866943045,155.34277726895095,0.22999336131005874,0.22982682037176558,0.9992758880632705,0.0,,,1.0,1.0,36.0,53.33333333333333,7,5,peak_load_fraction
118,46.666666666666664,9.0,11.333333333333332,2.666666666666667,0.006666666666666668,1.5,1.5,1.7099759466766968,26.666666666666664,1.0,0.007368062997280772,1.5,1.2,0.5,0.0,True,,resolved_oscillation,1.0,494.125,10.588392857142857,0.0007155140715269897,0.9781651070272673,434.89363672712176,9.495856012459184,753.4666004822669,152.99514397284952,0.6020743738932456,0.163741390802044,918.4616571747122,27.8334001186541,1.8004947368076951,0.021618838175035442,0.012007165437965109,0.3199289046878471,2.2,3.940923021558361,1.0,1.0,36.0,53.33333333333333,7,6,oscillator_promoter_leak
119,46.666666666666664,9.0,11.333333333333332,2.666666666666667,0.006666666666666668,0.8333333333333334,1.5,1.7099759466766968,26.666666666666664,1.0,0.007368062997280772,1.5,1.2,0.5,0.0,True,,resolved_oscillation,1.0,486.125,10.416964285714286,0.0007272890523903807,0.9799396640297873,398.4445227172475,7.992930991199044,507.4206707905839,160.2036020581488,0.6150681409102597,0.24483448122639415,1112.9793180245608,35.44538164183903,2.0938303094945794,0.021664182606549946,0.010346675424609443,0.3852477227282826,2.45,5.016114462476192,1.0,1.0,36.0,53.33333333333333,7,7,oscillator_tx_scale
120,46.666666666666664,9.0,18.0,2.666666666666667,0.006666666666666668,0.8333333333333334,1.5,1.7099759466766968,26.666666666666664,1.0,0.007368062997280772,1.5,1.2,0.5,0.0,True,,resolved_oscillation,1.0,465.44444444444446,9.973809523809525,0.0011323505586661657,0.9729477876805195,456.4741519279476,12.348635676309632,515.2231538499076,244.85353891415394,0.6300429696825018,0.2475005554321262,1130.0878942580214,44.235524547307165,2.136318028391453,0.021966809534392083,0.010282555894045448,0.3814707842701622,2.3833333333333333,5.030925329626759,1.0,1.0,36.0,53.33333333333333,7,8,K_copies
121,46.666666666666664,9.0,18.0,2.666666666666667,0.006666666666666668,0.8333333333333334,1.5,1.7099759466766968,26.666666666666664,1.0,0.007368062997280772,1.5,0.6,0.5,0.0,True,,resolved_oscillation,1.0,465.44444444444446,9.973809523809525,0.0011323505586661657,0.9729477868450002,456.47414069940464,12.348635753945711,515.2231523588587,244.85367477781145,0.6300429696825018,0.2475005554321262,565.0439466072185,22.117760932099234,1.0681590432030539,0.010983404561731606,0.01028255542245472,0.315263274827816,2.3833333333333333,2.5154634152855517,1.0,1.0,36.0,53.33333333333333,7,9,c31_translation_scale
122,46.666666666666664,9.0,18.0,2.666666666666667,0.006666666666666668,0.8333333333333334,1.5,1.7099759466766968,26.666666666666664,0.6666666666666667,0.007368062997280772,1.5,0.6,0.5,0.0,True,,resolved_oscillation,1.0,472.25,10.119642857142857,0.0009802224454976722,0.9727138102133772,456.260224691674,12.449603083024131,510.2752684157541,266.11824832792155,0.6348332451032292,0.24550099977782716,559.654686752863,21.31682004249554,1.0619625091714513,0.010983747787712918,0.010342877166428874,0.31393023772495,2.35,2.4791211779733624,1.0,1.0,36.0,35.55555555555556,7,10,sponge_accessible_fraction
123,46.666666666666664,9.0,18.0,2.666666666666667,0.006666666666666668,0.8333333333333334,1.5,1.7099759466766968,26.666666666666664,0.6666666666666667,0.007368062997280772,1.5,0.6,2.3207944168063896,0.0,True,,resolved_oscillation,1.0,472.25,10.119642857142857,0.0009802224454976722,0.9727138164282237,456.26025541115916,12.449601085654404,510.27527702552914,266.1183385539393,0.6348332451032292,0.24550099977782716,2594.5376653028056,99.24556894489874,4.924400435671233,0.050986553537521004,0.010353860171115664,0.4354587869362364,2.35,11.507058465317778,1.0,1.0,36.0,35.55555555555556,7,11,c31_mrna_total_half_life_min
124,46.666666666666664,9.0,18.0,2.666666666666667,0.006666666666666668,0.8333333333333334,1.5,4.999999999999999,26.666666666666664,0.6666666666666667,0.007368062997280772,1.5,0.6,2.3207944168063896,0.0,True,,resolved_oscillation,1.0,559.3333333333334,11.985714285714288,0.0009232379847931863,0.9792012421071539,726.6492517972808,15.113401861149427,1245.2369796287398,373.3134255502584,0.6203814064362335,0.15241057542768274,2176.440194811522,54.69638467295822,4.165354139913965,0.050123178965530424,0.012033353535352872,0.35525438791379693,2.316666666666667,9.787605371929136,1.0,1.0,36.0,35.55555555555556,7,12,oscillator_mrna_total_half_life_min
125,46.666666666666664,9.0,18.0,2.666666666666667,0.006666666666666668,0.8333333333333334,1.5,4.999999999999999,26.666666666666664,0.6666666666666667,0.0010000000000000002,1.5,0.6,2.3207944168063896,0.0,True,,resolved_oscillation,1.0,559.3333333333334,11.985714285714288,0.0009232379847931863,0.979201246157906,726.6493243613229,15.113400426915096,1245.2371443106729,373.3135016932824,0.6203814064362335,0.15018884692290602,2161.1185654997826,25.762850611779026,4.148740030322685,0.007108050169829939,0.0017133033446005248,0.35125527660519884,2.316666666666667,9.44592240909591,1.0,1.0,36.0,35.55555555555556,7,13,c31_promoter_leak
126,60.0,9.0,18.0,2.666666666666667,0.006666666666666668,0.8333333333333334,1.5,4.999999999999999,26.666666666666664,0.6666666666666667,0.0010000000000000002,1.5,0.6,2.3207944168063896,0.0,True,,resolved_oscillation,1.0,664.6666666666666,11.077777777777778,0.0007769274515962723,0.9692138208686814,600.7506732137273,18.49481783881816,1181.039809641833,288.8660599394028,0.6104563691073219,0.0,2039.2780580534534,32.576049764500794,3.2556349036561434,0.00734058961602699,0.002254733664325616,0.31259720062208396,2.5,8.184173298359601,1.0,1.0,36.0,35.55555555555556,7,14,Td_min
127,60.0,9.0,18.0,2.666666666666667,0.006666666666666668,0.8333333333333334,1.5,4.999999999999999,80.0,0.6666666666666667,0.0010000000000000002,1.5,0.6,2.3207944168063896,0.0,True,,resolved_oscillation,1.0,664.0,11.066666666666666,0.0,0.9757548622594879,651.2856479183325,15.790510242198621,1497.620290342734,235.88890812017902,0.5933734939759037,0.14041324150188847,2592.9091405985055,36.64001367396663,3.9612901181116884,0.007227046620224191,0.001824417400578895,0.34725616529660075,2.85,10.977039272291558,1.0,1.0,36.0,106.66666666666669,7,15,sponge_plasmid_copies
128,60.0,11.0,14.666666666666666,3.333333333333333,0.02,0.5,1.1666666666666665,4.999999999999999,26.666666666666664,0.8333333333333333,0.007368062997280772,0.5,0.8999999999999999,1.077217345015942,0.19999999999999998,True,,steady_state,0.0,,,,,29.581323477729793,29.575977279335266,203.21379263295464,38.53253340680787,,0.0,156.69137625864732,156.58598030156938,0.18031721515375382,0.1802250360502379,0.9994887947696103,0.0,,,0.9932102024111074,0.9932132794725723,44.0,44.444444444444436,8,0,START
129,46.66666666666667,11.0,14.666666666666666,3.333333333333333,0.02,0.5,1.1666666666666665,4.999999999999999,26.666666666666664,0.8333333333333333,0.007368062997280772,0.5,0.8999999999999999,1.077217345015942,0.19999999999999998,True,,resolved_oscillation,1.0,338.0833333333333,7.244642857142856,0.0051166748602779364,0.2415983711008844,42.9721907787085,32.59017948393608,118.32167838454689,34.34720480624986,0.6596006901651467,0.0,86.4104075288351,51.89875220653045,0.13755485981464488,0.06538453844405134,0.47533426686746644,0.0,,0.5362226827186186,0.994820407720286,0.9963917046477568,44.0,44.444444444444436,8,1,Td_min
130,46.66666666666667,11.0,14.666666666666666,3.333333333333333,0.02,0.5,1.1666666666666665,4.999999999999999,26.666666666666664,0.8333333333333333,0.007368062997280772,1.1666666666666665,0.8999999999999999,1.077217345015942,0.19999999999999998,True,,resolved_oscillation,1.0,334.0769230769231,7.158791208791208,0.006632932971293175,0.275189775073209,43.99096464668668,31.88510098031148,115.90395522293728,34.52825236341159,0.6585309693760073,0.0,197.96403196867055,116.8453603186157,0.3386277751922028,0.143377189826489,0.4234064667173539,0.0,4.391666666666667,1.2235718329352072,0.9872490596664796,0.9916264077319894,44.0,44.444444444444436,8,2,c31_tx_scale
131,46.66666666666667,11.0,14.666666666666666,3.333333333333333,0.02,0.5,1.1666666666666665,4.999999999999999,26.666666666666664,0.5,0.007368062997280772,1.1666666666666665,0.8999999999999999,1.077217345015942,0.19999999999999998,True,,resolved_oscillation,1.0,339.5,7.2749999999999995,0.005254094757088924,0.47944569539400456,54.962034455104984,28.610723625507937,134.17485381328453,39.446590907028046,0.6209131075110457,0.0,236.825737873464,83.30423206002409,0.45666901148935557,0.08631709611575528,0.18901456841629208,0.0,2.05,1.219275341091982,0.9828042477780701,0.9918871637808541,44.0,26.666666666666664,8,3,sponge_accessible_fraction
132,46.66666666666667,11.0,14.666666666666666,3.333333333333333,0.02,0.5,1.1666666666666665,4.999999999999999,26.666666666666664,0.5,0.007368062997280772,1.1666666666666665,0.3,1.077217345015942,0.19999999999999998,True,,resolved_oscillation,1.0,339.1666666666667,7.267857142857142,0.006007449800853872,0.45472528579770477,53.706029322049396,29.284539789520572,129.8811468262356,39.13847851015455,0.6227027027027028,0.0,75.86780127043225,28.487437670350488,0.1443397528214554,0.03024482983180627,0.20953915494935313,0.0,2.1333333333333333,0.39669311499691395,0.9945649243481671,0.9973411568693784,44.0,26.666666666666664,8,4,c31_translation_scale
133,46.66666666666667,7.0,14.666666666666666,3.333333333333333,0.02,0.5,1.1666666666666665,4.999999999999999,26.666666666666664,0.5,0.007368062997280772,1.1666666666666665,0.3,1.077217345015942,0.19999999999999998,True,,resolved_oscillation,1.0,445.1111111111111,9.538095238095236,0.0007488766849725412,0.8980694465899722,149.64244037346657,15.25313676089454,328.337275593849,75.70358121592798,0.5914253619570644,0.0,216.81231609783575,11.073683064549453,0.43941964528185545,0.007394472020362229,0.01682781391264202,0.0,2.033333333333333,0.9292849164426459,0.9834537681524045,0.9952040258621571,28.0,26.666666666666664,8,5,oscillator_plasmid_copies
134,46.66666666666667,7.0,14.666666666666666,3.333333333333333,0.02,1.1666666666666665,1.1666666666666665,4.999999999999999,26.666666666666664,0.5,0.007368062997280772,1.1666666666666665,0.3,1.077217345015942,0.19999999999999998,True,,steady_state,0.0,,,,,38.75966707954426,38.75073272429489,126.51034156157472,46.04654817168091,,0.0,28.69115717430801,28.668559887000924,0.0424483220580844,0.04242157577642555,0.9993699095662191,0.0,,,0.998401619531908,0.9984022770609512,28.0,26.666666666666664,8,6,oscillator_tx_scale
135,46.66666666666667,7.0,14.666666666666666,3.333333333333333,0.02,1.1666666666666665,1.1666666666666665,4.999999999999999,26.666666666666664,0.5,0.0010000000000000002,1.1666666666666665,0.3,1.077217345015942,0.19999999999999998,True,,steady_state,0.0,,,,,38.75523418261031,38.74632327048194,126.56744903852527,46.054081855008036,,0.0,24.784530731606708,24.76191569417237,0.036667189750466254,0.03664032026258818,0.9992672062391218,0.0,,,0.9986193065573528,0.9986199696071424,28.0,26.666666666666664,8,7,c31_promoter_leak
136,46.66666666666667,7.0,8.0,3.333333333333333,0.02,1.1666666666666665,1.1666666666666665,4.999999999999999,26.666666666666664,0.5,0.0010000000000000002,1.1666666666666665,0.3,1.077217345015942,0.19999999999999998,True,,steady_state,0.0,,,,,10.935821709758596,10.935821565185384,606.9155766041583,44.05275317731429,,0.0,166.03655079367635,166.03649168085732,0.2457098676089179,0.24570984364866685,0.9999999024855971,0.0,,,0.9907478591811902,0.9907478594193191,28.0,26.666666666666664,8,8,K_copies
137,46.66666666666667,7.0,8.0,3.333333333333333,0.006666666666666668,1.1666666666666665,1.1666666666666665,4.999999999999999,26.666666666666664,0.5,0.0010000000000000002,1.1666666666666665,0.3,1.077217345015942,0.19999999999999998,True,,resolved_oscillation,1.0,522.5,11.196428571428571,0.0010230095384207633,0.9485369329953094,160.55702707703847,8.262757042539562,753.015037901712,61.2521649829882,0.5492822966507177,0.0,215.9981681770996,2.5526777728168004,0.44156412952719665,0.000991491121717003,0.002245406851273537,0.0,2.033333333333333,0.881277449963821,0.9833730181588666,0.9962067323462479,28.0,26.666666666666664,8,9,oscillator_promoter_leak
138,46.66666666666667,7.0,8.0,3.333333333333333,0.006666666666666668,1.1666666666666665,1.1666666666666665,4.999999999999999,80.0,0.5,0.0010000000000000002,1.1666666666666665,0.3,1.077217345015942,0.19999999999999998,True,,resolved_oscillation,1.0,488.77777777777777,10.473809523809523,0.0009021657118883576,0.9345697922051356,125.07604109639854,8.183751359096368,774.6449537379079,38.805516996546686,0.5227324391907251,0.0,222.07596799102413,3.5876816689200455,0.44888817102256706,0.0010475209405263228,0.0023335899855415447,0.0,2.183333333333333,0.9524902358031976,0.9830972332913829,0.9956960611844422,28.0,80.0,8,10,sponge_plasmid_copies
139,46.66666666666667,7.0,8.0,3.333333333333333,0.006666666666666668,1.1666666666666665,0.5,4.999999999999999,80.0,0.5,0.0010000000000000002,1.1666666666666665,0.3,1.077217345015942,0.19999999999999998,True,,resolved_oscillation,1.0,598.4285714285714,12.8234693877551,0.0008932101663341946,0.9883644038960736,420.35617332647706,4.891094652618976,664.6408847600811,140.01895846890872,0.5890427309620434,0.27527216174183516,447.2549399190056,3.5238676205536397,0.7713130547026265,0.0009500947656907216,0.0012317887787560175,0.2621639635636525,3.283333333333333,2.3710333115595597,0.9709564086011659,0.9916650489843885,28.0,80.0,8,11,oscillator_translation_scale
140,46.66666666666667,7.0,8.0,2.0,0.006666666666666668,1.1666666666666665,0.5,4.999999999999999,80.0,0.5,0.0010000000000000002,1.1666666666666665,0.3,1.077217345015942,0.19999999999999998,True,,resolved_oscillation,1.0,430.8888888888889,9.233333333333333,0.0007735946364105209,0.9664669790419148,213.1990807402146,7.149209242706113,391.63393592027114,70.3072661331114,0.6196493037648272,0.1377471672961564,262.66277634748286,11.464035120345669,0.5172740588952777,0.002281062099690207,0.00440977478082273,0.07998222617196178,2.216666666666667,1.1344573850087134,0.9805221805644623,0.9940088791526268,28.0,80.0,8,12,hill_n
141,46.66666666666667,7.0,8.0,2.0,0.006666666666666668,1.1666666666666665,0.5,1.709975946676697,80.0,0.5,0.0010000000000000002,1.1666666666666665,0.3,1.077217345015942,0.19999999999999998,True,,resolved_oscillation,1.0,299.5,6.417857142857142,0.0021717650603939598,0.8239406636568793,54.19864781034637,9.542177964184114,100.62905282210042,21.188589452441473,0.6310517529215359,0.0,195.49868369479896,46.19849814967007,0.38616537994616773,0.021150957639692373,0.05477176033398142,0.0,2.066666666666667,0.8481695326606491,0.9854590435891739,0.9935762871583631,28.0,80.0,8,13,oscillator_mrna_total_half_life_min
142,46.66666666666667,7.0,8.0,2.0,0.006666666666666668,1.1666666666666665,0.5,1.709975946676697,80.0,0.5,0.0010000000000000002,1.1666666666666665,0.3,1.077217345015942,0.0,True,,resolved_oscillation,1.0,298.92857142857144,6.405612244897958,0.0015877744448483933,0.8225525034645844,54.092849505530474,9.598640725223374,101.08419274629622,21.19691309111779,0.6297491039426523,0.0,196.36196427851533,46.28125077334267,0.38917200833209087,0.021246908308884222,0.05459516063332507,0.0,2.05,0.8484305937296845,1.0,1.0,28.0,80.0,8,14,peak_load_fraction
143,46.66666666666667,7.0,8.0,2.0,0.006666666666666668,1.1666666666666665,0.5,1.709975946676697,80.0,0.5,0.0010000000000000002,1.1666666666666665,0.3,5.000000000000001,0.0,True,,resolved_oscillation,1.0,298.92857142857144,6.405612244897958,0.0015877744448483933,0.8225526084568036,54.09287153953014,9.59863895577083,101.08421349259734,21.196921946401684,0.6297491039426523,0.0,906.7691915680218,217.64481548123422,1.7933539923055017,0.10054126170734357,0.05606325473873099,0.5509886691846256,2.05,3.93801250206546,1.0,1.0,28.0,80.0,8,15,c31_mrna_total_half_life_min
144,53.33333333333333,9.0,8.0,4.0,0.02,0.8333333333333333,1.5,1.7099759466766968,80.0,0.6666666666666666,0.007368062997280772,1.5,0.8999999999999999,5.000000000000001,0.09999999999999999,True,,steady_state,0.0,,,,,6.921256323465019,6.92125561458353,538.3657863917379,16.613544567863677,,1.0,8784.563900390329,8784.554741724125,11.374881205541332,11.374879530821671,0.9999998527703604,1.0,,,0.8096363655141643,0.8096363780038475,36.0,106.66666666666666,9,0,START
145,53.33333333333333,9.0,8.0,4.0,0.02,0.8333333333333333,1.5,1.7099759466766968,80.0,1.0,0.007368062997280772,1.5,0.8999999999999999,5.000000000000001,0.09999999999999999,True,,steady_state,0.0,,,,,6.294721027902014,6.294719302915881,590.8805601765214,16.22302881760235,,1.0,9662.749350618074,9662.74505644534,12.512028297330001,12.512024996673574,0.9999997362013298,1.0,,,0.7906057093318004,0.7906057611716149,36.0,160.0,9,1,sponge_accessible_fraction
146,53.33333333333333,9.0,8.0,4.0,0.02,0.8333333333333333,1.5,1.7099759466766968,80.0,1.0,0.007368062997280772,1.5,0.8999999999999999,5.000000000000001,0.3,True,,steady_state,0.0,,,,,8.062618463580963,8.062544529627262,303.38823077487393,12.078757743015844,,0.0,4921.649230965357,4921.586403830759,6.372926326583892,6.372846702212444,0.9999875058383907,1.0,,,0.5886213580135141,0.5886231503478363,36.0,160.0,9,2,peak_load_fraction
147,53.33333333333333,9.0,8.0,4.0,0.02,0.8333333333333333,1.5,1.7099759466766968,80.0,1.0,0.007368062997280772,1.5,0.8999999999999999,1.0772173450159421,0.3,True,,steady_state,0.0,,,,,6.167678463828689,6.167677572443246,623.3042144886307,16.751841482641623,,1.0,2196.8350096294193,2196.8348178597653,2.844621937419867,2.8446215913752755,0.9999998783512891,1.0,,,0.8163768652558662,0.816376887058074,36.0,160.0,9,3,c31_mrna_total_half_life_min
148,53.33333333333333,9.0,8.0,4.0,0.02,0.8333333333333333,1.5,1.7099759466766968,80.0,1.0,0.0010000000000000002,1.5,0.8999999999999999,1.0772173450159421,0.3,True,,steady_state,0.0,,,,,6.166278132442194,6.166277116283588,623.6779334231643,16.758019428146188,,1.0,2193.2329961335017,2193.2327700367728,2.8399578266854766,2.8399574248124515,0.9999998584933124,1.0,,,0.8166779381761642,0.8166779630742301,36.0,160.0,9,4,c31_promoter_leak
149,53.33333333333333,9.0,8.0,4.0,0.006666666666666668,0.8333333333333333,1.5,1.7099759466766968,80.0,1.0,0.0010000000000000002,1.5,0.8999999999999999,1.0772173450159421,0.3,True,,resolved_oscillation,1.0,592.1428571428571,11.102678571428571,0.0006382994719094307,0.9851170838616502,386.8004306153674,5.756718371126099,540.3871048491152,64.52669927289018,0.556875753920386,0.2559431237502777,1906.734089519659,24.347254972127754,2.992718395361832,0.004702643696429695,0.0015713619108693737,0.38835814263497,3.2666666666666666,9.13456000144359,0.806817093711507,0.9432949652470388,36.0,160.0,9,5,oscillator_promoter_leak
150,53.33333333333333,9.0,8.0,4.0,0.006666666666666668,1.5,1.5,1.7099759466766968,80.0,1.0,0.0010000000000000002,1.5,0.8999999999999999,1.0772173450159421,0.3,True,,resolved_oscillation,1.0,423.77777777777777,7.945833333333334,0.0010405419419498914,0.8726938109773361,76.4439510788464,9.731788085682888,367.5557192205753,18.318822507578442,0.5181961195595176,0.0,707.713264133919,32.11995573454982,1.3485605102187617,0.005265191180028123,0.0039043047309564264,0.3441457453899133,2.0833333333333335,2.7344047067567305,0.912949097023726,0.9742101498097696,36.0,160.0,9,6,oscillator_tx_scale
151,40.0,9.0,8.0,4.0,0.006666666666666668,1.5,1.5,1.7099759466766968,80.0,1.0,0.0010000000000000002,1.5,0.8999999999999999,1.0772173450159421,0.3,True,,resolved_oscillation,1.0,412.7,10.317499999999999,0.0011704528508351053,0.9736314160570602,255.48494091119818,6.736776110573939,597.4104947363292,37.10438794157526,0.5336806396898474,0.1966229726727394,1168.4785575019168,17.445930417044927,2.603909867745288,0.004706301723633027,0.0018073980908210887,0.37080648744723393,2.091666666666667,5.112506683974317,0.8319150653319317,0.9530116017528668,36.0,160.0,9,7,Td_min
152,40.0,9.0,8.0,4.0,0.006666666666666668,1.5,1.5,4.999999999999999,80.0,1.0,0.0010000000000000002,1.5,0.8999999999999999,1.0772173450159421,0.3,True,,steady_state,0.0,,,,,6.8371438652550225,6.837143806684271,2212.204538657777,22.536032407373003,,1.0,1483.5038225073047,1483.5038030721898,2.561264846578646,2.5612648205746154,0.9999999898471919,1.0,4.35,,0.8346678432546637,0.8346678443836407,36.0,160.0,9,8,oscillator_mrna_total_half_life_min
153,40.0,9.0,8.0,4.0,0.006666666666666668,1.5,0.8333333333333334,4.999999999999999,80.0,1.0,0.0010000000000000002,1.5,0.8999999999999999,1.0772173450159421,0.3,True,,steady_state,0.0,,,,,14.468208302530869,14.468207178507672,200.79284050928248,14.622083849104703,,0.0,229.34897301989704,229.34890663008127,0.39597028864183914,0.39597017699504244,0.9999997180424898,0.0,,,0.9744397296844645,0.9744397358594925,36.0,160.0,9,9,oscillator_translation_scale
154,40.0,9.0,8.0,4.0,0.006666666666666668,1.5,0.8333333333333334,4.999999999999999,80.0,1.0,0.0010000000000000002,0.8333333333333334,0.8999999999999999,1.0772173450159421,0.3,True,,steady_state,0.0,,,,,13.7872751498752,13.787275051033717,238.42612828939673,14.747347980491144,,0.0,152.7999727953619,152.79995758347792,0.26380866558335664,0.2638086589539467,0.9999999748703859,0.0,,,0.9829708920156117,0.9829708921080649,36.0,160.0,9,10,c31_tx_scale
155,40.0,9.0,8.0,4.0,0.006666666666666668,1.5,0.8333333333333334,4.999999999999999,26.66666666666667,1.0,0.0010000000000000002,0.8333333333333334,0.8999999999999999,1.0772173450159421,0.3,True,,resolved_oscillation,1.0,422.22222222222223,10.555555555555555,0.0010443755175254964,0.8970952489806554,81.41182799000784,8.377663889341465,694.221361812768,29.59656364733792,0.511578947368421,0.0,464.4148734181707,7.011467502643182,1.1026638963010305,0.0028558497132817095,0.0025899548564724695,0.2719395689846701,1.8333333333333333,1.9639638212657426,0.9288219645132793,0.9818733213146074,36.0,53.33333333333334,9,11,sponge_plasmid_copies
156,40.0,9.0,8.0,4.0,0.006666666666666668,1.5,0.8333333333333334,4.999999999999999,26.66666666666667,1.0,0.0010000000000000002,0.8333333333333334,0.3,1.0772173450159421,0.3,True,,resolved_oscillation,1.0,429.44444444444446,10.73611111111111,0.0012272746417212336,0.894353528866308,79.83655715727836,8.434450531129754,720.7664997718197,29.478643856355802,0.5020439844760674,0.0,160.7446689211947,2.354920459254034,0.3803311439850989,0.0009586665959609674,0.0025206102921682566,0.0,1.875,0.6990134423538427,0.9754492518036647,0.9934277546662805,36.0,53.33333333333334,9,12,c31_translation_scale
157,40.0,13.0,8.0,4.0,0.006666666666666668,1.5,0.8333333333333334,4.999999999999999,26.66666666666667,1.0,0.0010000000000000002,0.8333333333333334,0.3,1.0772173450159421,0.3,True,,steady_state,0.0,,,,,9.95514041678519,9.955140342324619,949.0295411567641,21.159755695118207,,0.0,209.93487443308575,209.93486573892315,0.3624519175582155,0.3624519099096692,0.9999999788977629,0.0,4.516666666666667,,0.9766033733971593,0.9766033735758552,52.0,53.33333333333334,9,13,oscillator_plasmid_copies
158,40.0,13.0,14.666666666666666,4.0,0.006666666666666668,1.5,0.8333333333333334,4.999999999999999,26.66666666666667,1.0,0.0010000000000000002,0.8333333333333334,0.3,1.0772173450159421,0.3,True,,resolved_oscillation,1.0,515.5714285714286,12.889285714285714,0.001036757380652242,0.9691960622891437,395.49743329461216,12.182878300010774,1672.588649559783,137.61348045213728,0.5500692712662787,0.1957342812708287,375.1126546845618,2.23547148232861,0.8080251914748092,0.0012603365216442473,0.0015597737978241477,0.2379471228615863,2.2666666666666666,1.7436746962018685,0.9478411817545742,0.9864987205201008,52.0,53.33333333333334,9,14,K_copies
159,40.0,13.0,14.666666666666666,2.666666666666667,0.006666666666666668,1.5,0.8333333333333334,4.999999999999999,26.66666666666667,1.0,0.0010000000000000002,0.8333333333333334,0.3,1.0772173450159421,0.3,True,,resolved_oscillation,1.0,456.55555555555554,11.413888888888888,0.0011543968095041538,0.9725783846720896,488.80388491429176,13.403792102907909,1316.6841709680468,192.36422272597378,0.5935750790946702,0.11375249944456788,294.94443008242126,3.8464200169236915,0.6738494822031179,0.0013672565833706578,0.0020290237204018905,0.17684958898022662,1.9166666666666667,1.2572626133573634,0.9565023553252643,0.9895613010809641,52.0,53.33333333333334,9,15,hill_n
160,60.0,13.0,8.0,2.0,0.0,0.8333333333333333,0.8333333333333333,2.9240177382128656,26.666666666666664,0.6666666666666666,0.002714417616594907,1.5,0.8999999999999999,0.5,0.09999999999999999,True,,resolved_oscillation,1.0,721.2,12.020000000000001,0.0006200964995839683,0.995014996880237,877.2532315559156,4.3731100961284515,952.2971513384855,357.30486392260417,0.6444120909595119,0.2694956676294157,1651.2510034051325,25.47458103579364,2.3347890770965773,0.008819527916763058,0.0037774409702698137,0.3799155743168185,3.45,7.791681847371158,0.9609262790140247,0.9882325895889591,52.0,35.55555555555555,10,0,START
161,60.0,13.0,8.0,2.0,0.0,0.8333333333333333,0.8333333333333333,2.9240177382128656,26.666666666666664,0.6666666666666666,0.002714417616594907,0.8333333333333334,0.8999999999999999,0.5,0.09999999999999999,True,,resolved_oscillation,1.0,722.0,12.033333333333333,0.0,0.9950136281095503,879.6114089771711,4.386069604242578,965.5304212292034,358.0462552546154,0.6426592797783933,0.26882914907798267,930.1544171999258,14.143379598218514,1.3182802362253878,0.004899284596750734,0.0037164211842990098,0.34014663408131524,3.45,4.377162233186353,0.9779380010653248,0.9934006019644157,52.0,35.55555555555555,10,1,c31_tx_scale
162,60.0,13.0,8.0,2.0,0.013333333333333332,0.8333333333333333,0.8333333333333333,2.9240177382128656,26.666666666666664,0.6666666666666666,0.002714417616594907,0.8333333333333334,0.8999999999999999,0.5,0.09999999999999999,True,,resolved_oscillation,1.0,409.4,6.823333333333333,0.002184726895456561,0.24686673951809704,39.33348887940785,29.623358725877107,115.32679289569037,33.34288427970017,0.6643869076697606,0.0,95.69810094933334,65.39381071236812,0.12325306647813689,0.0739165067978416,0.5997133289251931,0.0,3.5,0.6300649458369876,0.9979373057817191,0.9984445734062091,52.0,35.55555555555555,10,2,oscillator_promoter_leak
163,60.0,13.0,8.0,2.0,0.013333333333333332,1.5,0.8333333333333333,2.9240177382128656,26.666666666666664,0.6666666666666666,0.002714417616594907,0.8333333333333334,0.8999999999999999,0.5,0.09999999999999999,True,,unresolved_oscillation,0.0,,,,0.010629678769928399,38.61692558683398,38.206440072763705,156.45786081516735,45.497116654504126,,0.0,68.05892607006818,66.74723523242578,0.07804509522203161,0.07654959631877264,0.980838015521611,0.0,,0.6842114030534406,0.9986938810426415,0.9987078536967887,52.0,35.55555555555555,10,3,oscillator_tx_scale
164,60.0,13.0,14.666666666666666,2.0,0.013333333333333332,1.5,0.8333333333333333,2.9240177382128656,26.666666666666664,0.6666666666666666,0.002714417616594907,0.8333333333333334,0.8999999999999999,0.5,0.09999999999999999,True,,resolved_oscillation,1.0,426.0,7.1,0.0,0.15214955653894208,81.13880602996485,68.79357267440646,151.3176832416422,73.0635558347866,0.6658841940532082,0.0,65.30546232303092,53.96635863728288,0.08060303792520206,0.05997332781835978,0.7440579085122546,0.0,3.9166666666666665,0.48039931580441336,0.9986510727476814,0.998863158512989,52.0,35.55555555555555,10,4,K_copies
165,60.0,13.0,14.666666666666666,2.0,0.013333333333333332,1.5,0.8333333333333333,2.9240177382128656,26.666666666666664,1.0,0.002714417616594907,0.8333333333333334,0.8999999999999999,0.5,0.09999999999999999,True,,resolved_oscillation,1.0,417.5,6.958333333333333,0.0013828748962625766,0.20191141481262198,79.74115851806015,63.64050838288106,166.3716103555946,70.02080169131985,0.6640718562874252,0.0,73.43808530698405,57.345903188093374,0.09272097088703973,0.06186037800045093,0.6671670648899298,0.0,4.558333333333334,0.5099886345245004,0.9984482738155969,0.998765704115399,52.0,53.33333333333333,10,5,sponge_accessible_fraction
166,60.0,13.0,14.666666666666666,2.0,0.013333333333333332,1.5,0.8333333333333333,2.9240177382128656,80.0,1.0,0.002714417616594907,0.8333333333333334,0.8999999999999999,0.5,0.09999999999999999,True,,resolved_oscillation,1.0,416.5,6.941666666666666,0.0013861951241047436,0.1885929446014834,61.40737173872527,49.826374682281156,242.80808231800802,53.0249616197511,0.6638655462184874,0.0,114.70501883772283,85.85209844584269,0.1437115037426318,0.09887570076716941,0.6880152123677075,0.0,3.716666666666667,0.8036548724175829,0.9975949248457606,0.9980514305286013,52.0,160.0,10,6,sponge_plasmid_copies
167,60.0,13.0,14.666666666666666,3.333333333333333,0.013333333333333332,1.5,0.8333333333333333,2.9240177382128656,80.0,1.0,0.002714417616594907,0.8333333333333334,0.8999999999999999,0.5,0.09999999999999999,True,,steady_state,0.0,,,,,17.43369688739155,17.43368864689217,1039.2194110220428,37.61540598830023,,0.0,544.5627942183562,544.5382017519393,0.626762369134384,0.62676174838913,0.9999990096003134,1.0,,,0.9895108563868562,0.9895108568443686,52.0,160.0,10,7,hill_n
168,60.0,13.0,14.666666666666666,3.333333333333333,0.013333333333333332,1.5,0.8333333333333333,1.0,80.0,1.0,0.002714417616594907,0.8333333333333334,0.8999999999999999,0.5,0.09999999999999999,True,,resolved_oscillation,1.0,497.0,8.283333333333333,0.0,0.9400155800033493,229.46780115899364,13.764492960429,393.0511118356085,53.94593397794983,0.5593561368209256,0.1377471672961564,604.037145997965,29.752240374603133,0.9548200354100268,0.004937166451726558,0.005170782208823675,0.31281937347256167,2.683333333333333,2.4909613621132562,0.9840206672108365,0.9949973890024295,52.0,160.0,10,8,oscillator_mrna_total_half_life_min
169,60.0,13.0,14.666666666666666,3.333333333333333,0.013333333333333332,1.5,0.8333333333333333,1.0,80.0,1.0,0.02,0.8333333333333334,0.8999999999999999,0.5,0.09999999999999999,True,,resolved_oscillation,1.0,497.0,8.283333333333333,0.0,0.940039644188112,229.52206036446682,13.762224406131047,393.06212629743226,53.96129906237418,0.5593561368209256,0.14930015552099535,619.6622157579469,55.582075430862204,0.9681637471292238,0.035194758631392084,0.03635207240071811,0.32148411464119087,2.683333333333333,2.6981953766550193,0.9837973543327063,0.9945781663446711,52.0,160.0,10,9,c31_promoter_leak
170,46.66666666666667,13.0,14.666666666666666,3.333333333333333,0.013333333333333332,1.5,0.8333333333333333,1.0,80.0,1.0,0.02,0.8333333333333334,0.8999999999999999,0.5,0.09999999999999999,True,,resolved_oscillation,1.0,392.27272727272725,8.405844155844154,0.001190751571602793,0.9468523193126164,237.90492920950211,12.644095211581233,349.97032059758163,60.01609652451715,0.5659327925840093,0.20617640524327926,550.5987134914147,46.69702482590798,1.0815000014378586,0.03517462429827572,0.032523924411937966,0.34147967118418127,2.216666666666667,2.4456197271320925,0.981900622322996,0.9939671646426428,52.0,160.0,10,10,Td_min
171,46.66666666666667,9.0,14.666666666666666,3.333333333333333,0.013333333333333332,1.5,0.8333333333333333,1.0,80.0,1.0,0.02,0.8333333333333334,0.8999999999999999,0.5,0.09999999999999999,True,,resolved_oscillation,1.0,371.72727272727275,7.9655844155844155,0.0012565646934375278,0.9343781711190425,186.3621157009125,12.229422866418474,253.9138020374225,57.47275611843575,0.5676204450966006,0.24061319706731837,399.23637748919543,39.16885330750831,0.7827821888189278,0.02449419563885357,0.031291202059426954,0.30171073094867806,2.216666666666667,1.7632066185353552,0.9868997961577166,0.9952752512040638,36.0,160.0,10,11,oscillator_plasmid_copies
172,46.66666666666667,9.0,14.666666666666666,3.333333333333333,0.013333333333333332,1.5,0.8333333333333333,1.0,80.0,1.0,0.02,0.8333333333333334,0.8999999999999999,2.3207944168063896,0.09999999999999999,True,,resolved_oscillation,1.0,370.1818181818182,7.932467532467531,0.0010927600914188108,0.934593530585532,186.05801027515645,12.169397558378789,245.37732113859997,57.38011540183874,0.5721512770137525,0.24394578982448345,1788.923151965397,182.74996366108192,3.482139595824944,0.11353491060045355,0.03260492794044815,0.4981115307709398,2.25,7.957992544169074,0.9417248639989881,0.9786699182351141,36.0,160.0,10,12,c31_mrna_total_half_life_min
173,46.66666666666667,9.0,14.666666666666666,3.333333333333333,0.013333333333333332,1.5,0.8333333333333333,1.0,80.0,1.0,0.02,0.8333333333333334,0.3,2.3207944168063896,0.09999999999999999,True,,resolved_oscillation,1.0,371.54545454545456,7.961688311688311,0.0014055695244771294,0.9344193850486118,186.33373356428987,12.219880833334255,252.61057305700234,57.467944274964516,0.5678982138487888,0.2412797156187514,613.8570614501284,60.95734267323845,1.2020361902158987,0.03789103895109451,0.031522377828149144,0.39057987113974674,2.225,2.717584257121749,0.9798833962466762,0.992719529249811,36.0,160.0,10,13,c31_translation_scale
174,46.66666666666667,9.0,14.666666666666666,3.333333333333333,0.013333333333333332,1.5,1.5,1.0,80.0,1.0,0.02,0.8333333333333334,0.3,2.3207944168063896,0.09999999999999999,True,,resolved_oscillation,1.0,401.0,8.592857142857142,0.0,0.9466809496599956,247.16422334266713,13.178561666655762,409.47853228195675,61.11307820616606,0.5640897755610972,0.1784047989335703,553.6397830357499,45.36338116286255,1.0971918032509478,0.03765550622515853,0.03431989385409766,0.34014663408131524,2.1666666666666665,2.4474864426580183,0.9816380131255201,0.9939267490257503,36.0,160.0,10,14,oscillator_translation_scale
175,46.66666666666667,9.0,14.666666666666666,3.333333333333333,0.013333333333333332,1.5,1.5,1.0,80.0,1.0,0.02,0.8333333333333334,0.3,2.3207944168063896,0.3,True,,resolved_oscillation,1.0,398.5,8.539285714285713,0.0013225753492966874,0.9475773671723651,249.46056801804133,13.077379762183018,395.2582694694513,61.41532502253333,0.5696361355081556,0.1832926016440791,534.427042023934,45.22041709373476,1.0524096375699723,0.037583288120598204,0.035711653313417496,0.3319262386136414,2.183333333333333,2.3638807630216387,0.9320659261803996,0.9774476285883293,36.0,160.0,10,15,peak_load_fraction
176,46.666666666666664,11.0,8.0,3.333333333333333,0.013333333333333332,1.5,1.5,2.9240177382128656,53.33333333333333,0.6666666666666666,0.0010000000000000002,0.8333333333333333,1.2,2.3207944168063896,0.09999999999999999,True,,steady_state,0.0,,,,,7.152642576052613,7.152642481031513,1850.135421528654,41.274534921710874,,1.0,3367.416833562123,3367.4165412045145,4.9832867763381445,4.983286689674378,0.999999982609115,1.0,3.8833333333333333,,0.9166025064097549,0.9166025073848819,44.0,71.1111111111111,11,0,START
177,46.666666666666664,11.0,8.0,3.333333333333333,0.013333333333333332,1.5,1.5,2.9240177382128656,0.0,0.6666666666666666,0.0010000000000000002,0.8333333333333333,1.2,2.3207944168063896,0.09999999999999999,True,,steady_state,0.0,,,,,15.533401928366661,15.533401504485889,368.2633964491172,44.36111349548837,,0.0,608.0895785455867,608.0894814591161,0.899884121523834,0.8998840457465459,0.9999999157921712,1.0,,,0.9849400438656082,0.9849400439084316,44.0,0.0,11,1,sponge_plasmid_copies
178,46.666666666666664,11.0,8.0,2.0,0.013333333333333332,1.5,1.5,2.9240177382128656,0.0,0.6666666666666666,0.0010000000000000002,0.8333333333333333,1.2,2.3207944168063896,0.09999999999999999,True,,steady_state,0.0,,,,,56.11045113798863,56.09647772359238,111.08242068499537,62.04071675505162,,0.0,129.20447044623506,129.11398351611865,0.19123266453314006,0.19114419332938257,0.9995373635358087,0.0,2.8,,0.9967996373416889,0.9968007945123301,44.0,0.0,11,2,hill_n
179,46.666666666666664,11.0,8.0,2.0,0.013333333333333332,1.5,0.8333333333333334,2.9240177382128656,0.0,0.6666666666666666,0.0010000000000000002,0.8333333333333333,1.2,2.3207944168063896,0.09999999999999999,True,,unresolved_oscillation,0.0,,,,0.03789011821021764,46.1440215709711,44.39561913895217,82.18464568867255,42.99314821164915,,0.0,197.8244700048071,189.53997821444406,0.29591141961351625,0.2753432185191525,0.9304920333212302,0.0,3.683333333333333,1.7226672075515235,0.9950477923852031,0.9951799049969682,44.0,0.0,11,3,oscillator_translation_scale
180,46.666666666666664,11.0,14.666666666666666,2.0,0.013333333333333332,1.5,0.8333333333333334,2.9240177382128656,0.0,0.6666666666666666,0.0010000000000000002,0.8333333333333333,1.2,2.3207944168063896,0.09999999999999999,True,,resolved_oscillation,1.0,325.6,6.977142857142858,0.0016821945869323284,0.1832925396496571,78.72061141449872,64.29171062556146,108.45153103436459,70.75601508544432,0.6658476658476659,0.0,285.90411195698135,228.88268135710715,0.45875449737188495,0.31506183136005894,0.6867765507803993,0.0,3.183333333333333,2.0179999980318106,0.9923225419344255,0.9937452331213091,44.0,0.0,11,4,K_copies
181,46.666666666666664,11.0,14.666666666666666,2.0,0.013333333333333332,0.8333333333333334,0.8333333333333334,2.9240177382128656,0.0,0.6666666666666666,0.0010000000000000002,0.8333333333333333,1.2,2.3207944168063896,0.09999999999999999,True,,resolved_oscillation,1.0,306.61538461538464,6.570329670329671,0.012242147359053707,0.6115615576053952,91.86813095478097,35.685113693778696,124.5860175676137,68.71318023088698,0.6522829904666332,0.0,674.432576248355,252.17440886158886,1.3019731201424245,0.23642870129995003,0.18159261327460186,0.5603199289046878,2.441666666666667,3.0108405257858766,0.978210907817443,0.9897191699056129,44.0,0.0,11,5,oscillator_tx_scale
182,46.666666666666664,11.0,14.666666666666666,2.0,0.0,0.8333333333333334,0.8333333333333334,2.9240177382128656,0.0,0.6666666666666666,0.0010000000000000002,0.8333333333333333,1.2,2.3207944168063896,0.09999999999999999,True,,resolved_oscillation,1.0,445.55555555555554,9.547619047619047,0.0011828968803622366,0.9708352493567961,404.19036102958904,11.78811109181451,429.9377327331437,259.9303188332739,0.6594014962593515,0.15640968673628083,2562.2665945882795,117.06719840666935,5.093563698105841,0.021259207083353257,0.004173739319537514,0.45056654076871805,2.075,10.787726565851168,0.9147569736742234,0.9754624499649305,44.0,0.0,11,6,oscillator_promoter_leak
183,46.666666666666664,11.0,14.666666666666666,2.0,0.0,0.8333333333333334,0.8333333333333334,2.9240177382128656,0.0,0.6666666666666666,0.0010000000000000002,0.8333333333333333,1.2,2.3207944168063896,0.3,True,,resolved_oscillation,1.0,439.3333333333333,9.414285714285715,0.0011380880121396055,0.9709031898354407,387.90017166190245,11.286657657646344,368.5934701989086,251.12746788450931,0.6764795144157814,0.17396134192401688,2195.989107223729,118.91955042705075,4.197144482569278,0.02227234992556235,0.005306548301603464,0.4538991335258831,2.25,9.596468318226156,0.7290702090406955,0.9162303127634331,44.0,0.0,11,7,peak_load_fraction
184,46.666666666666664,11.0,14.666666666666666,2.0,0.0,0.8333333333333334,0.8333333333333334,2.9240177382128656,0.0,1.0,0.0010000000000000002,0.8333333333333333,1.2,2.3207944168063896,0.3,True,,resolved_oscillation,1.0,439.3333333333333,9.414285714285715,0.0011380880121396055,0.9709031898354407,387.90017166190245,11.286657657646344,368.5934701989086,251.12746788450931,0.6764795144157814,0.17396134192401688,2195.989107223729,118.91955042705075,4.197144482569278,0.02227234992556235,0.005306548301603464,0.4538991335258831,2.25,9.596468318226156,0.7290702090406955,0.9162303127634331,44.0,0.0,11,8,sponge_accessible_fraction
185,46.666666666666664,11.0,14.666666666666666,2.0,0.0,0.8333333333333334,0.8333333333333334,1.0,0.0,1.0,0.0010000000000000002,0.8333333333333333,1.2,2.3207944168063896,0.3,True,,resolved_oscillation,1.0,286.93333333333334,6.148571428571429,0.004261614613978214,0.7548306546985956,75.18665314791703,18.4334625276786,86.51704317719908,50.47305741257871,0.6656598513011153,0.0,1507.0445315604563,503.2929639911262,2.8915944165585095,0.33877934962163037,0.11716005110593469,0.7651632970451011,2.025,6.747832068374976,0.8133447456786812,0.9095840946157839,44.0,0.0,11,9,oscillator_mrna_total_half_life_min
186,60.0,11.0,14.666666666666666,2.0,0.0,0.8333333333333334,0.8333333333333334,1.0,0.0,1.0,0.0010000000000000002,0.8333333333333333,1.2,2.3207944168063896,0.3,True,,resolved_oscillation,1.0,383.0,6.383333333333334,0.005221932114882507,0.8332682434927235,104.83657676342796,17.479586589976257,115.93020160170263,67.92927105254,0.6664490861618799,0.0,2019.715509926061,480.1868911896612,3.0454618279794072,0.18333503819733862,0.06019942082773605,0.6254165740946457,2.466666666666667,8.225814254533173,0.8034124534297867,0.9181687990031738,44.0,0.0,11,10,Td_min
187,60.0,11.0,14.666666666666666,2.0,0.0,0.8333333333333334,0.8333333333333334,1.0,0.0,1.0,0.0010000000000000002,1.5,1.2,2.3207944168063896,0.3,True,,resolved_oscillation,1.0,382.6363636363636,6.377272727272727,0.004714752833111766,0.8320181782294481,100.65531885841233,16.90826383273189,105.85290546200781,65.16502040310095,0.6788429555713946,0.0,3319.944601143595,874.021571900227,4.8643686270178925,0.352138368519056,0.07239138221622297,0.8020439902243945,2.65,14.143223040341812,0.6860002364130665,0.8590543714483855,44.0,0.0,11,11,c31_tx_scale
188,60.0,11.0,14.666666666666666,2.0,0.0,0.8333333333333334,0.8333333333333334,1.0,0.0,1.0,0.0010000000000000002,1.5,0.6,2.3207944168063896,0.3,True,,resolved_oscillation,1.0,383.09090909090907,6.384848484848485,0.005407204696203555,0.8333156548445524,105.34418298844322,17.559226157364307,117.28816756430071,68.27597931689871,0.6649857617465591,0.0,1838.9750590257484,431.5808340876849,2.783644731560899,0.16373370557329503,0.05881990029722044,0.6009775605421017,2.433333333333333,7.445618152146198,0.8203130036721783,0.9259314977499861,44.0,0.0,11,12,c31_translation_scale
189,60.0,11.0,14.666666666666666,2.0,0.0,0.8333333333333334,0.8333333333333334,1.0,0.0,1.0,0.0010000000000000002,1.5,0.6,0.5,0.3,True,,resolved_oscillation,1.0,383.27272727272725,6.387878787878788,0.00607321799594998,0.8329726646473398,108.81849974107513,18.17566404882593,127.52877959258544,70.68545343326676,0.6542338709677419,0.0,431.11680827950573,92.00180311609553,0.6720436556498391,0.0334145933749815,0.049720867229482185,0.22372806043101534,2.2666666666666666,1.6691993506658378,0.9566189231995942,0.9833842719571491,44.0,0.0,11,13,c31_mrna_total_half_life_min
190,60.0,11.0,14.666666666666666,2.0,0.0,0.8333333333333334,0.8333333333333334,1.0,0.0,1.0,0.007368062997280772,1.5,0.6,0.5,0.3,True,,resolved_oscillation,1.0,383.27272727272725,6.387878787878788,0.006912010521272863,0.8327802616537662,108.71978351338714,18.18009375216778,127.44497945918499,70.62867855569033,0.6535815939278937,0.0,437.61332142035457,101.20286903134644,0.6781222602840717,0.04453869131840346,0.06567944149148826,0.22928238169295712,2.2666666666666666,1.7283692707141796,0.9562265433113829,0.9827788240132822,44.0,0.0,11,14,c31_promoter_leak
191,60.0,7.0,14.666666666666666,2.0,0.0,0.8333333333333334,0.8333333333333334,1.0,0.0,1.0,0.007368062997280772,1.5,0.6,0.5,0.3,True,,resolved_oscillation,1.0,347.1666666666667,5.786111111111111,0.016788342349099275,0.6025334167267085,57.3376319118759,22.789792648994958,66.66413268106332,43.800163368375976,0.6538646183389342,0.0,229.7169296547807,106.43477188743623,0.3302004655289459,0.07696302956515177,0.23307971247667753,0.0,3.316666666666667,1.0202557503211842,0.9786852362428899,0.9883230187018812,28.0,0.0,11,15,oscillator_plasmid_copies
