kind,mode,factor,init,init_bits,idx,certified,crossings,gates,reverse_events,cold_reads,steady_reads,cold_sequence,steady_sequence,causal_exactly_one_gate_and_flip,causal_order,causal_dirs_alternate,gate_contrast_passed,steady_min_commitment_all_bits,bit2_commitment_min,bit2_margin_to_band_low,bit2_margin_to_band_high,setup_min_h_global,hold_min_h_global,code,prefix_code,bit2_code,values_before,values_after,clipped,n_pairs,n_R,n_F,n_dropped,pattern,same_type_adjacent,windows_total,1pct_L_rev,1pct_L_rev_min,1pct_L_rev_max,1pct_L_fwd,1pct_L_fwd_min,1pct_L_fwd_max,1pct_L_symmetric,1pct_L_symmetric_min,1pct_L_symmetric_max,5pct_L_rev,5pct_L_rev_min,5pct_L_rev_max,5pct_L_fwd,5pct_L_fwd_min,5pct_L_fwd_max,5pct_L_symmetric,5pct_L_symmetric_min,5pct_L_symmetric_max,10pct_L_rev,10pct_L_rev_min,10pct_L_rev_max,10pct_L_fwd,10pct_L_fwd_min,10pct_L_fwd_max,10pct_L_symmetric,10pct_L_symmetric_min,10pct_L_symmetric_max,readout_ok,causal_ok,readout_ok_no_causal,alternation_broken,alternation_restored,outcome,ok,error,runtime_s,max_abs_change,changed_state
S2,mult,0.8,0,0,[44],True,14,14,14,56,48,12345670123456701234567012345670123456701234567012345670,123456701234567012345670123456701234567012345670,True,True,True,True,1.0,1.0,0.2828228503785888,0.2783721295930688,4.541951891804956,2.914103308355365,12345670123456701234567012345670123456701234567012345670,1001110010011100100111001001110010011100100111001001110010011100100111001001110010011100100111001001110010011100,00011110000111100001111000011110000111100001111000011110,[0.014163471516736923],[0.011330777213389539],0,6,7,7,1,FRFRFRFRFRFRFR,0,14,0.0212731443276481,0.0212225085705111,0.0213107217241949,0.0033784606171117,0.0033698064207499,0.0033813176201233,0.0124146765859774,0.0124016396947974,0.0124346796817603,0.021575860305702,0.021531126279433,0.0216132331281346,0.0067301396258093,0.0066142116165955,0.0068497738741088,0.0142245489338315,0.0141761754302035,0.0142883372949534,0.0216356382066663,0.0215888071781176,0.0216709479721707,0.0136832056679796,0.0133981883438507,0.0139542682790679,0.0177013960885126,0.0175403222075752,0.0178440920084247,True,True,False,False,True,recovered_original,True,,751.76,0.002832694303347384,True
S2,mult,1.2,2,10,[44],True,14,14,14,56,48,34567012345670123456701234567012345670123456701234567012,345670123456701234567012345670123456701234567012,True,True,True,True,1.0,1.0,0.2828220482222334,0.2783720917727452,4.541955114734776,2.914106566755322,34567012345670123456701234567012345670123456701234567012,1100100111001001110010011100100111001001110010011100100111001001110010011100100111001001110010011100100111001001,01111000011110000111100001111000011110000111100001111000,[0.01656728164230484],[0.019880737970765807],0,6,7,7,1,FRFRFRFRFRFRFR,0,14,0.0212895823858176,0.0212224964830305,0.0213266387106279,0.003378570012541,0.0033758327940075,0.0033909371820325,0.0124318228090945,0.0124016352624738,0.012445713734227,0.0215956886959592,0.0215311149610804,0.0216382849172496,0.0067458359333292,0.0066344019113937,0.0068730154313008,0.0142405527364992,0.0141930895704309,0.0143238849234051,0.0216561410637055,0.0215887960563627,0.0216966166597603,0.0137355319219998,0.0133981171482134,0.0140369758229919,0.0177406197876203,0.0175402823119756,0.0179007774960038,True,True,False,False,True,recovered_original,True,,738.39,0.003313456328460966,True
C2,mult,0.8,4,100,[43],True,14,14,14,56,48,56701234567012345670123456701234567012345670123456701234,567012345670123456701234567012345670123456701234,True,True,True,True,1.0,1.0,0.2828228382872524,0.2783717572318094,4.539421659478762,2.9141038696905213,56701234567012345670123456701234567012345670123456701234,1001110010011100100111001001110010011100100111001001110010011100100111001001110010011100100111001001110010011100,11100001111000011110000111100001111000011110000111100001,[0.0003113071550251101],[0.00024904572402008806],0,6,7,7,1,RFRFRFRFRFRFRF,0,14,0.0212820620904177,0.0212310986777096,0.0213415207465924,0.0033791258092267,0.0033767281042899,0.0033815714609337,0.0124233089988963,0.0124036648864973,0.0124447878490173,0.0215885272562437,0.0215405944934078,0.0216392757195973,0.0067124001191243,0.0065928247972337,0.0068274093174376,0.0142368956404252,0.014164103626523,0.0142731194650548,0.0216456425826853,0.0215984814618227,0.0216979736574658,0.0137385233873331,0.0134521141895131,0.01405086633973,0.0177327088339769,0.0175708111813442,0.0179102359568356,True,True,False,False,False,recovered_original,True,,721.5,6.226143100502202e-05,True
C2,mult,1.2,6,110,[43],True,14,14,14,56,48,70123456701234567012345670123456701234567012345670123456,701234567012345670123456701234567012345670123456,True,True,True,True,1.0,1.0,0.282822829318578,0.2783715286260863,4.539424874389511,2.914106566755322,70123456701234567012345670123456701234567012345670123456,1100100111001001110010011100100111001001110010011100100111001001110010011100100111001001110010011100100111001001,10000111100001111000011110000111100001111000011110000111,[2.237346581330919e-06],[2.6848158975971024e-06],0,6,7,7,1,RFRFRFRFRFRFRF,0,14,0.0212613941831198,0.0212113034442097,0.0213303015118321,0.0033786080889745,0.0033767274535136,0.003380520083826,0.0124155220742461,0.0124035627197008,0.0124403844826519,0.0215690594393092,0.0215220169504937,0.0216286426470382,0.0067323871190318,0.0065914903333582,0.006827390097178,0.0142342614514237,0.0141635445406727,0.0142731143285901,0.0216264798271461,0.0215802167851878,0.0216908589107337,0.0136197877888771,0.0133559609219194,0.0139919663288324,0.0176657534228577,0.017517930129518,0.0178782125744383,True,True,False,False,False,recovered_original,True,,725.49,4.474693162661835e-07,True
RDF2_full,mult,1.2,0,0,"[40, 41, 42]",True,14,14,14,56,48,12345670123456701234567012345670123456701234567012345670,123456701234567012345670123456701234567012345670,True,True,True,True,1.0,1.0,0.2828228503785888,0.2783721295930688,4.541951891804956,2.914103308355365,12345670123456701234567012345670123456701234567012345670,1001110010011100100111001001110010011100100111001001110010011100100111001001110010011100100111001001110010011100,00011110000111100001111000011110000111100001111000011110,"[2.0211319563661943e-06, 6.708350480417399e-05, 0.14335986852407417]","[2.425358347639433e-06, 8.050020576500878e-05, 0.172031842228889]",0,6,7,7,1,FRFRFRFRFRFRFR,0,14,0.0212731443278093,0.0212225085705111,0.0213160939957561,0.0033792112076542,0.0033767279207834,0.0033813176204675,0.0124211904596091,0.0124016396947974,0.012434683848012,0.0215758603059706,0.021531126279433,0.0216283356723295,0.0067397813389081,0.0066142116172703,0.0068497738741089,0.0142379597892401,0.0141761754311875,0.0142883372949536,0.0216356382069596,0.0215888071781176,0.0216868216483069,0.0136832056686819,0.0133981883438507,0.0139945356074067,0.0177013960891084,0.0175403222075752,0.0178778113412431,True,True,False,False,True,recovered_original,True,,726.47,0.028671973704814835,True
Int2_full,mult,0.8,2,10,"[34, 35, 36]",True,14,14,14,56,48,34567012345670123456701234567012345670123456701234567012,345670123456701234567012345670123456701234567012,True,True,True,True,1.0,1.0,0.2828226810929986,0.2783720956065909,4.541955114734776,2.914106566755322,34567012345670123456701234567012345670123456701234567012,1100100111001001110010011100100111001001110010011100100111001001110010011100100111001001110010011100100111001001,01111000011110000111100001111000011110000111100001111000,"[1.6256151009385736e-08, 2.0235587328319057e-07, 6.357557141764703e-07]","[1.3004920807508589e-08, 1.6188469862655245e-07, 5.086045713411762e-07]",0,6,7,7,1,FRFRFRFRFRFRFR,0,14,0.021284229406582,0.021222496482651,0.0213266387106278,0.0033785689230903,0.0033758327940075,0.0033823028531222,0.0124252428254051,0.0124016352615374,0.0124383867851631,0.0215866423760875,0.0215311149604358,0.0216382849172495,0.0067458359329156,0.0066344019113937,0.0068497670412326,0.0142405527359079,0.0141930895704309,0.0142908749019095,0.0216463351159365,0.0215887960556634,0.0216966166597601,0.0137123718440568,0.0133981171465733,0.0140369758229915,0.0177208561541803,0.017540282310563,0.0179007774960035,True,True,False,False,True,recovered_original,True,,553.92,1.2715114283529406e-07,True
Int2_full,mult,1.2,4,100,"[34, 35, 36]",True,14,14,14,56,48,56701234567012345670123456701234567012345670123456701234,567012345670123456701234567012345670123456701234,True,True,True,True,1.0,1.0,0.2828228381532938,0.2783717529399602,4.539421659478762,2.9141038696905213,56701234567012345670123456701234567012345670123456701234,1001110010011100100111001001110010011100100111001001110010011100100111001001110010011100100111001001110010011100,11100001111000011110000111100001111000011110000111100001,"[3.215289470337524e-07, 0.00014915334368524475, 0.0007508828927209723]","[3.8583473644050285e-07, 0.0001789840124222937, 0.0009010594712651667]",0,6,7,7,1,RFRFRFRFRFRFRF,0,14,0.0212820620904261,0.0212310986777096,0.0213419910014405,0.0033791258094832,0.0033767281042899,0.0033815714609339,0.0124233089988989,0.0124036648864973,0.0124449313153975,0.0215885272562522,0.0215405944934078,0.0216397540216247,0.0067124302521358,0.0065928247972337,0.0068274093174376,0.0142368956585136,0.014164103626523,0.0142731194650548,0.0216456425826938,0.0215984814618227,0.0216984535755364,0.0137385233873369,0.0134521141895131,0.0140510860697125,0.0177327088339824,0.0175708111813442,0.0179105464560921,True,True,False,False,False,recovered_original,True,,495.28,0.00015017657854419445,True
A1_full,mult,0.8,6,110,"[45, 47, 48]",True,14,14,14,56,48,70123456701234567012345670123456701234567012345670123456,701234567012345670123456701234567012345670123456,True,True,True,True,1.0,1.0,0.2828228293125004,0.278371528431369,4.539424874389511,2.914106566755322,70123456701234567012345670123456701234567012345670123456,1100100111001001110010011100100111001001110010011100100111001001110010011100100111001001110010011100100111001001,10000111100001111000011110000111100001111000011110000111,"[0.2091324480652995, 0.02563990622586745, 0.48556807662198176]","[0.1673059584522396, 0.02051192498069396, 0.38845446129758543]",0,6,7,7,1,RFRFRFRFRFRFRF,0,14,0.0212614047647684,0.0212113034442097,0.0213303015118321,0.0033786080889745,0.0033767274535136,0.0033805202194454,0.0124155253129582,0.0124035627197008,0.0124403844826519,0.0215690702084405,0.0215220169504937,0.0216286426470382,0.0067323871190318,0.0065914930080193,0.0068273900977127,0.0142342614514237,0.014163553157421,0.0142731143302427,0.0216264906319184,0.0215802167851878,0.0216908589107337,0.013619792668491,0.0133559609219194,0.0139919663288324,0.0176657603432695,0.017517930129518,0.0178782125744383,True,True,False,False,False,recovered_original,True,,492.34,0.09711361532439633,True
F1_full,mult,0.8,0,0,"[46, 49, 50]",True,14,14,14,56,48,12345670123456701234567012345670123456701234567012345670,123456701234567012345670123456701234567012345670,True,True,True,True,1.0,1.0,0.282822842707554,0.2783721295930688,4.541951891804956,2.914103308355365,12345670123456701234567012345670123456701234567012345670,1001110010011100100111001001110010011100100111001001110010011100100111001001110010011100100111001001110010011100,00011110000111100001111000011110000111100001111000011110,"[2.2471455897654495, 0.08221336817577492, 1.931734251899033]","[1.7977164718123597, 0.06577069454061994, 1.5453874015192266]",0,6,7,7,1,FRFRFRFRFRFRFR,0,14,0.0212731443278119,0.0212225085705111,0.0213162338959843,0.0033792112220555,0.0033767279207834,0.003381317620473,0.0124211904596153,0.0124016396947974,0.0124347254041602,0.0215758603059748,0.021531126279433,0.0216285745713342,0.006739932981046,0.006614211617281,0.0068497738741089,0.0142381787318885,0.0141761754312031,0.0142883372949536,0.0216356382069642,0.0215888071781176,0.0216870810160518,0.013683205668693,0.0133981883438507,0.0139951689308738,0.0177013960891178,0.0175403222075752,0.0178783420608246,True,True,False,False,True,recovered_original,True,,491.26,0.4494291179530898,True
F1_full,mult,1.2,2,10,"[46, 49, 50]",True,14,14,14,56,48,34567012345670123456701234567012345670123456701234567012,345670123456701234567012345670123456701234567012,True,True,True,True,1.0,1.0,0.2828226810930574,0.2783720956065914,4.541955114734776,2.914106566755322,34567012345670123456701234567012345670123456701234567012,1100100111001001110010011100100111001001110010011100100111001001110010011100100111001001110010011100100111001001,01111000011110000111100001111000011110000111100001111000,"[0.030218787555939312, 0.0001395616142695354, 0.0032509360539304134]","[0.03626254506712717, 0.00016747393712344247, 0.003901123264716496]",0,6,7,7,1,FRFRFRFRFRFRFR,0,14,0.0212842294059934,0.021222496482651,0.0213266387106278,0.0033785689230902,0.0033758327940075,0.0033823028531222,0.0124252428250844,0.0124016352615374,0.0124383867851631,0.0215866423751649,0.0215311149604358,0.0216382849172495,0.0067458359329156,0.0066344019113937,0.006849767041167,0.0142405527359079,0.0141930895704309,0.0142908749009185,0.0216463351149451,0.0215887960556634,0.0216966166597601,0.013712371843988,0.0133981171465733,0.0140369758229915,0.0177208561536382,0.017540282310563,0.0179007774960035,True,True,False,False,True,recovered_original,True,,484.5,0.00604375751118786,True
S2,add,0.1,4,100,[44],True,14,14,14,56,48,56701234567012345670123456701234567012345670123456701234,567012345670123456701234567012345670123456701234,True,True,True,True,1.0,1.0,0.2828228441246049,0.278371944252909,4.539421659478762,2.9141038696905213,56701234567012345670123456701234567012345670123456701234,1001110010011100100111001001110010011100100111001001110010011100100111001001110010011100100111001001110010011100,11100001111000011110000111100001111000011110000111100001,[0.9989275887462064],[1.0],1,6,7,7,1,RFRFRFRFRFRFRF,0,14,0.0212820620900532,0.0212310986777096,0.0213208787881501,0.0033791257980486,0.0033767281042899,0.0033815714609291,0.0124233089987848,0.0124036648864973,0.0124384891284492,0.0215885272558728,0.0215405944934078,0.0216188579436177,0.0067110857721163,0.0065928247972337,0.0068274093174376,0.0142368948522084,0.0141641036265229,0.0142731194650548,0.0216456425823131,0.0215984814618227,0.0216812406984726,0.0137385233871662,0.0134521141895131,0.0140412829658854,0.0177327088337388,0.0175708111813442,0.0178966360907149,True,True,False,False,False,recovered_original,True,,492.02,0.001072411253793648,True
S2,add,-0.1,6,110,[44],True,14,14,14,56,48,70123456701234567012345670123456701234567012345670123456,701234567012345670123456701234567012345670123456,True,True,True,True,1.0,1.0,0.2828191225923676,0.2782528853586126,4.48740013175669,2.914106566755322,70123456701234567012345670123456701234567012345670123456,1100100111001001110010011100100111001001110010011100100111001001110010011100100111001001110010011100100111001001,10000111100001111000011110000111100001111000011110000111,[0.9824225616845219],[0.8824225616845219],0,6,7,7,1,RFRFRFRFRFRFRF,0,14,0.0212783213159077,0.0212113034442964,0.0235509535808263,0.0033786080889745,0.0033767274563002,0.0034894286236669,0.0124208442694048,0.0124035627197274,0.0132238743230916,0.0215822426844508,0.0215220169505819,0.023938263691324,0.006769135509102,0.0066724385968005,0.0084065823185557,0.0142436170850715,0.0142115773079012,0.0159430138344471,0.0216423098565192,0.0215802167852763,0.0240115082840727,0.0137206928779864,0.0133559609219575,0.0187070883617057,0.0177224983260996,0.0175179301295735,0.0212809499106903,True,True,False,False,False,recovered_original,True,,492.7,0.09999999999999998,True
S2,add,-0.2,0,0,[44],True,14,14,14,56,48,12345670123456701234567012345670123456701234567012345670,123456701234567012345670123456701234567012345670,True,True,True,True,1.0,1.0,0.2828228503785888,0.2783721295930688,4.541951891804956,2.914103308355365,12345670123456701234567012345670123456701234567012345670,1001110010011100100111001001110010011100100111001001110010011100100111001001110010011100100111001001110010011100,00011110000111100001111000011110000111100001111000011110,[0.014163471516736923],[0.0],1,6,7,7,1,FRFRFRFRFRFRFR,0,14,0.0212678854947735,0.0212225085705111,0.0213107151670542,0.003378457137361,0.0033315621561011,0.0033813176188065,0.0124131230855438,0.0123251440629291,0.0124346637462202,0.0215621455095849,0.021531126279433,0.0216087779344452,0.0067199104063336,0.0066142116140145,0.0068497738741083,0.0142245389523379,0.0141056808344869,0.0142883372949527,0.0216168484917895,0.0215888071781176,0.0216709360875998,0.0136832056652933,0.0133981883438507,0.0138773483477616,0.0176899758925284,0.0175403222075752,0.0178131784595771,True,True,False,False,True,recovered_original,True,,487.91,0.014163471516736923,True
S2,flip,,2,10,[44],True,14,14,14,56,48,70123456701234567012345670123456701234567012345670123456,701234567012345670123456701234567012345670123456,True,True,True,True,1.0,1.0,0.2828228469756982,0.2783720831802955,4.5394248743996855,2.914106566755322,70123456701234567012345670123456701234567012345670123456,1100100111001001110010011100100111001001110010011100100111001001110010011100100111001001110010011100100111001001,10000111100001111000011110000111100001111000011110000111,[0.01656728164230484],[0.9834327183576952],0,6,7,7,1,RFRFRFRFRFRFRF,0,14,0.021241136532484,0.0212113034437232,0.0213303015118277,0.0033786080889733,0.0033767274322827,0.0033800485665355,0.0124078721131484,0.012403562719417,0.0124403844826492,0.0215500257223625,0.0215220169500035,0.0216286426470338,0.0067323871189482,0.006585856659696,0.006827387377042,0.0142342614512866,0.0141436287354709,0.0142731081372328,0.0216077576310995,0.021580216784697,0.0216908589107293,0.0136096654408211,0.0133559609218799,0.013991966328832,0.0176501657297241,0.0175179301292824,0.0178782125744361,True,True,False,False,False,legal_mod8_shift,True,,314.19,0.9668654367153904,True
S2,mult,0.8,1,1,[44],True,14,14,14,56,48,23456701234567012345670123456701234567012345670123456701,234567012345670123456701234567012345670123456701,True,True,True,True,1.0,1.0,0.2828217980554457,0.2783716272251625,4.540690439985156,2.9153856994494163,23456701234567012345670123456701234567012345670123456701,0111001001110010011100100111001001110010011100100111001001110010011100100111001001110010011100100111001001110010,00111100001111000011110000111100001111000011110000111100,[0.0164164671424923],[0.013133173713993841],0,6,7,7,1,FRFRFRFRFRFRFR,0,14,0.0212919379027278,0.0212577344315255,0.0213324511592322,0.0033789743521406,0.0033668205897039,0.0033808508459411,0.0124279025038397,0.0124044170142309,0.0124330493945665,0.0215937588678976,0.0215642257283369,0.0216437902073753,0.0067195044443044,0.0066042084342243,0.0068391726374338,0.0142349333339177,0.0141723319221084,0.0142813228814685,0.0216532971894915,0.0216213658895699,0.0217020429874448,0.0137803142951032,0.0133824815664066,0.0140665410516612,0.017757323777209,0.0175435997400822,0.0179178015724013,True,True,False,False,True,recovered_original,True,,749.64,0.0032832934284984586,True
S2,mult,1.2,3,11,[44],True,15,15,15,56,48,45670123456701234567012345670123456701234567012345670123,456701234567012345670123456701234567012345670123,True,True,True,True,1.0,1.0,0.282822677741623,0.2783670637334696,4.5432210758633005,2.9153889508289126,45670123456701234567012345670123456701234567012345670123,0010011100100111001001110010011100100111001001110010011100100111001001110010011100100111001001110010011100100111,11110000111100001111000011110000111100001111000011110000,[0.017176161674143868],[0.02061139400897264],0,7,7,8,1,FRFRFRFRFRFRFRF,0,15,0.0212835595371091,0.0212175466455989,0.0218351525311232,0.0033790855177075,0.0033764740777626,0.0033969553258724,0.0124261127926702,0.0123997898094285,0.0127201450622253,0.021588792628725,0.0215264690150198,0.0221439212828338,0.0067235065121622,0.0066043882210081,0.0068391477537449,0.0142497212361132,0.0141751268616475,0.0145041555178904,0.0216456163160545,0.0215842277840615,0.0222014142508538,0.0137124909921582,0.0133702049583786,0.0140242517872049,0.0177206328439442,0.0175245359887263,0.0180931459280187,True,True,False,False,False,recovered_original,True,,738.24,0.003435232334828772,True
C2,mult,0.8,5,101,[43],True,14,14,14,56,48,67012345670123456701234567012345670123456701234567012345,670123456701234567012345670123456701234567012345,True,True,True,True,1.0,1.0,0.2828227299462519,0.278368584589348,4.543224275755222,2.915385697162151,67012345670123456701234567012345670123456701234567012345,0111001001110010011100100111001001110010011100100111001001110010011100100111001001110010011100100111001001110010,11000011110000111100001111000011110000111100001111000011,[0.00027458767657376215],[0.00021967014125900974],0,6,7,7,1,RFRFRFRFRFRFRF,0,14,0.0212769027935917,0.0212163408468999,0.0213355142325804,0.0033796312513773,0.0033784510875517,0.003382585586328,0.0124212798935161,0.0124055043551979,0.0124422806105899,0.0215836702011658,0.0215267512612575,0.0216335620777913,0.0067425457638862,0.0066228608651053,0.0068592305264806,0.0142410668805311,0.0141843931727064,0.0142941392828482,0.0216408620511401,0.0215848729885285,0.0216923382766083,0.0137095199273734,0.0133839240076962,0.0140214513659899,0.0177162985787268,0.0175337470481693,0.0178932091265723,True,True,False,False,False,recovered_original,True,,721.54,5.491753531475241e-05,True
C2,mult,1.2,7,111,[43],True,15,15,15,56,48,01234567012345670123456701234567012345670123456701234567,012345670123456701234567012345670123456701234567,True,True,True,True,1.0,1.0,0.2828209740195319,0.2783715800283476,4.540687601649779,2.9153889508289126,01234567012345670123456701234567012345670123456701234567,0010011100100111001001110010011100100111001001110010011100100111001001110010011100100111001001110010011100100111,00001111000011110000111100001111000011110000111100001111,[0.00014008062268287675],[0.0001680967472194521],0,7,8,7,1,RFRFRFRFRFRFRFR,0,15,0.0212893329993792,0.0212261176778354,0.0213306493541798,0.0033792601309327,0.0033764405562787,0.0034767738930034,0.012426528607494,0.012401798464264,0.0124934246101776,0.021595512070038,0.0215359179138625,0.0216434891061,0.0067753280960889,0.0066235222611925,0.0068592102552999,0.0142621389888085,0.0141854967713465,0.0142941328499453,0.0216525535563029,0.0215938829457731,0.0217021087661438,0.0136514598888852,0.0133030888223748,0.014080871560394,0.0176834110728686,0.0175326781454928,0.0179268671337898,True,True,False,False,False,recovered_original,True,,726.76,2.8016124536575345e-05,True
RDF2_full,mult,1.2,1,1,"[40, 41, 42]",True,14,14,14,56,48,23456701234567012345670123456701234567012345670123456701,234567012345670123456701234567012345670123456701,True,True,True,True,1.0,1.0,0.2828211851499028,0.2783716235123171,4.540690440236801,2.9153856994494163,23456701234567012345670123456701234567012345670123456701,0111001001110010011100100111001001110010011100100111001001110010011100100111001001110010011100100111001001110010,00111100001111000011110000111100001111000011110000111100,"[1.9101731347997775e-06, 2.7520961949786927e-05, 9.996741044035709e-05]","[2.292207761759733e-06, 3.302515433974431e-05, 0.00011996089252842851]",0,6,7,7,1,FRFRFRFRFRFRFR,0,14,0.0212921386246874,0.0212577344315255,0.0213324531066241,0.0033789743521406,0.003376040886101,0.0033808508459411,0.0124312817723367,0.0124150598320923,0.0124330542096717,0.0215951131221971,0.0215642257283369,0.0216437935236598,0.0067195065528767,0.0066042084342243,0.0068391726374338,0.0142456342213936,0.0141723319221084,0.0142813228814685,0.0216549563235436,0.0216213658895699,0.0217020465863319,0.0137803142951034,0.0134273950302905,0.0140665498724165,0.0177573237772091,0.0175822210756552,0.0179178089447033,True,True,False,False,True,recovered_original,True,,725.09,1.9993482088071418e-05,True
Int2_full,mult,0.8,3,11,"[34, 35, 36]",True,15,15,15,56,48,45670123456701234567012345670123456701234567012345670123,456701234567012345670123456701234567012345670123,True,True,True,True,1.0,1.0,0.2828226778578907,0.2783670674582644,4.5432210758633005,2.9153889508289126,45670123456701234567012345670123456701234567012345670123,0010011100100111001001110010011100100111001001110010011100100111001001110010011100100111001001110010011100100111,11110000111100001111000011110000111100001111000011110000,"[1.3404924114228082e-07, 3.852948667119735e-05, 0.00014856838158477497]","[1.0723939291382466e-07, 3.082358933695788e-05, 0.00011885470526781999]",0,7,7,8,1,FRFRFRFRFRFRFRF,0,15,0.0212835575558557,0.0212175466455989,0.0218248105911458,0.0033790855177075,0.0033764740777626,0.0033850624915556,0.0124261079541439,0.0123997898094285,0.0126929575314771,0.0215887892965286,0.0215264690150198,0.0221264357960484,0.0067235065121622,0.0066043840726475,0.0068391477529327,0.0142497212361132,0.014175120791277,0.0144702319389484,0.0216456127068488,0.0215842277840615,0.0221824647675132,0.0137124823639916,0.0133702049583786,0.0140242517872049,0.017720625515688,0.0175245359887263,0.0180521625299359,True,True,False,False,False,recovered_original,True,,554.95,2.9713676316954986e-05,True
Int2_full,mult,1.2,5,101,"[34, 35, 36]",True,14,14,14,56,48,67012345670123456701234567012345670123456701234567012345,670123456701234567012345670123456701234567012345,True,True,True,True,1.0,1.0,0.2828227298574859,0.278368581745544,4.543224275755279,2.915385697162151,67012345670123456701234567012345670123456701234567012345,0111001001110010011100100111001001110010011100100111001001110010011100100111001001110010011100100111001001110010,11000011110000111100001111000011110000111100001111000011,"[2.5775408949955504e-07, 7.5081724303074e-05, 0.0002898299672611057]","[3.0930490739946604e-07, 9.00980691636888e-05, 0.00034779596071332684]",0,6,7,7,1,RFRFRFRFRFRFRF,0,14,0.0212769027935917,0.0212163409049719,0.0213355142325915,0.003379631251552,0.0033784510875517,0.0033825874601267,0.0124212798935161,0.0124055043730124,0.0124422806105933,0.0215836702011658,0.0215267513203726,0.0216335620778026,0.0067425457677016,0.0066228608651053,0.0068592305264806,0.0142410668925141,0.0141843931727064,0.0142941392828482,0.0216408620511401,0.0215848730478428,0.0216923382766196,0.0137095199273734,0.0133839240332871,0.0140214513659951,0.0177162985787268,0.0175337470854254,0.0178932091265796,True,True,False,False,False,recovered_original,True,,493.01,5.796599345222114e-05,True
A1_full,mult,0.8,7,111,"[45, 47, 48]",True,15,15,15,56,48,01234567012345670123456701234567012345670123456701234567,012345670123456701234567012345670123456701234567,True,True,True,True,1.0,1.0,0.2828209719452131,0.2783715800157811,4.540687601649779,2.9153889508289126,01234567012345670123456701234567012345670123456701234567,0010011100100111001001110010011100100111001001110010011100100111001001110010011100100111001001110010011100100111,00001111000011110000111100001111000011110000111100001111,"[0.30431371410924246, 0.0253741090891145, 0.594656474416297]","[0.24345097128739399, 0.0202992872712916, 0.4757251795330376]",0,7,8,7,1,RFRFRFRFRFRFRFR,0,15,0.0212893343673657,0.0212261176778354,0.0213306493541798,0.0033792601309343,0.0033764405562787,0.0034772398852192,0.0124265290258638,0.012401798464264,0.0124935636268324,0.0215955134621716,0.0215359179138625,0.0216434891061,0.0067753280960889,0.0066235224321205,0.0068592102553348,0.0142621389888085,0.0141854973276263,0.0142964741729867,0.0216525549530217,0.0215938829457731,0.0217021087661438,0.0136514598890018,0.0133250637750543,0.014080871560394,0.0176834110730362,0.0175433738913832,0.0179268671337898,True,True,False,False,False,recovered_original,True,,492.05,0.11893129488325938,True
F1_full,mult,0.8,1,1,"[46, 49, 50]",True,14,14,14,56,48,23456701234567012345670123456701234567012345670123456701,234567012345670123456701234567012345670123456701,True,True,True,True,1.0,1.0,0.282821183482595,0.2783716235022176,4.540690440237484,2.9153856994494163,23456701234567012345670123456701234567012345670123456701,0111001001110010011100100111001001110010011100100111001001110010011100100111001001110010011100100111001001110010,00111100001111000011110000111100001111000011110000111100,"[2.241830617020212, 0.0821999786647533, 1.9270833230514293]","[1.7934644936161697, 0.06575998293180264, 1.5416666584411436]",0,6,7,7,1,FRFRFRFRFRFRFR,0,14,0.0212921526257272,0.0212577344315255,0.0213324531119217,0.0033789743521406,0.0033760408918377,0.0033808508459411,0.0124313163812374,0.0124150598320923,0.0124330542227704,0.0215951368734853,0.0215642257283369,0.0216437935326813,0.0067195065586127,0.0066042084342243,0.0068391726374338,0.0142456342296607,0.0141723319221084,0.0142813228814685,0.0216549820829046,0.0216213658895699,0.0217020465961222,0.0137803142951034,0.0134275163081659,0.0140665498964119,0.0177573237772091,0.017582325452227,0.0179178089647585,True,True,False,False,True,recovered_original,True,,488.68,0.44836612340404236,True
F1_full,mult,1.2,3,11,"[46, 49, 50]",True,15,15,15,56,48,45670123456701234567012345670123456701234567012345670123,456701234567012345670123456701234567012345670123,True,True,True,True,1.0,1.0,0.2828226778599749,0.2783670675250367,4.5432210758633005,2.9153889508289126,45670123456701234567012345670123456701234567012345670123,0010011100100111001001110010011100100111001001110010011100100111001001110010011100100111001001110010011100100111,11110000111100001111000011110000111100001111000011110000,"[0.018590758394153157, 0.0006862925902004764, 0.016046861573732]","[0.022308910072983787, 0.0008235511082405716, 0.019256233888478396]",0,7,7,8,1,FRFRFRFRFRFRFRF,0,15,0.02128355752034,0.0212175466455989,0.0218245885929129,0.0033790855177075,0.0033764740777626,0.003385067885179,0.0124261078674088,0.0123997898094285,0.012692857051243,0.021588789236796,0.0215264690150198,0.0221260887490919,0.0067235065121622,0.0066043839982842,0.0068391477529181,0.0142497212361132,0.0141751206824599,0.0144700690754159,0.0216456126421505,0.0215842277840615,0.0221820920500421,0.0137124822093236,0.0133702049583786,0.0140242517872049,0.0177206253843221,0.0175245359887263,0.0180519877748966,True,True,False,False,False,recovered_original,True,,483.84,0.00371815167883063,True
S2,add,0.1,5,101,[44],True,14,14,14,56,48,67012345670123456701234567012345670123456701234567012345,670123456701234567012345670123456701234567012345,True,True,True,True,1.0,1.0,0.2828228174179191,0.2783713869909551,4.5432242757191545,2.915385697162151,67012345670123456701234567012345670123456701234567012345,0111001001110010011100100111001001110010011100100111001001110010011100100111001001110010011100100111001001110010,11000011110000111100001111000011110000111100001111000011,[0.9833704893381378],[1.0],1,6,7,7,1,RFRFRFRFRFRFRF,0,14,0.0212769027935917,0.0209156172002307,0.0213355142216071,0.003379631079257,0.0033784510875517,0.0033810752310457,0.0124212798935161,0.0123104250025879,0.0124422806072416,0.0215836702011658,0.0212190596461092,0.02163356206663,0.0067406699786524,0.0066228608651053,0.0068592305264806,0.0142276046515877,0.0141229185796119,0.0142941392828482,0.0216408620511401,0.0212757729606513,0.0216923382654092,0.0137095199273734,0.0133438087673533,0.0140214513608766,0.0177162985787268,0.0173831901366908,0.0178932091193366,True,True,False,False,False,recovered_original,True,,491.93,0.016629510661862246,True
S2,add,-0.1,7,111,[44],True,15,15,15,56,48,01234567012345670123456701234567012345670123456701234567,012345670123456701234567012345670123456701234567,True,True,True,True,1.0,1.0,0.2828185266496402,0.2783715652026123,4.540687601649779,2.9153889508289126,01234567012345670123456701234567012345670123456701234567,0010011100100111001001110010011100100111001001110010011100100111001001110010011100100111001001110010011100100111,00001111000011110000111100001111000011110000111100001111,[0.9783822446498289],[0.878382244649829],0,7,8,7,1,RFRFRFRFRFRFRFR,0,15,0.0212909460942483,0.0212261176778354,0.0235448939572125,0.0033792601328233,0.0033764405562787,0.0035710232219084,0.0124270219316909,0.0124017984642641,0.01324570191567,0.0215971536419831,0.0215359179138626,0.0239035945618571,0.0067753280960889,0.0066237239155668,0.0080119267980051,0.0142621389888085,0.0141861527642509,0.0157093221381846,0.0216542005357127,0.0215938829457731,0.0239791295990131,0.0137682868451824,0.0134239677057459,0.0171348511461121,0.0177511192543991,0.0175549336956068,0.020449992001881,True,True,False,False,False,recovered_original,True,,493.58,0.09999999999999998,True
S2,add,-0.2,1,1,[44],True,14,14,14,56,48,23456701234567012345670123456701234567012345670123456701,234567012345670123456701234567012345670123456701,True,True,True,True,1.0,1.0,0.2828228336704015,0.2783716413041154,4.540690439030925,2.9153856994494163,23456701234567012345670123456701234567012345670123456701,0111001001110010011100100111001001110010011100100111001001110010011100100111001001110010011100100111001001110010,00111100001111000011110000111100001111000011110000111100,[0.0164164671424923],[0.0],1,6,7,7,1,FRFRFRFRFRFRFR,0,14,0.0212919379027276,0.0212286684399797,0.0213324437747812,0.0033789743521404,0.0033225348664756,0.0033808508459411,0.0124279025021164,0.0123035036278168,0.0124330311357572,0.0215937588678974,0.0215022570081477,0.0216437776321482,0.0066846681338808,0.0066042084342243,0.0068391726374338,0.0142227809468402,0.0141072131430273,0.0142813228814685,0.0216532971894912,0.0215527514463841,0.0217020293406032,0.0137803142951027,0.0132058274503084,0.0140665076034888,0.0177573237772085,0.0173922959223726,0.0179177736167627,True,True,False,False,True,recovered_original,True,,488.5,0.0164164671424923,True
S2,flip,,3,11,[44],True,15,15,15,56,48,01234567012345670123456701234567012345670123456701234567,012345670123456701234567012345670123456701234567,True,True,True,True,1.0,1.0,0.2828182613139623,0.2783716252165297,4.2773768617689685,2.9153889508289126,01234567012345670123456701234567012345670123456701234567,0010011100100111001001110010011100100111001001110010011100100111001001110010011100100111001001110010011100100111,00001111000011110000111100001111000011110000111100001111,[0.017176161674143868],[0.9828238383258562],0,7,8,7,1,RFRFRFRFRFRFRFR,0,15,0.0212910369514001,0.0212261176776006,0.0224962923513164,0.0033792591323311,0.0033764405561738,0.0035702057153798,0.0124269892234094,0.0124017984641274,0.0129642515107285,0.0215972483787074,0.021535917913626,0.0228448196402013,0.0067753280960097,0.0066236877695599,0.0080697989435241,0.0142621389888071,0.0141861566376252,0.0154034450227016,0.0216542960386785,0.0215938829455362,0.0229183429829028,0.0137684153459479,0.013423967705728,0.0173380710637193,0.0177512173522803,0.0175549336954937,0.0201078634126442,True,True,False,False,False,legal_mod8_shift,True,,317.12,0.9656476766517124,True
S2,mult,0.8,2,10,[44],True,14,14,14,56,48,34567012345670123456701234567012345670123456701234567012,345670123456701234567012345670123456701234567012,True,True,True,True,1.0,1.0,0.2828228488109819,0.2783720993576208,4.541955114734776,2.914106566755322,34567012345670123456701234567012345670123456701234567012,1100100111001001110010011100100111001001110010011100100111001001110010011100100111001001110010011100100111001001,01111000011110000111100001111000011110000111100001111000,[0.01656728164230484],[0.013253825313843873],0,6,7,7,1,FRFRFRFRFRFRFR,0,14,0.0212789622320108,0.0212224964822796,0.0213266387106278,0.0033773296941032,0.0033681245808633,0.0033823028531222,0.0124200478777072,0.0123936846602732,0.0124383867851631,0.0215777769535878,0.0215311149598051,0.0216382849172494,0.006745835932511,0.0066344019113937,0.0068266768133053,0.0142405527353294,0.0141930895704309,0.0142604434590024,0.0216367319361169,0.0215887960549792,0.02169661665976,0.0136893701426882,0.0133981171449685,0.0140369758229912,0.0177012618478859,0.0175402823091808,0.0179007774960032,True,True,False,False,True,recovered_original,True,,750.34,0.003313456328460968,True
S2,mult,1.2,4,100,[44],True,14,14,14,56,48,56701234567012345670123456701234567012345670123456701234,567012345670123456701234567012345670123456701234,True,True,True,True,1.0,1.0,0.2828228441246049,0.278371944252909,4.539421659478762,2.9141038696905213,56701234567012345670123456701234567012345670123456701234,1001110010011100100111001001110010011100100111001001110010011100100111001001110010011100100111001001110010011100,11100001111000011110000111100001111000011110000111100001,[0.9989275887462064],[1.0],1,6,7,7,1,RFRFRFRFRFRFRF,0,14,0.0212820620900532,0.0212310986777096,0.0213208787881501,0.0033791257980486,0.0033767281042899,0.0033815714609291,0.0124233089987848,0.0124036648864973,0.0124384891284492,0.0215885272558728,0.0215405944934078,0.0216188579436177,0.0067110857721163,0.0065928247972337,0.0068274093174376,0.0142368948522084,0.0141641036265229,0.0142731194650548,0.0216456425823131,0.0215984814618227,0.0216812406984726,0.0137385233871662,0.0134521141895131,0.0140412829658854,0.0177327088337388,0.0175708111813442,0.0178966360907149,True,True,False,False,False,recovered_original,True,,736.14,0.001072411253793648,True
C2,mult,0.8,6,110,[43],True,14,14,14,56,48,70123456701234567012345670123456701234567012345670123456,701234567012345670123456701234567012345670123456,True,True,True,True,1.0,1.0,0.2828228293185917,0.2783715286265271,4.539424874389511,2.914106566755322,70123456701234567012345670123456701234567012345670123456,1100100111001001110010011100100111001001110010011100100111001001110010011100100111001001110010011100100111001001,10000111100001111000011110000111100001111000011110000111,[2.237346581330919e-06],[1.7898772650647351e-06],0,6,7,7,1,RFRFRFRFRFRFRF,0,14,0.0212613941592247,0.0212113034442097,0.0213303015118321,0.0033786080889745,0.0033767274535136,0.0033805200835288,0.012415522066935,0.0124035627197008,0.0124403844826519,0.0215690594149909,0.0215220169504937,0.0216286426470382,0.0067323871190318,0.0065914903274495,0.0068273900971768,0.0142342614514237,0.0141635445212801,0.0142731143285863,0.0216264798027472,0.0215802167851878,0.0216908589107337,0.013619787778066,0.0133559609219194,0.0139919663288324,0.0176657534073333,0.017517930129518,0.0178782125744383,True,True,False,False,False,recovered_original,True,,722.05,4.4746931626618373e-07,True
RDF2_full,mult,0.8,0,0,"[40, 41, 42]",True,14,14,14,56,48,12345670123456701234567012345670123456701234567012345670,123456701234567012345670123456701234567012345670,True,True,True,True,1.0,1.0,0.282822849690151,0.2783721295930688,4.541951891804956,2.914103308355365,12345670123456701234567012345670123456701234567012345670,1001110010011100100111001001110010011100100111001001110010011100100111001001110010011100100111001001110010011100,00011110000111100001111000011110000111100001111000011110,"[2.0211319563661943e-06, 6.708350480417399e-05, 0.14335986852407417]","[1.6169055650929554e-06, 5.366680384333919e-05, 0.11468789481925934]",0,6,7,7,1,FRFRFRFRFRFRFR,0,14,0.0212731443278097,0.0212225085705111,0.0213161170797714,0.0033792112100304,0.0033767279207834,0.0033813176204684,0.0124211904596101,0.0124016396947974,0.0124346838588938,0.0215758603059713,0.021531126279433,0.0216283750905754,0.0067398063616644,0.0066142116172721,0.0068497738741089,0.0142379959169645,0.0141761754311901,0.0142883372949536,0.0216356382069604,0.0215888071781176,0.0216868644437176,0.0136832056686838,0.0133981883438507,0.013994640113289,0.0177013960891099,0.0175403222075752,0.0178778989154424,True,True,False,False,True,recovered_original,True,,725.45,0.028671973704814835,True
RDF2_full,mult,1.2,2,10,"[40, 41, 42]",True,14,14,14,56,48,34567012345670123456701234567012345670123456701234567012,345670123456701234567012345670123456701234567012,True,True,True,True,1.0,1.0,0.2828226810931434,0.278372095606592,4.541955114734776,2.914106566755322,34567012345670123456701234567012345670123456701234567012,1100100111001001110010011100100111001001110010011100100111001001110010011100100111001001110010011100100111001001,01111000011110000111100001111000011110000111100001111000,"[1.9318033321410205e-06, 2.7869521421933812e-05, 7.242087755913095e-05]","[2.3181639985692245e-06, 3.3443425706320575e-05, 8.690505307095714e-05]",0,6,7,7,1,FRFRFRFRFRFRFR,0,14,0.0212842294051583,0.021222496482651,0.0213266387106278,0.0033785689230901,0.0033758327940075,0.0033823028531222,0.0124252428224184,0.0124016352615374,0.0124383867851631,0.0215866423737609,0.0215311149604358,0.0216382849172495,0.0067458359329156,0.0066344019113937,0.0068497670361426,0.0142405527359079,0.0141930895704309,0.0142908748943281,0.0216463351134797,0.0215887960556634,0.0216966166597601,0.0137123718389858,0.0133981171465733,0.0140369758229915,0.017720856149693,0.017540282310563,0.0179007774960035,True,True,False,False,True,recovered_original,True,,724.98,1.4484175511826188e-05,True
Int2_full,mult,0.8,4,100,"[34, 35, 36]",True,14,14,14,56,48,56701234567012345670123456701234567012345670123456701234,567012345670123456701234567012345670123456701234,True,True,True,True,1.0,1.0,0.2828228382276829,0.2783717553232849,4.539421659478762,2.9141038696905213,56701234567012345670123456701234567012345670123456701234,1001110010011100100111001001110010011100100111001001110010011100100111001001110010011100100111001001110010011100,11100001111000011110000111100001111000011110000111100001,"[3.215289470337524e-07, 0.00014915334368524475, 0.0007508828927209723]","[2.5722315762700194e-07, 0.0001193226749481958, 0.0006007063141767778]",0,6,7,7,1,RFRFRFRFRFRFRF,0,14,0.0212820620904215,0.0212310986777096,0.0213417298815242,0.0033791258093407,0.0033767281042899,0.0033815714609338,0.0124233089988974,0.0124036648864973,0.01244485165251,0.0215885272562475,0.0215405944934078,0.0216394884332563,0.0067124135190133,0.0065928247972337,0.0068274093174376,0.0142368956484688,0.014164103626523,0.0142731194650548,0.0216456425826891,0.0215984814618227,0.0216981870898075,0.0137385233873348,0.0134521141895131,0.0140509640516381,0.0177327088339794,0.0175708111813442,0.0179103740403813,True,True,False,False,False,recovered_original,True,,555.6,0.00015017657854419445,True
Int2_full,mult,1.2,6,110,"[34, 35, 36]",True,14,14,14,56,48,70123456701234567012345670123456701234567012345670123456,701234567012345670123456701234567012345670123456,True,True,True,True,1.0,1.0,0.2828228293185835,0.2783715286262641,4.539424874389511,2.914106566755322,70123456701234567012345670123456701234567012345670123456,1100100111001001110010011100100111001001110010011100100111001001110010011100100111001001110010011100100111001001,10000111100001111000011110000111100001111000011110000111,"[1.6306047387622638e-08, 2.025775670225481e-07, 1.7032466828046444e-06]","[1.9567256865147165e-08, 2.430930804270577e-07, 2.043896019365573e-06]",0,6,7,7,1,RFRFRFRFRFRFRF,0,14,0.0212613941735077,0.0212113034442097,0.0213303015118321,0.0033786080889745,0.0033767274535136,0.0033805200837064,0.0124155220713051,0.0124035627197008,0.0124403844826519,0.0215690594295268,0.0215220169504937,0.0216286426470382,0.0067323871190318,0.0065914903309809,0.0068273900971776,0.0142342614514237,0.0141635445328716,0.0142731143285886,0.0216264798173313,0.0215802167851878,0.0216908589107337,0.0136197877845274,0.0133559609219194,0.0139919663288324,0.0176657534166125,0.017517930129518,0.0178782125744383,True,True,False,False,False,recovered_original,True,,494.29,3.406493365609287e-07,True
A1_full,mult,1.2,0,0,"[45, 47, 48]",True,14,14,14,56,48,12345670123456701234567012345670123456701234567012345670,123456701234567012345670123456701234567012345670,True,True,True,True,1.0,1.0,0.2828228503785888,0.2783721295930688,4.541951891804956,2.914103308355365,12345670123456701234567012345670123456701234567012345670,1001110010011100100111001001110010011100100111001001110010011100100111001001110010011100100111001001110010011100,00011110000111100001111000011110000111100001111000011110,"[1.1919575301854655, 0.099334148668278, 2.3286039884026515]","[1.4303490362225586, 0.1192009784019336, 2.7943247860831817]",0,6,7,7,1,FRFRFRFRFRFRFR,0,14,0.021273144327807,0.0212225085705111,0.0213159686892811,0.0033791731102509,0.0033767279207834,0.0033813176204627,0.0124211904596035,0.0124016396947974,0.012434683788945,0.0215758603059668,0.021531126279433,0.0216281217053367,0.0067396454995362,0.0066142116172608,0.0068497738741089,0.0142377636679398,0.0141761754311736,0.0142883372949536,0.0216356382069555,0.0215888071781176,0.0216865893508256,0.013683205668672,0.0133981883438507,0.01399396828343,0.0177013960890999,0.0175403222075752,0.0178773359388318,True,True,False,False,True,recovered_original,True,,492.2,0.4657207976805302,True
F1_full,mult,0.8,2,10,"[46, 49, 50]",True,14,14,14,56,48,34567012345670123456701234567012345670123456701234567012,345670123456701234567012345670123456701234567012,True,True,True,True,1.0,1.0,0.2828226810929386,0.2783720956065907,4.541955114734776,2.914106566755322,34567012345670123456701234567012345670123456701234567012,1100100111001001110010011100100111001001110010011100100111001001110010011100100111001001110010011100100111001001,01111000011110000111100001111000011110000111100001111000,"[0.030218787555939312, 0.0001395616142695354, 0.0032509360539304134]","[0.024175030044751453, 0.00011164929141562832, 0.0026007488431443308]",0,6,7,7,1,FRFRFRFRFRFRFR,0,14,0.0212842294071797,0.021222496482651,0.0213266387106278,0.0033785689230904,0.0033758327940075,0.0033823028531222,0.0124252428257482,0.0124016352615374,0.0124383867851631,0.0215866423770255,0.0215311149604358,0.0216382849172495,0.0067458359329156,0.0066344019113937,0.0068497670413383,0.0142405527359079,0.0141930895704309,0.0142908749029573,0.0216463351169445,0.0215887960556634,0.0216966166597601,0.0137123718441656,0.0133981171465733,0.0140369758229915,0.0177208561547563,0.017540282310563,0.0179007774960035,True,True,False,False,True,recovered_original,True,,489.99,0.00604375751118786,True
F1_full,mult,1.2,4,100,"[46, 49, 50]",True,14,14,14,56,48,56701234567012345670123456701234567012345670123456701234,567012345670123456701234567012345670123456701234,True,True,True,True,1.0,1.0,0.2828228397734132,0.2783718048463978,4.539421659478762,2.9141038696905213,56701234567012345670123456701234567012345670123456701234,1001110010011100100111001001110010011100100111001001110010011100100111001001110010011100100111001001110010011100,11100001111000011110000111100001111000011110000111100001,"[2.24714714635972, 0.08221301425059523, 1.9315682693619194]","[2.696576575631664, 0.09865561710071427, 2.317881923234303]",0,6,7,7,1,RFRFRFRFRFRFRF,0,14,0.0212820620903249,0.0212310986777096,0.0213362932177655,0.0033791258063808,0.0033767281042899,0.0033815714609326,0.0124233089988679,0.0124036648864973,0.0124431929410549,0.0215885272561493,0.0215405944934078,0.0216339587727654,0.006712065728954,0.0065928247972337,0.0068274093174376,0.0142368954397493,0.0141641036265229,0.0142731194650548,0.0216456425825905,0.0215984814618227,0.0216926387542375,0.0137385233872906,0.0134521141895131,0.0140484280255732,0.0177327088339163,0.0175708111813442,0.0179067863876829,True,True,False,False,False,recovered_original,True,,484.35,0.44942942927194407,True
S2,add,0.1,6,110,[44],True,14,14,14,56,48,70123456701234567012345670123456701234567012345670123456,701234567012345670123456701234567012345670123456,True,True,True,True,1.0,1.0,0.2828228502020174,0.2783721253281042,4.539424874389511,2.914106566755322,70123456701234567012345670123456701234567012345670123456,1100100111001001110010011100100111001001110010011100100111001001110010011100100111001001110010011100100111001001,10000111100001111000011110000111100001111000011110000111,[0.9824225616845219],[1.0],1,6,7,7,1,RFRFRFRFRFRFRF,0,14,0.0212411129404328,0.0209199457203039,0.0213303015118321,0.0033784251278209,0.0033767274534443,0.0033796929657646,0.0124074720763082,0.0123116673605326,0.0124403844826519,0.0215500016857626,0.0212208821175459,0.0216286426470382,0.0067323871190316,0.0065512537967913,0.006827381985459,0.0142342614514233,0.0140219221026767,0.0142730892531703,0.0216077335095387,0.0212769861942133,0.0216908589107337,0.013546223113277,0.0133559609219184,0.0139919663288324,0.0176027584331918,0.0174737926017408,0.0178782125744383,True,True,False,False,False,recovered_original,True,,491.69,0.01757743831547809,True
S2,add,0.2,0,0,[44],True,14,14,14,56,48,12345670123456701234567012345670123456701234567012345670,123456701234567012345670123456701234567012345670,True,True,True,True,1.0,1.0,0.2827387223246372,0.2783716640988345,4.541951891804956,2.914103308355365,12345670123456701234567012345670123456701234567012345670,1001110010011100100111001001110010011100100111001001110010011100100111001001110010011100100111001001110010011100,00011110000111100001111000011110000111100001111000011110,[0.014163471516736923],[0.21416347151673693],0,6,7,7,1,FRFRFRFRFRFRFR,0,14,0.021273144353485,0.0212225085705111,0.0224479726964728,0.0033793561033757,0.0033767279207834,0.0042429925184459,0.012421190522238,0.0124016396947974,0.0144518309401005,0.021575860348761,0.021531126279433,0.0238258090375621,0.0067868905521023,0.0066142117247668,0.0084368179060246,0.0142467512168386,0.0141761755879402,0.0170665292486254,0.0216356382536858,0.0215888071781176,0.0241565115064893,0.013683205780562,0.0133981883438507,0.0176010998399567,0.0177013961840061,0.0175403222075752,0.0212771894504159,True,True,False,False,True,recovered_original,True,,492.88,0.2,True
S2,add,-0.2,2,10,[44],True,14,14,14,56,48,34567012345670123456701234567012345670123456701234567012,345670123456701234567012345670123456701234567012,True,True,True,True,1.0,1.0,0.2828228492547175,0.2783721135743727,4.541955114734776,2.914106566755322,34567012345670123456701234567012345670123456701234567012,1100100111001001110010011100100111001001110010011100100111001001110010011100100111001001110010011100100111001001,01111000011110000111100001111000011110000111100001111000,[0.01656728164230484],[0.0],1,6,7,7,1,FRFRFRFRFRFRFR,0,14,0.0212715235221883,0.0212169485999558,0.0213266387106275,0.0033773256533761,0.0033234116843172,0.0033823028531222,0.0124200386777087,0.0122916517383756,0.0124383867851631,0.0215745495965335,0.0214889344675127,0.0216382849172489,0.0067306899989709,0.0066344019113937,0.00680755285309,0.0142312294385664,0.0141301029387189,0.0142604202208188,0.0216343973763345,0.0215390272243732,0.0216966166597595,0.0136552773061746,0.0133980780527524,0.01403697582299,0.0176873093561247,0.0174783214827237,0.0179007774960022,True,True,False,False,True,recovered_original,True,,487.37,0.01656728164230484,True
S2,flip,,4,100,[44],True,14,14,14,56,48,12345670123456701234567012345670123456701234567012345670,123456701234567012345670123456701234567012345670,True,True,True,True,1.0,1.0,0.2828228498054587,0.278372129593066,4.541951891804388,2.9141038696906776,12345670123456701234567012345670123456701234567012345670,1001110010011100100111001001110010011100100111001001110010011100100111001001110010011100100111001001110010011100,00011110000111100001111000011110000111100001111000011110,[0.9989275887462064],[0.001072411253793648],0,6,7,7,1,FRFRFRFRFRFRFR,0,14,0.0212704329222032,0.0212225085704981,0.0213107542694338,0.0033784578239238,0.0033331326097075,0.0033813176302176,0.012413123086642,0.0123304884226489,0.0124346850052798,0.0215651152002389,0.0215311262794197,0.0216088168454987,0.0067199114014448,0.0066142116290929,0.0068497738742808,0.0142245496167422,0.0141118527935307,0.0142883372971109,0.0216199040178795,0.0215888071781041,0.0216709749469548,0.0136832056766472,0.0133981883438865,0.0138773516181268,0.0176935138824637,0.0175403222075881,0.0178132000644507,True,True,False,False,True,legal_mod8_shift,True,,316.89,0.9978551774924127,True
S2,mult,0.8,3,11,[44],True,15,15,15,56,48,45670123456701234567012345670123456701234567012345670123,456701234567012345670123456701234567012345670123,True,True,True,True,1.0,1.0,0.2828226779716913,0.2783670711040189,4.5432210758633005,2.9153889508289126,45670123456701234567012345670123456701234567012345670123,0010011100100111001001110010011100100111001001110010011100100111001001110010011100100111001001110010011100100111,11110000111100001111000011110000111100001111000011110000,[0.017176161674143868],[0.013740929339315096],0,7,7,8,1,FRFRFRFRFRFRFRF,0,15,0.0212835556166444,0.0212175466455989,0.0218146315210045,0.0033790325279239,0.0033732531941918,0.0033809996836674,0.0124261032182824,0.0123997898094285,0.012665945712594,0.0215887860350436,0.0215264690150198,0.0221092940540572,0.0067235065121622,0.0066043800123076,0.0068391477521377,0.0142497212361132,0.0141751148497112,0.0144365994488763,0.0216456091742332,0.0215842277840615,0.0221639003801801,0.0137124739188993,0.0133702049583786,0.0140242517872049,0.0177206183429266,0.0175245359887263,0.0180115179590849,True,True,False,False,False,recovered_original,True,,746.48,0.003435232334828772,True
S2,mult,1.2,5,101,[44],True,14,14,14,56,48,67012345670123456701234567012345670123456701234567012345,670123456701234567012345670123456701234567012345,True,True,True,True,1.0,1.0,0.2828228174179191,0.2783713869909551,4.5432242757191545,2.915385697162151,67012345670123456701234567012345670123456701234567012345,0111001001110010011100100111001001110010011100100111001001110010011100100111001001110010011100100111001001110010,11000011110000111100001111000011110000111100001111000011,[0.9833704893381378],[1.0],1,6,7,7,1,RFRFRFRFRFRFRF,0,14,0.0212769027935917,0.0209156172002307,0.0213355142216071,0.003379631079257,0.0033784510875517,0.0033810752310457,0.0124212798935161,0.0123104250025879,0.0124422806072416,0.0215836702011658,0.0212190596461092,0.02163356206663,0.0067406699786524,0.0066228608651053,0.0068592305264806,0.0142276046515877,0.0141229185796119,0.0142941392828482,0.0216408620511401,0.0212757729606513,0.0216923382654092,0.0137095199273734,0.0133438087673533,0.0140214513608766,0.0177162985787268,0.0173831901366908,0.0178932091193366,True,True,False,False,False,recovered_original,True,,734.12,0.016629510661862246,True
C2,mult,0.8,7,111,[43],True,15,15,15,56,48,01234567012345670123456701234567012345670123456701234567,012345670123456701234567012345670123456701234567,True,True,True,True,1.0,1.0,0.2828209740590052,0.2783715800285866,4.540687601649779,2.9153889508289126,01234567012345670123456701234567012345670123456701234567,0010011100100111001001110010011100100111001001110010011100100111001001110010011100100111001001110010011100100111,00001111000011110000111100001111000011110000111100001111,[0.00014008062268287675],[0.0001120644981463014],0,7,8,7,1,RFRFRFRFRFRFRFR,0,15,0.0212893329733471,0.0212261176778354,0.0213306493541798,0.0033792601309327,0.0033764405562787,0.0034767730395841,0.0124265285995326,0.012401798464264,0.0124933812370024,0.0215955120435463,0.0215359179138625,0.0216434891061,0.0067753280960889,0.0066235222579399,0.0068592102552992,0.0142621389888085,0.0141854967607608,0.0142941328499433,0.021652553529724,0.0215938829457731,0.0217021087661438,0.013651459888883,0.0133030283520328,0.014080871560394,0.0176834110728654,0.0175325887188471,0.0179268671337898,True,True,False,False,False,recovered_original,True,,720.6,2.8016124536575345e-05,True
RDF2_full,mult,0.8,1,1,"[40, 41, 42]",True,14,14,14,56,48,23456701234567012345670123456701234567012345670123456701,234567012345670123456701234567012345670123456701,True,True,True,True,1.0,1.0,0.2828211851496218,0.2783716235123157,4.540690440236801,2.9153856994494163,23456701234567012345670123456701234567012345670123456701,0111001001110010011100100111001001110010011100100111001001110010011100100111001001110010011100100111001001110010,00111100001111000011110000111100001111000011110000111100,"[1.9101731347997775e-06, 2.7520961949786927e-05, 9.996741044035709e-05]","[1.528138507839822e-06, 2.2016769559829544e-05, 7.997392835228567e-05]",0,6,7,7,1,FRFRFRFRFRFRFR,0,14,0.0212921386270469,0.0212577344315255,0.021332453106625,0.0033789743521406,0.003376040886102,0.0033808508459411,0.0124312817781689,0.0124150598320923,0.0124330542096739,0.0215951131261998,0.0215642257283369,0.0216437935236613,0.0067195065528777,0.0066042084342243,0.0068391726374338,0.014245634221395,0.0141723319221084,0.0142813228814685,0.0216549563278845,0.0216213658895699,0.0217020465863336,0.0137803142951034,0.0134273950507281,0.0140665498724205,0.0177573237772091,0.0175822210932447,0.0179178089447067,True,True,False,False,True,recovered_original,True,,722.59,1.9993482088071418e-05,True
RDF2_full,mult,1.2,3,11,"[40, 41, 42]",True,15,15,15,56,48,45670123456701234567012345670123456701234567012345670123,456701234567012345670123456701234567012345670123,True,True,True,True,1.0,1.0,0.2828226778578925,0.2783670674583225,4.5432210758633005,2.9153889508289126,45670123456701234567012345670123456701234567012345670123,0010011100100111001001110010011100100111001001110010011100100111001001110010011100100111001001110010011100100111,11110000111100001111000011110000111100001111000011110000,"[2.006687627275776e-06, 2.893902715398459e-05, 7.48271485260228e-05]","[2.4080251527309312e-06, 3.4726832584781506e-05, 8.979257823122735e-05]",0,7,7,8,1,FRFRFRFRFRFRFRF,0,15,0.0212835575558257,0.0212175466455989,0.0218248084872356,0.0033790855177075,0.0033764740777626,0.0033850630245636,0.0124261079540705,0.0123997898094285,0.0126929574605721,0.0215887892964781,0.0215264690150198,0.0221264329741816,0.0067235065121622,0.0066043840725845,0.0068391477529327,0.0142497212361132,0.0141751207911848,0.0144702316436629,0.021645612706794,0.0215842277840615,0.02218246233471,0.0137124823638606,0.0133702049583786,0.0140242517872049,0.0177206255155767,0.0175245359887263,0.0180521627088591,True,True,False,False,False,recovered_original,True,,722.67,1.4965429705204555e-05,True
Int2_full,mult,0.8,5,101,"[34, 35, 36]",True,14,14,14,56,48,67012345670123456701234567012345670123456701234567012345,670123456701234567012345670123456701234567012345,True,True,True,True,1.0,1.0,0.2828227298912501,0.2783685828272483,4.54322427575525,2.915385697162151,67012345670123456701234567012345670123456701234567012345,0111001001110010011100100111001001110010011100100111001001110010011100100111001001110010011100100111001001110010,11000011110000111100001111000011110000111100001111000011,"[2.5775408949955504e-07, 7.5081724303074e-05, 0.0002898299672611057]","[2.0620327159964405e-07, 6.0065379442459205e-05, 0.00023186397380888456]",0,6,7,7,1,RFRFRFRFRFRFRF,0,14,0.0212769027935917,0.0212163408828829,0.0213355142325873,0.0033796312514855,0.0033784510875517,0.003382586747394,0.0124212798935161,0.0124055043662363,0.012442280610592,0.0215836702011658,0.0215267512978869,0.0216335620777983,0.0067425457662504,0.0066228608651053,0.0068592305264806,0.0142410668879561,0.0141843931727064,0.0142941392828482,0.0216408620511401,0.0215848730252813,0.0216923382766153,0.0137095199273734,0.0133839240235531,0.0140214513659931,0.0177162985787268,0.0175337470712542,0.0178932091265768,True,True,False,False,False,recovered_original,True,,558.48,5.796599345222114e-05,True
Int2_full,mult,1.2,7,111,"[34, 35, 36]",True,15,15,15,56,48,01234567012345670123456701234567012345670123456701234567,012345670123456701234567012345670123456701234567,True,True,True,True,1.0,1.0,0.2828209740360808,0.2783715800284483,4.540687601649779,2.9153889508289126,01234567012345670123456701234567012345670123456701234567,0010011100100111001001110010011100100111001001110010011100100111001001110010011100100111001001110010011100100111,00001111000011110000111100001111000011110000111100001111,"[1.3341045502385736e-07, 3.8342566599541977e-05, 0.00014868979829466084]","[1.600925460286288e-07, 4.601107991945037e-05, 0.000178427757953593]",0,7,8,7,1,RFRFRFRFRFRFRFR,0,15,0.0212893329884655,0.0212261176778354,0.0213306493541798,0.0033792601309327,0.0033764405562787,0.0034767735378981,0.0124265286041563,0.012401798464264,0.0124934058223617,0.0215955120589315,0.0215359179138625,0.0216434891061,0.0067753280960889,0.0066235222598289,0.0068592102552996,0.0142621389888085,0.0141854967669085,0.0142941328499445,0.0216525535451599,0.0215938829457731,0.0217021087661438,0.0136514598888842,0.0133030635858805,0.014080871560394,0.0176834110728672,0.0175326398615905,0.0179268671337898,True,True,False,False,False,recovered_original,True,,491.93,2.9737959658932158e-05,True
A1_full,mult,1.2,1,1,"[45, 47, 48]",True,14,14,14,56,48,23456701234567012345670123456701234567012345670123456701,234567012345670123456701234567012345670123456701,True,True,True,True,1.0,1.0,0.2828211868449483,0.2783716235225852,4.540690440236119,2.9153856994494163,23456701234567012345670123456701234567012345670123456701,0111001001110010011100100111001001110010011100100111001001110010011100100111001001110010011100100111001001110010,00111100001111000011110000111100001111000011110000111100,"[1.1918669846152727, 0.09932216066855643, 2.3284896659477226]","[1.4302403815383273, 0.1191865928022677, 2.794187599137267]",0,6,7,7,1,FRFRFRFRFRFRFR,0,14,0.0212921243905049,0.0212577344315255,0.0213324531012384,0.0033789743521406,0.0033760408802688,0.0033808508459411,0.0124312465862343,0.0124150598320923,0.0124330541963551,0.0215950889756717,0.0215642257283369,0.0216437935144883,0.0067195065470452,0.0066042084342243,0.0068391726374338,0.014245634212989,0.0141723319221084,0.0142813228814685,0.021654930135579,0.0216213658895699,0.0217020465763789,0.0137803142951034,0.0134272717298497,0.0140665498480219,0.0177573237772091,0.017582114958882,0.0179178089243146,True,True,False,False,True,recovered_original,True,,490.88,0.46569793318954433,True
F1_full,mult,0.8,3,11,"[46, 49, 50]",True,15,15,15,56,48,45670123456701234567012345670123456701234567012345670123,456701234567012345670123456701234567012345670123,True,True,True,True,1.0,1.0,0.282822677855803,0.2783670673913823,4.5432210758633005,2.9153889508289126,45670123456701234567012345670123456701234567012345670123,0010011100100111001001110010011100100111001001110010011100100111001001110010011100100111001001110010011100100111,11110000111100001111000011110000111100001111000011110000,"[0.018590758394153157, 0.0006862925902004764, 0.016046861573732]","[0.014872606715322527, 0.0005490340721603812, 0.012837489258985599]",0,7,7,8,1,FRFRFRFRFRFRFRF,0,15,0.0212835575914308,0.0212175466455989,0.0218250328787365,0.0033790855177075,0.0033764740777626,0.0033850574152915,0.0124261080410237,0.0123997898094285,0.0126930587442691,0.0215887893563609,0.0215264690150198,0.0221267833334491,0.0067235065121622,0.0066043841471348,0.0068391477529473,0.0142497212361132,0.0141751209002755,0.014470395720043,0.021645612771655,0.0215842277840615,0.0221828380171089,0.0137124825189175,0.0133702049583786,0.0140242517872049,0.0177206256472729,0.0175245359887263,0.01805233839278,True,True,False,False,False,recovered_original,True,,488.74,0.00371815167883063,True
F1_full,mult,1.2,5,101,"[46, 49, 50]",True,14,14,14,56,48,67012345670123456701234567012345670123456701234567012345,670123456701234567012345670123456701234567012345,True,True,True,True,1.0,1.0,0.2828227301662965,0.2783685916389355,4.543224275755136,2.915385697162151,67012345670123456701234567012345670123456701234567012345,0111001001110010011100100111001001110010011100100111001001110010011100100111001001110010011100100111001001110010,11000011110000111100001111000011110000111100001111000011,"[2.2418328187219205, 0.08220005884941055, 1.9270852080232856]","[2.6901993824663046, 0.09864007061929266, 2.3125022496279426]",0,6,7,7,1,RFRFRFRFRFRFRF,0,14,0.0212769027935917,0.0212163407029435,0.0213355142325528,0.0033796312509443,0.0033784510875517,0.0033825809410002,0.0124212798935161,0.0124055043110368,0.0124422806105814,0.0215836702011658,0.0215267511147153,0.0216335620777632,0.0067425457544282,0.0066228608651053,0.0068592305264806,0.014241066850826,0.0141843931727064,0.0142941392828482,0.0216408620511401,0.0215848728414926,0.0216923382765801,0.0137095199273734,0.0133839239442582,0.014021451365977,0.0177162985787268,0.0175337469558143,0.0178932091265541,True,True,False,False,False,recovered_original,True,,482.72,0.4483665637443841,True
S2,add,0.1,7,111,[44],True,15,15,15,56,48,01234567012345670123456701234567012345670123456701234567,012345670123456701234567012345670123456701234567,True,True,True,True,1.0,1.0,0.282821083283251,0.2783715806902423,4.540687601649779,2.9153889508289126,01234567012345670123456701234567012345670123456701234567,0010011100100111001001110010011100100111001001110010011100100111001001110010011100100111001001110010011100100111,00001111000011110000111100001111000011110000111100001111,[0.9783822446498289],[1.0],1,7,8,7,1,RFRFRFRFRFRFRFR,0,15,0.0212664766300989,0.0208726558582221,0.0213306493541798,0.0033792601308483,0.0033764405562787,0.0034744056089732,0.0124172036202761,0.0123588677123494,0.0124385090890275,0.0215738486214901,0.0211627009187018,0.0216434891061,0.0067623662053426,0.0066235132576161,0.0068592102534634,0.0142387463490434,0.0141159348805774,0.0142941328443071,0.0216311937435099,0.0212231932511628,0.0217021087661438,0.0136514598827409,0.013134999393437,0.014080871560394,0.0176834110640398,0.0172652567919836,0.0179268671337898,True,True,False,False,False,recovered_original,True,,490.83,0.021617755350171075,True
S2,add,0.2,1,1,[44],True,14,14,14,56,48,23456701234567012345670123456701234567012345670123456701,234567012345670123456701234567012345670123456701,True,True,True,True,1.0,1.0,0.2827367498137023,0.278371111880794,4.540690474913589,2.9153856994494163,23456701234567012345670123456701234567012345670123456701,0111001001110010011100100111001001110010011100100111001001110010011100100111001001110010011100100111001001110010,00111100001111000011110000111100001111000011110000111100,[0.0164164671424923],[0.2164164671424923],0,6,7,7,1,FRFRFRFRFRFRFR,0,14,0.0213082465734574,0.0212577344315255,0.02236076730027,0.0033791879848947,0.0033763314289765,0.0042435475526538,0.012432688619916,0.0124150598320923,0.0144208834453616,0.0216137031480692,0.0215642257283369,0.023786907084232,0.0067197970603164,0.0066042084342243,0.0085223378069089,0.0142460529281067,0.0141723319221084,0.0170971992347097,0.0216741071735007,0.0216213658895699,0.0241137775070133,0.0139067730422228,0.0135964749586402,0.016896528256928,0.0178290018289322,0.0176523139176771,0.0209508131230801,True,True,False,False,True,recovered_original,True,,491.69,0.2,True
S2,add,-0.2,3,11,[44],True,15,15,15,56,48,45670123456701234567012345670123456701234567012345670123,456701234567012345670123456701234567012345670123,True,True,True,True,1.0,1.0,0.2828226784034514,0.2783670849360343,4.5432210758633005,2.9153889508289126,45670123456701234567012345670123456701234567012345670123,0010011100100111001001110010011100100111001001110010011100100111001001110010011100100111001001110010011100100111,11110000111100001111000011110000111100001111000011110000,[0.017176161674143868],[0.0],1,7,7,8,1,FRFRFRFRFRFRFRF,0,15,0.0212835482592444,0.0212175466455989,0.0217754856079695,0.0033790325264369,0.0033268303390917,0.0033809918136242,0.0124260852502706,0.0123997898094285,0.0125596018627378,0.0215887736609369,0.0215264690150198,0.0220440075673776,0.0067235065121622,0.0065515388981428,0.0068391477491214,0.0142497212361132,0.0141750923072412,0.0143048640850246,0.0216455957714584,0.0215842277840615,0.0220933114354121,0.013603298768106,0.0133702049583786,0.0140242517872049,0.0177205911292613,0.0175245359887263,0.0178946619844948,True,True,False,False,False,recovered_original,True,,485.34,0.017176161674143868,True
S2,flip,,5,101,[44],True,14,14,14,56,48,23456701234567012345670123456701234567012345670123456701,234567012345670123456701234567012345670123456701,True,True,True,True,1.0,1.0,0.2828216446322093,0.2783717701160428,4.540690550026625,2.9153856971623497,23456701234567012345670123456701234567012345670123456701,0111001001110010011100100111001001110010011100100111001001110010011100100111001001110010011100100111001001110010,00111100001111000011110000111100001111000011110000111100,[0.9833704893381378],[0.016629510661862246],0,6,7,7,1,FRFRFRFRFRFRFR,0,14,0.0212919378946377,0.0212577344315398,0.0213323001678217,0.0033789743519161,0.0033760366573407,0.00338085084594,0.0124279021534621,0.0124150598321024,0.0124329732343761,0.0215937588598812,0.0215642257283511,0.0216436420869477,0.0067195037522261,0.0066042084342242,0.0068391726374406,0.0142455935203624,0.0141723319220286,0.0142813228814799,0.0216532971814935,0.0216213658895842,0.0217018954887926,0.0137803142946535,0.0134286378442889,0.0140665417450854,0.0177573237729032,0.0175760506424329,0.0179177279654047,True,True,False,False,True,legal_mod8_shift,True,,325.31,0.9667409786762755,True
S2,mult,0.8,4,100,[44],True,14,14,14,56,48,56701234567012345670123456701234567012345670123456701234,567012345670123456701234567012345670123456701234,True,True,True,True,1.0,1.0,0.2827515455580974,0.2761304459516508,4.121067058426668,2.9141038696905213,56701234567012345670123456701234567012345670123456701234,1001110010011100100111001001110010011100100111001001110010011100100111001001110010011100100111001001110010011100,11100001111000011110000111100001111000011110000111100001,[0.9989275887462064],[0.7991420709969651],0,6,7,7,1,RFRFRFRFRFRFRF,0,14,0.021282066542984,0.0212310986777096,0.0337571787437879,0.003379261946387,0.0033767281042899,0.0037213506862353,0.0124233103604463,0.0124036648864973,0.0173113878973088,0.0215885317872979,0.0215405944934078,0.0355836989949723,0.0067418960810404,0.0065928247974416,0.014156806668867,0.0142463801972308,0.0141641036272046,0.0238516372382614,0.0216456471286375,0.0215984814618227,0.0360132089741438,0.01373852542536,0.0134521141895131,0.0390345825851075,0.0177327117432498,0.0175708111813442,0.0376675292206098,True,True,False,False,False,recovered_original,True,,754.17,0.19978551774924125,True
S2,mult,1.2,6,110,[44],True,14,14,14,56,48,70123456701234567012345670123456701234567012345670123456,701234567012345670123456701234567012345670123456,True,True,True,True,1.0,1.0,0.2828228502020174,0.2783721253281042,4.539424874389511,2.914106566755322,70123456701234567012345670123456701234567012345670123456,1100100111001001110010011100100111001001110010011100100111001001110010011100100111001001110010011100100111001001,10000111100001111000011110000111100001111000011110000111,[0.9824225616845219],[1.0],1,6,7,7,1,RFRFRFRFRFRFRF,0,14,0.0212411129404328,0.0209199457203039,0.0213303015118321,0.0033784251278209,0.0033767274534443,0.0033796929657646,0.0124074720763082,0.0123116673605326,0.0124403844826519,0.0215500016857626,0.0212208821175459,0.0216286426470382,0.0067323871190316,0.0065512537967913,0.006827381985459,0.0142342614514233,0.0140219221026767,0.0142730892531703,0.0216077335095387,0.0212769861942133,0.0216908589107337,0.013546223113277,0.0133559609219184,0.0139919663288324,0.0176027584331918,0.0174737926017408,0.0178782125744383,True,True,False,False,False,recovered_original,True,,741.19,0.01757743831547809,True
C2,mult,1.2,0,0,[43],True,14,14,14,56,48,12345670123456701234567012345670123456701234567012345670,123456701234567012345670123456701234567012345670,True,True,True,True,1.0,1.0,0.2828228503785888,0.2783721295930688,4.541951891804956,2.914103308355365,12345670123456701234567012345670123456701234567012345670,1001110010011100100111001001110010011100100111001001110010011100100111001001110010011100100111001001110010011100,00011110000111100001111000011110000111100001111000011110,[0.00022835431684420864],[0.0002740251802130504],0,6,7,7,1,FRFRFRFRFRFRFR,0,14,0.0212731443278095,0.0212225085705111,0.0213161052333332,0.0033792112088109,0.0033767279207834,0.003381317620468,0.0124211904596096,0.0124016396947974,0.0124346838533094,0.0215758603059709,0.021531126279433,0.0216283548615625,0.0067397935203512,0.0066142116172712,0.0068497738741089,0.0142379773767233,0.0141761754311887,0.0142883372949536,0.02163563820696,0.0215888071781176,0.0216868424815722,0.0136832056686828,0.0133981883438507,0.0139945864823949,0.0177013960891091,0.0175403222075752,0.0178778539736003,True,True,False,False,True,recovered_original,True,,726.34,4.567086336884174e-05,True
RDF2_full,mult,0.8,2,10,"[40, 41, 42]",True,14,14,14,56,48,34567012345670123456701234567012345670123456701234567012,345670123456701234567012345670123456701234567012,True,True,True,True,1.0,1.0,0.2828226810928525,0.2783720956065904,4.541955114734776,2.914106566755322,34567012345670123456701234567012345670123456701234567012,1100100111001001110010011100100111001001110010011100100111001001110010011100100111001001110010011100100111001001,01111000011110000111100001111000011110000111100001111000,"[1.9318033321410205e-06, 2.7869521421933812e-05, 7.242087755913095e-05]","[1.5454426657128165e-06, 2.229561713754705e-05, 5.793670204730477e-05]",0,6,7,7,1,FRFRFRFRFRFRFR,0,14,0.0212842294080151,0.021222496482651,0.0213266387106278,0.0033785689230906,0.0033758327940075,0.0033823028531222,0.0124252428284149,0.0124016352615374,0.0124383867851631,0.0215866423784299,0.0215311149604358,0.0216382849172495,0.0067458359329156,0.0066344019113937,0.0068497670463638,0.0142405527359079,0.0141930895704309,0.0142908749095494,0.0216463351184104,0.0215887960556634,0.0216966166597601,0.0137123718491689,0.0133981171465733,0.0140369758229915,0.0177208561587025,0.017540282310563,0.0179007774960035,True,True,False,False,True,recovered_original,True,,730.62,1.4484175511826188e-05,True
RDF2_full,mult,1.2,4,100,"[40, 41, 42]",True,14,14,14,56,48,56701234567012345670123456701234567012345670123456701234,567012345670123456701234567012345670123456701234,True,True,True,True,1.0,1.0,0.2828228379604703,0.2783717467621581,4.539421659478762,2.9141038696905213,56701234567012345670123456701234567012345670123456701234,1001110010011100100111001001110010011100100111001001110010011100100111001001110010011100100111001001110010011100,11100001111000011110000111100001111000011110000111100001,"[0.19685198139780338, 2.669896499174871, 4.44189104839722]","[0.23622237767736404, 3.203875799009845, 5.3302692580766635]",0,6,7,7,1,RFRFRFRFRFRFRF,0,14,0.0212820620904381,0.0212310986777096,0.021342667625417,0.0033791258098524,0.0033767281042899,0.003381571460934,0.0124233089989025,0.0124036648864973,0.0124451377392073,0.0215885272562645,0.0215405944934078,0.0216404422252289,0.0067124736240771,0.0065928247972337,0.0068274093174376,0.0142368956845505,0.014164103626523,0.0142731194650548,0.0216456425827061,0.0215984814618227,0.0216991441045903,0.0137385233873424,0.0134521141895131,0.014051402339571,0.0177327088339903,0.0175708111813442,0.0179109932704515,True,True,False,False,False,recovered_original,True,,731.11,0.8883782096794439,True
Int2_full,mult,0.8,6,110,"[34, 35, 36]",True,14,14,14,56,48,70123456701234567012345670123456701234567012345670123456,701234567012345670123456701234567012345670123456,True,True,True,True,1.0,1.0,0.2828228293185871,0.2783715286263771,4.539424874389511,2.914106566755322,70123456701234567012345670123456701234567012345670123456,1100100111001001110010011100100111001001110010011100100111001001110010011100100111001001110010011100100111001001,10000111100001111000011110000111100001111000011110000111,"[1.6306047387622638e-08, 2.025775670225481e-07, 1.7032466828046444e-06]","[1.304483791009811e-08, 1.6206205361803848e-07, 1.3625973462437157e-06]",0,6,7,7,1,RFRFRFRFRFRFRF,0,14,0.0212613941673717,0.0212113034442097,0.0213303015118321,0.0033786080889745,0.0033767274535136,0.0033805200836301,0.0124155220694277,0.0124035627197008,0.0124403844826519,0.0215690594232821,0.0215220169504937,0.0216286426470382,0.0067323871190318,0.0065914903294643,0.0068273900971772,0.0142342614514237,0.0141635445278921,0.0142731143285876,0.0216264798110659,0.0215802167851878,0.0216908589107337,0.0136197877817524,0.0133559609219194,0.0139919663288324,0.0176657534126265,0.017517930129518,0.0178782125744383,True,True,False,False,False,recovered_original,True,,549.02,3.406493365609287e-07,True
A1_full,mult,0.8,0,0,"[45, 47, 48]",True,14,14,14,56,48,12345670123456701234567012345670123456701234567012345670,123456701234567012345670123456701234567012345670,True,True,True,True,1.0,1.0,0.2828228437226001,0.2783721295930688,4.541951891804956,2.914103308355365,12345670123456701234567012345670123456701234567012345670,1001110010011100100111001001110010011100100111001001110010011100100111001001110010011100100111001001110010011100,00011110000111100001111000011110000111100001111000011110,"[1.1919575301854655, 0.099334148668278, 2.3286039884026515]","[0.9535660241483724, 0.0794673189346224, 1.8628831907221213]",0,6,7,7,1,FRFRFRFRFRFRFR,0,14,0.0212731443278115,0.0212225085705111,0.0213162169151155,0.0033792112203074,0.0033767279207834,0.0033813176204723,0.0124211904596146,0.0124016396947974,0.0124346839059577,0.0215758603059743,0.021531126279433,0.0216285455734493,0.0067399145759579,0.0066142116172797,0.0068497738741089,0.01423815215809,0.0141761754312012,0.0142883372949536,0.0216356382069637,0.0215888071781176,0.0216870495335122,0.0136832056686917,0.0133981883438507,0.0139950920632107,0.0177013960891167,0.0175403222075752,0.0178782776457498,True,True,False,False,True,recovered_original,True,,496.64,0.4657207976805302,True
A1_full,mult,1.2,2,10,"[45, 47, 48]",True,14,14,14,56,48,34567012345670123456701234567012345670123456701234567012,345670123456701234567012345670123456701234567012,True,True,True,True,1.0,1.0,0.2828226811204285,0.2783720956067577,4.541955114734776,2.914106566755322,34567012345670123456701234567012345670123456701234567012,1100100111001001110010011100100111001001110010011100100111001001110010011100100111001001110010011100100111001001,01111000011110000111100001111000011110000111100001111000,"[0.2088681940142623, 0.0256359200223252, 0.48516445652557866]","[0.2506418328171147, 0.03076310402679024, 0.5821973478306943]",0,6,7,7,1,FRFRFRFRFRFRFR,0,14,0.0212842291728121,0.021222496482651,0.0213266387106278,0.0033785689230431,0.0033758327940075,0.0033823028531222,0.0124252422653324,0.0124016352615373,0.0124383867851631,0.0215866419826933,0.0215311149604357,0.0216382849172495,0.0067458359329156,0.0066344019113937,0.0068497660492686,0.0142405527359079,0.0141930895704309,0.0142908734849211,0.0216463346897636,0.0215887960556634,0.0216966166597601,0.0137123708558407,0.0133981171465732,0.0140369758229915,0.017720855306258,0.0175402823105629,0.0179007774960035,True,True,False,False,True,recovered_original,True,,494.07,0.09703289130511566,True
F1_full,mult,0.8,4,100,"[46, 49, 50]",True,14,14,14,56,48,56701234567012345670123456701234567012345670123456701234,567012345670123456701234567012345670123456701234,True,True,True,True,1.0,1.0,0.2828228365344239,0.2783717010736013,4.539421659478762,2.9141038696905213,56701234567012345670123456701234567012345670123456701234,1001110010011100100111001001110010011100100111001001110010011100100111001001110010011100100111001001110010011100,11100001111000011110000111100001111000011110000111100001,"[2.24714714635972, 0.08221301425059523, 1.9315682693619194]","[1.797717717087776, 0.06577041140047618, 1.5452546154895357]",0,6,7,7,1,RFRFRFRFRFRFRF,0,14,0.0212820620905272,0.0212310986777096,0.0213476616221094,0.0033791258125832,0.0033767281042899,0.0033815714609351,0.0124233089989298,0.0124036648864973,0.0124466612265084,0.0215885272563551,0.0215405944934078,0.0216455217243692,0.006712794299951,0.0065928247972337,0.0068274093174376,0.014236895877109,0.014164103626523,0.0142731194650548,0.021645642582797,0.0215984814618227,0.0217042407751451,0.0137385233873832,0.0134521141895131,0.014053740778407,0.0177327088340485,0.0175708111813442,0.0179142930812299,True,True,False,False,False,recovered_original,True,,491.64,0.44942942927194385,True
F1_full,mult,1.2,6,110,"[46, 49, 50]",True,14,14,14,56,48,70123456701234567012345670123456701234567012345670123456,701234567012345670123456701234567012345670123456,True,True,True,True,1.0,1.0,0.2828228293185879,0.278371528626404,4.539424874389511,2.914106566755322,70123456701234567012345670123456701234567012345670123456,1100100111001001110010011100100111001001110010011100100111001001110010011100100111001001110010011100100111001001,10000111100001111000011110000111100001111000011110000111,"[0.030144077119228892, 0.00014030107420568062, 0.0032512692764359694]","[0.03617289254307467, 0.00016836128904681674, 0.0039015231317231632]",0,6,7,7,1,RFRFRFRFRFRFRF,0,14,0.0212613941692951,0.0212113034442097,0.0213303015118321,0.0033786080889745,0.0033767274535136,0.0033805200832261,0.0124155220698834,0.0124035627197008,0.0124403844826519,0.0215690594252284,0.0215220169504937,0.0216286426470382,0.0067323871190318,0.0065914903235855,0.0068273900971772,0.0142342614514237,0.014163544526253,0.0142731143285874,0.0216264798130164,0.0215802167851878,0.0216908589107337,0.0136197877724218,0.0133559609219194,0.0139919663288324,0.0176657534088103,0.017517930129518,0.0178782125744383,True,True,False,False,False,recovered_original,True,,486.93,0.006028815423845774,True
S2,add,-0.1,0,0,[44],True,14,14,14,56,48,12345670123456701234567012345670123456701234567012345670,123456701234567012345670123456701234567012345670,True,True,True,True,1.0,1.0,0.2828228503785888,0.2783721295930688,4.541951891804956,2.914103308355365,12345670123456701234567012345670123456701234567012345670,1001110010011100100111001001110010011100100111001001110010011100100111001001110010011100100111001001110010011100,00011110000111100001111000011110000111100001111000011110,[0.014163471516736923],[0.0],1,6,7,7,1,FRFRFRFRFRFRFR,0,14,0.0212678854947735,0.0212225085705111,0.0213107151670542,0.003378457137361,0.0033315621561011,0.0033813176188065,0.0124131230855438,0.0123251440629291,0.0124346637462202,0.0215621455095849,0.021531126279433,0.0216087779344452,0.0067199104063336,0.0066142116140145,0.0068497738741083,0.0142245389523379,0.0141056808344869,0.0142883372949527,0.0216168484917895,0.0215888071781176,0.0216709360875998,0.0136832056652933,0.0133981883438507,0.0138773483477616,0.0176899758925284,0.0175403222075752,0.0178131784595771,True,True,False,False,True,recovered_original,True,,493.86,0.014163471516736923,True
S2,add,0.2,2,10,[44],True,14,14,14,56,48,34567012345670123456701234567012345670123456701234567012,345670123456701234567012345670123456701234567012,True,True,True,True,1.0,1.0,0.2827381342291665,0.2783715832934432,4.541955114734776,2.914106566755322,34567012345670123456701234567012345670123456701234567012,1100100111001001110010011100100111001001110010011100100111001001110010011100100111001001110010011100100111001001,01111000011110000111100001111000011110000111100001111000,[0.01656728164230484],[0.21656728164230485],0,6,7,7,1,FRFRFRFRFRFRFR,0,14,0.0213107800315323,0.021222496533363,0.0223649889382736,0.0033787144781631,0.0033758327940179,0.0042456409656008,0.0124318228091063,0.012401635386668,0.0144187323467067,0.0216088478320044,0.0215311150465743,0.0237889635358371,0.0067458359881792,0.0066344019113937,0.0086138451197711,0.0142405528149169,0.0141930895704309,0.0171339015036195,0.0216693325090671,0.0215887961491049,0.0241141857200971,0.0138678050124979,0.0133981173657519,0.0171467019680804,0.0178076532496608,0.0175402824993302,0.0210585893611884,True,True,False,False,True,recovered_original,True,,495.36,0.2,True
S2,add,-0.2,4,100,[44],True,14,14,14,56,48,56701234567012345670123456701234567012345670123456701234,567012345670123456701234567012345670123456701234,True,True,True,True,1.0,1.0,0.28275094904227,0.27611205658414,4.119597637854227,2.9141038696905213,56701234567012345670123456701234567012345670123456701234,1001110010011100100111001001110010011100100111001001110010011100100111001001110010011100100111001001110010011100,11100001111000011110000111100001111000011110000111100001,[0.9989275887462064],[0.7989275887462064],0,6,7,7,1,RFRFRFRFRFRFRF,0,14,0.0212820665802479,0.0212310986777096,0.0338331926546082,0.0033792630821529,0.0033767281042899,0.0037211524646216,0.0124233103718412,0.0124036648864973,0.0173386560536284,0.0215885318252187,0.0215405944934078,0.0356754429564205,0.0067419209917675,0.0065928247974433,0.0141665165949245,0.0142464583437901,0.0141641036272104,0.023893452401179,0.021645647166683,0.0215984814618227,0.0361091048917259,0.0137385254424165,0.0134521141895131,0.0390770290160803,0.0177327117675978,0.0175708111813442,0.0377348510314502,True,True,False,False,False,recovered_original,True,,484.46,0.19999999999999996,True
S2,flip,,6,110,[44],True,14,14,14,56,48,34567012345670123456701234567012345670123456701234567012,345670123456701234567012345670123456701234567012,True,True,True,True,1.0,1.0,0.2828224698422814,0.2783720814298667,4.541955114733412,2.914106566755948,34567012345670123456701234567012345670123456701234567012,1100100111001001110010011100100111001001110010011100100111001001110010011100100111001001110010011100100111001001,01111000011110000111100001111000011110000111100001111000,[0.9824225616845219],[0.01757743831547809],0,6,7,7,1,FRFRFRFRFRFRFR,0,14,0.0212862105756431,0.0212224966224745,0.0213266387120656,0.0033785694060315,0.0033758327940532,0.0033823354038585,0.0124287990317088,0.0124016353361259,0.012438386785175,0.0215895669397217,0.0215311150990126,0.0216382849186735,0.0067458359356975,0.0066344019114004,0.0068555171054929,0.0142405527734594,0.0141930895704406,0.0142997234096985,0.0216494823592353,0.0215887961939569,0.0216966166611811,0.0137180870172717,0.01339811715463,0.0140369758230823,0.0177261018212064,0.017540282385336,0.0179007774967732,True,True,False,False,True,legal_mod8_shift,True,,301.13,0.9648451233690438,True
S2,mult,0.8,5,101,[44],True,14,14,14,56,48,67012345670123456701234567012345670123456701234567012345,670123456701234567012345670123456701234567012345,True,True,True,True,1.0,1.0,0.2827075032940537,0.2747893594282223,4.054878498877379,2.915385697162151,67012345670123456701234567012345670123456701234567012345,0111001001110010011100100111001001110010011100100111001001110010011100100111001001110010011100100111001001110010,11000011110000111100001111000011110000111100001111000011,[0.9833704893381378],[0.7866963914705103],0,6,7,7,1,RFRFRFRFRFRFRF,0,14,0.021302218307822,0.0212664689029718,0.0376216481400142,0.0033798569475479,0.0033784510875674,0.0037109061922468,0.012431397017276,0.0124171966429361,0.0188316800715027,0.0216076976982073,0.0215738399702247,0.0405831237697634,0.0067474819328515,0.0066228608651053,0.0148475963040384,0.0142562482630159,0.0141843931727066,0.026323048303054,0.0216681181004162,0.0216311848701115,0.0413250045904089,0.0138357348999283,0.0134170435983128,0.0418888057559876,0.0177887931930828,0.0175811756862736,0.041637407247789,True,True,False,False,False,recovered_original,True,,750.56,0.19667409786762746,True
S2,mult,1.2,7,111,[44],True,15,15,15,56,48,01234567012345670123456701234567012345670123456701234567,012345670123456701234567012345670123456701234567,True,True,True,True,1.0,1.0,0.282821083283251,0.2783715806902423,4.540687601649779,2.9153889508289126,01234567012345670123456701234567012345670123456701234567,0010011100100111001001110010011100100111001001110010011100100111001001110010011100100111001001110010011100100111,00001111000011110000111100001111000011110000111100001111,[0.9783822446498289],[1.0],1,7,8,7,1,RFRFRFRFRFRFRFR,0,15,0.0212664766300989,0.0208726558582221,0.0213306493541798,0.0033792601308483,0.0033764405562787,0.0034744056089732,0.0124172036202761,0.0123588677123494,0.0124385090890275,0.0215738486214901,0.0211627009187018,0.0216434891061,0.0067623662053426,0.0066235132576161,0.0068592102534634,0.0142387463490434,0.0141159348805774,0.0142941328443071,0.0216311937435099,0.0212231932511628,0.0217021087661438,0.0136514598827409,0.013134999393437,0.014080871560394,0.0176834110640398,0.0172652567919836,0.0179268671337898,True,True,False,False,False,recovered_original,True,,737.81,0.021617755350171075,True
C2,mult,1.2,1,1,[43],True,14,14,14,56,48,23456701234567012345670123456701234567012345670123456701,234567012345670123456701234567012345670123456701,True,True,True,True,1.0,1.0,0.2828211851497622,0.2783716235123163,4.540690440236801,2.9153856994494163,23456701234567012345670123456701234567012345670123456701,0111001001110010011100100111001001110010011100100111001001110010011100100111001001110010011100100111001001110010,00111100001111000011110000111100001111000011110000111100,[6.320834339169544e-09],[7.585001207003452e-09],0,6,7,7,1,FRFRFRFRFRFRFR,0,14,0.0212921386258687,0.0212577344315255,0.0213324531066245,0.0033789743521406,0.0033760408861015,0.0033808508459411,0.0124312817752565,0.0124150598320923,0.0124330542096728,0.021595113124201,0.0215642257283369,0.0216437935236606,0.0067195065528772,0.0066042084342243,0.0068391726374338,0.0142456342213943,0.0141723319221084,0.0142813228814685,0.0216549563257168,0.0216213658895699,0.0217020465863327,0.0137803142951034,0.0134273950405223,0.0140665498724185,0.0177573237772091,0.0175822210844612,0.017917808944705,True,True,False,False,True,recovered_original,True,,723.52,1.2641668678339081e-09,True
RDF2_full,mult,0.8,3,11,"[40, 41, 42]",True,15,15,15,56,48,45670123456701234567012345670123456701234567012345670123,456701234567012345670123456701234567012345670123,True,True,True,True,1.0,1.0,0.2828226778578858,0.2783670674581066,4.5432210758633005,2.9153889508289126,45670123456701234567012345670123456701234567012345670123,0010011100100111001001110010011100100111001001110010011100100111001001110010011100100111001001110010011100100111,11110000111100001111000011110000111100001111000011110000,"[2.006687627275776e-06, 2.893902715398459e-05, 7.48271485260228e-05]","[1.6053501018206208e-06, 2.315122172318767e-05, 5.9861718820818246e-05]",0,7,7,8,1,FRFRFRFRFRFRFRF,0,15,0.02128355755594,0.0212175466455989,0.0218248129792966,0.0033790855177075,0.0033764740777626,0.0033850622690716,0.0124261079543497,0.0123997898094285,0.0126929583201034,0.0215887892966703,0.0215264690150198,0.0221264390971911,0.0067235065121622,0.0066043840728239,0.0068391477529327,0.0142497212361132,0.0141751207915351,0.0144702331321561,0.0216456127070023,0.0215842277840615,0.0221824677193622,0.0137124823643585,0.0133702049583786,0.0140242517872049,0.0177206255159996,0.0175245359887263,0.0180521634344165,True,True,False,False,False,recovered_original,True,,728.18,1.4965429705204555e-05,True
RDF2_full,mult,1.2,5,101,"[40, 41, 42]",True,14,14,14,56,48,67012345670123456701234567012345670123456701234567012345,670123456701234567012345670123456701234567012345,True,True,True,True,1.0,1.0,0.2828227298126712,0.2783685803098099,4.543224275755279,2.915385697162151,67012345670123456701234567012345670123456701234567012345,0111001001110010011100100111001001110010011100100111001001110010011100100111001001110010011100100111001001110010,11000011110000111100001111000011110000111100001111000011,"[0.1966622045090617, 2.838047539239063, 7.39679306870467]","[0.235994645410874, 3.405657047086876, 8.876151682445604]",0,6,7,7,1,RFRFRFRFRFRFRF,0,14,0.0212769027935917,0.0212163409342904,0.0213355142325972,0.0033796312516402,0.0033784510875517,0.0033825884061185,0.0124212798935161,0.0124055043820064,0.012442280610595,0.0215836702011658,0.0215267513502177,0.0216335620778083,0.0067425457696279,0.0066228608651053,0.0068592305264806,0.0142410668985639,0.0141843931727064,0.0142941392828482,0.0216408620511401,0.0215848730777884,0.0216923382766254,0.0137095199273734,0.0133839240462071,0.0140214513659977,0.0177162985787268,0.0175337471042346,0.0178932091265833,True,True,False,False,False,recovered_original,True,,726.72,1.479358613740934,True
Int2_full,mult,0.8,7,111,"[34, 35, 36]",True,15,15,15,56,48,01234567012345670123456701234567012345670123456701234567,012345670123456701234567012345670123456701234567,True,True,True,True,1.0,1.0,0.2828209740454864,0.2783715800285048,4.540687601649779,2.9153889508289126,01234567012345670123456701234567012345670123456701234567,0010011100100111001001110010011100100111001001110010011100100111001001110010011100100111001001110010011100100111,00001111000011110000111100001111000011110000111100001111,"[1.3341045502385736e-07, 3.8342566599541977e-05, 0.00014868979829466084]","[1.0672836401908589e-07, 3.0674053279633585e-05, 0.00011895183863572869]",0,7,8,7,1,RFRFRFRFRFRFRFR,0,15,0.0212893329822625,0.0212261176778354,0.0213306493541798,0.0033792601309327,0.0033764405562787,0.0034767733299455,0.0124265286022592,0.012401798464264,0.0124933966086988,0.0215955120526191,0.0215359179138625,0.0216434891061,0.0067753280960889,0.0066235222590538,0.0068592102552995,0.0142621389888085,0.0141854967643862,0.014294132849944,0.0216525535388267,0.0215938829457731,0.0217021087661438,0.0136514598888837,0.0133030489788736,0.014080871560394,0.0176834110728665,0.0175326200318302,0.0179268671337898,True,True,False,False,False,recovered_original,True,,554.12,2.9737959658932158e-05,True
A1_full,mult,0.8,1,1,"[45, 47, 48]",True,14,14,14,56,48,23456701234567012345670123456701234567012345670123456701,234567012345670123456701234567012345670123456701,True,True,True,True,1.0,1.0,0.2828211837057353,0.278371623503569,4.540690440237398,2.9153856994494163,23456701234567012345670123456701234567012345670123456701,0111001001110010011100100111001001110010011100100111001001110010011100100111001001110010011100100111001001110010,00111100001111000011110000111100001111000011110000111100,"[1.1918669846152727, 0.09932216066855643, 2.3284896659477226]","[0.9534935876922183, 0.07945772853484515, 1.8627917327581782]",0,6,7,7,1,FRFRFRFRFRFRFR,0,14,0.0212921507519426,0.0212577344315255,0.0213324531112127,0.0033789743521406,0.00337604089107,0.0033808508459411,0.0124313117495166,0.0124150598320923,0.0124330542210174,0.0215951336947923,0.0215642257283369,0.0216437935314739,0.0067195065578451,0.0066042084342243,0.0068391726374338,0.0142456342285543,0.0141723319221084,0.0142813228814685,0.0216549786354635,0.0216213658895699,0.021702046594812,0.0137803142951034,0.0134275000775027,0.0140665498932005,0.0177573237772091,0.0175823114834429,0.0179178089620745,True,True,False,False,True,recovered_original,True,,494.66,0.46569793318954433,True
A1_full,mult,1.2,3,11,"[45, 47, 48]",True,15,15,15,56,48,45670123456701234567012345670123456701234567012345670123,456701234567012345670123456701234567012345670123,True,True,True,True,1.0,1.0,0.2828226778738051,0.2783670679681058,4.5432210758633005,2.9153889508289126,45670123456701234567012345670123456701234567012345670123,0010011100100111001001110010011100100111001001110010011100100111001001110010011100100111001001110010011100100111,11110000111100001111000011110000111100001111000011110000,"[0.3043031763830903, 0.02537324770753443, 0.5946360690643498]","[0.36516381165970835, 0.030447897249041313, 0.7135632828772198]",0,7,7,8,1,FRFRFRFRFRFRFRF,0,15,0.0212835572846666,0.0212175466455989,0.0218231095547858,0.0033790855177075,0.0033764740777626,0.0033850993727462,0.0124261072918576,0.0123997898094285,0.0126921793087984,0.0215887888404259,0.0215264690150198,0.0221237835295253,0.0067235065121622,0.0066043835048294,0.0068391477528215,0.0142497212361132,0.0141751199603788,0.0144689780738276,0.0216456122128298,0.0215842277840615,0.0221796175304684,0.013712481182988,0.0133702049583786,0.0140242517872049,0.0177206245126133,0.0175245359887263,0.0180508161350008,True,True,False,False,False,recovered_original,True,,492.91,0.11892721381286997,True
F1_full,mult,0.8,5,101,"[46, 49, 50]",True,14,14,14,56,48,67012345670123456701234567012345670123456701234567012345,670123456701234567012345670123456701234567012345,True,True,True,True,1.0,1.0,0.2828227295602757,0.2783685722237934,4.543224275755392,2.915385697162151,67012345670123456701234567012345670123456701234567012345,0111001001110010011100100111001001110010011100100111001001110010011100100111001001110010011100100111001001110010,11000011110000111100001111000011110000111100001111000011,"[2.2418328187219205, 0.08220005884941055, 1.9270852080232856]","[1.7934662549775364, 0.06576004707952844, 1.5416681664186287]",0,6,7,7,1,RFRFRFRFRFRFRF,0,14,0.0212769027935917,0.0212163410994112,0.0213355142326288,0.0033796312521368,0.0033784510875517,0.0033825937335294,0.0124212798935161,0.01240550443266,0.0124422806106046,0.0215836702011658,0.0215267515183044,0.0216335620778406,0.0067425457804764,0.0066228608651053,0.0068592305264806,0.0142410669326362,0.0141843931727064,0.0142941392828482,0.0216408620511401,0.0215848732464414,0.0216923382766577,0.0137095199273734,0.0133839241189717,0.0140214513660125,0.0177162985787268,0.0175337472101676,0.0178932091266042,True,True,False,False,False,recovered_original,True,,490.44,0.4483665637443841,True
F1_full,mult,1.2,7,111,"[46, 49, 50]",True,15,15,15,56,48,01234567012345670123456701234567012345670123456701234567,012345670123456701234567012345670123456701234567,True,True,True,True,1.0,1.0,0.2828209744108296,0.2783715800307168,4.540687601649779,2.9153889508289126,01234567012345670123456701234567012345670123456701234567,0010011100100111001001110010011100100111001001110010011100100111001001110010011100100111001001110010011100100111,00001111000011110000111100001111000011110000111100001111,"[0.018593443201950284, 0.0006863873739090191, 0.016049125634542197]","[0.02231213184234034, 0.0008236648486908229, 0.019258950761450636]",0,7,8,7,1,RFRFRFRFRFRFRFR,0,15,0.0212893327413232,0.0212261176778354,0.0213306493541798,0.0033792601309324,0.0033764405562787,0.003476691176494,0.012426528528573,0.012401798464264,0.0124933764245902,0.0215955118074269,0.0215359179138625,0.0216434891061,0.0067753280960889,0.0066235222289488,0.0068592102552933,0.0142621389888085,0.0141854966664103,0.0142941328499251,0.0216525532928269,0.0215938829457731,0.0217021087661438,0.0136514598888632,0.013299162114177,0.014080871560394,0.017683411072837,0.0175307341282111,0.0179268671337898,True,True,False,False,False,recovered_original,True,,485.1,0.0037186886403900547,True
S2,add,-0.1,1,1,[44],True,14,14,14,56,48,23456701234567012345670123456701234567012345670123456701,234567012345670123456701234567012345670123456701,True,True,True,True,1.0,1.0,0.2828228336704015,0.2783716413041154,4.540690439030925,2.9153856994494163,23456701234567012345670123456701234567012345670123456701,0111001001110010011100100111001001110010011100100111001001110010011100100111001001110010011100100111001001110010,00111100001111000011110000111100001111000011110000111100,[0.0164164671424923],[0.0],1,6,7,7,1,FRFRFRFRFRFRFR,0,14,0.0212919379027276,0.0212286684399797,0.0213324437747812,0.0033789743521404,0.0033225348664756,0.0033808508459411,0.0124279025021164,0.0123035036278168,0.0124330311357572,0.0215937588678974,0.0215022570081477,0.0216437776321482,0.0066846681338808,0.0066042084342243,0.0068391726374338,0.0142227809468402,0.0141072131430273,0.0142813228814685,0.0216532971894912,0.0215527514463841,0.0217020293406032,0.0137803142951027,0.0132058274503084,0.0140665076034888,0.0177573237772085,0.0173922959223726,0.0179177736167627,True,True,False,False,True,recovered_original,True,,491.71,0.0164164671424923,True
S2,add,0.2,3,11,[44],True,15,15,15,56,48,45670123456701234567012345670123456701234567012345670123,456701234567012345670123456701234567012345670123,True,True,True,True,1.0,1.0,0.282822663621453,0.2783666113765525,4.5432210758633005,2.9153889508289126,45670123456701234567012345670123456701234567012345670123,0010011100100111001001110010011100100111001001110010011100100111001001110010011100100111001001110010011100100111,11110000111100001111000011110000111100001111000011110000,[0.017176161674143868],[0.21717616167414389],0,7,7,8,1,FRFRFRFRFRFRFRF,0,15,0.0212838001353264,0.0212175466455989,0.0228172654430721,0.0033790855177075,0.0033764740777626,0.0042526182231932,0.0124267003069448,0.0123997898094285,0.0146663072312345,0.0215891973004249,0.0215264690150198,0.0241060978841501,0.0067559365269313,0.0066048919334445,0.0083820877950105,0.0142497212361132,0.0141758639708345,0.0172023443335924,0.0216460546320315,0.0215842277840615,0.0243944712784977,0.0137135386630589,0.0133702049583786,0.0174169727050189,0.0177215226914399,0.0175245359887263,0.0213309442089026,True,True,False,False,False,recovered_original,True,,494.32,0.2,True
S2,add,-0.2,5,101,[44],True,14,14,14,56,48,67012345670123456701234567012345670123456701234567012345,670123456701234567012345670123456701234567012345,True,True,True,True,1.0,1.0,0.2826893374115545,0.2742457875670351,4.025188411068797,2.915385697162151,67012345670123456701234567012345670123456701234567012345,0111001001110010011100100111001001110010011100100111001001110010011100100111001001110010011100100111001001110010,11000011110000111100001111000011110000111100001111000011,[0.9833704893381378],[0.7833704893381377],0,6,7,7,1,RFRFRFRFRFRFRF,0,14,0.0213078062144306,0.0212664689029718,0.0394138155344601,0.0033798923312001,0.0033784510875699,0.0036981445103423,0.0124331093084231,0.0124171966429361,0.0194560997959966,0.0216133873209535,0.0215738399702247,0.0429156131372247,0.0067482569846538,0.0066228608651053,0.0149307314179929,0.0142585723471721,0.0141843931727066,0.0272778189053929,0.0216738271647809,0.0216311848701115,0.043813620145885,0.0138357349000275,0.0134222460755708,0.0423650479344568,0.0177887931932239,0.0175884796232108,0.043004166155708,True,True,False,False,False,recovered_original,True,,487.46,0.20000000000000007,True
S2,flip,,7,111,[44],True,15,15,15,56,48,45670123456701234567012345670123456701234567012345670123,456701234567012345670123456701234567012345670123,True,True,True,True,1.0,1.0,0.2828225251442852,0.2783622286092855,4.322391206115276,2.9153889508289126,45670123456701234567012345670123456701234567012345670123,0010011100100111001001110010011100100111001001110010011100100111001001110010011100100111001001110010011100100111,11110000111100001111000011110000111100001111000011110000,[0.9783822446498289],[0.021617755350171075],0,7,7,8,1,FRFRFRFRFRFRFRF,0,15,0.0212577826350537,0.0205757908254493,0.0213213759265677,0.0033790855177139,0.0033764740777871,0.0039671739900414,0.0124319213787442,0.0123997898098027,0.0129050912228252,0.02156427442451,0.0209294865680239,0.0216333230373155,0.0067559365269636,0.0066090980110848,0.0078173303483459,0.0142497212361154,0.014182326940753,0.0148736293885504,0.0216214147124617,0.0215842277847491,0.021691732457802,0.0137222724534521,0.0133702049584247,0.0163341223208735,0.0177292556571164,0.0175245359891016,0.0191737906315042,True,True,False,False,False,legal_mod8_shift,True,,311.11,0.9567644892996578,True
S2,mult,0.8,6,110,[44],True,14,14,14,56,48,70123456701234567012345670123456701234567012345670123456,701234567012345670123456701234567012345670123456,True,True,True,True,1.0,1.0,0.282704068306515,0.2746859289687354,4.0415460133865935,2.914106566755322,70123456701234567012345670123456701234567012345670123456,1100100111001001110010011100100111001001110010011100100111001001110010011100100111001001110010011100100111001001,10000111100001111000011110000111100001111000011110000111,[0.9824225616845219],[0.7859380493476176],0,6,7,7,1,RFRFRFRFRFRFRF,0,14,0.021315023214,0.0212113034469869,0.0382980054092381,0.0033787021641328,0.0033767275428286,0.003718677086782,0.0124320728154361,0.0124035627205529,0.0190134193103114,0.0216155845080464,0.0215220169533208,0.0415103781922667,0.0067691364532382,0.0066724385968005,0.0151481985690561,0.0142436200298979,0.0142115773079012,0.0268084233723684,0.0216779673432066,0.0215802167880245,0.0422834147081548,0.0137375829539158,0.01335596092314,0.0397291788421454,0.0177464439816805,0.0175179301312974,0.0408589399174448,True,True,False,False,False,recovered_original,True,,747.99,0.19648451233690434,True
C2,mult,0.8,0,0,[43],True,14,14,14,56,48,12345670123456701234567012345670123456701234567012345670,123456701234567012345670123456701234567012345670,True,True,True,True,1.0,1.0,0.2828228503785888,0.2783721295930688,4.541951891804956,2.914103308355365,12345670123456701234567012345670123456701234567012345670,1001110010011100100111001001110010011100100111001001110010011100100111001001110010011100100111001001110010011100,00011110000111100001111000011110000111100001111000011110,[0.00022835431684420864],[0.00018268345347536693],0,6,7,7,1,FRFRFRFRFRFRFR,0,14,0.0212731443278095,0.0212225085705111,0.0213161054483942,0.0033792112088331,0.0033767279207834,0.003381317620468,0.0124211904596096,0.0124016396947974,0.0124346838534107,0.0215758603059709,0.021531126279433,0.0216283552288004,0.0067397937534744,0.0066142116172712,0.0068497738741089,0.0142379777133053,0.0141761754311888,0.0142883372949536,0.02163563820696,0.0215888071781176,0.0216868428802733,0.0136832056686828,0.0133981883438507,0.0139945874560185,0.0177013960891091,0.0175403222075752,0.0178778547894807,True,True,False,False,True,recovered_original,True,,738.52,4.567086336884171e-05,True
C2,mult,1.2,2,10,[43],True,14,14,14,56,48,34567012345670123456701234567012345670123456701234567012,345670123456701234567012345670123456701234567012,True,True,True,True,1.0,1.0,0.282822681092998,0.2783720956065909,4.541955114734776,2.914106566755322,34567012345670123456701234567012345670123456701234567012,1100100111001001110010011100100111001001110010011100100111001001110010011100100111001001110010011100100111001001,01111000011110000111100001111000011110000111100001111000,[1.479892322724149e-11],[1.7758707872689788e-11],0,6,7,7,1,FRFRFRFRFRFRFR,0,14,0.0212842294065867,0.021222496482651,0.0213266387106278,0.0033785689230903,0.0033758327940075,0.0033823028531222,0.0124252428254167,0.0124016352615374,0.0124383867851631,0.0215866423760954,0.0215311149604358,0.0216382849172495,0.0067458359329156,0.0066344019113937,0.0068497670412532,0.0142405527359079,0.0141930895704309,0.0142908749019387,0.0216463351159451,0.0215887960556634,0.0216966166597601,0.0137123718440774,0.0133981171465733,0.0140369758229915,0.0177208561541978,0.017540282310563,0.0179007774960035,True,True,False,False,True,recovered_original,True,,721.72,2.9597846454482985e-12,False
RDF2_full,mult,0.8,4,100,"[40, 41, 42]",True,14,14,14,56,48,56701234567012345670123456701234567012345670123456701234,567012345670123456701234567012345670123456701234,True,True,True,True,1.0,1.0,0.2828228384218145,0.2783717615429955,4.539421659478762,2.9141038696905213,56701234567012345670123456701234567012345670123456701234,1001110010011100100111001001110010011100100111001001110010011100100111001001110010011100100111001001110010011100,11100001111000011110000111100001111000011110000111100001,"[0.19685198139780338, 2.669896499174871, 4.44189104839722]","[0.15748158511824273, 2.1359171993398967, 3.5535128387177757]",0,6,7,7,1,RFRFRFRFRFRFRF,0,14,0.0212820620904093,0.0212310986777096,0.0213410482158458,0.003379125808969,0.0033767281042899,0.0033815714609336,0.0124233089988937,0.0124036648864973,0.0124446436870829,0.0215885272562352,0.0215405944934078,0.0216387951032881,0.0067123698489898,0.0065928247972337,0.0068274093174376,0.0142368956222553,0.014164103626523,0.0142731194650548,0.0216456425826767,0.0215984814618227,0.0216974914174145,0.0137385233873292,0.0134521141895131,0.0140506456107471,0.0177327088339714,0.0175708111813442,0.0179099239857789,True,True,False,False,False,recovered_original,True,,727.35,0.8883782096794439,True
RDF2_full,mult,1.2,6,110,"[40, 41, 42]",True,14,14,14,56,48,70123456701234567012345670123456701234567012345670123456,701234567012345670123456701234567012345670123456,True,True,True,True,1.0,1.0,0.282822829250344,0.2783715264399728,4.539424874389511,2.914106566755322,70123456701234567012345670123456701234567012345670123456,1100100111001001110010011100100111001001110010011100100111001001110010011100100111001001110010011100100111001001,10000111100001111000011110000111100001111000011110000111,"[0.1964341640534878, 2.8339524038792194, 7.366657795516625]","[0.23572099686418535, 3.400742884655063, 8.83998935461995]",0,6,7,7,1,RFRFRFRFRFRFRF,0,14,0.0212615180215558,0.0212113034442097,0.0213303015118321,0.0033786080889745,0.0033767274535137,0.0033805215950228,0.0124155599185117,0.0124035627197008,0.0124403844826519,0.0215691854553461,0.0215220169504937,0.0216286426470382,0.0067323871190318,0.0065915201847301,0.0068273901031804,0.0142342614514237,0.0141636445828147,0.0142731143471446,0.0216266062568895,0.0215802167851878,0.0216908589107337,0.0136198422502032,0.0133559609219194,0.0139919663288324,0.0176658330765613,0.017517930129518,0.0178782125744383,True,True,False,False,False,recovered_original,True,,726.55,1.4733315591033254,True
Int2_full,mult,1.2,0,0,"[34, 35, 36]",True,14,14,14,56,48,12345670123456701234567012345670123456701234567012345670,123456701234567012345670123456701234567012345670,True,True,True,True,1.0,1.0,0.2828228500893966,0.2783721295930688,4.541951891804956,2.914103308355365,12345670123456701234567012345670123456701234567012345670,1001110010011100100111001001110010011100100111001001110010011100100111001001110010011100100111001001110010011100,00011110000111100001111000011110000111100001111000011110,"[3.4104314785435017e-07, 0.0001586932517855972, 0.001236408055549032]","[4.092517774252202e-07, 0.00019043190214271664, 0.0014836896666588384]",0,6,7,7,1,FRFRFRFRFRFRFR,0,14,0.0212731443278096,0.0212225085705111,0.0213161104003163,0.0033792112093428,0.0033767279207834,0.0033813176204682,0.0124211904596098,0.0124016396947974,0.0124346838557451,0.0215758603059711,0.021531126279433,0.0216283636847065,0.0067397991212788,0.0066142116172716,0.0068497738741089,0.0142379854633168,0.0141761754311893,0.0142883372949536,0.0216356382069601,0.0215888071781176,0.0216868520606421,0.0136832056686832,0.0133981883438507,0.0139946098742978,0.0177013960891095,0.0175403222075752,0.0178778735756349,True,True,False,False,True,recovered_original,True,,553.61,0.00024728161110980644,True
A1_full,mult,0.8,2,10,"[45, 47, 48]",True,14,14,14,56,48,34567012345670123456701234567012345670123456701234567012,345670123456701234567012345670123456701234567012,True,True,True,True,1.0,1.0,0.2828226810647072,0.278372095606419,4.541955114734776,2.914106566755322,34567012345670123456701234567012345670123456701234567012,1100100111001001110010011100100111001001110010011100100111001001110010011100100111001001110010011100100111001001,01111000011110000111100001111000011110000111100001111000,"[0.2088681940142623, 0.0256359200223252, 0.48516445652557866]","[0.16709455521140984, 0.02050873601786016, 0.38813156522046294]",0,6,7,7,1,FRFRFRFRFRFRFR,0,14,0.021284229647451,0.021222496482651,0.0213266387106278,0.003378568923139,0.0033758327940075,0.0033823028531222,0.0124252434055559,0.0124016352615374,0.0124383867851631,0.0215866427816193,0.0215311149604358,0.0216382849172495,0.0067458359329157,0.0066344019113937,0.0068497680701729,0.0142405527359079,0.0141930895704309,0.014290876369189,0.0216463355552812,0.0215887960556634,0.0216966166597601,0.0137123728690998,0.0133981171465733,0.0140369758229915,0.01772085703234,0.017540282310563,0.0179007774960035,True,True,False,False,True,recovered_original,True,,493.87,0.09703289130511572,True
A1_full,mult,1.2,4,100,"[45, 47, 48]",True,14,14,14,56,48,56701234567012345670123456701234567012345670123456701234,567012345670123456701234567012345670123456701234,True,True,True,True,1.0,1.0,0.2828228399444609,0.2783718103265352,4.539421659478762,2.9141038696905213,56701234567012345670123456701234567012345670123456701234,1001110010011100100111001001110010011100100111001001110010011100100111001001110010011100100111001001110010011100,11100001111000011110000111100001111000011110000111100001,"[1.191955823060878, 0.09933363656666054, 2.328611234126632]","[1.4303469876730535, 0.11920036387999264, 2.794333480951958]",0,6,7,7,1,RFRFRFRFRFRFRF,0,14,0.0212820620903143,0.0212310986777096,0.0213356903369323,0.0033791258060533,0.0033767281042899,0.0033815714609324,0.0124233089988647,0.0124036648864973,0.0124430089936243,0.0215885272561384,0.0215405944934078,0.0216333455839187,0.0067120272323494,0.0065928247972337,0.0068274093174376,0.0142368954166528,0.0141641036265229,0.0142731194650548,0.0216456425825796,0.0215984814618227,0.0216920234954696,0.0137385233872857,0.0134521141895131,0.0140481473220883,0.0177327088339093,0.0175708111813442,0.0179063887965331,True,True,False,False,False,recovered_original,True,,491.97,0.46572224682532637,True
F1_full,mult,0.8,6,110,"[46, 49, 50]",True,14,14,14,56,48,70123456701234567012345670123456701234567012345670123456,701234567012345670123456701234567012345670123456,True,True,True,True,1.0,1.0,0.2828228293185827,0.2783715286262376,4.539424874389511,2.914106566755322,70123456701234567012345670123456701234567012345670123456,1100100111001001110010011100100111001001110010011100100111001001110010011100100111001001110010011100100111001001,10000111100001111000011110000111100001111000011110000111,"[0.030144077119228892, 0.00014030107420568062, 0.0032512692764359694]","[0.024115261695383115, 0.0001122408593645445, 0.0026010154211487755]",0,6,7,7,1,RFRFRFRFRFRFRF,0,14,0.0212613941715308,0.0212113034442097,0.0213303015118321,0.0033786080889745,0.0033767274535136,0.0033805200841098,0.0124155220708331,0.0124035627197008,0.0124403844826519,0.0215690594275261,0.0215220169504937,0.0216286426470382,0.0067323871190318,0.0065914903368466,0.0068273900971776,0.0142342614514237,0.0141635445344673,0.0142731143285888,0.0216264798153262,0.0215802167851878,0.0216908589107337,0.013619787793834,0.0133559609219194,0.0139919663288324,0.017665753420394,0.017517930129518,0.0178782125744383,True,True,False,False,False,recovered_original,True,,489.09,0.006028815423845778,True
S2,add,0.1,0,0,[44],True,14,14,14,56,48,12345670123456701234567012345670123456701234567012345670,123456701234567012345670123456701234567012345670,True,True,True,True,1.0,1.0,0.2827957930192067,0.2783720099500464,4.541951891804956,2.914103308355365,12345670123456701234567012345670123456701234567012345670,1001110010011100100111001001110010011100100111001001110010011100100111001001110010011100100111001001110010011100,00011110000111100001111000011110000111100001111000011110,[0.014163471516736923],[0.11416347151673693],0,6,7,7,1,FRFRFRFRFRFRFR,0,14,0.0212731443360657,0.0212225085705111,0.0217525260821972,0.0033792578072635,0.0033767279207834,0.0037619687928888,0.0124211904797484,0.0124016396947974,0.0133218194572635,0.0215758603197306,0.021531126279433,0.0223764332832816,0.0067868905521023,0.0066142116518375,0.0074754807233114,0.0142467512168386,0.0141761754815939,0.0153935723610231,0.0216356382219852,0.0215888071781176,0.0225099909324848,0.0136832057046587,0.0133981883438507,0.0155871691254267,0.0177013961196243,0.0175403222075752,0.0192658290794951,True,True,False,False,True,recovered_original,True,,482.88,0.1,True
S2,add,-0.1,2,10,[44],True,14,14,14,56,48,34567012345670123456701234567012345670123456701234567012,345670123456701234567012345670123456701234567012,True,True,True,True,1.0,1.0,0.2828228492547175,0.2783721135743727,4.541955114734776,2.914106566755322,34567012345670123456701234567012345670123456701234567012,1100100111001001110010011100100111001001110010011100100111001001110010011100100111001001110010011100100111001001,01111000011110000111100001111000011110000111100001111000,[0.01656728164230484],[0.0],1,6,7,7,1,FRFRFRFRFRFRFR,0,14,0.0212715235221883,0.0212169485999558,0.0213266387106275,0.0033773256533761,0.0033234116843172,0.0033823028531222,0.0124200386777087,0.0122916517383756,0.0124383867851631,0.0215745495965335,0.0214889344675127,0.0216382849172489,0.0067306899989709,0.0066344019113937,0.00680755285309,0.0142312294385664,0.0141301029387189,0.0142604202208188,0.0216343973763345,0.0215390272243732,0.0216966166597595,0.0136552773061746,0.0133980780527524,0.01403697582299,0.0176873093561247,0.0174783214827237,0.0179007774960022,True,True,False,False,True,recovered_original,True,,491.03,0.01656728164230484,True
S2,add,0.2,4,100,[44],True,14,14,14,56,48,56701234567012345670123456701234567012345670123456701234,567012345670123456701234567012345670123456701234,True,True,True,True,1.0,1.0,0.2828228441246049,0.278371944252909,4.539421659478762,2.9141038696905213,56701234567012345670123456701234567012345670123456701234,1001110010011100100111001001110010011100100111001001110010011100100111001001110010011100100111001001110010011100,11100001111000011110000111100001111000011110000111100001,[0.9989275887462064],[1.0],1,6,7,7,1,RFRFRFRFRFRFRF,0,14,0.0212820620900532,0.0212310986777096,0.0213208787881501,0.0033791257980486,0.0033767281042899,0.0033815714609291,0.0124233089987848,0.0124036648864973,0.0124384891284492,0.0215885272558728,0.0215405944934078,0.0216188579436177,0.0067110857721163,0.0065928247972337,0.0068274093174376,0.0142368948522084,0.0141641036265229,0.0142731194650548,0.0216456425823131,0.0215984814618227,0.0216812406984726,0.0137385233871662,0.0134521141895131,0.0140412829658854,0.0177327088337388,0.0175708111813442,0.0178966360907149,True,True,False,False,False,recovered_original,True,,492.66,0.001072411253793648,True
S2,add,-0.2,6,110,[44],True,14,14,14,56,48,70123456701234567012345670123456701234567012345670123456,701234567012345670123456701234567012345670123456,True,True,True,True,1.0,1.0,0.2826840538491678,0.2740885461518731,4.009702950026526,2.914106566755322,70123456701234567012345670123456701234567012345670123456,1100100111001001110010011100100111001001110010011100100111001001110010011100100111001001110010011100100111001001,10000111100001111000011110000111100001111000011110000111,[0.9824225616845219],[0.782422561684522],0,6,7,7,1,RFRFRFRFRFRFRF,0,14,0.0213166552301786,0.0212113034474551,0.0402719500034105,0.003378742152235,0.0033767275578874,0.0037045097203566,0.0124339593786074,0.0124035627206965,0.0196896347428419,0.0216155845080464,0.0215220169537975,0.0441145560796491,0.00676913661755,0.0066724385968005,0.0152340337493596,0.0142436205423956,0.0142115773079012,0.0278588922735232,0.0216779673432067,0.0215802167885028,0.0450635741102371,0.0137405102897127,0.0133559609233458,0.0401781096802224,0.0177505121213259,0.0175179301315974,0.0423137461672773,True,True,False,False,False,recovered_original,True,,487.49,0.19999999999999996,True
S2,mult,0.8,7,111,[44],True,15,15,15,56,48,01234567012345670123456701234567012345670123456701234567,012345670123456701234567012345670123456701234567,True,True,True,True,1.0,1.0,0.282785069670547,0.2783713625024809,4.3795186588654,2.9153889508289126,01234567012345670123456701234567012345670123456701234567,0010011100100111001001110010011100100111001001110010011100100111001001110010011100100111001001110010011100100111,00001111000011110000111100001111000011110000111100001111,[0.9783822446498289],[0.7827057957198632],0,7,8,7,1,RFRFRFRFRFRFRFR,0,15,0.0213128131198763,0.0212261176778356,0.0276041560813621,0.0033792601586714,0.0033764405562788,0.0037870611466065,0.0124337081066325,0.0124017984642641,0.0152171709356604,0.0216194073957831,0.0215359179138627,0.028536590653637,0.0067753280960889,0.006626477842433,0.0129382611386581,0.0142621389888085,0.0141950539277507,0.0204240867345361,0.0216765277358889,0.0215938829457732,0.0287531058423476,0.0137783555069851,0.013423967705746,0.0341240434231938,0.0177654293631445,0.0175549336956069,0.0315464659987681,True,True,False,False,False,recovered_original,True,,749.6,0.19567644892996572,True
C2,mult,0.8,1,1,[43],True,14,14,14,56,48,23456701234567012345670123456701234567012345670123456701,234567012345670123456701234567012345670123456701,True,True,True,True,1.0,1.0,0.2828211851497625,0.2783716235123163,4.540690440236801,2.9153856994494163,23456701234567012345670123456701234567012345670123456701,0111001001110010011100100111001001110010011100100111001001110010011100100111001001110010011100100111001001110010,00111100001111000011110000111100001111000011110000111100,[6.320834339169544e-09],[5.056667471335636e-09],0,6,7,7,1,FRFRFRFRFRFRFR,0,14,0.0212921386258656,0.0212577344315255,0.0213324531066245,0.0033789743521406,0.0033760408861015,0.0033808508459411,0.0124312817752489,0.0124150598320923,0.0124330542096728,0.0215951131241958,0.0215642257283369,0.0216437935236606,0.0067195065528772,0.0066042084342243,0.0068391726374338,0.0142456342213943,0.0141723319221084,0.0142813228814685,0.0216549563257112,0.0216213658895699,0.0217020465863327,0.0137803142951034,0.0134273950404957,0.0140665498724185,0.0177573237772091,0.0175822210844383,0.017917808944705,True,True,False,False,True,recovered_original,True,,741.48,1.2641668678339081e-09,True
C2,mult,1.2,3,11,[43],True,15,15,15,56,48,45670123456701234567012345670123456701234567012345670123,456701234567012345670123456701234567012345670123,True,True,True,True,1.0,1.0,0.2828226778578892,0.278367067458215,4.5432210758633005,2.9153889508289126,45670123456701234567012345670123456701234567012345670123,0010011100100111001001110010011100100111001001110010011100100111001001110010011100100111001001110010011100100111,11110000111100001111000011110000111100001111000011110000,[1.5868260239840309e-09],[1.904191228780837e-09],0,7,7,8,1,FRFRFRFRFRFRFRF,0,15,0.0212835575558829,0.0212175466455989,0.0218248107332383,0.0033790855177075,0.0033764740777626,0.0033850626468203,0.0124261079542101,0.0123997898094285,0.0126929578903291,0.0215887892965742,0.0215264690150198,0.0221264360356455,0.0067235065121622,0.0066043840727042,0.0068391477529327,0.0142497212361132,0.01417512079136,0.0144702323878949,0.0216456127068982,0.0215842277840615,0.0221824650269976,0.0137124823641095,0.0133702049583786,0.0140242517872049,0.0177206255157882,0.0175245359887263,0.0180521630716255,True,True,False,False,False,recovered_original,True,,725.9,3.1736520479680593e-10,False
RDF2_full,mult,0.8,5,101,"[40, 41, 42]",True,14,14,14,56,48,67012345670123456701234567012345670123456701234567012345,670123456701234567012345670123456701234567012345,True,True,True,True,1.0,1.0,0.2828227299366924,0.2783685842830856,4.543224275755222,2.915385697162151,67012345670123456701234567012345670123456701234567012345,0111001001110010011100100111001001110010011100100111001001110010011100100111001001110010011100100111001001110010,11000011110000111100001111000011110000111100001111000011,"[0.1966622045090617, 2.838047539239063, 7.39679306870467]","[0.15732976360724937, 2.2704380313912504, 5.917434454963736]",0,6,7,7,1,RFRFRFRFRFRFRF,0,14,0.0212769027935917,0.021216340853154,0.0213355142325816,0.0033796312513961,0.0033784510875517,0.0033825857881241,0.0124212798935161,0.0124055043571164,0.0124422806105902,0.0215836702011658,0.0215267512676239,0.0216335620777925,0.0067425457642971,0.0066228608651053,0.0068592305264806,0.0142410668818216,0.0141843931727064,0.0142941392828482,0.0216408620511401,0.0215848729949164,0.0216923382766095,0.0137095199273734,0.0133839240104523,0.0140214513659905,0.0177162985787268,0.0175337470521816,0.0178932091265731,True,True,False,False,False,recovered_original,True,,729.69,1.479358613740934,True
RDF2_full,mult,1.2,7,111,"[40, 41, 42]",True,15,15,15,56,48,01234567012345670123456701234567012345670123456701234567,012345670123456701234567012345670123456701234567,True,True,True,True,1.0,1.0,0.2828209867216649,0.2783715801052949,4.540687601649779,2.9153889508289126,01234567012345670123456701234567012345670123456701234567,0010011100100111001001110010011100100111001001110010011100100111001001110010011100100111001001110010011100100111,00001111000011110000111100001111000011110000111100001111,"[0.1955838805558467, 2.8219623933738975, 7.340860103005656]","[0.234700656667016, 3.386354872048677, 8.809032123606787]",0,7,8,7,1,RFRFRFRFRFRFRFR,0,15,0.0212893246224573,0.0212261176778354,0.0213306493541798,0.0033792601309229,0.0033764405562787,0.0034766490787684,0.0124265260455889,0.012401798464264,0.0124926865089738,0.0215955035452504,0.0215359179138625,0.0216434891061,0.0067753280960889,0.006623521214511,0.0068592102550864,0.0142621389888085,0.0141854933649454,0.0142941328492899,0.0216525450034377,0.0215938829457731,0.0217021087661438,0.0136514598881709,0.0132896972960299,0.014080871560394,0.0176834110718422,0.0175253476849117,0.0179268671337898,True,True,False,False,False,recovered_original,True,,731.33,1.4681720206011315,True
Int2_full,mult,1.2,1,1,"[34, 35, 36]",True,14,14,14,56,48,23456701234567012345670123456701234567012345670123456701,234567012345670123456701234567012345670123456701,True,True,True,True,1.0,1.0,0.2828211851110942,0.2783716235120811,4.54069044023683,2.9153856994494163,23456701234567012345670123456701234567012345670123456701,0111001001110010011100100111001001110010011100100111001001110010011100100111001001110010011100100111001001110010,00111100001111000011110000111100001111000011110000111100,"[2.564568913661994e-07, 7.470244035745294e-05, 0.0002876605240173853]","[3.0774826963943926e-07, 8.964292842894353e-05, 0.0003451926288208623]",0,6,7,7,1,FRFRFRFRFRFRFR,0,14,0.0212921389505816,0.0212577344315255,0.0213324531067474,0.0033789743521406,0.0033760408862345,0.0033808508459411,0.0124312825779159,0.0124150598320923,0.0124330542099766,0.0215951136750394,0.0215642257283369,0.0216437935238698,0.0067195065530102,0.0066042084342243,0.0068391726374338,0.0142456342215861,0.0141723319221084,0.0142813228814685,0.0216549569231258,0.0216213658895699,0.0217020465865599,0.0137803142951034,0.01342739785323,0.014066549872975,0.0177573237772091,0.0175822235051861,0.0179178089451702,True,True,False,False,True,recovered_original,True,,553.53,5.7532104803477045e-05,True
A1_full,mult,0.8,3,11,"[45, 47, 48]",True,15,15,15,56,48,45670123456701234567012345670123456701234567012345670123,456701234567012345670123456701234567012345670123,True,True,True,True,1.0,1.0,0.2828226778463221,0.2783670670876479,4.5432210758633005,2.9153889508289126,45670123456701234567012345670123456701234567012345670123,0010011100100111001001110010011100100111001001110010011100100111001001110010011100100111001001110010011100100111,11110000111100001111000011110000111100001111000011110000,"[0.3043031763830903, 0.02537324770753443, 0.5946360690643498]","[0.24344254110647223, 0.020298598166027543, 0.4757088552514799]",0,7,7,8,1,FRFRFRFRFRFRFRF,0,15,0.0212835577529902,0.0212175466455989,0.0218260471833323,0.0033790855177075,0.0033764740777626,0.0033850369982693,0.012426108435577,0.0123997898094285,0.0126935257120365,0.0215887896280816,0.0215264690150198,0.0221283626476228,0.0067235065121622,0.0066043844854091,0.0068391477530135,0.0142497212361132,0.0141751213952784,0.0144711456015014,0.0216456130659641,0.0215842277840615,0.0221845330748506,0.0137124832224937,0.0133702049583786,0.0140242517872049,0.017720626244849,0.0175245359887263,0.0180531440055683,True,True,False,False,False,recovered_original,True,,497.35,0.11892721381286997,True
A1_full,mult,1.2,5,101,"[45, 47, 48]",True,14,14,14,56,48,67012345670123456701234567012345670123456701234567012345,670123456701234567012345670123456701234567012345,True,True,True,True,1.0,1.0,0.2828227301930793,0.2783685924969767,4.543224275755136,2.915385697162151,67012345670123456701234567012345670123456701234567012345,0111001001110010011100100111001001110010011100100111001001110010011100100111001001110010011100100111001001110010,11000011110000111100001111000011110000111100001111000011,"[1.1918675581196627, 0.09932220855261639, 2.3284907862252937]","[1.4302410697435952, 0.11918665026313967, 2.794188943470352]",0,6,7,7,1,RFRFRFRFRFRFRF,0,14,0.0212769027935917,0.0212163406854218,0.0213355142325494,0.0033796312508916,0.0033784510875517,0.003382580375563,0.0124212798935161,0.0124055043056617,0.0124422806105804,0.0215836702011658,0.0215267510968789,0.0216335620777598,0.006742545753277,0.0066228608651053,0.0068592305264806,0.0142410668472104,0.0141843931727064,0.0142941392828482,0.0216408620511401,0.0215848728235962,0.0216923382765767,0.0137095199273734,0.0133839239365368,0.0140214513659755,0.0177162985787268,0.0175337469445733,0.0178932091265519,True,True,False,False,False,recovered_original,True,,495.6,0.4656981572450585,True
F1_full,mult,0.8,7,111,"[46, 49, 50]",True,15,15,15,56,48,01234567012345670123456701234567012345670123456701234567,012345670123456701234567012345670123456701234567,True,True,True,True,1.0,1.0,0.2828209736709887,0.2783715800262348,4.540687601649779,2.9153889508289126,01234567012345670123456701234567012345670123456701234567,0010011100100111001001110010011100100111001001110010011100100111001001110010011100100111001001110010011100100111,00001111000011110000111100001111000011110000111100001111,"[0.018593443201950284, 0.0006863873739090191, 0.016049125634542197]","[0.014874754561560228, 0.0005491098991272153, 0.01283930050763376]",0,7,8,7,1,RFRFRFRFRFRFRFR,0,15,0.0212893332292391,0.0212261176778354,0.0213306493541798,0.003379260130933,0.0033764405562787,0.0034768556969592,0.0124265286777918,0.012401798464264,0.0124934258112668,0.0215955123039552,0.0215359179138625,0.0216434891061,0.0067753280960889,0.0066235222899132,0.0068592102553058,0.0142621389888085,0.014185496864817,0.0142941328499633,0.0216525537909907,0.0215938829457731,0.0217021087661438,0.0136514598889048,0.0133069506983229,0.014080871560394,0.0176834110728968,0.0175345256025712,0.0179268671337898,True,True,False,False,False,recovered_original,True,,491.61,0.0037186886403900565,True
S2,add,0.1,1,1,[44],True,14,14,14,56,48,23456701234567012345670123456701234567012345670123456701,234567012345670123456701234567012345670123456701,True,True,True,True,1.0,1.0,0.2827940688605208,0.2783714592331637,4.540690451371205,2.9153856994494163,23456701234567012345670123456701234567012345670123456701,0111001001110010011100100111001001110010011100100111001001110010011100100111001001110010011100100111001001110010,00111100001111000011110000111100001111000011110000111100,[0.0164164671424923],[0.1164164671424923],0,6,7,7,1,FRFRFRFRFRFRFR,0,14,0.0213082465563312,0.0212577344315255,0.0216879813581546,0.0033791879662209,0.0033761341880635,0.0037613204102834,0.0124326885773902,0.0124150598320923,0.0133035629909938,0.0216137031187981,0.0215642257283369,0.0223341160903957,0.00671959984342,0.0066042084342243,0.0075488840012627,0.0142457686781089,0.0141723319221084,0.0154189648610987,0.0216741071417172,0.0216213658895699,0.0224656595449457,0.0139067729647399,0.0135964749586402,0.0149590019601149,0.0178290017639215,0.0176523139176771,0.0189547459446237,True,True,False,False,True,recovered_original,True,,486.9,0.1,True
S2,add,-0.1,3,11,[44],True,15,15,15,56,48,45670123456701234567012345670123456701234567012345670123,456701234567012345670123456701234567012345670123,True,True,True,True,1.0,1.0,0.2828226784034514,0.2783670849360343,4.5432210758633005,2.9153889508289126,45670123456701234567012345670123456701234567012345670123,0010011100100111001001110010011100100111001001110010011100100111001001110010011100100111001001110010011100100111,11110000111100001111000011110000111100001111000011110000,[0.017176161674143868],[0.0],1,7,7,8,1,FRFRFRFRFRFRFRF,0,15,0.0212835482592444,0.0212175466455989,0.0217754856079695,0.0033790325264369,0.0033268303390917,0.0033809918136242,0.0124260852502706,0.0123997898094285,0.0125596018627378,0.0215887736609369,0.0215264690150198,0.0220440075673776,0.0067235065121622,0.0065515388981428,0.0068391477491214,0.0142497212361132,0.0141750923072412,0.0143048640850246,0.0216455957714584,0.0215842277840615,0.0220933114354121,0.013603298768106,0.0133702049583786,0.0140242517872049,0.0177205911292613,0.0175245359887263,0.0178946619844948,True,True,False,False,False,recovered_original,True,,495.75,0.017176161674143868,True
S2,add,0.2,5,101,[44],True,14,14,14,56,48,67012345670123456701234567012345670123456701234567012345,670123456701234567012345670123456701234567012345,True,True,True,True,1.0,1.0,0.2828228174179191,0.2783713869909551,4.5432242757191545,2.915385697162151,67012345670123456701234567012345670123456701234567012345,0111001001110010011100100111001001110010011100100111001001110010011100100111001001110010011100100111001001110010,11000011110000111100001111000011110000111100001111000011,[0.9833704893381378],[1.0],1,6,7,7,1,RFRFRFRFRFRFRF,0,14,0.0212769027935917,0.0209156172002307,0.0213355142216071,0.003379631079257,0.0033784510875517,0.0033810752310457,0.0124212798935161,0.0123104250025879,0.0124422806072416,0.0215836702011658,0.0212190596461092,0.02163356206663,0.0067406699786524,0.0066228608651053,0.0068592305264806,0.0142276046515877,0.0141229185796119,0.0142941392828482,0.0216408620511401,0.0212757729606513,0.0216923382654092,0.0137095199273734,0.0133438087673533,0.0140214513608766,0.0177162985787268,0.0173831901366908,0.0178932091193366,True,True,False,False,False,recovered_original,True,,496.53,0.016629510661862246,True
S2,add,-0.2,7,111,[44],True,15,15,15,56,48,01234567012345670123456701234567012345670123456701234567,012345670123456701234567012345670123456701234567,True,True,True,True,1.0,1.0,0.2827803974197306,0.2783713341920004,4.369262064131208,2.9153889508289126,01234567012345670123456701234567012345670123456701234567,0010011100100111001001110010011100100111001001110010011100100111001001110010011100100111001001110010011100100111,00001111000011110000111100001111000011110000111100001111,[0.9783822446498289],[0.778382244649829],0,7,8,7,1,RFRFRFRFRFRFRFR,0,15,0.0213158391875436,0.0212261176778356,0.0279814208345468,0.0033792601622815,0.0033764405562788,0.0038520876789756,0.0124346331904123,0.0124017984642641,0.0154374391160852,0.0216224870853199,0.0215359179138627,0.0290013331738776,0.0067753280960889,0.0066268620044074,0.0131713094229635,0.0142621389888085,0.0141962870181667,0.0207718671022704,0.0216796176108303,0.0215938829457732,0.0292407548446837,0.0137797602102567,0.013423967705746,0.0350249282239041,0.0177674151356354,0.0175549336956069,0.0322477407674836,True,True,False,False,False,recovered_original,True,,482.82,0.19999999999999996,True
S2,mult,1.2,0,0,[44],True,14,14,14,56,48,12345670123456701234567012345670123456701234567012345670,123456701234567012345670123456701234567012345670,True,True,True,True,1.0,1.0,0.2828223115026398,0.2783721295930688,4.541951891804956,2.914103308355365,12345670123456701234567012345670123456701234567012345670,1001110010011100100111001001110010011100100111001001110010011100100111001001110010011100100111001001110010011100,00011110000111100001111000011110000111100001111000011110,[0.014163471516736923],[0.016996165820084307],0,6,7,7,1,FRFRFRFRFRFRFR,0,14,0.0212731443279739,0.0212225085705111,0.0213250987443707,0.0033792121368764,0.0033767279207834,0.0033892611291459,0.0124211904600107,0.0124016396947974,0.0124566259177611,0.0215758603062449,0.021531126279433,0.0216437393061314,0.0067495040710336,0.0066142116179596,0.0068497738741091,0.0142467512168386,0.0141761754321925,0.0142883372949537,0.0216356382072592,0.0215888071781176,0.0217035500838919,0.0136832056693993,0.0133981883438507,0.0140351426136593,0.0177013960897168,0.0175403222075752,0.0179118641458233,True,True,False,False,True,recovered_original,True,,748.85,0.002832694303347384,True
C2,mult,0.8,2,10,[43],True,14,14,14,56,48,34567012345670123456701234567012345670123456701234567012,345670123456701234567012345670123456701234567012,True,True,True,True,1.0,1.0,0.282822681092998,0.2783720956065909,4.541955114734776,2.914106566755322,34567012345670123456701234567012345670123456701234567012,1100100111001001110010011100100111001001110010011100100111001001110010011100100111001001110010011100100111001001,01111000011110000111100001111000011110000111100001111000,[1.479892322724149e-11],[1.1839138581793192e-11],0,6,7,7,1,FRFRFRFRFRFRFR,0,14,0.0212842294065867,0.021222496482651,0.0213266387106278,0.0033785689230903,0.0033758327940075,0.0033823028531222,0.0124252428254167,0.0124016352615374,0.0124383867851631,0.0215866423760954,0.0215311149604358,0.0216382849172495,0.0067458359329156,0.0066344019113937,0.0068497670412532,0.0142405527359079,0.0141930895704309,0.0142908749019387,0.0216463351159451,0.0215887960556634,0.0216966166597601,0.0137123718440774,0.0133981171465733,0.0140369758229915,0.0177208561541978,0.017540282310563,0.0179007774960035,True,True,False,False,True,recovered_original,True,,737.84,2.959784645448297e-12,False
C2,mult,1.2,4,100,[43],True,14,14,14,56,48,56701234567012345670123456701234567012345670123456701234,567012345670123456701234567012345670123456701234,True,True,True,True,1.0,1.0,0.2828228380803678,0.2783717506035081,4.539421659478762,2.9141038696905213,56701234567012345670123456701234567012345670123456701234,1001110010011100100111001001110010011100100111001001110010011100100111001001110010011100100111001001110010011100,11100001111000011110000111100001111000011110000111100001,[0.0003113071550251101],[0.0003735685860301321],0,6,7,7,1,RFRFRFRFRFRFRF,0,14,0.0212820620904306,0.0212310986777096,0.0213422469394132,0.0033791258096228,0.0033767281042899,0.0033815714609339,0.0124233089989003,0.0124036648864973,0.0124450093970082,0.0215885272562569,0.0215405944934078,0.0216400143395401,0.0067124466557798,0.0065928247972337,0.0068274093174376,0.0142368956683608,0.014164103626523,0.0142731194650548,0.0216456425826985,0.0215984814618227,0.0216987147730405,0.013738523387339,0.0134521141895131,0.0140512056854949,0.0177327088339854,0.0175708111813442,0.0179107154594016,True,True,False,False,False,recovered_original,True,,723.3,6.226143100502202e-05,True
RDF2_full,mult,0.8,6,110,"[40, 41, 42]",True,14,14,14,56,48,70123456701234567012345670123456701234567012345670123456,701234567012345670123456701234567012345670123456,True,True,True,True,1.0,1.0,0.2828228293867011,0.2783715308086518,4.539424874389511,2.914106566755322,70123456701234567012345670123456701234567012345670123456,1100100111001001110010011100100111001001110010011100100111001001110010011100100111001001110010011100100111001001,10000111100001111000011110000111100001111000011110000111,"[0.1964341640534878, 2.8339524038792194, 7.366657795516625]","[0.15714733124279023, 2.2671619231033757, 5.893326236413301]",0,6,7,7,1,RFRFRFRFRFRFRF,0,14,0.0212612705173861,0.0212113034442097,0.0213303015118321,0.0033786080889745,0.0033767274535136,0.0033805185749895,0.0124154842826433,0.0124035627197008,0.0124403844826519,0.0215689335991098,0.0215220169504937,0.0216286426470382,0.0067323871190318,0.0065914605291056,0.0068273900911854,0.0142342614514237,0.0141634446404739,0.0142731143100656,0.0216263535738373,0.0215802167851878,0.0216908589107337,0.0136197334138664,0.0133559609219194,0.0139919663288324,0.0176656738852507,0.0175179301295179,0.0178782125744383,True,True,False,False,False,recovered_original,True,,724.12,1.4733315591033245,True
Int2_full,mult,0.8,0,0,"[34, 35, 36]",True,14,14,14,56,48,12345670123456701234567012345670123456701234567012345670,123456701234567012345670123456701234567012345670,True,True,True,True,1.0,1.0,0.2828228503785888,0.2783721295930688,4.541951891804956,2.914103308355365,12345670123456701234567012345670123456701234567012345670,1001110010011100100111001001110010011100100111001001110010011100100111001001110010011100100111001001110010011100,00011110000111100001111000011110000111100001111000011110,"[3.4104314785435017e-07, 0.0001586932517855972, 0.001236408055549032]","[2.7283451828348014e-07, 0.00012695460142847777, 0.0009891264444392256]",0,6,7,7,1,FRFRFRFRFRFRFR,0,14,0.0212731443278094,0.0212225085705111,0.021316101216617,0.0033792112083975,0.0033767279207834,0.0033813176204678,0.0124211904596094,0.0124016396947974,0.0124346838514159,0.0215758603059708,0.021531126279433,0.0216283480026273,0.006739789166277,0.0066142116172709,0.0068497738741089,0.0142379710903367,0.0141761754311883,0.0142883372949536,0.0216356382069599,0.0215888071781176,0.0216868350349979,0.0136832056686825,0.0133981883438507,0.0139945682978931,0.0177013960891089,0.0175403222075752,0.0178778387352944,True,True,False,False,True,recovered_original,True,,727.81,0.00024728161110980644,True
Int2_full,mult,1.2,2,10,"[34, 35, 36]",True,14,14,14,56,48,34567012345670123456701234567012345670123456701234567012,345670123456701234567012345670123456701234567012,True,True,True,True,1.0,1.0,0.2828226810929974,0.2783720956065909,4.541955114734776,2.914106566755322,34567012345670123456701234567012345670123456701234567012,1100100111001001110010011100100111001001110010011100100111001001110010011100100111001001110010011100100111001001,01111000011110000111100001111000011110000111100001111000,"[1.6256151009385736e-08, 2.0235587328319057e-07, 6.357557141764703e-07]","[1.950738121126288e-08, 2.428270479398287e-07, 7.629068570117644e-07]",0,6,7,7,1,FRFRFRFRFRFRFR,0,14,0.0212842294065917,0.021222496482651,0.0213266387106278,0.0033785689230903,0.0033758327940075,0.0033823028531222,0.012425242825429,0.0124016352615374,0.0124383867851631,0.0215866423761039,0.0215311149604358,0.0216382849172495,0.0067458359329156,0.0066344019113937,0.0068497670412752,0.0142405527359079,0.0141930895704309,0.0142908749019699,0.0216463351159543,0.0215887960556634,0.0216966166597601,0.0137123718440993,0.0133981171465733,0.0140369758229915,0.0177208561542164,0.017540282310563,0.0179007774960035,True,True,False,False,True,recovered_original,True,,553.92,1.2715114283529406e-07,True
A1_full,mult,0.8,4,100,"[45, 47, 48]",True,14,14,14,56,48,56701234567012345670123456701234567012345670123456701234,567012345670123456701234567012345670123456701234,True,True,True,True,1.0,1.0,0.2828228367550952,0.2783717081436009,4.539421659478762,2.9141038696905213,56701234567012345670123456701234567012345670123456701234,1001110010011100100111001001110010011100100111001001110010011100100111001001110010011100100111001001110010011100,11100001111000011110000111100001111000011110000111100001,"[1.191955823060878, 0.09933363656666054, 2.328611234126632]","[0.9535646584487024, 0.07946690925332844, 1.8628889873013055]",0,6,7,7,1,RFRFRFRFRFRFRF,0,14,0.0212820620905134,0.0212310986777096,0.0213468899934573,0.0033791258121606,0.0033767281042899,0.003381571460935,0.0124233089989256,0.0124036648864973,0.0124464258393281,0.0215885272563411,0.0215405944934078,0.0216447368804619,0.0067127446873902,0.0065928247972337,0.0068274093174376,0.0142368958473118,0.014164103626523,0.0142731194650548,0.0216456425827829,0.0215984814618227,0.0217034532771552,0.0137385233873768,0.0134521141895131,0.0140533789859961,0.0177327088340394,0.0175708111813442,0.0179137829939873,True,True,False,False,False,recovered_original,True,,493.85,0.46572224682532637,True
A1_full,mult,1.2,6,110,"[45, 47, 48]",True,14,14,14,56,48,70123456701234567012345670123456701234567012345670123456,701234567012345670123456701234567012345670123456,True,True,True,True,1.0,1.0,0.282822829324464,0.2783715288146656,4.539424874389511,2.914106566755322,70123456701234567012345670123456701234567012345670123456,1100100111001001110010011100100111001001110010011100100111001001110010011100100111001001110010011100100111001001,10000111100001111000011110000111100001111000011110000111,"[0.2091324480652995, 0.02563990622586745, 0.48556807662198176]","[0.25095893767835936, 0.03076788747104094, 0.5826816919463781]",0,6,7,7,1,RFRFRFRFRFRFRF,0,14,0.0212613839444145,0.0212113034442097,0.0213303015118321,0.0033786080889745,0.0033767274535136,0.0033805199514538,0.012415518940138,0.0124035627197008,0.0124403844826519,0.0215690490191669,0.0215220169504937,0.0216286426470382,0.0067323871190318,0.0065914877283286,0.0068273900966603,0.0142342614514237,0.0141635361945921,0.0142731143269895,0.0216264693725115,0.0215802167851878,0.0216908589107337,0.013619783040027,0.0133559609219194,0.0139919663288324,0.0176657467131313,0.017517930129518,0.0178782125744383,True,True,False,False,False,recovered_original,True,,493.29,0.09711361532439633,True
F1_full,mult,1.2,0,0,"[46, 49, 50]",True,14,14,14,56,48,12345670123456701234567012345670123456701234567012345670,123456701234567012345670123456701234567012345670,True,True,True,True,1.0,1.0,0.2828228503785888,0.2783721295930688,4.541951891804956,2.914103308355365,12345670123456701234567012345670123456701234567012345670,1001110010011100100111001001110010011100100111001001110010011100100111001001110010011100100111001001110010011100,00011110000111100001111000011110000111100001111000011110,"[2.2471455897654495, 0.08221336817577492, 1.931734251899033]","[2.6965747077185394, 0.09865604181092989, 2.3180811022788395]",0,6,7,7,1,FRFRFRFRFRFRFR,0,14,0.0212731443278073,0.0212225085705111,0.0213159822173227,0.0033791804787753,0.0033767279207834,0.0033813176204632,0.0124211904596041,0.0124016396947974,0.0124346837953216,0.0215758603059672,0.021531126279433,0.021628144804628,0.0067396601654269,0.0066142116172618,0.0068497738741089,0.0142377848419322,0.014176175431175,0.0142883372949536,0.0216356382069559,0.0215888071781176,0.0216866144289312,0.013683205668673,0.0133981883438507,0.0139940295345213,0.0177013960891008,0.0175403222075752,0.0178773872651554,True,True,False,False,True,recovered_original,True,,489.49,0.4494291179530898,True
S2,add,0.1,2,10,[44],True,14,14,14,56,48,34567012345670123456701234567012345670123456701234567012,345670123456701234567012345670123456701234567012,True,True,True,True,1.0,1.0,0.2827955313659986,0.2783719311230324,4.541955114734776,2.914106566755322,34567012345670123456701234567012345670123456701234567012,1100100111001001110010011100100111001001110010011100100111001001110010011100100111001001110010011100100111001001,01111000011110000111100001111000011110000111100001111000,[0.01656728164230484],[0.11656728164230484],0,6,7,7,1,FRFRFRFRFRFRFR,0,14,0.0213107800315323,0.0212224964989326,0.0216823279275555,0.0033786156610548,0.0033758327940108,0.0037630026519288,0.0124318228090983,0.0124016353017118,0.0132957384808829,0.0216088478320044,0.0215311149880914,0.0223263447058348,0.0067458359506585,0.0066344019113937,0.0076295171657047,0.0142405527612745,0.0141930895704309,0.0154479462811312,0.021669332509067,0.0215887960856637,0.0224571004966549,0.0138678050124979,0.0133981172169427,0.0151796415975153,0.0178076532496608,0.0175402823711685,0.0190511095308493,True,True,False,False,True,recovered_original,True,,486.95,0.1,True
S2,add,-0.1,4,100,[44],True,14,14,14,56,48,56701234567012345670123456701234567012345670123456701234,567012345670123456701234567012345670123456701234,True,True,True,True,1.0,1.0,0.2828199774719436,0.2782801689430767,4.48692790657028,2.9141038696905213,56701234567012345670123456701234567012345670123456701234,1001110010011100100111001001110010011100100111001001110010011100100111001001110010011100100111001001110010011100,11100001111000011110000111100001111000011110000111100001,[0.9989275887462064],[0.8989275887462064],0,6,7,7,1,RFRFRFRFRFRFRF,0,14,0.0212820622690493,0.0212310986777096,0.0234521990539088,0.0033791312868392,0.0033767281042899,0.003474737422887,0.01242330905352,0.0124036648864973,0.0131709943604603,0.0215885274380242,0.0215405944934078,0.0238145447229191,0.006739032519575,0.006592824797242,0.0083986426123067,0.014237281709381,0.0141641036265503,0.0158809018977839,0.0216456427650634,0.0215984814618227,0.0238867305916938,0.013738523469096,0.0134521141895131,0.0185023173466821,0.0177327089506934,0.0175708111813442,0.0211156951243991,True,True,False,False,False,recovered_original,True,,491.14,0.09999999999999998,True
S2,add,0.2,6,110,[44],True,14,14,14,56,48,70123456701234567012345670123456701234567012345670123456,701234567012345670123456701234567012345670123456,True,True,True,True,1.0,1.0,0.2828228502020174,0.2783721253281042,4.539424874389511,2.914106566755322,70123456701234567012345670123456701234567012345670123456,1100100111001001110010011100100111001001110010011100100111001001110010011100100111001001110010011100100111001001,10000111100001111000011110000111100001111000011110000111,[0.9824225616845219],[1.0],1,6,7,7,1,RFRFRFRFRFRFRF,0,14,0.0212411129404328,0.0209199457203039,0.0213303015118321,0.0033784251278209,0.0033767274534443,0.0033796929657646,0.0124074720763082,0.0123116673605326,0.0124403844826519,0.0215500016857626,0.0212208821175459,0.0216286426470382,0.0067323871190316,0.0065512537967913,0.006827381985459,0.0142342614514233,0.0140219221026767,0.0142730892531703,0.0216077335095387,0.0212769861942133,0.0216908589107337,0.013546223113277,0.0133559609219184,0.0139919663288324,0.0176027584331918,0.0174737926017408,0.0178782125744383,True,True,False,False,False,recovered_original,True,,493.25,0.01757743831547809,True
S2,flip,,0,0,[44],True,14,14,14,56,48,56701234567012345670123456701234567012345670123456701234,567012345670123456701234567012345670123456701234,True,True,True,True,1.0,1.0,0.2828228035301972,0.278370612026381,4.539421659478762,2.914103308355365,56701234567012345670123456701234567012345670123456701234,1001110010011100100111001001110010011100100111001001110010011100100111001001110010011100100111001001110010011100,11100001111000011110000111100001111000011110000111100001,[0.014163471516736923],[0.9858365284832631],0,6,7,7,1,RFRFRFRFRFRFRF,0,14,0.0212820620245411,0.0212310986777089,0.021496186100644,0.0033791229506442,0.0033767281042899,0.0033815714008669,0.0124233089599564,0.0124036648864969,0.0124915665894884,0.0215885271899123,0.0215405944934071,0.0217966360954985,0.0067227205669577,0.0065928247967599,0.0068274093174328,0.0142368983176555,0.0141641036257491,0.014319281266988,0.0216456425162767,0.0215984814618221,0.0218558760135474,0.0137385233845778,0.0134521141895131,0.014127735397766,0.0177327088031761,0.0175708111813439,0.0180145766197832,True,True,False,False,False,legal_mod8_shift,True,,488.32,0.9716730569665262,True
S2,mult,1.2,1,1,[44],True,14,14,14,56,48,23456701234567012345670123456701234567012345670123456701,234567012345670123456701234567012345670123456701,True,True,True,True,1.0,1.0,0.2828205588410426,0.2783716197182631,4.540690440493961,2.9153856994494163,23456701234567012345670123456701234567012345670123456701,0111001001110010011100100111001001110010011100100111001001110010011100100111001001110010011100100111001001110010,00111100001111000011110000111100001111000011110000111100,[0.0164164671424923],[0.01969976057099076],0,6,7,7,1,FRFRFRFRFRFRFR,0,14,0.0212973830157579,0.0212577344315255,0.0213324550966085,0.0033791879575932,0.0033760430410515,0.0033894109344285,0.0124326885577424,0.0124150598320923,0.0124558595956251,0.0216040277325803,0.0215642257283369,0.0216437969124793,0.006719508707563,0.0066042084342243,0.0068391726374338,0.0142456373268493,0.0141723319221084,0.0142986475318009,0.021664628007863,0.0216213658895699,0.0217020502639357,0.0137803142951036,0.0134726147814114,0.0140665588860799,0.0177573237772092,0.0176211731016699,0.0179178164782386,True,True,False,False,True,recovered_original,True,,749.3,0.0032832934284984586,True
C2,mult,0.8,3,11,[43],True,15,15,15,56,48,45670123456701234567012345670123456701234567012345670123,456701234567012345670123456701234567012345670123,True,True,True,True,1.0,1.0,0.2828226778578892,0.278367067458215,4.5432210758633005,2.9153889508289126,45670123456701234567012345670123456701234567012345670123,0010011100100111001001110010011100100111001001110010011100100111001001110010011100100111001001110010011100100111,11110000111100001111000011110000111100001111000011110000,[1.5868260239840309e-09],[1.2694608191872247e-09],0,7,7,8,1,FRFRFRFRFRFRFRF,0,15,0.0212835575558829,0.0212175466455989,0.0218248107332839,0.0033790855177075,0.0033764740777626,0.0033850626468115,0.0124261079542101,0.0123997898094285,0.0126929578903358,0.0215887892965742,0.0215264690150198,0.0221264360357073,0.0067235065121622,0.0066043840727042,0.0068391477529327,0.0142497212361132,0.01417512079136,0.0144702323879075,0.0216456127068982,0.0215842277840615,0.0221824650270515,0.0137124823641095,0.0133702049583786,0.0140242517872049,0.0177206255157882,0.0175245359887263,0.0180521630716295,True,True,False,False,False,recovered_original,True,,739.47,3.1736520479680614e-10,False
C2,mult,1.2,5,101,[43],True,14,14,14,56,48,67012345670123456701234567012345670123456701234567012345,670123456701234567012345670123456701234567012345,True,True,True,True,1.0,1.0,0.2828227297902502,0.2783685795915058,4.543224275755307,2.915385697162151,67012345670123456701234567012345670123456701234567012345,0111001001110010011100100111001001110010011100100111001001110010011100100111001001110010011100100111001001110010,11000011110000111100001111000011110000111100001111000011,[0.00027458767657376215],[0.00032950521188851456],0,6,7,7,1,RFRFRFRFRFRFRF,0,14,0.0212769027935917,0.0212163409489585,0.0213355142326,0.0033796312516843,0.0033784510875517,0.0033825888793861,0.0124212798935161,0.012405504386506,0.0124422806105958,0.0215836702011658,0.0215267513651493,0.0216335620778112,0.0067425457705916,0.0066228608651053,0.0068592305264806,0.0142410669015906,0.0141843931727064,0.0142941392828482,0.0216408620511401,0.0215848730927703,0.0216923382766283,0.0137095199273734,0.013383924052671,0.014021451365999,0.0177162985787268,0.0175337471136449,0.0178932091265852,True,True,False,False,False,recovered_original,True,,726.81,5.491753531475241e-05,True
RDF2_full,mult,0.8,7,111,"[40, 41, 42]",True,15,15,15,56,48,01234567012345670123456701234567012345670123456701234567,012345670123456701234567012345670123456701234567,True,True,True,True,1.0,1.0,0.2828209613136825,0.2783715799513796,4.540687601649779,2.9153889508289126,01234567012345670123456701234567012345670123456701234567,0010011100100111001001110010011100100111001001110010011100100111001001110010011100100111001001110010011100100111,00001111000011110000111100001111000011110000111100001111,"[0.1955838805558467, 2.8219623933738975, 7.340860103005656]","[0.15646710444467737, 2.257569914699118, 5.872688082404525]",0,7,8,7,1,RFRFRFRFRFRFRFR,0,15,0.0212893413787029,0.0212261176778354,0.0213306493541798,0.0033792601309425,0.0033764405562787,0.0034768961834785,0.0124265311701333,0.012401798464264,0.0124941329481268,0.0215955205972698,0.0215359179138625,0.0216434891061,0.0067753280960889,0.0066235233081796,0.0068592102555135,0.0142621389888085,0.0141855001787265,0.0142953764188881,0.0216525621116206,0.0215938829457731,0.0217021087661438,0.0136514598895997,0.0133163473184156,0.014080871560394,0.0176834110738952,0.0175399026811612,0.0179268671337898,True,True,False,False,False,recovered_original,True,,730.22,1.4681720206011306,True
Int2_full,mult,0.8,1,1,"[34, 35, 36]",True,14,14,14,56,48,23456701234567012345670123456701234567012345670123456701,234567012345670123456701234567012345670123456701,True,True,True,True,1.0,1.0,0.2828211851814514,0.2783716235125087,4.540690440236801,2.9153856994494163,23456701234567012345670123456701234567012345670123456701,0111001001110010011100100111001001110010011100100111001001110010011100100111001001110010011100100111001001110010,00111100001111000011110000111100001111000011110000111100,"[2.564568913661994e-07, 7.470244035745294e-05, 0.0002876605240173853]","[2.0516551309295954e-07, 5.976195228596235e-05, 0.00023012841921390823]",0,6,7,7,1,FRFRFRFRFRFRFR,0,14,0.0212921383597598,0.0212577344315255,0.0213324531065238,0.0033789743521406,0.0033760408859924,0.0033808508459411,0.0124312811174605,0.0124150598320923,0.0124330542094238,0.0215951126727778,0.0215642257283369,0.0216437935234891,0.0067195065527682,0.0066042084342243,0.0068391726374338,0.0142456342212372,0.0141723319221084,0.0142813228814685,0.0216549558361282,0.0216213658895699,0.0217020465861467,0.0137803142951034,0.01342739273545,0.0140665498719625,0.0177573237772091,0.017582219100627,0.0179178089443239,True,True,False,False,True,recovered_original,True,,731.88,5.7532104803477045e-05,True
Int2_full,mult,1.2,3,11,"[34, 35, 36]",True,15,15,15,56,48,45670123456701234567012345670123456701234567012345670123,456701234567012345670123456701234567012345670123,True,True,True,True,1.0,1.0,0.2828226778578872,0.2783670674581526,4.5432210758633005,2.9153889508289126,45670123456701234567012345670123456701234567012345670123,0010011100100111001001110010011100100111001001110010011100100111001001110010011100100111001001110010011100100111,11110000111100001111000011110000111100001111000011110000,"[1.3404924114228082e-07, 3.852948667119735e-05, 0.00014856838158477497]","[1.6085908937073698e-07, 4.623538400543682e-05, 0.00017828205790172997]",0,7,7,8,1,FRFRFRFRFRFRFRF,0,15,0.0212835575559155,0.0212175466455989,0.0218248109044865,0.0033790855177075,0.0033764740777626,0.0033850628360799,0.0124261079542898,0.0123997898094285,0.0126929583267799,0.0215887892966291,0.0215264690150198,0.0221264363244206,0.0067235065121622,0.0066043840727725,0.0068391477529327,0.0142497212361132,0.0141751207914599,0.0144702329334902,0.0216456127069576,0.0215842277840615,0.0221824653397448,0.0137124823642516,0.0133702049583786,0.0140242517872049,0.0177206255159089,0.0175245359887263,0.0180521637301157,True,True,False,False,False,recovered_original,True,,549.17,2.9713676316955e-05,True
A1_full,mult,0.8,5,101,"[45, 47, 48]",True,14,14,14,56,48,67012345670123456701234567012345670123456701234567012345,670123456701234567012345670123456701234567012345,True,True,True,True,1.0,1.0,0.2828227296032641,0.2783685736010154,4.543224275755364,2.915385697162151,67012345670123456701234567012345670123456701234567012345,0111001001110010011100100111001001110010011100100111001001110010011100100111001001110010011100100111001001110010,11000011110000111100001111000011110000111100001111000011,"[1.1918675581196627, 0.09932220855261639, 2.3284907862252937]","[0.9534940464957302, 0.07945776684209312, 1.862792628980235]",0,6,7,7,1,RFRFRFRFRFRFRF,0,14,0.0212769027935917,0.0212163410712876,0.0213355142326234,0.0033796312520522,0.0033784510875517,0.0033825928261993,0.0124212798935161,0.0124055044240326,0.012442280610603,0.0215836702011658,0.0215267514896757,0.021633562077835,0.0067425457786287,0.0066228608651053,0.0068592305264806,0.014241066926833,0.0141843931727064,0.0142941392828482,0.0216408620511401,0.0215848732177162,0.0216923382766522,0.0137095199273734,0.0133839241065784,0.0140214513660099,0.0177162985787268,0.0175337471921249,0.0178932091266007,True,True,False,False,False,recovered_original,True,,495.83,0.4656981572450587,True
A1_full,mult,1.2,7,111,"[45, 47, 48]",True,15,15,15,56,48,01234567012345670123456701234567012345670123456701234567,012345670123456701234567012345670123456701234567,True,True,True,True,1.0,1.0,0.2828209769129239,0.2783715800458748,4.540687601649779,2.9153889508289126,01234567012345670123456701234567012345670123456701234567,0010011100100111001001110010011100100111001001110010011100100111001001110010011100100111001001110010011100100111,00001111000011110000111100001111000011110000111100001111,"[0.30431371410924246, 0.0253741090891145, 0.594656474416297]","[0.36517645693109096, 0.0304489309069374, 0.7135877692995564]",0,7,8,7,1,RFRFRFRFRFRFRFR,0,15,0.0212893310912222,0.0212261176778354,0.0213306493541798,0.0033792601309305,0.0033764405562787,0.0034761347675644,0.0124265280239244,0.012401798464264,0.0124931867552618,0.021595510128199,0.0215359179138625,0.0216434891061,0.0067753280960889,0.0066235220227712,0.0068592102552513,0.0142621389888085,0.0141854959954111,0.014294132849796,0.0216525516080682,0.0215938829457731,0.0217021087661438,0.0136514598887225,0.013272908404106,0.014080871560394,0.0176834110726348,0.0175179224030131,0.0179268671337898,True,True,False,False,False,recovered_original,True,,495.34,0.11893129488325938,True
F1_full,mult,1.2,1,1,"[46, 49, 50]",True,14,14,14,56,48,23456701234567012345670123456701234567012345670123456701,234567012345670123456701234567012345670123456701,True,True,True,True,1.0,1.0,0.2828211866984925,0.2783716235216975,4.540690440236176,2.9153856994494163,23456701234567012345670123456701234567012345670123456701,0111001001110010011100100111001001110010011100100111001001110010011100100111001001110010011100100111001001110010,00111100001111000011110000111100001111000011110000111100,"[2.241830617020212, 0.0821999786647533, 1.9270833230514293]","[2.690196740424254, 0.09863997439770396, 2.312499987661715]",0,6,7,7,1,FRFRFRFRFRFRFR,0,14,0.0212921256203797,0.0212577344315255,0.0213324531017038,0.0033789743521406,0.0033760408807727,0.0033808508459411,0.0124312496264522,0.0124150598320923,0.0124330541975057,0.0215950910619912,0.0215642257283369,0.0216437935152808,0.0067195065475491,0.0066042084342243,0.0068391726374338,0.0142456342137152,0.0141723319221084,0.0142813228814685,0.021654932398282,0.0216213658895699,0.0217020465772389,0.0137803142951034,0.0134272823834906,0.0140665498501296,0.0177573237772091,0.0175821241277664,0.0179178089260763,True,True,False,False,True,recovered_original,True,,492.69,0.44836612340404214,True
S2,add,0.1,3,11,[44],True,15,15,15,56,48,45670123456701234567012345670123456701234567012345670123,456701234567012345670123456701234567012345670123,True,True,True,True,1.0,1.0,0.2828226731467074,0.2783669165293636,4.5432210758633005,2.9153889508289126,45670123456701234567012345670123456701234567012345670123,0010011100100111001001110010011100100111001001110010011100100111001001110010011100100111001001110010011100100111,11110000111100001111000011110000111100001111000011110000,[0.017176161674143868],[0.11717616167414388],0,7,7,8,1,FRFRFRFRFRFRFRF,0,15,0.0212836378347494,0.0212175466455989,0.0222054783754862,0.0033790855177075,0.0033764740777626,0.003769345937039,0.0124263040007257,0.0123997898094285,0.0135667491980644,0.0215889243166076,0.0215264690150198,0.0228147957308629,0.0067559365269312,0.0066045521553211,0.0074253201333595,0.0142497212361132,0.0141753667515785,0.0156036568266898,0.0216457589516752,0.0215842277840615,0.0229373556421726,0.0137128319588435,0.0133702049583786,0.0154216192661294,0.017720922442844,0.0175245359887263,0.0194156619605772,True,True,False,False,False,recovered_original,True,,485.16,0.1,True
S2,add,-0.1,5,101,[44],True,14,14,14,56,48,67012345670123456701234567012345670123456701234567012345,670123456701234567012345670123456701234567012345,True,True,True,True,1.0,1.0,0.2828190957427296,0.2782522655720048,4.496966901181679,2.915385697162151,67012345670123456701234567012345670123456701234567012345,0111001001110010011100100111001001110010011100100111001001110010011100100111001001110010011100100111001001110010,11000011110000111100001111000011110000111100001111000011,[0.9833704893381378],[0.8833704893381378],0,6,7,7,1,RFRFRFRFRFRFRF,0,14,0.02130105532577,0.0212187163892601,0.0234761147862674,0.0033796384014827,0.0033784510875522,0.0034879901753164,0.0124300863815064,0.0124062330781223,0.0131992289600971,0.0216037489441777,0.0215291694816248,0.0238644060384669,0.0067427019546607,0.0066228608651053,0.0082849335784181,0.0142415571176687,0.0141843931727064,0.0158542268535639,0.0216635013466577,0.0215872993570128,0.0239380079666749,0.0138357348993192,0.0133849716393429,0.0195175528666321,0.0177887931922162,0.0175352714509382,0.0216652328440922,True,True,False,False,False,recovered_original,True,,492.25,0.09999999999999998,True
S2,add,0.2,7,111,[44],True,15,15,15,56,48,01234567012345670123456701234567012345670123456701234567,012345670123456701234567012345670123456701234567,True,True,True,True,1.0,1.0,0.282821083283251,0.2783715806902423,4.540687601649779,2.9153889508289126,01234567012345670123456701234567012345670123456701234567,0010011100100111001001110010011100100111001001110010011100100111001001110010011100100111001001110010011100100111,00001111000011110000111100001111000011110000111100001111,[0.9783822446498289],[1.0],1,7,8,7,1,RFRFRFRFRFRFRFR,0,15,0.0212664766300989,0.0208726558582221,0.0213306493541798,0.0033792601308483,0.0033764405562787,0.0034744056089732,0.0124172036202761,0.0123588677123494,0.0124385090890275,0.0215738486214901,0.0211627009187018,0.0216434891061,0.0067623662053426,0.0066235132576161,0.0068592102534634,0.0142387463490434,0.0141159348805774,0.0142941328443071,0.0216311937435099,0.0212231932511628,0.0217021087661438,0.0136514598827409,0.013134999393437,0.014080871560394,0.0176834110640398,0.0172652567919836,0.0179268671337898,True,True,False,False,False,recovered_original,True,,495.93,0.021617755350171075,True
S2,flip,,1,1,[44],True,14,14,14,56,48,67012345670123456701234567012345670123456701234567012345,670123456701234567012345670123456701234567012345,True,True,True,True,1.0,1.0,0.2828226862929274,0.278367310559896,4.543224264618459,2.9153856994494163,67012345670123456701234567012345670123456701234567012345,0111001001110010011100100111001001110010011100100111001001110010011100100111001001110010011100100111001001110010,11000011110000111100001111000011110000111100001111000011,[0.0164164671424923],[0.9835835328575077],0,6,7,7,1,RFRFRFRFRFRFRF,0,14,0.0212769027936197,0.0212163889943326,0.0213355147703235,0.0033796428173473,0.0033784510899831,0.0033847340971389,0.0124212798935322,0.0124055334305711,0.0124422809217011,0.021583670201194,0.0215267997302478,0.0216335626193912,0.0067425543836521,0.0066228608651242,0.0068592305264806,0.0142410807270418,0.0141843931727373,0.0142941392828483,0.0216408620511684,0.0215849215117272,0.0216923388189109,0.013709519927375,0.0133839265407882,0.0140214513938338,0.0177162985787401,0.0175337697656329,0.0178932093808426,True,True,False,False,False,legal_mod8_shift,True,,485.12,0.9671670657150153,True
