block,factor,sample_id,x__Td_min,x__hill_n,x__shared_PLtetO1_leak,x__shared_PLtetO1_tx_scale,x__oscillator_mrna_total_half_life_min,x__c31_translation_scale,x__c31_mrna_total_half_life_min,x__peak_load_fraction,physical__Td_min,physical__oscillator_plasmid_copies,physical__K_copies,physical__hill_n,physical__oscillator_promoter_leak,physical__oscillator_tx_scale,physical__oscillator_translation_scale,physical__oscillator_mrna_total_half_life_min,physical__sponge_plasmid_copies,physical__sponge_accessible_fraction,physical__c31_promoter_leak,physical__c31_tx_scale,physical__c31_translation_scale,physical__c31_mrna_total_half_life_min,physical__peak_load_fraction,run_id,Td_min,oscillator_plasmid_copies,K_copies,hill_n,oscillator_promoter_leak,oscillator_tx_scale,oscillator_translation_scale,oscillator_mrna_total_half_life_min,sponge_plasmid_copies,sponge_accessible_fraction,c31_promoter_leak,c31_tx_scale,c31_translation_scale,c31_mrna_total_half_life_min,peak_load_fraction,solver_success,error_message,status,resolved_oscillation,period_min,period_generations,deterministic_period_cv,TetR_relative_amplitude,TetR_free_peak,TetR_free_trough,CI_peak,LacI_peak,CI_phase_lag_fraction_cycle,PLtetO1_duty_activity_gt_0p5,C31_protein_peak_copies,C31_protein_trough_copies,C31_flux_peak_uM_h,C31_flux_trough_uM_h,C31_flux_trough_fraction_of_peak,C31_flux_residual_duty_above_0p5_uM_h,C31_flux_FWHM_h,C31_flux_dose_uM_per_cycle,resource_min,resource_mean,effective_functional_sites,effective_sponge_sites,C31_flux_trough_fraction_of_peak_when_resolved,C31_flux_residual_duty_above_0p5_uM_h_when_resolved
A,,0,0.6523163084985453,0.36929077709565117,0.476552141139271,0.7731966058510996,0.7192846536989712,0.7991515494535374,0.6932516039832075,0.976099650949025,53.046326169970904,10.0,13.0,2.7385815541913026,0.004168776674083898,1.2731966058510995,1.0,3.1824266125417027,40.0,1.0,0.004168776674083898,1.2731966058510995,1.0192363945081835,2.4672980091946712,0.2928298952847075,0,53.046326169970904,10.0,13.0,2.7385815541913026,0.004168776674083898,1.2731966058510995,1.0,3.1824266125417027,40.0,1.0,0.004168776674083898,1.2731966058510995,1.0192363945081835,2.4672980091946712,0.2928298952847075,True,,resolved_oscillation,1.0,658.5,12.41367777082311,0.000831773056196152,0.9922414117724742,950.4063446624232,7.373811477063812,969.6136039072004,386.0157213875499,0.6492027334851936,0.25905354365696515,3987.496684712683,73.11187909217809,5.965196704960944,0.04791068310982627,0.00803170213481501,0.4047989335703177,3.6666666666666665,20.879326081601413,0.6279546196982259,0.8871702912392797,40.0,80.0,0.00803170213481501,0.4047989335703177
A,,1,0.551410633705412,0.5182907415863287,0.4330535974015236,0.8524225710498768,0.26499487736458205,0.7192355361076039,0.13139037206848947,0.4556181454269522,51.02821267410824,10.0,13.0,3.0365814831726574,0.003659449176687233,1.352422571049877,1.0,1.5318755008177272,40.0,1.0,0.003659449176687233,1.352422571049877,0.9473119824968435,0.6766442200719431,0.13668544362808566,1,51.02821267410824,10.0,13.0,3.0365814831726574,0.003659449176687233,1.352422571049877,1.0,1.5318755008177272,40.0,1.0,0.003659449176687233,1.352422571049877,0.9473119824968435,0.6766442200719431,0.13668544362808566,True,,resolved_oscillation,1.0,620.0,12.150141412156271,0.0,0.9902951514452446,714.098454606406,6.930217355140042,743.262921188817,372.62727341830197,0.6193548387096774,0.29704510108864696,1618.6126590046797,24.581666244022184,2.5497334706785875,0.011412849209362136,0.004476094988204675,0.39035769828926903,3.466666666666667,8.355629811239146,0.9391966348819929,0.9813965376072696,40.0,80.0,0.004476094988204675,0.39035769828926903
A,,2,0.527858875741076,0.7885110022666142,0.8313783726110382,0.8936092939302647,0.41701061288961905,0.10285973940458293,0.16799844493272076,0.8898534260437165,50.55717751482152,10.0,13.0,3.5770220045332284,0.012068358437822065,1.3936092939302647,1.0,1.9564912497760165,40.0,1.0,0.012068358437822065,1.3936092939302647,0.3925737654641246,0.7361536152849883,0.26695602781311495,2,50.55717751482152,10.0,13.0,3.5770220045332284,0.012068358437822065,1.3936092939302647,1.0,1.9564912497760165,40.0,1.0,0.012068358437822065,1.3936092939302647,0.3925737654641246,0.7361536152849883,0.26695602781311495,True,,resolved_oscillation,1.0,474.625,9.387885624367723,0.0010904380711230248,0.9382501843927615,203.30482491762515,12.554035450725264,519.9140095733645,59.57510451587078,0.5535949433763498,0.10842035103310375,399.8505500183522,21.36144950830997,0.7450842500893884,0.01752565499855624,0.023521709117396684,0.2403910242168407,2.25,1.711709219034532,0.9591309337398186,0.9877731233050638,40.0,80.0,0.023521709117396684,0.2403910242168407
A,,3,0.13384197899943828,0.2102493009055516,0.002416419738390796,0.4342247396574749,0.8048933820835706,0.012133239297335785,0.6383509037943887,0.39924093577650477,42.676839579988766,10.0,13.0,2.4204986018111034,0.001007265211108215,0.9342247396574749,1.0,3.652551354327981,40.0,1.0,0.001007265211108215,0.9342247396574749,0.3109199153676022,2.174307220769696,0.11977228073295143,3,42.676839579988766,10.0,13.0,2.4204986018111034,0.001007265211108215,0.9342247396574749,1.0,3.652551354327981,40.0,1.0,0.001007265211108215,0.9342247396574749,0.3109199153676022,2.174307220769696,0.11977228073295143,True,,resolved_oscillation,1.0,546.5714285714286,12.807214263066394,0.000977955406893346,0.9940271648949586,999.715789487515,5.971137562515165,1045.1252166240063,551.056086286108,0.6357814950339781,0.29126860697622753,1007.7674549780219,10.303197208909351,1.892849976444895,0.00234780316980745,0.0012403535404411907,0.37213952455009996,2.966666666666667,5.298835343987227,0.9612066664702135,0.9883383150257009,40.0,80.0,0.0012403535404411907,0.37213952455009996
A,,4,0.29839124245100024,0.4014372245417077,0.7407632727886166,0.973170057651865,0.9917832957867231,0.8395727965599573,0.6163105529447619,0.23802648392585535,45.967824849020005,10.0,13.0,2.8028744490834154,0.009199309651474802,1.4731700576518652,1.0,4.934313906381904,40.0,1.0,0.009199309651474802,1.4731700576518652,1.0556155169039616,2.0667148369348385,0.0714079451777566,4,45.967824849020005,10.0,13.0,2.8028744490834154,0.009199309651474802,1.4731700576518652,1.0,4.934313906381904,40.0,1.0,0.009199309651474802,1.4731700576518652,1.0556155169039616,2.0667148369348385,0.0714079451777566,True,,resolved_oscillation,1.0,394.7,8.586440652703946,0.0012238304827454978,0.8406861225566001,124.74951129035597,19.874328352835803,529.3467840345418,60.397730242783624,0.5705599189257664,0.0,1225.1391067240927,134.77800195910586,2.684022289136352,0.12627979730479566,0.04704871409448287,0.39124638969117975,1.6833333333333333,5.268910924100832,0.9689123911976004,0.9907975041378425,40.0,80.0,0.04704871409448287,0.39124638969117975
A,,5,0.43609826489132697,0.9283144976343863,0.4369071057473428,0.6793096803954553,0.4457193604870616,0.8902233596814232,0.30683681880373526,0.2464707225199041,48.72196529782654,10.0,13.0,3.856628995268773,0.003701938928909887,1.1793096803954553,1.0,2.0490118182911075,40.0,1.0,0.003701938928909887,1.1793096803954553,1.1012010237132808,1.0134604919955046,0.07394121675597122,5,48.72196529782654,10.0,13.0,3.856628995268773,0.003701938928909887,1.1793096803954553,1.0,2.0490118182911075,40.0,1.0,0.003701938928909887,1.1793096803954553,1.1012010237132808,1.0134604919955046,0.07394121675597122,True,,resolved_oscillation,1.0,689.3333333333334,14.148307218717306,0.0007491263725739684,0.9931473343775942,926.678340428182,6.350216806480271,954.2237088598247,632.6773738183872,0.6150870406189555,0.3328149300155521,2705.093277917571,24.172366714533883,4.2236245458629815,0.01750500952954556,0.00414454678427599,0.41657409464563433,4.033333333333333,16.00225836325458,0.949205934990943,0.9835244004701025,40.0,80.0,0.00414454678427599,0.41657409464563433
A,,6,0.2794490958047151,0.8625034418378221,0.8867248432919269,0.4437347746393657,0.4617652819142606,0.17305191977008727,0.3697961343740416,0.12011926120459937,45.588981916094305,10.0,13.0,3.7250068836756443,0.014244775826231116,0.9437347746393657,1.0,2.1026165626639304,40.0,1.0,0.014244775826231116,0.9437347746393657,0.4557467277930785,1.1715643252354049,0.03603577836137981,6,45.588981916094305,10.0,13.0,3.7250068836756443,0.014244775826231116,0.9437347746393657,1.0,2.1026165626639304,40.0,1.0,0.014244775826231116,0.9437347746393657,0.4557467277930785,1.1715643252354049,0.03603577836137981,True,,resolved_oscillation,1.0,453.8888888888889,9.956109345110255,0.0007343941248470013,0.9542565320276272,238.98366520048987,10.931941635018873,457.9704699274132,71.46469197377209,0.5634638922888616,0.2161741835147745,605.5329180495087,28.486268213646166,1.1883334953591573,0.02582457829458278,0.02173175997768005,0.33570317707176184,2.3333333333333335,2.7711233404416764,0.9933090011014158,0.9979275976687584,40.0,80.0,0.02173175997768005,0.33570317707176184
A,,7,0.9184594597167923,0.49622080261620993,0.0015575791320572296,0.7098664043105585,0.9560701223241277,0.3725144238776874,0.9611080662365922,0.35699789581469954,58.369189194335846,10.0,13.0,2.99244160523242,0.001004676993224574,1.2098664043105585,1.0,4.658695632716976,40.0,1.0,0.001004676993224574,1.2098664043105585,0.6352629814899187,4.571703650645531,0.10709936874440985,7,58.369189194335846,10.0,13.0,2.99244160523242,0.001004676993224574,1.2098664043105585,1.0,4.658695632716976,40.0,1.0,0.001004676993224574,1.2098664043105585,0.6352629814899187,4.571703650645531,0.10709936874440985,True,,resolved_oscillation,1.0,981.3333333333334,16.812522957378377,0.0005883324753970371,0.998254395530364,2691.024732607609,4.697464801140864,2411.120321099641,2007.9533408746236,0.6453804347826088,0.3337036214174628,7821.453868047669,24.037178662007456,9.895124683969033,0.012684161686067038,0.0012818597128560177,0.43034881137524994,5.6,52.089943714528545,0.8212341000594653,0.9415659236973482,40.0,80.0,0.0012818597128560177,0.43034881137524994
A,,8,0.30358690650228426,0.5048124943431317,0.9217794243662824,0.25378836310641073,0.48115780150084886,0.6166769025777588,0.9266438061402799,0.37517357399106444,46.07173813004569,10.0,13.0,3.009624988686263,0.015822047372292144,0.7537883631064107,1.0,2.169276295607102,40.0,1.0,0.015822047372292144,0.7537883631064107,0.8550092123199828,4.2229292992192535,0.11255207219731933,8,46.07173813004569,10.0,13.0,3.009624988686263,0.015822047372292144,0.7537883631064107,1.0,2.169276295607102,40.0,1.0,0.015822047372292144,0.7537883631064107,0.8550092123199828,4.2229292992192535,0.11255207219731933,True,,resolved_oscillation,1.0,391.09090909090907,8.488737889310476,0.0007709495096130637,0.9345813496852882,180.24933470850382,11.791668196755081,296.53245991844125,59.80511367535789,0.593212459321246,0.1597422794934459,2560.8315814031766,219.12914105900808,5.093509582429454,0.15783244328098445,0.03098697287729515,0.46967340590979784,2.158333333333333,11.308323162141559,0.9027012254125657,0.9681585689181543,40.0,80.0,0.03098697287729515,0.46967340590979784
A,,9,0.932509762265573,0.6848542803973867,0.545033930508929,0.7217621395502537,0.9406082623381035,0.4715857368406461,0.9437489081058605,0.8804158591471485,58.650195245311465,10.0,13.0,3.3697085607947734,0.005118061406490561,1.2217621395502536,1.0,4.544195017836997,40.0,1.0,0.005118061406490561,1.2217621395502536,0.7244271631565814,4.3925722383088575,0.2641247577441445,9,58.650195245311465,10.0,13.0,3.3697085607947734,0.005118061406490561,1.2217621395502536,1.0,4.544195017836997,40.0,1.0,0.005118061406490561,1.2217621395502536,0.7244271631565814,4.3925722383088575,0.2641247577441445,True,,resolved_oscillation,1.0,736.2,12.552387880735186,0.0006074620965769599,0.9868372024488482,692.1569931803397,9.110722374846814,1335.7024636342373,220.49820904718305,0.6098886172235806,0.22817151744056877,4867.413439487364,88.03780504879849,6.790766979517363,0.07124820044016095,0.01049192243748949,0.3914685625416574,3.65,23.82789286083192,0.6328839467785737,0.8942585775711743,40.0,80.0,0.01049192243748949,0.3914685625416574
A,,10,0.5589990905755731,0.4462819689375723,0.9938149577766761,0.9015922436254239,0.8793790695616299,0.4601942566664927,0.11453905085060889,0.29314213139177814,51.17998181151146,10.0,13.0,2.8925639378751447,0.019632837420500534,1.4015922436254238,1.0,4.11774636103419,40.0,1.0,0.019632837420500534,1.4015922436254238,0.7141748309998435,0.6508921820207567,0.08794263941753344,10,51.17998181151146,10.0,13.0,2.8925639378751447,0.019632837420500534,1.4015922436254238,1.0,4.11774636103419,40.0,1.0,0.019632837420500534,1.4015922436254238,0.7141748309998435,0.6508921820207567,0.08794263941753344,True,,steady_state,0.0,,,,,16.417778086536273,16.41777776596585,1022.6838546754866,57.318211202000484,,0.0,600.7370943269246,600.7363623108273,0.8106056085374365,0.8106055801842701,0.9999999650222425,1.0,,,0.9882275575731124,0.9882275575919047,40.0,80.0,,
A,,11,0.8825503300451477,0.7833164928346555,0.6936976459779453,0.6974159517909397,0.3326584954172609,0.6616409964329848,0.40307903288704905,0.6314419665790977,57.65100660090295,10.0,13.0,3.566632985669311,0.007989533927861336,1.1974159517909397,1.0,1.7081197333764204,40.0,1.0,0.007989533927861336,1.1974159517909397,0.8954768967896862,1.2648791599232423,0.1894325899737293,11,57.65100660090295,10.0,13.0,3.566632985669311,0.007989533927861336,1.1974159517909397,1.0,1.7081197333764204,40.0,1.0,0.007989533927861336,1.1974159517909397,0.8954768967896862,1.2648791599232425,0.1894325899737293,True,,resolved_oscillation,1.0,685.0,11.881839370854475,0.0,0.9851950825808028,573.4877552028383,8.4904388566988,716.3975479809644,215.70902554043334,0.6032116788321168,0.29126860697622753,2472.119980608555,54.973425043019496,3.5102786369935917,0.038892276261777596,0.011079541051785912,0.4110197733836925,3.683333333333333,12.426601762323871,0.876437474197861,0.960695479660111,40.0,80.0,0.011079541051785912,0.4110197733836925
A,,12,0.4044568990688079,0.024031735423203138,0.3713608600938766,0.5394681067715948,0.3484344915921219,0.41869845356194746,0.0743758010283625,0.5957220289699944,48.089137981376155,10.0,13.0,2.0480634708464063,0.0030419468259424236,1.039468106771595,1.0,1.7520450063988318,40.0,1.0,0.0030419468259424236,1.039468106771595,0.6768286082057526,0.5933976271719327,0.1787166086909983,12,48.089137981376155,10.0,13.0,2.0480634708464063,0.0030419468259424236,1.039468106771595,1.0,1.7520450063988318,40.0,1.0,0.0030419468259424236,1.039468106771595,0.6768286082057526,0.5933976271719327,0.1787166086909983,True,,resolved_oscillation,1.0,398.45454545454544,8.285749385003697,0.0013106462802961508,0.9625249180450693,297.7825608863354,11.15942587396453,363.08975539971453,113.34673281119045,0.6343258042436688,0.15863141524105753,433.3651259041479,29.292067055640825,0.8442349972842674,0.007010630278654074,0.008304121839542128,0.27749389024661186,2.1166666666666667,1.7835841447248322,0.9723296371844539,0.9914193261456308,40.0,80.0,0.008304121839542128,0.27749389024661186
A,,13,0.8397119452496339,0.26008903724763854,0.8937767146418455,0.7360853102868091,0.6297901131894204,0.3533399201315356,0.54972461355271,0.24027480692021974,56.79423890499268,10.0,13.0,2.520178074495277,0.014548905237875978,1.2360853102868092,1.0,2.755525269985407,40.0,1.0,0.014548905237875978,1.2360853102868092,0.6180059281183821,1.7729423656115402,0.07208244207606591,13,56.79423890499268,10.0,13.0,2.520178074495277,0.014548905237875978,1.2360853102868092,1.0,2.755525269985407,40.0,1.0,0.014548905237875978,1.2360853102868092,0.6180059281183821,1.7729423656115402,0.07208244207606591,True,,resolved_oscillation,1.0,358.54545454545456,6.313060293760455,0.01298412123272065,0.5192545442683845,63.38626619648755,30.472659429755904,176.35373226640985,41.886778682462584,0.6386916835699797,0.0,365.0775299764554,171.6607128609078,0.5683619927179192,0.15745918137191917,0.2770403077428629,0.023772495001110863,3.0,1.6890508658958396,0.9933499523831875,0.996541015812474,40.0,80.0,0.2770403077428629,0.023772495001110863
A,,14,0.5050919744883469,0.29587452410599624,0.37675403278337516,0.07604663233161935,0.21428753930495725,0.20466249303767636,0.7919028093038489,0.04476630886248789,50.10183948976694,10.0,13.0,2.5917490482119927,0.0030914932147346765,0.5760466323316193,1.0,1.4118240063671235,40.0,1.0,0.0030914932147346765,0.5760466323316193,0.4841962437339087,3.0965123298144808,0.013429892658746367,14,50.10183948976694,10.0,13.0,2.5917490482119927,0.0030914932147346765,0.5760466323316193,1.0,1.4118240063671235,40.0,1.0,0.0030914932147346765,0.5760466323316193,0.4841962437339087,3.0965123298144794,0.013429892658746367,True,,resolved_oscillation,1.0,398.8,7.959787585872032,0.001057264346428746,0.9477772058769696,182.87208052319733,9.550091012013171,212.71697837704602,79.80900092020437,0.6088264794383149,0.2586091979560098,1173.6069133685576,89.49307317055904,2.130501479606954,0.012885883736330803,0.006048286687277053,0.4439013552543879,2.4,4.990197837541995,0.9956317643707534,0.9984966925970723,40.0,80.0,0.006048286687277053,0.4439013552543879
A,,15,0.9354066410283456,0.4956740475582503,0.6505030867783376,0.3678801652864846,0.44262136838463495,0.3567890580726589,0.7861953008443282,0.3266761862476052,58.70813282056692,10.0,13.0,2.991348095116501,0.007019788512141638,0.8678801652864846,1.0,2.0388208196141258,40.0,1.0,0.007019788512141638,0.8678801652864846,0.621110152265393,3.0560841268539645,0.09800285587428155,15,58.70813282056692,10.0,13.0,2.991348095116501,0.007019788512141638,0.8678801652864846,1.0,2.0388208196141258,40.0,1.0,0.007019788512141638,0.8678801652864846,0.621110152265393,3.0560841268539645,0.09800285587428155,True,,resolved_oscillation,1.0,646.5,11.01210290533231,0.0008472119992345956,0.9835757468827993,516.1036198436528,8.476616487015665,620.1693248442252,199.9626630901987,0.6109822119102861,0.26749611197511663,3002.7750360572213,79.03875700214819,4.309454826439871,0.04162484932404615,0.009658959427690137,0.41768495889802265,3.45,14.36002383645252,0.9294762285663454,0.9784499892429607,40.0,80.0,0.009658959427690137,0.41768495889802265
A,,16,0.4165039138534229,0.28577343400915445,0.19195520983891223,0.3853034399427899,0.5293155168028456,0.028087019400847124,0.24521803081693405,0.1709331898065073,48.33007827706846,10.0,13.0,2.571546868018309,0.0017772130182360899,0.8853034399427899,1.0,2.344097485863484,40.0,1.0,0.0017772130182360899,0.8853034399427899,0.3252783174607624,0.8794031869231538,0.051279956941952184,16,48.33007827706846,10.0,13.0,2.571546868018309,0.0017772130182360899,0.8853034399427899,1.0,2.344097485863484,40.0,1.0,0.0017772130182360899,0.8853034399427899,0.3252783174607624,0.8794031869231538,0.051279956941952184,True,,resolved_oscillation,1.0,553.1428571428571,11.445105757366651,0.000683303541080731,0.9894579951999553,653.175055075103,6.885774565871212,696.0422262357708,330.04649522776367,0.6241606404958677,0.29082426127527217,442.27587743932753,7.459303589778918,0.7569597994924009,0.0016556453638324167,0.0021872302398920694,0.26994001333037104,3.0166666666666666,2.1647444414733834,0.9938374278161097,0.9981203212938801,40.0,80.0,0.0021872302398920694,0.26994001333037104
A,,17,0.5474959190386707,0.32786926200840927,0.12153798541605187,0.8674324012996638,0.7705241825193797,0.8212992686047814,0.49428288340064575,0.17215494341127735,50.94991838077341,10.0,13.0,2.6557385240168188,0.0014392113146310583,1.3674324012996637,1.0,3.4559964778269046,40.0,1.0,0.0014392113146310583,1.3674324012996637,1.039169341744303,1.5604608877308435,0.051646483023383205,17,50.94991838077341,10.0,13.0,2.6557385240168188,0.0014392113146310583,1.3674324012996637,1.0,3.4559964778269046,40.0,1.0,0.0014392113146310583,1.3674324012996637,1.039169341744303,1.5604608877308435,0.051646483023383205,True,,resolved_oscillation,1.0,748.0,14.681083380935643,0.0,0.9967293080615884,1722.6973833504042,5.634412444046758,1826.0517539912053,1023.1616939382648,0.6363636363636364,0.30393245945345476,4461.542374402202,24.942738858817524,6.787811835807037,0.01148523940342458,0.0016920385657772203,0.41013108198178183,3.9833333333333334,25.450174264806893,0.944322475731052,0.9831594767723769,40.0,80.0,0.0016920385657772203,0.41013108198178183
A,,18,0.2557492081993019,0.011841787648559254,0.9901753778860107,0.5100265748839851,0.24386234796739392,0.9723548965289336,0.18530812723112733,0.07398357953597556,45.11498416398604,10.0,13.0,2.0236835752971185,0.019419939276638078,1.0100265748839852,1.0,1.4806501890554022,40.0,1.0,0.019419939276638078,1.0100265748839852,1.1751194068760402,0.7660870685498672,0.02219507386079267,18,45.11498416398604,10.0,13.0,2.0236835752971185,0.019419939276638078,1.0100265748839852,1.0,1.4806501890554022,40.0,1.0,0.019419939276638088,1.0100265748839852,1.1751194068760402,0.7660870685498672,0.02219507386079267,True,,resolved_oscillation,1.0,279.6363636363636,6.1983034864852975,0.003672307216240036,0.31578004658804365,43.847612457837904,30.001411353127367,104.08133700313348,28.883921441385006,0.6644343302990897,0.0,329.1264736569063,240.12679150218955,0.5604308849097197,0.3152532250349019,0.5625193641597506,0.04265718729171295,,2.009421788238815,0.9980839534225451,0.9985239565569213,40.0,80.0,0.5625193641597506,0.04265718729171295
A,,19,0.9255513500073052,0.7189310719243752,0.3595363148666204,0.008470141514244522,0.614501749387959,0.9187699952713662,0.5653192310309306,0.6859534039173187,58.5110270001461,10.0,13.0,3.4378621438487507,0.0029360776030532385,0.5084701415142445,1.0,2.6885510697643706,40.0,1.0,0.0029360776030532385,0.5084701415142445,1.1268929957442295,1.8377618651452943,0.20578602117519562,19,58.5110270001461,10.0,13.0,3.4378621438487507,0.002936077603053238,0.5084701415142445,1.0,2.6885510697643706,40.0,1.0,0.0029360776030532385,0.5084701415142445,1.1268929957442295,1.8377618651452943,0.20578602117519562,True,,resolved_oscillation,1.0,718.0,12.271191206372214,0.0,0.9891565346280111,589.52228868709,6.39246452339408,572.7491265298444,386.999327719029,0.616991643454039,0.3694734503443679,2296.229490696933,34.07222801530309,3.064718593337978,0.011112949237168275,0.003626091237650783,0.46145301044212395,4.35,12.52886002738597,0.880395209613175,0.956133594111568,40.0,80.0,0.003626091237650783,0.46145301044212395
A,,20,0.0013435690855783111,0.46494735339945903,0.7029286016979912,0.6847519706450776,0.45656378171454903,0.066410428609471,0.5239147617457327,0.5455612958419926,40.026871381711565,10.0,13.0,2.929894706798918,0.008213555491511175,1.1847519706450775,1.0,2.085087998207999,40.0,1.0,0.008213555491511175,1.1847519706450775,0.3597693857485239,1.6706472727944355,0.1636683887525978,20,40.026871381711565,10.0,13.0,2.929894706798918,0.008213555491511175,1.1847519706450775,1.0,2.085087998207999,40.0,1.0,0.008213555491511175,1.1847519706450775,0.3597693857485239,1.6706472727944355,0.1636683887525978,True,,resolved_oscillation,1.0,428.4,10.702810017665723,0.0012054103162799307,0.9797939866542659,439.0035631929078,8.87051185670072,571.5615902572484,163.78465440722837,0.6069094304388423,0.24950011108642525,857.6101086856518,26.5240818569457,1.8291254224986626,0.021088985542948822,0.011529545914976336,0.36214174627860474,2.283333333333333,4.0532627647912,0.9460850250032856,0.9840154231666554,40.0,80.0,0.011529545914976336,0.36214174627860474
A,,21,0.07885095553436716,0.31896266985311017,0.43766206874156466,0.49990424355663865,0.7169457026455673,0.4357792480321784,0.5996465601993903,0.8802543008467651,41.577019110687345,10.0,13.0,2.6379253397062206,0.0037103209571532373,0.9999042435566386,1.0,3.1704692172466618,40.0,1.0,0.0037103209571532373,0.9999042435566386,0.6922013232289606,1.9889165634954384,0.2640762902540295,21,41.577019110687345,10.0,13.0,2.6379253397062206,0.0037103209571532378,0.9999042435566386,1.0,3.1704692172466618,40.0,1.0,0.0037103209571532373,0.9999042435566386,0.6922013232289606,1.9889165634954384,0.2640762902540295,True,,resolved_oscillation,1.0,503.625,12.113061753158334,0.001027647891797996,0.9909765990943299,764.3915220608545,6.897411152450441,779.1274867813529,361.3476510008431,0.6383718044179698,0.299044656742946,1761.8451146324453,31.03654767220119,3.3998492833213994,0.018441977495311422,0.0054243514810441784,0.4212397245056654,2.85,9.183989414205492,0.8162463781750952,0.9405053551522371,40.0,80.0,0.0054243514810441784,0.4212397245056654
A,,22,0.8675713022377077,0.6969107328092301,0.6335471684261575,0.5509199571228793,0.8481709139021257,0.3486284427256984,0.980574699729904,0.08487242491476177,57.351426044754156,10.0,13.0,3.39382146561846,0.006672120325377742,1.0509199571228793,1.0,3.916030154842152,40.0,1.0,0.006672120325377742,1.0509199571228793,0.6137655984531285,4.781285797412691,0.02546172747442853,22,57.351426044754156,10.0,13.0,3.39382146561846,0.006672120325377742,1.0509199571228793,1.0,3.916030154842152,40.0,1.0,0.006672120325377742,1.0509199571228793,0.6137655984531285,4.781285797412691,0.02546172747442853,True,,resolved_oscillation,1.0,696.6,12.146167027414602,0.0007862798700906779,0.9805611841854035,517.5639737856616,10.060830758690136,1294.1329629454106,161.70330580633484,0.5713465403387884,0.22994890024439013,5041.9316613350675,93.56848173978217,7.5801558817916055,0.07396239205378295,0.009757370851890924,0.41657409464563433,3.216666666666667,23.742450098761392,0.97017044805062,0.991357421998389,40.0,80.0,0.009757370851890924,0.41657409464563433
A,,23,0.8783796245132314,0.3287124873925278,0.08087632777524123,0.428318534017873,0.25608481486483725,0.8729212352329343,0.7929911185726779,0.12612542097333246,57.56759249026463,10.0,13.0,2.6574249747850556,0.001274155779124468,0.928318534017873,1.0,1.5100648695064638,40.0,1.0,0.001274155779124468,0.928318534017873,1.0856291117096408,3.1042816871889642,0.037837626291999736,23,57.56759249026463,10.0,13.0,2.6574249747850556,0.001274155779124468,0.928318534017873,1.0,1.5100648695064638,40.0,1.0,0.001274155779124468,0.928318534017873,1.0856291117096408,3.1042816871889642,0.037837626291999736,True,,resolved_oscillation,1.0,613.5,10.657037639775368,0.0008927833048168966,0.9862332033136779,520.9336077938405,7.171587065570036,524.2210929038928,261.9680239655647,0.6229828850855745,0.2859364585647634,6082.791109243321,135.37833800499445,8.830799183175317,0.014943300685193577,0.0016921798780866817,0.44834481226394135,3.45,28.924251282414964,0.9476935614742908,0.9839762510294563,40.0,80.0,0.0016921798780866817,0.44834481226394135
A,,24,0.39314986885056447,0.3402603413700579,0.283665563286857,0.32617748054883455,0.526312222726394,0.13956516709130617,0.18540594859632797,0.31633641727601725,47.86299737701129,10.0,13.0,2.6805206827401156,0.0023391464148306627,0.8261774805488346,1.0,2.332794359765584,40.0,1.0,0.0023391464148306627,0.8261774805488346,0.42560865038217555,0.766259642981382,0.09490092518280517,24,47.86299737701129,10.0,13.0,2.6805206827401156,0.0023391464148306627,0.8261774805488346,1.0,2.332794359765584,40.0,1.0,0.0023391464148306627,0.8261774805488346,0.42560865038217555,0.766259642981382,0.09490092518280517,True,,resolved_oscillation,1.0,545.2857142857143,11.392636152528473,0.0008948520448833812,0.9884750102850113,602.5295129373392,6.944146439579957,643.1664348761938,307.9674510301183,0.6216924286088551,0.29193512552766054,468.19819172266574,8.402919860848636,0.8061321909938992,0.0022977830684293597,0.002850379992388555,0.28393690291046436,3.0166666666666666,2.3073491233673957,0.9872690674560746,0.9961063043785201,40.0,80.0,0.002850379992388555,0.28393690291046436
A,,25,0.07041119244804428,0.332130848458681,0.47799425521871675,0.9860244128897545,0.32422163560981,0.23806648353124005,0.9210385550297289,0.31793519788627744,41.40822384896089,10.0,13.0,2.664261696917362,0.004186825530905909,1.4860244128897544,1.0,1.6850826151783185,40.0,1.0,0.004186825530905909,1.4860244128897544,0.514259835178116,4.168775994915668,0.09538055936588323,25,41.40822384896089,10.0,13.0,2.664261696917362,0.004186825530905909,1.4860244128897544,1.0,1.6850826151783185,40.0,1.0,0.004186825530905909,1.4860244128897544,0.514259835178116,4.168775994915668,0.09538055936588323,True,,resolved_oscillation,1.0,454.8888888888889,10.985472126216399,0.000732779677576942,0.9868075577328198,580.9935642079788,7.664724053416956,604.3320042690616,253.26761779580184,0.6276257938446507,0.2770495445456565,3989.2690046858247,98.12846771572619,8.012858323355243,0.048357115251566316,0.006034939505996111,0.45545434347922686,2.5166666666666666,19.396417304812605,0.8727490480479146,0.9602319103582103,40.0,80.0,0.006034939505996111,0.45545434347922686
A,,26,0.5453222821228122,0.15880740001429594,0.7315526222870028,0.9819235271006114,0.44424563520368043,0.8995501600465765,0.7702554738662177,0.8733172195768184,50.90644564245625,10.0,13.0,2.3176148000285917,0.00894894636153274,1.4819235271006113,1.0,2.0441575890491483,40.0,1.0,0.00894894636153274,1.4819235271006113,1.1095951440419187,2.9459507236158826,0.2619951658730455,26,50.90644564245625,10.0,13.0,2.3176148000285917,0.00894894636153274,1.4819235271006113,1.0,2.0441575890491483,40.0,1.0,0.00894894636153274,1.4819235271006113,1.1095951440419187,2.9459507236158826,0.2619951658730455,True,,resolved_oscillation,1.0,424.9,8.346683698647999,0.0007442404472036666,0.9545487468381982,282.57328883197295,12.843310087464964,403.435465495908,95.81959386364233,0.6472111084961167,0.060208842479449014,3354.723598023326,293.0397341584845,6.025766709427324,0.16803249454216462,0.027885662131472408,0.47967118418129306,2.283333333333333,14.151139703844779,0.6777996462748089,0.8945160190994517,40.0,80.0,0.027885662131472408,0.47967118418129306
A,,27,0.5842061138530887,0.17478857874816356,0.6751111745047766,0.21103105998534566,0.47372262078119953,0.27706809452061376,0.08242795025315841,0.20941401680263994,51.684122277061775,10.0,13.0,2.349577157496327,0.007556834108004992,0.7110310599853457,1.0,2.1434724322101038,40.0,1.0,0.007556834108004992,0.7110310599853457,0.5493612850685523,0.6045022958145511,0.06282420504079197,27,51.684122277061775,10.0,13.0,2.349577157496327,0.007556834108004992,0.7110310599853457,1.0,2.1434724322101038,40.0,1.0,0.007556834108004992,0.7110310599853457,0.5493612850685523,0.6045022958145511,0.06282420504079197,True,,resolved_oscillation,1.0,444.0,8.590646032835004,0.0,0.959909048027228,269.75268188781007,10.814641814090644,356.4559887740916,98.86181797812858,0.6193693693693694,0.1997333925794268,287.60557322064426,18.48072845594063,0.5143863737095588,0.007088670476579676,0.013780828651153572,0.08020439902243946,2.3666666666666667,1.2181550274016313,0.9948063219871794,0.9982938493575768,40.0,80.0,0.013780828651153572,0.08020439902243946
A,,28,0.5150252250115483,0.5671990511643153,0.9824233046384001,0.9901042993929583,0.8684331197247117,0.5459952500686578,0.7216872091884045,0.610060609924768,50.30050450023097,10.0,13.0,3.134398102328631,0.018974143804986826,1.4901042993929583,1.0,4.045839978009278,40.0,1.0,0.018974143804986826,1.4901042993929583,0.791395725061792,2.6342513635520346,0.1830181829774304,28,50.30050450023097,10.0,13.0,3.134398102328631,0.018974143804986826,1.4901042993929583,1.0,4.045839978009278,40.0,1.0,0.018974143804986833,1.4901042993929583,0.791395725061792,2.6342513635520346,0.1830181829774304,True,,steady_state,0.0,,,,,14.883705935144507,14.883705081503589,1070.1552949357722,49.89315025382808,,0.0,2869.3141303467505,2869.313107757198,3.939412194894769,3.9394118387030814,0.999999909582529,1.0,,,0.8670792139110564,0.8670792152624236,40.0,80.0,,
A,,29,0.04945339346089217,0.09762210073206024,0.7021926793540646,0.5344320235740077,0.12301565154377614,0.43951840096355876,0.716675164080167,0.8026172127841293,40.98906786921784,10.0,13.0,2.1952442014641207,0.00819546761675082,1.0344320235740077,1.0,1.2189453935804007,40.0,1.0,0.00819546761675082,1.0344320235740077,0.6955665608672028,2.604025114200645,0.2407851638352388,29,40.98906786921784,10.0,13.0,2.1952442014641207,0.00819546761675082,1.0344320235740077,1.0,1.2189453935804007,40.0,1.0,0.00819546761675082,1.0344320235740077,0.6955665608672028,2.604025114200645,0.2407851638352388,True,,resolved_oscillation,1.0,285.85714285714283,6.973984960312238,0.0012703426472808446,0.9032685704840364,131.18262400775288,12.689482747925094,172.24926822739698,52.281801290401894,0.6394802598700651,0.09486780715396578,1329.8946259922955,214.90737110146074,2.979338072777028,0.09651873272554151,0.03239603239640973,0.5560986447456121,1.85,5.709635726439235,0.8576804860703449,0.9419658019654181,40.0,80.0,0.03239603239640973,0.5560986447456121
A,,30,0.23529284243979742,0.8407494147148626,0.1627078196361389,0.18400605895795552,0.9153118394219858,0.6622785865219342,0.34201139629394184,0.761506421166632,44.705856848795946,10.0,13.0,3.6814988294297253,0.0016281250333504938,0.6840060589579555,1.0,4.362902627321284,40.0,1.0,0.0016281250333504938,0.6840060589579555,0.8960507278697407,1.0989587737214994,0.2284519263499896,30,44.705856848795946,10.0,13.0,3.6814988294297253,0.0016281250333504938,0.6840060589579555,1.0,4.362902627321284,40.0,1.0,0.0016281250333504938,0.6840060589579555,0.8960507278697407,1.0989587737214994,0.2284519263499896,True,,resolved_oscillation,1.0,677.5,15.154613908675078,0.0008084465793434186,0.9954237433236082,1127.0063861891613,5.1574704991344325,1084.9232119939275,914.7135697608758,0.6232472324723247,0.3279271273050433,1275.7595903845313,6.696869430157923,2.120952092056537,0.003940213963182082,0.0018577571732709605,0.38302599422350586,4.083333333333333,8.11410587629671,0.9054106329082211,0.9700440765404329,40.0,80.0,0.0018577571732709605,0.38302599422350586
A,,31,0.3961908178200533,0.5858255229716866,0.8827516093406286,0.1975083502442333,0.42790177911939253,0.8533965863188613,0.9318053292379148,0.9537836951071544,47.92381635640106,10.0,13.0,3.1716510459433733,0.014076228964528923,0.6975083502442333,1.0,1.9910882451276535,40.0,1.0,0.014076228964528923,0.6975083502442333,1.0680569276869751,4.273417592722049,0.2861351085321463,31,47.92381635640106,10.0,13.0,3.1716510459433733,0.014076228964528923,0.6975083502442333,1.0,1.9910882451276535,40.0,1.0,0.014076228964528923,0.6975083502442333,1.0680569276869751,4.273417592722049,0.2861351085321463,True,,resolved_oscillation,1.0,426.4,8.897455011281606,0.0012110642108215815,0.9586304419560767,239.08955107296057,9.891029060808396,255.74287403029922,79.69185907474164,0.626172607879925,0.25905354365696515,3044.316901450385,238.43363590745963,5.428832596176053,0.16057750739496793,0.02957864412840342,0.4976671850699845,2.6333333333333333,14.278450248357133,0.6722511302733218,0.8800608950691552,40.0,80.0,0.02957864412840342,0.4976671850699845
A,,32,0.45544406973220386,0.8413148429729738,0.5906917281865809,0.2627126403874821,0.6550826693183404,0.7769402083886271,0.7903188624593088,0.30569927964458465,49.10888139464408,10.0,13.0,3.6826296859459475,0.005868237151616026,0.7627126403874821,1.0,2.870008191014471,40.0,1.0,0.005868237151616026,0.7627126403874821,0.9992461875497642,3.0852393852147566,0.09170978389337539,32,49.10888139464408,10.0,13.0,3.6826296859459475,0.005868237151616026,0.7627126403874821,1.0,2.870008191014471,40.0,1.0,0.005868237151616026,0.7627126403874821,0.9992461875497642,3.0852393852147566,0.09170978389337539,True,,resolved_oscillation,1.0,651.3333333333334,13.263045600634861,0.0007928318006565847,0.9904150282164058,733.0199447635281,7.0259754873701485,776.7876924617862,402.6816951116177,0.6148925281473899,0.3188180404354588,4341.297727933036,62.79000230795713,6.857500696407412,0.0495500113876214,0.007225666256742817,0.43568095978671406,3.783333333333333,24.597052635208115,0.8957114757556135,0.9664241227384581,40.0,80.0,0.007225666256742817,0.43568095978671406
A,,33,0.9227593837099817,0.2542365218699282,0.11984868902090784,0.21289201770014698,0.2844369626022776,0.215498302700181,0.5288499542686814,0.8553785018010519,58.455187674199635,10.0,13.0,2.5084730437398566,0.001431946325499754,0.712892017700147,1.0,1.5805669808537361,40.0,1.0,0.001431946325499754,0.712892017700147,0.4939484724301629,1.6897402866206526,0.25661355054031554,33,58.455187674199635,10.0,13.0,2.5084730437398566,0.0014319463254997538,0.712892017700147,1.0,1.5805669808537361,40.0,1.0,0.001431946325499754,0.712892017700147,0.4939484724301629,1.6897402866206526,0.25661355054031554,True,,resolved_oscillation,1.0,551.8571428571429,9.440687213817911,0.0006848954985929563,0.977998103273095,367.90432774886415,8.09459302451195,371.46337030164534,164.70959502295483,0.6258866166192079,0.2781604087980449,1020.6447540965635,38.42637618501891,1.5103130945872774,0.003548703670641884,0.0023496476878601363,0.3852477227282826,3.1666666666666665,4.580246171694443,0.9214743462751591,0.9745999345849046,40.0,80.0,0.0023496476878601363,0.3852477227282826
A,,34,0.07950435043954462,0.9662316694526888,0.37274283035622435,0.1750304734321343,0.9875008646722722,0.4630627884669968,0.38130948963773503,0.5292730561158066,41.590087008790896,10.0,13.0,3.932463338905378,0.003054566630142853,0.6750304734321343,1.0,4.900422030910761,40.0,1.0,0.003054566630142853,0.6750304734321343,0.716756509620297,1.2030384113259651,0.15878191683474197,34,41.590087008790896,10.0,13.0,3.932463338905378,0.003054566630142853,0.6750304734321343,1.0,4.900422030910761,40.0,1.0,0.003054566630142853,0.6750304734321343,0.716756509620297,1.2030384113259651,0.15878191683474197,True,,resolved_oscillation,1.0,651.0,15.65276840758708,0.0,0.9949902398641778,1140.9591656807004,5.71593174482804,1164.7940854731146,880.0653486694404,0.620583717357911,0.3441457453899133,1068.3755845797562,6.551626761556345,1.9033908036532008,0.006387976988649666,0.003356103736757131,0.39502332814930013,3.9,6.961259879225224,0.9458871964736356,0.9820709977459771,40.0,80.0,0.003356103736757131,0.39502332814930013
A,,35,0.6334398631188464,0.44530082088652956,0.9710384632196135,0.6253248415770387,0.2880167805261743,0.12196760263835515,0.48354764822632257,0.8441290579269647,52.66879726237693,10.0,13.0,2.890601641773059,0.018337923961669205,1.1253248415770387,1.0,1.5896996928880285,40.0,1.0,0.018337923961669205,1.1253248415770387,0.4097708423745196,1.522361010310618,0.2532387173780894,35,52.66879726237693,10.0,13.0,2.890601641773059,0.018337923961669205,1.1253248415770387,1.0,1.5896996928880285,40.0,1.0,0.018337923961669212,1.1253248415770387,0.4097708423745196,1.522361010310618,0.2532387173780894,True,,resolved_oscillation,1.0,359.6666666666667,6.828837667868838,0.0018109516606457726,0.8026301240139132,88.07791905889316,17.38392796176633,201.2425077849538,36.80839935664822,0.5936051899907322,0.0,410.9333100719154,82.32641887965181,0.7615431590263946,0.05589043425485222,0.07339102661798724,0.26571872917129524,2.0,1.754655267796784,0.9611024308974531,0.9854367200947719,40.0,80.0,0.07339102661798724,0.26571872917129524
A,,36,0.6761306877039921,0.05417488428145534,0.12327418220657027,0.9714779234866264,0.28757541677892484,0.6833932859140744,0.1868916785923901,0.42248977462753035,53.52261375407984,10.0,13.0,2.1083497685629107,0.0014467164135972767,1.4714779234866264,1.0,1.588570854590359,40.0,1.0,0.0014467164135972767,1.4714779234866264,0.915053957322667,0.76888552137681,0.1267469323882591,36,53.52261375407984,10.0,13.0,2.1083497685629107,0.0014467164135972767,1.4714779234866264,1.0,1.588570854590359,40.0,1.0,0.0014467164135972767,1.4714779234866264,0.915053957322667,0.76888552137681,0.1267469323882591,True,,resolved_oscillation,1.0,520.7142857142857,9.72886503837069,0.0009370782593470142,0.9835964201332457,558.598155722146,9.163009460809915,616.9730931449975,217.3860285253172,0.6383539094650207,0.22506109753388137,1422.2868875504807,45.59822756321817,2.3866720404248385,0.006719785529928456,0.002815546256926152,0.39746722950455454,2.6166666666666667,6.080728929854154,0.9478241287083825,0.9840607245177074,40.0,80.0,0.002815546256926152,0.39746722950455454
A,,37,0.9942080218192769,0.6593242047859554,0.2048195830433457,0.11408570344483138,0.7692102833324719,0.24995871660714786,0.24812270663075364,0.5441891502418968,59.88416043638554,10.0,13.0,3.318648409571911,0.001847040512471595,0.6140857034448314,1.0,3.4486960139662837,40.0,1.0,0.001847040512471595,0.6140857034448314,0.524962844946433,0.8853045799577942,0.16325674507256904,37,59.88416043638554,10.0,13.0,3.318648409571911,0.001847040512471595,0.6140857034448314,1.0,3.4486960139662837,40.0,1.0,0.001847040512471595,0.6140857034448314,0.524962844946433,0.8853045799577942,0.16325674507256904,True,,resolved_oscillation,1.0,844.25,14.098051869606486,0.0005922416345869114,0.9944581633084781,1019.8437147062793,5.65180731777716,1047.4843788223327,727.9366232223705,0.6200769914124963,0.343034881137525,734.9782149001878,5.127300660166906,0.9382564923117076,0.0018946910496237437,0.0020193743023888284,0.34436791824039104,4.866666666666666,4.289041160368269,0.9724272477126202,0.9908690056244169,40.0,80.0,0.0020193743023888284,0.34436791824039104
A,,38,0.4452386990402637,0.45484334849897157,0.3778401004807026,0.5335265915484285,0.7580538097473309,0.7955874573466426,0.7447623325657388,0.4984037620752796,48.904773980805274,10.0,13.0,2.909686696997943,0.00310156797886956,1.0335265915484286,1.0,3.387325056628274,40.0,1.0,0.00310156797886956,1.0335265915484286,1.0160287116119782,2.778000610874619,0.14952112862258388,38,48.904773980805274,10.0,13.0,2.909686696997943,0.00310156797886956,1.0335265915484286,1.0,3.387325056628274,40.0,1.0,0.00310156797886956,1.0335265915484286,1.0160287116119782,2.7780006108746202,0.14952112862258388,True,,resolved_oscillation,1.0,667.5,13.648974234335247,0.0008205581385845184,0.9944321656113307,1121.819304817661,6.2461041032368545,1094.1631558674933,607.9352947548147,0.6382022471910113,0.28615863141524106,4745.441583189783,50.839178964194694,7.508011567642082,0.032509328899703184,0.004329951892963433,0.4112419462341702,3.8,26.938238715917965,0.8011875403192897,0.940233350515192,40.0,80.0,0.004329951892963433,0.4112419462341702
A,,39,0.6660332596561213,0.9549278270831529,0.6069990404660162,0.752066943141399,0.9605213971708908,0.4830470007968839,0.4840801167323766,0.5658874191471764,53.32066519312242,10.0,13.0,3.909855654166306,0.006162032137168318,1.2520669431413989,1.0,4.692190600041989,40.0,1.0,0.006162032137168318,1.2520669431413989,0.7347423007171954,1.524228651865329,0.16976622574415293,39,53.32066519312242,10.0,13.0,3.909855654166306,0.006162032137168317,1.2520669431413989,1.0,4.692190600041989,40.0,1.0,0.006162032137168323,1.2520669431413989,0.7347423007171954,1.524228651865329,0.16976622574415293,True,,resolved_oscillation,1.0,649.5,12.181018328401798,0.0008432987798385929,0.9705280702374206,369.77720686690367,10.89804786858418,1491.929984126046,108.19614250718304,0.5450346420323325,0.17907131748500332,1857.462545766931,33.35142923128225,3.048585277889019,0.031029951397842724,0.010178475774615461,0.3330371028660298,2.8666666666666667,8.505585835050658,0.9061079389655947,0.9763148042464822,40.0,80.0,0.010178475774615461,0.3330371028660298
A,,40,0.07938517308078696,0.022029308983154694,0.46089644750850756,0.321935567576238,0.7521861907367888,0.6828149072520601,0.16781697286928776,0.6518343044389883,41.58770346161574,10.0,13.0,2.0440586179663094,0.003977773984957273,0.821935567576238,1.0,3.3554871886080764,40.0,1.0,0.003977773984957273,0.821935567576238,0.9145334165268539,0.7358460741714552,0.19555029133169646,40,41.58770346161574,10.0,13.0,2.0440586179663094,0.003977773984957273,0.821935567576238,1.0,3.3554871886080764,40.0,1.0,0.003977773984957273,0.821935567576238,0.9145334165268539,0.7358460741714552,0.19555029133169646,True,,resolved_oscillation,1.0,396.54545454545456,9.535161154341083,0.0013169561317143577,0.9757823193958246,409.4754093491667,9.916544678882099,533.5716824499473,160.99202972266022,0.6354883081155434,0.19329037991557432,558.38066988098,24.630828920173542,1.208744019667016,0.009616196022822621,0.007955527279855072,0.3234836702954899,2.0416666666666665,2.4457705109233117,0.9557438597699296,0.9868374146842099,40.0,80.0,0.007955527279855072,0.3234836702954899
A,,41,0.9815064036168787,0.6484862657754508,0.8948493318150219,0.4999552130251841,0.7789299613558915,0.5872141849970318,0.30968064225549496,0.899810359527491,59.63012807233757,10.0,13.0,3.2969725315509013,0.014595730045276952,0.9999552130251841,1.0,3.5030688932033924,40.0,1.0,0.014595730045276952,0.9999552130251841,0.8284927664973285,1.0201185539311928,0.26994310785824727,41,59.63012807233757,10.0,13.0,3.2969725315509013,0.014595730045276952,0.9999552130251841,1.0,3.5030688932033924,40.0,1.0,0.014595730045276952,0.9999552130251841,0.8284927664973285,1.0201185539311928,0.26994310785824727,True,,steady_state,0.0,,,,,29.971369026967192,29.920076531454146,152.23564474644166,30.736739651367895,,0.0,191.1162377847019,189.84761747031817,0.22166006789498557,0.22073005627182832,0.9958043339425581,0.0,3.4166666666666665,,0.9876552406600467,0.9876957250202931,40.0,80.0,,
A,,42,0.2634626562834709,0.9747032019221333,0.7824072395318442,0.7109816588766164,0.952904028663561,0.31261461683648606,0.3711782882929373,0.5177094697691266,45.269253125669415,10.0,13.0,3.9494064038442667,0.010421621292670104,1.2109816588766162,1.0,4.635017018010833,40.0,1.0,0.010421621292670104,1.2109816588766162,0.5813531551528375,1.1752987997251907,0.15531284093073797,42,45.269253125669415,10.0,13.0,3.9494064038442667,0.010421621292670104,1.2109816588766162,1.0,4.635017018010833,40.0,1.0,0.010421621292670104,1.2109816588766162,0.5813531551528375,1.1752987997251907,0.15531284093073797,True,,resolved_oscillation,1.0,319.84615384615387,7.065417071455697,0.00945270992444462,0.29175488573963587,38.48053641652953,27.25365191112506,136.81175731711588,28.463134773945537,0.6299903799903799,0.0,104.84568452979754,55.64605939164585,0.18010014458732773,0.07080027527041405,0.39311614897723807,0.0,2.566666666666667,0.5828165317456961,0.9950122444481486,0.9969014703628121,40.0,80.0,0.39311614897723807,0.0
A,,43,0.11902604624430946,0.7238209620991736,0.5130660887379298,0.037791826390061733,0.20526307490198326,0.9864411902014837,0.42542350137029605,0.8698764918089886,42.38052092488619,10.0,13.0,3.447641924198347,0.004650657653682553,0.5377918263900617,1.0,1.3914664273870667,40.0,1.0,0.004650657653682553,0.5377918263900617,1.1877970711813353,1.3316604629181958,0.26096294754269656,43,42.38052092488619,10.0,13.0,3.447641924198347,0.004650657653682553,0.5377918263900617,1.0,1.3914664273870667,40.0,1.0,0.004650657653682553,0.5377918263900617,1.1877970711813353,1.3316604629181958,0.26096294754269656,True,,resolved_oscillation,1.0,357.8181818181818,8.442986872491886,0.0011305180620572656,0.9439673818010643,154.99655561889352,8.684862823143568,179.99451207135016,87.41036886443136,0.5863313008130081,0.3390357698289269,1064.6956087849605,71.24776842868557,2.1671105918731253,0.01479769441356987,0.006828306072178623,0.49855587647189514,2.3333333333333335,4.849738801472967,0.884741400393811,0.9553396486588893,40.0,80.0,0.006828306072178623,0.49855587647189514
A,,44,0.5856463892471487,0.31809303652452925,0.05540641720968964,0.35037645481237045,0.920254666357244,0.26509542561439037,0.43310533966908604,0.5024287034658289,51.71292778494298,10.0,13.0,2.6361860730490587,0.0011805527868287793,0.8503764548123705,1.0,4.397748692253874,40.0,1.0,0.0011805527868287793,0.8503764548123705,0.5385858830529513,1.3554245391133992,0.15072861103974866,44,51.71292778494298,10.0,13.0,2.6361860730490587,0.0011805527868287793,0.8503764548123705,1.0,4.397748692253874,40.0,1.0,0.0011805527868287793,0.8503764548123705,0.5385858830529513,1.3554245391133992,0.15072861103974866,True,,resolved_oscillation,1.0,741.6,14.34070805435867,0.0007385687129249813,0.9962618871801214,1445.7836346776892,5.404502339559214,1486.8457450743751,902.7222644907613,0.6364617044228694,0.3192623861364141,1285.9168328288895,7.811971348531578,1.925597513073043,0.002642363050176376,0.001372230194647195,0.3850255498778049,4.05,7.3498047635546815,0.9485252379520658,0.9837526291243939,40.0,80.0,0.001372230194647195,0.3850255498778049
A,,45,0.5735089914149888,0.2349033339983554,0.05175284264692048,0.5805394677833117,0.9703789917660842,0.9217209976436966,0.7921983999214777,0.4085949628878395,51.47017982829978,10.0,13.0,2.4698066679967106,0.0011677019370594456,1.0805394677833116,1.0,4.767226736092789,40.0,1.0,0.0011677019370594456,1.0805394677833116,1.1295488978793269,3.0986206033196844,0.12257848886635184,45,51.47017982829978,10.0,13.0,2.4698066679967106,0.0011677019370594456,1.0805394677833116,1.0,4.767226736092789,40.0,1.0,0.0011677019370594456,1.0805394677833116,1.1295488978793269,3.0986206033196844,0.12257848886635184,True,,resolved_oscillation,1.0,749.2,14.556001212726839,0.0005969215102775734,0.9970266939804009,1807.1698314625255,5.373268938325416,1700.225702568808,1052.2132940190027,0.6510277629471436,0.30326594090202175,6500.575058319153,41.12996233641116,9.713197548853445,0.01593345058932753,0.0016403919007297785,0.4272383914685625,4.133333333333334,37.74015427138902,0.7956155574800702,0.9362492024949612,40.0,80.0,0.0016403919007297785,0.4272383914685625
A,,46,0.9964774922142574,0.7068669270486545,0.375212687785102,0.3997873384363825,0.13524852246151498,0.06723370737678591,0.5138327539551703,0.3768147788965731,59.92954984428515,10.0,13.0,3.413733854097309,0.003077251283941284,0.8997873384363825,1.0,1.2431818481929522,40.0,1.0,0.003077251283941284,0.8997873384363825,0.3605103366391073,1.6323104399164237,0.11304443366897193,46,59.92954984428515,10.0,13.0,3.413733854097309,0.003077251283941284,0.8997873384363825,1.0,1.2431818481929522,40.0,1.0,0.003077251283941284,0.8997873384363825,0.3605103366391073,1.6323104399164237,0.11304443366897193,True,,resolved_oscillation,1.0,677.1666666666666,11.299378494017521,0.0006028771210394236,0.9850693259063886,470.23252564389776,7.020888588604827,494.27024262086167,283.3592028785784,0.604356386906227,0.32548322594978896,1217.2810486500089,23.167396089738578,1.6425816701975677,0.005863584171538783,0.003569736761298157,0.3939124638969118,3.95,6.133002588176024,0.9684678256956103,0.9896596193876054,40.0,80.0,0.003569736761298157,0.3939124638969118
A,,47,0.36135447392295206,0.6878005187327936,0.4760701006722087,0.3537843335240982,0.035015686851467165,0.6317049050261032,0.22250865784072882,0.07781224274133436,47.22708947845904,10.0,13.0,3.375601037465587,0.004162761037524378,0.8537843335240982,1.0,1.0579738047865839,40.0,1.0,0.004162761037524378,0.8537843335240982,0.8685344145234928,0.8346005415478409,0.023343672822400307,47,47.22708947845904,10.0,13.0,3.375601037465587,0.004162761037524378,0.8537843335240982,1.0,1.0579738047865839,40.0,1.0,0.004162761037524378,0.8537843335240982,0.8685344145234928,0.8346005415478409,0.023343672822400307,True,,resolved_oscillation,1.0,445.3333333333333,9.429616312401727,0.001122754491017964,0.967261877298279,249.38492279076658,8.164394202283335,283.5387559829089,134.95996010562388,0.5900074850299402,0.32548322594978896,1010.9381177174689,40.10799014001719,1.8302952274733109,0.009361030793840687,0.005114492270606758,0.4312375027771606,2.65,4.62967116613338,0.9934108682015418,0.9977097497164877,40.0,80.0,0.005114492270606758,0.4312375027771606
A,,48,0.14462614962212772,0.2012148931522557,0.5951396450376651,0.09776566282190036,0.303708843795952,0.5655754693836429,0.46791123586759553,0.8616507708534276,42.89252299244255,10.0,13.0,2.4024297863045114,0.005946953323288362,0.5977656628219004,1.0,1.63035947537973,40.0,1.0,0.005946953323288362,0.5977656628219004,0.8090179224452785,1.4685246480052399,0.25849523125602825,48,42.89252299244255,10.0,13.0,2.4024297863045114,0.005946953323288362,0.5977656628219004,1.0,1.6303594753797301,40.0,1.0,0.005946953323288362,0.5977656628219004,0.8090179224452785,1.4685246480052399,0.25849523125602825,True,,resolved_oscillation,1.0,323.2307692307692,7.535830179253407,0.00135670564623886,0.9297946108477918,149.98333590478686,10.52963846354192,183.38485575701807,62.143348530145744,0.6233936220847216,0.22817151744056877,695.4297515339733,76.03026398583758,1.4734433682207368,0.022269581409758606,0.015113971727770127,0.4370139968895801,2.05,3.001641101633308,0.922633729265521,0.9710108190750771,40.0,80.0,0.015113971727770127,0.4370139968895801
A,,49,0.40497024324456166,0.8760220927708037,0.29672674234775864,0.5899843875985493,0.0475287430060467,0.30095928254761795,0.4587922640517281,0.5060696597871368,48.099404864891234,10.0,13.0,3.7520441855416076,0.0024324862403586806,1.0899843875985493,1.0,1.079496318858968,40.0,1.0,0.0024324862403586806,1.0899843875985493,0.5708633542928561,1.4380111993712392,0.15182089793614104,49,48.099404864891234,10.0,13.0,3.7520441855416076,0.0024324862403586806,1.0899843875985493,1.0,1.079496318858968,40.0,1.0,0.0024324862403586806,1.0899843875985493,0.5708633542928561,1.4380111993712392,0.15182089793614104,True,,resolved_oscillation,1.0,533.8571428571429,11.09903842587492,0.0007079880414944047,0.9823473006861013,395.123910511868,6.975003583997831,412.2800075612326,267.3126640268464,0.5984747123360984,0.34547878249277936,1631.1841744101844,33.18090351193598,2.7171942188440688,0.0078284432054667,0.002881076056755717,0.44612308375916465,3.25,8.29715662953174,0.9267438151018317,0.974790485926939,40.0,80.0,0.002881076056755717,0.44612308375916465
A,,50,0.9975856292646897,0.5657544237723552,0.30706557444850346,0.4275679161838194,0.3166776682977941,0.5557163730357745,0.7210217811166746,0.015263045840949063,59.95171258529379,10.0,13.0,3.13150884754471,0.0025090049780829666,0.9275679161838194,1.0,1.6647468092951054,40.0,1.0,0.0025090049780829666,0.9275679161838194,0.8001447357321969,2.630218241651227,0.0045789137522847185,50,59.95171258529379,10.0,13.0,3.13150884754471,0.0025090049780829666,0.9275679161838194,1.0,1.6647468092951054,40.0,1.0,0.0025090049780829666,0.9275679161838194,0.8001447357321969,2.630218241651227,0.0045789137522847185,True,,resolved_oscillation,1.0,730.6,12.186474222242934,0.0007496886908091516,0.9902162681835835,673.4447401518129,6.5888027308215715,710.7310731472318,398.8790853163585,0.6135368190528332,0.3377027327260609,4673.6493119003235,62.427726975811,6.241062390478049,0.01763019990847984,0.002824871601248231,0.45478782492779385,4.116666666666666,24.259354379119454,0.9956759194176144,0.9985585096960192,40.0,80.0,0.002824871601248231,0.45478782492779385
A,,51,0.9268934724441079,0.6010086289668761,0.8318839924281232,0.564140076180349,0.1552169247113192,0.37544963365442785,0.22895891173032745,0.47424948218286234,58.53786944888216,10.0,13.0,3.2020172579337522,0.012086652251044236,1.064140076180349,1.0,1.283784046812436,40.0,1.0,0.012086652251044236,1.064140076180349,0.637904670288985,0.8470887540115423,0.1422748446548587,51,58.53786944888216,10.0,13.0,3.2020172579337522,0.012086652251044234,1.064140076180349,1.0,1.283784046812436,40.0,1.0,0.012086652251044236,1.064140076180349,0.637904670288985,0.8470887540115423,0.1422748446548587,True,,resolved_oscillation,1.0,551.5714285714286,9.4224718761431,0.0009690902322646831,0.9635806602621462,286.2559170757777,10.425251495953663,400.01402324995576,91.2680752059904,0.5892255892255892,0.22061764052432792,876.2058824944569,43.94807255396391,1.3451149255353017,0.02506164288452055,0.018631599730816326,0.3470339924461231,2.8916666666666666,3.870153176788016,0.9663938321560653,0.9896746246988573,40.0,80.0,0.018631599730816326,0.3470339924461231
A,,52,0.14798006523291785,0.030678042283148188,0.974311847035165,0.29119072017962766,0.04515025280363083,0.5388037075942974,0.6223009687936307,0.9397471766847376,42.95960130465836,10.0,13.0,2.061356084566296,0.018518633560568088,0.7911907201796277,1.0,1.0753718713717284,40.0,1.0,0.018518633560568088,0.7911907201796277,0.7849233368348676,2.095419461334317,0.2819241530054213,52,42.95960130465836,10.0,13.0,2.061356084566296,0.018518633560568088,0.7911907201796277,1.0,1.0753718713717284,40.0,1.0,0.018518633560568088,0.7911907201796277,0.7849233368348676,2.095419461334317,0.2819241530054213,True,,resolved_oscillation,1.0,269.7142857142857,6.278323762865999,0.0018091367877753528,0.2099703582222516,30.840196249994396,24.364669195738532,73.80585643729468,19.02951030318572,0.6644067796610169,0.0,587.2834954042954,481.1170937257893,1.009022331201791,0.712534846640255,0.7061636047158579,1.0,,3.8742876830668305,0.9403318777714585,0.9490282931800378,40.0,80.0,0.7061636047158579,1.0
A,,53,0.9465837550526778,0.5897803298867728,0.4516407049781953,0.47750599276686445,0.03580917778042536,0.1308974079005698,0.5193037732229046,0.09603869403120302,58.93167510105356,10.0,13.0,3.1795606597735455,0.0038689944295550852,0.9775059927668645,1.0,1.0593257791340285,40.0,1.0,0.0038689944295550852,0.9775059927668645,0.4178076671105128,1.6530035168600712,0.028811608209360906,53,58.93167510105356,10.0,13.0,3.1795606597735455,0.0038689944295550857,0.9775059927668645,1.0,1.0593257791340285,40.0,1.0,0.0038689944295550852,0.9775059927668645,0.4178076671105128,1.6530035168600712,0.028811608209360906,True,,resolved_oscillation,1.0,614.5,10.427329597305375,0.0008913304434583662,0.980499015438547,392.22088265107635,7.64869337725807,421.4094293835039,203.55939330705868,0.6034174125305125,0.2992668295934237,1429.3400091206106,37.93162451762047,2.029376867913348,0.00943343003735427,0.004648436762292428,0.4007998222617196,3.5166666666666666,6.790030880210838,0.990932107750575,0.9971325611732039,40.0,80.0,0.004648436762292428,0.4007998222617196
A,,54,0.26707177914853697,0.4436206392795494,0.17817196494572562,0.8842841371519518,0.8781615463568023,0.5249468382666946,0.10848811210481324,0.5642563382340674,45.34143558297074,10.0,13.0,2.887241278559099,0.001705324654201179,1.3842841371519516,1.0,4.109685422118879,40.0,1.0,0.001705324654201179,1.3842841371519516,0.7724521544400251,0.641886314712119,0.1692769014702202,54,45.34143558297074,10.0,13.0,2.887241278559099,0.0017053246542011787,1.3842841371519516,1.0,4.109685422118879,40.0,1.0,0.001705324654201179,1.3842841371519516,0.7724521544400251,0.641886314712119,0.1692769014702202,True,,resolved_oscillation,1.0,711.6,15.694253850825614,0.0007697056738408744,0.9971730699096706,1922.2923579548979,5.434186109112829,2031.8468373547832,1242.9415303972844,0.6357504215851602,0.3199289046878471,1277.1380050729658,5.885010964656433,2.1332926402058936,0.0042068687727081,0.0019720073530568576,0.3839146856254166,3.9,7.8155959179203025,0.9345256075540825,0.9794264300543198,40.0,80.0,0.0019720073530568576,0.3839146856254166
A,,55,0.03934806720952966,0.7974544171486171,0.9613679503326873,0.09528084265622816,0.8506665333513728,0.9500335252854892,0.896934550896485,0.9868204735962427,40.786961344190594,10.0,13.0,3.594908834297234,0.01781429091501406,0.5952808426562282,1.0,3.931790694711237,40.0,1.0,0.01781429091501406,0.5952808426562282,1.1550301727569403,3.943706218379895,0.2960461420788728,55,40.786961344190594,10.0,13.0,3.594908834297234,0.01781429091501406,0.5952808426562282,1.0,3.931790694711237,40.0,1.0,0.01781429091501406,0.5952808426562282,1.1550301727569403,3.943706218379895,0.2960461420788728,True,,resolved_oscillation,1.0,357.45454545454544,8.763941555686857,0.00146097727531486,0.9066568884105785,131.26859446699928,12.25301906151964,304.54006141358695,44.07512386235564,0.6048321464903357,0.14796711841812932,1835.826891123434,170.17941706354665,4.044223396637138,0.17401278871905773,0.04302749172158819,0.475672072872695,1.9833333333333334,8.36196353050866,0.7438289918075509,0.9088554051643392,40.0,80.0,0.04302749172158819,0.475672072872695
A,,56,0.8516256211406352,0.03206752876612384,0.37451105081748515,0.9271816890983423,0.27187136671284284,0.5778246572201604,0.8284226050920022,0.9634675135066714,57.0325124228127,10.0,13.0,2.0641350575322477,0.0030707899516370578,1.4271816890983424,1.0,1.5489233627326284,40.0,1.0,0.0030707899516370578,1.4271816890983424,0.8200421914981444,3.368159189736131,0.2890402540520014,56,57.0325124228127,10.0,13.0,2.0641350575322477,0.003070789951637058,1.4271816890983424,1.0,1.5489233627326284,40.0,1.0,0.0030707899516370578,1.4271816890983424,0.8200421914981444,3.368159189736131,0.2890402540520014,True,,resolved_oscillation,1.0,497.625,8.72528631232021,0.0010400385219929982,0.9752062298898436,409.68737890411427,10.157694689581135,403.21614988308187,150.46611697186597,0.6671690530017583,0.2003999111308598,3738.443242355295,239.46182316927002,5.739040624292191,0.054758653349787696,0.009541429819821357,0.48700288824705623,2.8833333333333333,16.304238447745366,0.6485753306885708,0.8801707554521588,40.0,80.0,0.009541429819821357,0.48700288824705623
A,,57,0.8296311980119584,0.33407868225380877,0.1063301011098382,0.7176518981589709,0.6864182526670649,0.11947963965489417,0.2941963935788431,0.10802242958869912,56.592623960239166,10.0,13.0,2.6681573645076178,0.0013751138332981391,1.2176518981589708,1.0,3.0184623908556323,40.0,1.0,0.0013751138332981391,1.2176518981589708,0.40753167568940474,0.9843881972846089,0.03240672887660973,57,56.592623960239166,10.0,13.0,2.6681573645076178,0.0013751138332981391,1.2176518981589708,1.0,3.0184623908556323,40.0,1.0,0.0013751138332981391,1.2176518981589708,0.40753167568940474,0.9843881972846089,0.03240672887660973,True,,resolved_oscillation,1.0,804.25,14.21121594512122,0.0006216972334473111,0.996196263238351,1515.2991280726153,5.763798998344473,1632.053576094585,894.3159882413008,0.631893068075847,0.32303932459453455,1129.3396424947869,6.888687154175738,1.5632501933474399,0.0024191584656472766,0.001547518417680187,0.3812486114196845,4.25,6.259161632751761,0.9921141143573976,0.9974761175858531,40.0,80.0,0.001547518417680187,0.3812486114196845
A,,58,0.8175887117605869,0.1733204554271618,0.2545619395517319,0.5238700721010965,0.44611669420234423,0.8290791619985357,0.35620338254456996,0.08649524189862356,56.351774235211735,10.0,13.0,2.3466409108543234,0.002143841724452986,1.0238700721010965,1.0,2.0503225475030376,40.0,1.0,0.002143841724452986,1.0238700721010965,1.046171245798682,1.1354640456404972,0.025948572569587068,58,56.351774235211735,10.0,13.0,2.3466409108543234,0.002143841724452986,1.0238700721010965,1.0,2.0503225475030376,40.0,1.0,0.002143841724452986,1.0238700721010965,1.046171245798682,1.1354640456404972,0.025948572569587068,True,,resolved_oscillation,1.0,605.8571428571429,10.75134103725468,0.0006238508160963429,0.9878062519561734,647.9859498243351,7.9013774080975745,714.4641860816628,275.6045383069253,0.6292737561895779,0.2428349255720951,2154.7285524143767,46.83693226997344,3.2918419061443576,0.009822342791284987,0.0029838440214735654,0.37791601866251945,3.1166666666666667,9.853723778762587,0.9867916009162883,0.9963078144738288,40.0,80.0,0.0029838440214735654,0.37791601866251945
A,,59,0.7632201581925808,0.41076796078383804,0.9080229332326699,0.6981208695971955,0.883495417972424,0.0023260163113936194,0.593721283602114,0.15498968034379434,55.26440316385162,10.0,13.0,2.8215359215676763,0.015183261534167925,1.1981208695971954,1.0,4.145117025610558,40.0,1.0,0.015183261534167925,1.1981208695971954,0.30209341468025425,1.9619651459925174,0.0464969041031383,59,55.26440316385162,10.0,13.0,2.8215359215676763,0.015183261534167925,1.1981208695971954,1.0,4.145117025610558,40.0,1.0,0.015183261534167925,1.1981208695971954,0.30209341468025425,1.9619651459925174,0.0464969041031383,True,,steady_state,0.0,,,,,28.643561759778216,28.64194333141337,303.79204812966515,41.95704698820041,,0.0,226.0264098300583,225.97217924251564,0.28241448960831905,0.2823781349782564,0.999871272079159,0.0,,,0.9979257144960073,0.997925942807508,40.0,80.0,,
A,,60,0.8280144790383384,0.1290319770518289,0.27037002179377156,0.05826084057960823,0.6204055522340386,0.6363897540415864,0.7583621634069664,0.7263645287172044,56.560289580766764,10.0,13.0,2.258063954103658,0.0022478095306631353,0.5582608405796082,1.0,2.7142189076850296,40.0,1.0,0.0022478095306631353,0.5582608405796082,0.8727507786374276,2.8663694586221045,0.2179093586151613,60,56.560289580766764,10.0,13.0,2.258063954103658,0.0022478095306631353,0.5582608405796082,1.0,2.7142189076850296,40.0,1.0,0.0022478095306631353,0.5582608405796082,0.8727507786374276,2.8663694586221045,0.2179093586151613,True,,resolved_oscillation,1.0,541.5714285714286,9.57511767683009,0.0009869842750656664,0.9798994787299928,418.2378656068664,8.40679911355324,431.51035176385477,173.56074576585468,0.6398048008441044,0.251721839591202,2069.2551649674083,82.02582387685767,3.1672371525275658,0.013254587430229503,0.004184905263457105,0.4219062430570984,3.05,9.356009225322618,0.8670834671628755,0.9580732373771629,40.0,80.0,0.004184905263457105,0.4219062430570984
A,,61,0.9131071740257232,0.3467664824287139,0.6967110274247541,0.42067994138386644,0.8075253340418616,0.5978871921920309,0.8383470861435001,0.23413978590216944,58.26214348051447,10.0,13.0,2.693532964857428,0.008061984242855116,0.9206799413838664,1.0,3.668056243576292,40.0,1.0,0.008061984242855116,0.9206799413838664,0.8380984729728278,3.4460144203111054,0.07024193577065083,61,58.26214348051447,10.0,13.0,2.693532964857428,0.008061984242855116,0.9206799413838664,1.0,3.668056243576292,40.0,1.0,0.008061984242855123,0.9206799413838664,0.8380984729728278,3.4460144203111054,0.07024193577065083,True,,resolved_oscillation,1.0,586.4285714285714,10.065344946066052,0.0009114877921495594,0.9679367014586238,367.89477814522553,11.795920103483757,785.6310693952777,120.21587235800263,0.5917174177831912,0.1206398578093757,3219.4882988340833,124.63573907907805,5.107229191020929,0.07813281958378777,0.015298475290898218,0.37102866029771164,2.675,13.789224300269476,0.9418845649969666,0.9851523865781354,40.0,80.0,0.015298475290898218,0.37102866029771164
A,,62,0.6035793947217766,0.801443232262474,0.719759264994655,0.17571134764486795,0.9266508551756341,0.7688117586288268,0.1640253001230495,0.2529447290764799,52.07158789443553,10.0,13.0,3.602886464524948,0.008638302203949583,0.675711347644868,1.0,4.443254120010725,40.0,1.0,0.008638302203949583,0.675711347644868,0.9919305827659439,0.729449623488276,0.07588341872294398,62,52.07158789443553,10.0,13.0,3.602886464524948,0.008638302203949583,0.675711347644868,1.0,4.443254120010725,40.0,1.0,0.008638302203949583,0.675711347644868,0.9919305827659439,0.729449623488276,0.07588341872294398,True,,resolved_oscillation,1.0,636.3333333333334,12.220355842102775,0.0008115208687705432,0.9795386099094125,462.35255137492845,9.46037591306076,961.0250163786467,153.33410164913147,0.5751702462022,0.2577205065540991,816.1974615031861,17.07962043421243,1.3146955788919266,0.015178477315998182,0.011545241012213,0.3377027327260609,3.183333333333333,4.053305109113389,0.9837398347154501,0.9951799547391031,40.0,80.0,0.011545241012213,0.3377027327260609
A,,63,0.23882183258880485,0.795319499099534,0.45777040814547443,0.27872231544097936,0.37067281232794935,0.47539633003037374,0.4496059197472574,0.48745477977191454,44.776436651776095,10.0,13.0,3.590638998199068,0.003940696898888916,0.7787223154409794,1.0,1.8158884957389456,40.0,1.0,0.003940696898888916,0.7787223154409794,0.7278566970273364,1.4079133405994118,0.14623643393157434,63,44.776436651776095,10.0,13.0,3.590638998199068,0.003940696898888916,0.7787223154409794,1.0,1.8158884957389456,40.0,1.0,0.003940696898888916,0.7787223154409794,0.7278566970273364,1.4079133405994118,0.14623643393157434,True,,resolved_oscillation,1.0,516.0,11.523918350468659,0.0,0.9843731532432466,443.91935361811335,6.937059711347289,465.4259668377314,281.1575636627692,0.6046511627906976,0.35192179515663186,1366.9435647832738,26.749490968579124,2.4330811982664073,0.011305989234023464,0.00464677843143052,0.44590091090868694,3.1166666666666667,7.125264022533349,0.9372297005199284,0.9779554995342257,40.0,80.0,0.00464677843143052,0.44590091090868694
B,,0,0.9802780672764386,0.9365605507301817,0.47786896203179285,0.7927272840441534,0.3994382610594617,0.19973009557989685,0.7254448090198692,0.3997538771305864,59.60556134552877,10.0,13.0,3.8731211014603635,0.004185254322422262,1.2927272840441533,1.0,1.9019336535060298,40.0,1.0,0.004185254322422262,1.2927272840441533,0.47975708602190714,2.6571423013092192,0.11992616313917592,64,59.60556134552877,10.0,13.0,3.8731211014603635,0.004185254322422262,1.2927272840441533,1.0,1.9019336535060298,40.0,1.0,0.004185254322422262,1.2927272840441533,0.47975708602190714,2.6571423013092192,0.11992616313917592,True,,resolved_oscillation,1.0,865.25,14.516262920236814,0.0005778676683039584,0.9939240096240693,1091.9354157256346,6.63458907708671,1115.8770806985376,672.3907424044038,0.6188962727535394,0.3177071761830704,3891.065575783563,35.31023289044002,4.954169476365202,0.024772090497953893,0.005000250923214035,0.4094645634303488,4.983333333333333,23.287461413320976,0.8983177106338068,0.9680332400159988,40.0,80.0,0.005000250923214035,0.4094645634303488
B,,1,0.665254330522999,0.02079818871577932,0.15468014876605174,0.41520101595177894,0.45687872511067984,0.691664712700726,0.43958862874636206,0.05770173552839242,53.30508661045998,10.0,13.0,2.0415963774315586,0.0015894377124791937,0.9152010159517789,1.0,2.0861451593585314,40.0,1.0,0.0015894377124791937,0.9152010159517789,0.9224982414306533,1.3758105427013385,0.017310520658517726,65,53.30508661045998,10.0,13.0,2.0415963774315586,0.0015894377124791937,0.9152010159517789,1.0,2.0861451593585314,40.0,1.0,0.0015894377124791937,0.9152010159517789,0.9224982414306533,1.3758105427013385,0.017310520658517726,True,,resolved_oscillation,1.0,480.25,9.009459144294144,0.0009638939091853736,0.9755082698504061,408.7530757407817,10.011070028859738,477.6013059815137,158.60595062324802,0.6350858927641854,0.209064652299489,1512.6630094959582,68.77350781562356,2.6140249007321117,0.010286187983544406,0.003934999999680013,0.42168407020662074,2.45,6.312713795467938,0.9930644138299439,0.9977979365752441,40.0,80.0,0.003934999999680013,0.42168407020662074
B,,2,0.7096989007563954,0.748374936637534,0.9324933130897892,0.07415943126075175,0.11546543112722196,0.331031166249669,0.21573573669677326,0.3276081090327728,54.19397801512791,10.0,13.0,3.4967498732750677,0.016338108320918258,0.5741594312607518,1.0,1.2042228756622744,40.0,1.0,0.016338108320918258,0.5741594312607518,0.597928049624702,0.8216857229461282,0.09828243270983185,66,54.19397801512791,10.0,13.0,3.4967498732750677,0.016338108320918258,0.5741594312607518,1.0,1.2042228756622744,40.0,1.0,0.016338108320918258,0.5741594312607518,0.597928049624702,0.8216857229461282,0.09828243270983185,True,,resolved_oscillation,1.0,443.44444444444446,8.182540951702414,0.001188528311263485,0.9316541538050394,152.06411763070477,10.392950795360537,195.31421890494406,58.95840055085684,0.5795539964921073,0.26638524772272826,414.6847292748083,35.25138897210243,0.6927896823979756,0.01674073468788305,0.02416423788232209,0.26816263052654965,2.625,1.826595333228333,0.9886267023351548,0.9958873980050349,40.0,80.0,0.02416423788232209,0.26816263052654965
B,,3,0.6840908365294572,0.5483415903196364,0.9623145717884646,0.5463243052771948,0.5113272658778146,0.47792693670353503,0.10034101852976296,0.7915956721715188,53.68181673058915,10.0,13.0,3.096683180639273,0.017864880814811468,1.0463243052771949,1.0,2.277206533911556,40.0,1.0,0.017864880814811468,1.0463243052771949,0.7301342430331814,0.6299571693430143,0.23747870165145563,67,53.68181673058915,10.0,13.0,3.096683180639273,0.017864880814811468,1.0463243052771949,1.0,2.2772065339115555,40.0,1.0,0.017864880814811468,1.0463243052771949,0.7301342430331814,0.6299571693430143,0.23747870165145563,True,,resolved_oscillation,1.0,333.8333333333333,6.218741347907984,0.009458260694183197,0.48461207327589084,47.61341312134612,24.539378272869072,141.61269262682796,29.43934647145252,0.6212680978532201,0.0,148.92430091205563,65.60750680953484,0.23750776817732394,0.060681736333169735,0.25549369100157004,0.0,2.35,0.6845552587459001,0.988858847126265,0.9941108401916827,40.0,80.0,0.25549369100157004,0.0
B,,4,0.7004350141589082,0.9107167545926377,0.04245012290957495,0.5087196443573747,0.7714507301125303,0.5398995554855364,0.009376855696073272,0.8388465496092739,54.008700283178165,10.0,13.0,3.821433509185275,0.0011356091502472748,1.0087196443573747,1.0,3.461153976271422,40.0,1.0,0.0011356091502472748,1.0087196443573747,0.7859095999369827,0.5109128902873099,0.25165396488278213,68,54.008700283178165,10.0,13.0,3.821433509185275,0.0011356091502472748,1.0087196443573747,1.0,3.461153976271422,40.0,1.0,0.0011356091502472748,1.0087196443573747,0.7859095999369827,0.5109128902873099,0.25165396488278213,True,,resolved_oscillation,1.0,880.0,16.293671119393508,0.0,0.9970587446695395,1663.996426724773,4.894238359971401,1611.7206172528456,1409.3515737972941,0.6238636363636364,0.3383692512774939,973.4248619193177,3.090848192529558,1.3260334367106323,0.0016527255436460356,0.001246367925491983,0.36636303043768054,5.183333333333334,6.425867771021655,0.932836175525551,0.9783045890534465,40.0,80.0,0.001246367925491983,0.36636303043768054
B,,5,0.8085897594519936,0.1475792402480388,0.7769191629275235,0.6918561179733094,0.7150879301443966,0.27376950690605395,0.6087485979261583,0.5197929957531398,56.17179518903987,10.0,13.0,2.2951584804960774,0.010251682211611865,1.1918561179733094,1.0,3.1610037687517183,40.0,1.0,0.010251682211611865,1.1918561179733094,0.5463925562154486,2.031040587518792,0.1559378987259419,69,56.17179518903987,10.0,13.0,2.2951584804960774,0.010251682211611865,1.1918561179733094,1.0,3.1610037687517183,40.0,1.0,0.010251682211611865,1.1918561179733094,0.5463925562154486,2.031040587518792,0.1559378987259419,True,,resolved_oscillation,1.0,434.1111111111111,7.728275545585803,0.0007678525723061174,0.8897681826452526,175.52755342862383,19.34872121026974,406.8912832576483,74.80247361271323,0.6058356795495266,0.0,744.269373063365,95.30673517718729,1.3421976929670245,0.060578105451329,0.04513351927868148,0.3377027327260609,1.9833333333333334,3.0245995014992304,0.9626514803598533,0.9879092616202055,40.0,80.0,0.04513351927868148,0.3377027327260609
B,,6,0.37320422566866895,0.09958024283173095,0.363467990504595,0.5494008121557732,0.7361033186425251,0.002820966787455248,0.10061605529634232,0.35616403306702693,47.46408451337338,10.0,13.0,2.199160485663462,0.0029708639107515577,1.0494008121557732,1.0,3.269746923509087,40.0,1.0,0.0029708639107515577,1.0494008121557732,0.3025388701087097,0.6303562447735734,0.10684920992010807,70,47.46408451337338,10.0,13.0,2.199160485663462,0.0029708639107515577,1.0494008121557732,1.0,3.269746923509087,40.0,1.0,0.0029708639107515577,1.0494008121557732,0.3025388701087097,0.6303562447735734,0.10684920992010807,True,,resolved_oscillation,1.0,524.2857142857143,11.045945996029749,0.0009306948924577292,0.9882000763009685,721.3740349423579,8.512158570782221,916.6583306074403,289.0106889877031,0.6305722070844686,0.23972450566540768,278.72573337930106,5.9133273388071546,0.511681308205933,0.002241076560581429,0.00437982885956717,0.06776271939568984,2.55,1.266350953575966,0.9907801106621671,0.9972649941834141,40.0,80.0,0.00437982885956717,0.06776271939568984
B,,7,0.5788677178703376,0.08481535090608328,0.5375745800731083,0.01990500536566875,0.20306399052740443,0.6930610959975307,0.6547970952093067,0.9068625485334565,51.577354357406755,10.0,13.0,2.1696307018121663,0.005004960491687239,0.5199050053656687,1.0,1.386550329381649,40.0,1.0,0.005004960491687239,0.5199050053656687,0.9237549863977776,2.2582244203983493,0.2720587645600369,71,51.577354357406755,10.0,13.0,2.1696307018121663,0.00500496049168724,0.5199050053656687,1.0,1.386550329381649,40.0,1.0,0.005004960491687239,0.5199050053656687,0.9237549863977776,2.2582244203983493,0.2720587645600369,True,,resolved_oscillation,1.0,334.9166666666667,6.493482863542245,0.0008619312304398494,0.8521768177260549,88.83892690113991,13.132452884328886,125.96984240500663,38.9840683240327,0.6367255536203036,0.0,985.6448222219535,213.86691497149081,1.7447006567897323,0.07841677260432686,0.04494568870548519,0.5412130637636081,2.3333333333333335,4.28005256869928,0.9017874579071375,0.9561621217035816,40.0,80.0,0.04494568870548519,0.5412130637636081
B,,8,0.7148681274164026,0.5200085828287254,0.384855064065732,0.25917585793441733,0.9888775449978552,0.25749265166909796,0.9671001400155134,0.6348097497618232,54.29736254832805,10.0,13.0,3.040017165657451,0.0031674369764019823,0.7591758579344173,1.0,4.911291842966305,40.0,1.0,0.0031674369764019823,0.7591758579344173,0.5317433865021881,4.635217786405643,0.19044292492854697,72,54.29736254832805,10.0,13.0,3.040017165657451,0.0031674369764019823,0.7591758579344173,1.0,4.911291842966305,40.0,1.0,0.0031674369764019823,0.7591758579344173,0.5317433865021881,4.635217786405643,0.19044292492854697,True,,resolved_oscillation,1.0,792.25,14.590948120083143,0.0006311139160618492,0.9953493186151242,1322.8304611873252,6.152063001190501,1364.6007730182205,741.7894569937904,0.635153045124645,0.3321484114641191,3564.0018363804984,30.6462742378137,5.01159859278119,0.021287190305941135,0.0042475848597698235,0.4416796267496112,4.466666666666667,21.190868994889623,0.8224284945885313,0.9399994492162841,40.0,80.0,0.0042475848597698235,0.4416796267496112
B,,9,0.913681446634874,0.1899719645774942,0.24797138248978323,0.6308310704408406,0.35743486819742876,0.7916621458442011,0.8514637314705688,0.30098271445862734,58.27362893269748,10.0,13.0,2.3799439291549884,0.002101929796448485,1.1308310704408406,1.0,1.7776090448066182,40.0,1.0,0.002101929796448485,1.1308310704408406,1.012495931259781,3.5516792320124817,0.0902948143375882,73,58.27362893269748,10.0,13.0,2.3799439291549884,0.002101929796448485,1.1308310704408406,1.0,1.7776090448066182,40.0,1.0,0.002101929796448485,1.1308310704408406,1.012495931259781,3.5516792320124817,0.0902948143375882,True,,resolved_oscillation,1.0,621.3333333333334,10.66234152074064,0.0008311123060530937,0.9880411862821379,642.962418298181,7.689067788014087,637.2312055037094,275.9322698317701,0.6389484978540773,0.26016440790935347,6701.399258368835,162.1631558942797,9.704755585342923,0.03206052451026618,0.003303589073246434,0.4514552321706288,3.3833333333333333,31.38864707925536,0.8549137122736964,0.9559675269489664,40.0,80.0,0.003303589073246434,0.4514552321706288
B,,10,0.02318134055244625,0.2571126544608392,0.7634478664401391,0.20057062470370945,0.7913746337574993,0.09570569937334283,0.3062416523778422,0.5991570948108222,40.463626811048925,10.0,13.0,2.514225308921678,0.009846198215116153,0.7005706247037095,1.0,3.5739389629298075,40.0,1.0,0.009846198215116153,0.7005706247037095,0.38613512943600853,1.0120725753424287,0.17974712844324667,74,40.463626811048925,10.0,13.0,2.514225308921678,0.009846198215116153,0.7005706247037095,1.0,3.5739389629298075,40.0,1.0,0.009846198215116153,0.7005706247037095,0.38613512943600853,1.0120725753424287,0.17974712844324667,True,,resolved_oscillation,1.0,394.8181818181818,9.757360200603014,0.0010245726668794376,0.9664942338946136,307.2457428240084,10.294503995936935,494.4162522214127,112.86751139880901,0.6085079438176375,0.20173294823372584,282.1746960350336,13.479555349284341,0.6224353758064779,0.010026699721173229,0.01610882046699518,0.1895134414574539,2.05,1.2784364252198244,0.9794558538122495,0.9937895609244218,40.0,80.0,0.01610882046699518,0.1895134414574539
B,,11,0.3134177590478612,0.9865957083484826,0.13225541791154705,0.9272630392492941,0.16134576387323452,0.3013812263476363,0.8525769204732426,0.05121083123259895,46.26835518095722,10.0,13.0,3.9731914166969653,0.0014861692315923675,1.427263039249294,1.0,1.2965099356253338,40.0,1.0,0.0014861692315923675,1.427263039249294,0.5712431037128727,3.5607946176163146,0.015363249369779685,75,46.26835518095722,10.0,13.0,3.9731914166969653,0.0014861692315923675,1.427263039249294,1.0,1.2965099356253338,40.0,1.0,0.0014861692315923675,1.427263039249294,0.5712431037128727,3.5607946176163146,0.015363249369779685,True,,resolved_oscillation,1.0,607.7142857142857,13.134555644727222,0.0008029267172825262,0.9912041503531805,683.5302437100421,6.012229252727381,717.9614839599285,537.064519294199,0.6039022096850024,0.3290379915574317,5853.866752326471,51.65281160965968,9.732976827998039,0.01550536440986314,0.0015930752414061193,0.43168184847811597,3.6083333333333334,32.905798119731905,0.9771265141126494,0.9927819499818623,40.0,80.0,0.0015930752414061193,0.43168184847811597
B,,12,0.30124927776650634,0.3423950060306923,0.7198462530358413,0.919223597732741,0.8688052552887857,0.6035006516923996,0.5906802403714907,0.07186662466793137,46.024985555330126,10.0,13.0,2.6847900120613843,0.008640553577353108,1.419223597732741,1.0,4.048263875045685,40.0,1.0,0.008640553577353108,1.419223597732741,0.8431505865231597,1.9482749414692253,0.02155998740037941,76,46.024985555330126,10.0,13.0,2.6847900120613843,0.008640553577353108,1.419223597732741,1.0,4.048263875045685,40.0,1.0,0.008640553577353108,1.419223597732741,0.8431505865231597,1.9482749414692253,0.02155998740037941,True,,resolved_oscillation,1.0,436.8888888888889,9.492428593240332,0.0007629704984740591,0.9368857465913368,235.40173329568893,14.857204648062655,764.7775413095167,87.36927722626177,0.5731434384537131,0.0,1620.5631513451112,88.51097030290414,3.443982860035168,0.0758579133351904,0.022026216859399754,0.38769162408353697,1.8666666666666667,6.751487367108736,0.9885697716385539,0.9967851798098916,40.0,80.0,0.022026216859399754,0.38769162408353697
B,,13,0.9236104707096142,0.9531958405877187,0.14102031458813258,0.18190918659667188,0.7481705491920402,0.7056082297905188,0.17340260889187442,0.7907605266364194,58.472209414192285,10.0,13.0,3.906391681175437,0.0015257088284907083,0.6819091865966719,1.0,3.3338708517021596,40.0,1.0,0.0015257088284907083,0.6819091865966719,0.9350474068114669,0.7453712085103538,0.2372281579909258,77,58.472209414192285,10.0,13.0,3.906391681175437,0.0015257088284907083,0.6819091865966719,1.0,3.3338708517021596,40.0,1.0,0.0015257088284907083,0.6819091865966719,0.9350474068114669,0.7453712085103538,0.2372281579909258,True,,resolved_oscillation,1.0,877.5,15.007129177968338,0.0006579490247175222,0.9952958766714785,1132.5268175817641,5.327545822762698,1108.671270366904,930.8529209017801,0.617948717948718,0.3405909797822706,1206.591033855682,6.08929165753304,1.5377254206690742,0.0026053965126157422,0.0016943184248603483,0.3812486114196845,5.233333333333333,7.535578049482291,0.9279672482686457,0.9764689380186439,40.0,80.0,0.0016943184248603483,0.3812486114196845
B,,14,0.2951833778023464,0.8875223159977081,0.1709903108192089,0.6395807765362228,0.4498605311776427,0.941200002394911,0.12115695723142272,0.8081000264592635,45.903667556046926,10.0,13.0,3.7750446319954163,0.0016690276186843544,1.139580776536223,1.0,2.0627140057034645,40.0,1.0,0.0016690276186843544,1.139580776536223,1.1470800021554197,0.6608866232413855,0.24243000793777902,78,45.903667556046926,10.0,13.0,3.7750446319954163,0.0016690276186843544,1.139580776536223,1.0,2.0627140057034645,40.0,1.0,0.0016690276186843544,1.139580776536223,1.1470800021554197,0.6608866232413855,0.24243000793777902,True,,resolved_oscillation,1.0,637.8333333333334,13.895040795042336,0.0006400548060577941,0.9936423127096963,882.8954239583287,5.613173015567268,828.561591588014,691.0257832427169,0.6189704729553174,0.34792268384803376,1584.9652455281466,11.905844807830487,2.605325934828686,0.0051804476987521424,0.001988406759207571,0.41879582315041103,3.8833333333333333,9.444563138528103,0.8744243882915279,0.9575193227365,40.0,80.0,0.001988406759207571,0.41879582315041103
B,,15,0.4460490341746831,0.37070593599952484,0.555785112724198,0.1671308193529456,0.23139429147905755,0.7656043262613,0.3432568450670147,0.3386597329322474,48.92098068349366,10.0,13.0,2.7414118719990497,0.005285585504870691,0.6671308193529456,1.0,1.4512347494704014,40.0,1.0,0.005285585504870691,0.6671308193529456,0.98904389363517,1.1021148379412833,0.10159791987967422,79,48.92098068349366,10.0,13.0,2.7414118719990497,0.005285585504870691,0.6671308193529456,1.0,1.4512347494704014,40.0,1.0,0.005285585504870691,0.6671308193529456,0.98904389363517,1.1021148379412833,0.10159791987967422,True,,resolved_oscillation,1.0,422.1,8.628199886892702,0.0007491773655930773,0.9607482983406311,231.40854397339234,9.08317912947253,260.0033112014741,99.37022680073201,0.6088604596067282,0.2637191735169962,1016.3598382029712,59.566633667639096,1.8450259187185367,0.014779207446285211,0.008010298010637225,0.4099089091313042,2.4833333333333334,4.452976608520279,0.9685734891024459,0.9896465170867117,40.0,80.0,0.008010298010637225,0.4099089091313042
B,,16,0.8485639473755167,0.22533698425051674,0.2582235806854113,0.804895963470704,0.6173619000491285,0.9656125780873874,0.7851462654148967,0.057302385115948984,56.971278947510335,10.0,13.0,2.4506739685010333,0.0021674876122947493,1.304895963470704,1.0,2.7009556305537936,40.0,1.0,0.0021674876122947493,1.304895963470704,1.1690513202786486,3.0487110843459164,0.017190715534784694,80,56.971278947510335,10.0,13.0,2.4506739685010333,0.0021674876122947493,1.304895963470704,1.0,2.7009556305537936,40.0,1.0,0.0021674876122947493,1.304895963470704,1.1690513202786486,3.048711084345915,0.017190715534784694,True,,resolved_oscillation,1.0,724.2,12.711668289336304,0.0006175277485500661,0.9939475985095397,1157.6655811145874,7.006656888592484,1335.0542550439825,532.0849944927471,0.6317315658657828,0.29171295267718284,9165.094810240029,100.18845328931118,13.220475742527263,0.03649948239786417,0.002760829724187129,0.4474561208620307,3.6333333333333333,45.72003373263624,0.9651701652053524,0.9892584346595131,40.0,80.0,0.002760829724187129,0.4474561208620307
B,,17,0.14176045233543655,0.20746810818249695,0.9645578474083332,0.6215121286396251,0.8729900824691754,0.8853328332739676,0.4546634412779692,0.41261675467445547,42.835209046708734,10.0,13.0,2.414936216364994,0.01798534164708411,1.1215121286396252,1.0,4.075621848481528,40.0,1.0,0.01798534164708411,1.1215121286396252,1.0967995499465708,1.4244048561220346,0.12378502640233663,81,42.835209046708734,10.0,13.0,2.414936216364994,0.01798534164708411,1.1215121286396252,1.0,4.075621848481528,40.0,1.0,0.01798534164708411,1.1215121286396252,1.0967995499465708,1.4244048561220346,0.12378502640233663,True,,unresolved_oscillation,0.0,,,,0.02838251240348033,41.15092196014715,39.982955407198624,152.0723385649031,40.14462223923991,,0.0,303.3422301143327,294.1355042732142,0.4925928055654313,0.4686892634539293,0.9514740332350898,0.0,3.4833333333333334,2.7781264569814863,0.9895184590539633,0.9897157935987652,40.0,80.0,,
B,,18,0.06469307434621363,0.8065255922693085,0.3420358318316574,0.4638268686678979,0.37237180504774037,0.36211819417897295,0.29985948407586593,0.2679041471882355,41.29386148692427,10.0,13.0,3.613051184538617,0.0027861139630266174,0.9638268686678979,1.0,1.8208606985003681,40.0,1.0,0.0027861139630266174,0.9638268686678979,0.6259063747610756,0.9973084262635318,0.08037124415647065,82,41.29386148692427,10.0,13.0,3.613051184538617,0.0027861139630266174,0.9638268686678979,1.0,1.8208606985003681,40.0,1.0,0.0027861139630266174,0.9638268686678979,0.6259063747610756,0.9973084262635318,0.08037124415647065,True,,resolved_oscillation,1.0,505.125,12.23244767651357,0.0006999324733348652,0.9879469705181869,538.6434768465551,6.492285706617848,573.637527289761,370.5280449285966,0.6048007918831972,0.3459231281937347,1023.646410660021,14.262465707622814,1.9482730081747115,0.006026153049221507,0.0030930742375101013,0.418129304598978,3.0,5.499335438696309,0.974354120941011,0.9913226643206521,40.0,80.0,0.0030930742375101013,0.418129304598978
B,,19,0.9211279934052016,0.771983960119892,0.8482779207361689,0.9669988305911175,0.11635908913161286,0.6694719155660247,0.5596588598124299,0.8695028981475801,58.42255986810403,10.0,13.0,3.5439679202397842,0.012695067651022442,1.4669988305911175,1.0,1.2059561400244379,40.0,1.0,0.012695067651022442,1.4669988305911175,0.9025247240094221,1.8139648368818557,0.260850869444274,83,58.42255986810403,10.0,13.0,3.5439679202397842,0.012695067651022443,1.4669988305911175,1.0,1.2059561400244379,40.0,1.0,0.012695067651022442,1.4669988305911175,0.9025247240094221,1.8139648368818557,0.260850869444274,True,,resolved_oscillation,1.0,542.5,9.285796466720376,0.000985294901059629,0.9589491853913931,268.51266476309473,11.022663621252844,397.31010439795125,75.07061765906765,0.5935483870967742,0.19329037991557432,2806.235777712896,161.05406737036725,4.302585215399683,0.10911390701054936,0.025360080404686042,0.40213285936458565,2.8333333333333335,12.230772279818844,0.771298335012018,0.9304638840871765,40.0,80.0,0.025360080404686042,0.40213285936458565
B,,20,0.21333075616474662,0.5149117045763686,0.3392785329075354,0.6350116725887508,0.7559727314723682,0.5594185109581522,0.06584243989361571,0.680756433492964,44.26661512329493,10.0,13.0,3.029823409152737,0.0027631950879877295,1.135011672588751,1.0,3.3759986430652895,40.0,1.0,0.0027631950879877295,1.135011672588751,0.8034766598623369,0.5818518831335174,0.2042269300478892,84,44.26661512329493,10.0,13.0,3.029823409152737,0.0027631950879877295,1.135011672588751,1.0,3.3759986430652895,40.0,1.0,0.0027631950879877295,1.135011672588751,0.8034766598623369,0.5818518831335174,0.2042269300478892,True,,resolved_oscillation,1.0,634.6666666666666,14.337366091781403,0.0008136519634889531,0.9950578286979633,1219.7189294662232,6.028059889758862,1298.1402075995077,730.8890649993638,0.6283613445378151,0.3134858920239947,936.3754253351386,7.293279879219875,1.6285066495473965,0.005269746600265961,0.003235938030545075,0.37036214174627863,3.55,5.429810415178707,0.9370504057844575,0.9804118850112262,40.0,80.0,0.003235938030545075,0.37036214174627863
B,,21,0.8219258454434447,0.551202541840573,0.7688011802685706,0.9808370020079306,0.2087434045727422,0.03588457734213568,0.4061747243651417,0.5435657608721537,56.43851690886889,10.0,13.0,3.102405083681146,0.010005375591160541,1.4808370020079304,1.0,1.3992824216985893,40.0,1.0,0.010005375591160541,1.4808370020079304,0.3322961196079221,1.2739275468319275,0.1630697282616461,85,56.43851690886889,10.0,13.0,3.102405083681146,0.010005375591160541,1.4808370020079304,1.0,1.3992824216985893,40.0,1.0,0.010005375591160541,1.4808370020079304,0.3322961196079221,1.2739275468319275,0.1630697282616461,True,,resolved_oscillation,1.0,559.4285714285714,9.912177039164213,0.000955479414395797,0.9695807268059836,350.42352630695586,10.659628980341898,559.8993719748157,107.15963425063715,0.5881001021450459,0.20017773828038213,881.4314242258604,35.46266428099857,1.4093010034187883,0.022604834898807734,0.01603974938212009,0.33459231281937346,2.7583333333333333,3.862134654808394,0.9586412447424533,0.9879091264119427,40.0,80.0,0.01603974938212009,0.33459231281937346
B,,22,0.17988736384263693,0.35847125396396795,0.8926450621023228,0.024579134368412636,0.9762191652072145,0.18150932226137295,0.088420945524749,0.9938276337972217,43.597747276852736,10.0,13.0,2.7169425079279357,0.01449966609700367,0.5245791343684126,1.0,4.812247041028516,40.0,1.0,0.01449966609700367,0.5245791343684126,0.4633583900352356,0.612901874866561,0.2981482901391665,86,43.597747276852736,10.0,13.0,2.7169425079279357,0.01449966609700367,0.5245791343684126,1.0,4.812247041028516,40.0,1.0,0.01449966609700367,0.5245791343684126,0.4633583900352356,0.612901874866561,0.2981482901391665,True,,resolved_oscillation,1.0,402.6,9.234422077898314,0.0012826571770847548,0.9279386337788635,174.43788786238684,12.570232520092999,428.1261313297831,66.44586554584795,0.5866865375062096,0.09931126416351922,132.1644886003036,9.662552607599393,0.2785104176567805,0.008213117422416125,0.02948944420649097,0.0,2.066666666666667,0.6032995559152522,0.9821799863285687,0.9943187353018511,40.0,80.0,0.02948944420649097,0.0
B,,23,0.9779841357746459,0.13951520962370778,0.2952708891667314,0.23148635367058323,0.2832990918645446,0.12880927764630468,0.7669995719725586,0.3049669992990578,59.55968271549292,10.0,13.0,2.2790304192474156,0.002421900426329077,0.7314863536705832,1.0,1.5776750863000566,40.0,1.0,0.002421900426329077,0.7314863536705832,0.41592834988167415,2.9239475389671603,0.09149009978971734,87,59.55968271549292,10.0,13.0,2.2790304192474156,0.002421900426329077,0.7314863536705832,1.0,1.5776750863000566,40.0,1.0,0.002421900426329077,0.7314863536705832,0.41592834988167415,2.9239475389671603,0.09149009978971734,True,,resolved_oscillation,1.0,512.7142857142857,8.608411971625836,0.000951699708921668,0.9688910219263938,307.5869955892062,9.568717101511048,338.1732113828208,121.05949156939651,0.6280300919476178,0.23950233281493002,1355.2487702240091,74.40648623031643,2.0679477801261905,0.010103375106127906,0.004885701275063811,0.4232392801599644,2.8333333333333335,5.727246029633916,0.9686336754125209,0.9895826314847257,40.0,80.0,0.004885701275063811,0.4232392801599644
B,,24,0.47192587140961706,0.8255929495320141,0.9417555466480453,0.6501179355120146,0.7517784134885256,0.5725293493814034,0.33057227988794047,0.383564533264663,49.43851742819234,10.0,13.0,3.6511858990640285,0.01679779259954239,1.1501179355120146,1.0,3.353285731141191,40.0,1.0,0.01679779259954239,1.1501179355120146,0.8152764144432629,1.0703905943029974,0.11506935997939889,88,49.43851742819234,10.0,13.0,3.6511858990640285,0.01679779259954239,1.1501179355120146,1.0,3.353285731141191,40.0,1.0,0.01679779259954239,1.1501179355120146,0.8152764144432629,1.0703905943029974,0.11506935997939889,True,,steady_state,0.0,,,,,16.6690099435427,16.669009555408635,559.1132226242241,31.36663290839696,,0.0,757.1212760357494,757.1210593016542,1.0576106724261858,1.057610612953658,0.9999999437670881,1.0,6.991666666666666,,0.9792863841667104,0.9792863850547954,40.0,80.0,,
B,,25,0.0037393730201488173,0.3936284981324186,0.4958756929428063,0.6903046404162181,0.7625801878670802,0.7007133598249771,0.5805965225282806,0.5983829674903776,40.07478746040297,10.0,13.0,2.787256996264837,0.004417221228358318,1.190304640416218,1.0,3.412091565643442,40.0,1.0,0.004417221228358318,1.190304640416218,0.9306420238424793,1.9035598097042161,0.17951489024711326,89,40.07478746040297,10.0,13.0,2.787256996264837,0.004417221228358318,1.190304640416218,1.0,3.412091565643442,40.0,1.0,0.004417221228358318,1.190304640416218,0.9306420238424793,1.9035598097042161,0.17951489024711326,True,,resolved_oscillation,1.0,512.7142857142857,12.793936492386578,0.000951699708921668,0.9918490558838101,870.4269670031547,7.094801565267379,982.6036283306732,395.539131826583,0.6319308999721371,0.2974894467896023,2657.453858326191,40.19388586790653,5.283480310666207,0.033495805697184106,0.0063397237668442324,0.4301266385247723,2.816666666666667,14.131630926123808,0.825887682989425,0.9441606251845311,40.0,80.0,0.0063397237668442324,0.4301266385247723
B,,26,0.7326152812239027,0.20696044785468648,0.6682647438950065,0.4233624376936185,0.4389299987489875,0.04511847330977248,0.38752401195551645,0.6719022985853372,54.65230562447805,10.0,13.0,2.413920895709373,0.007403421517377843,0.9233624376936185,1.0,2.0267440332681192,40.0,1.0,0.007403421517377843,0.9233624376936185,0.3406066259787952,1.2203770062766397,0.20157068957560118,90,54.65230562447805,10.0,13.0,2.413920895709373,0.007403421517377843,0.9233624376936185,1.0,2.0267440332681192,40.0,1.0,0.007403421517377843,0.9233624376936185,0.3406066259787952,1.2203770062766397,0.20157068957560118,True,,resolved_oscillation,1.0,497.25,9.098426760193044,0.0009309402712645062,0.9684694719947343,339.8062911372078,10.714271779067172,459.3961770730193,119.24317682020703,0.6168929110105581,0.18573650299933347,490.47026690113,25.13329868173461,0.8247174581110359,0.01072575320215794,0.013005366985591177,0.2690513219284603,2.533333333333333,2.0832987527264732,0.9686400237135953,0.9904921653888862,40.0,80.0,0.013005366985591177,0.2690513219284603
B,,27,0.5451087663799189,0.37890653826247933,0.487859781414667,0.6428282659747564,0.6016244368617147,0.7547003893236502,0.7601715237004689,0.8735725878368755,50.90217532759838,10.0,13.0,2.7578130765249584,0.004312411636898106,1.1428282659747564,1.0,2.633403662514076,40.0,1.0,0.004312411636898106,1.1428282659747564,0.9792303503912851,2.878336255133263,0.26207177635106266,91,50.90217532759838,10.0,13.0,2.7578130765249584,0.004312411636898106,1.1428282659747564,1.0,2.6334036625140755,40.0,1.0,0.004312411636898106,1.1428282659747564,0.9792303503912851,2.878336255133263,0.26207177635106266,True,,resolved_oscillation,1.0,608.7142857142857,11.958512220680088,0.000801607663769037,0.9911092937857106,803.8439134805918,7.146740076900611,736.0071736850464,349.67634088282625,0.6480873034498944,0.27838258164852253,4098.66948983842,85.81658436932113,6.3912395029115965,0.049915545168631024,0.007809994469130984,0.417462786047545,3.533333333333333,21.530763995607124,0.6581222388533335,0.8923874597474227,40.0,80.0,0.007809994469130984,0.417462786047545
B,,28,0.0052234488683921,0.21778878314752326,0.37866499743193893,0.9247304818483281,0.03750123264512628,0.3227224572323808,0.7896283595376765,0.4528600903712745,40.104468977367844,10.0,13.0,2.4355775662950467,0.0031092419598642037,1.4247304818483282,1.0,1.06221452735828,40.0,1.0,0.0031092419598642037,1.4247304818483282,0.5904502115091427,3.08033793190189,0.13585802711138234,92,40.104468977367844,10.0,13.0,2.4355775662950467,0.0031092419598642037,1.4247304818483282,1.0,1.06221452735828,40.0,1.0,0.0031092419598642037,1.4247304818483282,0.5904502115091427,3.08033793190189,0.13585802711138234,True,,resolved_oscillation,1.0,346.6666666666667,8.644090683816337,0.001420286434376916,0.9682454492176954,285.2143294659483,9.056852908867413,291.0059999191359,116.11558501043345,0.6302884615384615,0.2630526549655632,2586.8998422562427,152.344763832661,5.688174166193694,0.03399549876237139,0.005976522126276569,0.5001110864252388,2.066666666666667,11.360157774346215,0.8653046147780749,0.9535159687804625,40.0,80.0,0.005976522126276569,0.5001110864252388
B,,29,0.896103369156208,0.1377220149227505,0.9771446869204592,0.46133132990824877,0.005456539972113261,0.567374183756537,0.2705632930731807,0.43697653780424917,57.92206738312416,10.0,13.0,2.275444029845501,0.01867645938726634,0.9613313299082488,1.0,1.0088206368627108,40.0,1.0,0.01867645938726634,0.9613313299082488,0.8106367653808833,0.9322519434682124,0.13109296134127474,93,57.92206738312416,10.0,13.0,2.275444029845501,0.01867645938726634,0.9613313299082488,1.0,1.0088206368627108,40.0,1.0,0.018676459387266347,0.9613313299082488,0.8106367653808833,0.9322519434682124,0.13109296134127474,True,,resolved_oscillation,1.0,337.4166666666667,5.825356067400565,0.01060762864641582,0.661296580193377,60.43240247680813,20.468661386025147,118.94459511432483,30.14741684974104,0.63541615213633,0.0,463.50042648887484,182.00521244935274,0.7095469048703705,0.12379352220314878,0.1744684126636632,0.2932681626305266,2.466666666666667,1.9919328248167303,0.9838762225040447,0.9918818859733738,40.0,80.0,0.1744684126636632,0.2932681626305266
B,,30,0.6419335007157295,0.781894956053658,0.6724067720205014,0.06637948108900138,0.39536289254803336,0.6126517415141606,0.6528716408859221,0.30982702946218554,52.83867001431459,10.0,13.0,3.5637899121073158,0.007495858499058385,0.5663794810890014,1.0,1.889499593056554,40.0,1.0,0.007495858499058385,0.5663794810890014,0.8513865673627445,2.24823469299948,0.09294810883865566,94,52.83867001431459,10.0,13.0,3.5637899121073158,0.007495858499058386,0.5663794810890014,1.0,1.889499593056554,40.0,1.0,0.007495858499058385,0.5663794810890014,0.8513865673627445,2.24823469299948,0.09294810883865566,True,,resolved_oscillation,1.0,564.4285714285714,10.682111629147013,0.000947015283921524,0.9775785669554446,351.96217010417786,7.891496231207199,386.5611406349768,180.57667769570654,0.5984813971146544,0.3232614974450122,2037.2825556346238,61.417897689860474,3.172408687248927,0.029219214947693282,0.009210419535520759,0.4474561208620307,3.325,10.094958482674794,0.9510359669103872,0.9833851701143299,40.0,80.0,0.009210419535520759,0.4474561208620307
B,,31,0.17026803937209145,0.3189951647510263,0.4223884267218966,0.353636620404131,0.19012612261259598,0.1030477274706203,0.2592700036940565,0.7289966617684358,43.40536078744183,10.0,13.0,2.6379903295020526,0.0035443778430163685,0.853636620404131,1.0,1.3579771324778667,40.0,1.0,0.0035443778430163685,0.853636620404131,0.39274295472355825,0.9083223657826711,0.21869899853053074,95,43.40536078744183,10.0,13.0,2.6379903295020526,0.0035443778430163685,0.853636620404131,1.0,1.3579771324778667,40.0,1.0,0.0035443778430163685,0.853636620404131,0.39274295472355825,0.9083223657826711,0.21869899853053074,True,,resolved_oscillation,1.0,380.8,8.773109889923418,0.0011072400770897686,0.9654616784312616,254.9551815418431,8.805724045708244,280.12283505532184,111.60731036012871,0.6134453781512604,0.283492557209509,382.99986348892276,20.31654614332965,0.7802297235488121,0.004302577959882095,0.005514501473120205,0.30282159520106644,2.2333333333333334,1.6815214721067104,0.9671049514258517,0.9886625630631641,40.0,80.0,0.005514501473120205,0.30282159520106644
B,,32,0.7438735016866733,0.4685959696905484,0.6949382016413029,0.977439747737267,0.17892215636555375,0.4524839948841627,0.3746404967574479,0.204631456667827,54.877470033733466,10.0,13.0,2.937191939381097,0.008019281254978633,1.4774397477372672,1.0,1.3337094255352366,40.0,1.0,0.008019281254978633,1.4774397477372672,0.7072355953957463,1.1847057630192277,0.0613894370003481,96,54.877470033733466,10.0,13.0,2.937191939381097,0.008019281254978633,1.4774397477372672,1.0,1.3337094255352366,40.0,1.0,0.008019281254978633,1.4774397477372672,0.7072355953957463,1.1847057630192277,0.0613894370003481,True,,resolved_oscillation,1.0,569.2857142857143,10.373760195864923,0.0008571267892898033,0.9787480496163179,445.6580410882719,9.471102577296925,594.3923278112469,152.97160675590746,0.6028607277289837,0.24150188846922907,1943.135625165363,62.2218183351239,3.101717259512879,0.03579680345079498,0.011540962781506663,0.4016885136636303,2.9,8.781996970470301,0.9694444540849382,0.9907824036179284,40.0,80.0,0.011540962781506663,0.4016885136636303
B,,33,0.09819015861955549,0.31396327316417694,0.1864217517954616,0.4293318672542126,0.8355668240669498,0.892833975106123,0.16063485842371594,0.8386788417528678,41.96380317239111,10.0,13.0,2.6279265463283537,0.0017479954221911549,0.9293318672542126,1.0,3.837391830505061,40.0,1.0,0.0017479954221911549,0.9293318672542126,1.1035505775955106,0.7237771411025131,0.2516036525258603,97,41.96380317239111,10.0,13.0,2.6279265463283537,0.0017479954221911549,0.9293318672542126,1.0,3.837391830505061,40.0,1.0,0.0017479954221911549,0.9293318672542126,1.1035505775955106,0.7237771411025131,0.2516036525258603,True,,resolved_oscillation,1.0,561.5714285714286,13.382281540699307,0.0009518334741220915,0.9945198776429136,1055.42981289441,5.783884513978086,1052.6344740332088,614.8499987871113,0.6379419994912237,0.3130415463230393,1141.8116588735456,10.839394617779302,2.1272118593789084,0.004686987197827474,0.0022033476248087274,0.3936902910464341,3.1666666666666665,6.33984753254513,0.8922851315656162,0.9657642948774449,40.0,80.0,0.0022033476248087274,0.3936902910464341
B,,34,0.23660133531883532,0.26753205511875555,0.4730561834042769,0.6237509638521684,0.740455434691546,0.04585705792459993,0.7921451734282049,0.425192083084163,44.73202670637671,10.0,13.0,2.535064110237511,0.004125345095606989,1.1237509638521685,1.0,3.292730135437295,40.0,1.0,0.004125345095606989,1.1237509638521685,0.34127135213213994,3.0982408642042394,0.12755762492524889,98,44.73202670637671,10.0,13.0,2.535064110237511,0.004125345095606989,1.1237509638521685,1.0,3.292730135437295,40.0,1.0,0.004125345095606989,1.1237509638521685,0.34127135213213994,3.0982408642042394,0.12755762492524889,True,,resolved_oscillation,1.0,538.7142857142857,12.043145043492743,0.0009057677685812427,0.9903161541047469,801.3038514837986,7.759703013041857,1007.6997402084659,334.7128833725517,0.6255635110050385,0.2581648522550544,1684.083963188418,28.552957463792943,3.129039105859429,0.01773116695788201,0.005666649203801474,0.38946900688735836,2.75,8.285177925167597,0.9310934841072867,0.9798804748292538,40.0,80.0,0.005666649203801474,0.38946900688735836
B,,35,0.7190142190790719,0.003423925032744468,0.13759569382084302,0.2916752934096738,0.8421563648231983,0.5530772328579547,0.62528081979759,0.4738910100621101,54.38028438158144,10.0,13.0,2.0068478500654887,0.0015101362230242612,0.7916752934096738,1.0,3.8783056951020645,40.0,1.0,0.0015101362230242612,0.7916752934096738,0.7977695095721592,2.109846327023389,0.14216730301863303,99,54.38028438158144,10.0,13.0,2.0068478500654887,0.0015101362230242612,0.7916752934096738,1.0,3.8783056951020645,40.0,1.0,0.0015101362230242612,0.7916752934096738,0.7977695095721592,2.109846327023389,0.14216730301863303,True,,resolved_oscillation,1.0,578.2857142857143,10.634106107793347,0.0008437871184090578,0.9880800339686253,722.2068125653944,8.608680673406868,843.7754247419733,292.975904713013,0.6437129446640315,0.2257276160853144,1908.257554058473,46.391503587179706,3.07593672632616,0.008738401272415347,0.002840891100790726,0.39280159964452344,2.85,8.538639691143464,0.9232189310402779,0.9774651334328586,40.0,80.0,0.002840891100790726,0.39280159964452344
B,,36,0.9115632583109372,0.2869589109337868,0.1859938181047599,0.9204377408637088,0.5876327190536634,0.0730887879415244,0.9547223728797435,0.038117691161798084,58.23126516621875,10.0,13.0,2.573917821867574,0.0017457559719310863,1.4204377408637088,1.0,2.574765280177104,40.0,1.0,0.0017457559719310863,1.4204377408637088,0.36577990914737196,4.504974916772925,0.011435307348539425,100,58.23126516621875,10.0,13.0,2.573917821867574,0.001745755971931086,1.4204377408637088,1.0,2.574765280177104,40.0,1.0,0.0017457559719310863,1.4204377408637088,0.36577990914737196,4.504974916772925,0.011435307348539425,True,,resolved_oscillation,1.0,791.75,13.596647741380549,0.0006315124723713293,0.9954743553199527,1400.726868986993,6.339192102830249,1567.3651354763279,728.0586177565687,0.6317650773602779,0.30037769384581203,5213.953197331349,40.591864641673155,7.170309305189721,0.014732822880982916,0.0020546983754689083,0.4319040213285936,4.041666666666667,27.506338762711454,0.9875071862808397,0.9961701244844812,40.0,80.0,0.0020546983754689083,0.4319040213285936
B,,37,0.7651514012971702,0.11948244979919653,0.6446447953133618,0.26098713542435736,0.953321643366449,0.7320165468055979,0.1599217123837603,0.850602557737576,55.303028025943405,10.0,13.0,2.2389648995983933,0.006897666860748129,0.7609871354243574,1.0,4.638133375699187,40.0,1.0,0.006897666860748129,0.7609871354243574,0.9588148921250381,0.7225896168108901,0.25518076732127276,101,55.303028025943405,10.0,13.0,2.2389648995983933,0.006897666860748129,0.7609871354243574,1.0,4.638133375699187,40.0,1.0,0.006897666860748129,0.7609871354243574,0.9588148921250381,0.7225896168108901,0.25518076732127276,True,,resolved_oscillation,1.0,540.625,9.775685334017975,0.0009573163829026879,0.9698238290637997,401.5736173987952,12.11795412209433,742.5663528957615,145.74427393694168,0.6141040462427746,0.10197733836925128,579.1791093591124,25.459001357713515,0.9758324118874553,0.013926759318093802,0.01427167118906889,0.2603865807598311,2.475,2.4586165024683955,0.9496439190439189,0.986438132349049,40.0,80.0,0.01427167118906889,0.2603865807598311
B,,38,0.5665715777612217,0.6673449773465154,0.2624923198028516,0.5669001837871434,0.8226526425718126,0.5757437099998371,0.8123640919183479,0.10689620875269645,51.331431555224434,10.0,13.0,3.334689954693031,0.0021953834285738535,1.0669001837871432,1.0,3.758456439552347,40.0,1.0,0.0021953834285738535,1.0669001837871432,0.8181693389998534,3.2458922296632355,0.032068862625808936,102,51.331431555224434,10.0,13.0,3.334689954693031,0.0021953834285738535,1.0669001837871432,1.0,3.758456439552347,40.0,1.0,0.0021953834285738535,1.0669001837871432,0.8181693389998534,3.245892229663237,0.032068862625808936,True,,resolved_oscillation,1.0,808.25,15.745713211416126,0.0006186204763377668,0.9965616575756469,1635.0046015025962,5.621705685359002,1702.9377087976284,1137.0866588447113,0.6280235075781009,0.3545878693623639,6262.5017077216735,31.17276993583191,9.155269853466848,0.022351035958561583,0.0024413301100128537,0.4590091090868696,4.566666666666666,39.318748261250576,0.9543132911594346,0.9843168027606862,40.0,80.0,0.0024413301100128537,0.4590091090868696
B,,39,0.626792887973555,0.41096419565086695,0.1378795629698708,0.07388965705981543,0.455903676713026,0.8634116840620544,0.9423226135772548,0.5546152639226781,52.5358577594711,10.0,13.0,2.821928391301734,0.0015114209829842186,0.5738896570598154,1.0,2.082873981148181,40.0,1.0,0.0015114209829842186,0.5738896570598154,1.0770705156558489,4.378169971065666,0.16638457917680344,103,52.5358577594711,10.0,13.0,2.821928391301734,0.0015114209829842188,0.5738896570598154,1.0,2.082873981148181,40.0,1.0,0.0015114209829842186,0.5738896570598154,1.0770705156558489,4.378169971065666,0.16638457917680344,True,,resolved_oscillation,1.0,537.5714285714286,10.232466956809434,0.000994328298372028,0.9820718965950588,394.3189925696939,7.069391673321727,360.67922977609317,212.1353427998039,0.6268934360882275,0.3163741390802044,4242.015731067101,131.72867706097563,6.600469151690287,0.01533645474443485,0.0023235400987378905,0.48833592534992226,3.3583333333333334,20.956406761595204,0.8015725433068434,0.9314497929451543,40.0,80.0,0.0023235400987378905,0.48833592534992226
B,,40,0.34128078667817463,0.021556177997846704,0.7881543639175074,0.2267442868893934,0.6456566044921718,0.9734007290070525,0.5696106995719685,0.25068820561051863,46.825615733563495,10.0,13.0,2.043112355995693,0.010602602231531219,0.7267442868893934,1.0,2.826796856172194,40.0,1.0,0.010602602231531219,0.7267442868893934,1.1760606561063471,1.8560116756137317,0.07520646168315559,104,46.825615733563495,10.0,13.0,2.043112355995693,0.010602602231531217,0.7267442868893934,1.0,2.826796856172194,40.0,1.0,0.010602602231531219,0.7267442868893934,1.1760606561063471,1.8560116756137317,0.07520646168315559,True,,resolved_oscillation,1.0,351.6363636363636,7.509487235302258,0.0014347918227002696,0.9024853293956453,160.67044931984498,15.667725941278343,277.6481983153803,67.27183414476585,0.6279214064115822,0.0,1116.879880310115,158.23580011635028,2.280751584659818,0.09333432911996334,0.040922619432876325,0.46500777604976673,1.9083333333333334,4.770689019115372,0.9720637580928423,0.9898897321970545,40.0,80.0,0.040922619432876325,0.46500777604976673
B,,41,0.7772036990357192,0.4680935386909004,0.8698032295184877,0.534105994549196,0.14747383147621906,0.21738323359940437,0.5460994556731844,0.5850679036899411,55.54407398071439,10.0,13.0,2.936187077381801,0.013540668064183222,1.0341059945491962,1.0,1.2678847687047932,40.0,1.0,0.013540668064183222,1.0341059945491962,0.4956449102394639,1.7582047944954797,0.17552037110698232,105,55.54407398071439,10.0,13.0,2.936187077381801,0.013540668064183222,1.0341059945491962,1.0,1.2678847687047932,40.0,1.0,0.013540668064183222,1.0341059945491962,0.4956449102394639,1.7582047944954797,0.17552037110698232,True,,resolved_oscillation,1.0,466.25,8.394234822636308,0.0009928365681206985,0.9456310698101839,211.9200447812306,11.521866120533456,302.9324708913296,68.56523169644134,0.5966756032171582,0.18373694734503443,1083.1718225470752,82.97918770067452,1.808678628334737,0.044667396812564264,0.024696148952503435,0.4110197733836925,2.5166666666666666,4.613095541257571,0.9420052563190308,0.9803317907650267,40.0,80.0,0.024696148952503435,0.4110197733836925
B,,42,0.6291733621119081,0.5620296082702935,0.821760701088823,0.2832060319549595,0.537741096995794,0.45221418877906305,0.2974351594006245,0.8362800471105234,52.583467242238164,10.0,13.0,3.124059216540587,0.011725606656146463,0.7832060319549595,1.0,2.37610099896517,40.0,1.0,0.011725606656146463,0.7832060319549595,0.7069927699011567,0.9917567470925224,0.25088401413315703,106,52.583467242238164,10.0,13.0,3.124059216540587,0.011725606656146463,0.7832060319549595,1.0,2.37610099896517,40.0,1.0,0.011725606656146463,0.7832060319549595,0.7069927699011567,0.9917567470925224,0.25088401413315703,True,,resolved_oscillation,1.0,513.4285714285714,9.764068410767617,0.001041084414795198,0.9643969171483481,295.4446412434892,10.518740040268517,471.08337869240927,94.3280591134953,0.5901502504173622,0.22106198622528328,723.8248177426298,33.76896714474786,1.2282244191980196,0.023224682140332357,0.018909151924773753,0.3477005109975561,2.65,3.2472734482745134,0.9380442982960293,0.9803793821296304,40.0,80.0,0.018909151924773753,0.3477005109975561
B,,43,0.9294705266265637,0.5547703278895101,0.6720519998969829,0.06062504848939321,0.8529476254915114,0.2530063987005956,0.256509519573614,0.6159831436337478,58.589410532531275,10.0,13.0,3.1095406557790204,0.007487896115373093,0.5606250484893932,1.0,3.9462519135237373,40.0,1.0,0.007487896115373093,0.5606250484893932,0.527705758830536,0.9025671522854474,0.18479494309012434,107,58.589410532531275,10.0,13.0,3.1095406557790204,0.007487896115373093,0.5606250484893932,1.0,3.9462519135237373,40.0,1.0,0.007487896115373093,0.5606250484893932,0.527705758830536,0.9025671522854474,0.18479494309012434,True,,resolved_oscillation,1.0,695.6,11.872452610080007,0.00078741023218109,0.9847647915970595,562.3818766479451,8.568005092768253,822.6480752013355,213.0248984810891,0.60149511213341,0.28549211286380805,517.3687625638388,10.97466338769881,0.7359800586109068,0.0071908863455971694,0.00977049073743831,0.2723839146856254,3.6,2.5583299401157817,0.9748713653317522,0.99205656634547,40.0,80.0,0.00977049073743831,0.2723839146856254
B,,44,0.08482906605516505,0.6770339215816964,0.47954290604757543,0.8430079133831939,0.7992000062318403,0.44065595311405026,0.43099992654470154,0.08222968208283765,41.6965813211033,10.0,13.0,3.354067843163393,0.00420629477909124,1.343007913383194,1.0,3.619235405747908,40.0,1.0,0.00420629477909124,1.343007913383194,0.6965903578026451,1.348869488078601,0.024668904624851294,108,41.6965813211033,10.0,13.0,3.354067843163393,0.00420629477909124,1.343007913383194,1.0,3.619235405747908,40.0,1.0,0.00420629477909124,1.343007913383194,0.6965903578026451,1.348869488078601,0.024668904624851294,True,,resolved_oscillation,1.0,618.2857142857143,14.828211203319686,0.0007891983029851816,0.9941767849781489,1198.7562709332783,6.9806155244368115,1584.9666125822284,614.6497138039078,0.6146025878003696,0.2928238169295712,2143.9271635731575,17.73858505969048,3.9739959082686522,0.019073719837697685,0.004799632480247701,0.38258164852255055,3.316666666666667,12.460210410710676,0.9848607333428271,0.9955679057330273,40.0,80.0,0.004799632480247701,0.38258164852255055
B,,45,0.9148720865562727,0.5150487007124877,0.9919531034086785,0.722293646027783,0.20305587426584715,0.8844593357278694,0.06365939737963755,0.7386041045009121,58.29744173112545,10.0,13.0,3.0300974014249755,0.019523637788421016,1.222293646027783,1.0,1.3865322175211865,40.0,1.0,0.019523637788421016,1.222293646027783,1.0960134021550823,0.5789344610743091,0.2215812313502736,109,58.29744173112545,10.0,13.0,3.0300974014249755,0.019523637788421016,1.222293646027783,1.0,1.3865322175211865,40.0,1.0,0.019523637788421026,1.222293646027783,1.0960134021550823,0.5789344610743091,0.2215812313502736,True,,resolved_oscillation,1.0,360.90909090909093,6.1908221045727085,0.00419378446111182,0.6601919069745201,59.890473687056875,20.35126765399148,153.65168486547716,30.190592066442406,0.6012594458438286,0.0,365.9589162056348,114.94877638273772,0.5976066688913457,0.08056950075270636,0.13482028388701792,0.17729393468118196,2.183333333333333,1.5670755891122345,0.9743778991929154,0.9885157950398256,40.0,80.0,0.13482028388701792,0.17729393468118196
B,,46,0.7956061962700218,0.049192464843080264,0.24914041170713708,0.926338172463639,0.2760036913057786,0.5990317568302236,0.04330771889028384,0.560700683227424,55.91212392540044,10.0,13.0,2.0983849296861603,0.0021093038665751084,1.426338172463639,1.0,1.5592591502284827,40.0,1.0,0.0021093038665751084,1.426338172463639,0.8391285811472011,0.5524305954192793,0.16821020496822717,110,55.91212392540044,10.0,13.0,2.0983849296861603,0.0021093038665751084,1.426338172463639,1.0,1.5592591502284827,40.0,1.0,0.0021093038665751084,1.426338172463639,0.8391285811472011,0.5524305954192793,0.16821020496822717,True,,resolved_oscillation,1.0,525.0,9.389734518053189,0.0,0.9803367782527628,501.29800403905773,9.857133814867426,576.2201423461578,188.9797594191146,0.6361904761904762,0.20506554099089092,891.6683494418661,33.629810388128895,1.4575661687563877,0.006123353816426808,0.004201081191155338,0.3516996223061542,2.6166666666666667,3.733275787130435,0.9556037120844523,0.9866361039713152,40.0,80.0,0.004201081191155338,0.3516996223061542
B,,47,0.8724654939500409,0.8939783531468125,0.8381136693269748,0.9277879113508174,0.4380355721817345,0.11294606132724794,0.921882303225169,0.6740256066152932,57.44930987900082,10.0,13.0,3.787956706293625,0.012314336689318344,1.4277879113508174,1.0,2.02382858546723,40.0,1.0,0.012314336689318344,1.4277879113508174,0.4016514551945231,4.1768829739048625,0.20220768198458797,111,57.44930987900082,10.0,13.0,3.787956706293625,0.012314336689318344,1.4277879113508174,1.0,2.02382858546723,40.0,1.0,0.012314336689318344,1.4277879113508174,0.4016514551945231,4.1768829739048625,0.20220768198458797,True,,resolved_oscillation,1.0,464.44444444444446,8.0844216479302,0.0011347886340317148,0.8661979116014286,113.2858896811057,15.157888625422112,375.4347362524588,39.24378727328482,0.5511961722488038,0.0,1615.426993087562,152.0595226291154,2.803072451949315,0.10789807659903057,0.03849278905509417,0.3985780937569429,2.1666666666666665,6.58355891582568,0.8929906437688336,0.9668997002051004,40.0,80.0,0.03849278905509417,0.3985780937569429
B,,48,0.8744195883992163,0.6702017847095065,0.3857855035556662,0.7082565732821555,0.42573084007812745,0.6034069552075657,0.7989984655054873,0.6345216018789176,57.488391767984325,10.0,13.0,3.340403569419013,0.003176278040118327,1.2082565732821555,1.0,1.9841435389646762,40.0,1.0,0.003176278040118327,1.2082565732821555,0.843066259686809,3.147519793121467,0.19035648056367527,112,57.488391767984325,10.0,13.0,3.340403569419013,0.0031762780401183265,1.2082565732821555,1.0,1.9841435389646762,40.0,1.0,0.003176278040118327,1.2082565732821555,0.843066259686809,3.1475197931214685,0.19035648056367527,True,,resolved_oscillation,1.0,777.6,13.526208962990172,0.0007043757169562323,0.9939650127358639,1010.4626152630036,6.098129013997859,841.683235840498,620.5772170221597,0.6378600823045267,0.34658964674516773,5855.591486561495,68.00087099267134,7.743370122174158,0.036553282842654036,0.004720590939851745,0.4605643190402133,4.716666666666667,34.39083668024776,0.7257898864318965,0.9027918260150479,40.0,80.0,0.004720590939851745,0.4605643190402133
B,,49,0.7335389263388301,0.2301265554468096,0.5766664444281188,0.5652661980937161,0.30005671350206164,0.8109838830866913,0.6182417392133033,0.43325799927552955,54.6707785267766,10.0,13.0,2.4602531108936194,0.005626785267636351,1.0652661980937161,1.0,1.6208045318900657,40.0,1.0,0.005626785267636351,1.0652661980937161,1.029885494778022,2.075925403841996,0.12997739978265885,113,54.6707785267766,10.0,13.0,2.4602531108936194,0.005626785267636351,1.0652661980937161,1.0,1.6208045318900657,40.0,1.0,0.005626785267636351,1.0652661980937161,1.029885494778022,2.075925403841996,0.12997739978265885,True,,resolved_oscillation,1.0,516.2857142857143,9.443540556731755,0.0009451162853679762,0.976390904305634,398.60846492002673,9.41078539288124,451.3815648391905,146.88336660026124,0.6275594908688433,0.24216840702066209,3097.511201566762,134.37243842898894,5.011619778608712,0.04779336232146699,0.00953651003722693,0.4601199733392579,2.783333333333333,13.616552499884229,0.8872296177724844,0.9632777939352438,40.0,80.0,0.00953651003722693,0.4601199733392579
B,,50,0.08712409931186638,0.6199723532772395,0.731607286018138,0.8502880899900352,0.26759457377091833,0.7567833804925578,0.7486800542462877,0.1635011975121965,41.74248198623733,10.0,13.0,3.2399447065544793,0.008950411942224856,1.3502880899900354,1.0,1.538298371877973,40.0,1.0,0.008950411942224856,1.3502880899900354,0.9811050424433019,2.80317401448334,0.04905035925365895,114,41.74248198623733,10.0,13.0,3.2399447065544793,0.008950411942224856,1.3502880899900354,1.0,1.538298371877973,40.0,1.0,0.008950411942224856,1.3502880899900354,0.9811050424433019,2.80317401448334,0.04905035925365895,True,,resolved_oscillation,1.0,450.22222222222223,10.785708007747656,0.0009794242267020942,0.979623539473165,427.17758927587107,8.704367285828292,517.5914663172397,162.926079942589,0.6035908193484699,0.27860475449900024,4809.692158538109,149.75287505392996,9.705641983173376,0.11949126569538238,0.012311526213571839,0.46211952899355696,2.466666666666667,23.163106654697533,0.9245970098014944,0.9760309175495719,40.0,80.0,0.012311526213571839,0.46211952899355696
B,,51,0.44905312128436226,0.04826374467679506,0.5528494591703504,0.668957050737573,0.8285814688945923,0.7008561450373402,0.45996821847350866,0.4437697318007716,48.98106242568724,10.0,13.0,2.09652748935359,0.00523930558316054,1.168957050737573,1.0,3.7944915751472648,40.0,1.0,0.00523930558316054,1.168957050737573,0.930770530533606,1.4419102291888144,0.13313091954023148,115,48.98106242568724,10.0,13.0,2.09652748935359,0.00523930558316054,1.168957050737573,1.0,3.7944915751472648,40.0,1.0,0.00523930558316054,1.168957050737573,0.930770530533606,1.4419102291888144,0.13313091954023148,True,,resolved_oscillation,1.0,481.125,9.822673828889481,0.0007348472654575709,0.9752260580739581,485.6453896455349,12.031350679728464,812.0318165335851,179.01833427771138,0.62457781241881,0.11219728949122418,1498.4540681270094,60.60497564110501,2.856892635971266,0.032347209457476746,0.011322514906647716,0.38546989557876027,2.1666666666666665,6.28167199452616,0.9339155977433474,0.9808479122783121,40.0,80.0,0.011322514906647716,0.38546989557876027
B,,52,0.2622049141017654,0.20447014629775118,0.2781763042355281,0.45979260448635406,0.4805175463400232,0.40247651790960104,0.028326043068800266,0.19732363730208957,45.24409828203531,10.0,13.0,2.4089402925955024,0.002300995216877423,0.9597926044863541,1.0,2.1670421141369083,40.0,1.0,0.002300995216877423,0.9597926044863541,0.6622288661186408,0.5336985801442843,0.05919709119062687,116,45.24409828203531,10.0,13.0,2.4089402925955024,0.002300995216877423,0.9597926044863541,1.0,2.1670421141369083,40.0,1.0,0.002300995216877423,0.9597926044863541,0.6622288661186408,0.5336985801442843,0.05919709119062687,True,,resolved_oscillation,1.0,476.375,10.528997550806537,0.0010864322634621163,0.9854993780893386,533.7434324530666,7.739611711300496,584.819297084984,237.09120660539043,0.6263972710574652,0.2868251499666741,496.72644936568275,12.252835068531809,0.9394954662361471,0.0029627127965663066,0.003153514735345847,0.3239280159964452,2.55,2.2982085028129946,0.9910961869699266,0.9971465424928377,40.0,80.0,0.003153514735345847,0.3239280159964452
B,,53,0.6256199393320314,0.9232449710378651,0.17409165468435095,0.3258443585814851,0.01576438431416216,0.8922941822452797,0.2375870968282664,0.10833129733756575,52.51239878664063,10.0,13.0,3.8464899420757304,0.0016846064715637058,0.8258443585814851,1.0,1.0256964012867482,40.0,1.0,0.0016846064715637058,0.8258443585814851,1.1030647640207516,0.864086263528194,0.03249938920126972,117,52.51239878664063,10.0,13.0,3.8464899420757304,0.0016846064715637058,0.8258443585814851,1.0,1.0256964012867482,40.0,1.0,0.0016846064715637058,0.8258443585814851,1.1030647640207516,0.864086263528194,0.03249938920126972,True,,resolved_oscillation,1.0,537.125,10.228536734388275,0.000658232982254175,0.9740922723801673,287.3478809910313,7.444530632851724,329.43745893319607,195.6539863703664,0.5845939027228299,0.33059320151077537,1593.0169524531434,41.98111905337151,2.5002603992514296,0.004783996650448791,0.0019133993610749923,0.4370139968895801,3.25,7.64393804080559,0.9873500496524281,0.9957922538600869,40.0,80.0,0.0019133993610749923,0.4370139968895801
B,,54,0.7754121372860688,0.7942726670254013,0.5427034241171419,0.8082517553126966,0.6697570516959428,0.2825237843104127,0.6703550080423818,0.7991470081324397,55.508242745721375,10.0,13.0,3.588545334050803,0.005082453729514944,1.3082517553126967,1.0,2.9385973954019224,40.0,1.0,0.005082453729514944,1.3082517553126967,0.5542714058793714,2.3405882062467755,0.23974410243973188,118,55.508242745721375,10.0,13.0,3.588545334050803,0.005082453729514944,1.3082517553126967,1.0,2.9385973954019224,40.0,1.0,0.005082453729514944,1.3082517553126967,0.5542714058793714,2.3405882062467755,0.23974410243973188,True,,resolved_oscillation,1.0,771.4,13.897035140055126,0.0007100370203593028,0.9922606453570557,994.8047966033167,7.699147121415059,1307.8052779879647,417.4195457919414,0.6141431164117189,0.29726727393912467,3004.85558966125,36.45599176307167,4.230204565409494,0.030953016580666726,0.007317144148008927,0.4059097978227061,4.15,16.617144919233578,0.7990772415181356,0.9369194167622863,40.0,80.0,0.007317144148008927,0.4059097978227061
B,,55,0.3654095612402771,0.31048865029933304,0.3960083405727435,0.793890962821361,0.7522871001986658,0.016977720311515898,0.7231251491683003,0.6191559400144643,47.30819122480554,10.0,13.0,2.620977300598666,0.003275055994342872,1.293890962821361,1.0,3.356032189194421,40.0,1.0,0.003275055994342872,1.293890962821361,0.3152799482803643,2.642987769973768,0.18574678200433928,119,47.30819122480554,10.0,13.0,2.620977300598666,0.003275055994342872,1.293890962821361,1.0,3.356032189194421,40.0,1.0,0.003275055994342872,1.293890962821361,0.3152799482803643,2.642987769973768,0.18574678200433928,True,,resolved_oscillation,1.0,618.0,13.063276866014661,0.0,0.993492778036944,1091.4479251396713,7.1022939100008395,1312.9987369724179,493.0723092064716,0.630663430420712,0.2643856920684292,1697.2121981848434,19.900829430550786,2.895318931124548,0.012718400867951432,0.004392746074095394,0.36680737613863584,3.2,8.800930533603719,0.9005195244975932,0.9717658811771164,40.0,80.0,0.004392746074095394,0.36680737613863584
B,,56,0.041377316730994984,0.6544331922337097,0.34569090194941465,0.6716009496173991,0.18434652626386017,0.8158273705588795,0.3593400345228098,0.20502734838734193,40.827546334619896,10.0,13.0,3.3088663844674193,0.002816788458988838,1.1716009496173991,1.0,1.3454039309755734,40.0,1.0,0.002816788458988838,1.1716009496173991,1.0342446335029916,1.143694516478543,0.06150820451620258,120,40.827546334619896,10.0,13.0,3.3088663844674193,0.002816788458988838,1.1716009496173991,1.0,1.3454039309755734,40.0,1.0,0.002816788458988838,1.1716009496173991,1.0342446335029916,1.1436945164785433,0.06150820451620258,True,,resolved_oscillation,1.0,456.1111111111111,11.171651300640365,0.0007308160779537151,0.9843714307791815,444.824420709761,6.951969250172958,467.29901686190976,268.9252272979108,0.6056638246041414,0.32192846034214617,2137.990955204117,43.0728542631647,4.238281030937924,0.014067282203534103,0.0033191008573636373,0.44301266385247723,2.7,10.77336070702445,0.9581619005934329,0.9863483038038428,40.0,80.0,0.0033191008573636373,0.44301266385247723
B,,57,0.05230069463158471,0.20332183146745508,0.014881200588171772,0.9716657455337966,0.35440096908058727,0.7122315784877248,0.40261719914025096,0.6122080081366711,41.04601389263169,10.0,13.0,2.4066436629349104,0.0010455887175593902,1.4716657455337967,1.0,1.7689503637310602,40.0,1.0,0.0010455887175593902,1.4716657455337967,0.9410084206389522,1.2635347878145042,0.18366240244100132,121,41.04601389263169,10.0,13.0,2.4066436629349104,0.0010455887175593902,1.4716657455337967,1.0,1.7689503637310602,40.0,1.0,0.0010455887175593902,1.4716657455337967,0.9410084206389522,1.2635347878145042,0.18366240244100132,True,,resolved_oscillation,1.0,452.0,11.01203155030701,0.0,0.9894516346454185,657.5418051430208,6.935991196559612,623.5750239209767,316.80149524046374,0.6415929203539823,0.28838035992001776,2181.4603030034723,44.72674141110717,4.386099902111277,0.007071343720218741,0.0016122167479165044,0.433014885580982,2.566666666666667,10.60935880007591,0.8513692706741552,0.9526946661617007,40.0,80.0,0.0016122167479165044,0.433014885580982
B,,58,0.35724945589380774,0.605413984732837,0.8983131522888456,0.8353760829602679,0.37460195343172786,0.9796385404701368,0.9020553927410472,0.37886277999280726,47.14498911787616,10.0,13.0,3.210827969465674,0.014747973773622735,1.3353760829602679,1.0,1.827408030239152,40.0,1.0,0.014747973773622735,1.3353760829602679,1.181674686423123,3.9904823759420074,0.11365883399784217,122,47.14498911787616,10.0,13.0,3.210827969465674,0.014747973773622733,1.3353760829602679,1.0,1.827408030239152,40.0,1.0,0.014747973773622735,1.3353760829602679,1.181674686423123,3.9904823759420074,0.11365883399784217,True,,resolved_oscillation,1.0,383.0,8.123875032453372,0.0,0.9115878432437602,153.9447705151927,13.610589182592575,326.4815955294723,49.59837815550094,0.5900783289817232,0.0,4370.680536859109,427.58090158831675,8.802053371662714,0.33952142330238394,0.03857297939085867,0.5254387913796934,1.9666666666666666,18.421844488930425,0.8299933533579089,0.9454246632302582,40.0,80.0,0.03857297939085867,0.5254387913796934
B,,59,0.007432380397225491,0.18158072947161719,0.836134206891161,0.8243533577716446,0.8698285977066468,0.6102443970668706,0.5288727345928682,0.6733799326734268,40.14864760794451,10.0,13.0,2.3631614589432344,0.012241529502185823,1.3243533577716446,1.0,4.054936884015125,40.0,1.0,0.012241529502185823,1.3243533577716446,0.8492199573601835,1.6898289219653018,0.20201397980202804,123,40.14864760794451,10.0,13.0,2.3631614589432344,0.012241529502185823,1.3243533577716446,1.0,4.054936884015125,40.0,1.0,0.012241529502185823,1.3243533577716446,0.8492199573601835,1.6898289219653018,0.20201397980202804,True,,resolved_oscillation,1.0,321.15384615384613,7.999119902865596,0.001169326827614915,0.8433929375402061,130.9290372030022,20.50441190705125,374.0227853491893,63.40965286832814,0.6087425149700599,0.0,692.0471093788497,109.49247015209211,1.6797678628856851,0.11178934649226298,0.06655047340899788,0.38546989557876027,1.5333333333333334,3.0945030069383455,0.935950604202473,0.9779074138740348,40.0,80.0,0.06655047340899788,0.38546989557876027
B,,60,0.9755608868652299,0.1805564538747726,0.23832624745731035,0.27934794533964935,0.4730665189224943,0.03495684183628822,0.32030225979711835,0.12430596358562007,59.5112177373046,10.0,13.0,2.361112907749545,0.0020420651641193627,0.7793479453396494,1.0,2.141210215946508,40.0,1.0,0.0020420651641193627,0.7793479453396494,0.3314611576526594,1.0453753715071612,0.03729178907568602,124,59.5112177373046,10.0,13.0,2.361112907749545,0.0020420651641193627,0.7793479453396494,1.0,2.141210215946508,40.0,1.0,0.0020420651641193627,0.7793479453396494,0.3314611576526594,1.0453753715071612,0.03729178907568602,True,,resolved_oscillation,1.0,615.1666666666666,10.336986706979271,0.0006636385106429635,0.9853435180543683,547.0413484124751,8.017701646521438,597.1232351241338,233.9551805851023,0.6274722297480358,0.2499444567873806,503.0198004966229,12.829282115980453,0.7326962306497118,0.0021233524850634345,0.002897998374006334,0.24216840702066209,3.216666666666667,2.274148711758664,0.9957251377181956,0.9987558848330236,40.0,80.0,0.002897998374006334,0.24216840702066209
B,,61,0.6588913370561946,0.05226072020310857,0.9605134421172272,0.5443491627426504,0.872484066189242,0.2672530081216734,0.16117802496200928,0.5450715140691681,53.177826741123894,10.0,13.0,2.1045214404062174,0.017768746825006072,1.0443491627426504,1.0,4.072304005983994,40.0,1.0,0.017768746825006072,1.0443491627426504,0.5405277073095061,0.7246829261986183,0.16352145422075043,125,53.177826741123894,10.0,13.0,2.1045214404062174,0.017768746825006072,1.0443491627426504,1.0,4.072304005983994,40.0,1.0,0.017768746825006072,1.0443491627426504,0.5405277073095061,0.7246829261986183,0.16352145422075043,True,,unresolved_oscillation,0.0,,,,0.032914379439567744,49.57841798355915,47.946575122034794,171.3024829769185,50.63433090720486,,0.0,85.74544708152789,82.03028159141017,0.11277443701803883,0.10722607293398241,0.9508012256078128,0.0,3.841666666666667,0.7802782590682066,0.9966794484298407,0.9967839682717314,40.0,80.0,,
B,,62,0.377592786932909,0.12173572714394054,0.8964569421349174,0.7134255333389391,0.6756414713726576,0.6988194616566518,0.5911242814374551,0.7808445449833764,47.551855738658176,10.0,13.0,2.243471454287881,0.01466619218061447,1.2134255333389392,1.0,2.9665599017253084,40.0,1.0,0.01466619218061447,1.2134255333389392,0.9289375154909865,1.9502679589568293,0.2342533634950129,126,47.551855738658176,10.0,13.0,2.243471454287881,0.014666192180614468,1.2134255333389392,1.0,2.9665599017253084,40.0,1.0,0.01466619218061447,1.2134255333389392,0.9289375154909865,1.9502679589568293,0.2342533634950129,True,,resolved_oscillation,1.0,319.7692307692308,6.724642515040025,0.003414738890204087,0.6933430341636527,86.952793811033,26.664679921084897,213.908620675469,49.972496172376395,0.6317055568919894,0.0,680.4480159223169,227.7063367409741,1.3227997238502687,0.22175117894610283,0.1676377572113883,0.4723394801155299,1.8833333333333333,3.194554268914311,0.9390498946460951,0.9722270507876201,40.0,80.0,0.1676377572113883,0.4723394801155299
B,,63,0.36108253238588683,0.6999533468420251,0.6750538317755055,0.6890075408384903,0.9945140096130656,0.13998506101124197,0.6630543483491107,0.3112186038020406,47.22165064771774,10.0,13.0,3.3999066936840503,0.007555536080352556,1.1890075408384901,1.0,4.956047517122852,40.0,1.0,0.007555536080352556,1.1890075408384901,0.4259865549101177,2.3015708723738872,0.09336558114061218,127,47.22165064771774,10.0,13.0,3.3999066936840503,0.007555536080352556,1.1890075408384901,1.0,4.956047517122852,40.0,1.0,0.007555536080352556,1.1890075408384901,0.4259865549101177,2.3015708723738872,0.09336558114061218,True,,resolved_oscillation,1.0,526.875,11.157487990637708,0.0006710384637594758,0.9559284981847888,272.6139860968642,12.014507783119933,1152.3269015269564,88.77885996548437,0.5466192170818506,0.12463896911797379,1190.6764262337674,32.674059670820114,2.2994360058309837,0.031768930159786594,0.013815966210508108,0.33059320151077537,2.308333333333333,5.300170423034972,0.9643339053686836,0.9908067382555114,40.0,80.0,0.013815966210508108,0.33059320151077537
AB,Td_min,0,0.9802780672764386,0.36929077709565117,0.476552141139271,0.7731966058510996,0.7192846536989712,0.7991515494535374,0.6932516039832075,0.976099650949025,59.60556134552877,10.0,13.0,2.7385815541913026,0.004168776674083898,1.2731966058510995,1.0,3.1824266125417027,40.0,1.0,0.004168776674083898,1.2731966058510995,1.0192363945081835,2.4672980091946712,0.2928298952847075,128,59.60556134552877,10.0,13.0,2.7385815541913026,0.004168776674083898,1.2731966058510995,1.0,3.1824266125417027,40.0,1.0,0.004168776674083898,1.2731966058510995,1.0192363945081835,2.4672980091946712,0.2928298952847075,True,,resolved_oscillation,1.0,736.0,12.347841097132962,0.0,0.991959636132882,960.2530599092531,7.720784006183908,1063.0406485306153,369.79221961045255,0.6447010869565217,0.2723839146856254,4371.446216289356,79.48423897378774,5.879317737967003,0.04790814262056456,0.008148588791380853,0.41879582315041103,3.9833333333333334,22.32204159262584,0.6333108341728654,0.8832240994246895,40.0,80.0,0.008148588791380853,0.41879582315041103
AB,Td_min,1,0.665254330522999,0.5182907415863287,0.4330535974015236,0.8524225710498768,0.26499487736458205,0.7192355361076039,0.13139037206848947,0.4556181454269522,53.30508661045998,10.0,13.0,3.0365814831726574,0.003659449176687233,1.352422571049877,1.0,1.5318755008177272,40.0,1.0,0.003659449176687233,1.352422571049877,0.9473119824968435,0.6766442200719431,0.13668544362808566,129,53.30508661045998,10.0,13.0,3.0365814831726574,0.003659449176687233,1.352422571049877,1.0,1.5318755008177272,40.0,1.0,0.003659449176687233,1.352422571049877,0.9473119824968435,0.6766442200719431,0.13668544362808566,True,,resolved_oscillation,1.0,653.3333333333334,12.256491357151846,0.000790404764532126,0.9907006092442293,744.6679509490792,6.924958259174616,777.6078842237799,386.6370737298335,0.6206632653061224,0.29637858253721394,1693.3746037417318,24.79577973226152,2.550450207555119,0.011410916091743585,0.00447407914804272,0.39346811819595645,3.6333333333333333,8.767605406076274,0.9391795428939486,0.981456528815676,40.0,80.0,0.00447407914804272,0.39346811819595645
AB,Td_min,2,0.7096989007563954,0.7885110022666142,0.8313783726110382,0.8936092939302647,0.41701061288961905,0.10285973940458293,0.16799844493272076,0.8898534260437165,54.19397801512791,10.0,13.0,3.5770220045332284,0.012068358437822065,1.3936092939302647,1.0,1.9564912497760165,40.0,1.0,0.012068358437822065,1.3936092939302647,0.3925737654641246,0.7361536152849883,0.26695602781311495,130,54.19397801512791,10.0,13.0,3.5770220045332284,0.012068358437822065,1.3936092939302647,1.0,1.9564912497760165,40.0,1.0,0.012068358437822065,1.3936092939302647,0.3925737654641246,0.7361536152849883,0.26695602781311495,True,,resolved_oscillation,1.0,489.22222222222223,9.027243249898705,0.000901346120053801,0.9233279745248113,174.3900501030552,13.370838364120871,490.8300509742657,52.85442459704972,0.5483193277310924,0.0,377.469399909116,23.17529634468979,0.6707229409655109,0.01758147025754869,0.026212716434359656,0.19462341701844035,2.283333333333333,1.5876073407660691,0.963209770823562,0.9895302920490102,40.0,80.0,0.026212716434359656,0.19462341701844035
AB,Td_min,3,0.6840908365294572,0.2102493009055516,0.002416419738390796,0.4342247396574749,0.8048933820835706,0.012133239297335785,0.6383509037943887,0.39924093577650477,53.68181673058915,10.0,13.0,2.4204986018111034,0.001007265211108215,0.9342247396574749,1.0,3.652551354327981,40.0,1.0,0.001007265211108215,0.9342247396574749,0.3109199153676022,2.174307220769696,0.11977228073295143,131,53.68181673058915,10.0,13.0,2.4204986018111034,0.001007265211108215,0.9342247396574749,1.0,3.652551354327981,40.0,1.0,0.001007265211108215,0.9342247396574749,0.3109199153676022,2.174307220769696,0.11977228073295143,True,,resolved_oscillation,1.0,711.2,13.248433889062882,0.0006288155167322243,0.9952481067119351,1254.4348292271343,5.96094044531913,1318.972403282059,683.3713074310798,0.6377952755905512,0.30259942235058873,1271.251115889564,10.631398402289348,1.8941751630088015,0.002321609647946858,0.0012256573168550572,0.37947122861586313,3.7333333333333334,6.705876692271973,0.9611795072103657,0.9879866859666342,40.0,80.0,0.0012256573168550572,0.37947122861586313
AB,Td_min,4,0.7004350141589082,0.4014372245417077,0.7407632727886166,0.973170057651865,0.9917832957867231,0.8395727965599573,0.6163105529447619,0.23802648392585535,54.008700283178165,10.0,13.0,2.8028744490834154,0.009199309651474802,1.4731700576518652,1.0,4.934313906381904,40.0,1.0,0.009199309651474802,1.4731700576518652,1.0556155169039616,2.0667148369348385,0.0714079451777566,132,54.008700283178165,10.0,13.0,2.8028744490834154,0.009199309651474802,1.4731700576518652,1.0,4.934313906381904,40.0,1.0,0.009199309651474802,1.4731700576518652,1.0556155169039616,2.0667148369348385,0.0714079451777566,True,,resolved_oscillation,1.0,390.6,7.232168112767164,0.005005249461892876,0.6125452521170573,77.97375860709558,30.211302982597644,265.1400233824703,50.77964911547117,0.6061187916026625,0.0,612.0917932758738,191.4766853473999,1.0750884678093968,0.18093518238760622,0.16829794738313977,0.3730282159520107,2.05,2.8977510457135223,0.9875478196099541,0.9946702590034698,40.0,80.0,0.16829794738313977,0.3730282159520107
AB,Td_min,5,0.8085897594519936,0.9283144976343863,0.4369071057473428,0.6793096803954553,0.4457193604870616,0.8902233596814232,0.30683681880373526,0.2464707225199041,56.17179518903987,10.0,13.0,3.856628995268773,0.003701938928909887,1.1793096803954553,1.0,2.0490118182911075,40.0,1.0,0.003701938928909887,1.1793096803954553,1.1012010237132808,1.0134604919955046,0.07394121675597122,133,56.17179518903987,10.0,13.0,3.856628995268773,0.003701938928909887,1.1793096803954553,1.0,2.0490118182911075,40.0,1.0,0.003701938928909887,1.1793096803954553,1.1012010237132808,1.0134604919955046,0.07394121675597122,True,,resolved_oscillation,1.0,816.75,14.540215374127168,0.0006121824303642485,0.99397258674149,1062.0570253365668,6.401456595807299,1101.703780875603,706.7676351457475,0.6161003979185797,0.3648078204843368,3122.9472781166023,25.48105095120481,4.216231730114015,0.01750487190243206,0.004151781264157104,0.4567873805820929,4.716666666666667,18.70588763963399,0.9492948423167895,0.9820260187086418,40.0,80.0,0.004151781264157104,0.4567873805820929
AB,Td_min,6,0.37320422566866895,0.8625034418378221,0.8867248432919269,0.4437347746393657,0.4617652819142606,0.17305191977008727,0.3697961343740416,0.12011926120459937,47.46408451337338,10.0,13.0,3.7250068836756443,0.014244775826231116,0.9437347746393657,1.0,2.1026165626639304,40.0,1.0,0.014244775826231116,0.9437347746393657,0.4557467277930785,1.1715643252354049,0.03603577836137981,134,47.46408451337338,10.0,13.0,3.7250068836756443,0.014244775826231116,0.9437347746393657,1.0,2.1026165626639304,40.0,1.0,0.014244775826231116,0.9437347746393657,0.4557467277930785,1.1715643252354049,0.03603577836137981,True,,resolved_oscillation,1.0,466.25,9.823216960365693,0.0009928365681206985,0.9506403979996685,227.1852945923804,11.213775721407965,457.2063154503251,67.07179294913736,0.5593565683646112,0.2075094423461453,604.5048365313826,29.620237577536976,1.150106677524466,0.025831804192052703,0.022460354936512564,0.33748055987558323,2.3666666666666667,2.738645995875262,0.9935242400028078,0.997949893743281,40.0,80.0,0.022460354936512564,0.33748055987558323
AB,Td_min,7,0.5788677178703376,0.49622080261620993,0.0015575791320572296,0.7098664043105585,0.9560701223241277,0.3725144238776874,0.9611080662365922,0.35699789581469954,51.577354357406755,10.0,13.0,2.99244160523242,0.001004676993224574,1.2098664043105585,1.0,4.658695632716976,40.0,1.0,0.001004676993224574,1.2098664043105585,0.6352629814899187,4.571703650645531,0.10709936874440985,135,51.577354357406755,10.0,13.0,2.99244160523242,0.001004676993224574,1.2098664043105585,1.0,4.658695632716976,40.0,1.0,0.001004676993224574,1.2098664043105585,0.6352629814899187,4.571703650645531,0.10709936874440985,True,,resolved_oscillation,1.0,853.75,16.552807150283726,0.0005856515373352855,0.9980616883867929,2399.4589389309026,4.650899126743293,2130.813226286324,1807.5194692871803,0.6448023426061493,0.33814707842701625,6912.209239678274,22.957574126420162,9.90499628701122,0.01268477260760839,0.001280643852864679,0.44367918240391024,4.933333333333334,45.86874656946683,0.8210557591028775,0.9407228909641724,40.0,80.0,0.001280643852864679,0.44367918240391024
AB,Td_min,8,0.7148681274164026,0.5048124943431317,0.9217794243662824,0.25378836310641073,0.48115780150084886,0.6166769025777588,0.9266438061402799,0.37517357399106444,54.29736254832805,10.0,13.0,3.009624988686263,0.015822047372292144,0.7537883631064107,1.0,2.169276295607102,40.0,1.0,0.015822047372292144,0.7537883631064107,0.8550092123199828,4.2229292992192535,0.11255207219731933,136,54.29736254832805,10.0,13.0,3.009624988686263,0.015822047372292144,0.7537883631064107,1.0,2.169276295607102,40.0,1.0,0.015822047372292144,0.7537883631064107,0.8550092123199828,4.2229292992192535,0.11255207219731933,True,,resolved_oscillation,1.0,442.3333333333333,8.146497593499666,0.0011303692539562924,0.9184401115109043,159.7328148831804,13.027790569921578,300.5673704179306,53.045436951247105,0.5894875659382065,0.045767607198400354,2597.23007287599,251.5703227720893,4.50754404975259,0.15936662787432965,0.03535553421448582,0.4838924683403688,2.35,11.137284112485244,0.9138946328965932,0.9710674024770553,40.0,80.0,0.03535553421448582,0.4838924683403688
AB,Td_min,9,0.913681446634874,0.6848542803973867,0.545033930508929,0.7217621395502537,0.9406082623381035,0.4715857368406461,0.9437489081058605,0.8804158591471485,58.27362893269748,10.0,13.0,3.3697085607947734,0.005118061406490561,1.2217621395502536,1.0,4.544195017836997,40.0,1.0,0.005118061406490561,1.2217621395502536,0.7244271631565814,4.3925722383088575,0.2641247577441445,137,58.27362893269748,10.0,13.0,3.3697085607947734,0.005118061406490561,1.2217621395502536,1.0,4.544195017836997,40.0,1.0,0.005118061406490561,1.2217621395502536,0.7244271631565814,4.3925722383088575,0.2641247577441445,True,,resolved_oscillation,1.0,733.0,12.578588521517524,0.0,0.9870171424646481,698.3961858852559,9.067178184581417,1332.4626153323732,223.41642908119263,0.6108458390177354,0.23483670295489892,4855.576978344198,87.4318644875435,6.806675620895572,0.071247572941229,0.010467308405664082,0.3965785381026439,3.65,23.851569391792502,0.6320239087810251,0.8924308652442673,40.0,80.0,0.010467308405664082,0.3965785381026439
AB,Td_min,10,0.02318134055244625,0.4462819689375723,0.9938149577766761,0.9015922436254239,0.8793790695616299,0.4601942566664927,0.11453905085060889,0.29314213139177814,40.463626811048925,10.0,13.0,2.8925639378751447,0.019632837420500534,1.4015922436254238,1.0,4.11774636103419,40.0,1.0,0.019632837420500534,1.4015922436254238,0.7141748309998435,0.6508921820207567,0.08794263941753344,138,40.463626811048925,10.0,13.0,2.8925639378751447,0.019632837420500534,1.4015922436254238,1.0,4.11774636103419,40.0,1.0,0.019632837420500534,1.4015922436254238,0.7141748309998435,0.6508921820207567,0.08794263941753344,True,,steady_state,0.0,,,,,18.05710468144791,18.057104617373714,677.3847405543302,45.421232066404656,,0.0,397.90417640176264,397.9041532044211,0.6791089926192196,0.6791089879247701,0.9999999930873401,1.0,4.233333333333333,,0.9901372857120787,0.9901372857310348,40.0,80.0,,
AB,Td_min,11,0.3134177590478612,0.7833164928346555,0.6936976459779453,0.6974159517909397,0.3326584954172609,0.6616409964329848,0.40307903288704905,0.6314419665790977,46.26835518095722,10.0,13.0,3.566632985669311,0.007989533927861336,1.1974159517909397,1.0,1.7081197333764204,40.0,1.0,0.007989533927861336,1.1974159517909397,0.8954768967896862,1.2648791599232423,0.1894325899737293,139,46.26835518095722,10.0,13.0,3.566632985669311,0.007989533927861336,1.1974159517909397,1.0,1.7081197333764204,40.0,1.0,0.007989533927861336,1.1974159517909397,0.8954768967896862,1.2648791599232425,0.1894325899737293,True,,resolved_oscillation,1.0,546.8571428571429,11.819247533619137,0.000691157604771314,0.9851654820434645,539.4986336464059,8.00320216835393,600.6168262437803,232.28633808368465,0.6084770114942528,0.29482337258387026,2072.698811331584,47.89198821589821,3.61730720515897,0.0388938798082536,0.010752163861776382,0.4112419462341702,3.091666666666667,10.690568137172088,0.8726700467132932,0.9598308105475295,40.0,80.0,0.010752163861776382,0.4112419462341702
AB,Td_min,12,0.30124927776650634,0.024031735423203138,0.3713608600938766,0.5394681067715948,0.3484344915921219,0.41869845356194746,0.0743758010283625,0.5957220289699944,46.024985555330126,10.0,13.0,2.0480634708464063,0.0030419468259424236,1.039468106771595,1.0,1.7520450063988318,40.0,1.0,0.0030419468259424236,1.039468106771595,0.6768286082057526,0.5933976271719327,0.1787166086909983,140,46.024985555330126,10.0,13.0,2.0480634708464063,0.0030419468259424236,1.039468106771595,1.0,1.7520450063988318,40.0,1.0,0.0030419468259424236,1.039468106771595,0.6768286082057526,0.5933976271719327,0.1787166086909983,True,,resolved_oscillation,1.0,379.0,8.234657663159402,0.0,0.9610092331873328,285.5827684777073,11.135091131430192,348.63981867694906,109.37927879694637,0.633245382585752,0.16618529215729838,416.15640533637963,29.125133930564278,0.8457729471128739,0.007229254161377662,0.008547511700457441,0.2906020884247945,2.033333333333333,1.717852374278451,0.9722792298572446,0.990995530050795,40.0,80.0,0.008547511700457441,0.2906020884247945
AB,Td_min,13,0.9236104707096142,0.26008903724763854,0.8937767146418455,0.7360853102868091,0.6297901131894204,0.3533399201315356,0.54972461355271,0.24027480692021974,58.472209414192285,10.0,13.0,2.520178074495277,0.014548905237875978,1.2360853102868092,1.0,2.755525269985407,40.0,1.0,0.014548905237875978,1.2360853102868092,0.6180059281183821,1.7729423656115402,0.07208244207606591,141,58.472209414192285,10.0,13.0,2.520178074495277,0.014548905237875978,1.2360853102868092,1.0,2.755525269985407,40.0,1.0,0.014548905237875978,1.2360853102868092,0.6180059281183821,1.7729423656115402,0.07208244207606591,True,,resolved_oscillation,1.0,369.0,6.310690218427712,0.010425682418250051,0.4585517354957875,59.58490858714947,32.26214534515423,167.2396514868768,41.94564782457538,0.6497289972899729,0.0,346.1735203012559,183.00877513738897,0.5082147080894963,0.17174545672910943,0.3379387766535579,0.005998666962897134,4.1,1.7029577376180314,0.9940536980803413,0.9966376584254295,40.0,80.0,0.3379387766535579,0.005998666962897134
AB,Td_min,14,0.2951833778023464,0.29587452410599624,0.37675403278337516,0.07604663233161935,0.21428753930495725,0.20466249303767636,0.7919028093038489,0.04476630886248789,45.903667556046926,10.0,13.0,2.5917490482119927,0.0030914932147346765,0.5760466323316193,1.0,1.4118240063671235,40.0,1.0,0.0030914932147346765,0.5760466323316193,0.4841962437339087,3.0965123298144808,0.013429892658746367,142,45.903667556046926,10.0,13.0,2.5917490482119927,0.0030914932147346765,0.5760466323316193,1.0,1.4118240063671235,40.0,1.0,0.0030914932147346765,0.5760466323316193,0.4841962437339087,3.0965123298144794,0.013429892658746367,True,,resolved_oscillation,1.0,355.3636363636364,7.741508582723779,0.0014197428422114717,0.9389561531901252,159.48363388502074,9.735494515559372,191.18334831071365,70.90736903589784,0.6072652852391917,0.2712730504332371,1054.5317551499177,91.30031422904428,2.096667328688233,0.014292797937915751,0.00681691260332556,0.477671628526994,2.183333333333333,4.483432040745198,0.9957011356173558,0.9984080065457028,40.0,80.0,0.00681691260332556,0.477671628526994
AB,Td_min,15,0.4460490341746831,0.4956740475582503,0.6505030867783376,0.3678801652864846,0.44262136838463495,0.3567890580726589,0.7861953008443282,0.3266761862476052,48.92098068349366,10.0,13.0,2.991348095116501,0.007019788512141638,0.8678801652864846,1.0,2.0388208196141258,40.0,1.0,0.007019788512141638,0.8678801652864846,0.621110152265393,3.0560841268539645,0.09800285587428155,143,48.92098068349366,10.0,13.0,2.991348095116501,0.007019788512141638,0.8678801652864846,1.0,2.0388208196141258,40.0,1.0,0.007019788512141638,0.8678801652864846,0.621110152265393,3.0560841268539645,0.09800285587428155,True,,resolved_oscillation,1.0,529.4285714285714,10.822116892010813,0.001009621529080934,0.9822572578700712,463.1968053664665,8.218381473024014,528.8532428534214,191.86506876226196,0.6124527792768484,0.2899355698733615,2560.0802376752954,72.98867514788832,4.385989979174285,0.04166219730404962,0.009498926696566011,0.4416796267496112,2.9166666666666665,12.367100438795232,0.9282237389045521,0.9767803602621503,40.0,80.0,0.009498926696566011,0.4416796267496112
AB,Td_min,16,0.8485639473755167,0.28577343400915445,0.19195520983891223,0.3853034399427899,0.5293155168028456,0.028087019400847124,0.24521803081693405,0.1709331898065073,56.971278947510335,10.0,13.0,2.571546868018309,0.0017772130182360899,0.8853034399427899,1.0,2.344097485863484,40.0,1.0,0.0017772130182360899,0.8853034399427899,0.3252783174607624,0.8794031869231538,0.051279956941952184,144,56.971278947510335,10.0,13.0,2.571546868018309,0.0017772130182360899,0.8853034399427899,1.0,2.344097485863484,40.0,1.0,0.0017772130182360899,0.8853034399427899,0.3252783174607624,0.8794031869231538,0.051279956941952184,True,,resolved_oscillation,1.0,675.1666666666666,11.851000699645898,0.0006046629826667929,0.9912821066984057,778.4850277866315,6.786749409132531,830.0513705277406,392.5936294354038,0.6265119723525056,0.27904910019995555,527.3186185609089,7.4971824462027845,0.761486880976399,0.0016417067093394302,0.0021559225120653287,0.26016440790935347,3.6083333333333334,2.6071834432326497,0.9938005718741612,0.9981911041655414,40.0,80.0,0.0021559225120653287,0.26016440790935347
AB,Td_min,17,0.14176045233543655,0.32786926200840927,0.12153798541605187,0.8674324012996638,0.7705241825193797,0.8212992686047814,0.49428288340064575,0.17215494341127735,42.835209046708734,10.0,13.0,2.6557385240168188,0.0014392113146310583,1.3674324012996637,1.0,3.4559964778269046,40.0,1.0,0.0014392113146310583,1.3674324012996637,1.039169341744303,1.5604608877308435,0.051646483023383205,145,42.835209046708734,10.0,13.0,2.6557385240168188,0.0014392113146310583,1.3674324012996637,1.0,3.4559964778269046,40.0,1.0,0.0014392113146310583,1.3674324012996637,1.039169341744303,1.5604608877308435,0.051646483023383205,True,,resolved_oscillation,1.0,615.5714285714286,14.370688092129816,0.0008683354343870832,0.9962336818689068,1477.1497249536123,5.563415791432079,1538.7603539832037,895.392700982249,0.6359944302622418,0.2954898911353033,3760.759576812554,23.61524393390471,6.808291909432175,0.011494530429834292,0.001688313395304015,0.3990224394578982,3.341666666666667,21.428888374312073,0.9441544864255327,0.9835942695644139,40.0,80.0,0.001688313395304015,0.3990224394578982
AB,Td_min,18,0.06469307434621363,0.011841787648559254,0.9901753778860107,0.5100265748839851,0.24386234796739392,0.9723548965289336,0.18530812723112733,0.07398357953597556,41.29386148692427,10.0,13.0,2.0236835752971185,0.019419939276638078,1.0100265748839852,1.0,1.4806501890554022,40.0,1.0,0.019419939276638078,1.0100265748839852,1.1751194068760402,0.7660870685498672,0.02219507386079267,146,41.29386148692427,10.0,13.0,2.0236835752971185,0.019419939276638078,1.0100265748839852,1.0,1.4806501890554022,40.0,1.0,0.019419939276638088,1.0100265748839852,1.1751194068760402,0.7660870685498672,0.02219507386079267,True,,resolved_oscillation,1.0,256.15384615384613,6.203194298865884,0.0026887639676803385,0.30992275323715945,41.243340628892966,28.461090948488458,102.08935757963854,27.879339744854864,0.6646396396396397,0.0,323.0302652618402,233.1999395498312,0.6067590877911445,0.3455144473218001,0.5694425584619036,0.09531215285492113,,1.939978406855807,0.9979255628038964,0.9984373081063066,40.0,80.0,0.5694425584619036,0.09531215285492113
AB,Td_min,19,0.9211279934052016,0.7189310719243752,0.3595363148666204,0.008470141514244522,0.614501749387959,0.9187699952713662,0.5653192310309306,0.6859534039173187,58.42255986810403,10.0,13.0,3.4378621438487507,0.0029360776030532385,0.5084701415142445,1.0,2.6885510697643706,40.0,1.0,0.0029360776030532385,0.5084701415142445,1.1268929957442295,1.8377618651452943,0.20578602117519562,147,58.42255986810403,10.0,13.0,3.4378621438487507,0.002936077603053238,0.5084701415142445,1.0,2.6885510697643706,40.0,1.0,0.0029360776030532385,0.5084701415142445,1.1268929957442295,1.8377618651452943,0.20578602117519562,True,,resolved_oscillation,1.0,716.6,12.265809673828242,0.0007643351346708989,0.9891357132619578,588.4894632187937,6.393518270725468,571.8193591741923,386.33034861093483,0.616801562936087,0.3701399688958009,2292.5087331693435,34.06965358325608,3.0645863839217267,0.01111299542715206,0.003626262743140838,0.4625638746945123,4.333333333333333,12.506461303269978,0.8804003692645543,0.9560779156111315,40.0,80.0,0.003626262743140838,0.4625638746945123
AB,Td_min,20,0.21333075616474662,0.46494735339945903,0.7029286016979912,0.6847519706450776,0.45656378171454903,0.066410428609471,0.5239147617457327,0.5455612958419926,44.26661512329493,10.0,13.0,2.929894706798918,0.008213555491511175,1.1847519706450775,1.0,2.085087998207999,40.0,1.0,0.008213555491511175,1.1847519706450775,0.3597693857485239,1.6706472727944355,0.1636683887525978,148,44.26661512329493,10.0,13.0,2.929894706798918,0.008213555491511175,1.1847519706450775,1.0,2.085087998207999,40.0,1.0,0.008213555491511175,1.1847519706450775,0.3597693857485239,1.6706472727944355,0.1636683887525978,True,,resolved_oscillation,1.0,473.125,10.688077204055793,0.000747272688176008,0.9796120292860824,449.2093921658533,9.158467931894162,613.0473391444325,160.36988843536787,0.6049141347424043,0.26283048211508553,919.8001208944419,28.210923168389748,1.7888731681149124,0.021083454693407336,0.01178588570123435,0.38546989557876027,2.4583333333333335,4.288580451239053,0.9472714932804016,0.9832962855603342,40.0,80.0,0.01178588570123435,0.38546989557876027
AB,Td_min,21,0.8219258454434447,0.31896266985311017,0.43766206874156466,0.49990424355663865,0.7169457026455673,0.4357792480321784,0.5996465601993903,0.8802543008467651,56.43851690886889,10.0,13.0,2.6379253397062206,0.0037103209571532373,0.9999042435566386,1.0,3.1704692172466618,40.0,1.0,0.0037103209571532373,0.9999042435566386,0.6922013232289606,1.9889165634954384,0.2640762902540295,149,56.43851690886889,10.0,13.0,2.6379253397062206,0.0037103209571532378,0.9999042435566386,1.0,3.1704692172466618,40.0,1.0,0.0037103209571532373,0.9999042435566386,0.6922013232289606,1.9889165634954384,0.2640762902540295,True,,resolved_oscillation,1.0,698.0,12.367440503921436,0.0,0.9920640489019892,923.5639094262206,7.329358021094224,1024.5046300628653,399.0610344659659,0.6346704871060171,0.28304821150855364,2315.884364457853,35.8899752453033,3.3261136676970797,0.018400247312715962,0.005532056072351805,0.402577205065541,3.716666666666667,11.774331812434582,0.8202316096660691,0.9438289314833235,40.0,80.0,0.005532056072351805,0.402577205065541
AB,Td_min,22,0.17988736384263693,0.6969107328092301,0.6335471684261575,0.5509199571228793,0.8481709139021257,0.3486284427256984,0.980574699729904,0.08487242491476177,43.597747276852736,10.0,13.0,3.39382146561846,0.006672120325377742,1.0509199571228793,1.0,3.916030154842152,40.0,1.0,0.006672120325377742,1.0509199571228793,0.6137655984531285,4.781285797412691,0.02546172747442853,150,43.597747276852736,10.0,13.0,3.39382146561846,0.006672120325377742,1.0509199571228793,1.0,3.916030154842152,40.0,1.0,0.006672120325377742,1.0509199571228793,0.6137655984531285,4.781285797412691,0.02546172747442853,True,,resolved_oscillation,1.0,571.2857142857143,13.103560389438421,0.0008541260953538049,0.9874884851104102,679.9260953306689,8.506905465550329,1189.030033658162,256.4148377081325,0.5937484371092773,0.2737169517884914,4631.375263998081,71.30862831397299,8.645067025277502,0.07393763322740025,0.008552580681122817,0.4276827371695179,2.9,24.1832678116531,0.9659797925058718,0.9898555475745338,40.0,80.0,0.008552580681122817,0.4276827371695179
AB,Td_min,23,0.9779841357746459,0.3287124873925278,0.08087632777524123,0.428318534017873,0.25608481486483725,0.8729212352329343,0.7929911185726779,0.12612542097333246,59.55968271549292,10.0,13.0,2.6574249747850556,0.001274155779124468,0.928318534017873,1.0,1.5100648695064638,40.0,1.0,0.001274155779124468,0.928318534017873,1.0856291117096408,3.1042816871889642,0.037837626291999736,151,59.55968271549292,10.0,13.0,2.6574249747850556,0.001274155779124468,0.928318534017873,1.0,1.5100648695064638,40.0,1.0,0.001274155779124468,0.928318534017873,1.0856291117096408,3.1042816871889642,0.037837626291999736,True,,resolved_oscillation,1.0,641.0,10.762313880380367,0.0,0.986890606595396,542.9399403951801,7.117613273712612,545.4057747522965,274.0194503865722,0.62402496099844,0.30171073094867806,6329.060792348324,134.47749541349995,8.859814090964086,0.014878560992692396,0.0016793310604414022,0.46500777604976673,3.5833333333333335,30.211189937091078,0.9475217008692537,0.9831587886711605,40.0,80.0,0.0016793310604414022,0.46500777604976673
AB,Td_min,24,0.47192587140961706,0.3402603413700579,0.283665563286857,0.32617748054883455,0.526312222726394,0.13956516709130617,0.18540594859632797,0.31633641727601725,49.43851742819234,10.0,13.0,2.6805206827401156,0.0023391464148306627,0.8261774805488346,1.0,2.332794359765584,40.0,1.0,0.0023391464148306627,0.8261774805488346,0.42560865038217555,0.766259642981382,0.09490092518280517,152,49.43851742819234,10.0,13.0,2.6805206827401156,0.0023391464148306627,0.8261774805488346,1.0,2.332794359765584,40.0,1.0,0.0023391464148306627,0.8261774805488346,0.42560865038217555,0.766259642981382,0.09490092518280517,True,,resolved_oscillation,1.0,567.1428571428571,11.47168011190084,0.0006664360985049346,0.9889008653162059,624.0360058208497,6.926259676142552,665.784824676594,318.54719749535616,0.6220654911838792,0.30282159520106644,484.6402776026457,8.415513970814397,0.8069946132363182,0.0022948168102153595,0.002843658151585891,0.2946011997333926,3.1166666666666667,2.392968222679602,0.9872554475566149,0.9959701164833854,40.0,80.0,0.002843658151585891,0.2946011997333926
AB,Td_min,25,0.0037393730201488173,0.332130848458681,0.47799425521871675,0.9860244128897545,0.32422163560981,0.23806648353124005,0.9210385550297289,0.31793519788627744,40.07478746040297,10.0,13.0,2.664261696917362,0.004186825530905909,1.4860244128897544,1.0,1.6850826151783185,40.0,1.0,0.004186825530905909,1.4860244128897544,0.514259835178116,4.168775994915668,0.09538055936588323,153,40.07478746040297,10.0,13.0,2.664261696917362,0.004186825530905909,1.4860244128897544,1.0,1.6850826151783185,40.0,1.0,0.004186825530905909,1.4860244128897544,0.514259835178116,4.168775994915668,0.09538055936588323,True,,resolved_oscillation,1.0,437.8888888888889,10.926792545601332,0.0007612281146917026,0.9864451175653023,564.6636482248433,7.653949366835255,585.189964518796,247.5981729980315,0.6280131946206546,0.2781604087980449,3862.15048485368,97.4539564557768,8.016676901640887,0.04839407710092867,0.006036675507157232,0.45767607198400356,2.45,18.7839627005065,0.8726884058023711,0.9599937402537296,40.0,80.0,0.006036675507157232,0.45767607198400356
AB,Td_min,26,0.7326152812239027,0.15880740001429594,0.7315526222870028,0.9819235271006114,0.44424563520368043,0.8995501600465765,0.7702554738662177,0.8733172195768184,54.65230562447805,10.0,13.0,2.3176148000285917,0.00894894636153274,1.4819235271006113,1.0,2.0441575890491483,40.0,1.0,0.00894894636153274,1.4819235271006113,1.1095951440419187,2.9459507236158826,0.2619951658730455,154,54.65230562447805,10.0,13.0,2.3176148000285917,0.00894894636153274,1.4819235271006113,1.0,2.0441575890491483,40.0,1.0,0.00894894636153274,1.4819235271006113,1.1095951440419187,2.9459507236158826,0.2619951658730455,True,,resolved_oscillation,1.0,450.77777777777777,8.248101752103945,0.0009782171473001937,0.951227139487402,275.3442784743636,13.429328086972102,412.51727348608233,93.76389459255469,0.6444417056938625,0.0,3430.4063382691365,309.2130167545815,5.8149588289063106,0.1688606008881322,0.029039001970009106,0.4798933570317707,2.35,14.262865208848362,0.6890716348776308,0.898408931460425,40.0,80.0,0.029039001970009106,0.4798933570317707
AB,Td_min,27,0.5451087663799189,0.17478857874816356,0.6751111745047766,0.21103105998534566,0.47372262078119953,0.27706809452061376,0.08242795025315841,0.20941401680263994,50.90217532759838,10.0,13.0,2.349577157496327,0.007556834108004992,0.7110310599853457,1.0,2.1434724322101038,40.0,1.0,0.007556834108004992,0.7110310599853457,0.5493612850685523,0.6045022958145511,0.06282420504079197,155,50.90217532759838,10.0,13.0,2.349577157496327,0.007556834108004992,0.7110310599853457,1.0,2.1434724322101038,40.0,1.0,0.007556834108004992,0.7110310599853457,0.5493612850685523,0.6045022958145511,0.06282420504079197,True,,resolved_oscillation,1.0,436.8888888888889,8.582911949777015,0.0007629704984740591,0.9596383189155512,267.15229999948383,10.782715933556169,352.310748620717,98.2382362734762,0.6180061037639878,0.1995112197289491,284.27317109407375,18.37992935480759,0.5157682566950945,0.007104252595282132,0.01377411754807147,0.0837591646300822,2.3333333333333335,1.205597721321141,0.9947923693328226,0.9982773163181587,40.0,80.0,0.01377411754807147,0.0837591646300822
AB,Td_min,28,0.0052234488683921,0.5671990511643153,0.9824233046384001,0.9901042993929583,0.8684331197247117,0.5459952500686578,0.7216872091884045,0.610060609924768,40.104468977367844,10.0,13.0,3.134398102328631,0.018974143804986826,1.4901042993929583,1.0,4.045839978009278,40.0,1.0,0.018974143804986826,1.4901042993929583,0.791395725061792,2.6342513635520346,0.1830181829774304,156,40.104468977367844,10.0,13.0,3.134398102328631,0.018974143804986826,1.4901042993929583,1.0,4.045839978009278,40.0,1.0,0.018974143804986833,1.4901042993929583,0.791395725061792,2.6342513635520346,0.1830181829774304,True,,steady_state,0.0,,,,,16.482508618613327,16.482508438445887,719.2144605449839,40.74268483864211,,0.0,1928.3670813595545,1928.3670210479872,3.320647272479045,3.320647202936834,0.9999999790576339,1.0,3.433333333333333,,0.8879571306719245,0.8879571319754463,40.0,80.0,,
AB,Td_min,29,0.896103369156208,0.09762210073206024,0.7021926793540646,0.5344320235740077,0.12301565154377614,0.43951840096355876,0.716675164080167,0.8026172127841293,57.92206738312416,10.0,13.0,2.1952442014641207,0.00819546761675082,1.0344320235740077,1.0,1.2189453935804007,40.0,1.0,0.00819546761675082,1.0344320235740077,0.6955665608672028,2.604025114200645,0.2407851638352388,157,57.92206738312416,10.0,13.0,2.1952442014641207,0.00819546761675082,1.0344320235740077,1.0,1.2189453935804007,40.0,1.0,0.00819546761675082,1.0344320235740077,0.6955665608672028,2.604025114200645,0.2407851638352388,True,,resolved_oscillation,1.0,419.5,7.2424901070127055,0.0012563677632770678,0.9276843352544509,179.88977443418685,13.008848619135117,232.74728656450665,66.62321032793385,0.638259833134684,0.014663408131526327,1798.2072395319854,227.69825348419872,2.9150776792982076,0.0757897083754509,0.025999207127028242,0.48655854254610087,2.45,7.368636940186216,0.8607501303139435,0.9493928980459779,40.0,80.0,0.025999207127028242,0.48655854254610087
AB,Td_min,30,0.6419335007157295,0.8407494147148626,0.1627078196361389,0.18400605895795552,0.9153118394219858,0.6622785865219342,0.34201139629394184,0.761506421166632,52.83867001431459,10.0,13.0,3.6814988294297253,0.0016281250333504938,0.6840060589579555,1.0,4.362902627321284,40.0,1.0,0.0016281250333504938,0.6840060589579555,0.8960507278697407,1.0989587737214994,0.2284519263499896,158,52.83867001431459,10.0,13.0,3.6814988294297253,0.0016281250333504938,0.6840060589579555,1.0,4.362902627321284,40.0,1.0,0.0016281250333504938,0.6840060589579555,0.8960507278697407,1.0989587737214994,0.2284519263499896,True,,resolved_oscillation,1.0,824.0,15.594639300663117,0.0,0.9961766319282416,1347.1813231245883,5.150770057703799,1287.2138761667877,1087.0718853542794,0.625,0.3814707842701622,1513.0390206211473,6.970756834997422,2.1212768088705243,0.003940127984628654,0.0018574322635085887,0.44301266385247723,4.916666666666667,9.759455693266208,0.9053961513185455,0.9652543936909838,40.0,80.0,0.0018574322635085887,0.44301266385247723
AB,Td_min,31,0.17026803937209145,0.5858255229716866,0.8827516093406286,0.1975083502442333,0.42790177911939253,0.8533965863188613,0.9318053292379148,0.9537836951071544,43.40536078744183,10.0,13.0,3.1716510459433733,0.014076228964528923,0.6975083502442333,1.0,1.9910882451276535,40.0,1.0,0.014076228964528923,0.6975083502442333,1.0680569276869751,4.273417592722049,0.2861351085321463,159,43.40536078744183,10.0,13.0,3.1716510459433733,0.014076228964528923,0.6975083502442333,1.0,1.9910882451276535,40.0,1.0,0.014076228964528923,0.6975083502442333,1.0680569276869751,4.273417592722049,0.2861351085321463,True,,resolved_oscillation,1.0,387.0,8.915949389181625,0.0,0.958626345187611,232.10957038075517,9.603221243585276,237.95255994273552,81.22878154305963,0.627906976744186,0.27838258164852253,2831.392757623605,226.15683933629714,5.523446262086602,0.1606894039741913,0.029092236323032022,0.5141079760053322,2.466666666666667,13.520969306621078,0.6665391246968887,0.8742028614436922,40.0,80.0,0.029092236323032022,0.5141079760053322
AB,Td_min,32,0.7438735016866733,0.8413148429729738,0.5906917281865809,0.2627126403874821,0.6550826693183404,0.7769402083886271,0.7903188624593088,0.30569927964458465,54.877470033733466,10.0,13.0,3.6826296859459475,0.005868237151616026,0.7627126403874821,1.0,2.870008191014471,40.0,1.0,0.005868237151616026,0.7627126403874821,0.9992461875497642,3.0852393852147566,0.09170978389337539,160,54.877470033733466,10.0,13.0,3.6826296859459475,0.005868237151616026,0.7627126403874821,1.0,2.870008191014471,40.0,1.0,0.005868237151616026,0.7627126403874821,0.9992461875497642,3.0852393852147566,0.09170978389337539,True,,resolved_oscillation,1.0,736.0,13.411696996009054,0.0,0.9909152055018621,789.1116618045056,7.168917283578016,861.0382194078641,411.85232549349826,0.6141304347826086,0.33348144856698514,4812.248794537837,66.66795250935235,6.814244234395966,0.04954929699793842,0.007271429566294465,0.44590091090868694,4.216666666666667,27.164094613335767,0.8963693178451623,0.9654057706138008,40.0,80.0,0.007271429566294465,0.44590091090868694
AB,Td_min,33,0.09819015861955549,0.2542365218699282,0.11984868902090784,0.21289201770014698,0.2844369626022776,0.215498302700181,0.5288499542686814,0.8553785018010519,41.96380317239111,10.0,13.0,2.5084730437398566,0.001431946325499754,0.712892017700147,1.0,1.5805669808537361,40.0,1.0,0.001431946325499754,0.712892017700147,0.4939484724301629,1.6897402866206526,0.25661355054031554,161,41.96380317239111,10.0,13.0,2.5084730437398566,0.0014319463254997538,0.712892017700147,1.0,1.5805669808537361,40.0,1.0,0.001431946325499754,0.712892017700147,0.4939484724301629,1.6897402866206526,0.25661355054031554,True,,resolved_oscillation,1.0,358.27272727272725,8.537661036129409,0.001303753623817826,0.9628729536984463,234.12382726612793,8.692326175206476,251.2623447316839,105.78272317318294,0.6207561532605939,0.2950455454343479,690.3537198697842,41.00269982179464,1.4488892279913455,0.004577410840385965,0.0031592552087172446,0.42857142857142855,2.183333333333333,3.041664804218746,0.9246679551341692,0.9726250929643896,40.0,80.0,0.0031592552087172446,0.42857142857142855
AB,Td_min,34,0.23660133531883532,0.9662316694526888,0.37274283035622435,0.1750304734321343,0.9875008646722722,0.4630627884669968,0.38130948963773503,0.5292730561158066,44.73202670637671,10.0,13.0,3.932463338905378,0.003054566630142853,0.6750304734321343,1.0,4.900422030910761,40.0,1.0,0.003054566630142853,0.6750304734321343,0.716756509620297,1.2030384113259651,0.15878191683474197,162,44.73202670637671,10.0,13.0,3.932463338905378,0.003054566630142853,0.6750304734321343,1.0,4.900422030910761,40.0,1.0,0.003054566630142853,0.6750304734321343,0.716756509620297,1.2030384113259651,0.15878191683474197,True,,resolved_oscillation,1.0,707.4,15.81417279935491,0.000774275597264866,0.9952879706558068,1225.0812234688524,5.772618674005409,1252.0625218339103,932.9958204302784,0.6208651399491094,0.35414352366140855,1148.1328054675612,6.80759192052975,1.9007109221969298,0.006387964369231422,0.00336082899015907,0.4056876249722284,4.208333333333333,7.506003256146949,0.9459633846628601,0.9815493181316901,40.0,80.0,0.00336082899015907,0.4056876249722284
AB,Td_min,35,0.7190142190790719,0.44530082088652956,0.9710384632196135,0.6253248415770387,0.2880167805261743,0.12196760263835515,0.48354764822632257,0.8441290579269647,54.38028438158144,10.0,13.0,2.890601641773059,0.018337923961669205,1.1253248415770387,1.0,1.5896996928880285,40.0,1.0,0.018337923961669205,1.1253248415770387,0.4097708423745196,1.522361010310618,0.2532387173780894,163,54.38028438158144,10.0,13.0,2.890601641773059,0.018337923961669205,1.1253248415770387,1.0,1.5896996928880285,40.0,1.0,0.018337923961669212,1.1253248415770387,0.4097708423745196,1.522361010310618,0.2532387173780894,True,,resolved_oscillation,1.0,365.27272727272725,6.717006566380606,0.001770375235816699,0.7832581249105071,83.2059626452882,18.034216362366067,196.7292565685196,35.913076950198395,0.5940766550522648,0.0,401.7163328950944,85.96658265925389,0.7114247668587957,0.057620891743037306,0.080993654462516,0.25416574094645633,2.033333333333333,1.698791802217779,0.9636623430961786,0.985735360694089,40.0,80.0,0.080993654462516,0.25416574094645633
AB,Td_min,36,0.9115632583109372,0.05417488428145534,0.12327418220657027,0.9714779234866264,0.28757541677892484,0.6833932859140744,0.1868916785923901,0.42248977462753035,58.23126516621875,10.0,13.0,2.1083497685629107,0.0014467164135972767,1.4714779234866264,1.0,1.588570854590359,40.0,1.0,0.0014467164135972767,1.4714779234866264,0.915053957322667,0.76888552137681,0.1267469323882591,164,58.23126516621875,10.0,13.0,2.1083497685629107,0.0014467164135972767,1.4714779234866264,1.0,1.588570854590359,40.0,1.0,0.0014467164135972767,1.4714779234866264,0.915053957322667,0.76888552137681,0.1267469323882591,True,,resolved_oscillation,1.0,576.4285714285714,9.898953247592678,0.0009273004676019681,0.9850063095343787,608.510665592763,9.123820564927083,673.8722904212186,235.60122217335137,0.6384138785625775,0.2192846034214619,1553.3897192491306,45.839046408300675,2.3932955227504853,0.006498901543307687,0.0027154613717903296,0.37947122861586313,2.8666666666666667,6.646822510698391,0.9476793304472592,0.9846703741062818,40.0,80.0,0.0027154613717903296,0.37947122861586313
AB,Td_min,37,0.7651514012971702,0.6593242047859554,0.2048195830433457,0.11408570344483138,0.7692102833324719,0.24995871660714786,0.24812270663075364,0.5441891502418968,55.303028025943405,10.0,13.0,3.318648409571911,0.001847040512471595,0.6140857034448314,1.0,3.4486960139662837,40.0,1.0,0.001847040512471595,0.6140857034448314,0.524962844946433,0.8853045799577942,0.16325674507256904,165,55.303028025943405,10.0,13.0,3.318648409571911,0.001847040512471595,0.6140857034448314,1.0,3.4486960139662837,40.0,1.0,0.001847040512471595,0.6140857034448314,0.524962844946433,0.8853045799577942,0.16325674507256904,True,,resolved_oscillation,1.0,767.2,13.872658105449418,0.0005829165739050547,0.9939309565487197,935.8266980573637,5.679572893378356,963.9975358202721,668.8594707598584,0.6194603753910323,0.3452566096423017,676.4827105498108,5.086404399332666,0.9373678981023342,0.0018948657664306491,0.002021474994254372,0.3468118195956454,4.458333333333333,3.9175977710849015,0.9724533610283499,0.9908705859547983,40.0,80.0,0.002021474994254372,0.3468118195956454
AB,Td_min,38,0.5665715777612217,0.45484334849897157,0.3778401004807026,0.5335265915484285,0.7580538097473309,0.7955874573466426,0.7447623325657388,0.4984037620752796,51.331431555224434,10.0,13.0,2.909686696997943,0.00310156797886956,1.0335265915484286,1.0,3.387325056628274,40.0,1.0,0.00310156797886956,1.0335265915484286,1.0160287116119782,2.778000610874619,0.14952112862258388,166,51.331431555224434,10.0,13.0,2.909686696997943,0.00310156797886956,1.0335265915484286,1.0,3.387325056628274,40.0,1.0,0.00310156797886956,1.0335265915484286,1.0160287116119782,2.7780006108746202,0.14952112862258388,True,,resolved_oscillation,1.0,703.6,13.70700131834505,0.0007784573017412822,0.9945731550159786,1160.3780203839815,6.297191639489395,1145.3314885966447,620.2056116168271,0.6378624218305856,0.31615196622972674,4967.230319872368,52.04402881267628,7.493043545640294,0.032507041001982144,0.004338296021367157,0.43568095978671406,3.9833333333333334,28.13229423331071,0.8015838941666328,0.9350101894829492,40.0,80.0,0.004338296021367157,0.43568095978671406
AB,Td_min,39,0.626792887973555,0.9549278270831529,0.6069990404660162,0.752066943141399,0.9605213971708908,0.4830470007968839,0.4840801167323766,0.5658874191471764,52.5358577594711,10.0,13.0,3.909855654166306,0.006162032137168318,1.2520669431413989,1.0,4.692190600041989,40.0,1.0,0.006162032137168318,1.2520669431413989,0.7347423007171954,1.524228651865329,0.16976622574415293,167,52.5358577594711,10.0,13.0,3.909855654166306,0.006162032137168317,1.2520669431413989,1.0,4.692190600041989,40.0,1.0,0.006162032137168323,1.2520669431413989,0.7347423007171954,1.524228651865329,0.16976622574415293,True,,resolved_oscillation,1.0,645.3333333333334,12.283673682228848,0.0008002031707040118,0.9720063586442037,384.301443848406,10.757996791606953,1500.9741562977713,112.86485303558077,0.5470041322314049,0.18773605865363252,1868.7450799965002,32.748792354228016,3.0943232344638907,0.031028507049232868,0.010027558434634168,0.3394801155298823,2.8666666666666667,8.62908241875469,0.9046992753990992,0.9755349893048353,40.0,80.0,0.010027558434634168,0.3394801155298823
AB,Td_min,40,0.34128078667817463,0.022029308983154694,0.46089644750850756,0.321935567576238,0.7521861907367888,0.6828149072520601,0.16781697286928776,0.6518343044389883,46.825615733563495,10.0,13.0,2.0440586179663094,0.003977773984957273,0.821935567576238,1.0,3.3554871886080764,40.0,1.0,0.003977773984957273,0.821935567576238,0.9145334165268539,0.7358460741714552,0.19555029133169646,168,46.825615733563495,10.0,13.0,2.0440586179663094,0.003977773984957273,0.821935567576238,1.0,3.3554871886080764,40.0,1.0,0.003977773984957273,0.821935567576238,0.9145334165268539,0.7358460741714552,0.19555029133169646,True,,resolved_oscillation,1.0,446.44444444444446,9.53419271589938,0.0011805416849807288,0.9764696427169586,437.2130787906133,10.287779952761717,579.6088848772047,168.19814286507184,0.6338974614235938,0.1901799600088869,606.2732995233341,25.958695138962902,1.17700179881125,0.009401601193412974,0.007987754311767762,0.3263719173516996,2.2333333333333334,2.611688467553557,0.9569060480865209,0.9869249564781698,40.0,80.0,0.007987754311767762,0.3263719173516996
AB,Td_min,41,0.7772036990357192,0.6484862657754508,0.8948493318150219,0.4999552130251841,0.7789299613558915,0.5872141849970318,0.30968064225549496,0.899810359527491,55.54407398071439,10.0,13.0,3.2969725315509013,0.014595730045276952,0.9999552130251841,1.0,3.5030688932033924,40.0,1.0,0.014595730045276952,0.9999552130251841,0.8284927664973285,1.0201185539311928,0.26994310785824727,169,55.54407398071439,10.0,13.0,3.2969725315509013,0.014595730045276952,0.9999552130251841,1.0,3.5030688932033924,40.0,1.0,0.014595730045276952,0.9999552130251841,0.8284927664973285,1.0201185539311928,0.26994310785824727,True,,unresolved_oscillation,0.0,,,,0.049651548456508626,33.660665679159095,31.98936150611199,118.58736195013998,29.660366548998987,,0.0,148.88461407363525,138.85123836687114,0.18853255110826428,0.16730634662307034,0.8874135826390804,0.0,4.2,1.2572813958520404,0.9895001883141098,0.9899679501103241,40.0,80.0,,
AB,Td_min,42,0.6291733621119081,0.9747032019221333,0.7824072395318442,0.7109816588766164,0.952904028663561,0.31261461683648606,0.3711782882929373,0.5177094697691266,52.583467242238164,10.0,13.0,3.9494064038442667,0.010421621292670104,1.2109816588766162,1.0,4.635017018010833,40.0,1.0,0.010421621292670104,1.2109816588766162,0.5813531551528375,1.1752987997251907,0.15531284093073797,170,52.583467242238164,10.0,13.0,3.9494064038442667,0.010421621292670104,1.2109816588766162,1.0,4.635017018010833,40.0,1.0,0.010421621292670104,1.2109816588766162,0.5813531551528375,1.1752987997251907,0.15531284093073797,True,,steady_state,0.0,,,,,21.610399326764142,21.610381897440373,372.80002919954126,30.444229132265978,,0.0,285.95784640580126,285.95745564718055,0.37555999717049465,0.37555902329488516,0.9999974068707614,0.0,,,0.9895991118428441,0.9895991381954506,40.0,80.0,,
AB,Td_min,43,0.9294705266265637,0.7238209620991736,0.5130660887379298,0.037791826390061733,0.20526307490198326,0.9864411902014837,0.42542350137029605,0.8698764918089886,58.589410532531275,10.0,13.0,3.447641924198347,0.004650657653682553,0.5377918263900617,1.0,1.3914664273870667,40.0,1.0,0.004650657653682553,0.5377918263900617,1.1877970711813353,1.3316604629181958,0.26096294754269656,171,58.589410532531275,10.0,13.0,3.447641924198347,0.004650657653682553,0.5377918263900617,1.0,1.3914664273870667,40.0,1.0,0.004650657653682553,0.5377918263900617,1.1877970711813353,1.3316604629181958,0.26096294754269656,True,,resolved_oscillation,1.0,558.5714285714286,9.53365844603073,0.0009569456232158418,0.9689515127484458,257.88285841798404,8.006872641985135,267.94413680364096,141.14771007390817,0.5986700767263426,0.32703843590313264,1584.9014051792612,65.81267330931442,2.264601667719424,0.014307595579020718,0.006317930337580842,0.45056654076871805,3.475,7.4882957487247745,0.8795563005109144,0.9575223704924403,40.0,80.0,0.006317930337580842,0.45056654076871805
AB,Td_min,44,0.08482906605516505,0.31809303652452925,0.05540641720968964,0.35037645481237045,0.920254666357244,0.26509542561439037,0.43310533966908604,0.5024287034658289,41.6965813211033,10.0,13.0,2.6361860730490587,0.0011805527868287793,0.8503764548123705,1.0,4.397748692253874,40.0,1.0,0.0011805527868287793,0.8503764548123705,0.5385858830529513,1.3554245391133992,0.15072861103974866,172,41.6965813211033,10.0,13.0,2.6361860730490587,0.0011805527868287793,0.8503764548123705,1.0,4.397748692253874,40.0,1.0,0.0011805527868287793,0.8503764548123705,0.5385858830529513,1.3554245391133992,0.15072861103974866,True,,resolved_oscillation,1.0,581.1666666666666,13.93799319400147,0.0007024633618535069,0.9954043925304668,1170.1974077604614,5.377767947932454,1197.5151413825117,741.6645897827475,0.6349297390306854,0.3297045101088647,1036.410394461002,7.445010387501486,1.9276391199190557,0.0026490824803102357,0.001374262668222605,0.4001333037102866,3.2583333333333333,5.903954917196826,0.9484706620472463,0.983174156471312,40.0,80.0,0.001374262668222605,0.4001333037102866
AB,Td_min,45,0.9148720865562727,0.2349033339983554,0.05175284264692048,0.5805394677833117,0.9703789917660842,0.9217209976436966,0.7921983999214777,0.4085949628878395,58.29744173112545,10.0,13.0,2.4698066679967106,0.0011677019370594456,1.0805394677833116,1.0,4.767226736092789,40.0,1.0,0.0011677019370594456,1.0805394677833116,1.1295488978793269,3.0986206033196844,0.12257848886635184,173,58.29744173112545,10.0,13.0,2.4698066679967106,0.0011677019370594456,1.0805394677833116,1.0,4.767226736092789,40.0,1.0,0.0011677019370594456,1.0805394677833116,1.1295488978793269,3.0986206033196844,0.12257848886635184,True,,resolved_oscillation,1.0,858.0,14.717626957923734,0.0,0.9972723299957623,2000.3888949255586,5.456400785498594,1917.9627960219457,1142.960145334947,0.6515151515151515,0.2928238169295712,7331.728920401669,43.09588980424599,9.683812643749466,0.015918030791135913,0.0016437772369966698,0.4243501444123528,4.65,42.37062943626616,0.7962338726556827,0.9381296081638193,40.0,80.0,0.0016437772369966698,0.4243501444123528
AB,Td_min,46,0.7956061962700218,0.7068669270486545,0.375212687785102,0.3997873384363825,0.13524852246151498,0.06723370737678591,0.5138327539551703,0.3768147788965731,55.91212392540044,10.0,13.0,3.413733854097309,0.003077251283941284,0.8997873384363825,1.0,1.2431818481929522,40.0,1.0,0.003077251283941284,0.8997873384363825,0.3605103366391073,1.6323104399164237,0.11304443366897193,174,55.91212392540044,10.0,13.0,3.413733854097309,0.003077251283941284,0.8997873384363825,1.0,1.2431818481929522,40.0,1.0,0.003077251283941284,0.8997873384363825,0.3605103366391073,1.6323104399164237,0.11304443366897193,True,,resolved_oscillation,1.0,618.1666666666666,11.056039786495008,0.0006604178330501964,0.9834853649876818,431.13375173775967,7.120016551440554,456.3230797513983,258.6354464138752,0.6017794553788084,0.31659631193068205,1123.8146216933392,23.43058941060975,1.6341233439221585,0.005866721885555912,0.0035901340663029983,0.3899133525883137,3.6333333333333333,5.6000260243716715,0.9686301977853996,0.989907443136903,40.0,80.0,0.0035901340663029983,0.3899133525883137
AB,Td_min,47,0.8724654939500409,0.6878005187327936,0.4760701006722087,0.3537843335240982,0.035015686851467165,0.6317049050261032,0.22250865784072882,0.07781224274133436,57.44930987900082,10.0,13.0,3.375601037465587,0.004162761037524378,0.8537843335240982,1.0,1.0579738047865839,40.0,1.0,0.004162761037524378,0.8537843335240982,0.8685344145234928,0.8346005415478409,0.023343672822400307,175,57.44930987900082,10.0,13.0,3.375601037465587,0.004162761037524378,0.8537843335240982,1.0,1.0579738047865839,40.0,1.0,0.004162761037524378,0.8537843335240982,0.8685344145234928,0.8346005415478409,0.023343672822400307,True,,resolved_oscillation,1.0,582.4285714285714,10.13812999068704,0.000917747703402978,0.976245722437793,328.051212020046,7.792619544942632,360.515611340085,178.17631869104991,0.5953519744910474,0.30748722506109755,1285.3685557679505,38.49726149906272,1.8768781363309701,0.009298550841431646,0.0049542645638192525,0.4030215507664963,3.4,6.0659863799359925,0.9932431679740531,0.997829077449638,40.0,80.0,0.0049542645638192525,0.4030215507664963
AB,Td_min,48,0.8744195883992163,0.2012148931522557,0.5951396450376651,0.09776566282190036,0.303708843795952,0.5655754693836429,0.46791123586759553,0.8616507708534276,57.488391767984325,10.0,13.0,2.4024297863045114,0.005946953323288362,0.5977656628219004,1.0,1.63035947537973,40.0,1.0,0.005946953323288362,0.5977656628219004,0.8090179224452785,1.4685246480052399,0.25849523125602825,176,57.488391767984325,10.0,13.0,2.4024297863045114,0.005946953323288362,0.5977656628219004,1.0,1.6303594753797301,40.0,1.0,0.005946953323288362,0.5977656628219004,0.8090179224452785,1.4685246480052399,0.25849523125602825,True,,resolved_oscillation,1.0,460.5,8.010312792511542,0.0011607437216609095,0.9521814826315679,215.99770363500423,10.328689942811913,248.92003302699538,83.11695409085553,0.6254071661237784,0.2295045545434348,943.9171406425035,76.23677572761329,1.4971249824782937,0.018125026921472942,0.012106555654070605,0.41768495889802265,2.7,4.00309406064818,0.9213902758559122,0.9720129845302027,40.0,80.0,0.012106555654070605,0.41768495889802265
AB,Td_min,49,0.7335389263388301,0.8760220927708037,0.29672674234775864,0.5899843875985493,0.0475287430060467,0.30095928254761795,0.4587922640517281,0.5060696597871368,54.6707785267766,10.0,13.0,3.7520441855416076,0.0024324862403586806,1.0899843875985493,1.0,1.079496318858968,40.0,1.0,0.0024324862403586806,1.0899843875985493,0.5708633542928561,1.4380111993712392,0.15182089793614104,177,54.6707785267766,10.0,13.0,3.7520441855416076,0.0024324862403586806,1.0899843875985493,1.0,1.079496318858968,40.0,1.0,0.0024324862403586806,1.0899843875985493,0.5708633542928561,1.4380111993712392,0.15182089793614104,True,,resolved_oscillation,1.0,633.0,11.57839740090714,0.0,0.9854911114845312,466.35285246734037,6.766261545319525,477.6923044465648,319.2839772043186,0.6018957345971564,0.34147967118418127,1890.0439347765846,32.04894111274743,2.7414089797436176,0.007824378821252718,0.0028541450323783762,0.4376805154410131,3.8333333333333335,9.835470270491461,0.9260909795446896,0.9748912313180301,40.0,80.0,0.0028541450323783762,0.4376805154410131
AB,Td_min,50,0.08712409931186638,0.5657544237723552,0.30706557444850346,0.4275679161838194,0.3166776682977941,0.5557163730357745,0.7210217811166746,0.015263045840949063,41.74248198623733,10.0,13.0,3.13150884754471,0.0025090049780829666,0.9275679161838194,1.0,1.6647468092951054,40.0,1.0,0.0025090049780829666,0.9275679161838194,0.8001447357321969,2.630218241651227,0.0045789137522847185,178,41.74248198623733,10.0,13.0,3.13150884754471,0.0025090049780829666,0.9275679161838194,1.0,1.6647468092951054,40.0,1.0,0.0025090049780829666,0.9275679161838194,0.8001447357321969,2.630218241651227,0.0045789137522847185,True,,resolved_oscillation,1.0,460.77777777777777,11.038581221157337,0.000956987452760281,0.9840862614295111,438.5197410719158,6.978488517416991,474.42063860687773,256.5921942911261,0.6054979503255365,0.3157076205287714,3118.2996271019756,64.76000166975014,6.110489875866849,0.01771554134134007,0.0028992014881338624,0.4496778493668074,2.683333333333333,15.483648888726803,0.9957663857580701,0.998637752839509,40.0,80.0,0.0028992014881338624,0.4496778493668074
AB,Td_min,51,0.44905312128436226,0.6010086289668761,0.8318839924281232,0.564140076180349,0.1552169247113192,0.37544963365442785,0.22895891173032745,0.47424948218286234,48.98106242568724,10.0,13.0,3.2020172579337522,0.012086652251044236,1.064140076180349,1.0,1.283784046812436,40.0,1.0,0.012086652251044236,1.064140076180349,0.637904670288985,0.8470887540115423,0.1422748446548587,179,48.98106242568724,10.0,13.0,3.2020172579337522,0.012086652251044234,1.064140076180349,1.0,1.283784046812436,40.0,1.0,0.012086652251044236,1.064140076180349,0.637904670288985,0.8470887540115423,0.1422748446548587,True,,resolved_oscillation,1.0,460.3333333333333,9.398190046035419,0.0010861694424330196,0.9640414972184382,276.0093198723258,9.924881896366024,355.57759795957475,94.92852651185623,0.5941346850108618,0.25505443234836706,778.9172632139343,39.75359584657029,1.4095141714990094,0.025074320593957908,0.017789335574605488,0.3803599200177738,2.5083333333333333,3.497150280319056,0.9647848901781017,0.9884068741952932,40.0,80.0,0.017789335574605488,0.3803599200177738
AB,Td_min,52,0.2622049141017654,0.030678042283148188,0.974311847035165,0.29119072017962766,0.04515025280363083,0.5388037075942974,0.6223009687936307,0.9397471766847376,45.24409828203531,10.0,13.0,2.061356084566296,0.018518633560568088,0.7911907201796277,1.0,1.0753718713717284,40.0,1.0,0.018518633560568088,0.7911907201796277,0.7849233368348676,2.095419461334317,0.2819241530054213,180,45.24409828203531,10.0,13.0,2.061356084566296,0.018518633560568088,0.7911907201796277,1.0,1.0753718713717284,40.0,1.0,0.018518633560568088,0.7911907201796277,0.7849233368348676,2.095419461334317,0.2819241530054213,True,,resolved_oscillation,1.0,280.77777777777777,6.205843158316713,0.0023743569449940645,0.25295111100960926,32.8000774667868,24.50326143036183,76.2718560763385,19.87744431645489,0.6638702018203404,0.0,606.9019490852041,481.62491851157307,1.0010145170490485,0.653847869268164,0.6531852017448077,1.0,,3.8937214339516775,0.9408054165811301,0.9508935332270274,40.0,80.0,0.6531852017448077,1.0
AB,Td_min,53,0.6256199393320314,0.5897803298867728,0.4516407049781953,0.47750599276686445,0.03580917778042536,0.1308974079005698,0.5193037732229046,0.09603869403120302,52.51239878664063,10.0,13.0,3.1795606597735455,0.0038689944295550852,0.9775059927668645,1.0,1.0593257791340285,40.0,1.0,0.0038689944295550852,0.9775059927668645,0.4178076671105128,1.6530035168600712,0.028811608209360906,181,52.51239878664063,10.0,13.0,3.1795606597735455,0.0038689944295550857,0.9775059927668645,1.0,1.0593257791340285,40.0,1.0,0.0038689944295550852,0.9775059927668645,0.4178076671105128,1.6530035168600712,0.028811608209360906,True,,resolved_oscillation,1.0,526.7142857142857,10.030284235430583,0.000926403649395136,0.9768413081473222,338.1939713374123,7.832129968636479,367.46768602045194,174.92401735934294,0.6004203959858965,0.31837369473450344,1246.3039436164647,38.566862480498585,2.0050290428341264,0.00946222075953743,0.0047192437403113605,0.4250166629637858,3.05,5.823948371400212,0.9910409014683991,0.9969830093475036,40.0,80.0,0.0047192437403113605,0.4250166629637858
AB,Td_min,54,0.7754121372860688,0.4436206392795494,0.17817196494572562,0.8842841371519518,0.8781615463568023,0.5249468382666946,0.10848811210481324,0.5642563382340674,55.508242745721375,10.0,13.0,2.887241278559099,0.001705324654201179,1.3842841371519516,1.0,4.109685422118879,40.0,1.0,0.001705324654201179,1.3842841371519516,0.7724521544400251,0.641886314712119,0.1692769014702202,182,55.508242745721375,10.0,13.0,2.887241278559099,0.0017053246542011787,1.3842841371519516,1.0,4.109685422118879,40.0,1.0,0.001705324654201179,1.3842841371519516,0.7724521544400251,0.641886314712119,0.1692769014702202,True,,resolved_oscillation,1.0,886.25,15.966097216585242,0.0005641748942172073,0.9974738641456974,2233.4588710792277,5.642020533343441,2463.821235663785,1380.1726823662675,0.6352609308885755,0.30104421239724505,1548.0448440816683,6.555963225245937,2.116454317522331,0.00420639843506405,0.0019874742394574113,0.3636969562319485,4.733333333333333,9.418443450020675,0.9350424044185803,0.9807310460385098,40.0,80.0,0.0019874742394574113,0.3636969562319485
AB,Td_min,55,0.3654095612402771,0.7974544171486171,0.9613679503326873,0.09528084265622816,0.8506665333513728,0.9500335252854892,0.896934550896485,0.9868204735962427,47.30819122480554,10.0,13.0,3.594908834297234,0.01781429091501406,0.5952808426562282,1.0,3.931790694711237,40.0,1.0,0.01781429091501406,0.5952808426562282,1.1550301727569403,3.943706218379895,0.2960461420788728,183,47.30819122480554,10.0,13.0,3.594908834297234,0.01781429091501406,0.5952808426562282,1.0,3.931790694711237,40.0,1.0,0.01781429091501406,0.5952808426562282,1.1550301727569403,3.943706218379895,0.2960461420788728,True,,resolved_oscillation,1.0,370.8181818181818,7.8383504466716385,0.0010908847982979647,0.8286909336184257,85.91560028795796,14.718121272942591,260.0203853213097,34.154890566482855,0.602451581269919,0.0,1567.4580434588158,214.05887483075145,3.1194980603988736,0.18229950828616756,0.05843873108959648,0.46634081315263276,2.0,6.89999230258454,0.8024033578730444,0.9299259247767832,40.0,80.0,0.05843873108959648,0.46634081315263276
AB,Td_min,56,0.041377316730994984,0.03206752876612384,0.37451105081748515,0.9271816890983423,0.27187136671284284,0.5778246572201604,0.8284226050920022,0.9634675135066714,40.827546334619896,10.0,13.0,2.0641350575322477,0.0030707899516370578,1.4271816890983424,1.0,1.5489233627326284,40.0,1.0,0.0030707899516370578,1.4271816890983424,0.8200421914981444,3.368159189736131,0.2890402540520014,184,40.827546334619896,10.0,13.0,2.0641350575322477,0.003070789951637058,1.4271816890983424,1.0,1.5489233627326284,40.0,1.0,0.0030707899516370578,1.4271816890983424,0.8200421914981444,3.368159189736131,0.2890402540520014,True,,resolved_oscillation,1.0,340.1666666666667,8.331793046750422,0.0011442904617758789,0.9672849196087838,304.5867128044086,9.964578795492532,294.59966475990143,116.15964025416424,0.6679078882900539,0.2323928015996445,2728.6451876913357,227.78426628481836,5.787942891972206,0.0644513187666522,0.011135444832402416,0.5458786936236392,2.15,12.246305393427148,0.6455808470504371,0.8643979221807128,40.0,80.0,0.011135444832402416,0.5458786936236392
AB,Td_min,57,0.05230069463158471,0.33407868225380877,0.1063301011098382,0.7176518981589709,0.6864182526670649,0.11947963965489417,0.2941963935788431,0.10802242958869912,41.04601389263169,10.0,13.0,2.6681573645076178,0.0013751138332981391,1.2176518981589708,1.0,3.0184623908556323,40.0,1.0,0.0013751138332981391,1.2176518981589708,0.40753167568940474,0.9843881972846089,0.03240672887660973,185,41.04601389263169,10.0,13.0,2.6681573645076178,0.0013751138332981391,1.2176518981589708,1.0,3.0184623908556323,40.0,1.0,0.0013751138332981391,1.2176518981589708,0.40753167568940474,0.9843881972846089,0.03240672887660973,True,,resolved_oscillation,1.0,554.5714285714286,13.51096917771549,0.0009638478585198201,0.9948019323243933,1109.6636930791487,5.768106973789232,1177.0095475597366,666.5163456854187,0.6297655847501289,0.3061541879582315,814.9212393570624,6.493873988997547,1.5628645190696018,0.0024261227078745387,0.0015523563803974821,0.36280826483003775,3.033333333333333,4.458594794752928,0.9921160599085724,0.9976012212575384,40.0,80.0,0.0015523563803974821,0.36280826483003775
AB,Td_min,58,0.35724945589380774,0.1733204554271618,0.2545619395517319,0.5238700721010965,0.44611669420234423,0.8290791619985357,0.35620338254456996,0.08649524189862356,47.14498911787616,10.0,13.0,2.3466409108543234,0.002143841724452986,1.0238700721010965,1.0,2.0503225475030376,40.0,1.0,0.002143841724452986,1.0238700721010965,1.046171245798682,1.1354640456404972,0.025948572569587068,186,47.14498911787616,10.0,13.0,2.3466409108543234,0.002143841724452986,1.0238700721010965,1.0,2.0503225475030376,40.0,1.0,0.002143841724452986,1.0238700721010965,1.046171245798682,1.1354640456404972,0.025948572569587068,True,,resolved_oscillation,1.0,489.375,10.38021238644091,0.0010575717384557152,0.9852833185648396,541.0716376089728,7.9627789242917695,593.0748161725537,232.81782524024015,0.6283524904214559,0.27105087758275936,1788.9458822859542,46.12890486046584,3.277576279294415,0.010061031916970976,0.0030696560688854143,0.4259053543656965,2.5833333333333335,8.148366560593125,0.9868488412388753,0.9958776665253152,40.0,80.0,0.0030696560688854143,0.4259053543656965
AB,Td_min,59,0.007432380397225491,0.41076796078383804,0.9080229332326699,0.6981208695971955,0.883495417972424,0.0023260163113936194,0.593721283602114,0.15498968034379434,40.14864760794451,10.0,13.0,2.8215359215676763,0.015183261534167925,1.1981208695971954,1.0,4.145117025610558,40.0,1.0,0.015183261534167925,1.1981208695971954,0.30209341468025425,1.9619651459925174,0.0464969041031383,187,40.14864760794451,10.0,13.0,2.8215359215676763,0.015183261534167925,1.1981208695971954,1.0,4.145117025610558,40.0,1.0,0.015183261534167925,1.1981208695971954,0.30209341468025425,1.9619651459925174,0.0464969041031383,True,,resolved_oscillation,1.0,293.8,7.317805642396373,0.002152673696506725,0.1939295719772103,42.12241639544839,33.95363421323326,139.89008861425222,34.9787810950726,0.6645677331518038,0.0,104.17555457258612,79.54015374643127,0.19532844887965473,0.126599574418785,0.6481368952905842,0.0,,0.748724031407041,0.998565346379393,0.9988694317262597,40.0,80.0,0.6481368952905842,0.0
AB,Td_min,60,0.9755608868652299,0.1290319770518289,0.27037002179377156,0.05826084057960823,0.6204055522340386,0.6363897540415864,0.7583621634069664,0.7263645287172044,59.5112177373046,10.0,13.0,2.258063954103658,0.0022478095306631353,0.5582608405796082,1.0,2.7142189076850296,40.0,1.0,0.0022478095306631353,0.5582608405796082,0.8727507786374276,2.8663694586221045,0.2179093586151613,188,59.5112177373046,10.0,13.0,2.258063954103658,0.0022478095306631353,0.5582608405796082,1.0,2.7142189076850296,40.0,1.0,0.0022478095306631353,0.5582608405796082,0.8727507786374276,2.8663694586221045,0.2179093586151613,True,,resolved_oscillation,1.0,575.2857142857143,9.666844943841513,0.0008481872995579503,0.9809754168556931,441.1977181351051,8.393602671739734,454.54146176584237,182.1490613469853,0.6396821455177552,0.26238613641413017,2179.7354616984157,82.30437309581761,3.170146869874658,0.013029056044129593,0.00410992189918467,0.43101532992668296,3.216666666666667,9.847845152328933,0.8669613577272106,0.9568946022571858,40.0,80.0,0.00410992189918467,0.43101532992668296
AB,Td_min,61,0.6588913370561946,0.3467664824287139,0.6967110274247541,0.42067994138386644,0.8075253340418616,0.5978871921920309,0.8383470861435001,0.23413978590216944,53.177826741123894,10.0,13.0,2.693532964857428,0.008061984242855116,0.9206799413838664,1.0,3.668056243576292,40.0,1.0,0.008061984242855116,0.9206799413838664,0.8380984729728278,3.4460144203111054,0.07024193577065083,189,53.177826741123894,10.0,13.0,2.693532964857428,0.008061984242855116,0.9206799413838664,1.0,3.668056243576292,40.0,1.0,0.008061984242855123,0.9206799413838664,0.8380984729728278,3.4460144203111054,0.07024193577065083,True,,resolved_oscillation,1.0,548.375,10.312098737497415,0.0009437869514597961,0.9719361781479722,394.7675718457346,11.07868680923625,780.4209835356589,130.6934000881078,0.5963072714839298,0.16240835369917797,3198.2373039935273,114.61391160056797,5.449098057733129,0.07793172419438917,0.0143017657910912,0.39502332814930013,2.566666666666667,14.032484184778003,0.9379944208190035,0.9829481218368601,40.0,80.0,0.0143017657910912,0.39502332814930013
AB,Td_min,62,0.377592786932909,0.801443232262474,0.719759264994655,0.17571134764486795,0.9266508551756341,0.7688117586288268,0.1640253001230495,0.2529447290764799,47.551855738658176,10.0,13.0,3.602886464524948,0.008638302203949583,0.675711347644868,1.0,4.443254120010725,40.0,1.0,0.008638302203949583,0.675711347644868,0.9919305827659439,0.729449623488276,0.07588341872294398,190,47.551855738658176,10.0,13.0,3.602886464524948,0.008638302203949583,0.675711347644868,1.0,4.443254120010725,40.0,1.0,0.008638302203949583,0.675711347644868,0.9919305827659439,0.729449623488276,0.07588341872294398,True,,resolved_oscillation,1.0,596.1428571428571,12.536689638764436,0.0006340166094091997,0.9822304385989632,504.61886965716184,8.966855988494741,932.4273030793895,179.4959868094658,0.5820752456266475,0.24883359253499224,792.0757165523922,15.595084805204724,1.371230844659802,0.015177262228339782,0.011068349495963395,0.3188180404354588,3.066666666666667,4.064757023634716,0.9830406061027196,0.9952918837587685,40.0,80.0,0.011068349495963395,0.3188180404354588
AB,Td_min,63,0.36108253238588683,0.795319499099534,0.45777040814547443,0.27872231544097936,0.37067281232794935,0.47539633003037374,0.4496059197472574,0.48745477977191454,47.22165064771774,10.0,13.0,3.590638998199068,0.003940696898888916,0.7787223154409794,1.0,1.8158884957389456,40.0,1.0,0.003940696898888916,0.7787223154409794,0.7278566970273364,1.4079133405994118,0.14623643393157434,191,47.22165064771774,10.0,13.0,3.590638998199068,0.003940696898888916,0.7787223154409794,1.0,1.8158884957389456,40.0,1.0,0.003940696898888916,0.7787223154409794,0.7278566970273364,1.4079133405994118,0.14623643393157434,True,,resolved_oscillation,1.0,552.1428571428571,11.6925785009496,0.0006845410895380571,0.9854534618388808,473.61062768942605,6.889395069195824,493.4052503661958,299.3297052016825,0.6053686934023286,0.3325927571650744,1449.0936337628425,26.70470335483344,2.438417076564887,0.011304137888480663,0.0046358508546886215,0.4219062430570984,3.316666666666667,7.604216103095116,0.9370920418675893,0.9790733990499431,40.0,80.0,0.0046358508546886215,0.4219062430570984
AB,hill_n,0,0.6523163084985453,0.9365605507301817,0.476552141139271,0.7731966058510996,0.7192846536989712,0.7991515494535374,0.6932516039832075,0.976099650949025,53.046326169970904,10.0,13.0,3.8731211014603635,0.004168776674083898,1.2731966058510995,1.0,3.1824266125417027,40.0,1.0,0.004168776674083898,1.2731966058510995,1.0192363945081835,2.4672980091946712,0.2928298952847075,192,53.046326169970904,10.0,13.0,3.8731211014603635,0.004168776674083898,1.2731966058510995,1.0,3.1824266125417027,40.0,1.0,0.004168776674083898,1.2731966058510995,1.0192363945081835,2.4672980091946712,0.2928298952847075,True,,resolved_oscillation,1.0,794.25,14.972761684853841,0.0006295247088448222,0.9951212388438048,1330.7925241018268,6.492618873542949,1120.5330601909372,727.3409945755207,0.6426188227887945,0.3477005109975561,4607.8592408379955,51.174178224499954,6.4439812575925535,0.04782114627217395,0.007421056077068689,0.4510108864696734,4.816666666666666,29.276163190788292,0.5980931432412463,0.8541381138930108,40.0,80.0,0.007421056077068689,0.4510108864696734
AB,hill_n,1,0.551410633705412,0.02079818871577932,0.4330535974015236,0.8524225710498768,0.26499487736458205,0.7192355361076039,0.13139037206848947,0.4556181454269522,51.02821267410824,10.0,13.0,2.0415963774315586,0.003659449176687233,1.352422571049877,1.0,1.5318755008177272,40.0,1.0,0.003659449176687233,1.352422571049877,0.9473119824968435,0.6766442200719431,0.13668544362808566,193,51.02821267410824,10.0,13.0,2.0415963774315586,0.003659449176687233,1.352422571049877,1.0,1.5318755008177272,40.0,1.0,0.003659449176687233,1.352422571049877,0.9473119824968435,0.6766442200719431,0.13668544362808566,True,,resolved_oscillation,1.0,424.0,8.309128965732675,0.0,0.9635574620310815,324.4600262045776,11.824146824356587,407.5464182549114,120.20745738389203,0.6344339622641509,0.12041768495889803,887.7206878469771,58.632228205192945,1.64558268381724,0.015747312085405453,0.009569444452877073,0.35747611641857363,2.1666666666666665,3.5846250852224375,0.9607578729672556,0.9882542717279527,40.0,80.0,0.009569444452877073,0.35747611641857363
AB,hill_n,2,0.527858875741076,0.748374936637534,0.8313783726110382,0.8936092939302647,0.41701061288961905,0.10285973940458293,0.16799844493272076,0.8898534260437165,50.55717751482152,10.0,13.0,3.4967498732750677,0.012068358437822065,1.3936092939302647,1.0,1.9564912497760165,40.0,1.0,0.012068358437822065,1.3936092939302647,0.3925737654641246,0.7361536152849883,0.26695602781311495,194,50.55717751482152,10.0,13.0,3.4967498732750677,0.012068358437822065,1.3936092939302647,1.0,1.9564912497760165,40.0,1.0,0.012068358437822065,1.3936092939302647,0.3925737654641246,0.7361536152849883,0.26695602781311495,True,,resolved_oscillation,1.0,470.75,9.311239731727376,0.0009833458308789711,0.9380408165268131,203.89174801374284,12.63296622385225,512.9714286461066,60.37687766682316,0.5557089750398301,0.09908909131304154,394.51237602128253,21.672535172716465,0.7369844906174667,0.017543557954497153,0.023804514447513893,0.23839146856254165,2.2333333333333334,1.6832091519055212,0.9595752185391684,0.9877545526959003,40.0,80.0,0.023804514447513893,0.23839146856254165
AB,hill_n,3,0.13384197899943828,0.5483415903196364,0.002416419738390796,0.4342247396574749,0.8048933820835706,0.012133239297335785,0.6383509037943887,0.39924093577650477,42.676839579988766,10.0,13.0,3.096683180639273,0.001007265211108215,0.9342247396574749,1.0,3.652551354327981,40.0,1.0,0.001007265211108215,0.9342247396574749,0.3109199153676022,2.174307220769696,0.11977228073295143,195,42.676839579988766,10.0,13.0,3.096683180639273,0.001007265211108215,0.9342247396574749,1.0,3.652551354327981,40.0,1.0,0.001007265211108215,0.9342247396574749,0.3109199153676022,2.174307220769696,0.11977228073295143,True,,resolved_oscillation,1.0,623.6666666666666,14.61370318900336,0.0008280028532779084,0.9957528899122039,1197.7975867138757,5.0871782136702475,1203.1284073917627,894.3931233631372,0.626296098343132,0.326816263052655,1159.6695834202285,6.182451555256725,2.0604971911212044,0.002287785940082025,0.0011103077208453474,0.38658075983114865,3.6166666666666667,6.970575434754145,0.9577707923147282,0.9866679359458874,40.0,80.0,0.0011103077208453474,0.38658075983114865
AB,hill_n,4,0.29839124245100024,0.9107167545926377,0.7407632727886166,0.973170057651865,0.9917832957867231,0.8395727965599573,0.6163105529447619,0.23802648392585535,45.967824849020005,10.0,13.0,3.821433509185275,0.009199309651474802,1.4731700576518652,1.0,4.934313906381904,40.0,1.0,0.009199309651474802,1.4731700576518652,1.0556155169039616,2.0667148369348385,0.0714079451777566,196,45.967824849020005,10.0,13.0,3.821433509185275,0.009199309651474802,1.4731700576518652,1.0,4.934313906381904,40.0,1.0,0.009199309651474802,1.4731700576518652,1.0556155169039616,2.0667148369348385,0.0714079451777566,True,,steady_state,0.0,,,,,31.03318331536123,31.016802437490494,145.15107631536927,30.888011411483593,,0.0,333.906713087066,333.39904367815785,0.5014087451066771,0.5006439298003261,0.998474666998103,1.0,,,0.9941924480355213,0.9941944693602187,40.0,80.0,,
AB,hill_n,5,0.43609826489132697,0.1475792402480388,0.4369071057473428,0.6793096803954553,0.4457193604870616,0.8902233596814232,0.30683681880373526,0.2464707225199041,48.72196529782654,10.0,13.0,2.2951584804960774,0.003701938928909887,1.1793096803954553,1.0,2.0490118182911075,40.0,1.0,0.003701938928909887,1.1793096803954553,1.1012010237132808,1.0134604919955046,0.07394121675597122,197,48.72196529782654,10.0,13.0,2.2951584804960774,0.003701938928909887,1.1793096803954553,1.0,2.0490118182911075,40.0,1.0,0.003701938928909887,1.1793096803954553,1.1012010237132808,1.0134604919955046,0.07394121675597122,True,,resolved_oscillation,1.0,491.25,10.082721355698563,0.0009423105341196452,0.9828652872606038,524.2132348485491,8.982243193319496,619.9427514638511,202.27214507835046,0.6284987277353689,0.22972672739391248,1758.0405073791087,54.45461046590606,3.1892560377721564,0.01847778455153799,0.005793760153683234,0.40857587202843815,2.5,7.765399232192645,0.9616454358681573,0.9885077302948034,40.0,80.0,0.005793760153683234,0.40857587202843815
AB,hill_n,6,0.2794490958047151,0.09958024283173095,0.8867248432919269,0.4437347746393657,0.4617652819142606,0.17305191977008727,0.3697961343740416,0.12011926120459937,45.588981916094305,10.0,13.0,2.199160485663462,0.014244775826231116,0.9437347746393657,1.0,2.1026165626639304,40.0,1.0,0.014244775826231116,0.9437347746393657,0.4557467277930785,1.1715643252354049,0.03603577836137981,198,45.588981916094305,10.0,13.0,2.199160485663462,0.014244775826231116,0.9437347746393657,1.0,2.1026165626639304,40.0,1.0,0.014244775826231116,0.9437347746393657,0.4557467277930785,1.1715643252354049,0.03603577836137981,True,,resolved_oscillation,1.0,317.7692307692308,6.970307679914399,0.001380023511376347,0.8471481631412076,115.78477085236511,17.697914905058376,223.10114130897983,50.57809411616621,0.6199467441297507,0.0,295.0425974980939,57.37503939800868,0.6240617769906048,0.04023590594849425,0.06447423545553888,0.2106198622528327,1.7833333333333334,1.266254511356997,0.9964861743956561,0.9986311240219873,40.0,80.0,0.06447423545553888,0.2106198622528327
AB,hill_n,7,0.9184594597167923,0.08481535090608328,0.0015575791320572296,0.7098664043105585,0.9560701223241277,0.3725144238776874,0.9611080662365922,0.35699789581469954,58.369189194335846,10.0,13.0,2.1696307018121663,0.001004676993224574,1.2098664043105585,1.0,4.658695632716976,40.0,1.0,0.001004676993224574,1.2098664043105585,0.6352629814899187,4.571703650645531,0.10709936874440985,199,58.369189194335846,10.0,13.0,2.1696307018121663,0.001004676993224574,1.2098664043105585,1.0,4.658695632716976,40.0,1.0,0.001004676993224574,1.2098664043105585,0.6352629814899187,4.571703650645531,0.10709936874440985,True,,resolved_oscillation,1.0,789.4,13.52425844689656,0.0006938466651952955,0.9964138490505173,1793.9333134157189,6.433315655214223,1942.603842060798,849.0210761852401,0.6504940461109704,0.27105087758275936,6301.82759946039,50.5094840414595,8.727097236767227,0.012971442367753177,0.0014863409924097718,0.4265718729171295,3.9,32.469010834770614,0.8423357520773075,0.9531543940593779,40.0,80.0,0.0014863409924097718,0.4265718729171295
AB,hill_n,8,0.30358690650228426,0.5200085828287254,0.9217794243662824,0.25378836310641073,0.48115780150084886,0.6166769025777588,0.9266438061402799,0.37517357399106444,46.07173813004569,10.0,13.0,3.040017165657451,0.015822047372292144,0.7537883631064107,1.0,2.169276295607102,40.0,1.0,0.015822047372292144,0.7537883631064107,0.8550092123199828,4.2229292992192535,0.11255207219731933,200,46.07173813004569,10.0,13.0,3.040017165657451,0.015822047372292144,0.7537883631064107,1.0,2.169276295607102,40.0,1.0,0.015822047372292144,0.7537883631064107,0.8550092123199828,4.2229292992192535,0.11255207219731933,True,,resolved_oscillation,1.0,393.45454545454544,8.540041279622443,0.0013273019053923357,0.935800586678187,182.47689388796974,11.714909532394383,299.5892507435267,60.231592172136025,0.5934611829944547,0.16618529215729838,2587.2739108667524,216.6713267891612,5.137246615224979,0.15744029891988476,0.03064682517932612,0.4721173072650522,2.1666666666666665,11.444661614151759,0.9018657386767057,0.967788303323405,40.0,80.0,0.03064682517932612,0.4721173072650522
AB,hill_n,9,0.932509762265573,0.1899719645774942,0.545033930508929,0.7217621395502537,0.9406082623381035,0.4715857368406461,0.9437489081058605,0.8804158591471485,58.650195245311465,10.0,13.0,2.3799439291549884,0.005118061406490561,1.2217621395502536,1.0,4.544195017836997,40.0,1.0,0.005118061406490561,1.2217621395502536,0.7244271631565814,4.3925722383088575,0.2641247577441445,201,58.650195245311465,10.0,13.0,2.3799439291549884,0.005118061406490561,1.2217621395502536,1.0,4.544195017836997,40.0,1.0,0.005118061406490561,1.2217621395502536,0.7244271631565814,4.3925722383088575,0.2641247577441445,True,,resolved_oscillation,1.0,627.1666666666666,10.693343202754345,0.000650940670418065,0.981865161978851,602.2098527226976,10.92097813386618,1056.7743401926916,203.54423855480937,0.6330055806537338,0.14930015552099535,3851.1311337496736,122.90010160991149,5.785223873556015,0.07273118733484377,0.012571888128183696,0.3968007109531215,2.933333333333333,16.87526566234969,0.6872446717921098,0.912592366962123,40.0,80.0,0.012571888128183696,0.3968007109531215
AB,hill_n,10,0.5589990905755731,0.2571126544608392,0.9938149577766761,0.9015922436254239,0.8793790695616299,0.4601942566664927,0.11453905085060889,0.29314213139177814,51.17998181151146,10.0,13.0,2.514225308921678,0.019632837420500534,1.4015922436254238,1.0,4.11774636103419,40.0,1.0,0.019632837420500534,1.4015922436254238,0.7141748309998435,0.6508921820207567,0.08794263941753344,202,51.17998181151146,10.0,13.0,2.514225308921678,0.019632837420500534,1.4015922436254238,1.0,4.11774636103419,40.0,1.0,0.019632837420500534,1.4015922436254238,0.7141748309998435,0.6508921820207567,0.08794263941753344,True,,steady_state,0.0,,,,,24.23756175292825,24.237553404259153,554.6842776649686,57.85059894779459,,0.0,325.8284070199936,325.82693693192095,0.43965785914939365,0.4396575788278436,0.9999993624097825,0.0,,,0.9936148395966523,0.993614843466956,40.0,80.0,,
AB,hill_n,11,0.8825503300451477,0.9865957083484826,0.6936976459779453,0.6974159517909397,0.3326584954172609,0.6616409964329848,0.40307903288704905,0.6314419665790977,57.65100660090295,10.0,13.0,3.9731914166969653,0.007989533927861336,1.1974159517909397,1.0,1.7081197333764204,40.0,1.0,0.007989533927861336,1.1974159517909397,0.8954768967896862,1.2648791599232423,0.1894325899737293,203,57.65100660090295,10.0,13.0,3.9731914166969653,0.007989533927861336,1.1974159517909397,1.0,1.7081197333764204,40.0,1.0,0.007989533927861336,1.1974159517909397,0.8954768967896862,1.2648791599232425,0.1894325899737293,True,,resolved_oscillation,1.0,726.8,12.606891758740193,0.0006153186509355505,0.986942723446778,630.9606869524061,8.238628183748473,765.1109796663052,256.1041611709323,0.6012658227848101,0.315263274827816,2640.178552084966,50.263527612596114,3.6550134052653833,0.03888666651014485,0.010639267821596776,0.4274605643190402,4.0,13.973443531687206,0.8713427807594032,0.9574806286025711,40.0,80.0,0.010639267821596776,0.4274605643190402
AB,hill_n,12,0.4044568990688079,0.3423950060306923,0.3713608600938766,0.5394681067715948,0.3484344915921219,0.41869845356194746,0.0743758010283625,0.5957220289699944,48.089137981376155,10.0,13.0,2.6847900120613843,0.0030419468259424236,1.039468106771595,1.0,1.7520450063988318,40.0,1.0,0.0030419468259424236,1.039468106771595,0.6768286082057526,0.5933976271719327,0.1787166086909983,204,48.089137981376155,10.0,13.0,2.6847900120613843,0.0030419468259424236,1.039468106771595,1.0,1.7520450063988318,40.0,1.0,0.0030419468259424236,1.039468106771595,0.6768286082057526,0.5933976271719327,0.1787166086909983,True,,resolved_oscillation,1.0,522.7142857142857,10.869695479189525,0.000933492827362631,0.9861993710234546,538.3665656249455,7.429797225566881,568.7565950135181,254.27320582761706,0.6217545777534846,0.3054876694067985,678.6807030853471,15.229787630194759,1.180258732032446,0.004630953289710628,0.003923676363517318,0.3672517218395912,2.8833333333333333,3.2479163744200283,0.9613162360757267,0.9872365641398579,40.0,80.0,0.003923676363517318,0.3672517218395912
AB,hill_n,13,0.8397119452496339,0.9531958405877187,0.8937767146418455,0.7360853102868091,0.6297901131894204,0.3533399201315356,0.54972461355271,0.24027480692021974,56.79423890499268,10.0,13.0,3.906391681175437,0.014548905237875978,1.2360853102868092,1.0,2.755525269985407,40.0,1.0,0.014548905237875978,1.2360853102868092,0.6180059281183821,1.7729423656115402,0.07208244207606591,205,56.79423890499268,10.0,13.0,3.906391681175437,0.014548905237875978,1.2360853102868092,1.0,2.755525269985407,40.0,1.0,0.014548905237875978,1.2360853102868092,0.6180059281183821,1.7729423656115402,0.07208244207606591,True,,steady_state,0.0,,,,,19.540363144459274,19.540327520570333,346.93202763334494,27.8617439622683,,0.0,717.8213007820433,717.8099915599912,0.8728466464083704,0.8728417416953618,0.9999943807849537,1.0,,,0.989787368199915,0.9897873709930248,40.0,80.0,,
AB,hill_n,14,0.5050919744883469,0.8875223159977081,0.37675403278337516,0.07604663233161935,0.21428753930495725,0.20466249303767636,0.7919028093038489,0.04476630886248789,50.10183948976694,10.0,13.0,3.7750446319954163,0.0030914932147346765,0.5760466323316193,1.0,1.4118240063671235,40.0,1.0,0.0030914932147346765,0.5760466323316193,0.4841962437339087,3.0965123298144808,0.013429892658746367,206,50.10183948976694,10.0,13.0,3.7750446319954163,0.0030914932147346765,0.5760466323316193,1.0,1.4118240063671235,40.0,1.0,0.0030914932147346765,0.5760466323316193,0.4841962437339087,3.0965123298144794,0.013429892658746367,True,,resolved_oscillation,1.0,495.5,9.889856441322948,0.0010787537514124093,0.9689360065310125,249.4775098513421,7.7497677366813384,293.8582416313169,160.93856145799398,0.5822401614530777,0.33481448566985117,1621.8588120828767,53.368693679640295,2.7012539445021875,0.009639247509285485,0.003568434403919731,0.45234392357253944,3.0083333333333333,7.6976273045901795,0.9944615322556857,0.9981026775204593,40.0,80.0,0.003568434403919731,0.45234392357253944
AB,hill_n,15,0.9354066410283456,0.37070593599952484,0.6505030867783376,0.3678801652864846,0.44262136838463495,0.3567890580726589,0.7861953008443282,0.3266761862476052,58.70813282056692,10.0,13.0,2.7414118719990497,0.007019788512141638,0.8678801652864846,1.0,2.0388208196141258,40.0,1.0,0.007019788512141638,0.8678801652864846,0.621110152265393,3.0560841268539645,0.09800285587428155,207,58.70813282056692,10.0,13.0,2.7414118719990497,0.007019788512141638,0.8678801652864846,1.0,2.0388208196141258,40.0,1.0,0.007019788512141638,0.8678801652864846,0.621110152265393,3.0560841268539645,0.09800285587428155,True,,resolved_oscillation,1.0,604.0,10.288182760743565,0.0,0.9800061599476998,454.6291872665584,9.089783253314826,562.311469777118,165.89953420269748,0.6142384105960265,0.2323928015996445,2722.444560827114,89.74620386699642,4.02802762158217,0.04187300701300198,0.010395412084228624,0.40035547656076426,3.15,12.417451467484861,0.9340817549426349,0.9808480781375947,40.0,80.0,0.010395412084228624,0.40035547656076426
AB,hill_n,16,0.4165039138534229,0.22533698425051674,0.19195520983891223,0.3853034399427899,0.5293155168028456,0.028087019400847124,0.24521803081693405,0.1709331898065073,48.33007827706846,10.0,13.0,2.4506739685010333,0.0017772130182360899,0.8853034399427899,1.0,2.344097485863484,40.0,1.0,0.0017772130182360899,0.8853034399427899,0.3252783174607624,0.8794031869231538,0.051279956941952184,208,48.33007827706846,10.0,13.0,2.4506739685010333,0.0017772130182360899,0.8853034399427899,1.0,2.344097485863484,40.0,1.0,0.0017772130182360899,0.8853034399427899,0.3252783174607624,0.8794031869231538,0.051279956941952184,True,,resolved_oscillation,1.0,532.4285714285714,11.016505464283448,0.0010039327573850125,0.9881568748950167,612.5905394159649,7.25498639643251,659.6475181050117,289.0764517475609,0.6263751006171183,0.28860253277049547,419.1758852494419,8.30320181542028,0.7300856686380935,0.001689364574996245,0.0023139264987184264,0.2643856920684292,2.8583333333333334,1.9905258175355924,0.9940562158830323,0.9981373321341184,40.0,80.0,0.0023139264987184264,0.2643856920684292
AB,hill_n,17,0.5474959190386707,0.20746810818249695,0.12153798541605187,0.8674324012996638,0.7705241825193797,0.8212992686047814,0.49428288340064575,0.17215494341127735,50.94991838077341,10.0,13.0,2.414936216364994,0.0014392113146310583,1.3674324012996637,1.0,3.4559964778269046,40.0,1.0,0.0014392113146310583,1.3674324012996637,1.039169341744303,1.5604608877308435,0.051646483023383205,209,50.94991838077341,10.0,13.0,2.414936216364994,0.0014392113146310583,1.3674324012996637,1.0,3.4559964778269046,40.0,1.0,0.0014392113146310583,1.3674324012996637,1.039169341744303,1.5604608877308435,0.051646483023383205,True,,resolved_oscillation,1.0,698.4,13.707578386691782,0.0007842533755801349,0.995938310816312,1524.1694600164487,6.190702609856354,1686.668185791571,784.4381077457,0.6383161512027492,0.2763830259942235,4121.73484319333,30.856868257395043,6.467848814112908,0.011547066903154758,0.001785302537987429,0.3972450566540769,3.566666666666667,21.805342636897656,0.946946995876346,0.9847884690133528,40.0,80.0,0.001785302537987429,0.3972450566540769
AB,hill_n,18,0.2557492081993019,0.8065255922693085,0.9901753778860107,0.5100265748839851,0.24386234796739392,0.9723548965289336,0.18530812723112733,0.07398357953597556,45.11498416398604,10.0,13.0,3.613051184538617,0.019419939276638078,1.0100265748839852,1.0,1.4806501890554022,40.0,1.0,0.019419939276638078,1.0100265748839852,1.1751194068760402,0.7660870685498672,0.02219507386079267,210,45.11498416398604,10.0,13.0,3.613051184538617,0.019419939276638078,1.0100265748839852,1.0,1.4806501890554022,40.0,1.0,0.019419939276638088,1.0100265748839852,1.1751194068760402,0.7660870685498672,0.02219507386079267,True,,resolved_oscillation,1.0,374.3636363636364,8.297988867797937,0.0013476869281701415,0.9061120415558201,134.43819718458832,12.622127870577089,263.8528022960703,42.88179018291905,0.5609519184069937,0.11552988224838924,835.0767055324459,77.73548543985413,1.7400289105676183,0.06413146588340583,0.036856551919292754,0.40146634081315263,2.0166666666666666,3.668890277241076,0.9940510479908636,0.9979927555420459,40.0,80.0,0.036856551919292754,0.40146634081315263
AB,hill_n,19,0.9255513500073052,0.771983960119892,0.3595363148666204,0.008470141514244522,0.614501749387959,0.9187699952713662,0.5653192310309306,0.6859534039173187,58.5110270001461,10.0,13.0,3.5439679202397842,0.0029360776030532385,0.5084701415142445,1.0,2.6885510697643706,40.0,1.0,0.0029360776030532385,0.5084701415142445,1.1268929957442295,1.8377618651452943,0.20578602117519562,211,58.5110270001461,10.0,13.0,3.5439679202397842,0.002936077603053238,0.5084701415142445,1.0,2.6885510697643706,40.0,1.0,0.0029360776030532385,0.5084701415142445,1.1268929957442295,1.8377618651452943,0.20578602117519562,True,,resolved_oscillation,1.0,727.0,12.425008366340668,0.0,0.9893707834034929,597.0295318457195,6.345956208499382,579.5040927852737,404.0474041732372,0.6148555708390646,0.3650299933348145,2323.302479780067,32.82243859539862,3.085621000949039,0.011110190990516711,0.0036006337094217243,0.45523217062874916,4.416666666666667,12.816283684353527,0.8795794648703017,0.9565713870456288,40.0,80.0,0.0036006337094217243,0.45523217062874916
AB,hill_n,20,0.0013435690855783111,0.5149117045763686,0.7029286016979912,0.6847519706450776,0.45656378171454903,0.066410428609471,0.5239147617457327,0.5455612958419926,40.026871381711565,10.0,13.0,3.029823409152737,0.008213555491511175,1.1847519706450775,1.0,2.085087998207999,40.0,1.0,0.008213555491511175,1.1847519706450775,0.3597693857485239,1.6706472727944355,0.1636683887525978,212,40.026871381711565,10.0,13.0,3.029823409152737,0.008213555491511175,1.1847519706450775,1.0,2.085087998207999,40.0,1.0,0.008213555491511175,1.1847519706450775,0.3597693857485239,1.6706472727944355,0.1636683887525978,True,,resolved_oscillation,1.0,438.55555555555554,10.956528462425203,0.0012017776767804834,0.9810645317372041,458.51253556825424,8.682149565346757,590.7984764413374,174.26962824580298,0.6051684823916899,0.2654965563208176,886.4677968645683,25.419898509013752,1.871467628778456,0.02105662135849317,0.011251394913112788,0.3790268829149078,2.35,4.258526093756668,0.9448369536765188,0.9830103144476454,40.0,80.0,0.011251394913112788,0.3790268829149078
AB,hill_n,21,0.07885095553436716,0.551202541840573,0.43766206874156466,0.49990424355663865,0.7169457026455673,0.4357792480321784,0.5996465601993903,0.8802543008467651,41.577019110687345,10.0,13.0,3.102405083681146,0.0037103209571532373,0.9999042435566386,1.0,3.1704692172466618,40.0,1.0,0.0037103209571532373,0.9999042435566386,0.6922013232289606,1.9889165634954384,0.2640762902540295,213,41.577019110687345,10.0,13.0,3.102405083681146,0.0037103209571532378,0.9999042435566386,1.0,3.1704692172466618,40.0,1.0,0.0037103209571532373,0.9999042435566386,0.6922013232289606,1.9889165634954384,0.2640762902540295,True,,resolved_oscillation,1.0,556.2857142857143,13.379644000084687,0.0008771572304365347,0.993096627366751,907.1389596280868,6.262318268450542,861.0626790874703,517.3660453295582,0.6336671802773497,0.32237280604310153,1946.7706239306826,24.202548177140137,3.6081082499019215,0.01834533436727751,0.005084474493739534,0.4212397245056654,3.283333333333333,11.159734113084884,0.8049904852817202,0.9356658972827977,40.0,80.0,0.005084474493739534,0.4212397245056654
AB,hill_n,22,0.8675713022377077,0.35847125396396795,0.6335471684261575,0.5509199571228793,0.8481709139021257,0.3486284427256984,0.980574699729904,0.08487242491476177,57.351426044754156,10.0,13.0,2.7169425079279357,0.006672120325377742,1.0509199571228793,1.0,3.916030154842152,40.0,1.0,0.006672120325377742,1.0509199571228793,0.6137655984531285,4.781285797412691,0.02546172747442853,214,57.351426044754156,10.0,13.0,2.7169425079279357,0.006672120325377742,1.0509199571228793,1.0,3.916030154842152,40.0,1.0,0.006672120325377742,1.0509199571228793,0.6137655984531285,4.781285797412691,0.02546172747442853,True,,resolved_oscillation,1.0,623.5,10.871569252932824,0.0008784644065840674,0.9767239124095054,477.01766398462354,11.103104929119217,1062.051669914834,156.3823995168631,0.5892542101042502,0.1550766496334148,4136.7683173000705,113.17225363165221,6.544283939463451,0.07454301688350684,0.011390553584326665,0.3994667851588536,2.7666666666666666,18.06477833167646,0.9742468280615915,0.9931230967704328,40.0,80.0,0.011390553584326665,0.3994667851588536
AB,hill_n,23,0.8783796245132314,0.13951520962370778,0.08087632777524123,0.428318534017873,0.25608481486483725,0.8729212352329343,0.7929911185726779,0.12612542097333246,57.56759249026463,10.0,13.0,2.2790304192474156,0.001274155779124468,0.928318534017873,1.0,1.5100648695064638,40.0,1.0,0.001274155779124468,0.928318534017873,1.0856291117096408,3.1042816871889642,0.037837626291999736,215,57.56759249026463,10.0,13.0,2.2790304192474156,0.001274155779124468,0.928318534017873,1.0,1.5100648695064638,40.0,1.0,0.001274155779124468,0.928318534017873,1.0856291117096408,3.1042816871889642,0.037837626291999736,True,,resolved_oscillation,1.0,534.8571428571429,9.290941651721733,0.0007066643459040038,0.9786186842702684,407.5344060971926,8.713621807492677,427.3572823011176,166.99128323617163,0.6310096153846154,0.2379471228615863,4957.573724444311,193.94217412821587,7.650613496466653,0.01870776441927169,0.0024452633018138548,0.46634081315263276,2.9,21.49866647960499,0.9546840171273151,0.9861842711807252,40.0,80.0,0.0024452633018138548,0.46634081315263276
AB,hill_n,24,0.39314986885056447,0.8255929495320141,0.283665563286857,0.32617748054883455,0.526312222726394,0.13956516709130617,0.18540594859632797,0.31633641727601725,47.86299737701129,10.0,13.0,3.6511858990640285,0.0023391464148306627,0.8261774805488346,1.0,2.332794359765584,40.0,1.0,0.0023391464148306627,0.8261774805488346,0.42560865038217555,0.766259642981382,0.09490092518280517,216,47.86299737701129,10.0,13.0,3.6511858990640285,0.0023391464148306627,0.8261774805488346,1.0,2.332794359765584,40.0,1.0,0.0023391464148306627,0.8261774805488346,0.42560865038217555,0.766259642981382,0.09490092518280517,True,,resolved_oscillation,1.0,636.0,13.28792668353596,0.0,0.9916665794717358,726.9823761391237,6.058249857004028,767.2557283460625,529.6618758165085,0.610062893081761,0.33925794267940457,558.4137343290556,5.244448644780429,0.8992236057126758,0.002265132338004792,0.00251898673879849,0.33414796711841815,3.75,3.1578241622338874,0.9857989109055191,0.9953444608631634,40.0,80.0,0.00251898673879849,0.33414796711841815
AB,hill_n,25,0.07041119244804428,0.3936284981324186,0.47799425521871675,0.9860244128897545,0.32422163560981,0.23806648353124005,0.9210385550297289,0.31793519788627744,41.40822384896089,10.0,13.0,2.787256996264837,0.004186825530905909,1.4860244128897544,1.0,1.6850826151783185,40.0,1.0,0.004186825530905909,1.4860244128897544,0.514259835178116,4.168775994915668,0.09538055936588323,217,41.40822384896089,10.0,13.0,2.787256996264837,0.004186825530905909,1.4860244128897544,1.0,1.6850826151783185,40.0,1.0,0.004186825530905909,1.4860244128897544,0.514259835178116,4.168775994915668,0.09538055936588323,True,,resolved_oscillation,1.0,470.625,11.365495939082884,0.0010997060706651064,0.9880626733366639,617.2806831220003,7.368681157394601,630.8087012833174,283.8732064919312,0.6268260292164675,0.2986003110419907,4164.925140501948,90.65048297869672,8.240733256302127,0.048139324179453984,0.005841631160993991,0.4618973561430793,2.6416666666666666,20.813087651612364,0.8691302018168526,0.9573605246797934,40.0,80.0,0.005841631160993991,0.4618973561430793
AB,hill_n,26,0.5453222821228122,0.20696044785468648,0.7315526222870028,0.9819235271006114,0.44424563520368043,0.8995501600465765,0.7702554738662177,0.8733172195768184,50.90644564245625,10.0,13.0,2.413920895709373,0.00894894636153274,1.4819235271006113,1.0,2.0441575890491483,40.0,1.0,0.00894894636153274,1.4819235271006113,1.1095951440419187,2.9459507236158826,0.2619951658730455,218,50.90644564245625,10.0,13.0,2.413920895709373,0.00894894636153274,1.4819235271006113,1.0,2.0441575890491483,40.0,1.0,0.00894894636153274,1.4819235271006113,1.1095951440419187,2.9459507236158826,0.2619951658730455,True,,resolved_oscillation,1.0,438.1111111111111,8.606201151583132,0.0007608419984783161,0.9598591769537319,303.02672857383084,12.163742289971678,424.8059536051536,99.6195861447625,0.6436723307126554,0.1261941790713175,3532.7396713039434,274.05761771497316,6.278820454384456,0.16299932211030765,0.025960182058795196,0.4890024439013553,2.35,15.042708029920425,0.6642687530178377,0.8858152310841962,40.0,80.0,0.025960182058795196,0.4890024439013553
AB,hill_n,27,0.5842061138530887,0.37890653826247933,0.6751111745047766,0.21103105998534566,0.47372262078119953,0.27706809452061376,0.08242795025315841,0.20941401680263994,51.684122277061775,10.0,13.0,2.7578130765249584,0.007556834108004992,0.7110310599853457,1.0,2.1434724322101038,40.0,1.0,0.007556834108004992,0.7110310599853457,0.5493612850685523,0.6045022958145511,0.06282420504079197,219,51.684122277061775,10.0,13.0,2.7578130765249584,0.007556834108004992,0.7110310599853457,1.0,2.1434724322101038,40.0,1.0,0.007556834108004992,0.7110310599853457,0.5493612850685523,0.6045022958145511,0.06282420504079197,True,,resolved_oscillation,1.0,513.0,9.925678862262066,0.0,0.975610536783505,369.67871299710407,9.016265372564101,454.3917317308858,142.28131003460572,0.6081871345029239,0.26571872917129524,366.5664697133607,13.773343393114097,0.6196143673248867,0.006494048672436232,0.010480790980482805,0.20862030659853367,2.75,1.6661074154614886,0.9937438515472417,0.9979834352411155,40.0,80.0,0.010480790980482805,0.20862030659853367
AB,hill_n,28,0.5150252250115483,0.21778878314752326,0.9824233046384001,0.9901042993929583,0.8684331197247117,0.5459952500686578,0.7216872091884045,0.610060609924768,50.30050450023097,10.0,13.0,2.4355775662950467,0.018974143804986826,1.4901042993929583,1.0,4.045839978009278,40.0,1.0,0.018974143804986826,1.4901042993929583,0.791395725061792,2.6342513635520346,0.1830181829774304,220,50.30050450023097,10.0,13.0,2.4355775662950467,0.018974143804986826,1.4901042993929583,1.0,4.045839978009278,40.0,1.0,0.018974143804986833,1.4901042993929583,0.791395725061792,2.6342513635520346,0.1830181829774304,True,,steady_state,0.0,,,,,29.49845027851202,29.498338392533547,393.3117298184172,55.427768099333136,,0.0,1054.5524829714427,1054.532117457397,1.4478460655407512,1.447835590940436,0.999992765390904,1.0,,,0.9511478292581664,0.9511479679218918,40.0,80.0,,
AB,hill_n,29,0.04945339346089217,0.1377220149227505,0.7021926793540646,0.5344320235740077,0.12301565154377614,0.43951840096355876,0.716675164080167,0.8026172127841293,40.98906786921784,10.0,13.0,2.275444029845501,0.00819546761675082,1.0344320235740077,1.0,1.2189453935804007,40.0,1.0,0.00819546761675082,1.0344320235740077,0.6955665608672028,2.604025114200645,0.2407851638352388,221,40.98906786921784,10.0,13.0,2.275444029845501,0.00819546761675082,1.0344320235740077,1.0,1.2189453935804007,40.0,1.0,0.00819546761675082,1.0344320235740077,0.6955665608672028,2.604025114200645,0.2407851638352388,True,,resolved_oscillation,1.0,295.4,7.206799650641503,0.0017166301720958365,0.9191695028884911,147.2057572720523,11.898714537976097,183.41277717921756,57.25088064951917,0.6364251861882194,0.1566318595867585,1416.142814268816,196.00922543861418,3.1586856445543177,0.08164849543385555,0.025848882928448533,0.5256609642301711,1.8833333333333333,6.077911384382438,0.8491132611981382,0.9418857153573367,40.0,80.0,0.025848882928448533,0.5256609642301711
AB,hill_n,30,0.23529284243979742,0.781894956053658,0.1627078196361389,0.18400605895795552,0.9153118394219858,0.6622785865219342,0.34201139629394184,0.761506421166632,44.705856848795946,10.0,13.0,3.5637899121073158,0.0016281250333504938,0.6840060589579555,1.0,4.362902627321284,40.0,1.0,0.0016281250333504938,0.6840060589579555,0.8960507278697407,1.0989587737214994,0.2284519263499896,222,44.705856848795946,10.0,13.0,3.5637899121073158,0.0016281250333504938,0.6840060589579555,1.0,4.362902627321284,40.0,1.0,0.0016281250333504938,0.6840060589579555,0.8960507278697407,1.0989587737214994,0.2284519263499896,True,,resolved_oscillation,1.0,671.0,15.00921908888705,0.0,0.9953731583651608,1117.966484189378,5.172653875402163,1077.4474232777625,889.8710455563405,0.624441132637854,0.3217062874916685,1267.005016037287,6.95600591591189,2.1131566064279887,0.003940345116105081,0.0018646725491707461,0.3834703399244612,4.033333333333333,7.983585409574361,0.9057582928362973,0.9704669906954863,40.0,80.0,0.0018646725491707461,0.3834703399244612
AB,hill_n,31,0.3961908178200533,0.3189951647510263,0.8827516093406286,0.1975083502442333,0.42790177911939253,0.8533965863188613,0.9318053292379148,0.9537836951071544,47.92381635640106,10.0,13.0,2.6379903295020526,0.014076228964528923,0.6975083502442333,1.0,1.9910882451276535,40.0,1.0,0.014076228964528923,0.6975083502442333,1.0680569276869751,4.273417592722049,0.2861351085321463,223,47.92381635640106,10.0,13.0,2.6379903295020526,0.014076228964528923,0.6975083502442333,1.0,1.9910882451276535,40.0,1.0,0.014076228964528923,0.6975083502442333,1.0680569276869751,4.273417592722049,0.2861351085321463,True,,resolved_oscillation,1.0,379.09090909090907,7.910282150145892,0.0007953536667518945,0.9373493045514179,180.05428528923312,11.280526191867864,219.89353084483878,62.51355612487457,0.6378417266187051,0.20151077538324816,2616.7257794125658,303.0516379467951,4.828314407278236,0.17039861509248844,0.03529153255546663,0.5447678293712508,2.3833333333333333,11.775572134425481,0.7085055467016728,0.8865825126034325,40.0,80.0,0.03529153255546663,0.5447678293712508
AB,hill_n,32,0.45544406973220386,0.4685959696905484,0.5906917281865809,0.2627126403874821,0.6550826693183404,0.7769402083886271,0.7903188624593088,0.30569927964458465,49.10888139464408,10.0,13.0,2.937191939381097,0.005868237151616026,0.7627126403874821,1.0,2.870008191014471,40.0,1.0,0.005868237151616026,0.7627126403874821,0.9992461875497642,3.0852393852147566,0.09170978389337539,224,49.10888139464408,10.0,13.0,2.937191939381097,0.005868237151616026,0.7627126403874821,1.0,2.870008191014471,40.0,1.0,0.005868237151616026,0.7627126403874821,0.9992461875497642,3.0852393852147566,0.09170978389337539,True,,resolved_oscillation,1.0,573.4285714285714,11.676677520313277,0.0009321518153397961,0.9871426913025078,596.122143988366,7.664526426669342,677.3208250077877,261.30816626616223,0.6190832087693074,0.29704510108864696,3785.240674526302,81.13377134879079,6.305719969166874,0.04965814928799529,0.00787509587022721,0.448566985114419,3.1666666666666665,19.114893665809355,0.9041029291871174,0.9690171997952302,40.0,80.0,0.00787509587022721,0.448566985114419
AB,hill_n,33,0.9227593837099817,0.31396327316417694,0.11984868902090784,0.21289201770014698,0.2844369626022776,0.215498302700181,0.5288499542686814,0.8553785018010519,58.455187674199635,10.0,13.0,2.6279265463283537,0.001431946325499754,0.712892017700147,1.0,1.5805669808537361,40.0,1.0,0.001431946325499754,0.712892017700147,0.4939484724301629,1.6897402866206526,0.25661355054031554,225,58.455187674199635,10.0,13.0,2.6279265463283537,0.0014319463254997538,0.712892017700147,1.0,1.5805669808537361,40.0,1.0,0.001431946325499754,0.712892017700147,0.4939484724301629,1.6897402866206526,0.25661355054031554,True,,resolved_oscillation,1.0,573.0,9.802380640596335,0.0,0.9803399138114981,391.95956424235595,7.7059588154124,391.8183195767642,186.43177675714404,0.6230366492146597,0.3021550766496334,1076.5815433479238,34.85435788719285,1.5674573307247175,0.0033381194565229384,0.0021296397618553045,0.40102199511219727,3.316666666666667,4.949632832968331,0.9185032480867232,0.9727877497120742,40.0,80.0,0.0021296397618553045,0.40102199511219727
AB,hill_n,34,0.07950435043954462,0.26753205511875555,0.37274283035622435,0.1750304734321343,0.9875008646722722,0.4630627884669968,0.38130948963773503,0.5292730561158066,41.590087008790896,10.0,13.0,2.535064110237511,0.003054566630142853,0.6750304734321343,1.0,4.900422030910761,40.0,1.0,0.003054566630142853,0.6750304734321343,0.716756509620297,1.2030384113259651,0.15878191683474197,226,41.590087008790896,10.0,13.0,2.535064110237511,0.003054566630142853,0.6750304734321343,1.0,4.900422030910761,40.0,1.0,0.003054566630142853,0.6750304734321343,0.716756509620297,1.2030384113259651,0.15878191683474197,True,,resolved_oscillation,1.0,533.2857142857143,12.822423626403902,0.0009149880137476202,0.9923644257431742,847.2341954028208,6.469119611920328,962.3581319084526,433.48021127815684,0.6314626305920171,0.3101532992668296,883.9305124277303,11.421342951019076,1.7012173245173794,0.006440481265139889,0.0037858074758126492,0.38880248833592534,2.9166666666666665,4.704806130253891,0.9516349250713153,0.9844128827330493,40.0,80.0,0.0037858074758126492,0.38880248833592534
AB,hill_n,35,0.6334398631188464,0.003423925032744468,0.9710384632196135,0.6253248415770387,0.2880167805261743,0.12196760263835515,0.48354764822632257,0.8441290579269647,52.66879726237693,10.0,13.0,2.0068478500654887,0.018337923961669205,1.1253248415770387,1.0,1.5896996928880285,40.0,1.0,0.018337923961669205,1.1253248415770387,0.4097708423745196,1.522361010310618,0.2532387173780894,227,52.66879726237693,10.0,13.0,2.0068478500654887,0.018337923961669205,1.1253248415770387,1.0,1.5896996928880285,40.0,1.0,0.018337923961669212,1.1253248415770387,0.4097708423745196,1.522361010310618,0.2532387173780894,True,,resolved_oscillation,1.0,327.3333333333333,6.214938452129006,0.0026456987895654947,0.36861877663501647,52.148330682691444,32.92547682287943,122.33353179829092,35.07860657676566,0.6636965376782078,0.0,249.79457444357348,171.70565399013424,0.3711302571367608,0.18767139677638628,0.5056752802217086,0.0,,1.4853866243518765,0.9810436681730826,0.9860344064478368,40.0,80.0,0.5056752802217086,0.0
AB,hill_n,36,0.6761306877039921,0.2869589109337868,0.12327418220657027,0.9714779234866264,0.28757541677892484,0.6833932859140744,0.1868916785923901,0.42248977462753035,53.52261375407984,10.0,13.0,2.573917821867574,0.0014467164135972767,1.4714779234866264,1.0,1.588570854590359,40.0,1.0,0.0014467164135972767,1.4714779234866264,0.915053957322667,0.76888552137681,0.1267469323882591,228,53.52261375407984,10.0,13.0,2.573917821867574,0.0014467164135972767,1.4714779234866264,1.0,1.588570854590359,40.0,1.0,0.0014467164135972767,1.4714779234866264,0.915053957322667,0.76888552137681,0.1267469323882591,True,,resolved_oscillation,1.0,636.8333333333334,11.898397493429398,0.0006410598646383612,0.9920195731021797,834.4464999882703,6.659239293298372,839.6849160470358,425.56982008701743,0.6328186338654802,0.29082426127527217,1935.4668978191728,26.66708591579218,2.953025541587131,0.005464312783729207,0.0018504116225125373,0.40102199511219727,3.45,9.643553121290262,0.9354428769562815,0.9802857393651183,40.0,80.0,0.0018504116225125373,0.40102199511219727
AB,hill_n,37,0.9942080218192769,0.11948244979919653,0.2048195830433457,0.11408570344483138,0.7692102833324719,0.24995871660714786,0.24812270663075364,0.5441891502418968,59.88416043638554,10.0,13.0,2.2389648995983933,0.001847040512471595,0.6140857034448314,1.0,3.4486960139662837,40.0,1.0,0.001847040512471595,0.6140857034448314,0.524962844946433,0.8853045799577942,0.16325674507256904,229,59.88416043638554,10.0,13.0,2.2389648995983933,0.001847040512471595,0.6140857034448314,1.0,3.4486960139662837,40.0,1.0,0.001847040512471595,0.6140857034448314,0.524962844946433,0.8853045799577942,0.16325674507256904,True,,resolved_oscillation,1.0,653.6666666666666,10.915518592951662,0.0007900017024390449,0.9885547409499315,677.8839573427842,7.758557497673756,759.3438398430538,292.34246747475936,0.6341152473227945,0.24394578982448345,533.1076247359106,11.178959612659877,0.7628823385936921,0.0020405147891301976,0.0026747437788266415,0.24616751832926018,3.35,2.464172253579899,0.9775810069860167,0.9936048325871917,40.0,80.0,0.0026747437788266415,0.24616751832926018
AB,hill_n,38,0.4452386990402637,0.6673449773465154,0.3778401004807026,0.5335265915484285,0.7580538097473309,0.7955874573466426,0.7447623325657388,0.4984037620752796,48.904773980805274,10.0,13.0,3.334689954693031,0.00310156797886956,1.0335265915484286,1.0,3.387325056628274,40.0,1.0,0.00310156797886956,1.0335265915484286,1.0160287116119782,2.778000610874619,0.14952112862258388,230,48.904773980805274,10.0,13.0,3.334689954693031,0.00310156797886956,1.0335265915484286,1.0,3.387325056628274,40.0,1.0,0.00310156797886956,1.0335265915484286,1.0160287116119782,2.7780006108746202,0.14952112862258388,True,,resolved_oscillation,1.0,716.8,14.657055777035962,0.0006239028955077539,0.9952860747527424,1258.7174694570658,5.93350005843776,1161.5478812529225,792.2834084209741,0.6353236607142858,0.3481448566985114,5037.43322012091,42.58695068929274,7.7602496781837225,0.032487462014608365,0.0041863939128066845,0.4534547878249278,4.233333333333333,30.866262655773763,0.7945082646242276,0.9280398044807269,40.0,80.0,0.0041863939128066845,0.4534547878249278
AB,hill_n,39,0.6660332596561213,0.41096419565086695,0.6069990404660162,0.752066943141399,0.9605213971708908,0.4830470007968839,0.4840801167323766,0.5658874191471764,53.32066519312242,10.0,13.0,2.821928391301734,0.006162032137168318,1.2520669431413989,1.0,4.692190600041989,40.0,1.0,0.006162032137168318,1.2520669431413989,0.7347423007171954,1.524228651865329,0.16976622574415293,231,53.32066519312242,10.0,13.0,2.821928391301734,0.006162032137168317,1.2520669431413989,1.0,4.692190600041989,40.0,1.0,0.006162032137168323,1.2520669431413989,0.7347423007171954,1.524228651865329,0.16976622574415293,True,,resolved_oscillation,1.0,596.2857142857143,11.183013417518774,0.0008183158254240216,0.9747330453175501,454.6420854231476,11.487420969121178,1282.4705974997314,149.32558648894866,0.5823550551030185,0.12952677182848257,1597.5824953239512,39.955430293668414,2.717995233728686,0.03123982404972551,0.011493700821126574,0.3110419906687403,2.575,6.947634382166422,0.916289638926162,0.9799476868130439,40.0,80.0,0.011493700821126574,0.3110419906687403
AB,hill_n,40,0.07938517308078696,0.021556177997846704,0.46089644750850756,0.321935567576238,0.7521861907367888,0.6828149072520601,0.16781697286928776,0.6518343044389883,41.58770346161574,10.0,13.0,2.043112355995693,0.003977773984957273,0.821935567576238,1.0,3.3554871886080764,40.0,1.0,0.003977773984957273,0.821935567576238,0.9145334165268539,0.7358460741714552,0.19555029133169646,232,41.58770346161574,10.0,13.0,2.043112355995693,0.003977773984957273,0.821935567576238,1.0,3.3554871886080764,40.0,1.0,0.003977773984957273,0.821935567576238,0.9145334165268539,0.7358460741714552,0.19555029133169646,True,,resolved_oscillation,1.0,396.45454545454544,9.5329751935079,0.001317258116610417,0.975730750893074,408.96121659060935,9.925181640508987,533.0944679390758,160.7869337555341,0.6356340288924559,0.19306820706509664,557.8701221056903,24.66211323594751,1.207885278632319,0.009626227096091467,0.007969487886292632,0.32303932459453455,2.033333333333333,2.4432014115696754,0.9557753011363683,0.986847660002168,40.0,80.0,0.007969487886292632,0.32303932459453455
AB,hill_n,41,0.9815064036168787,0.4680935386909004,0.8948493318150219,0.4999552130251841,0.7789299613558915,0.5872141849970318,0.30968064225549496,0.899810359527491,59.63012807233757,10.0,13.0,2.936187077381801,0.014595730045276952,0.9999552130251841,1.0,3.5030688932033924,40.0,1.0,0.014595730045276952,0.9999552130251841,0.8284927664973285,1.0201185539311928,0.26994310785824727,233,59.63012807233757,10.0,13.0,2.936187077381801,0.014595730045276952,0.9999552130251841,1.0,3.5030688932033924,40.0,1.0,0.014595730045276952,0.9999552130251841,0.8284927664973285,1.0201185539311928,0.26994310785824727,True,,resolved_oscillation,1.0,417.0,6.9931092466233755,0.0,0.16699629582894807,41.31054070352,34.41183342734117,131.62809228260068,33.959895935126866,0.6642685851318945,0.0,165.2860083531774,133.08700871155915,0.20433564854831188,0.14036850481584415,0.6869506413251052,0.0,4.233333333333333,1.2037908511814932,0.9886200774462578,0.9903555925012131,40.0,80.0,0.6869506413251052,0.0
AB,hill_n,42,0.2634626562834709,0.5620296082702935,0.7824072395318442,0.7109816588766164,0.952904028663561,0.31261461683648606,0.3711782882929373,0.5177094697691266,45.269253125669415,10.0,13.0,3.124059216540587,0.010421621292670104,1.2109816588766162,1.0,4.635017018010833,40.0,1.0,0.010421621292670104,1.2109816588766162,0.5813531551528375,1.1752987997251907,0.15531284093073797,234,45.269253125669415,10.0,13.0,3.124059216540587,0.010421621292670104,1.2109816588766162,1.0,4.635017018010833,40.0,1.0,0.010421621292670104,1.2109816588766162,0.5813531551528375,1.1752987997251907,0.15531284093073797,True,,resolved_oscillation,1.0,397.5,8.780794304172034,0.0013259025828798237,0.8422355748964361,109.67099439184823,17.30218138076611,512.4963359607891,49.96014338196371,0.5534591194968553,0.0,395.2733431730762,37.05649694329997,0.8639592015041173,0.03471225754592367,0.04017812124171033,0.24572317262830481,1.775,1.7217159637332304,0.9760732157447782,0.9927866849382307,40.0,80.0,0.04017812124171033,0.24572317262830481
AB,hill_n,43,0.11902604624430946,0.5547703278895101,0.5130660887379298,0.037791826390061733,0.20526307490198326,0.9864411902014837,0.42542350137029605,0.8698764918089886,42.38052092488619,10.0,13.0,3.1095406557790204,0.004650657653682553,0.5377918263900617,1.0,1.3914664273870667,40.0,1.0,0.004650657653682553,0.5377918263900617,1.1877970711813353,1.3316604629181958,0.26096294754269656,235,42.38052092488619,10.0,13.0,3.1095406557790204,0.004650657653682553,0.5377918263900617,1.0,1.3914664273870667,40.0,1.0,0.004650657653682553,0.5377918263900617,1.1877970711813353,1.3316604629181958,0.26096294754269656,True,,resolved_oscillation,1.0,339.8333333333333,8.018620958804222,0.0011454128653676163,0.9367309508112073,143.54274402294647,9.08181293228207,167.4079844080154,73.52238604539826,0.5958803334968121,0.3234836702954899,990.2433063949723,80.44205820123179,2.052976201281233,0.015942965281024638,0.007765781829850176,0.49389024661186404,2.2333333333333334,4.414167960287299,0.8908116812903465,0.9574360396672774,40.0,80.0,0.007765781829850176,0.49389024661186404
AB,hill_n,44,0.5856463892471487,0.6770339215816964,0.05540641720968964,0.35037645481237045,0.920254666357244,0.26509542561439037,0.43310533966908604,0.5024287034658289,51.71292778494298,10.0,13.0,3.354067843163393,0.0011805527868287793,0.8503764548123705,1.0,4.397748692253874,40.0,1.0,0.0011805527868287793,0.8503764548123705,0.5385858830529513,1.3554245391133992,0.15072861103974866,236,51.71292778494298,10.0,13.0,3.354067843163393,0.0011805527868287793,0.8503764548123705,1.0,4.397748692253874,40.0,1.0,0.0011805527868287793,0.8503764548123705,0.5385858830529513,1.3554245391133992,0.15072861103974866,True,,resolved_oscillation,1.0,826.25,15.977629490175095,0.000605143721633888,0.9970452289951159,1657.996913081373,4.899001204959984,1636.4775130003459,1317.0235919786533,0.6283812405446294,0.37391690735392136,1414.8004056213197,5.126224068211764,2.032565692593336,0.0026335592558763905,0.0012956822332843034,0.432348367029549,4.783333333333333,9.112609397864299,0.9456657818351327,0.9805503864919729,40.0,80.0,0.0012956822332843034,0.432348367029549
AB,hill_n,45,0.5735089914149888,0.5150487007124877,0.05175284264692048,0.5805394677833117,0.9703789917660842,0.9217209976436966,0.7921983999214777,0.4085949628878395,51.47017982829978,10.0,13.0,3.0300974014249755,0.0011677019370594456,1.0805394677833116,1.0,4.767226736092789,40.0,1.0,0.0011677019370594456,1.0805394677833116,1.1295488978793269,3.0986206033196844,0.12257848886635184,237,51.47017982829978,10.0,13.0,3.0300974014249755,0.0011677019370594456,1.0805394677833116,1.0,4.767226736092789,40.0,1.0,0.0011677019370594456,1.0805394677833116,1.1295488978793269,3.0986206033196844,0.12257848886635184,True,,resolved_oscillation,1.0,837.75,16.276414863803936,0.000596836765144733,0.9978188477062231,2167.723698450971,4.728135517150996,1859.1679293493169,1616.384214594167,0.6463742166517457,0.35880915352143966,7106.46917236579,27.550612375687447,10.196472039967684,0.015866634770216662,0.0015560906466494805,0.4612308375916463,4.916666666666667,47.047129128990626,0.785446528491038,0.9240111142408851,40.0,80.0,0.0015560906466494805,0.4612308375916463
AB,hill_n,46,0.9964774922142574,0.049192464843080264,0.375212687785102,0.3997873384363825,0.13524852246151498,0.06723370737678591,0.5138327539551703,0.3768147788965731,59.92954984428515,10.0,13.0,2.0983849296861603,0.003077251283941284,0.8997873384363825,1.0,1.2431818481929522,40.0,1.0,0.003077251283941284,0.8997873384363825,0.3605103366391073,1.6323104399164237,0.11304443366897193,238,59.92954984428515,10.0,13.0,2.0983849296861603,0.003077251283941284,0.8997873384363825,1.0,1.2431818481929522,40.0,1.0,0.003077251283941284,0.8997873384363825,0.3605103366391073,1.6323104399164237,0.11304443366897193,True,,resolved_oscillation,1.0,449.77777777777777,7.505108564079568,0.000980392037202788,0.9449195592495775,215.44967793993757,11.867063220468337,261.89363798214225,82.69000196130568,0.6319787549407114,0.13508109309042435,644.9396268602684,61.22211971858006,1.0237012328837791,0.01108414793422592,0.010827522306485591,0.33792490557653854,2.5083333333333333,2.5827053804634357,0.9803482978675713,0.9933821661757678,40.0,80.0,0.010827522306485591,0.33792490557653854
AB,hill_n,47,0.36135447392295206,0.8939783531468125,0.4760701006722087,0.3537843335240982,0.035015686851467165,0.6317049050261032,0.22250865784072882,0.07781224274133436,47.22708947845904,10.0,13.0,3.787956706293625,0.004162761037524378,0.8537843335240982,1.0,1.0579738047865839,40.0,1.0,0.004162761037524378,0.8537843335240982,0.8685344145234928,0.8346005415478409,0.023343672822400307,239,47.22708947845904,10.0,13.0,3.787956706293625,0.004162761037524378,0.8537843335240982,1.0,1.0579738047865839,40.0,1.0,0.004162761037524378,0.8537843335240982,0.8685344145234928,0.8346005415478409,0.023343672822400307,True,,resolved_oscillation,1.0,470.5,9.9625025635891,0.0011360732918700293,0.9702341857008868,263.94728118854295,7.85660575661397,305.3541506051034,162.32724454873278,0.5832093517534538,0.3468118195956454,1088.7230939089825,35.31258543598908,1.9241179093496672,0.009282234491065166,0.004824150560608039,0.44123528104865584,2.8333333333333335,5.163257244083237,0.9930731030108292,0.9975547654129334,40.0,80.0,0.004824150560608039,0.44123528104865584
AB,hill_n,48,0.14462614962212772,0.6702017847095065,0.5951396450376651,0.09776566282190036,0.303708843795952,0.5655754693836429,0.46791123586759553,0.8616507708534276,42.89252299244255,10.0,13.0,3.340403569419013,0.005946953323288362,0.5977656628219004,1.0,1.63035947537973,40.0,1.0,0.005946953323288362,0.5977656628219004,0.8090179224452785,1.4685246480052399,0.25849523125602825,240,42.89252299244255,10.0,13.0,3.340403569419013,0.005946953323288362,0.5977656628219004,1.0,1.6303594753797301,40.0,1.0,0.005946953323288362,0.5977656628219004,0.8090179224452785,1.4685246480052399,0.25849523125602825,True,,resolved_oscillation,1.0,402.7,9.38858271570907,0.0011995179824674644,0.9650538648878163,233.97162861248952,8.176404145909704,254.4198863512162,123.45489885686332,0.5984603923516265,0.3203732503888025,964.7981660974257,44.9372173776307,1.8968452184422453,0.015327476870493751,0.008080510060320685,0.43812486114196847,2.5166666666666666,4.55346296057072,0.900402116649644,0.9649270245332064,40.0,80.0,0.008080510060320685,0.43812486114196847
AB,hill_n,49,0.40497024324456166,0.2301265554468096,0.29672674234775864,0.5899843875985493,0.0475287430060467,0.30095928254761795,0.4587922640517281,0.5060696597871368,48.099404864891234,10.0,13.0,2.4602531108936194,0.0024324862403586806,1.0899843875985493,1.0,1.079496318858968,40.0,1.0,0.0024324862403586806,1.0899843875985493,0.5708633542928561,1.4380111993712392,0.15182089793614104,241,48.099404864891234,10.0,13.0,2.4602531108936194,0.0024324862403586806,1.0899843875985493,1.0,1.079496318858968,40.0,1.0,0.0024324862403586806,1.0899843875985493,0.5708633542928561,1.4380111993712392,0.15182089793614104,True,,resolved_oscillation,1.0,411.6,8.55727843527718,0.0012546107373525809,0.9666412432967202,273.70349372253486,9.130408255927698,290.13682710841454,113.06522997437008,0.6225704567541303,0.2626083092646079,1147.8781202683672,64.48265481352455,2.1363401406211753,0.009600591863123004,0.004493943488011922,0.4265718729171295,2.3833333333333333,4.924958150123308,0.9424037754602241,0.9806975418944346,40.0,80.0,0.004493943488011922,0.4265718729171295
AB,hill_n,50,0.9975856292646897,0.6199723532772395,0.30706557444850346,0.4275679161838194,0.3166776682977941,0.5557163730357745,0.7210217811166746,0.015263045840949063,59.95171258529379,10.0,13.0,3.2399447065544793,0.0025090049780829666,0.9275679161838194,1.0,1.6647468092951054,40.0,1.0,0.0025090049780829666,0.9275679161838194,0.8001447357321969,2.630218241651227,0.0045789137522847185,242,59.95171258529379,10.0,13.0,3.2399447065544793,0.0025090049780829666,0.9275679161838194,1.0,1.6647468092951054,40.0,1.0,0.0025090049780829666,0.9275679161838194,0.8001447357321969,2.630218241651227,0.0045789137522847185,True,,resolved_oscillation,1.0,743.2,12.396643364318297,0.0006017405752152286,0.9905501471572891,687.0257463655889,6.492292202308529,724.9757597732396,424.15858184666456,0.6125538213132401,0.33014885580982006,4767.385406376327,59.356258086687774,6.317576573658671,0.017618521388708522,0.0027888101051547973,0.44590091090868694,4.216666666666667,25.138256107623945,0.9956229070499966,0.9985817109379377,40.0,80.0,0.0027888101051547973,0.44590091090868694
AB,hill_n,51,0.9268934724441079,0.04826374467679506,0.8318839924281232,0.564140076180349,0.1552169247113192,0.37544963365442785,0.22895891173032745,0.47424948218286234,58.53786944888216,10.0,13.0,2.09652748935359,0.012086652251044236,1.064140076180349,1.0,1.283784046812436,40.0,1.0,0.012086652251044236,1.064140076180349,0.637904670288985,0.8470887540115423,0.1422748446548587,243,58.53786944888216,10.0,13.0,2.09652748935359,0.012086652251044234,1.064140076180349,1.0,1.283784046812436,40.0,1.0,0.012086652251044236,1.064140076180349,0.637904670288985,0.8470887540115423,0.1422748446548587,True,,resolved_oscillation,1.0,371.27272727272725,6.342436627232204,0.004831836611263319,0.8243974778588488,107.17676164037384,18.820509658970632,187.50599314275257,47.12136137430797,0.6295910871694418,0.0,410.7350449166381,95.89635294898488,0.6573968048948206,0.04913112775163142,0.07473587852239728,0.23550322150633193,2.2,1.6431439516448108,0.9835756878866171,0.9932737438920538,40.0,80.0,0.07473587852239728,0.23550322150633193
AB,hill_n,52,0.14798006523291785,0.20447014629775118,0.974311847035165,0.29119072017962766,0.04515025280363083,0.5388037075942974,0.6223009687936307,0.9397471766847376,42.95960130465836,10.0,13.0,2.4089402925955024,0.018518633560568088,0.7911907201796277,1.0,1.0753718713717284,40.0,1.0,0.018518633560568088,0.7911907201796277,0.7849233368348676,2.095419461334317,0.2819241530054213,244,42.95960130465836,10.0,13.0,2.4089402925955024,0.018518633560568088,0.7911907201796277,1.0,1.0753718713717284,40.0,1.0,0.018518633560568088,0.7911907201796277,0.7849233368348676,2.095419461334317,0.2819241530054213,True,,resolved_oscillation,1.0,263.0625,6.123485600679321,0.000950344499881207,0.7142911587546007,55.977699889150706,15.993323770911967,99.65863907830317,26.570684221112767,0.6348301259206462,0.0,792.6099169178029,273.5786614809194,1.6411298432313046,0.2167116943259818,0.13205030377077723,0.6094201288602533,1.9333333333333333,3.673164491191711,0.9029524589785822,0.9505520604567382,40.0,80.0,0.13205030377077723,0.6094201288602533
AB,hill_n,53,0.9465837550526778,0.9232449710378651,0.4516407049781953,0.47750599276686445,0.03580917778042536,0.1308974079005698,0.5193037732229046,0.09603869403120302,58.93167510105356,10.0,13.0,3.8464899420757304,0.0038689944295550852,0.9775059927668645,1.0,1.0593257791340285,40.0,1.0,0.0038689944295550852,0.9775059927668645,0.4178076671105128,1.6530035168600712,0.028811608209360906,245,58.93167510105356,10.0,13.0,3.8464899420757304,0.0038689944295550857,0.9775059927668645,1.0,1.0593257791340285,40.0,1.0,0.0038689944295550852,0.9775059927668645,0.4178076671105128,1.6530035168600712,0.028811608209360906,True,,resolved_oscillation,1.0,674.3333333333334,11.442629658447938,0.0007657900832837207,0.9834802973181407,433.0228609910659,7.153408918020472,472.6763860120999,280.09927536056017,0.5950321304992585,0.33103754721173073,1603.2726935798455,30.11346967730683,2.1834426249830954,0.009389017250059643,0.004300097993246941,0.4110197733836925,3.966666666666667,8.186575399787918,0.9902436936336491,0.996795956521807,40.0,80.0,0.004300097993246941,0.4110197733836925
AB,hill_n,54,0.26707177914853697,0.7942726670254013,0.17817196494572562,0.8842841371519518,0.8781615463568023,0.5249468382666946,0.10848811210481324,0.5642563382340674,45.34143558297074,10.0,13.0,3.588545334050803,0.001705324654201179,1.3842841371519516,1.0,4.109685422118879,40.0,1.0,0.001705324654201179,1.3842841371519516,0.7724521544400251,0.641886314712119,0.1692769014702202,246,45.34143558297074,10.0,13.0,3.588545334050803,0.0017053246542011787,1.3842841371519516,1.0,4.109685422118879,40.0,1.0,0.001705324654201179,1.3842841371519516,0.7724521544400251,0.641886314712119,0.1692769014702202,True,,resolved_oscillation,1.0,779.6,17.19398580958916,0.0007025686986982634,0.9976102012818179,2187.883947072431,5.228602252245046,2177.846034280627,1707.8814778083556,0.6310928681375064,0.3470339924461231,1368.4473012768337,4.5026130071955395,2.2146151049281397,0.004205556432849521,0.0018990010604962363,0.39524550099977784,4.483333333333333,9.3319431402078,0.9320296823024117,0.9774740125104625,40.0,80.0,0.0018990010604962363,0.39524550099977784
AB,hill_n,55,0.03934806720952966,0.31048865029933304,0.9613679503326873,0.09528084265622816,0.8506665333513728,0.9500335252854892,0.896934550896485,0.9868204735962427,40.786961344190594,10.0,13.0,2.620977300598666,0.01781429091501406,0.5952808426562282,1.0,3.931790694711237,40.0,1.0,0.01781429091501406,0.5952808426562282,1.1550301727569403,3.943706218379895,0.2960461420788728,247,40.786961344190594,10.0,13.0,2.620977300598666,0.01781429091501406,0.5952808426562282,1.0,3.931790694711237,40.0,1.0,0.01781429091501406,0.5952808426562282,1.1550301727569403,3.943706218379895,0.2960461420788728,True,,resolved_oscillation,1.0,331.0833333333333,8.117381693120183,0.000871910801695886,0.8934254101305255,128.42490809571552,13.68683190932585,267.9061374156712,50.36639795117685,0.6312610118298515,0.0,1614.9861552645855,220.76399194348167,3.5683283275195494,0.19499525681113766,0.05464610846129303,0.5296600755387691,1.9333333333333333,7.493597159517709,0.7739733502401338,0.912781482435486,40.0,80.0,0.05464610846129303,0.5296600755387691
AB,hill_n,56,0.8516256211406352,0.6544331922337097,0.37451105081748515,0.9271816890983423,0.27187136671284284,0.5778246572201604,0.8284226050920022,0.9634675135066714,57.0325124228127,10.0,13.0,3.3088663844674193,0.0030707899516370578,1.4271816890983424,1.0,1.5489233627326284,40.0,1.0,0.0030707899516370578,1.4271816890983424,0.8200421914981444,3.368159189736131,0.2890402540520014,248,57.0325124228127,10.0,13.0,3.3088663844674193,0.003070789951637058,1.4271816890983424,1.0,1.5489233627326284,40.0,1.0,0.0030707899516370578,1.4271816890983424,0.8200421914981444,3.368159189736131,0.2890402540520014,True,,resolved_oscillation,1.0,732.6,12.84530470214677,0.0007476420386365904,0.9934037121951104,902.361342565769,5.952235119570455,595.5712265433211,554.956829946882,0.6545181545181544,0.3636969562319485,5524.548713439079,90.88105546237001,7.290255230714377,0.04339421499314103,0.005952358815959973,0.48278160408798043,4.8,33.00631207376644,0.5535881863589891,0.8285457456698551,40.0,80.0,0.005952358815959973,0.48278160408798043
AB,hill_n,57,0.8296311980119584,0.20332183146745508,0.1063301011098382,0.7176518981589709,0.6864182526670649,0.11947963965489417,0.2941963935788431,0.10802242958869912,56.592623960239166,10.0,13.0,2.4066436629349104,0.0013751138332981391,1.2176518981589708,1.0,3.0184623908556323,40.0,1.0,0.0013751138332981391,1.2176518981589708,0.40753167568940474,0.9843881972846089,0.03240672887660973,249,56.592623960239166,10.0,13.0,2.4066436629349104,0.0013751138332981391,1.2176518981589708,1.0,3.0184623908556323,40.0,1.0,0.0013751138332981391,1.2176518981589708,0.40753167568940474,0.9843881972846089,0.03240672887660973,True,,resolved_oscillation,1.0,745.4,13.171327778045827,0.0007348035383755918,0.9951693222348776,1328.8893611878373,6.4194362893976065,1483.768343190544,667.8444695002348,0.6342232358465254,0.2810486558542546,1026.8902710087298,8.748037649302123,1.4730484923140876,0.0024393521635582647,0.0016559890433248134,0.3434792268384803,3.7666666666666666,5.252024755060083,0.9925691408797958,0.9978426367555477,40.0,80.0,0.0016559890433248134,0.3434792268384803
AB,hill_n,58,0.8175887117605869,0.605413984732837,0.2545619395517319,0.5238700721010965,0.44611669420234423,0.8290791619985357,0.35620338254456996,0.08649524189862356,56.351774235211735,10.0,13.0,3.210827969465674,0.002143841724452986,1.0238700721010965,1.0,2.0503225475030376,40.0,1.0,0.002143841724452986,1.0238700721010965,1.046171245798682,1.1354640456404972,0.025948572569587068,250,56.351774235211735,10.0,13.0,3.210827969465674,0.002143841724452986,1.0238700721010965,1.0,2.0503225475030376,40.0,1.0,0.002143841724452986,1.0238700721010965,1.046171245798682,1.1354640456404972,0.025948572569587068,True,,resolved_oscillation,1.0,753.4,13.369587918480011,0.0007270010054488535,0.993375642894019,913.804828709579,6.053369510542012,950.4511553321518,594.8513359155983,0.6188611627289621,0.326816263052655,2865.9608311280813,25.373887070865575,3.9612118088919854,0.009374535738430211,0.0023665828010980355,0.417462786047545,4.266666666666667,15.890272780113326,0.9841057778840175,0.9949351486826555,40.0,80.0,0.0023665828010980355,0.417462786047545
AB,hill_n,59,0.7632201581925808,0.18158072947161719,0.9080229332326699,0.6981208695971955,0.883495417972424,0.0023260163113936194,0.593721283602114,0.15498968034379434,55.26440316385162,10.0,13.0,2.3631614589432344,0.015183261534167925,1.1981208695971954,1.0,4.145117025610558,40.0,1.0,0.015183261534167925,1.1981208695971954,0.30209341468025425,1.9619651459925174,0.0464969041031383,251,55.26440316385162,10.0,13.0,2.3631614589432344,0.015183261534167925,1.1981208695971954,1.0,4.145117025610558,40.0,1.0,0.015183261534167925,1.1981208695971954,0.30209341468025425,1.9619651459925174,0.0464969041031383,True,,unresolved_oscillation,0.0,,,,0.03890843804439101,47.42550566265228,45.580253313853056,172.44954124179554,48.05685275186862,,0.0,128.31120110291278,123.17351078088689,0.16181202024423355,0.1512704716059782,0.9348531176958035,0.0,5.033333333333333,1.1874392060063983,0.9988115187417264,0.9988392427124443,40.0,80.0,,
AB,hill_n,60,0.8280144790383384,0.1805564538747726,0.27037002179377156,0.05826084057960823,0.6204055522340386,0.6363897540415864,0.7583621634069664,0.7263645287172044,56.560289580766764,10.0,13.0,2.361112907749545,0.0022478095306631353,0.5582608405796082,1.0,2.7142189076850296,40.0,1.0,0.0022478095306631353,0.5582608405796082,0.8727507786374276,2.8663694586221045,0.2179093586151613,252,56.560289580766764,10.0,13.0,2.361112907749545,0.0022478095306631353,0.5582608405796082,1.0,2.7142189076850296,40.0,1.0,0.0022478095306631353,0.5582608405796082,0.8727507786374276,2.8663694586221045,0.2179093586151613,True,,resolved_oscillation,1.0,564.4285714285714,9.979237652639325,0.000947015283921524,0.9827206403246951,456.7596921313056,7.892515005518382,458.2421203461855,198.42515272591532,0.6378132118451025,0.27904910019995555,2197.4882056942074,73.57823781203176,3.3045894699970395,0.012399602548641125,0.0037522368999899506,0.4401244167962675,3.216666666666667,10.200743167880006,0.8613193285979381,0.9543488915209037,40.0,80.0,0.0037522368999899506,0.4401244167962675
AB,hill_n,61,0.9131071740257232,0.05226072020310857,0.6967110274247541,0.42067994138386644,0.8075253340418616,0.5978871921920309,0.8383470861435001,0.23413978590216944,58.26214348051447,10.0,13.0,2.1045214404062174,0.008061984242855116,0.9206799413838664,1.0,3.668056243576292,40.0,1.0,0.008061984242855116,0.9206799413838664,0.8380984729728278,3.4460144203111054,0.07024193577065083,253,58.26214348051447,10.0,13.0,2.1045214404062174,0.008061984242855116,0.9206799413838664,1.0,3.668056243576292,40.0,1.0,0.008061984242855123,0.9206799413838664,0.8380984729728278,3.4460144203111054,0.07024193577065083,True,,resolved_oscillation,1.0,485.375,8.330881272199187,0.0010662872408071403,0.9378383329386657,262.88642820603127,16.34145862508669,507.59290829685284,103.89462272421711,0.6165336080350244,0.0,2080.2563283919935,181.46059406786884,3.5371248116257474,0.09389401827842891,0.026545294067605425,0.4105754276827372,2.2,8.425147108195937,0.9597508669771365,0.9884176579802304,40.0,80.0,0.026545294067605425,0.4105754276827372
AB,hill_n,62,0.6035793947217766,0.12173572714394054,0.719759264994655,0.17571134764486795,0.9266508551756341,0.7688117586288268,0.1640253001230495,0.2529447290764799,52.07158789443553,10.0,13.0,2.243471454287881,0.008638302203949583,0.675711347644868,1.0,4.443254120010725,40.0,1.0,0.008638302203949583,0.675711347644868,0.9919305827659439,0.729449623488276,0.07588341872294398,254,52.07158789443553,10.0,13.0,2.243471454287881,0.008638302203949583,0.675711347644868,1.0,4.443254120010725,40.0,1.0,0.008638302203949583,0.675711347644868,0.9919305827659439,0.729449623488276,0.07588341872294398,True,,resolved_oscillation,1.0,480.625,9.230081498078542,0.0010768253201701237,0.9572899314947668,300.79702411623595,12.847061506174706,575.695774415354,112.31832522357091,0.6101430429128738,0.060208842479449014,489.724150305062,28.644401448655444,0.8876444907136801,0.016686457507754538,0.018798581732128325,0.2719395689846701,2.2666666666666666,2.082222071287197,0.9890216059408298,0.9966917994347978,40.0,80.0,0.018798581732128325,0.2719395689846701
AB,hill_n,63,0.23882183258880485,0.6999533468420251,0.45777040814547443,0.27872231544097936,0.37067281232794935,0.47539633003037374,0.4496059197472574,0.48745477977191454,44.776436651776095,10.0,13.0,3.3999066936840503,0.003940696898888916,0.7787223154409794,1.0,1.8158884957389456,40.0,1.0,0.003940696898888916,0.7787223154409794,0.7278566970273364,1.4079133405994118,0.14623643393157434,255,44.776436651776095,10.0,13.0,3.3999066936840503,0.003940696898888916,0.7787223154409794,1.0,1.8158884957389456,40.0,1.0,0.003940696898888916,0.7787223154409794,0.7278566970273364,1.4079133405994118,0.14623643393157434,True,,resolved_oscillation,1.0,503.625,11.247545308633292,0.001027647891797996,0.9837101537080476,432.54871645859873,7.046152104891854,453.04859522519615,258.18898405747973,0.6061057334326135,0.33570317707176184,1330.60911111212,28.526645341988953,2.393054734397067,0.011316175383088137,0.004728757441454535,0.43390357698289267,3.0166666666666666,6.8003821324193465,0.9382623307198563,0.9789544984350925,40.0,80.0,0.004728757441454535,0.43390357698289267
AB,shared_PLtetO1_leak,0,0.6523163084985453,0.36929077709565117,0.47786896203179285,0.7731966058510996,0.7192846536989712,0.7991515494535374,0.6932516039832075,0.976099650949025,53.046326169970904,10.0,13.0,2.7385815541913026,0.004185254322422262,1.2731966058510995,1.0,3.1824266125417027,40.0,1.0,0.004185254322422262,1.2731966058510995,1.0192363945081835,2.4672980091946712,0.2928298952847075,256,53.046326169970904,10.0,13.0,2.7385815541913026,0.004185254322422262,1.2731966058510995,1.0,3.1824266125417027,40.0,1.0,0.004185254322422262,1.2731966058510995,1.0192363945081835,2.4672980091946712,0.2928298952847075,True,,resolved_oscillation,1.0,657.8333333333334,12.401110139569429,0.000620595323735287,0.992197344034491,946.9722754308373,7.388898874062024,968.5911576965816,383.75732312491647,0.649100582721054,0.25972006220839816,3983.291698402735,73.3323177003928,5.961564837472266,0.04810002485657407,0.00806835556903357,0.4059097978227061,3.6666666666666665,20.83575786392414,0.6281811368757577,0.8871107258254767,40.0,80.0,0.00806835556903357,0.4059097978227061
AB,shared_PLtetO1_leak,1,0.551410633705412,0.5182907415863287,0.15468014876605174,0.8524225710498768,0.26499487736458205,0.7192355361076039,0.13139037206848947,0.4556181454269522,51.02821267410824,10.0,13.0,3.0365814831726574,0.0015894377124791937,1.352422571049877,1.0,1.5318755008177272,40.0,1.0,0.0015894377124791937,1.352422571049877,0.9473119824968435,0.6766442200719431,0.13668544362808566,257,51.02821267410824,10.0,13.0,3.0365814831726574,0.0015894377124791937,1.352422571049877,1.0,1.5318755008177272,40.0,1.0,0.0015894377124791937,1.352422571049877,0.9473119824968435,0.6766442200719431,0.13668544362808566,True,,resolved_oscillation,1.0,642.1666666666666,12.58454162931132,0.0006357357235357327,0.9922659701109017,793.257340947328,6.1350759846333505,786.7355173356068,495.9167543226987,0.6222683623150792,0.32370584314596756,1713.254106261103,18.918454104496714,2.6480478168524475,0.004962549698951276,0.00187404081881343,0.41324150188846925,3.683333333333333,9.153145282384765,0.9368521376412062,0.9795968042169593,40.0,80.0,0.00187404081881343,0.41324150188846925
AB,shared_PLtetO1_leak,2,0.527858875741076,0.7885110022666142,0.9324933130897892,0.8936092939302647,0.41701061288961905,0.10285973940458293,0.16799844493272076,0.8898534260437165,50.55717751482152,10.0,13.0,3.5770220045332284,0.016338108320918258,1.3936092939302647,1.0,1.9564912497760165,40.0,1.0,0.016338108320918258,1.3936092939302647,0.3925737654641246,0.7361536152849883,0.26695602781311495,258,50.55717751482152,10.0,13.0,3.5770220045332284,0.016338108320918258,1.3936092939302647,1.0,1.9564912497760165,40.0,1.0,0.016338108320918258,1.3936092939302647,0.3925737654641246,0.7361536152849883,0.26695602781311495,True,,resolved_oscillation,1.0,311.7857142857143,6.166992099080494,0.008361668453667346,0.4370130075550736,42.42434700092375,23.884355524489997,125.23251188345621,26.73348877101856,0.6117983963344789,0.0,95.73663115438636,44.48528656825872,0.16720004404363276,0.04394693144609223,0.2628404298423736,0.0,2.1416666666666666,0.46165930799554633,0.9908288093891332,0.9950893638238323,40.0,80.0,0.2628404298423736,0.0
AB,shared_PLtetO1_leak,3,0.13384197899943828,0.2102493009055516,0.9623145717884646,0.4342247396574749,0.8048933820835706,0.012133239297335785,0.6383509037943887,0.39924093577650477,42.676839579988766,10.0,13.0,2.4204986018111034,0.017864880814811468,0.9342247396574749,1.0,3.652551354327981,40.0,1.0,0.017864880814811468,0.9342247396574749,0.3109199153676022,2.174307220769696,0.11977228073295143,259,42.676839579988766,10.0,13.0,2.4204986018111034,0.017864880814811468,0.9342247396574749,1.0,3.652551354327981,40.0,1.0,0.017864880814811468,0.9342247396574749,0.3109199153676022,2.174307220769696,0.11977228073295143,True,,resolved_oscillation,1.0,292.14285714285717,6.845466065857496,0.007577945209104002,0.4784222000228185,56.13184389388213,29.27712364683363,164.29006442351283,38.194776969046835,0.6414669926650367,0.0,158.43524539746568,80.4958953341228,0.31209015566708825,0.10322934062927137,0.3307676924593156,0.0,2.3916666666666666,0.8555057895182513,0.9936038155950978,0.99629945805508,40.0,80.0,0.3307676924593156,0.0
AB,shared_PLtetO1_leak,4,0.29839124245100024,0.4014372245417077,0.04245012290957495,0.973170057651865,0.9917832957867231,0.8395727965599573,0.6163105529447619,0.23802648392585535,45.967824849020005,10.0,13.0,2.8028744490834154,0.0011356091502472748,1.4731700576518652,1.0,4.934313906381904,40.0,1.0,0.0011356091502472748,1.4731700576518652,1.0556155169039616,2.0667148369348385,0.0714079451777566,260,45.967824849020005,10.0,13.0,2.8028744490834154,0.0011356091502472748,1.4731700576518652,1.0,4.934313906381904,40.0,1.0,0.0011356091502472748,1.4731700576518652,1.0556155169039616,2.0667148369348385,0.0714079451777566,True,,resolved_oscillation,1.0,763.8,16.61597002922542,0.0005855113845246897,0.998106009898734,2586.907779527972,4.899577727313897,2574.2404348687805,1796.0783341672943,0.6428384393820372,0.313263719173517,5929.605218073761,19.396497836303613,9.634373735905896,0.01311761298333408,0.0013615428820709604,0.4034658964674517,4.216666666666667,38.13136652507506,0.8884101510742932,0.9657390870834117,40.0,80.0,0.0013615428820709604,0.4034658964674517
AB,shared_PLtetO1_leak,5,0.43609826489132697,0.9283144976343863,0.7769191629275235,0.6793096803954553,0.4457193604870616,0.8902233596814232,0.30683681880373526,0.2464707225199041,48.72196529782654,10.0,13.0,3.856628995268773,0.010251682211611865,1.1793096803954553,1.0,2.0490118182911075,40.0,1.0,0.010251682211611865,1.1793096803954553,1.1012010237132808,1.0134604919955046,0.07394121675597122,261,48.72196529782654,10.0,13.0,3.856628995268773,0.010251682211611865,1.1793096803954553,1.0,2.0490118182911075,40.0,1.0,0.010251682211611865,1.1793096803954553,1.1012010237132808,1.0134604919955046,0.07394121675597122,True,,resolved_oscillation,1.0,558.8571428571429,11.470332517191649,0.0006763167973068994,0.9766807566355439,413.3346862476862,9.638652139580914,700.6358868480326,130.1204702629547,0.5761758691206543,0.2528327038435903,1986.6032966812172,53.05901908404542,3.4565867583689935,0.04846470019911566,0.014020970277044038,0.3939124638969118,2.85,9.605773455040419,0.9584304687579263,0.9876767494237485,40.0,80.0,0.014020970277044038,0.3939124638969118
AB,shared_PLtetO1_leak,6,0.2794490958047151,0.8625034418378221,0.363467990504595,0.4437347746393657,0.4617652819142606,0.17305191977008727,0.3697961343740416,0.12011926120459937,45.588981916094305,10.0,13.0,3.7250068836756443,0.0029708639107515577,0.9437347746393657,1.0,2.1026165626639304,40.0,1.0,0.0029708639107515577,0.9437347746393657,0.4557467277930785,1.1715643252354049,0.03603577836137981,262,45.588981916094305,10.0,13.0,3.7250068836756443,0.0029708639107515577,0.9437347746393657,1.0,2.1026165626639304,40.0,1.0,0.0029708639107515577,0.9437347746393657,0.4557467277930785,1.1715643252354049,0.03603577836137981,True,,resolved_oscillation,1.0,603.2857142857143,13.233147329239568,0.0008088208040065986,0.991127901977276,705.8002333550835,6.261928854787791,751.6290376470866,500.8753583209975,0.6079209093061804,0.32081759608975785,993.5180262045777,10.15591346987323,1.683010617510782,0.0053799037237204006,0.0031965952369792075,0.3730282159520107,3.55,5.601225875751908,0.9905236852852772,0.9970507068838279,40.0,80.0,0.0031965952369792075,0.3730282159520107
AB,shared_PLtetO1_leak,7,0.9184594597167923,0.49622080261620993,0.5375745800731083,0.7098664043105585,0.9560701223241277,0.3725144238776874,0.9611080662365922,0.35699789581469954,58.369189194335846,10.0,13.0,2.99244160523242,0.005004960491687239,1.2098664043105585,1.0,4.658695632716976,40.0,1.0,0.005004960491687239,1.2098664043105585,0.6352629814899187,4.571703650645531,0.10709936874440985,263,58.369189194335846,10.0,13.0,2.99244160523242,0.00500496049168724,1.2098664043105585,1.0,4.658695632716976,40.0,1.0,0.005004960491687239,1.2098664043105585,0.6352629814899187,4.571703650645531,0.10709936874440985,True,,resolved_oscillation,1.0,725.4,12.427789558371883,0.0007550628032880703,0.9860539845239441,696.932367065917,9.71942957686555,1616.127010726268,230.70429509727802,0.5934656741108355,0.2168407020662075,5242.863447577392,84.5057182850626,7.666546320942927,0.0632075035293338,0.008244586399571869,0.4007998222617196,3.3,24.572490244084225,0.8614957268078172,0.9613685321769528,40.0,80.0,0.008244586399571869,0.4007998222617196
AB,shared_PLtetO1_leak,8,0.30358690650228426,0.5048124943431317,0.384855064065732,0.25378836310641073,0.48115780150084886,0.6166769025777588,0.9266438061402799,0.37517357399106444,46.07173813004569,10.0,13.0,3.009624988686263,0.0031674369764019823,0.7537883631064107,1.0,2.169276295607102,40.0,1.0,0.0031674369764019823,0.7537883631064107,0.8550092123199828,4.2229292992192535,0.11255207219731933,264,46.07173813004569,10.0,13.0,3.009624988686263,0.0031674369764019823,0.7537883631064107,1.0,2.169276295607102,40.0,1.0,0.0031674369764019823,0.7537883631064107,0.8550092123199828,4.2229292992192535,0.11255207219731933,True,,resolved_oscillation,1.0,518.7142857142857,11.258839079396619,0.0009406913399393739,0.9864102433990888,503.27374301703935,6.839367671231132,486.11266759505963,279.1140514809358,0.6223079041586341,0.3383692512774939,4202.730693630116,92.69955057231482,7.3369345521358635,0.031123660347650215,0.004242052334866442,0.49389024661186404,3.1166666666666667,21.639363990790155,0.8598461964980679,0.950428574834356,40.0,80.0,0.004242052334866442,0.49389024661186404
AB,shared_PLtetO1_leak,9,0.932509762265573,0.6848542803973867,0.24797138248978323,0.7217621395502537,0.9406082623381035,0.4715857368406461,0.9437489081058605,0.8804158591471485,58.650195245311465,10.0,13.0,3.3697085607947734,0.002101929796448485,1.2217621395502536,1.0,4.544195017836997,40.0,1.0,0.002101929796448485,1.2217621395502536,0.7244271631565814,4.3925722383088575,0.2641247577441445,265,58.650195245311465,10.0,13.0,3.3697085607947734,0.002101929796448485,1.2217621395502536,1.0,4.544195017836997,40.0,1.0,0.002101929796448485,1.2217621395502536,0.7244271631565814,4.3925722383088575,0.2641247577441445,True,,resolved_oscillation,1.0,965.3333333333334,16.459166577292898,0.000598083842392568,0.997710965719602,2307.580865684303,5.282131706341804,1710.3451025102556,1537.8954672053603,0.6574585635359115,0.35192179515663186,6232.234082904576,37.54226066815608,7.745815325355356,0.029319053983580482,0.0037851475605940044,0.447233948011553,5.891666666666667,43.07678264283757,0.5812530219629773,0.8488391820954839,40.0,80.0,0.0037851475605940044,0.447233948011553
AB,shared_PLtetO1_leak,10,0.5589990905755731,0.4462819689375723,0.7634478664401391,0.9015922436254239,0.8793790695616299,0.4601942566664927,0.11453905085060889,0.29314213139177814,51.17998181151146,10.0,13.0,2.8925639378751447,0.009846198215116153,1.4015922436254238,1.0,4.11774636103419,40.0,1.0,0.009846198215116153,1.4015922436254238,0.7141748309998435,0.6508921820207567,0.08794263941753344,266,51.17998181151146,10.0,13.0,2.8925639378751447,0.009846198215116153,1.4015922436254238,1.0,4.11774636103419,40.0,1.0,0.009846198215116153,1.4015922436254238,0.7141748309998435,0.6508921820207567,0.08794263941753344,True,,resolved_oscillation,1.0,411.7,8.044160732925464,0.0011732958259403643,0.8101283626050547,108.74700815133907,20.647972499496206,425.60710811283195,53.08628120119141,0.5659460772407092,0.0,251.03912291901372,33.863700573358116,0.5009974006893424,0.028006779488885643,0.055902045500335916,0.0013330371028660297,1.8,1.0744970407782721,0.9927240041352818,0.9977147969069183,40.0,80.0,0.055902045500335916,0.0013330371028660297
AB,shared_PLtetO1_leak,11,0.8825503300451477,0.7833164928346555,0.13225541791154705,0.6974159517909397,0.3326584954172609,0.6616409964329848,0.40307903288704905,0.6314419665790977,57.65100660090295,10.0,13.0,3.566632985669311,0.0014861692315923675,1.1974159517909397,1.0,1.7081197333764204,40.0,1.0,0.0014861692315923675,1.1974159517909397,0.8954768967896862,1.2648791599232423,0.1894325899737293,267,57.65100660090295,10.0,13.0,3.566632985669311,0.0014861692315923675,1.1974159517909397,1.0,1.7081197333764204,40.0,1.0,0.0014861692315923675,1.1974159517909397,0.8954768967896862,1.2648791599232425,0.1894325899737293,True,,resolved_oscillation,1.0,795.5,13.798544846006914,0.0007257702943929928,0.9941671361972749,960.4829750193992,5.6023663781243425,879.7717974289333,722.9713736174575,0.6232558139534884,0.3654743390357698,3035.7900751677525,22.84104801201222,3.9909195893796645,0.007242426783818302,0.0018147263109713622,0.4567873805820929,4.783333333333333,17.863042380737806,0.8595188143926572,0.9497334061872744,40.0,80.0,0.0018147263109713622,0.4567873805820929
AB,shared_PLtetO1_leak,12,0.4044568990688079,0.024031735423203138,0.7198462530358413,0.5394681067715948,0.3484344915921219,0.41869845356194746,0.0743758010283625,0.5957220289699944,48.089137981376155,10.0,13.0,2.0480634708464063,0.008640553577353108,1.039468106771595,1.0,1.7520450063988318,40.0,1.0,0.008640553577353108,1.039468106771595,0.6768286082057526,0.5933976271719327,0.1787166086909983,268,48.089137981376155,10.0,13.0,2.0480634708464063,0.008640553577353108,1.039468106771595,1.0,1.7520450063988318,40.0,1.0,0.008640553577353108,1.039468106771595,0.6768286082057526,0.5933976271719327,0.1787166086909983,True,,resolved_oscillation,1.0,346.3333333333333,7.201903545608583,0.0014216534088084627,0.9083869600529455,166.8177473078289,15.282680947989778,258.1954436780295,67.16287662141495,0.629451395572666,0.0,308.1889949030369,43.03900729448431,0.6215005570310576,0.020897022492032985,0.033623497606919635,0.19817818262608308,1.8833333333333333,1.26285822607262,0.9796299064141701,0.9928241185298792,40.0,80.0,0.033623497606919635,0.19817818262608308
AB,shared_PLtetO1_leak,13,0.8397119452496339,0.26008903724763854,0.14102031458813258,0.7360853102868091,0.6297901131894204,0.3533399201315356,0.54972461355271,0.24027480692021974,56.79423890499268,10.0,13.0,2.520178074495277,0.0015257088284907083,1.2360853102868092,1.0,2.755525269985407,40.0,1.0,0.0015257088284907083,1.2360853102868092,0.6180059281183821,1.7729423656115402,0.07208244207606591,269,56.79423890499268,10.0,13.0,2.520178074495277,0.0015257088284907083,1.2360853102868092,1.0,2.755525269985407,40.0,1.0,0.0015257088284907083,1.2360853102868092,0.6180059281183821,1.7729423656115402,0.07208244207606591,True,,resolved_oscillation,1.0,754.0,13.275994441290369,0.0,0.9951504228594003,1287.4454886512226,6.243566211531298,1373.3029312481478,675.6326785104682,0.6352785145888594,0.2881581870695401,2842.457454302244,24.376771097244777,4.0076861123252545,0.007470212333214214,0.0018639714098966714,0.3925794267940458,3.933333333333333,14.913487234681376,0.953108575482407,0.986173660448834,40.0,80.0,0.0018639714098966714,0.3925794267940458
AB,shared_PLtetO1_leak,14,0.5050919744883469,0.29587452410599624,0.1709903108192089,0.07604663233161935,0.21428753930495725,0.20466249303767636,0.7919028093038489,0.04476630886248789,50.10183948976694,10.0,13.0,2.5917490482119927,0.0016690276186843544,0.5760466323316193,1.0,1.4118240063671235,40.0,1.0,0.0016690276186843544,0.5760466323316193,0.4841962437339087,3.0965123298144808,0.013429892658746367,270,50.10183948976694,10.0,13.0,2.5917490482119927,0.0016690276186843544,0.5760466323316193,1.0,1.4118240063671235,40.0,1.0,0.0016690276186843544,0.5760466323316193,0.4841962437339087,3.0965123298144794,0.013429892658746367,True,,resolved_oscillation,1.0,404.1,8.065572125002227,0.0007825482950181587,0.9515255352974925,191.04246127028088,9.26068104552639,218.8228992186369,85.88316486443124,0.6087602078693393,0.2712730504332371,1207.3430528892761,85.0467408362215,2.180730080224986,0.008122944793289465,0.003724874007539448,0.45056654076871805,2.433333333333333,5.1437951397899,0.9955287790572359,0.9984485421421432,40.0,80.0,0.003724874007539448,0.45056654076871805
AB,shared_PLtetO1_leak,15,0.9354066410283456,0.4956740475582503,0.555785112724198,0.3678801652864846,0.44262136838463495,0.3567890580726589,0.7861953008443282,0.3266761862476052,58.70813282056692,10.0,13.0,2.991348095116501,0.005285585504870691,0.8678801652864846,1.0,2.0388208196141258,40.0,1.0,0.005285585504870691,0.8678801652864846,0.621110152265393,3.0560841268539645,0.09800285587428155,271,58.70813282056692,10.0,13.0,2.991348095116501,0.005285585504870691,0.8678801652864846,1.0,2.0388208196141258,40.0,1.0,0.005285585504870691,0.8678801652864846,0.621110152265393,3.0560841268539645,0.09800285587428155,True,,resolved_oscillation,1.0,680.0,11.582722313419907,0.0,0.9875551901456096,613.1345220729812,7.630342542360885,672.8436095455769,274.63999239482587,0.6176470588235294,0.29304598978004887,3258.0397591830915,66.46072896372515,4.555389948560029,0.03133187518770847,0.006877978733217463,0.4221284159075761,3.7333333333333334,16.237581730937276,0.9254515263619049,0.9765506566406021,40.0,80.0,0.006877978733217463,0.4221284159075761
AB,shared_PLtetO1_leak,16,0.4165039138534229,0.28577343400915445,0.2582235806854113,0.3853034399427899,0.5293155168028456,0.028087019400847124,0.24521803081693405,0.1709331898065073,48.33007827706846,10.0,13.0,2.571546868018309,0.0021674876122947493,0.8853034399427899,1.0,2.344097485863484,40.0,1.0,0.0021674876122947493,0.8853034399427899,0.3252783174607624,0.8794031869231538,0.051279956941952184,272,48.33007827706846,10.0,13.0,2.571546868018309,0.0021674876122947493,0.8853034399427899,1.0,2.344097485863484,40.0,1.0,0.0021674876122947493,0.8853034399427899,0.3252783174607624,0.8794031869231538,0.051279956941952184,True,,resolved_oscillation,1.0,548.7142857142857,11.353473970569551,0.000889260675688588,0.988939316625707,637.2930808300725,7.0488969836890965,686.3187442249009,312.98781781364187,0.6241864097891174,0.2846034214618974,436.10347541646905,7.7906274988560416,0.7494872085752528,0.002013283591080641,0.0026862147452894067,0.26349700066651854,2.9833333333333334,2.121083332352526,0.9938982637825092,0.9981579046796049,40.0,80.0,0.0026862147452894067,0.26349700066651854
AB,shared_PLtetO1_leak,17,0.5474959190386707,0.32786926200840927,0.9645578474083332,0.8674324012996638,0.7705241825193797,0.8212992686047814,0.49428288340064575,0.17215494341127735,50.94991838077341,10.0,13.0,2.6557385240168188,0.01798534164708411,1.3674324012996637,1.0,3.4559964778269046,40.0,1.0,0.01798534164708411,1.3674324012996637,1.039169341744303,1.5604608877308435,0.051646483023383205,273,50.94991838077341,10.0,13.0,2.6557385240168188,0.01798534164708411,1.3674324012996637,1.0,3.4559964778269046,40.0,1.0,0.01798534164708411,1.3674324012996637,1.039169341744303,1.5604608877308435,0.051646483023383205,True,,steady_state,0.0,,,,,28.093878804171798,28.09351847835262,311.1784351223564,43.44951720682931,,0.0,759.7378986380878,759.7172547990224,1.0297686411110079,1.029742071751668,0.9999741987100024,1.0,,,0.991553247218138,0.9915532593668249,40.0,80.0,,
AB,shared_PLtetO1_leak,18,0.2557492081993019,0.011841787648559254,0.3420358318316574,0.5100265748839851,0.24386234796739392,0.9723548965289336,0.18530812723112733,0.07398357953597556,45.11498416398604,10.0,13.0,2.0236835752971185,0.0027861139630266174,1.0100265748839852,1.0,1.4806501890554022,40.0,1.0,0.0027861139630266174,1.0100265748839852,1.1751194068760402,0.7660870685498672,0.02219507386079267,274,45.11498416398604,10.0,13.0,2.0236835752971185,0.0027861139630266174,1.0100265748839852,1.0,1.4806501890554022,40.0,1.0,0.0027861139630266174,1.0100265748839852,1.1751194068760402,0.7660870685498672,0.02219507386079267,True,,resolved_oscillation,1.0,340.9166666666667,7.556617230042395,0.0008467615778874982,0.94215329313458,208.2360890995172,12.045772004941247,263.1891868474767,81.6683641079287,0.6350525543876803,0.1293045989780049,833.0469344284337,81.98319718134692,1.7528046003540585,0.020955305044194943,0.0119553001172875,0.42390579871139744,1.9166666666666667,3.395506594992764,0.9940073694261218,0.9979170642616343,40.0,80.0,0.0119553001172875,0.42390579871139744
AB,shared_PLtetO1_leak,19,0.9255513500073052,0.7189310719243752,0.8482779207361689,0.008470141514244522,0.614501749387959,0.9187699952713662,0.5653192310309306,0.6859534039173187,58.5110270001461,10.0,13.0,3.4378621438487507,0.012695067651022442,0.5084701415142445,1.0,2.6885510697643706,40.0,1.0,0.012695067651022442,0.5084701415142445,1.1268929957442295,1.8377618651452943,0.20578602117519562,275,58.5110270001461,10.0,13.0,3.4378621438487507,0.012695067651022443,0.5084701415142445,1.0,2.6885510697643706,40.0,1.0,0.012695067651022442,0.5084701415142445,1.1268929957442295,1.8377618651452943,0.20578602117519562,True,,resolved_oscillation,1.0,590.8571428571429,10.098218629040087,0.0006396884214372801,0.9677194665787044,302.3423173620008,9.75977128027603,421.88820839705863,100.54214134408593,0.5919366537717601,0.23528104865585425,1691.622902093139,74.83366130129521,2.497808593306944,0.04802307949824095,0.01922608466754507,0.3861364141301933,3.216666666666667,7.9208673171748565,0.9025196395263488,0.9705571349034392,40.0,80.0,0.01922608466754507,0.3861364141301933
AB,shared_PLtetO1_leak,20,0.0013435690855783111,0.46494735339945903,0.3392785329075354,0.6847519706450776,0.45656378171454903,0.066410428609471,0.5239147617457327,0.5455612958419926,40.026871381711565,10.0,13.0,2.929894706798918,0.0027631950879877295,1.1847519706450775,1.0,2.085087998207999,40.0,1.0,0.0027631950879877295,1.1847519706450775,0.3597693857485239,1.6706472727944355,0.1636683887525978,276,40.026871381711565,10.0,13.0,2.929894706798918,0.0027631950879877295,1.1847519706450775,1.0,2.085087998207999,40.0,1.0,0.0027631950879877295,1.1847519706450775,0.3597693857485239,1.6706472727944355,0.1636683887525978,True,,resolved_oscillation,1.0,488.5,12.204301339004916,0.0010942118399689842,0.9905611549271537,690.5220671944819,6.517730811630208,708.2431913386386,389.6136404119698,0.6228249744114636,0.33392579426794045,1062.5953681210121,15.391504546934685,2.118887078485597,0.007091764221688305,0.0033469288164034226,0.418129304598978,2.7916666666666665,5.580002293507473,0.937544062068004,0.9789206775882096,40.0,80.0,0.0033469288164034226,0.418129304598978
AB,shared_PLtetO1_leak,21,0.07885095553436716,0.31896266985311017,0.7688011802685706,0.49990424355663865,0.7169457026455673,0.4357792480321784,0.5996465601993903,0.8802543008467651,41.577019110687345,10.0,13.0,2.6379253397062206,0.010005375591160541,0.9999042435566386,1.0,3.1704692172466618,40.0,1.0,0.010005375591160541,0.9999042435566386,0.6922013232289606,1.9889165634954384,0.2640762902540295,277,41.577019110687345,10.0,13.0,2.6379253397062206,0.010005375591160541,0.9999042435566386,1.0,3.1704692172466618,40.0,1.0,0.010005375591160541,0.9999042435566386,0.6922013232289606,1.9889165634954384,0.2640762902540295,True,,resolved_oscillation,1.0,402.1,9.671208003861933,0.0007864406018822131,0.9646352580843148,310.49744760810023,10.980662100139465,534.1158364182329,105.74671770707737,0.6102959462820194,0.17684958898022662,1208.5148216791106,61.35291559383259,2.604443453278687,0.05049279162558955,0.01938717139818301,0.3885803154854477,2.066666666666667,5.379974884922516,0.8592361374000119,0.9573133160999634,40.0,80.0,0.01938717139818301,0.3885803154854477
AB,shared_PLtetO1_leak,22,0.8675713022377077,0.6969107328092301,0.8926450621023228,0.5509199571228793,0.8481709139021257,0.3486284427256984,0.980574699729904,0.08487242491476177,57.351426044754156,10.0,13.0,3.39382146561846,0.01449966609700367,1.0509199571228793,1.0,3.916030154842152,40.0,1.0,0.01449966609700367,1.0509199571228793,0.6137655984531285,4.781285797412691,0.02546172747442853,278,57.351426044754156,10.0,13.0,3.39382146561846,0.01449966609700367,1.0509199571228793,1.0,3.916030154842152,40.0,1.0,0.01449966609700367,1.0509199571228793,0.6137655984531285,4.781285797412691,0.02546172747442853,True,,steady_state,0.0,,,,,20.47921489848595,20.479119050365746,440.4447464488995,33.959287051787115,,0.0,1717.4406581310539,1717.4047242083761,2.068060962348135,2.068033931387909,0.99998692932137,1.0,,,0.9918617330734539,0.9918617349831353,40.0,80.0,,
AB,shared_PLtetO1_leak,23,0.8783796245132314,0.3287124873925278,0.2952708891667314,0.428318534017873,0.25608481486483725,0.8729212352329343,0.7929911185726779,0.12612542097333246,57.56759249026463,10.0,13.0,2.6574249747850556,0.002421900426329077,0.928318534017873,1.0,1.5100648695064638,40.0,1.0,0.002421900426329077,0.928318534017873,1.0856291117096408,3.1042816871889642,0.037837626291999736,279,57.56759249026463,10.0,13.0,2.6574249747850556,0.002421900426329077,0.928318534017873,1.0,1.5100648695064638,40.0,1.0,0.002421900426329077,0.928318534017873,1.0856291117096408,3.1042816871889642,0.037837626291999736,True,,resolved_oscillation,1.0,601.8571428571429,10.454790913115295,0.0006279969881473036,0.984661997859599,493.23187823185555,7.565191604034237,506.54302824553497,231.14020309249494,0.621825302634702,0.2723839146856254,5877.504006318663,149.399811746226,8.620161769197583,0.027939440214943465,0.003241173537459522,0.4359031326371917,3.35,27.56142790209366,0.948941205398346,0.9847493574603564,40.0,80.0,0.003241173537459522,0.4359031326371917
AB,shared_PLtetO1_leak,24,0.39314986885056447,0.3402603413700579,0.9417555466480453,0.32617748054883455,0.526312222726394,0.13956516709130617,0.18540594859632797,0.31633641727601725,47.86299737701129,10.0,13.0,2.6805206827401156,0.01679779259954239,0.8261774805488346,1.0,2.332794359765584,40.0,1.0,0.01679779259954239,0.8261774805488346,0.42560865038217555,0.766259642981382,0.09490092518280517,280,47.86299737701129,10.0,13.0,2.6805206827401156,0.01679779259954239,0.8261774805488346,1.0,2.332794359765584,40.0,1.0,0.01679779259954239,0.8261774805488346,0.42560865038217555,0.766259642981382,0.09490092518280517,True,,resolved_oscillation,1.0,359.4166666666667,7.50928037029489,0.001432678832954613,0.8680362432811616,117.73091717225945,15.53621411200576,256.9244649470783,46.32532535358772,0.5926269418038488,0.0,187.11748241887742,26.67518129263268,0.3783083469503742,0.018843499753900435,0.049809896889143425,0.0,1.925,0.8054066139668514,0.9940255232334896,0.9979205660039959,40.0,80.0,0.049809896889143425,0.0
AB,shared_PLtetO1_leak,25,0.07041119244804428,0.332130848458681,0.4958756929428063,0.9860244128897545,0.32422163560981,0.23806648353124005,0.9210385550297289,0.31793519788627744,41.40822384896089,10.0,13.0,2.664261696917362,0.004417221228358318,1.4860244128897544,1.0,1.6850826151783185,40.0,1.0,0.004417221228358318,1.4860244128897544,0.514259835178116,4.168775994915668,0.09538055936588323,281,41.40822384896089,10.0,13.0,2.664261696917362,0.004417221228358318,1.4860244128897544,1.0,1.6850826151783185,40.0,1.0,0.004417221228358318,1.4860244128897544,0.514259835178116,4.168775994915668,0.09538055936588323,True,,resolved_oscillation,1.0,452.1111111111111,10.918389370194069,0.000737281887441632,0.9863490661470266,569.5010655458707,7.774221374964527,598.5588558002992,244.12883075956975,0.627058245269108,0.2788269273494779,3951.0235067265785,100.42874929929994,7.96044057143342,0.051015755271869245,0.006408659773799799,0.4583425905354366,2.5,19.118340669782615,0.8735814861819821,0.9600952016526333,40.0,80.0,0.006408659773799799,0.4583425905354366
AB,shared_PLtetO1_leak,26,0.5453222821228122,0.15880740001429594,0.6682647438950065,0.9819235271006114,0.44424563520368043,0.8995501600465765,0.7702554738662177,0.8733172195768184,50.90644564245625,10.0,13.0,2.3176148000285917,0.007403421517377843,1.4819235271006113,1.0,2.0441575890491483,40.0,1.0,0.007403421517377843,1.4819235271006113,1.1095951440419187,2.9459507236158826,0.2619951658730455,282,50.90644564245625,10.0,13.0,2.3176148000285917,0.007403421517377843,1.4819235271006113,1.0,2.0441575890491483,40.0,1.0,0.007403421517377843,1.4819235271006113,1.1095951440419187,2.9459507236158826,0.2619951658730455,True,,resolved_oscillation,1.0,452.44444444444446,8.88776340077264,0.0011648861714765638,0.9688563202936368,362.5004007816114,11.289596375370799,453.0740055117424,121.3350676907433,0.6520137524557956,0.16063097089535658,3767.9781360384054,253.90163130168432,6.578695971440404,0.13563308613152614,0.020617016916473996,0.47189513441457454,2.466666666666667,16.311370417917434,0.6482342793436763,0.8848600381432862,40.0,80.0,0.020617016916473996,0.47189513441457454
AB,shared_PLtetO1_leak,27,0.5842061138530887,0.17478857874816356,0.487859781414667,0.21103105998534566,0.47372262078119953,0.27706809452061376,0.08242795025315841,0.20941401680263994,51.684122277061775,10.0,13.0,2.349577157496327,0.004312411636898106,0.7110310599853457,1.0,2.1434724322101038,40.0,1.0,0.004312411636898106,0.7110310599853457,0.5493612850685523,0.6045022958145511,0.06282420504079197,283,51.684122277061775,10.0,13.0,2.349577157496327,0.004312411636898106,0.7110310599853457,1.0,2.1434724322101038,40.0,1.0,0.004312411636898106,0.7110310599853457,0.5493612850685523,0.6045022958145511,0.06282420504079197,True,,resolved_oscillation,1.0,478.375,9.255743909814065,0.0010818900851983604,0.9738933281848492,355.14670549727873,9.271698486649491,416.14221547905197,139.50940838140656,0.6229422524170368,0.25416574094645633,335.74207964976614,14.819167371426005,0.5820491305769045,0.004015112048535933,0.006898235625841944,0.1832926016440791,2.566666666666667,1.4605214162984927,0.994123141812529,0.9980473508330908,40.0,80.0,0.006898235625841944,0.1832926016440791
AB,shared_PLtetO1_leak,28,0.5150252250115483,0.5671990511643153,0.37866499743193893,0.9901042993929583,0.8684331197247117,0.5459952500686578,0.7216872091884045,0.610060609924768,50.30050450023097,10.0,13.0,3.134398102328631,0.0031092419598642037,1.4901042993929583,1.0,4.045839978009278,40.0,1.0,0.0031092419598642037,1.4901042993929583,0.791395725061792,2.6342513635520346,0.1830181829774304,284,50.30050450023097,10.0,13.0,3.134398102328631,0.0031092419598642037,1.4901042993929583,1.0,4.045839978009278,40.0,1.0,0.0031092419598642037,1.4901042993929583,0.791395725061792,2.6342513635520346,0.1830181829774304,True,,resolved_oscillation,1.0,758.4,15.077383567723809,0.0007222080135880357,0.9958597152736172,1593.5573830209976,6.597781293536371,1835.9155017959138,793.798406475455,0.6345595991561181,0.2999333481448567,4925.132038274832,38.9081540239435,7.462069755043934,0.034671158507139276,0.004646319271366171,0.4001333037102866,4.15,29.17756484741431,0.7482202601250092,0.9223116379671634,40.0,80.0,0.004646319271366171,0.4001333037102866
AB,shared_PLtetO1_leak,29,0.04945339346089217,0.09762210073206024,0.9771446869204592,0.5344320235740077,0.12301565154377614,0.43951840096355876,0.716675164080167,0.8026172127841293,40.98906786921784,10.0,13.0,2.1952442014641207,0.01867645938726634,1.0344320235740077,1.0,1.2189453935804007,40.0,1.0,0.01867645938726634,1.0344320235740077,0.6955665608672028,2.604025114200645,0.2407851638352388,285,40.98906786921784,10.0,13.0,2.1952442014641207,0.01867645938726634,1.0344320235740077,1.0,1.2189453935804007,40.0,1.0,0.018676459387266347,1.0344320235740077,0.6955665608672028,2.604025114200645,0.2407851638352388,True,,resolved_oscillation,1.0,248.58823529411765,6.064744777492332,0.0035008103704480577,0.6458637300768476,55.51814187400008,19.66098767632276,112.23286992747504,28.648966974574407,0.6436346426881211,0.0,866.7890853696797,369.79065670504633,1.8417655923517529,0.38207533375926905,0.20745057641748893,0.7682737169517885,1.85,4.138388434916867,0.9120210001439868,0.9518268311704182,40.0,80.0,0.20745057641748893,0.7682737169517885
AB,shared_PLtetO1_leak,30,0.23529284243979742,0.8407494147148626,0.6724067720205014,0.18400605895795552,0.9153118394219858,0.6622785865219342,0.34201139629394184,0.761506421166632,44.705856848795946,10.0,13.0,3.6814988294297253,0.007495858499058385,0.6840060589579555,1.0,4.362902627321284,40.0,1.0,0.007495858499058385,0.6840060589579555,0.8960507278697407,1.0989587737214994,0.2284519263499896,286,44.705856848795946,10.0,13.0,3.6814988294297253,0.007495858499058386,0.6840060589579555,1.0,4.362902627321284,40.0,1.0,0.007495858499058385,0.6840060589579555,0.8960507278697407,1.0989587737214994,0.2284519263499896,True,,resolved_oscillation,1.0,598.1428571428571,13.379518911043235,0.000631896658959778,0.988213541325118,668.1276017887487,7.874858368031127,922.8163187535158,288.1038633521405,0.6035347504179603,0.28149300155520995,1085.8562889822147,17.414797001714405,1.9138946332601108,0.0181295836286281,0.009472613232498766,0.3596978449233504,3.3,6.0200841652950885,0.914644898053831,0.9747844538268148,40.0,80.0,0.009472613232498766,0.3596978449233504
AB,shared_PLtetO1_leak,31,0.3961908178200533,0.5858255229716866,0.4223884267218966,0.1975083502442333,0.42790177911939253,0.8533965863188613,0.9318053292379148,0.9537836951071544,47.92381635640106,10.0,13.0,3.1716510459433733,0.0035443778430163685,0.6975083502442333,1.0,1.9910882451276535,40.0,1.0,0.0035443778430163685,0.6975083502442333,1.0680569276869751,4.273417592722049,0.2861351085321463,287,47.92381635640106,10.0,13.0,3.1716510459433733,0.0035443778430163685,0.6975083502442333,1.0,1.9910882451276535,40.0,1.0,0.0035443778430163685,0.6975083502442333,1.0680569276869751,4.273417592722049,0.2861351085321463,True,,resolved_oscillation,1.0,513.7142857142857,10.719394338169609,0.0009498471232813867,0.9841346067507357,427.71312721228173,6.785836961095489,322.84986816867195,243.36064947362104,0.639265850945495,0.36125305487669407,3845.684829693056,127.5844782661636,6.28877191731886,0.040626467700530806,0.006460159190802932,0.522994890024439,3.4833333333333334,20.72326622929638,0.6203349704829821,0.8499696892525475,40.0,80.0,0.006460159190802932,0.522994890024439
AB,shared_PLtetO1_leak,32,0.45544406973220386,0.8413148429729738,0.6949382016413029,0.2627126403874821,0.6550826693183404,0.7769402083886271,0.7903188624593088,0.30569927964458465,49.10888139464408,10.0,13.0,3.6826296859459475,0.008019281254978633,0.7627126403874821,1.0,2.870008191014471,40.0,1.0,0.008019281254978633,0.7627126403874821,0.9992461875497642,3.0852393852147566,0.09170978389337539,288,49.10888139464408,10.0,13.0,3.6826296859459475,0.008019281254978633,0.7627126403874821,1.0,2.870008191014471,40.0,1.0,0.008019281254978633,0.7627126403874821,0.9992461875497642,3.0852393852147566,0.09170978389337539,True,,resolved_oscillation,1.0,615.0,12.523193005717154,0.0,0.986582042654008,592.7637082661647,7.953678153767488,720.2965197435005,256.3615228921307,0.6048780487804878,0.29126860697622753,4025.4991551776425,79.33002424065069,6.541807813447619,0.06769666506245377,0.010348311505466978,0.41879582315041103,3.441666666666667,21.51254610133903,0.9005125171752054,0.9694031844543609,40.0,80.0,0.010348311505466978,0.41879582315041103
AB,shared_PLtetO1_leak,33,0.9227593837099817,0.2542365218699282,0.1864217517954616,0.21289201770014698,0.2844369626022776,0.215498302700181,0.5288499542686814,0.8553785018010519,58.455187674199635,10.0,13.0,2.5084730437398566,0.0017479954221911549,0.712892017700147,1.0,1.5805669808537361,40.0,1.0,0.0017479954221911549,0.712892017700147,0.4939484724301629,1.6897402866206526,0.25661355054031554,289,58.455187674199635,10.0,13.0,2.5084730437398566,0.0017479954221911549,0.712892017700147,1.0,1.5805669808537361,40.0,1.0,0.0017479954221911549,0.712892017700147,0.4939484724301629,1.6897402866206526,0.25661355054031554,True,,resolved_oscillation,1.0,549.25,9.396086504096923,0.0008428039142217127,0.9774104595963656,362.658854630915,8.19229684942079,368.19279484450647,160.20734654445508,0.6253982703686846,0.27438347033992444,1011.6593224685425,39.2201652257962,1.5005913137242524,0.0042419042491258375,0.0028268218070635364,0.38258164852255055,3.15,4.5277620813666,0.9219798104735262,0.9748890089911552,40.0,80.0,0.0028268218070635364,0.38258164852255055
AB,shared_PLtetO1_leak,34,0.07950435043954462,0.9662316694526888,0.4730561834042769,0.1750304734321343,0.9875008646722722,0.4630627884669968,0.38130948963773503,0.5292730561158066,41.590087008790896,10.0,13.0,3.932463338905378,0.004125345095606989,0.6750304734321343,1.0,4.900422030910761,40.0,1.0,0.004125345095606989,0.6750304734321343,0.716756509620297,1.2030384113259651,0.15878191683474197,290,41.590087008790896,10.0,13.0,3.932463338905378,0.004125345095606989,0.6750304734321343,1.0,4.900422030910761,40.0,1.0,0.004125345095606989,0.6750304734321343,0.716756509620297,1.2030384113259651,0.15878191683474197,True,,resolved_oscillation,1.0,643.1666666666666,15.46442224395252,0.0006347472772177191,0.9942629050323251,1078.3125330734233,6.186381407076492,1143.0318319391495,753.8479683197694,0.6191241254210935,0.34570095534325707,1048.5018371742553,7.986226429433303,1.8789179632804993,0.008626729071412648,0.004591328221882981,0.40057764941124197,3.816666666666667,6.741138620425051,0.9465829516492297,0.9821178832858282,40.0,80.0,0.004591328221882981,0.40057764941124197
AB,shared_PLtetO1_leak,35,0.6334398631188464,0.44530082088652956,0.13759569382084302,0.6253248415770387,0.2880167805261743,0.12196760263835515,0.48354764822632257,0.8441290579269647,52.66879726237693,10.0,13.0,2.890601641773059,0.0015101362230242612,1.1253248415770387,1.0,1.5896996928880285,40.0,1.0,0.0015101362230242612,1.1253248415770387,0.4097708423745196,1.522361010310618,0.2532387173780894,291,52.66879726237693,10.0,13.0,2.890601641773059,0.0015101362230242612,1.1253248415770387,1.0,1.5896996928880285,40.0,1.0,0.0015101362230242612,1.1253248415770387,0.4097708423745196,1.522361010310618,0.2532387173780894,True,,resolved_oscillation,1.0,622.3333333333334,11.815977688518183,0.0008297768283251028,0.9904319473157517,670.8824949812328,6.419039056920335,645.6336778037469,389.1771003994405,0.6253883235136583,0.3094867807153966,1318.3392207710947,19.656885805545333,2.0038818582138775,0.003836987352844996,0.001914777229564333,0.3923572539435681,3.6,6.795554442708313,0.8976471233057023,0.9676009650736851,40.0,80.0,0.001914777229564333,0.3923572539435681
AB,shared_PLtetO1_leak,36,0.6761306877039921,0.05417488428145534,0.1859938181047599,0.9714779234866264,0.28757541677892484,0.6833932859140744,0.1868916785923901,0.42248977462753035,53.52261375407984,10.0,13.0,2.1083497685629107,0.0017457559719310863,1.4714779234866264,1.0,1.588570854590359,40.0,1.0,0.0017457559719310863,1.4714779234866264,0.915053957322667,0.76888552137681,0.1267469323882591,292,53.52261375407984,10.0,13.0,2.1083497685629107,0.001745755971931086,1.4714779234866264,1.0,1.588570854590359,40.0,1.0,0.0017457559719310863,1.4714779234866264,0.915053957322667,0.76888552137681,0.1267469323882591,True,,resolved_oscillation,1.0,515.2857142857143,9.62743928488425,0.0009469504450567968,0.9825754689741633,538.7816748428577,9.388018009451695,604.1792003542847,207.11332884219055,0.6373163293595786,0.21639635636525217,1392.8225274154972,47.16543677617705,2.3492569650906816,0.007937398405916986,0.0033786846325730064,0.39191290824261277,2.5833333333333335,5.919564408668269,0.9486420727417207,0.9844782666437794,40.0,80.0,0.0033786846325730064,0.39191290824261277
AB,shared_PLtetO1_leak,37,0.9942080218192769,0.6593242047859554,0.6446447953133618,0.11408570344483138,0.7692102833324719,0.24995871660714786,0.24812270663075364,0.5441891502418968,59.88416043638554,10.0,13.0,3.318648409571911,0.006897666860748129,0.6140857034448314,1.0,3.4486960139662837,40.0,1.0,0.006897666860748129,0.6140857034448314,0.524962844946433,0.8853045799577942,0.16325674507256904,293,59.88416043638554,10.0,13.0,3.318648409571911,0.006897666860748129,0.6140857034448314,1.0,3.4486960139662837,40.0,1.0,0.006897666860748129,0.6140857034448314,0.524962844946433,0.8853045799577942,0.16325674507256904,True,,resolved_oscillation,1.0,747.6,12.484102549858228,0.0007326411951647487,0.9876645209359234,652.378912361559,8.047406415281122,873.6686296932844,270.32778402227143,0.6039325842696629,0.2863808042657187,613.1828720986315,10.679789756417465,0.8323708183569167,0.007074881359611054,0.008499674908806544,0.28793601421906245,3.966666666666667,3.163811485468604,0.9755389335710836,0.9925535215426352,40.0,80.0,0.008499674908806544,0.28793601421906245
AB,shared_PLtetO1_leak,38,0.4452386990402637,0.45484334849897157,0.2624923198028516,0.5335265915484285,0.7580538097473309,0.7955874573466426,0.7447623325657388,0.4984037620752796,48.904773980805274,10.0,13.0,2.909686696997943,0.0021953834285738535,1.0335265915484286,1.0,3.387325056628274,40.0,1.0,0.0021953834285738535,1.0335265915484286,1.0160287116119782,2.778000610874619,0.14952112862258388,294,48.904773980805274,10.0,13.0,2.909686696997943,0.0021953834285738535,1.0335265915484286,1.0,3.387325056628274,40.0,1.0,0.0021953834285738535,1.0335265915484286,1.0160287116119782,2.7780006108746202,0.14952112862258388,True,,resolved_oscillation,1.0,686.5,14.037484362353778,0.0007978478623527547,0.9954047566432255,1240.985460223322,5.702630191944897,1130.3786932075336,758.4986635270233,0.6409322651128915,0.31148633636969564,4902.373554652721,42.380938735495405,7.658728351548847,0.023017804268770276,0.003005434219913978,0.4214618973561431,4.0,28.766870544723428,0.7971965535908183,0.935688900359919,40.0,80.0,0.003005434219913978,0.4214618973561431
AB,shared_PLtetO1_leak,39,0.6660332596561213,0.9549278270831529,0.1378795629698708,0.752066943141399,0.9605213971708908,0.4830470007968839,0.4840801167323766,0.5658874191471764,53.32066519312242,10.0,13.0,3.909855654166306,0.0015114209829842186,1.2520669431413989,1.0,4.692190600041989,40.0,1.0,0.0015114209829842186,1.2520669431413989,0.7347423007171954,1.524228651865329,0.16976622574415293,295,53.32066519312242,10.0,13.0,3.909855654166306,0.0015114209829842188,1.2520669431413989,1.0,4.692190600041989,40.0,1.0,0.0015114209829842186,1.2520669431413989,0.7347423007171954,1.524228651865329,0.16976622574415293,True,,resolved_oscillation,1.0,971.6666666666666,18.223078484624704,0.0005941855257526166,0.9981348511737942,2741.6576024489896,5.113599459065978,2530.708297985497,2266.1567703216306,0.634991423670669,0.35880915352143966,3144.8623680240607,8.461849502981579,4.265748263444714,0.007613974244980576,0.0017849094167671472,0.42412797156187515,5.7,22.845545083431542,0.868621061968095,0.9545297879913336,40.0,80.0,0.0017849094167671472,0.42412797156187515
AB,shared_PLtetO1_leak,40,0.07938517308078696,0.022029308983154694,0.7881543639175074,0.321935567576238,0.7521861907367888,0.6828149072520601,0.16781697286928776,0.6518343044389883,41.58770346161574,10.0,13.0,2.0440586179663094,0.010602602231531219,0.821935567576238,1.0,3.3554871886080764,40.0,1.0,0.010602602231531219,0.821935567576238,0.9145334165268539,0.7358460741714552,0.19555029133169646,296,41.58770346161574,10.0,13.0,2.0440586179663094,0.010602602231531217,0.821935567576238,1.0,3.3554871886080764,40.0,1.0,0.010602602231531219,0.821935567576238,0.9145334165268539,0.7358460741714552,0.19555029133169646,True,,resolved_oscillation,1.0,332.8333333333333,8.003166937085837,0.001169502670247656,0.9167702608504992,184.40118030868615,15.34766213595203,339.31382564417993,77.06345378798373,0.6249374061091638,0.0,355.30378325696324,42.11549669007832,0.8139099976062805,0.029702770012621834,0.03649392451251128,0.27838258164852253,1.7333333333333334,1.5355739681382283,0.970200046988739,0.9897057849303796,40.0,80.0,0.03649392451251128,0.27838258164852253
AB,shared_PLtetO1_leak,41,0.9815064036168787,0.6484862657754508,0.8698032295184877,0.4999552130251841,0.7789299613558915,0.5872141849970318,0.30968064225549496,0.899810359527491,59.63012807233757,10.0,13.0,3.2969725315509013,0.013540668064183222,0.9999552130251841,1.0,3.5030688932033924,40.0,1.0,0.013540668064183222,0.9999552130251841,0.8284927664973285,1.0201185539311928,0.26994310785824727,297,59.63012807233757,10.0,13.0,3.2969725315509013,0.013540668064183222,0.9999552130251841,1.0,3.5030688932033924,40.0,1.0,0.013540668064183222,0.9999552130251841,0.8284927664973285,1.0201185539311928,0.26994310785824727,True,,resolved_oscillation,1.0,408.6,6.85224085892161,0.0021890043832597057,0.17808696126605933,38.48820371456796,31.633956470451494,120.92278422905703,30.631165840436307,0.6627508565834557,0.0,151.85331541850235,117.31268609306466,0.19064519615025052,0.12165903323130897,0.6381437124459592,0.0,3.808333333333333,1.0557139430463116,0.9893825302493905,0.9913590392287287,40.0,80.0,0.6381437124459592,0.0
AB,shared_PLtetO1_leak,42,0.2634626562834709,0.9747032019221333,0.821760701088823,0.7109816588766164,0.952904028663561,0.31261461683648606,0.3711782882929373,0.5177094697691266,45.269253125669415,10.0,13.0,3.9494064038442667,0.011725606656146463,1.2109816588766162,1.0,4.635017018010833,40.0,1.0,0.011725606656146463,1.2109816588766162,0.5813531551528375,1.1752987997251907,0.15531284093073797,298,45.269253125669415,10.0,13.0,3.9494064038442667,0.011725606656146463,1.2109816588766162,1.0,4.635017018010833,40.0,1.0,0.011725606656146463,1.2109816588766162,0.5813531551528375,1.1752987997251907,0.15531284093073797,True,,steady_state,0.0,,,,,20.64680745539387,20.64680698570413,373.24518449737616,29.4378594175853,,0.0,286.29929791674084,286.2991989816461,0.4367597797810376,0.4367597476465311,0.999999926425216,0.0,,,0.9879042239448511,0.9879042246630163,40.0,80.0,,
AB,shared_PLtetO1_leak,43,0.11902604624430946,0.7238209620991736,0.6720519998969829,0.037791826390061733,0.20526307490198326,0.9864411902014837,0.42542350137029605,0.8698764918089886,42.38052092488619,10.0,13.0,3.447641924198347,0.007487896115373093,0.5377918263900617,1.0,1.3914664273870667,40.0,1.0,0.007487896115373093,0.5377918263900617,1.1877970711813353,1.3316604629181958,0.26096294754269656,299,42.38052092488619,10.0,13.0,3.447641924198347,0.007487896115373093,0.5377918263900617,1.0,1.3914664273870667,40.0,1.0,0.007487896115373093,0.5377918263900617,1.1877970711813353,1.3316604629181958,0.26096294754269656,True,,resolved_oscillation,1.0,353.1818181818182,8.333588414540392,0.0011453588397058938,0.9396489855907093,149.2723372455416,9.00873697601419,174.7557888618599,78.33627391378583,0.5866666666666667,0.32614974450122197,1033.7062980048338,76.57220942905163,2.1186512809563904,0.023532893266579813,0.011107487805145883,0.49055765385469896,2.3,4.698716636840534,0.8873187272432526,0.9567557020339621,40.0,80.0,0.011107487805145883,0.49055765385469896
AB,shared_PLtetO1_leak,44,0.5856463892471487,0.31809303652452925,0.47954290604757543,0.35037645481237045,0.920254666357244,0.26509542561439037,0.43310533966908604,0.5024287034658289,51.71292778494298,10.0,13.0,2.6361860730490587,0.00420629477909124,0.8503764548123705,1.0,4.397748692253874,40.0,1.0,0.00420629477909124,0.8503764548123705,0.5385858830529513,1.3554245391133992,0.15072861103974866,300,51.71292778494298,10.0,13.0,2.6361860730490587,0.00420629477909124,0.8503764548123705,1.0,4.397748692253874,40.0,1.0,0.00420629477909124,0.8503764548123705,0.5385858830529513,1.3554245391133992,0.15072861103974866,True,,resolved_oscillation,1.0,658.0,12.724091019104645,0.0,0.9915515605271706,908.5424160772213,7.67576561072661,1240.7934149627476,383.2417881272554,0.621580547112462,0.24572317262830481,1073.7941671266797,14.757141021971432,1.7056616114712884,0.009411474372806195,0.005517785186411004,0.3343701399688958,3.316666666666667,5.413699224960521,0.9544045289897245,0.987516093229373,40.0,80.0,0.005517785186411004,0.3343701399688958
AB,shared_PLtetO1_leak,45,0.5735089914149888,0.2349033339983554,0.9919531034086785,0.5805394677833117,0.9703789917660842,0.9217209976436966,0.7921983999214777,0.4085949628878395,51.47017982829978,10.0,13.0,2.4698066679967106,0.019523637788421016,1.0805394677833116,1.0,4.767226736092789,40.0,1.0,0.019523637788421016,1.0805394677833116,1.1295488978793269,3.0986206033196844,0.12257848886635184,301,51.47017982829978,10.0,13.0,2.4698066679967106,0.019523637788421016,1.0805394677833116,1.0,4.767226736092789,40.0,1.0,0.019523637788421026,1.0805394677833116,1.1295488978793269,3.0986206033196844,0.12257848886635184,True,,steady_state,0.0,,,,,28.964946563999778,28.964533178573827,353.50775078912045,50.506083748954055,,0.0,1350.503334101014,1350.4488409607811,1.8120357028932497,1.8119863136937033,0.9999727438044033,1.0,,,0.9618712679218842,0.9618714278159097,40.0,80.0,,
AB,shared_PLtetO1_leak,46,0.9964774922142574,0.7068669270486545,0.24914041170713708,0.3997873384363825,0.13524852246151498,0.06723370737678591,0.5138327539551703,0.3768147788965731,59.92954984428515,10.0,13.0,3.413733854097309,0.0021093038665751084,0.8997873384363825,1.0,1.2431818481929522,40.0,1.0,0.0021093038665751084,0.8997873384363825,0.3605103366391073,1.6323104399164237,0.11304443366897193,302,59.92954984428515,10.0,13.0,3.413733854097309,0.0021093038665751084,0.8997873384363825,1.0,1.2431818481929522,40.0,1.0,0.0021093038665751084,0.8997873384363825,0.3605103366391073,1.6323104399164237,0.11304443366897193,True,,resolved_oscillation,1.0,682.0,11.38002874662065,0.0,0.9857865637267837,478.9689210507957,6.807794236206615,501.6958416705475,304.4383751266102,0.6041055718475073,0.3325927571650744,1235.5915214533672,21.502815086608553,1.6598366528680504,0.004021654088261223,0.0024229216057569053,0.40057764941124197,4.0,6.257986033418195,0.9681365866887125,0.9894247723601215,40.0,80.0,0.0024229216057569053,0.40057764941124197
AB,shared_PLtetO1_leak,47,0.36135447392295206,0.6878005187327936,0.8381136693269748,0.3537843335240982,0.035015686851467165,0.6317049050261032,0.22250865784072882,0.07781224274133436,47.22708947845904,10.0,13.0,3.375601037465587,0.012314336689318344,0.8537843335240982,1.0,1.0579738047865839,40.0,1.0,0.012314336689318344,0.8537843335240982,0.8685344145234928,0.8346005415478409,0.023343672822400307,303,47.22708947845904,10.0,13.0,3.375601037465587,0.012314336689318344,0.8537843335240982,1.0,1.0579738047865839,40.0,1.0,0.012314336689318344,0.8537843335240982,0.8685344145234928,0.8346005415478409,0.023343672822400307,True,,resolved_oscillation,1.0,413.2,8.749215853932022,0.0010204187351301644,0.9517327103765163,200.03021690866376,9.654916412978734,242.22407237434044,80.6923983290573,0.5862778315585673,0.2717173961341924,863.6407854152914,54.66571156636556,1.625222114639524,0.027600049568296578,0.01698232464331086,0.4081315263274828,2.4,3.8480097077806312,0.9941491391364703,0.9980202474860956,40.0,80.0,0.01698232464331086,0.4081315263274828
AB,shared_PLtetO1_leak,48,0.14462614962212772,0.2012148931522557,0.3857855035556662,0.09776566282190036,0.303708843795952,0.5655754693836429,0.46791123586759553,0.8616507708534276,42.89252299244255,10.0,13.0,2.4024297863045114,0.003176278040118327,0.5977656628219004,1.0,1.63035947537973,40.0,1.0,0.003176278040118327,0.5977656628219004,0.8090179224452785,1.4685246480052399,0.25849523125602825,304,42.89252299244255,10.0,13.0,2.4024297863045114,0.0031762780401183265,0.5977656628219004,1.0,1.6303594753797301,40.0,1.0,0.003176278040118327,0.5977656628219004,0.8090179224452785,1.4685246480052399,0.25849523125602825,True,,resolved_oscillation,1.0,332.5,7.751933829086828,0.0015706254672694542,0.9413408641480728,167.96902191113952,9.852917675200862,194.55691301226517,71.78807164260968,0.6237593984962406,0.2581648522550544,737.8103161945119,68.69517152068975,1.5502249097859355,0.013538317863912108,0.0087331314175448,0.44367918240391024,2.091666666666667,3.1891601973903163,0.9186021514931653,0.9695973275139672,40.0,80.0,0.0087331314175448,0.44367918240391024
AB,shared_PLtetO1_leak,49,0.40497024324456166,0.8760220927708037,0.5766664444281188,0.5899843875985493,0.0475287430060467,0.30095928254761795,0.4587922640517281,0.5060696597871368,48.099404864891234,10.0,13.0,3.7520441855416076,0.005626785267636351,1.0899843875985493,1.0,1.079496318858968,40.0,1.0,0.005626785267636351,1.0899843875985493,0.5708633542928561,1.4380111993712392,0.15182089793614104,305,48.099404864891234,10.0,13.0,3.7520441855416076,0.005626785267636351,1.0899843875985493,1.0,1.079496318858968,40.0,1.0,0.005626785267636351,1.0899843875985493,0.5708633542928561,1.4380111993712392,0.15182089793614104,True,,resolved_oscillation,1.0,524.5714285714286,10.905985844209983,0.0010189698765724242,0.9799755106991405,376.8442543911895,7.54611374014679,396.3810969223929,218.3908733321565,0.5976307189542485,0.3481448566985114,1568.277886242827,40.31437677898442,2.6441647855855757,0.018093759305969893,0.006842901548574574,0.4543434792268385,3.15,7.881162637535201,0.9287127055214751,0.9747217107170203,40.0,80.0,0.006842901548574574,0.4543434792268385
AB,shared_PLtetO1_leak,50,0.9975856292646897,0.5657544237723552,0.731607286018138,0.4275679161838194,0.3166776682977941,0.5557163730357745,0.7210217811166746,0.015263045840949063,59.95171258529379,10.0,13.0,3.13150884754471,0.008950411942224856,0.9275679161838194,1.0,1.6647468092951054,40.0,1.0,0.008950411942224856,0.9275679161838194,0.8001447357321969,2.630218241651227,0.0045789137522847185,306,59.95171258529379,10.0,13.0,3.13150884754471,0.008950411942224856,0.9275679161838194,1.0,1.6647468092951054,40.0,1.0,0.008950411942224856,0.9275679161838194,0.8001447357321969,2.630218241651227,0.0045789137522847185,True,,resolved_oscillation,1.0,630.5,10.516797149088651,0.0008687114314118416,0.9778515611116926,416.5881419250296,9.226777003020088,550.2728852468135,148.08654304579568,0.5969865186360032,0.2648300377693846,3618.013354945832,115.1135310756426,5.221563552679471,0.06291770081487821,0.012049590162048623,0.4399022439457898,3.283333333333333,16.73260686385112,0.9963822727357634,0.9988634017302829,40.0,80.0,0.012049590162048623,0.4399022439457898
AB,shared_PLtetO1_leak,51,0.9268934724441079,0.6010086289668761,0.5528494591703504,0.564140076180349,0.1552169247113192,0.37544963365442785,0.22895891173032745,0.47424948218286234,58.53786944888216,10.0,13.0,3.2020172579337522,0.00523930558316054,1.064140076180349,1.0,1.283784046812436,40.0,1.0,0.00523930558316054,1.064140076180349,0.637904670288985,0.8470887540115423,0.1422748446548587,307,58.53786944888216,10.0,13.0,3.2020172579337522,0.00523930558316054,1.064140076180349,1.0,1.283784046812436,40.0,1.0,0.00523930558316054,1.064140076180349,0.637904670288985,0.8470887540115423,0.1422748446548587,True,,resolved_oscillation,1.0,657.5,11.232045275821967,0.0008330381102740168,0.985219426374144,512.7696155749898,7.579029056108024,547.22523583981,249.84435101292235,0.6098859315589353,0.29082426127527217,1198.6369632371366,26.31455740496438,1.682282069129657,0.010839113650581397,0.006443101219160652,0.37547211730726504,3.7,5.924546390634766,0.9579700942255814,0.9870287821891385,40.0,80.0,0.006443101219160652,0.37547211730726504
AB,shared_PLtetO1_leak,52,0.14798006523291785,0.030678042283148188,0.2781763042355281,0.29119072017962766,0.04515025280363083,0.5388037075942974,0.6223009687936307,0.9397471766847376,42.95960130465836,10.0,13.0,2.061356084566296,0.002300995216877423,0.7911907201796277,1.0,1.0753718713717284,40.0,1.0,0.002300995216877423,0.7911907201796277,0.7849233368348676,2.095419461334317,0.2819241530054213,308,42.95960130465836,10.0,13.0,2.061356084566296,0.002300995216877423,0.7911907201796277,1.0,1.0753718713717284,40.0,1.0,0.002300995216877423,0.7911907201796277,0.7849233368348676,2.095419461334317,0.2819241530054213,True,,resolved_oscillation,1.0,270.6,6.298941139629648,0.0018739562189102367,0.8185636544106344,77.37261894548085,14.038205230146557,114.53174452845028,35.20205779878871,0.6437546193643755,0.0,910.8556731296435,240.38276390187767,1.9121295317978824,0.1254999527384258,0.06563360413163238,0.598089313485892,1.9666666666666666,4.0446757417362456,0.8869270034051382,0.946086869484034,40.0,80.0,0.06563360413163238,0.598089313485892
AB,shared_PLtetO1_leak,53,0.9465837550526778,0.5897803298867728,0.17409165468435095,0.47750599276686445,0.03580917778042536,0.1308974079005698,0.5193037732229046,0.09603869403120302,58.93167510105356,10.0,13.0,3.1795606597735455,0.0016846064715637058,0.9775059927668645,1.0,1.0593257791340285,40.0,1.0,0.0016846064715637058,0.9775059927668645,0.4178076671105128,1.6530035168600712,0.028811608209360906,309,58.93167510105356,10.0,13.0,3.1795606597735455,0.0016846064715637058,0.9775059927668645,1.0,1.0593257791340285,40.0,1.0,0.0016846064715637058,0.9775059927668645,0.4178076671105128,1.6530035168600712,0.028811608209360906,True,,resolved_oscillation,1.0,627.0,10.639439637934045,0.0,0.9826569978513264,412.94150058869445,7.161645331986237,439.08983976970137,240.3454351338578,0.6044657097288676,0.3192623861364141,1489.3055199551927,32.93848052021545,2.0895580703951735,0.00412737950734968,0.0019752403945247224,0.4159075760942013,3.6333333333333333,7.167735584941852,0.9906631992653281,0.9969514028301828,40.0,80.0,0.0019752403945247224,0.4159075760942013
AB,shared_PLtetO1_leak,54,0.26707177914853697,0.4436206392795494,0.5427034241171419,0.8842841371519518,0.8781615463568023,0.5249468382666946,0.10848811210481324,0.5642563382340674,45.34143558297074,10.0,13.0,2.887241278559099,0.005082453729514944,1.3842841371519516,1.0,4.109685422118879,40.0,1.0,0.005082453729514944,1.3842841371519516,0.7724521544400251,0.641886314712119,0.1692769014702202,310,45.34143558297074,10.0,13.0,2.887241278559099,0.005082453729514944,1.3842841371519516,1.0,4.109685422118879,40.0,1.0,0.005082453729514944,1.3842841371519516,0.7724521544400251,0.641886314712119,0.1692769014702202,True,,resolved_oscillation,1.0,582.0,12.835941176476261,0.0,0.9889606396358643,798.7524592929402,8.817716239874326,1519.9277211492233,292.3905341027542,0.6013745704467354,0.23905798711397466,956.5500178350592,13.598490866859015,1.762239077014754,0.012547547000657118,0.007120229692053336,0.3368140413241502,2.7666666666666666,4.691903008367624,0.9459138747598832,0.9849821804051717,40.0,80.0,0.007120229692053336,0.3368140413241502
AB,shared_PLtetO1_leak,55,0.03934806720952966,0.7974544171486171,0.3960083405727435,0.09528084265622816,0.8506665333513728,0.9500335252854892,0.896934550896485,0.9868204735962427,40.786961344190594,10.0,13.0,3.594908834297234,0.003275055994342872,0.5952808426562282,1.0,3.931790694711237,40.0,1.0,0.003275055994342872,0.5952808426562282,1.1550301727569403,3.943706218379895,0.2960461420788728,311,40.786961344190594,10.0,13.0,3.594908834297234,0.003275055994342872,0.5952808426562282,1.0,3.931790694711237,40.0,1.0,0.003275055994342872,0.5952808426562282,1.1550301727569403,3.943706218379895,0.2960461420788728,True,,resolved_oscillation,1.0,544.2857142857143,13.344600733862674,0.0008964961300052142,0.9922242411495888,726.9686185302019,5.652732669507349,530.2128156479639,524.1342096815306,0.6412073490813648,0.3596978449233504,3196.269620588674,46.98055721072449,5.841456825648291,0.03185267799190866,0.005452865431111634,0.477005109975561,3.6333333333333333,20.05138911104397,0.629987827679528,0.8622685381835158,40.0,80.0,0.005452865431111634,0.477005109975561
AB,shared_PLtetO1_leak,56,0.8516256211406352,0.03206752876612384,0.34569090194941465,0.9271816890983423,0.27187136671284284,0.5778246572201604,0.8284226050920022,0.9634675135066714,57.0325124228127,10.0,13.0,2.0641350575322477,0.002816788458988838,1.4271816890983424,1.0,1.5489233627326284,40.0,1.0,0.002816788458988838,1.4271816890983424,0.8200421914981444,3.368159189736131,0.2890402540520014,312,57.0325124228127,10.0,13.0,2.0641350575322477,0.002816788458988838,1.4271816890983424,1.0,1.5489233627326284,40.0,1.0,0.002816788458988838,1.4271816890983424,0.8200421914981444,3.368159189736131,0.2890402540520014,True,,resolved_oscillation,1.0,501.625,8.795421746129366,0.001031745167220066,0.9763788352360218,421.948672831941,9.96691912290519,408.51744802532636,155.83660939753693,0.6678295539496636,0.20795378804710066,3787.5898753966494,233.9199749408868,5.792474551122785,0.05051589620827789,0.008720952636466247,0.49055765385469896,2.9166666666666665,16.59468947183216,0.6453033552320863,0.8780795111789125,40.0,80.0,0.008720952636466247,0.49055765385469896
AB,shared_PLtetO1_leak,57,0.8296311980119584,0.33407868225380877,0.014881200588171772,0.7176518981589709,0.6864182526670649,0.11947963965489417,0.2941963935788431,0.10802242958869912,56.592623960239166,10.0,13.0,2.6681573645076178,0.0010455887175593902,1.2176518981589708,1.0,3.0184623908556323,40.0,1.0,0.0010455887175593902,1.2176518981589708,0.40753167568940474,0.9843881972846089,0.03240672887660973,313,56.592623960239166,10.0,13.0,2.6681573645076178,0.0010455887175593902,1.2176518981589708,1.0,3.0184623908556323,40.0,1.0,0.0010455887175593902,1.2176518981589708,0.40753167568940474,0.9843881972846089,0.03240672887660973,True,,resolved_oscillation,1.0,813.0,14.365829733768793,0.0,0.9964913617940363,1572.5257387516529,5.517423886845443,1659.298074505565,974.3303529641477,0.6334563345633456,0.33059320151077537,1148.1611528655146,6.294669866900824,1.5808503691158056,0.0018402318967821057,0.0011640772161196865,0.3879137969340147,4.333333333333333,6.443313767024476,0.9920253294821487,0.9974013983089758,40.0,80.0,0.0011640772161196865,0.3879137969340147
AB,shared_PLtetO1_leak,58,0.8175887117605869,0.1733204554271618,0.8983131522888456,0.5238700721010965,0.44611669420234423,0.8290791619985357,0.35620338254456996,0.08649524189862356,56.351774235211735,10.0,13.0,2.3466409108543234,0.014747973773622735,1.0238700721010965,1.0,2.0503225475030376,40.0,1.0,0.014747973773622735,1.0238700721010965,1.046171245798682,1.1354640456404972,0.025948572569587068,314,56.351774235211735,10.0,13.0,2.3466409108543234,0.014747973773622733,1.0238700721010965,1.0,2.0503225475030376,40.0,1.0,0.014747973773622735,1.0238700721010965,1.046171245798682,1.1354640456404972,0.025948572569587068,True,,resolved_oscillation,1.0,379.72727272727275,6.738514942622658,0.0026573017812806525,0.8124633542899582,106.4092933516684,19.95564194754775,230.24602458977944,48.203106255893935,0.6116231745271726,0.0,694.5235560255218,150.30542748095186,1.2113227379443698,0.0952263033761459,0.07861348622725117,0.3654743390357698,2.05,2.880360805720545,0.9951396104071465,0.9981925132852604,40.0,80.0,0.07861348622725117,0.3654743390357698
AB,shared_PLtetO1_leak,59,0.7632201581925808,0.41076796078383804,0.836134206891161,0.6981208695971955,0.883495417972424,0.0023260163113936194,0.593721283602114,0.15498968034379434,55.26440316385162,10.0,13.0,2.8215359215676763,0.012241529502185823,1.1981208695971954,1.0,4.145117025610558,40.0,1.0,0.012241529502185823,1.1981208695971954,0.30209341468025425,1.9619651459925174,0.0464969041031383,315,55.26440316385162,10.0,13.0,2.8215359215676763,0.012241529502185823,1.1981208695971954,1.0,4.145117025610558,40.0,1.0,0.012241529502185823,1.1981208695971954,0.30209341468025425,1.9619651459925174,0.0464969041031383,True,,resolved_oscillation,1.0,384.0,6.948414856874343,0.003444988686282019,0.25891003461328255,48.66936181035405,36.06837565942891,156.3562960015757,39.939340965098744,0.662326388888889,0.0,116.41620469891683,76.77310639112801,0.16503329730062674,0.09056360786158982,0.5487596099871773,0.0,5.116666666666666,0.7486240417100027,0.9987878590197636,0.9991333880969687,40.0,80.0,0.5487596099871773,0.0
AB,shared_PLtetO1_leak,60,0.8280144790383384,0.1290319770518289,0.23832624745731035,0.05826084057960823,0.6204055522340386,0.6363897540415864,0.7583621634069664,0.7263645287172044,56.560289580766764,10.0,13.0,2.258063954103658,0.0020420651641193627,0.5582608405796082,1.0,2.7142189076850296,40.0,1.0,0.0020420651641193627,0.5582608405796082,0.8727507786374276,2.8663694586221045,0.2179093586151613,316,56.560289580766764,10.0,13.0,2.258063954103658,0.0020420651641193627,0.5582608405796082,1.0,2.7142189076850296,40.0,1.0,0.0020420651641193627,0.5582608405796082,0.8727507786374276,2.8663694586221045,0.2179093586151613,True,,resolved_oscillation,1.0,544.0,9.61805542425982,0.0,0.9804041040749846,424.47558014482536,8.317979291228536,434.7918154335198,177.58919005894944,0.6397058823529411,0.25483225949788935,2085.023097498381,80.68905947425411,3.1848126938746,0.012158500141694336,0.003817649987730509,0.42412797156187515,3.0833333333333335,9.450682242958619,0.8663458905602777,0.9576778060799511,40.0,80.0,0.003817649987730509,0.42412797156187515
AB,shared_PLtetO1_leak,61,0.9131071740257232,0.3467664824287139,0.9605134421172272,0.42067994138386644,0.8075253340418616,0.5978871921920309,0.8383470861435001,0.23413978590216944,58.26214348051447,10.0,13.0,2.693532964857428,0.017768746825006072,0.9206799413838664,1.0,3.668056243576292,40.0,1.0,0.017768746825006072,0.9206799413838664,0.8380984729728278,3.4460144203111054,0.07024193577065083,317,58.26214348051447,10.0,13.0,2.693532964857428,0.017768746825006072,0.9206799413838664,1.0,3.668056243576292,40.0,1.0,0.017768746825006072,0.9206799413838664,0.8380984729728278,3.4460144203111054,0.07024193577065083,True,,steady_state,0.0,,,,,34.12629505119199,33.87705648408611,168.83112843494138,36.60960302520342,,0.0,691.7012830535265,685.5305233023535,0.8233216884893866,0.8113683159839297,0.9854815284565275,1.0,,,0.990631378329738,0.9907327485405476,40.0,80.0,,
AB,shared_PLtetO1_leak,62,0.6035793947217766,0.801443232262474,0.8964569421349174,0.17571134764486795,0.9266508551756341,0.7688117586288268,0.1640253001230495,0.2529447290764799,52.07158789443553,10.0,13.0,3.602886464524948,0.01466619218061447,0.675711347644868,1.0,4.443254120010725,40.0,1.0,0.01466619218061447,0.675711347644868,0.9919305827659439,0.729449623488276,0.07588341872294398,318,52.07158789443553,10.0,13.0,3.602886464524948,0.014666192180614468,0.675711347644868,1.0,4.443254120010725,40.0,1.0,0.01466619218061447,0.675711347644868,0.9919305827659439,0.729449623488276,0.07588341872294398,True,,resolved_oscillation,1.0,400.5,7.691334491506801,0.0013159707283264168,0.6575892583105937,56.15879779859506,19.22937560660233,232.57033860959447,30.80875539015223,0.5568039950062422,0.0,197.71523285708045,40.759247857585265,0.3636412905969984,0.034596746364617306,0.09513976344055709,0.0,2.1166666666666667,0.9477495961606469,0.9955024816510163,0.9982446266892351,40.0,80.0,0.09513976344055709,0.0
AB,shared_PLtetO1_leak,63,0.23882183258880485,0.795319499099534,0.6750538317755055,0.27872231544097936,0.37067281232794935,0.47539633003037374,0.4496059197472574,0.48745477977191454,44.776436651776095,10.0,13.0,3.590638998199068,0.007555536080352556,0.7787223154409794,1.0,1.8158884957389456,40.0,1.0,0.007555536080352556,0.7787223154409794,0.7278566970273364,1.4079133405994118,0.14623643393157434,319,44.776436651776095,10.0,13.0,3.590638998199068,0.007555536080352556,0.7787223154409794,1.0,1.8158884957389456,40.0,1.0,0.007555536080352556,0.7787223154409794,0.7278566970273364,1.4079133405994118,0.14623643393157434,True,,resolved_oscillation,1.0,499.0,11.144254373805932,0.0,0.9807350439961283,401.8199952492868,7.741044529953479,437.8529316963107,205.96283314209654,0.6012024048096193,0.32237280604310153,1285.9860893861642,34.11807518217956,2.3345369552890096,0.021666894434805965,0.009281024395745177,0.4250166629637858,2.933333333333333,6.5306566233897465,0.9397720125677694,0.9797831694901848,40.0,80.0,0.009281024395745177,0.4250166629637858
AB,shared_PLtetO1_tx_scale,0,0.6523163084985453,0.36929077709565117,0.476552141139271,0.7927272840441534,0.7192846536989712,0.7991515494535374,0.6932516039832075,0.976099650949025,53.046326169970904,10.0,13.0,2.7385815541913026,0.004168776674083898,1.2927272840441533,1.0,3.1824266125417027,40.0,1.0,0.004168776674083898,1.2927272840441533,1.0192363945081835,2.4672980091946712,0.2928298952847075,320,53.046326169970904,10.0,13.0,2.7385815541913026,0.004168776674083898,1.2927272840441533,1.0,3.1824266125417027,40.0,1.0,0.004168776674083898,1.2927272840441533,1.0192363945081835,2.4672980091946712,0.2928298952847075,True,,resolved_oscillation,1.0,658.6666666666666,12.416819678636529,0.0007840047259529185,0.9922430225554492,953.5738308349726,7.3968506975008355,977.7491469204879,385.33138810221413,0.6490384615384617,0.2581648522550544,4020.914064554359,73.78872818077359,6.016717475030726,0.048642571957647256,0.008084569727515558,0.40435458786936235,3.6666666666666665,21.032460318040492,0.624741303282673,0.8864125046137374,40.0,80.0,0.008084569727515558,0.40435458786936235
AB,shared_PLtetO1_tx_scale,1,0.551410633705412,0.5182907415863287,0.4330535974015236,0.41520101595177894,0.26499487736458205,0.7192355361076039,0.13139037206848947,0.4556181454269522,51.02821267410824,10.0,13.0,3.0365814831726574,0.003659449176687233,0.9152010159517789,1.0,1.5318755008177272,40.0,1.0,0.003659449176687233,0.9152010159517789,0.9473119824968435,0.6766442200719431,0.13668544362808566,321,51.02821267410824,10.0,13.0,3.0365814831726574,0.003659449176687233,0.9152010159517789,1.0,1.5318755008177272,40.0,1.0,0.003659449176687233,0.9152010159517789,0.9473119824968435,0.6766442200719431,0.13668544362808566,True,,resolved_oscillation,1.0,556.2857142857143,10.901532409893209,0.0008771572304365347,0.9843005015807922,466.57462890102255,7.324987648874063,489.08046527017996,242.12657887429867,0.6122752953261428,0.30859808931348587,1065.1266465101153,24.409013754764285,1.7212261423894344,0.007752800826521926,0.004504231393882597,0.3939124638969118,3.183333333333333,5.207564843779441,0.9589540072364855,0.9867544084846506,40.0,80.0,0.004504231393882597,0.3939124638969118
AB,shared_PLtetO1_tx_scale,2,0.527858875741076,0.7885110022666142,0.8313783726110382,0.07415943126075175,0.41701061288961905,0.10285973940458293,0.16799844493272076,0.8898534260437165,50.55717751482152,10.0,13.0,3.5770220045332284,0.012068358437822065,0.5741594312607518,1.0,1.9564912497760165,40.0,1.0,0.012068358437822065,0.5741594312607518,0.3925737654641246,0.7361536152849883,0.26695602781311495,322,50.55717751482152,10.0,13.0,3.5770220045332284,0.012068358437822065,0.5741594312607518,1.0,1.9564912497760165,40.0,1.0,0.012068358437822065,0.5741594312607518,0.3925737654641246,0.7361536152849883,0.26695602781311495,True,,resolved_oscillation,1.0,512.4285714285714,10.13562458620927,0.0010431160821784058,0.9691817766967197,291.18979876300983,8.973952241915695,356.3035657573,117.45141173240256,0.5897407304153889,0.3019329037991557,273.9826128571926,11.299646613336233,0.46066223876093504,0.007201776960615907,0.01563353006746736,0.0,2.9166666666666665,1.3092770657065165,0.9747319372846421,0.9913933896231583,40.0,80.0,0.01563353006746736,0.0
AB,shared_PLtetO1_tx_scale,3,0.13384197899943828,0.2102493009055516,0.002416419738390796,0.5463243052771948,0.8048933820835706,0.012133239297335785,0.6383509037943887,0.39924093577650477,42.676839579988766,10.0,13.0,2.4204986018111034,0.001007265211108215,1.0463243052771949,1.0,3.652551354327981,40.0,1.0,0.001007265211108215,1.0463243052771949,0.3109199153676022,2.174307220769696,0.11977228073295143,323,42.676839579988766,10.0,13.0,2.4204986018111034,0.001007265211108215,1.0463243052771949,1.0,3.652551354327981,40.0,1.0,0.001007265211108215,1.0463243052771949,0.3109199153676022,2.174307220769696,0.11977228073295143,True,,resolved_oscillation,1.0,560.8571428571429,13.141955879978742,0.0006739050715905731,0.9948037332906285,1127.6713911840995,5.859681309120493,1178.1334507818513,627.9028185776476,0.6383087111563932,0.2979337924905577,1135.9629303511504,10.234679557844249,2.122141743863537,0.0026119746035965204,0.0012308200482599252,0.3805820928682515,3.0166666666666666,6.049113903098735,0.9565074076172683,0.986778827634245,40.0,80.0,0.0012308200482599252,0.3805820928682515
AB,shared_PLtetO1_tx_scale,4,0.29839124245100024,0.4014372245417077,0.7407632727886166,0.5087196443573747,0.9917832957867231,0.8395727965599573,0.6163105529447619,0.23802648392585535,45.967824849020005,10.0,13.0,2.8028744490834154,0.009199309651474802,1.0087196443573747,1.0,4.934313906381904,40.0,1.0,0.009199309651474802,1.0087196443573747,1.0556155169039616,2.0667148369348385,0.0714079451777566,324,45.967824849020005,10.0,13.0,2.8028744490834154,0.009199309651474802,1.0087196443573747,1.0,4.934313906381904,40.0,1.0,0.009199309651474802,1.0087196443573747,1.0556155169039616,2.0667148369348385,0.0714079451777566,True,,resolved_oscillation,1.0,461.125,10.031473133970374,0.0007667191989011088,0.9466815949872769,246.60645686217302,13.14866294572997,795.5360988987387,88.94091613072032,0.5742477636215778,0.0,1838.8728543710135,84.15580154881789,3.7526763004559407,0.07473767877814606,0.01991583413924234,0.39280159964452344,2.066666666666667,7.977891875811748,0.9565347377095931,0.9877084137498194,40.0,80.0,0.01991583413924234,0.39280159964452344
AB,shared_PLtetO1_tx_scale,5,0.43609826489132697,0.9283144976343863,0.4369071057473428,0.6918561179733094,0.4457193604870616,0.8902233596814232,0.30683681880373526,0.2464707225199041,48.72196529782654,10.0,13.0,3.856628995268773,0.003701938928909887,1.1918561179733094,1.0,2.0490118182911075,40.0,1.0,0.003701938928909887,1.1918561179733094,1.1012010237132808,1.0134604919955046,0.07394121675597122,325,48.72196529782654,10.0,13.0,3.856628995268773,0.003701938928909887,1.1918561179733094,1.0,2.0490118182911075,40.0,1.0,0.003701938928909887,1.1918561179733094,1.1012010237132808,1.0134604919955046,0.07394121675597122,True,,resolved_oscillation,1.0,691.2,14.186619849483659,0.0006470104101561891,0.9932206299855004,936.5710025064385,6.349361370841972,964.2858532291339,638.741682531201,0.6145833333333333,0.33414796711841815,2733.6132894405478,24.24271694431342,4.2663780024429405,0.017691188523038387,0.0041466528546950975,0.41790713174850036,4.05,16.195204384426525,0.9486917742673029,0.9832926765772974,40.0,80.0,0.0041466528546950975,0.41790713174850036
AB,shared_PLtetO1_tx_scale,6,0.2794490958047151,0.8625034418378221,0.8867248432919269,0.5494008121557732,0.4617652819142606,0.17305191977008727,0.3697961343740416,0.12011926120459937,45.588981916094305,10.0,13.0,3.7250068836756443,0.014244775826231116,1.0494008121557732,1.0,2.1026165626639304,40.0,1.0,0.014244775826231116,1.0494008121557732,0.4557467277930785,1.1715643252354049,0.03603577836137981,326,45.588981916094305,10.0,13.0,3.7250068836756443,0.014244775826231116,1.0494008121557732,1.0,2.1026165626639304,40.0,1.0,0.014244775826231116,1.0494008121557732,0.4557467277930785,1.1715643252354049,0.03603577836137981,True,,resolved_oscillation,1.0,440.77777777777777,9.668515488874512,0.0010004101251819726,0.9438927484878696,207.285477126613,11.630218399954828,458.57159180397474,61.12001528147601,0.5541341063776153,0.19151299711175293,606.325903438926,31.474640828348857,1.2151987213827262,0.028742648472496402,0.023652632254082102,0.34325705398800266,2.216666666666667,2.71980224456914,0.9931577344759812,0.9978299699560331,40.0,80.0,0.023652632254082102,0.34325705398800266
AB,shared_PLtetO1_tx_scale,7,0.9184594597167923,0.49622080261620993,0.0015575791320572296,0.01990500536566875,0.9560701223241277,0.3725144238776874,0.9611080662365922,0.35699789581469954,58.369189194335846,10.0,13.0,2.99244160523242,0.001004676993224574,0.5199050053656687,1.0,4.658695632716976,40.0,1.0,0.001004676993224574,0.5199050053656687,0.6352629814899187,4.571703650645531,0.10709936874440985,327,58.369189194335846,10.0,13.0,2.99244160523242,0.001004676993224574,0.5199050053656687,1.0,4.658695632716976,40.0,1.0,0.001004676993224574,0.5199050053656687,0.6352629814899187,4.571703650645531,0.10709936874440985,True,,resolved_oscillation,1.0,829.25,14.206981653267004,0.0006029544769369913,0.9954442682234051,1137.4739184483906,5.182026075323269,1101.777175181828,816.6800979091284,0.6300874283991558,0.3619195734281271,3574.1172925813707,22.65756143199627,4.667738593821346,0.005459135252997839,0.0011695460538908627,0.45945345478782496,4.816666666666666,21.148350872241696,0.9156723621923135,0.9702805173215778,40.0,80.0,0.0011695460538908627,0.45945345478782496
AB,shared_PLtetO1_tx_scale,8,0.30358690650228426,0.5048124943431317,0.9217794243662824,0.25917585793441733,0.48115780150084886,0.6166769025777588,0.9266438061402799,0.37517357399106444,46.07173813004569,10.0,13.0,3.009624988686263,0.015822047372292144,0.7591758579344173,1.0,2.169276295607102,40.0,1.0,0.015822047372292144,0.7591758579344173,0.8550092123199828,4.2229292992192535,0.11255207219731933,328,46.07173813004569,10.0,13.0,3.009624988686263,0.015822047372292144,0.7591758579344173,1.0,2.169276295607102,40.0,1.0,0.015822047372292144,0.7591758579344173,0.8550092123199828,4.2229292992192535,0.11255207219731933,True,,resolved_oscillation,1.0,390.8181818181818,8.482818267351405,0.001035059104967992,0.9342253979225603,179.78672891133613,11.825400552947647,297.2721400350708,59.61465381031363,0.5955454756920213,0.15840924239057988,2567.2014258136287,220.23899527353288,5.1097142114988605,0.15898471440377143,0.031114208705839846,0.4694512330593201,2.15,11.330281657315773,0.9023916764609871,0.9680919205157079,40.0,80.0,0.031114208705839846,0.4694512330593201
AB,shared_PLtetO1_tx_scale,9,0.932509762265573,0.6848542803973867,0.545033930508929,0.6308310704408406,0.9406082623381035,0.4715857368406461,0.9437489081058605,0.8804158591471485,58.650195245311465,10.0,13.0,3.3697085607947734,0.005118061406490561,1.1308310704408406,1.0,4.544195017836997,40.0,1.0,0.005118061406490561,1.1308310704408406,0.7244271631565814,4.3925722383088575,0.2641247577441445,329,58.650195245311465,10.0,13.0,3.3697085607947734,0.005118061406490561,1.1308310704408406,1.0,4.544195017836997,40.0,1.0,0.005118061406490561,1.1308310704408406,0.7244271631565814,4.3925722383088575,0.2641247577441445,True,,resolved_oscillation,1.0,752.2,12.825191746657167,0.0005945408076308932,0.9885118881906482,759.0260952291724,8.71977664820851,1315.3514370336793,252.94474990037375,0.61419835150226,0.24572317262830481,4793.186488479683,81.5814837499356,6.5986527934798405,0.06595916040012313,0.009995852557251942,0.38946900688735836,3.816666666666667,24.18448849779768,0.6432698430931832,0.8954381840735401,40.0,80.0,0.009995852557251942,0.38946900688735836
AB,shared_PLtetO1_tx_scale,10,0.5589990905755731,0.4462819689375723,0.9938149577766761,0.20057062470370945,0.8793790695616299,0.4601942566664927,0.11453905085060889,0.29314213139177814,51.17998181151146,10.0,13.0,2.8925639378751447,0.019632837420500534,0.7005706247037095,1.0,4.11774636103419,40.0,1.0,0.019632837420500534,0.7005706247037095,0.7141748309998435,0.6508921820207567,0.08794263941753344,330,51.17998181151146,10.0,13.0,2.8925639378751447,0.019632837420500534,0.7005706247037095,1.0,4.11774636103419,40.0,1.0,0.019632837420500534,0.7005706247037095,0.7141748309998435,0.6508921820207567,0.08794263941753344,True,,steady_state,0.0,,,,,31.073648293855424,30.89934175011499,138.18983067282858,30.521267887193854,,0.0,81.12229173850051,80.44917413988907,0.10948313545800584,0.10819243751519388,0.988210988501448,0.0,,,0.9984099741041517,0.9984155076269713,40.0,80.0,,
AB,shared_PLtetO1_tx_scale,11,0.8825503300451477,0.7833164928346555,0.6936976459779453,0.9272630392492941,0.3326584954172609,0.6616409964329848,0.40307903288704905,0.6314419665790977,57.65100660090295,10.0,13.0,3.566632985669311,0.007989533927861336,1.427263039249294,1.0,1.7081197333764204,40.0,1.0,0.007989533927861336,1.427263039249294,0.8954768967896862,1.2648791599232423,0.1894325899737293,331,57.65100660090295,10.0,13.0,3.566632985669311,0.007989533927861336,1.427263039249294,1.0,1.7081197333764204,40.0,1.0,0.007989533927861336,1.427263039249294,0.8954768967896862,1.2648791599232425,0.1894325899737293,True,,resolved_oscillation,1.0,678.0,11.760419114509977,0.0,0.9838105287534478,556.369375298052,9.007326003849988,792.785931709507,187.0037457672108,0.5962389380530974,0.26660742057320597,2735.7269566912496,62.52936578701107,3.9462174258048712,0.04634646414556313,0.011744528784069798,0.39635636525216617,3.5,13.352698079060225,0.8610923396911654,0.9577944954313351,40.0,80.0,0.011744528784069798,0.39635636525216617
AB,shared_PLtetO1_tx_scale,12,0.4044568990688079,0.024031735423203138,0.3713608600938766,0.919223597732741,0.3484344915921219,0.41869845356194746,0.0743758010283625,0.5957220289699944,48.089137981376155,10.0,13.0,2.0480634708464063,0.0030419468259424236,1.419223597732741,1.0,1.7520450063988318,40.0,1.0,0.0030419468259424236,1.419223597732741,0.6768286082057526,0.5933976271719327,0.1787166086909983,332,48.089137981376155,10.0,13.0,2.0480634708464063,0.0030419468259424236,1.419223597732741,1.0,1.7520450063988318,40.0,1.0,0.0030419468259424236,1.419223597732741,0.6768286082057526,0.5933976271719327,0.1787166086909983,True,,resolved_oscillation,1.0,428.9,8.918853986655018,0.0007372995244039122,0.9734005628223453,409.05619850155597,10.880664654172385,504.2345944327859,152.38886419358417,0.635346234553509,0.15596534103532547,601.8350704327153,29.762653531596005,1.1649368946998204,0.00797495555376049,0.006845826233201642,0.3092646078649189,2.1416666666666666,2.4793252354555397,0.9618184194717695,0.9889821235821596,40.0,80.0,0.006845826233201642,0.3092646078649189
AB,shared_PLtetO1_tx_scale,13,0.8397119452496339,0.26008903724763854,0.8937767146418455,0.18190918659667188,0.6297901131894204,0.3533399201315356,0.54972461355271,0.24027480692021974,56.79423890499268,10.0,13.0,2.520178074495277,0.014548905237875978,0.6819091865966719,1.0,2.755525269985407,40.0,1.0,0.014548905237875978,0.6819091865966719,0.6180059281183821,1.7729423656115402,0.07208244207606591,333,56.79423890499268,10.0,13.0,2.520178074495277,0.014548905237875978,0.6819091865966719,1.0,2.755525269985407,40.0,1.0,0.014548905237875978,0.6819091865966719,0.6180059281183821,1.7729423656115402,0.07208244207606591,True,,resolved_oscillation,1.0,432.44444444444446,7.614230823091971,0.001218760660393774,0.8885454479463382,140.31682019756806,15.638948340714164,294.2879632323186,54.72337268992965,0.5989208633093525,0.0,609.400746984149,78.70696171341115,1.0455512914383436,0.04561889229208734,0.04363142455625526,0.33881359697844926,2.2333333333333334,2.5635262831890087,0.987766659342164,0.9956769576825798,40.0,80.0,0.04363142455625526,0.33881359697844926
AB,shared_PLtetO1_tx_scale,14,0.5050919744883469,0.29587452410599624,0.37675403278337516,0.6395807765362228,0.21428753930495725,0.20466249303767636,0.7919028093038489,0.04476630886248789,50.10183948976694,10.0,13.0,2.5917490482119927,0.0030914932147346765,1.139580776536223,1.0,1.4118240063671235,40.0,1.0,0.0030914932147346765,1.139580776536223,0.4841962437339087,3.0965123298144808,0.013429892658746367,334,50.10183948976694,10.0,13.0,2.5917490482119927,0.0030914932147346765,1.139580776536223,1.0,1.4118240063671235,40.0,1.0,0.0030914932147346765,1.139580776536223,0.4841962437339087,3.0965123298144794,0.013429892658746367,True,,resolved_oscillation,1.0,510.0,10.179266972905557,0.0,0.9826452179428006,461.83733549477313,8.01508630338948,498.54331332116396,202.479486541732,0.6196078431372549,0.28327038435903135,2751.394537589464,78.53543602320704,4.727911596780474,0.019569763202086372,0.004139198206542743,0.449233503665852,2.7666666666666666,12.57591350398369,0.9903062109617523,0.9969073065267924,40.0,80.0,0.004139198206542743,0.449233503665852
AB,shared_PLtetO1_tx_scale,15,0.9354066410283456,0.4956740475582503,0.6505030867783376,0.1671308193529456,0.44262136838463495,0.3567890580726589,0.7861953008443282,0.3266761862476052,58.70813282056692,10.0,13.0,2.991348095116501,0.007019788512141638,0.6671308193529456,1.0,2.0388208196141258,40.0,1.0,0.007019788512141638,0.6671308193529456,0.621110152265393,3.0560841268539645,0.09800285587428155,335,58.70813282056692,10.0,13.0,2.991348095116501,0.007019788512141638,0.6671308193529456,1.0,2.0388208196141258,40.0,1.0,0.007019788512141638,0.6671308193529456,0.621110152265393,3.0560841268539645,0.09800285587428155,True,,resolved_oscillation,1.0,619.0,10.543683988245474,0.0,0.9806855062777902,431.2042113497561,8.328491033105312,488.407614481107,178.49756349713712,0.6106623586429726,0.2777160630970895,2364.7618426706895,72.15392748913179,3.4031709722668886,0.03205488283904651,0.009419122077694032,0.42479449011330817,3.425,11.237907772185084,0.9443074677740455,0.9824174990653678,40.0,80.0,0.009419122077694032,0.42479449011330817
AB,shared_PLtetO1_tx_scale,16,0.4165039138534229,0.28577343400915445,0.19195520983891223,0.804895963470704,0.5293155168028456,0.028087019400847124,0.24521803081693405,0.1709331898065073,48.33007827706846,10.0,13.0,2.571546868018309,0.0017772130182360899,1.304895963470704,1.0,2.344097485863484,40.0,1.0,0.0017772130182360899,1.304895963470704,0.3252783174607624,0.8794031869231538,0.051279956941952184,336,48.33007827706846,10.0,13.0,2.571546868018309,0.0017772130182360899,1.304895963470704,1.0,2.344097485863484,40.0,1.0,0.0017772130182360899,1.304895963470704,0.3252783174607624,0.8794031869231538,0.051279956941952184,True,,resolved_oscillation,1.0,610.8571428571429,12.639274849819165,0.0006187444600244598,0.9934660382192487,990.8876801799269,6.474422231312919,1070.2497826866097,515.3474281397295,0.6294434050514499,0.27682737169517885,679.9908530458964,7.348842395733946,1.1394387882981831,0.0024031391412005394,0.0021090550592803366,0.31504110197733837,3.216666666666667,3.48191799663427,0.9907235842818591,0.9973538628260005,40.0,80.0,0.0021090550592803366,0.31504110197733837
AB,shared_PLtetO1_tx_scale,17,0.5474959190386707,0.32786926200840927,0.12153798541605187,0.6215121286396251,0.7705241825193797,0.8212992686047814,0.49428288340064575,0.17215494341127735,50.94991838077341,10.0,13.0,2.6557385240168188,0.0014392113146310583,1.1215121286396252,1.0,3.4559964778269046,40.0,1.0,0.0014392113146310583,1.1215121286396252,1.039169341744303,1.5604608877308435,0.051646483023383205,337,50.94991838077341,10.0,13.0,2.6557385240168188,0.0014392113146310583,1.1215121286396252,1.0,3.4559964778269046,40.0,1.0,0.0014392113146310583,1.1215121286396252,1.039169341744303,1.5604608877308435,0.051646483023383205,True,,resolved_oscillation,1.0,720.6,14.143300380083188,0.0007600923640093897,0.9960282440074808,1432.216242961021,5.6884134455638105,1499.7461562221256,851.3868308921627,0.6347488204274215,0.32192846034214617,3664.48089230692,24.142316805536627,5.609921724129948,0.009429437375871444,0.0016808500794784033,0.42923794712286156,3.8833333333333333,20.52635018087114,0.9539842057355724,0.9852069114944244,40.0,80.0,0.0016808500794784033,0.42923794712286156
AB,shared_PLtetO1_tx_scale,18,0.2557492081993019,0.011841787648559254,0.9901753778860107,0.4638268686678979,0.24386234796739392,0.9723548965289336,0.18530812723112733,0.07398357953597556,45.11498416398604,10.0,13.0,2.0236835752971185,0.019419939276638078,0.9638268686678979,1.0,1.4806501890554022,40.0,1.0,0.019419939276638078,0.9638268686678979,1.1751194068760402,0.7660870685498672,0.02219507386079267,338,45.11498416398604,10.0,13.0,2.0236835752971185,0.019419939276638078,0.9638268686678979,1.0,1.4806501890554022,40.0,1.0,0.019419939276638088,0.9638268686678979,1.1751194068760402,0.7660870685498672,0.02219507386079267,True,,resolved_oscillation,1.0,279.25,6.189739510601824,0.003456785314819777,0.320696017972253,43.2605392915716,29.387056605432395,102.25384632219499,28.226183458593617,0.6642793196060878,0.0,323.5394789478341,234.65635046251975,0.5518259830485255,0.3069517550335055,0.5562473759168991,0.030659853365918685,,1.9625291137518355,0.9981133725591494,0.9985531765332162,40.0,80.0,0.5562473759168991,0.030659853365918685
AB,shared_PLtetO1_tx_scale,19,0.9255513500073052,0.7189310719243752,0.3595363148666204,0.9669988305911175,0.614501749387959,0.9187699952713662,0.5653192310309306,0.6859534039173187,58.5110270001461,10.0,13.0,3.4378621438487507,0.0029360776030532385,1.4669988305911175,1.0,2.6885510697643706,40.0,1.0,0.0029360776030532385,1.4669988305911175,1.1268929957442295,1.8377618651452943,0.20578602117519562,339,58.5110270001461,10.0,13.0,3.4378621438487507,0.002936077603053238,1.4669988305911175,1.0,2.6885510697643706,40.0,1.0,0.0029360776030532385,1.4669988305911175,1.1268929957442295,1.8377618651452943,0.20578602117519562,True,,resolved_oscillation,1.0,890.0,15.210808041324889,0.0,0.996241277835816,1603.381118609708,6.026664148152675,1425.3883717320018,968.0323142996847,0.6404494382022472,0.32148411464119087,5713.740505143458,43.69697252197011,7.292306380043971,0.03201479378982787,0.0043902151282945445,0.41657409464563433,5.233333333333333,35.78792988761604,0.7154078753208776,0.906895190893844,40.0,80.0,0.0043902151282945445,0.41657409464563433
AB,shared_PLtetO1_tx_scale,20,0.0013435690855783111,0.46494735339945903,0.7029286016979912,0.6350116725887508,0.45656378171454903,0.066410428609471,0.5239147617457327,0.5455612958419926,40.026871381711565,10.0,13.0,2.929894706798918,0.008213555491511175,1.135011672588751,1.0,2.085087998207999,40.0,1.0,0.008213555491511175,1.135011672588751,0.3597693857485239,1.6706472727944355,0.1636683887525978,340,40.026871381711565,10.0,13.0,2.929894706798918,0.008213555491511175,1.135011672588751,1.0,2.085087998207999,40.0,1.0,0.008213555491511175,1.135011672588751,0.3597693857485239,1.6706472727944355,0.1636683887525978,True,,resolved_oscillation,1.0,426.7,10.660338549341652,0.0011320503668611388,0.9795866927515846,431.2981154768641,8.804220946891768,552.1738566369111,163.08235731670305,0.6075697211155379,0.25149966674072427,828.521115747963,25.979949215076697,1.7651699729223496,0.020208427765510975,0.011448431638600024,0.3603643634747834,2.2916666666666665,3.9214321443357885,0.9479701644379014,0.9845447871808178,40.0,80.0,0.011448431638600024,0.3603643634747834
AB,shared_PLtetO1_tx_scale,21,0.07885095553436716,0.31896266985311017,0.43766206874156466,0.9808370020079306,0.7169457026455673,0.4357792480321784,0.5996465601993903,0.8802543008467651,41.577019110687345,10.0,13.0,2.6379253397062206,0.0037103209571532373,1.4808370020079304,1.0,3.1704692172466618,40.0,1.0,0.0037103209571532373,1.4808370020079304,0.6922013232289606,1.9889165634954384,0.2640762902540295,341,41.577019110687345,10.0,13.0,2.6379253397062206,0.0037103209571532378,1.4808370020079304,1.0,3.1704692172466618,40.0,1.0,0.0037103209571532373,1.4808370020079304,0.6922013232289606,1.9889165634954384,0.2640762902540295,True,,resolved_oscillation,1.0,528.4285714285714,12.70963101086627,0.001011532140247078,0.9928028892748078,982.9928318667633,7.074708253015356,1058.2719449661624,433.139771457208,0.6415247364152473,0.29704510108864696,2392.791558916987,36.128206529223974,4.588716003797427,0.027222998877759436,0.005932596145682329,0.43212619417907133,2.8833333333333333,12.5892003210268,0.7519910104956345,0.9185534653823286,40.0,80.0,0.005932596145682329,0.43212619417907133
AB,shared_PLtetO1_tx_scale,22,0.8675713022377077,0.6969107328092301,0.6335471684261575,0.024579134368412636,0.8481709139021257,0.3486284427256984,0.980574699729904,0.08487242491476177,57.351426044754156,10.0,13.0,3.39382146561846,0.006672120325377742,0.5245791343684126,1.0,3.916030154842152,40.0,1.0,0.006672120325377742,0.5245791343684126,0.6137655984531285,4.781285797412691,0.02546172747442853,342,57.351426044754156,10.0,13.0,3.39382146561846,0.006672120325377742,0.5245791343684126,1.0,3.916030154842152,40.0,1.0,0.006672120325377742,0.5245791343684126,0.6137655984531285,4.781285797412691,0.02546172747442853,True,,resolved_oscillation,1.0,736.6,12.843621349976452,0.0007435820764392699,0.9887007073725141,676.1638992902881,7.6401737622228385,857.8209653613778,309.2313030732172,0.6061634537062177,0.3108198178182626,3342.9248020955174,53.86241926088495,4.661914314523857,0.03691234195420131,0.007917850793439849,0.43279271273050435,4.016666666666667,17.905343777956077,0.9816543594357086,0.9941485265700103,40.0,80.0,0.007917850793439849,0.43279271273050435
AB,shared_PLtetO1_tx_scale,23,0.8783796245132314,0.3287124873925278,0.08087632777524123,0.23148635367058323,0.25608481486483725,0.8729212352329343,0.7929911185726779,0.12612542097333246,57.56759249026463,10.0,13.0,2.6574249747850556,0.001274155779124468,0.7314863536705832,1.0,1.5100648695064638,40.0,1.0,0.001274155779124468,0.7314863536705832,1.0856291117096408,3.1042816871889642,0.037837626291999736,343,57.56759249026463,10.0,13.0,2.6574249747850556,0.001274155779124468,0.7314863536705832,1.0,1.5100648695064638,40.0,1.0,0.001274155779124468,0.7314863536705832,1.0856291117096408,3.1042816871889642,0.037837626291999736,True,,resolved_oscillation,1.0,564.0,9.797178857104006,0.0,0.9798343876126687,382.81124593477796,7.71962320303209,394.1437319010086,184.7082039737287,0.6187943262411347,0.29660075538769165,4572.966295652869,144.89555006697847,6.795536252057939,0.012394850702006044,0.0018239694767653437,0.476338591424128,3.216666666666667,20.90494013536026,0.9597487960212355,0.9867952358539621,40.0,80.0,0.0018239694767653437,0.476338591424128
AB,shared_PLtetO1_tx_scale,24,0.39314986885056447,0.3402603413700579,0.283665563286857,0.6501179355120146,0.526312222726394,0.13956516709130617,0.18540594859632797,0.31633641727601725,47.86299737701129,10.0,13.0,2.6805206827401156,0.0023391464148306627,1.1501179355120146,1.0,2.332794359765584,40.0,1.0,0.0023391464148306627,1.1501179355120146,0.42560865038217555,0.766259642981382,0.09490092518280517,344,47.86299737701129,10.0,13.0,2.6805206827401156,0.0023391464148306627,1.1501179355120146,1.0,2.332794359765584,40.0,1.0,0.0023391464148306627,1.1501179355120146,0.42560865038217555,0.766259642981382,0.09490092518280517,True,,resolved_oscillation,1.0,594.0,12.410422091226982,0.0,0.9922895629331575,858.4858583676667,6.619301183718116,924.5004240255357,446.0191756104174,0.6262626262626263,0.2857142857142857,672.9405613770126,8.378916076015097,1.1377362680948495,0.003170489150896478,0.0027866643964910187,0.32548322594978896,3.2,3.4481481182403426,0.9820321730806522,0.9947095763378223,40.0,80.0,0.0027866643964910187,0.32548322594978896
AB,shared_PLtetO1_tx_scale,25,0.07041119244804428,0.332130848458681,0.47799425521871675,0.6903046404162181,0.32422163560981,0.23806648353124005,0.9210385550297289,0.31793519788627744,41.40822384896089,10.0,13.0,2.664261696917362,0.004186825530905909,1.190304640416218,1.0,1.6850826151783185,40.0,1.0,0.004186825530905909,1.190304640416218,0.514259835178116,4.168775994915668,0.09538055936588323,345,41.40822384896089,10.0,13.0,2.664261696917362,0.004186825530905909,1.190304640416218,1.0,1.6850826151783185,40.0,1.0,0.004186825530905909,1.190304640416218,0.514259835178116,4.168775994915668,0.09538055936588323,True,,resolved_oscillation,1.0,431.6,10.423050299725201,0.0011964730757514418,0.9832635642328449,467.77046732785755,7.828810380204794,485.90513851461276,206.3673346612303,0.6249999999999999,0.2763830259942235,3206.914627066523,95.88549799009645,6.517432393142013,0.039030055361580544,0.005988563134563549,0.4521217507220618,2.433333333333333,15.280937376232405,0.8964976737585193,0.9675161541350707,40.0,80.0,0.005988563134563549,0.4521217507220618
AB,shared_PLtetO1_tx_scale,26,0.5453222821228122,0.15880740001429594,0.7315526222870028,0.4233624376936185,0.44424563520368043,0.8995501600465765,0.7702554738662177,0.8733172195768184,50.90644564245625,10.0,13.0,2.3176148000285917,0.00894894636153274,0.9233624376936185,1.0,2.0441575890491483,40.0,1.0,0.00894894636153274,0.9233624376936185,1.1095951440419187,2.9459507236158826,0.2619951658730455,346,50.90644564245625,10.0,13.0,2.3176148000285917,0.00894894636153274,0.9233624376936185,1.0,2.0441575890491483,40.0,1.0,0.00894894636153274,0.9233624376936185,1.1095951440419187,2.9459507236158826,0.2619951658730455,True,,resolved_oscillation,1.0,421.1,8.272036962816362,0.0007509564616880502,0.9554614566444936,256.7033065634234,11.43319134887691,318.8175851016906,90.09228260630154,0.6417715507005461,0.15996445234392356,2651.0619703108587,230.26625599001272,4.686572685202199,0.10717444587089534,0.02286840577748798,0.477671628526994,2.408333333333333,11.46034203728457,0.7494069303133584,0.915128136875475,40.0,80.0,0.02286840577748798,0.477671628526994
AB,shared_PLtetO1_tx_scale,27,0.5842061138530887,0.17478857874816356,0.6751111745047766,0.6428282659747564,0.47372262078119953,0.27706809452061376,0.08242795025315841,0.20941401680263994,51.684122277061775,10.0,13.0,2.349577157496327,0.007556834108004992,1.1428282659747564,1.0,2.1434724322101038,40.0,1.0,0.007556834108004992,1.1428282659747564,0.5493612850685523,0.6045022958145511,0.06282420504079197,347,51.684122277061775,10.0,13.0,2.349577157496327,0.007556834108004992,1.1428282659747564,1.0,2.1434724322101038,40.0,1.0,0.007556834108004992,1.1428282659747564,0.5493612850685523,0.6045022958145511,0.06282420504079197,True,,resolved_oscillation,1.0,468.625,9.06709796652546,0.0011043994014548213,0.9658856172872118,342.49240922589547,11.683917124557084,521.6490025993903,118.72470422077059,0.6124299813283542,0.14396800710953123,420.92270863274047,22.064094147622974,0.7654387481955265,0.010926082185149484,0.014274273690621272,0.25016662963785824,2.2666666666666666,1.7521022391354037,0.9922714857938506,0.9976471676764979,40.0,80.0,0.014274273690621272,0.25016662963785824
AB,shared_PLtetO1_tx_scale,28,0.5150252250115483,0.5671990511643153,0.9824233046384001,0.9247304818483281,0.8684331197247117,0.5459952500686578,0.7216872091884045,0.610060609924768,50.30050450023097,10.0,13.0,3.134398102328631,0.018974143804986826,1.4247304818483282,1.0,4.045839978009278,40.0,1.0,0.018974143804986826,1.4247304818483282,0.791395725061792,2.6342513635520346,0.1830181829774304,348,50.30050450023097,10.0,13.0,3.134398102328631,0.018974143804986826,1.4247304818483282,1.0,4.045839978009278,40.0,1.0,0.018974143804986833,1.4247304818483282,0.791395725061792,2.6342513635520346,0.1830181829774304,True,,steady_state,0.0,,,,,15.052205027920332,15.052203924316766,1010.9758602227932,48.10912416521875,,0.0,2710.6414644407764,2710.640430938434,3.7215631800554627,3.7215627409777596,0.9999998820179365,1.0,,,0.8744297172015392,0.8744297186055809,40.0,80.0,,
AB,shared_PLtetO1_tx_scale,29,0.04945339346089217,0.09762210073206024,0.7021926793540646,0.46133132990824877,0.12301565154377614,0.43951840096355876,0.716675164080167,0.8026172127841293,40.98906786921784,10.0,13.0,2.1952442014641207,0.00819546761675082,0.9613313299082488,1.0,1.2189453935804007,40.0,1.0,0.00819546761675082,0.9613313299082488,0.6955665608672028,2.604025114200645,0.2407851638352388,349,40.98906786921784,10.0,13.0,2.1952442014641207,0.00819546761675082,0.9613313299082488,1.0,1.2189453935804007,40.0,1.0,0.00819546761675082,0.9613313299082488,0.6955665608672028,2.604025114200645,0.2407851638352388,True,,resolved_oscillation,1.0,281.1333333333333,6.85873936509935,0.0012515974932694985,0.8921882686019097,119.19628932152128,12.850758327980918,159.9949150704641,48.45655232260531,0.6367085605880958,0.07331704065763164,1235.322939876804,215.79621727161964,2.7645694809479755,0.09870594138923812,0.03570391052547961,0.5538769162408353,1.85,5.32996504279652,0.8679397318658302,0.945686104036524,40.0,80.0,0.03570391052547961,0.5538769162408353
AB,shared_PLtetO1_tx_scale,30,0.23529284243979742,0.8407494147148626,0.1627078196361389,0.06637948108900138,0.9153118394219858,0.6622785865219342,0.34201139629394184,0.761506421166632,44.705856848795946,10.0,13.0,3.6814988294297253,0.0016281250333504938,0.5663794810890014,1.0,4.362902627321284,40.0,1.0,0.0016281250333504938,0.5663794810890014,0.8960507278697407,1.0989587737214994,0.2284519263499896,350,44.705856848795946,10.0,13.0,3.6814988294297253,0.0016281250333504938,0.5663794810890014,1.0,4.362902627321284,40.0,1.0,0.0016281250333504938,0.5663794810890014,0.8960507278697407,1.0989587737214994,0.2284519263499896,True,,resolved_oscillation,1.0,647.8333333333334,14.491017038873316,0.0006301748759411314,0.9941961357059163,913.7379557663628,5.30321109562142,902.7347079799113,737.0238776216971,0.6189863648057627,0.3510331037547212,1061.7008245349284,6.7118228325371945,1.7795612320173713,0.0032628960654353376,0.0018335396426547275,0.40213285936458565,3.933333333333333,6.5441720475282406,0.9206358449735778,0.9731783071720004,40.0,80.0,0.0018335396426547275,0.40213285936458565
AB,shared_PLtetO1_tx_scale,31,0.3961908178200533,0.5858255229716866,0.8827516093406286,0.353636620404131,0.42790177911939253,0.8533965863188613,0.9318053292379148,0.9537836951071544,47.92381635640106,10.0,13.0,3.1716510459433733,0.014076228964528923,0.853636620404131,1.0,1.9910882451276535,40.0,1.0,0.014076228964528923,0.853636620404131,1.0680569276869751,4.273417592722049,0.2861351085321463,351,47.92381635640106,10.0,13.0,3.1716510459433733,0.014076228964528923,0.853636620404131,1.0,1.9910882451276535,40.0,1.0,0.014076228964528923,0.853636620404131,1.0680569276869751,4.273417592722049,0.2861351085321463,True,,resolved_oscillation,1.0,424.0,8.847375527165575,0.0,0.9574487815717692,244.1052265350716,10.386974813766605,280.44459712960963,75.44935289690466,0.6297169811320755,0.2301710730948678,3338.1413287891705,267.97863182536054,6.005621236031124,0.19600890539169166,0.03263757364778904,0.4872250610975339,2.55,15.373319454988454,0.6374293115057209,0.8710288466028946,40.0,80.0,0.03263757364778904,0.4872250610975339
AB,shared_PLtetO1_tx_scale,32,0.45544406973220386,0.8413148429729738,0.5906917281865809,0.977439747737267,0.6550826693183404,0.7769402083886271,0.7903188624593088,0.30569927964458465,49.10888139464408,10.0,13.0,3.6826296859459475,0.005868237151616026,1.4774397477372672,1.0,2.870008191014471,40.0,1.0,0.005868237151616026,1.4774397477372672,0.9992461875497642,3.0852393852147566,0.09170978389337539,352,49.10888139464408,10.0,13.0,3.6826296859459475,0.005868237151616026,1.4774397477372672,1.0,2.870008191014471,40.0,1.0,0.005868237151616026,1.4774397477372672,0.9992461875497642,3.0852393852147566,0.09170978389337539,True,,resolved_oscillation,1.0,660.0,13.439524201257433,0.0,0.9897492665664638,810.5549261796941,8.308782481507743,1252.9320127176284,303.23335547088897,0.6018939393939394,0.2559431237502777,7002.282039046896,98.34938748559564,11.359583218011764,0.09591309428597215,0.008443363849290904,0.3979115752055099,3.433333333333333,37.227920675472994,0.8272440321503156,0.951319352260151,40.0,80.0,0.008443363849290904,0.3979115752055099
AB,shared_PLtetO1_tx_scale,33,0.9227593837099817,0.2542365218699282,0.11984868902090784,0.4293318672542126,0.2844369626022776,0.215498302700181,0.5288499542686814,0.8553785018010519,58.455187674199635,10.0,13.0,2.5084730437398566,0.001431946325499754,0.9293318672542126,1.0,1.5805669808537361,40.0,1.0,0.001431946325499754,0.9293318672542126,0.4939484724301629,1.6897402866206526,0.25661355054031554,353,58.455187674199635,10.0,13.0,2.5084730437398566,0.0014319463254997538,0.9293318672542126,1.0,1.5805669808537361,40.0,1.0,0.001431946325499754,0.9293318672542126,0.4939484724301629,1.6897402866206526,0.25661355054031554,True,,resolved_oscillation,1.0,604.0,10.332701408237673,0.0,0.985492830272164,515.7639188513439,7.482274710270235,504.065906312695,239.16886903692847,0.6307947019867549,0.27060653188180406,1385.0072251999554,36.13120393167067,1.9981479445127275,0.004262751563863159,0.0021333513244449387,0.37791601866251945,3.4,6.467937138746138,0.8961103666887782,0.9685916722173804,40.0,80.0,0.0021333513244449387,0.37791601866251945
AB,shared_PLtetO1_tx_scale,34,0.07950435043954462,0.9662316694526888,0.37274283035622435,0.6237509638521684,0.9875008646722722,0.4630627884669968,0.38130948963773503,0.5292730561158066,41.590087008790896,10.0,13.0,3.932463338905378,0.003054566630142853,1.1237509638521685,1.0,4.900422030910761,40.0,1.0,0.003054566630142853,1.1237509638521685,0.716756509620297,1.2030384113259651,0.15878191683474197,354,41.590087008790896,10.0,13.0,3.932463338905378,0.003054566630142853,1.1237509638521685,1.0,4.900422030910761,40.0,1.0,0.003054566630142853,1.1237509638521685,0.716756509620297,1.2030384113259651,0.15878191683474197,True,,resolved_oscillation,1.0,709.6,17.06175800618094,0.0007718750810388475,0.9965602587320559,1765.939223022173,6.074374022110481,1872.0634963626728,1238.2974186754798,0.6268320180383314,0.3439235725394357,1716.5365377161643,8.622640995398397,3.0303300531635693,0.010632979190445934,0.003508851842506541,0.40902021772939345,4.133333333333334,11.754942782830984,0.9138486670881516,0.9712327191188485,40.0,80.0,0.003508851842506541,0.40902021772939345
AB,shared_PLtetO1_tx_scale,35,0.6334398631188464,0.44530082088652956,0.9710384632196135,0.2916752934096738,0.2880167805261743,0.12196760263835515,0.48354764822632257,0.8441290579269647,52.66879726237693,10.0,13.0,2.890601641773059,0.018337923961669205,0.7916752934096738,1.0,1.5896996928880285,40.0,1.0,0.018337923961669205,0.7916752934096738,0.4097708423745196,1.522361010310618,0.2532387173780894,355,52.66879726237693,10.0,13.0,2.890601641773059,0.018337923961669205,0.7916752934096738,1.0,1.5896996928880285,40.0,1.0,0.018337923961669212,0.7916752934096738,0.4097708423745196,1.522361010310618,0.2532387173780894,True,,resolved_oscillation,1.0,390.0,7.404763736243318,0.001146701526922969,0.887789455057029,122.54682874716367,13.751046434752176,216.54387782302737,43.689886854309144,0.5948717948717949,0.0,442.17575240823726,59.32886237114525,0.7986079516670817,0.03513899694956048,0.04400030938360727,0.2859364585647634,2.2,1.8771897831459683,0.959209261329945,0.9855027693484611,40.0,80.0,0.04400030938360727,0.2859364585647634
AB,shared_PLtetO1_tx_scale,36,0.6761306877039921,0.05417488428145534,0.12327418220657027,0.9204377408637088,0.28757541677892484,0.6833932859140744,0.1868916785923901,0.42248977462753035,53.52261375407984,10.0,13.0,2.1083497685629107,0.0014467164135972767,1.4204377408637088,1.0,1.588570854590359,40.0,1.0,0.0014467164135972767,1.4204377408637088,0.915053957322667,0.76888552137681,0.1267469323882591,356,53.52261375407984,10.0,13.0,2.1083497685629107,0.0014467164135972767,1.4204377408637088,1.0,1.588570854590359,40.0,1.0,0.0014467164135972767,1.4204377408637088,0.915053957322667,0.76888552137681,0.1267469323882591,True,,resolved_oscillation,1.0,515.7142857142857,9.635446581212125,0.0009461635056287719,0.9828365796789807,537.2008602894425,9.220204161960815,593.1020725147763,208.91339966392277,0.6379501385041552,0.22261719617862696,1367.2552789953245,45.6737127122971,2.2987584158873378,0.006597570260567525,0.002870058121362359,0.3936902910464341,2.6083333333333334,5.831132011593587,0.9497460391682007,0.9847098464465298,40.0,80.0,0.002870058121362359,0.3936902910464341
AB,shared_PLtetO1_tx_scale,37,0.9942080218192769,0.6593242047859554,0.2048195830433457,0.26098713542435736,0.7692102833324719,0.24995871660714786,0.24812270663075364,0.5441891502418968,59.88416043638554,10.0,13.0,3.318648409571911,0.001847040512471595,0.7609871354243574,1.0,3.4486960139662837,40.0,1.0,0.001847040512471595,0.7609871354243574,0.524962844946433,0.8853045799577942,0.16325674507256904,357,59.88416043638554,10.0,13.0,3.318648409571911,0.001847040512471595,0.7609871354243574,1.0,3.4486960139662837,40.0,1.0,0.001847040512471595,0.7609871354243574,0.524962844946433,0.8853045799577942,0.16325674507256904,True,,resolved_oscillation,1.0,887.5,14.820279578650586,0.00065053551457986,0.9956834275049264,1280.6647423409281,5.528082202199314,1306.9136549903315,920.206248967675,0.624225352112676,0.32881581870695403,916.9484106191995,5.1990810751334715,1.1597857899434953,0.002347560614582609,0.0020241329346663076,0.35258831370806487,5.066666666666666,5.523267611680146,0.9659171169562117,0.9891805758561307,40.0,80.0,0.0020241329346663076,0.35258831370806487
AB,shared_PLtetO1_tx_scale,38,0.4452386990402637,0.45484334849897157,0.3778401004807026,0.5669001837871434,0.7580538097473309,0.7955874573466426,0.7447623325657388,0.4984037620752796,48.904773980805274,10.0,13.0,2.909686696997943,0.00310156797886956,1.0669001837871432,1.0,3.387325056628274,40.0,1.0,0.00310156797886956,1.0669001837871432,1.0160287116119782,2.778000610874619,0.14952112862258388,358,48.904773980805274,10.0,13.0,2.909686696997943,0.00310156797886956,1.0669001837871432,1.0,3.387325056628274,40.0,1.0,0.00310156797886956,1.0669001837871432,1.0160287116119782,2.7780006108746202,0.14952112862258388,True,,resolved_oscillation,1.0,670.5,13.710317938759227,0.0008168867375170262,0.99455422038345,1148.42634590976,6.254076785664529,1122.7528818593946,619.0397095522025,0.6383296047725578,0.28726949566762944,4869.419250618644,51.45857784721232,7.6986175129343,0.033556496038774725,0.0043587690883976375,0.40746500777604977,3.816666666666667,27.69366746071443,0.7961402869324369,0.9388762017013459,40.0,80.0,0.0043587690883976375,0.40746500777604977
AB,shared_PLtetO1_tx_scale,39,0.6660332596561213,0.9549278270831529,0.6069990404660162,0.07388965705981543,0.9605213971708908,0.4830470007968839,0.4840801167323766,0.5658874191471764,53.32066519312242,10.0,13.0,3.909855654166306,0.006162032137168318,0.5738896570598154,1.0,4.692190600041989,40.0,1.0,0.006162032137168318,0.5738896570598154,0.7347423007171954,1.524228651865329,0.16976622574415293,359,53.32066519312242,10.0,13.0,3.909855654166306,0.006162032137168317,0.5738896570598154,1.0,4.692190600041989,40.0,1.0,0.006162032137168323,0.5738896570598154,0.7347423007171954,1.524228651865329,0.16976622574415293,True,,resolved_oscillation,1.0,768.6,14.414673883309657,0.0007126236761711764,0.9915784017193088,873.4469558194185,7.3558193814038075,1094.497365642993,444.09327426581854,0.6075982305490502,0.3279271273050433,1361.0689862799438,15.770162540279612,1.9598835551830196,0.014225485019794894,0.007258331742299087,0.39924461230837593,4.325,8.034114317823368,0.9396383930217648,0.9802295996269406,40.0,80.0,0.007258331742299087,0.39924461230837593
AB,shared_PLtetO1_tx_scale,40,0.07938517308078696,0.022029308983154694,0.46089644750850756,0.2267442868893934,0.7521861907367888,0.6828149072520601,0.16781697286928776,0.6518343044389883,41.58770346161574,10.0,13.0,2.0440586179663094,0.003977773984957273,0.7267442868893934,1.0,3.3554871886080764,40.0,1.0,0.003977773984957273,0.7267442868893934,0.9145334165268539,0.7358460741714552,0.19555029133169646,360,41.58770346161574,10.0,13.0,2.0440586179663094,0.003977773984957273,0.7267442868893934,1.0,3.3554871886080764,40.0,1.0,0.003977773984957273,0.7267442868893934,0.9145334165268539,0.7358460741714552,0.19555029133169646,True,,resolved_oscillation,1.0,388.2,9.33448994985495,0.001086133491385327,0.9731438720149825,368.5260438960528,9.897182600684562,474.85366730812495,146.38812213097495,0.6356259659969088,0.2106198622528327,496.9283386831835,24.10668769906788,1.0757442431315816,0.008866314820468396,0.008242028602131126,0.33059320151077537,2.033333333333333,2.1802181373444953,0.9606134240988119,0.9874650107802657,40.0,80.0,0.008242028602131126,0.33059320151077537
AB,shared_PLtetO1_tx_scale,41,0.9815064036168787,0.6484862657754508,0.8948493318150219,0.534105994549196,0.7789299613558915,0.5872141849970318,0.30968064225549496,0.899810359527491,59.63012807233757,10.0,13.0,3.2969725315509013,0.014595730045276952,1.0341059945491962,1.0,3.5030688932033924,40.0,1.0,0.014595730045276952,1.0341059945491962,0.8284927664973285,1.0201185539311928,0.26994310785824727,361,59.63012807233757,10.0,13.0,3.2969725315509013,0.014595730045276952,1.0341059945491962,1.0,3.5030688932033924,40.0,1.0,0.014595730045276952,1.0341059945491962,0.8284927664973285,1.0201185539311928,0.26994310785824727,True,,steady_state,0.0,,,,,28.227025177753635,28.210037627496348,182.33818674381837,31.410922517202653,,0.0,228.90615734889457,228.6838813474931,0.26512887126758283,0.26472678739161115,0.9984834398681316,0.0,,,0.9852343629551608,0.985237419724093,40.0,80.0,,
AB,shared_PLtetO1_tx_scale,42,0.2634626562834709,0.9747032019221333,0.7824072395318442,0.2832060319549595,0.952904028663561,0.31261461683648606,0.3711782882929373,0.5177094697691266,45.269253125669415,10.0,13.0,3.9494064038442667,0.010421621292670104,0.7832060319549595,1.0,4.635017018010833,40.0,1.0,0.010421621292670104,0.7832060319549595,0.5813531551528375,1.1752987997251907,0.15531284093073797,362,45.269253125669415,10.0,13.0,3.9494064038442667,0.010421621292670104,0.7832060319549595,1.0,4.635017018010833,40.0,1.0,0.010421621292670104,0.7832060319549595,0.5813531551528375,1.1752987997251907,0.15531284093073797,True,,resolved_oscillation,1.0,509.7142857142857,11.259613325170104,0.0009573010805268682,0.9543723140143252,242.66661280332195,11.0723160081973,815.9755389034898,74.35443268204797,0.5434417040358744,0.20173294823372584,628.1406986953941,19.038170947029,1.220348173619047,0.020047826441675458,0.01642795627924932,0.32059542323928014,2.45,2.969014497510735,0.9662032565709093,0.9901461906734218,40.0,80.0,0.01642795627924932,0.32059542323928014
AB,shared_PLtetO1_tx_scale,43,0.11902604624430946,0.7238209620991736,0.5130660887379298,0.06062504848939321,0.20526307490198326,0.9864411902014837,0.42542350137029605,0.8698764918089886,42.38052092488619,10.0,13.0,3.447641924198347,0.004650657653682553,0.5606250484893932,1.0,1.3914664273870667,40.0,1.0,0.004650657653682553,0.5606250484893932,1.1877970711813353,1.3316604629181958,0.26096294754269656,363,42.38052092488619,10.0,13.0,3.447641924198347,0.004650657653682553,0.5606250484893932,1.0,1.3914664273870667,40.0,1.0,0.004650657653682553,0.5606250484893932,1.1877970711813353,1.3316604629181958,0.26096294754269656,True,,resolved_oscillation,1.0,364.3636363636364,8.597431754305763,0.0013846743438634338,0.9485910623425848,166.52615331950037,8.560932634331342,189.39043091859136,93.65765531291474,0.5886976047904191,0.33481448566985117,1120.2722423331495,70.20737160405965,2.2672731132054733,0.015290113737053898,0.006743834100972828,0.4885580982003999,2.3666666666666667,5.137481180269727,0.8794142186684829,0.9543993746142376,40.0,80.0,0.006743834100972828,0.4885580982003999
AB,shared_PLtetO1_tx_scale,44,0.5856463892471487,0.31809303652452925,0.05540641720968964,0.8430079133831939,0.920254666357244,0.26509542561439037,0.43310533966908604,0.5024287034658289,51.71292778494298,10.0,13.0,2.6361860730490587,0.0011805527868287793,1.343007913383194,1.0,4.397748692253874,40.0,1.0,0.0011805527868287793,1.343007913383194,0.5385858830529513,1.3554245391133992,0.15072861103974866,364,51.71292778494298,10.0,13.0,2.6361860730490587,0.0011805527868287793,1.343007913383194,1.0,4.397748692253874,40.0,1.0,0.0011805527868287793,1.343007913383194,0.5385858830529513,1.3554245391133992,0.15072861103974866,True,,resolved_oscillation,1.0,805.75,15.581210241099647,0.0006205398696866273,0.9976258641923483,2222.601724236774,5.276758339658926,2324.160684347885,1390.6924562909594,0.6408935774123488,0.32614974450122197,2009.6589475322096,8.403130571490722,2.9681051680588735,0.00416330448380639,0.0014026809186580042,0.4105754276827372,4.3,11.992667712458177,0.9206570915148047,0.9743883438326704,40.0,80.0,0.0014026809186580042,0.4105754276827372
AB,shared_PLtetO1_tx_scale,45,0.5735089914149888,0.2349033339983554,0.05175284264692048,0.722293646027783,0.9703789917660842,0.9217209976436966,0.7921983999214777,0.4085949628878395,51.47017982829978,10.0,13.0,2.4698066679967106,0.0011677019370594456,1.222293646027783,1.0,4.767226736092789,40.0,1.0,0.0011677019370594456,1.222293646027783,1.1295488978793269,3.0986206033196844,0.12257848886635184,365,51.47017982829978,10.0,13.0,2.4698066679967106,0.0011677019370594456,1.222293646027783,1.0,4.767226736092789,40.0,1.0,0.0011677019370594456,1.222293646027783,1.1295488978793269,3.0986206033196844,0.12257848886635184,True,,resolved_oscillation,1.0,763.6,14.83577486123627,0.0007172898867275618,0.9973439804344767,2010.4515765803399,5.339798722934659,1882.9463605573526,1167.9301922011064,0.6534834992142483,0.3014885580982004,7198.816681077028,42.22507299918784,10.713545645329457,0.01800478859442144,0.001680563017181019,0.4150188846922906,4.183333333333334,42.256136689620675,0.7745663008376727,0.9304294261556847,40.0,80.0,0.001680563017181019,0.4150188846922906
AB,shared_PLtetO1_tx_scale,46,0.9964774922142574,0.7068669270486545,0.375212687785102,0.926338172463639,0.13524852246151498,0.06723370737678591,0.5138327539551703,0.3768147788965731,59.92954984428515,10.0,13.0,3.413733854097309,0.003077251283941284,1.426338172463639,1.0,1.2431818481929522,40.0,1.0,0.003077251283941284,1.426338172463639,0.3605103366391073,1.6323104399164237,0.11304443366897193,366,59.92954984428515,10.0,13.0,3.413733854097309,0.003077251283941284,1.426338172463639,1.0,1.2431818481929522,40.0,1.0,0.003077251283941284,1.426338172463639,0.3605103366391073,1.6323104399164237,0.11304443366897193,True,,resolved_oscillation,1.0,777.0,12.965223366751092,0.0,0.9919245711307807,801.1009016615938,6.469233348435676,816.0895248719369,498.53165889095493,0.6164736164736164,0.33970228838035993,2009.921365806276,22.43133278411169,2.6226690302073017,0.009282240596209938,0.003539234455167318,0.42523883581426347,4.466666666666667,10.98650424643647,0.9496533667070115,0.9831443545070949,40.0,80.0,0.003539234455167318,0.42523883581426347
AB,shared_PLtetO1_tx_scale,47,0.36135447392295206,0.6878005187327936,0.4760701006722087,0.9277879113508174,0.035015686851467165,0.6317049050261032,0.22250865784072882,0.07781224274133436,47.22708947845904,10.0,13.0,3.375601037465587,0.004162761037524378,1.4277879113508174,1.0,1.0579738047865839,40.0,1.0,0.004162761037524378,1.4277879113508174,0.8685344145234928,0.8346005415478409,0.023343672822400307,367,47.22708947845904,10.0,13.0,3.375601037465587,0.004162761037524378,1.4277879113508174,1.0,1.0579738047865839,40.0,1.0,0.004162761037524378,1.4277879113508174,0.8685344145234928,0.8346005415478409,0.023343672822400307,True,,resolved_oscillation,1.0,538.4285714285714,11.400841707049436,0.000992745393147769,0.9853240955967246,491.67595247230526,7.215789275872909,527.4838692246427,276.186621308237,0.6050013266118334,0.315263274827816,1880.6872014173389,36.47528654864703,3.2343095212519066,0.015498588349422167,0.004791931089954284,0.4276827371695179,3.091666666666667,9.457411811144702,0.9883563638299178,0.9962678663494794,40.0,80.0,0.004791931089954284,0.4276827371695179
AB,shared_PLtetO1_tx_scale,48,0.14462614962212772,0.2012148931522557,0.5951396450376651,0.7082565732821555,0.303708843795952,0.5655754693836429,0.46791123586759553,0.8616507708534276,42.89252299244255,10.0,13.0,2.4024297863045114,0.005946953323288362,1.2082565732821555,1.0,1.63035947537973,40.0,1.0,0.005946953323288362,1.2082565732821555,0.8090179224452785,1.4685246480052399,0.25849523125602825,368,42.89252299244255,10.0,13.0,2.4024297863045114,0.005946953323288362,1.2082565732821555,1.0,1.6303594753797301,40.0,1.0,0.005946953323288362,1.2082565732821555,0.8090179224452785,1.4685246480052399,0.25849523125602825,True,,resolved_oscillation,1.0,389.7,9.085499588556802,0.0012395326957650706,0.9720056171800147,340.9372813259154,9.54432877104271,379.1175550674883,127.03331081400789,0.6338208878624583,0.23505887580537657,1437.6796671791578,76.4071593511488,2.9587218503538577,0.03262554865450148,0.011026906314495065,0.43390357698289267,2.183333333333333,6.345376413991179,0.8446460307606455,0.9489494197818495,40.0,80.0,0.011026906314495065,0.43390357698289267
AB,shared_PLtetO1_tx_scale,49,0.40497024324456166,0.8760220927708037,0.29672674234775864,0.5652661980937161,0.0475287430060467,0.30095928254761795,0.4587922640517281,0.5060696597871368,48.099404864891234,10.0,13.0,3.7520441855416076,0.0024324862403586806,1.0652661980937161,1.0,1.079496318858968,40.0,1.0,0.0024324862403586806,1.0652661980937161,0.5708633542928561,1.4380111993712392,0.15182089793614104,369,48.099404864891234,10.0,13.0,3.7520441855416076,0.0024324862403586806,1.0652661980937161,1.0,1.079496318858968,40.0,1.0,0.0024324862403586806,1.0652661980937161,0.5708633542928561,1.4380111993712392,0.15182089793614104,True,,resolved_oscillation,1.0,529.4285714285714,11.006967194619335,0.001009621529080934,0.9816783762896711,383.25098088680477,7.021780258422505,401.8067251419894,258.41155638096586,0.597814355099838,0.3528104865585425,1589.7429977174522,33.44310842810007,2.654479765784435,0.007651989958241016,0.002882670290756482,0.45301044212397246,3.2333333333333334,8.045822583652866,0.9284346112684299,0.9748157927407443,40.0,80.0,0.002882670290756482,0.45301044212397246
AB,shared_PLtetO1_tx_scale,50,0.9975856292646897,0.5657544237723552,0.30706557444850346,0.8502880899900352,0.3166776682977941,0.5557163730357745,0.7210217811166746,0.015263045840949063,59.95171258529379,10.0,13.0,3.13150884754471,0.0025090049780829666,1.3502880899900354,1.0,1.6647468092951054,40.0,1.0,0.0025090049780829666,1.3502880899900354,0.8001447357321969,2.630218241651227,0.0045789137522847185,370,59.95171258529379,10.0,13.0,3.13150884754471,0.0025090049780829666,1.3502880899900354,1.0,1.6647468092951054,40.0,1.0,0.0025090049780829666,1.3502880899900354,0.8001447357321969,2.630218241651227,0.0045789137522847185,True,,resolved_oscillation,1.0,806.25,13.448323079227162,0.00062015503875969,0.993782850374635,1008.8889203075873,6.272413372925274,1070.7018443041586,608.3683184039921,0.6204031007751938,0.34036880693179294,7041.142704997064,62.6421097576167,9.20671274060605,0.025633285412038406,0.002784195199116318,0.46545212175072204,4.45,38.608016236770816,0.9936211873398353,0.9978618867877653,40.0,80.0,0.002784195199116318,0.46545212175072204
AB,shared_PLtetO1_tx_scale,51,0.9268934724441079,0.6010086289668761,0.8318839924281232,0.668957050737573,0.1552169247113192,0.37544963365442785,0.22895891173032745,0.47424948218286234,58.53786944888216,10.0,13.0,3.2020172579337522,0.012086652251044236,1.168957050737573,1.0,1.283784046812436,40.0,1.0,0.012086652251044236,1.168957050737573,0.637904670288985,0.8470887540115423,0.1422748446548587,371,58.53786944888216,10.0,13.0,3.2020172579337522,0.012086652251044234,1.168957050737573,1.0,1.283784046812436,40.0,1.0,0.012086652251044236,1.168957050737573,0.637904670288985,0.8470887540115423,0.1422748446548587,True,,resolved_oscillation,1.0,550.8571428571429,9.410269762861383,0.0006861388254835555,0.9622449797266116,284.3313788874151,10.734936974254842,421.54728435920237,87.8602044226566,0.5867219917012447,0.20573205954232393,923.389964257763,46.599832925087775,1.4288853979703884,0.027530955618375375,0.019267434363512137,0.3463674738946901,2.8333333333333335,4.044561799192667,0.9643009220979164,0.9892083862965312,40.0,80.0,0.019267434363512137,0.3463674738946901
AB,shared_PLtetO1_tx_scale,52,0.14798006523291785,0.030678042283148188,0.974311847035165,0.45979260448635406,0.04515025280363083,0.5388037075942974,0.6223009687936307,0.9397471766847376,42.95960130465836,10.0,13.0,2.061356084566296,0.018518633560568088,0.9597926044863541,1.0,1.0753718713717284,40.0,1.0,0.018518633560568088,0.9597926044863541,0.7849233368348676,2.095419461334317,0.2819241530054213,372,42.95960130465836,10.0,13.0,2.061356084566296,0.018518633560568088,0.9597926044863541,1.0,1.0753718713717284,40.0,1.0,0.018518633560568088,0.9597926044863541,0.7849233368348676,2.095419461334317,0.2819241530054213,True,,resolved_oscillation,1.0,260.6666666666667,6.067716150764209,0.0027765224979120684,0.33217463512553785,36.12773621443793,24.12701861949533,85.21347751308937,22.569479232434244,0.6636828644501278,0.0,677.9626357740949,473.9395194901255,1.2247359582136794,0.6807741541137287,0.555853814488032,1.0,,3.9688337228746375,0.9275757408011529,0.9455796649975681,40.0,80.0,0.555853814488032,1.0
AB,shared_PLtetO1_tx_scale,53,0.9465837550526778,0.5897803298867728,0.4516407049781953,0.3258443585814851,0.03580917778042536,0.1308974079005698,0.5193037732229046,0.09603869403120302,58.93167510105356,10.0,13.0,3.1795606597735455,0.0038689944295550852,0.8258443585814851,1.0,1.0593257791340285,40.0,1.0,0.0038689944295550852,0.8258443585814851,0.4178076671105128,1.6530035168600712,0.028811608209360906,373,58.93167510105356,10.0,13.0,3.1795606597735455,0.0038689944295550857,0.8258443585814851,1.0,1.0593257791340285,40.0,1.0,0.0038689944295550852,0.8258443585814851,0.4178076671105128,1.6530035168600712,0.028811608209360906,True,,resolved_oscillation,1.0,576.8571428571429,9.788575360669327,0.0006552133014028208,0.9745746389791571,314.0575400893236,7.985026338088908,342.6670273161423,160.46907171123704,0.5993684992570579,0.30570984225727615,1162.2436565150915,39.2309147459971,1.6788786502755246,0.00801134500423218,0.004771842802883591,0.39968895800933124,3.341666666666667,5.3593094799594265,0.992498243701668,0.9975481967150829,40.0,80.0,0.004771842802883591,0.39968895800933124
AB,shared_PLtetO1_tx_scale,54,0.26707177914853697,0.4436206392795494,0.17817196494572562,0.8082517553126966,0.8781615463568023,0.5249468382666946,0.10848811210481324,0.5642563382340674,45.34143558297074,10.0,13.0,2.887241278559099,0.001705324654201179,1.3082517553126967,1.0,4.109685422118879,40.0,1.0,0.001705324654201179,1.3082517553126967,0.7724521544400251,0.641886314712119,0.1692769014702202,374,45.34143558297074,10.0,13.0,2.887241278559099,0.0017053246542011787,1.3082517553126967,1.0,4.109685422118879,40.0,1.0,0.001705324654201179,1.3082517553126967,0.7724521544400251,0.641886314712119,0.1692769014702202,True,,resolved_oscillation,1.0,705.2,15.553102607647869,0.0006341656203913186,0.9970418477073419,1832.3489738137666,5.420367317836792,1925.9660330167894,1190.654249343041,0.6352807714123653,0.31592979337924904,1210.6146510642727,5.769482765936324,2.0244322111069186,0.0039760205361996075,0.0019640176215263835,0.3774716729615641,3.8833333333333333,7.377867432488858,0.9378667199370369,0.9807336643405385,40.0,80.0,0.0019640176215263835,0.3774716729615641
AB,shared_PLtetO1_tx_scale,55,0.03934806720952966,0.7974544171486171,0.9613679503326873,0.793890962821361,0.8506665333513728,0.9500335252854892,0.896934550896485,0.9868204735962427,40.786961344190594,10.0,13.0,3.594908834297234,0.01781429091501406,1.293890962821361,1.0,3.931790694711237,40.0,1.0,0.01781429091501406,1.293890962821361,1.1550301727569403,3.943706218379895,0.2960461420788728,375,40.786961344190594,10.0,13.0,3.594908834297234,0.01781429091501406,1.293890962821361,1.0,3.931790694711237,40.0,1.0,0.01781429091501406,1.293890962821361,1.1550301727569403,3.943706218379895,0.2960461420788728,True,,steady_state,0.0,,,,,19.13393325480871,19.132173211447313,344.7347718993012,28.738420006507646,,0.0,2078.172867735826,2077.889222099323,3.518872906036278,3.51814959998175,0.9997944495087369,1.0,3.1333333333333333,,0.7771059776791834,0.7771230352927385,40.0,80.0,,
AB,shared_PLtetO1_tx_scale,56,0.8516256211406352,0.03206752876612384,0.37451105081748515,0.6716009496173991,0.27187136671284284,0.5778246572201604,0.8284226050920022,0.9634675135066714,57.0325124228127,10.0,13.0,2.0641350575322477,0.0030707899516370578,1.1716009496173991,1.0,1.5489233627326284,40.0,1.0,0.0030707899516370578,1.1716009496173991,0.8200421914981444,3.368159189736131,0.2890402540520014,376,57.0325124228127,10.0,13.0,2.0641350575322477,0.003070789951637058,1.1716009496173991,1.0,1.5489233627326284,40.0,1.0,0.0030707899516370578,1.1716009496173991,0.8200421914981444,3.368159189736131,0.2890402540520014,True,,resolved_oscillation,1.0,477.25,8.368033946354826,0.0009699529594264551,0.9692506343348594,339.464580722538,10.43832052300096,343.8978046182206,126.19603250711863,0.6621267679413305,0.209064652299489,3187.9881997788643,235.21354402766204,4.953320135980154,0.04940653257269352,0.009974427498398919,0.5132192846034215,2.816666666666667,13.737117558524965,0.696688174080462,0.8897410564421395,40.0,80.0,0.009974427498398919,0.5132192846034215
AB,shared_PLtetO1_tx_scale,57,0.8296311980119584,0.33407868225380877,0.1063301011098382,0.9716657455337966,0.6864182526670649,0.11947963965489417,0.2941963935788431,0.10802242958869912,56.592623960239166,10.0,13.0,2.6681573645076178,0.0013751138332981391,1.4716657455337967,1.0,3.0184623908556323,40.0,1.0,0.0013751138332981391,1.4716657455337967,0.40753167568940474,0.9843881972846089,0.03240672887660973,377,56.592623960239166,10.0,13.0,2.6681573645076178,0.0013751138332981391,1.4716657455337967,1.0,3.0184623908556323,40.0,1.0,0.0013751138332981391,1.4716657455337967,0.40753167568940474,0.9843881972846089,0.03240672887660973,True,,resolved_oscillation,1.0,833.75,14.732485289704465,0.0005997001499250374,0.9968366792253536,1808.0619910894727,5.719480058261921,1984.4574042375934,1066.5060156566565,0.6338830584707646,0.3234836702954899,1373.1501389022208,7.101378066558096,1.8901652344453244,0.0029213714042774777,0.001545564033789228,0.39035769828926903,4.35,7.738495778437501,0.9904649767849758,0.9969510016197999,40.0,80.0,0.001545564033789228,0.39035769828926903
AB,shared_PLtetO1_tx_scale,58,0.8175887117605869,0.1733204554271618,0.2545619395517319,0.8353760829602679,0.44611669420234423,0.8290791619985357,0.35620338254456996,0.08649524189862356,56.351774235211735,10.0,13.0,2.3466409108543234,0.002143841724452986,1.3353760829602679,1.0,2.0503225475030376,40.0,1.0,0.002143841724452986,1.3353760829602679,1.046171245798682,1.1354640456404972,0.025948572569587068,378,56.351774235211735,10.0,13.0,2.3466409108543234,0.002143841724452986,1.3353760829602679,1.0,2.0503225475030376,40.0,1.0,0.002143841724452986,1.3353760829602679,1.046171245798682,1.1354640456404972,0.025948572569587068,True,,resolved_oscillation,1.0,645.1666666666666,11.44891488196534,0.0006327795770558456,0.9908790689449823,842.2872479898406,7.682443917435857,953.0816719006334,359.6159034180692,0.6308447429604753,0.2512774938902466,2874.28329705408,47.49964435479878,4.34058839545025,0.012539098625254519,0.0028888015823840484,0.3965785381026439,3.216666666666667,13.409504993929252,0.9825835427642433,0.9950236500083277,40.0,80.0,0.0028888015823840484,0.3965785381026439
AB,shared_PLtetO1_tx_scale,59,0.7632201581925808,0.41076796078383804,0.9080229332326699,0.8243533577716446,0.883495417972424,0.0023260163113936194,0.593721283602114,0.15498968034379434,55.26440316385162,10.0,13.0,2.8215359215676763,0.015183261534167925,1.3243533577716446,1.0,4.145117025610558,40.0,1.0,0.015183261534167925,1.3243533577716446,0.30209341468025425,1.9619651459925174,0.0464969041031383,379,55.26440316385162,10.0,13.0,2.8215359215676763,0.015183261534167925,1.3243533577716446,1.0,4.145117025610558,40.0,1.0,0.015183261534167925,1.3243533577716446,0.30209341468025425,1.9619651459925174,0.0464969041031383,True,,steady_state,0.0,,,,,24.62741692229252,24.627343840550967,467.39684570723534,46.037344814470146,,0.0,347.7527827295649,347.7369455449649,0.43456178284482583,0.4345588079888509,0.9999931543543579,0.0,,,0.9968082189834013,0.9968082244792624,40.0,80.0,,
AB,shared_PLtetO1_tx_scale,60,0.8280144790383384,0.1290319770518289,0.27037002179377156,0.27934794533964935,0.6204055522340386,0.6363897540415864,0.7583621634069664,0.7263645287172044,56.560289580766764,10.0,13.0,2.258063954103658,0.0022478095306631353,0.7793479453396494,1.0,2.7142189076850296,40.0,1.0,0.0022478095306631353,0.7793479453396494,0.8727507786374276,2.8663694586221045,0.2179093586151613,380,56.560289580766764,10.0,13.0,2.258063954103658,0.0022478095306631353,0.7793479453396494,1.0,2.7142189076850296,40.0,1.0,0.0022478095306631353,0.7793479453396494,0.8727507786374276,2.8663694586221045,0.2179093586151613,True,,resolved_oscillation,1.0,589.2857142857143,10.418718126331871,0.0008280364255320887,0.9867632035314892,598.9730191970079,7.928483945240224,601.3554949740469,249.72910114028468,0.6452727272727272,0.2459453454787825,2883.7475421760014,81.52845387961204,4.320443202787966,0.016965174616362447,0.003926720898776052,0.41657409464563433,3.2333333333333334,13.437653595479011,0.818687927938702,0.9454289580208042,40.0,80.0,0.003926720898776052,0.41657409464563433
AB,shared_PLtetO1_tx_scale,61,0.9131071740257232,0.3467664824287139,0.6967110274247541,0.5443491627426504,0.8075253340418616,0.5978871921920309,0.8383470861435001,0.23413978590216944,58.26214348051447,10.0,13.0,2.693532964857428,0.008061984242855116,1.0443491627426504,1.0,3.668056243576292,40.0,1.0,0.008061984242855116,1.0443491627426504,0.8380984729728278,3.4460144203111054,0.07024193577065083,381,58.26214348051447,10.0,13.0,2.693532964857428,0.008061984242855116,1.0443491627426504,1.0,3.668056243576292,40.0,1.0,0.008061984242855123,1.0443491627426504,0.8380984729728278,3.4460144203111054,0.07024193577065083,True,,resolved_oscillation,1.0,572.1428571428571,9.820147748841542,0.0006606120626877879,0.9615269728264423,330.79696536934364,12.72676063758521,793.0640137509462,108.9229268072502,0.5863920099875156,0.06976227504998889,3250.03770890629,139.0646446059806,5.268326573712025,0.08905580012408232,0.01690400146575087,0.3839146856254166,2.533333333333333,13.623320806982456,0.9400514292353284,0.9840423791483057,40.0,80.0,0.01690400146575087,0.3839146856254166
AB,shared_PLtetO1_tx_scale,62,0.6035793947217766,0.801443232262474,0.719759264994655,0.7134255333389391,0.9266508551756341,0.7688117586288268,0.1640253001230495,0.2529447290764799,52.07158789443553,10.0,13.0,3.602886464524948,0.008638302203949583,1.2134255333389392,1.0,4.443254120010725,40.0,1.0,0.008638302203949583,1.2134255333389392,0.9919305827659439,0.729449623488276,0.07588341872294398,382,52.07158789443553,10.0,13.0,3.602886464524948,0.008638302203949583,1.2134255333389392,1.0,4.443254120010725,40.0,1.0,0.008638302203949583,1.2134255333389392,0.9919305827659439,0.729449623488276,0.07588341872294398,True,,resolved_oscillation,1.0,500.0,9.602165407623971,0.0,0.8869266425873487,132.3141376099194,14.961203772713146,740.0805339886846,50.8405466114671,0.524,0.0,629.4836610368734,33.3058917518338,1.1857054808998717,0.027976837348633637,0.023595098276345216,0.2819373472561653,2.15,2.685113643459507,0.9853351852643498,0.996015544510892,40.0,80.0,0.023595098276345216,0.2819373472561653
AB,shared_PLtetO1_tx_scale,63,0.23882183258880485,0.795319499099534,0.45777040814547443,0.6890075408384903,0.37067281232794935,0.47539633003037374,0.4496059197472574,0.48745477977191454,44.776436651776095,10.0,13.0,3.590638998199068,0.003940696898888916,1.1890075408384901,1.0,1.8158884957389456,40.0,1.0,0.003940696898888916,1.1890075408384901,0.7278566970273364,1.4079133405994118,0.14623643393157434,383,44.776436651776095,10.0,13.0,3.590638998199068,0.003940696898888916,1.1890075408384901,1.0,1.8158884957389456,40.0,1.0,0.003940696898888916,1.1890075408384901,0.7278566970273364,1.4079133405994118,0.14623643393157434,True,,resolved_oscillation,1.0,582.1428571428571,13.001098360509353,0.0006492641254146234,0.9909710435715557,722.2325650867322,6.521006361371668,720.0639978125092,458.11932640487305,0.6162576687116564,0.3428127082870473,2114.728406402531,26.797635513846593,3.6586960942365354,0.01724887515761505,0.0047144869957323945,0.4370139968895801,3.45,11.852910122685206,0.9056104458390338,0.967928843891478,40.0,80.0,0.0047144869957323945,0.4370139968895801
AB,oscillator_mrna_total_half_life_min,0,0.6523163084985453,0.36929077709565117,0.476552141139271,0.7731966058510996,0.3994382610594617,0.7991515494535374,0.6932516039832075,0.976099650949025,53.046326169970904,10.0,13.0,2.7385815541913026,0.004168776674083898,1.2731966058510995,1.0,1.9019336535060298,40.0,1.0,0.004168776674083898,1.2731966058510995,1.0192363945081835,2.4672980091946712,0.2928298952847075,384,53.046326169970904,10.0,13.0,2.7385815541913026,0.004168776674083898,1.2731966058510995,1.0,1.9019336535060298,40.0,1.0,0.004168776674083898,1.2731966058510995,1.0192363945081835,2.4672980091946712,0.2928298952847075,True,,resolved_oscillation,1.0,601.1428571428571,11.332412639033224,0.0006287431822872125,0.9897179290976793,699.0442804230389,7.187622855171366,581.7241350112049,305.8736476746973,0.6533388783269962,0.2810486558542546,4001.901301171506,102.19069410495803,6.00948247671548,0.04802914225182756,0.007992226025772221,0.42346145301044213,3.6166666666666667,20.69031360895941,0.6251925453510928,0.8793376053615677,40.0,80.0,0.007992226025772221,0.42346145301044213
AB,oscillator_mrna_total_half_life_min,1,0.551410633705412,0.5182907415863287,0.4330535974015236,0.8524225710498768,0.45687872511067984,0.7192355361076039,0.13139037206848947,0.4556181454269522,51.02821267410824,10.0,13.0,3.0365814831726574,0.003659449176687233,1.352422571049877,1.0,2.0861451593585314,40.0,1.0,0.003659449176687233,1.352422571049877,0.9473119824968435,0.6766442200719431,0.13668544362808566,385,51.02821267410824,10.0,13.0,3.0365814831726574,0.003659449176687233,1.352422571049877,1.0,2.0861451593585314,40.0,1.0,0.003659449176687233,1.352422571049877,0.9473119824968435,0.6766442200719431,0.13668544362808566,True,,resolved_oscillation,1.0,670.1666666666666,13.133257693086119,0.0006091742707742298,0.9928661971627896,950.5966133008503,6.781368817008252,1035.2593259304365,492.0545083049248,0.6233523999005224,0.283492557209509,1655.7636263885438,18.987829619507405,2.5695200021406985,0.01140346333741137,0.004437974146109393,0.3683625860919796,3.6666666666666665,8.89478552692945,0.9387247864669546,0.9822389106208669,40.0,80.0,0.004437974146109393,0.3683625860919796
AB,oscillator_mrna_total_half_life_min,2,0.527858875741076,0.7885110022666142,0.8313783726110382,0.8936092939302647,0.11546543112722196,0.10285973940458293,0.16799844493272076,0.8898534260437165,50.55717751482152,10.0,13.0,3.5770220045332284,0.012068358437822065,1.3936092939302647,1.0,1.2042228756622744,40.0,1.0,0.012068358437822065,1.3936092939302647,0.3925737654641246,0.7361536152849883,0.26695602781311495,386,50.55717751482152,10.0,13.0,3.5770220045332284,0.012068358437822065,1.3936092939302647,1.0,1.2042228756622744,40.0,1.0,0.012068358437822065,1.3936092939302647,0.3925737654641246,0.7361536152849883,0.26695602781311495,True,,resolved_oscillation,1.0,515.0,10.18648637671715,0.0,0.9697423695285375,328.0177030198194,9.925038446071587,461.984801732658,104.0705586734759,0.5844660194174758,0.2546100866474117,576.965237032651,23.107156200452227,0.9953515070083954,0.017463095305057925,0.01754465149457058,0.32592757165074426,2.7,2.6556731597703607,0.9454033732598467,0.9825525881962964,40.0,80.0,0.01754465149457058,0.32592757165074426
AB,oscillator_mrna_total_half_life_min,3,0.13384197899943828,0.2102493009055516,0.002416419738390796,0.4342247396574749,0.5113272658778146,0.012133239297335785,0.6383509037943887,0.39924093577650477,42.676839579988766,10.0,13.0,2.4204986018111034,0.001007265211108215,0.9342247396574749,1.0,2.277206533911556,40.0,1.0,0.001007265211108215,0.9342247396574749,0.3109199153676022,2.174307220769696,0.11977228073295143,387,42.676839579988766,10.0,13.0,2.4204986018111034,0.001007265211108215,0.9342247396574749,1.0,2.2772065339115555,40.0,1.0,0.001007265211108215,0.9342247396574749,0.3109199153676022,2.174307220769696,0.11977228073295143,True,,resolved_oscillation,1.0,461.55555555555554,10.815129707308028,0.0011418913072346096,0.9874198345616166,563.2624966308074,7.085935392852438,585.2987624303339,274.79955155911375,0.6293933558016369,0.28215952010664297,904.215758395298,19.360888662431847,1.7768016361340007,0.0025342068678376353,0.0014262745014978777,0.3770273272606088,2.55,4.313498083587265,0.9635850387803709,0.9888172965677496,40.0,80.0,0.0014262745014978777,0.3770273272606088
AB,oscillator_mrna_total_half_life_min,4,0.29839124245100024,0.4014372245417077,0.7407632727886166,0.973170057651865,0.7714507301125303,0.8395727965599573,0.6163105529447619,0.23802648392585535,45.967824849020005,10.0,13.0,2.8028744490834154,0.009199309651474802,1.4731700576518652,1.0,3.461153976271422,40.0,1.0,0.009199309651474802,1.4731700576518652,1.0556155169039616,2.0667148369348385,0.0714079451777566,388,45.967824849020005,10.0,13.0,2.8028744490834154,0.009199309651474802,1.4731700576518652,1.0,3.461153976271422,40.0,1.0,0.009199309651474802,1.4731700576518652,1.0556155169039616,2.0667148369348385,0.0714079451777566,True,,resolved_oscillation,1.0,429.77777777777777,9.349534792855014,0.0010260152447251515,0.9370989553976242,227.07305926626904,14.283132628905506,691.2813232825049,80.2955285415076,0.5742502585315409,0.0,2271.985059763617,128.30076932524418,4.788542490422438,0.10988496631134886,0.0229474765090066,0.40435458786936235,1.8833333333333333,9.460579765436872,0.944536848192933,0.9844773360999235,40.0,80.0,0.0229474765090066,0.40435458786936235
AB,oscillator_mrna_total_half_life_min,5,0.43609826489132697,0.9283144976343863,0.4369071057473428,0.6793096803954553,0.7150879301443966,0.8902233596814232,0.30683681880373526,0.2464707225199041,48.72196529782654,10.0,13.0,3.856628995268773,0.003701938928909887,1.1793096803954553,1.0,3.1610037687517183,40.0,1.0,0.003701938928909887,1.1793096803954553,1.1012010237132808,1.0134604919955046,0.07394121675597122,389,48.72196529782654,10.0,13.0,3.856628995268773,0.003701938928909887,1.1793096803954553,1.0,3.1610037687517183,40.0,1.0,0.003701938928909887,1.1793096803954553,1.1012010237132808,1.0134604919955046,0.07394121675597122,True,,resolved_oscillation,1.0,761.8,15.635658277396773,0.0005870485632711447,0.995245376637014,1357.8246321297192,6.455944718761965,1487.6687332779516,871.1866900959917,0.6195851929640326,0.33348144856698514,2734.649497803933,18.420143412955536,4.208135242495095,0.01750474828073585,0.004159739949412107,0.4059097978227061,4.35,17.204159393495544,0.9493922121265335,0.9837101559990369,40.0,80.0,0.004159739949412107,0.4059097978227061
AB,oscillator_mrna_total_half_life_min,6,0.2794490958047151,0.8625034418378221,0.8867248432919269,0.4437347746393657,0.7361033186425251,0.17305191977008727,0.3697961343740416,0.12011926120459937,45.588981916094305,10.0,13.0,3.7250068836756443,0.014244775826231116,0.9437347746393657,1.0,3.269746923509087,40.0,1.0,0.014244775826231116,0.9437347746393657,0.4557467277930785,1.1715643252354049,0.03603577836137981,390,45.588981916094305,10.0,13.0,3.7250068836756443,0.014244775826231116,0.9437347746393657,1.0,3.269746923509087,40.0,1.0,0.014244775826231116,0.9437347746393657,0.4557467277930785,1.1715643252354049,0.03603577836137981,True,,resolved_oscillation,1.0,394.5,8.65340666580513,0.0013359854922553357,0.83950012523347,93.39888202615332,14.990508868531515,379.3916244013847,37.32135733305124,0.5338403041825094,0.0,323.0774622973309,29.738740204146577,0.683892247528931,0.02694177873570421,0.03939477137378207,0.2115085536547434,1.95,1.4461826106979025,0.9961492945432939,0.9987606568223614,40.0,80.0,0.03939477137378207,0.2115085536547434
AB,oscillator_mrna_total_half_life_min,7,0.9184594597167923,0.49622080261620993,0.0015575791320572296,0.7098664043105585,0.20306399052740443,0.3725144238776874,0.9611080662365922,0.35699789581469954,58.369189194335846,10.0,13.0,2.99244160523242,0.001004676993224574,1.2098664043105585,1.0,1.386550329381649,40.0,1.0,0.001004676993224574,1.2098664043105585,0.6352629814899187,4.571703650645531,0.10709936874440985,391,58.369189194335846,10.0,13.0,2.99244160523242,0.001004676993224574,1.2098664043105585,1.0,1.386550329381649,40.0,1.0,0.001004676993224574,1.2098664043105585,0.6352629814899187,4.571703650645531,0.10709936874440985,True,,resolved_oscillation,1.0,706.4,12.10227535709112,0.0007753716838974606,0.9915890600164472,723.4226036006423,6.084664101630533,646.2855733654343,454.18803202589356,0.629105322763307,0.34658964674516773,7033.910775801911,95.33072488116635,9.477503400586466,0.01275864540053667,0.0013462031994361688,0.48344812263941345,4.216666666666667,37.61346908778686,0.8287788705340763,0.939480964697919,40.0,80.0,0.0013462031994361688,0.48344812263941345
AB,oscillator_mrna_total_half_life_min,8,0.30358690650228426,0.5048124943431317,0.9217794243662824,0.25378836310641073,0.9888775449978552,0.6166769025777588,0.9266438061402799,0.37517357399106444,46.07173813004569,10.0,13.0,3.009624988686263,0.015822047372292144,0.7537883631064107,1.0,4.911291842966305,40.0,1.0,0.015822047372292144,0.7537883631064107,0.8550092123199828,4.2229292992192535,0.11255207219731933,392,46.07173813004569,10.0,13.0,3.009624988686263,0.015822047372292144,0.7537883631064107,1.0,4.911291842966305,40.0,1.0,0.015822047372292144,0.7537883631064107,0.8550092123199828,4.2229292992192535,0.11255207219731933,True,,resolved_oscillation,1.0,330.61538461538464,7.176099666180682,0.006240202478638572,0.4681247986938537,49.0531121045196,26.090133875284323,165.53731139518572,33.07544240940773,0.6238366682177757,0.0,633.818014274664,283.96072896750127,1.175384341264973,0.3272735172422078,0.2784395756795512,0.5754276827371695,2.2416666666666667,3.5136014756862464,0.9775472188235694,0.9877558564109687,40.0,80.0,0.2784395756795512,0.5754276827371695
AB,oscillator_mrna_total_half_life_min,9,0.932509762265573,0.6848542803973867,0.545033930508929,0.7217621395502537,0.35743486819742876,0.4715857368406461,0.9437489081058605,0.8804158591471485,58.650195245311465,10.0,13.0,3.3697085607947734,0.005118061406490561,1.2217621395502536,1.0,1.7776090448066182,40.0,1.0,0.005118061406490561,1.2217621395502536,0.7244271631565814,4.3925722383088575,0.2641247577441445,393,58.650195245311465,10.0,13.0,3.3697085607947734,0.005118061406490561,1.2217621395502536,1.0,1.7776090448066182,40.0,1.0,0.005118061406490561,1.2217621395502536,0.7244271631565814,4.3925722383088575,0.2641247577441445,True,,resolved_oscillation,1.0,729.2,12.433036189394318,0.000613293466127205,0.9913533635232967,791.5175578853531,6.843964587962493,612.014475112266,391.4799298886458,0.6445419637959408,0.34503443679182405,5695.9091644877835,118.37022432013798,7.467943942701148,0.07124055674295741,0.009539514127256527,0.4752277271717396,4.533333333333333,32.183363804644735,0.5962750431294941,0.850718146995457,40.0,80.0,0.009539514127256527,0.4752277271717396
AB,oscillator_mrna_total_half_life_min,10,0.5589990905755731,0.4462819689375723,0.9938149577766761,0.9015922436254239,0.7913746337574993,0.4601942566664927,0.11453905085060889,0.29314213139177814,51.17998181151146,10.0,13.0,2.8925639378751447,0.019632837420500534,1.4015922436254238,1.0,3.5739389629298075,40.0,1.0,0.019632837420500534,1.4015922436254238,0.7141748309998435,0.6508921820207567,0.08794263941753344,394,51.17998181151146,10.0,13.0,2.8925639378751447,0.019632837420500534,1.4015922436254238,1.0,3.5739389629298075,40.0,1.0,0.019632837420500534,1.4015922436254238,0.7141748309998435,0.6508921820207567,0.08794263941753344,True,,steady_state,0.0,,,,,17.12392330378058,17.123921517659205,822.10712656247,49.799449175995534,,0.0,556.3959111428871,556.395308876835,0.7507738660438972,0.7507737195841472,0.9999998049216194,1.0,,,0.9890964952369863,0.989096495290503,40.0,80.0,,
AB,oscillator_mrna_total_half_life_min,11,0.8825503300451477,0.7833164928346555,0.6936976459779453,0.6974159517909397,0.16134576387323452,0.6616409964329848,0.40307903288704905,0.6314419665790977,57.65100660090295,10.0,13.0,3.566632985669311,0.007989533927861336,1.1974159517909397,1.0,1.2965099356253338,40.0,1.0,0.007989533927861336,1.1974159517909397,0.8954768967896862,1.2648791599232423,0.1894325899737293,395,57.65100660090295,10.0,13.0,3.566632985669311,0.007989533927861336,1.1974159517909397,1.0,1.2965099356253338,40.0,1.0,0.007989533927861336,1.1974159517909397,0.8954768967896862,1.2648791599232425,0.1894325899737293,True,,resolved_oscillation,1.0,662.8333333333334,11.497341892430232,0.0006159139408557149,0.9842813000278354,516.3113170026219,8.115742684197361,559.8626178206766,219.53192913179254,0.6079959768669851,0.2899355698733615,2545.0742175873197,62.78674399745642,3.5935848148845064,0.03889526398932761,0.010823527478250895,0.4059097978227061,3.7416666666666667,12.862460894191011,0.8735050797016966,0.9604426184212421,40.0,80.0,0.010823527478250895,0.4059097978227061
AB,oscillator_mrna_total_half_life_min,12,0.4044568990688079,0.024031735423203138,0.3713608600938766,0.5394681067715948,0.8688052552887857,0.41869845356194746,0.0743758010283625,0.5957220289699944,48.089137981376155,10.0,13.0,2.0480634708464063,0.0030419468259424236,1.039468106771595,1.0,4.048263875045685,40.0,1.0,0.0030419468259424236,1.039468106771595,0.6768286082057526,0.5933976271719327,0.1787166086909983,396,48.089137981376155,10.0,13.0,2.0480634708464063,0.0030419468259424236,1.039468106771595,1.0,4.048263875045685,40.0,1.0,0.0030419468259424236,1.039468106771595,0.6768286082057526,0.5933976271719327,0.1787166086909983,True,,resolved_oscillation,1.0,518.1428571428571,10.774633917196066,0.0007294599699654233,0.9865254200712126,708.8371587253142,9.551282951738813,987.8232436184978,274.95214476879846,0.6330300523848912,0.19728949122417241,511.53264674152234,12.578953299349855,0.950307234223493,0.004977776381584809,0.005238070596876186,0.2801599644523439,2.4,2.25010691730556,0.9688530491607326,0.9911581029335095,40.0,80.0,0.005238070596876186,0.2801599644523439
AB,oscillator_mrna_total_half_life_min,13,0.8397119452496339,0.26008903724763854,0.8937767146418455,0.7360853102868091,0.7481705491920402,0.3533399201315356,0.54972461355271,0.24027480692021974,56.79423890499268,10.0,13.0,2.520178074495277,0.014548905237875978,1.2360853102868092,1.0,3.3338708517021596,40.0,1.0,0.014548905237875978,1.2360853102868092,0.6180059281183821,1.7729423656115402,0.07208244207606591,397,56.79423890499268,10.0,13.0,2.520178074495277,0.014548905237875978,1.2360853102868092,1.0,3.3338708517021596,40.0,1.0,0.014548905237875978,1.2360853102868092,0.6180059281183821,1.7729423656115402,0.07208244207606591,True,,resolved_oscillation,1.0,398.25,7.012154888917625,0.0012554927809165098,0.16703166575914874,47.90582825951188,39.90403796575391,150.53441375399498,41.83117345982574,0.6616446955430006,0.0,257.4921709678198,201.0356018043508,0.33756701809174633,0.24288885794513676,0.7195278120421194,0.0,3.466666666666667,1.8475277796199796,0.9960503397958743,0.9967282529258487,40.0,80.0,0.7195278120421194,0.0
AB,oscillator_mrna_total_half_life_min,14,0.5050919744883469,0.29587452410599624,0.37675403278337516,0.07604663233161935,0.4498605311776427,0.20466249303767636,0.7919028093038489,0.04476630886248789,50.10183948976694,10.0,13.0,2.5917490482119927,0.0030914932147346765,0.5760466323316193,1.0,2.0627140057034645,40.0,1.0,0.0030914932147346765,0.5760466323316193,0.4841962437339087,3.0965123298144808,0.013429892658746367,398,50.10183948976694,10.0,13.0,2.5917490482119927,0.0030914932147346765,0.5760466323316193,1.0,2.0627140057034645,40.0,1.0,0.0030914932147346765,0.5760466323316193,0.4841962437339087,3.0965123298144794,0.013429892658746367,True,,resolved_oscillation,1.0,474.25,9.465720317451883,0.0009760886660754364,0.9745834940972922,325.01676099966255,8.260790424426892,359.2917326109149,146.33690796771333,0.6157090142329995,0.2992668295934237,1357.6603024073295,53.72578721071428,2.3589137164231975,0.010335333466242975,0.004381395298304663,0.4481226394134637,2.683333333333333,6.123441914756074,0.9951634434235178,0.9983337567437474,40.0,80.0,0.004381395298304663,0.4481226394134637
AB,oscillator_mrna_total_half_life_min,15,0.9354066410283456,0.4956740475582503,0.6505030867783376,0.3678801652864846,0.23139429147905755,0.3567890580726589,0.7861953008443282,0.3266761862476052,58.70813282056692,10.0,13.0,2.991348095116501,0.007019788512141638,0.8678801652864846,1.0,1.4512347494704014,40.0,1.0,0.007019788512141638,0.8678801652864846,0.621110152265393,3.0560841268539645,0.09800285587428155,399,58.70813282056692,10.0,13.0,2.991348095116501,0.007019788512141638,0.8678801652864846,1.0,1.4512347494704014,40.0,1.0,0.007019788512141638,0.8678801652864846,0.621110152265393,3.0560841268539645,0.09800285587428155,True,,resolved_oscillation,1.0,596.7142857142857,10.16408216452835,0.0008177280955996807,0.9786037413418941,397.13682662488276,8.497242265125355,435.79137324173814,162.16923739845774,0.6108451041417287,0.26194179071317486,2963.610778654596,101.84854735249827,4.302815518701425,0.04174058759727955,0.00970076160966267,0.4152410575427683,3.316666666666667,13.830905758700915,0.9295848801337203,0.9787381627395948,40.0,80.0,0.00970076160966267,0.4152410575427683
AB,oscillator_mrna_total_half_life_min,16,0.4165039138534229,0.28577343400915445,0.19195520983891223,0.3853034399427899,0.6173619000491285,0.028087019400847124,0.24521803081693405,0.1709331898065073,48.33007827706846,10.0,13.0,2.571546868018309,0.0017772130182360899,0.8853034399427899,1.0,2.7009556305537936,40.0,1.0,0.0017772130182360899,0.8853034399427899,0.3252783174607624,0.8794031869231538,0.051279956941952184,400,48.33007827706846,10.0,13.0,2.571546868018309,0.0017772130182360899,0.8853034399427899,1.0,2.7009556305537936,40.0,1.0,0.0017772130182360899,0.8853034399427899,0.3252783174607624,0.8794031869231538,0.051279956941952184,True,,resolved_oscillation,1.0,580.2857142857143,12.00671993451016,0.0008408789402559985,0.9914245788941964,770.4617938764989,6.6070343284237865,825.5747487486273,400.77603895737144,0.6268463810930576,0.30637636080870917,455.3576678712486,6.278295142488248,0.7695264524780147,0.0016423686925873845,0.002134258916374687,0.2857142857142857,3.1333333333333333,2.2898785807667537,0.99373511999714,0.9980240150575094,40.0,80.0,0.002134258916374687,0.2857142857142857
AB,oscillator_mrna_total_half_life_min,17,0.5474959190386707,0.32786926200840927,0.12153798541605187,0.8674324012996638,0.8729900824691754,0.8212992686047814,0.49428288340064575,0.17215494341127735,50.94991838077341,10.0,13.0,2.6557385240168188,0.0014392113146310583,1.3674324012996637,1.0,4.075621848481528,40.0,1.0,0.0014392113146310583,1.3674324012996637,1.039169341744303,1.5604608877308435,0.051646483023383205,401,50.94991838077341,10.0,13.0,2.6557385240168188,0.0014392113146310583,1.3674324012996637,1.0,4.075621848481528,40.0,1.0,0.0014392113146310583,1.3674324012996637,1.039169341744303,1.5604608877308435,0.051646483023383205,True,,resolved_oscillation,1.0,776.6,15.242418921971419,0.000705282716334234,0.9972253027549911,2002.6345288289326,5.556704509901327,2174.877924482183,1199.4214792192774,0.6380375997939737,0.3108198178182626,4507.198700499976,21.591124762899636,6.810651187417341,0.011479173450196537,0.001685473699108872,0.40613197067318374,4.1,26.296532594392595,0.9441351342748758,0.9829529360248676,40.0,80.0,0.001685473699108872,0.40613197067318374
AB,oscillator_mrna_total_half_life_min,18,0.2557492081993019,0.011841787648559254,0.9901753778860107,0.5100265748839851,0.37237180504774037,0.9723548965289336,0.18530812723112733,0.07398357953597556,45.11498416398604,10.0,13.0,2.0236835752971185,0.019419939276638078,1.0100265748839852,1.0,1.8208606985003681,40.0,1.0,0.019419939276638078,1.0100265748839852,1.1751194068760402,0.7660870685498672,0.02219507386079267,402,45.11498416398604,10.0,13.0,2.0236835752971185,0.019419939276638078,1.0100265748839852,1.0,1.8208606985003681,40.0,1.0,0.019419939276638088,1.0100265748839852,1.1751194068760402,0.7660870685498672,0.02219507386079267,True,,resolved_oscillation,1.0,285.72727272727275,6.333312047471812,0.0035315143303879365,0.305703231124673,46.79081748773863,32.486713394772075,119.291768074868,32.163188474372106,0.6640948138720967,0.0,306.5767362237808,215.63477664124042,0.49661044798268217,0.28641195012621773,0.5767336375818769,0.0,,1.8341039985754224,0.9983021479101053,0.9986807956494974,40.0,80.0,0.5767336375818769,0.0
AB,oscillator_mrna_total_half_life_min,19,0.9255513500073052,0.7189310719243752,0.3595363148666204,0.008470141514244522,0.11635908913161286,0.9187699952713662,0.5653192310309306,0.6859534039173187,58.5110270001461,10.0,13.0,3.4378621438487507,0.0029360776030532385,0.5084701415142445,1.0,1.2059561400244379,40.0,1.0,0.0029360776030532385,0.5084701415142445,1.1268929957442295,1.8377618651452943,0.20578602117519562,403,58.5110270001461,10.0,13.0,3.4378621438487507,0.002936077603053238,0.5084701415142445,1.0,1.2059561400244379,40.0,1.0,0.0029360776030532385,0.5084701415142445,1.1268929957442295,1.8377618651452943,0.20578602117519562,True,,resolved_oscillation,1.0,512.0,8.750487322649823,0.0,0.9564312206580158,192.5046758122208,8.387193742762852,211.14559425510336,108.41830849233654,0.58984375,0.3359253499222395,1886.358119426897,101.68264474936285,2.7641116401554275,0.011462854769249752,0.004147030316259292,0.491890690957565,3.25,8.5578236446551,0.8921268027527137,0.9599437089019595,40.0,80.0,0.004147030316259292,0.491890690957565
AB,oscillator_mrna_total_half_life_min,20,0.0013435690855783111,0.46494735339945903,0.7029286016979912,0.6847519706450776,0.7559727314723682,0.066410428609471,0.5239147617457327,0.5455612958419926,40.026871381711565,10.0,13.0,2.929894706798918,0.008213555491511175,1.1847519706450775,1.0,3.3759986430652895,40.0,1.0,0.008213555491511175,1.1847519706450775,0.3597693857485239,1.6706472727944355,0.1636683887525978,404,40.026871381711565,10.0,13.0,2.929894706798918,0.008213555491511175,1.1847519706450775,1.0,3.3759986430652895,40.0,1.0,0.008213555491511175,1.1847519706450775,0.3597693857485239,1.6706472727944355,0.1636683887525978,True,,resolved_oscillation,1.0,447.8888888888889,11.189705151263237,0.0007442322004465394,0.9779294479921776,445.43087578186487,9.830905309833469,841.2676375373467,151.32607330218062,0.5933391218060033,0.22417240613197068,780.9122739226221,21.439791360603078,1.6922058102259203,0.02108543438132967,0.012460325011243537,0.35014441235281046,2.2,3.6479099542190028,0.95012084309506,0.9854308236721112,40.0,80.0,0.012460325011243537,0.35014441235281046
AB,oscillator_mrna_total_half_life_min,21,0.07885095553436716,0.31896266985311017,0.43766206874156466,0.49990424355663865,0.2087434045727422,0.4357792480321784,0.5996465601993903,0.8802543008467651,41.577019110687345,10.0,13.0,2.6379253397062206,0.0037103209571532373,0.9999042435566386,1.0,1.3992824216985893,40.0,1.0,0.0037103209571532373,0.9999042435566386,0.6922013232289606,1.9889165634954384,0.2640762902540295,405,41.577019110687345,10.0,13.0,2.6379253397062206,0.0037103209571532378,0.9999042435566386,1.0,1.3992824216985893,40.0,1.0,0.0037103209571532373,0.9999042435566386,0.6922013232289606,1.9889165634954384,0.2640762902540295,True,,resolved_oscillation,1.0,380.9,9.161310939246482,0.0008302120399496927,0.972582338930181,303.72999941752977,8.32756618076616,298.24008492963003,133.2505566443686,0.6274612759254398,0.2979337924905577,1526.2752670813159,75.17144909606964,3.1391862983005594,0.019547145380778622,0.006226819157359578,0.4734503443679182,2.3333333333333335,7.001455498215909,0.8303345813811142,0.9394845947635382,40.0,80.0,0.006226819157359578,0.4734503443679182
AB,oscillator_mrna_total_half_life_min,22,0.8675713022377077,0.6969107328092301,0.6335471684261575,0.5509199571228793,0.9762191652072145,0.3486284427256984,0.980574699729904,0.08487242491476177,57.351426044754156,10.0,13.0,3.39382146561846,0.006672120325377742,1.0509199571228793,1.0,4.812247041028516,40.0,1.0,0.006672120325377742,1.0509199571228793,0.6137655984531285,4.781285797412691,0.02546172747442853,406,57.351426044754156,10.0,13.0,3.39382146561846,0.006672120325377742,1.0509199571228793,1.0,4.812247041028516,40.0,1.0,0.006672120325377742,1.0509199571228793,0.6137655984531285,4.781285797412691,0.02546172747442853,True,,resolved_oscillation,1.0,666.3333333333334,11.61842659000947,0.0007749841613221443,0.9698336778571336,374.8465296549788,11.307741167707581,1341.137121757764,115.20872953141568,0.5534017008504253,0.16707398355920908,4255.769227834188,92.73718905031144,6.656858324052477,0.07404411875683668,0.011122982517038315,0.38080426571872916,2.9,19.110289864512104,0.9738038235237384,0.993085878142409,40.0,80.0,0.011122982517038315,0.38080426571872916
AB,oscillator_mrna_total_half_life_min,23,0.8783796245132314,0.3287124873925278,0.08087632777524123,0.428318534017873,0.2832990918645446,0.8729212352329343,0.7929911185726779,0.12612542097333246,57.56759249026463,10.0,13.0,2.6574249747850556,0.001274155779124468,0.928318534017873,1.0,1.5776750863000566,40.0,1.0,0.001274155779124468,0.928318534017873,1.0856291117096408,3.1042816871889642,0.037837626291999736,407,57.56759249026463,10.0,13.0,2.6574249747850556,0.001274155779124468,0.928318534017873,1.0,1.5776750863000566,40.0,1.0,0.001274155779124468,0.928318534017873,1.0856291117096408,3.1042816871889642,0.037837626291999736,True,,resolved_oscillation,1.0,623.6666666666666,10.833641632175883,0.0008280028532779086,0.9871777054102014,550.8148843521376,7.062710711608971,553.7595392965583,280.07059554338764,0.623730625334046,0.29193512552766054,6150.45632718285,127.687765139363,8.888242420121932,0.014857812735065729,0.0016716255062338753,0.4574538991335259,3.5,29.50230091066932,0.94735331467672,0.9835726053766023,40.0,80.0,0.0016716255062338753,0.4574538991335259
AB,oscillator_mrna_total_half_life_min,24,0.39314986885056447,0.3402603413700579,0.283665563286857,0.32617748054883455,0.7517784134885256,0.13956516709130617,0.18540594859632797,0.31633641727601725,47.86299737701129,10.0,13.0,2.6805206827401156,0.0023391464148306627,0.8261774805488346,1.0,3.353285731141191,40.0,1.0,0.0023391464148306627,0.8261774805488346,0.42560865038217555,0.766259642981382,0.09490092518280517,408,47.86299737701129,10.0,13.0,2.6805206827401156,0.0023391464148306627,0.8261774805488346,1.0,3.353285731141191,40.0,1.0,0.0023391464148306627,0.8261774805488346,0.42560865038217555,0.766259642981382,0.09490092518280517,True,,resolved_oscillation,1.0,613.2857142857143,12.813357873409677,0.0007956324843512383,0.9929485861813078,902.1681135092589,6.361560702382676,983.4091746468141,488.74649631756694,0.6269508502212904,0.28949122417240614,498.28998384492496,5.577098397825065,0.833101165843977,0.002275932096637328,0.0027318796203240027,0.2823816929571206,3.3333333333333335,2.6268974230997304,0.9868431569125793,0.9961271801079205,40.0,80.0,0.0027318796203240027,0.2823816929571206
AB,oscillator_mrna_total_half_life_min,25,0.07041119244804428,0.332130848458681,0.47799425521871675,0.9860244128897545,0.7625801878670802,0.23806648353124005,0.9210385550297289,0.31793519788627744,41.40822384896089,10.0,13.0,2.664261696917362,0.004186825530905909,1.4860244128897544,1.0,3.412091565643442,40.0,1.0,0.004186825530905909,1.4860244128897544,0.514259835178116,4.168775994915668,0.09538055936588323,409,41.40822384896089,10.0,13.0,2.664261696917362,0.004186825530905909,1.4860244128897544,1.0,3.412091565643442,40.0,1.0,0.004186825530905909,1.4860244128897544,0.514259835178116,4.168775994915668,0.09538055936588323,True,,resolved_oscillation,1.0,529.0,12.775240056892102,0.0,0.9918751910621576,942.9526594886528,7.661310195775653,1246.9239543749268,391.1618886954499,0.6257088846880907,0.2779382359475672,4072.7852294896484,58.34677979870428,8.017619186630542,0.048021558977248566,0.00598950359943822,0.4383470339924461,2.7,20.8018767559733,0.8726734415215731,0.9606119131571176,40.0,80.0,0.00598950359943822,0.4383470339924461
AB,oscillator_mrna_total_half_life_min,26,0.5453222821228122,0.15880740001429594,0.7315526222870028,0.9819235271006114,0.4389299987489875,0.8995501600465765,0.7702554738662177,0.8733172195768184,50.90644564245625,10.0,13.0,2.3176148000285917,0.00894894636153274,1.4819235271006113,1.0,2.0267440332681192,40.0,1.0,0.00894894636153274,1.4819235271006113,1.1095951440419187,2.9459507236158826,0.2619951658730455,410,50.90644564245625,10.0,13.0,2.3176148000285917,0.00894894636153274,1.4819235271006113,1.0,2.0267440332681192,40.0,1.0,0.00894894636153274,1.4819235271006113,1.1095951440419187,2.9459507236158826,0.2619951658730455,True,,resolved_oscillation,1.0,424.7,8.342754923077912,0.0011373814258056228,0.9546688605797444,282.544776639895,12.808076662328041,401.0923295312786,95.75922672232561,0.6475158935719332,0.06398578093756943,3363.9532140042456,294.1750216597107,6.036667646640113,0.16803604905962588,0.027835895380649515,0.4807820484336814,2.283333333333333,14.197820828489755,0.6772167684444407,0.8942202403133025,40.0,80.0,0.027835895380649515,0.4807820484336814
AB,oscillator_mrna_total_half_life_min,27,0.5842061138530887,0.17478857874816356,0.6751111745047766,0.21103105998534566,0.6016244368617147,0.27706809452061376,0.08242795025315841,0.20941401680263994,51.684122277061775,10.0,13.0,2.349577157496327,0.007556834108004992,0.7110310599853457,1.0,2.633403662514076,40.0,1.0,0.007556834108004992,0.7110310599853457,0.5493612850685523,0.6045022958145511,0.06282420504079197,411,51.684122277061775,10.0,13.0,2.349577157496327,0.007556834108004992,0.7110310599853457,1.0,2.6334036625140755,40.0,1.0,0.007556834108004992,0.7110310599853457,0.5493612850685523,0.6045022958145511,0.06282420504079197,True,,resolved_oscillation,1.0,469.0,9.074353579728868,0.0,0.9663138825757088,318.0709671330949,10.714575948103287,444.1556075122668,115.31031380212181,0.6162046908315565,0.19551210842035102,291.82185209743534,15.600133057541091,0.5187202046326277,0.006871473654743229,0.013246975138764452,0.08664741168629193,2.4166666666666665,1.2497767836396585,0.9947625639805003,0.9983222307432448,40.0,80.0,0.013246975138764452,0.08664741168629193
AB,oscillator_mrna_total_half_life_min,28,0.5150252250115483,0.5671990511643153,0.9824233046384001,0.9901042993929583,0.03750123264512628,0.5459952500686578,0.7216872091884045,0.610060609924768,50.30050450023097,10.0,13.0,3.134398102328631,0.018974143804986826,1.4901042993929583,1.0,1.06221452735828,40.0,1.0,0.018974143804986826,1.4901042993929583,0.791395725061792,2.6342513635520346,0.1830181829774304,412,50.30050450023097,10.0,13.0,3.134398102328631,0.018974143804986826,1.4901042993929583,1.0,1.06221452735828,40.0,1.0,0.018974143804986833,1.4901042993929583,0.791395725061792,2.6342513635520346,0.1830181829774304,True,,resolved_oscillation,1.0,355.9166666666667,7.075807095832058,0.0008110750679320428,0.8632323887774564,108.06247436271774,14.779446481386255,203.85147973381487,37.96204254055055,0.5977522828377428,0.0,2079.471894629046,328.9890235188182,3.974956252899484,0.22449220601277425,0.0564766482270141,0.5147744945567652,2.0,8.71070544365452,0.8658799121124529,0.9510507745367818,40.0,80.0,0.0564766482270141,0.5147744945567652
AB,oscillator_mrna_total_half_life_min,29,0.04945339346089217,0.09762210073206024,0.7021926793540646,0.5344320235740077,0.005456539972113261,0.43951840096355876,0.716675164080167,0.8026172127841293,40.98906786921784,10.0,13.0,2.1952442014641207,0.00819546761675082,1.0344320235740077,1.0,1.0088206368627108,40.0,1.0,0.00819546761675082,1.0344320235740077,0.6955665608672028,2.604025114200645,0.2407851638352388,413,40.98906786921784,10.0,13.0,2.1952442014641207,0.00819546761675082,1.0344320235740077,1.0,1.0088206368627108,40.0,1.0,0.00819546761675082,1.0344320235740077,0.6955665608672028,2.604025114200645,0.2407851638352388,True,,resolved_oscillation,1.0,268.2,6.543208078205995,0.001543770826269249,0.8609116264498096,96.94347205435469,13.483709854348536,135.46789982533824,40.88437234486562,0.6390753169276661,0.0,1263.7120381133295,271.44669321348516,2.814481568343054,0.1351175732859144,0.04800797944662363,0.6031992890468785,1.85,5.500376678603855,0.8655554895127425,0.9406294956540373,40.0,80.0,0.04800797944662363,0.6031992890468785
AB,oscillator_mrna_total_half_life_min,30,0.23529284243979742,0.8407494147148626,0.1627078196361389,0.18400605895795552,0.39536289254803336,0.6622785865219342,0.34201139629394184,0.761506421166632,44.705856848795946,10.0,13.0,3.6814988294297253,0.0016281250333504938,0.6840060589579555,1.0,1.889499593056554,40.0,1.0,0.0016281250333504938,0.6840060589579555,0.8960507278697407,1.0989587737214994,0.2284519263499896,414,44.705856848795946,10.0,13.0,3.6814988294297253,0.0016281250333504938,0.6840060589579555,1.0,1.889499593056554,40.0,1.0,0.0016281250333504938,0.6840060589579555,0.8960507278697407,1.0989587737214994,0.2284519263499896,True,,resolved_oscillation,1.0,509.42857142857144,11.395119282727533,0.001049258941888374,0.9839060318981986,409.748805526106,6.594484205888365,423.6055868563717,294.2835983988522,0.6026360067302299,0.357920462119529,1149.092874647007,20.715522845508257,2.03376378835172,0.003947389668755127,0.0019409282884096978,0.44079093534770053,3.158333333333333,6.011496518627118,0.9092990217578004,0.9678393286220609,40.0,80.0,0.0019409282884096978,0.44079093534770053
AB,oscillator_mrna_total_half_life_min,31,0.3961908178200533,0.5858255229716866,0.8827516093406286,0.1975083502442333,0.19012612261259598,0.8533965863188613,0.9318053292379148,0.9537836951071544,47.92381635640106,10.0,13.0,3.1716510459433733,0.014076228964528923,0.6975083502442333,1.0,1.3579771324778667,40.0,1.0,0.014076228964528923,0.6975083502442333,1.0680569276869751,4.273417592722049,0.2861351085321463,415,47.92381635640106,10.0,13.0,3.1716510459433733,0.014076228964528923,0.6975083502442333,1.0,1.3579771324778667,40.0,1.0,0.014076228964528923,0.6975083502442333,1.0680569276869751,4.273417592722049,0.2861351085321463,True,,resolved_oscillation,1.0,391.54545454545456,8.170164321505602,0.0013337735422656208,0.9454771399744295,179.90428752221553,9.808896286573738,175.1441130362605,67.3143375927866,0.6244485720919433,0.27527216174183516,3056.035818685115,313.7776917701129,5.456193642857886,0.16218938949618475,0.029725739244700265,0.5356587425016663,2.6416666666666666,14.309618186283542,0.6705992922463351,0.8725861480166884,40.0,80.0,0.029725739244700265,0.5356587425016663
AB,oscillator_mrna_total_half_life_min,32,0.45544406973220386,0.8413148429729738,0.5906917281865809,0.2627126403874821,0.17892215636555375,0.7769402083886271,0.7903188624593088,0.30569927964458465,49.10888139464408,10.0,13.0,3.6826296859459475,0.005868237151616026,0.7627126403874821,1.0,1.3337094255352366,40.0,1.0,0.005868237151616026,0.7627126403874821,0.9992461875497642,3.0852393852147566,0.09170978389337539,416,49.10888139464408,10.0,13.0,3.6826296859459475,0.005868237151616026,0.7627126403874821,1.0,1.3337094255352366,40.0,1.0,0.005868237151616026,0.7627126403874821,0.9992461875497642,3.0852393852147566,0.09170978389337539,True,,resolved_oscillation,1.0,508.7142857142857,10.358905991488685,0.000959182885515267,0.9755208184597758,315.96670287351856,7.734606280306927,330.28411332372076,179.6217989025925,0.597191800056164,0.3399244612308376,3968.3357308342734,128.2461213924949,6.619874066517823,0.04961361013229985,0.00749464561316006,0.4941124194623417,3.1166666666666667,19.60472925259207,0.8993252895413466,0.9642436342733494,40.0,80.0,0.00749464561316006,0.4941124194623417
AB,oscillator_mrna_total_half_life_min,33,0.9227593837099817,0.2542365218699282,0.11984868902090784,0.21289201770014698,0.8355668240669498,0.215498302700181,0.5288499542686814,0.8553785018010519,58.455187674199635,10.0,13.0,2.5084730437398566,0.001431946325499754,0.712892017700147,1.0,3.837391830505061,40.0,1.0,0.001431946325499754,0.712892017700147,0.4939484724301629,1.6897402866206526,0.25661355054031554,417,58.455187674199635,10.0,13.0,2.5084730437398566,0.0014319463254997538,0.712892017700147,1.0,3.837391830505061,40.0,1.0,0.001431946325499754,0.712892017700147,0.4939484724301629,1.6897402866206526,0.25661355054031554,True,,resolved_oscillation,1.0,756.6,12.943248154755999,0.0007239261928432014,0.994385269150728,1084.0936832027235,6.086894246579226,1099.0722629851343,586.8979662767943,0.6380518107322231,0.3012663852477227,1244.9015216359512,12.570013213413977,1.6967446695903257,0.003093644622064372,0.0018232823579821965,0.36925127749389025,4.116666666666666,6.592565378885673,0.9117812161854232,0.9728555287086017,40.0,80.0,0.0018232823579821965,0.36925127749389025
AB,oscillator_mrna_total_half_life_min,34,0.07950435043954462,0.9662316694526888,0.37274283035622435,0.1750304734321343,0.740455434691546,0.4630627884669968,0.38130948963773503,0.5292730561158066,41.590087008790896,10.0,13.0,3.932463338905378,0.003054566630142853,0.6750304734321343,1.0,3.292730135437295,40.0,1.0,0.003054566630142853,0.6750304734321343,0.716756509620297,1.2030384113259651,0.15878191683474197,418,41.590087008790896,10.0,13.0,3.932463338905378,0.003054566630142853,0.6750304734321343,1.0,3.292730135437295,40.0,1.0,0.003054566630142853,0.6750304734321343,0.716756509620297,1.2030384113259651,0.15878191683474197,True,,resolved_oscillation,1.0,576.7142857142857,13.866628497131675,0.000846086265870663,0.9918899881297933,737.8279335031425,5.983793298880575,760.912940160711,564.108955948977,0.6113945999504583,0.36169740057764943,1037.9224303515946,9.453853402813722,1.8899791311830119,0.006388193994405026,0.0033800341437666592,0.4219062430570984,3.4916666666666667,6.188837838236279,0.9462684861152301,0.9812411636488161,40.0,80.0,0.0033800341437666592,0.4219062430570984
AB,oscillator_mrna_total_half_life_min,35,0.6334398631188464,0.44530082088652956,0.9710384632196135,0.6253248415770387,0.8421563648231983,0.12196760263835515,0.48354764822632257,0.8441290579269647,52.66879726237693,10.0,13.0,2.890601641773059,0.018337923961669205,1.1253248415770387,1.0,3.8783056951020645,40.0,1.0,0.018337923961669205,1.1253248415770387,0.4097708423745196,1.522361010310618,0.2532387173780894,419,52.66879726237693,10.0,13.0,2.890601641773059,0.018337923961669205,1.1253248415770387,1.0,3.8783056951020645,40.0,1.0,0.018337923961669212,1.1253248415770387,0.4097708423745196,1.522361010310618,0.2532387173780894,True,,steady_state,0.0,,,,,21.047024753935325,21.047004588566885,477.9786479717505,41.08868273601107,,0.0,400.04997815814704,400.0495653363097,0.5245502393950208,0.5245491803134321,0.9999979809720612,1.0,,,0.9732073895710509,0.9732074422911163,40.0,80.0,,
AB,oscillator_mrna_total_half_life_min,36,0.6761306877039921,0.05417488428145534,0.12327418220657027,0.9714779234866264,0.5876327190536634,0.6833932859140744,0.1868916785923901,0.42248977462753035,53.52261375407984,10.0,13.0,2.1083497685629107,0.0014467164135972767,1.4714779234866264,1.0,2.574765280177104,40.0,1.0,0.0014467164135972767,1.4714779234866264,0.915053957322667,0.76888552137681,0.1267469323882591,420,53.52261375407984,10.0,13.0,2.1083497685629107,0.0014467164135972767,1.4714779234866264,1.0,2.574765280177104,40.0,1.0,0.0014467164135972767,1.4714779234866264,0.915053957322667,0.76888552137681,0.1267469323882591,True,,resolved_oscillation,1.0,605.0,11.303633316186524,0.0,0.991430151577484,954.1954665879738,8.177310514110744,1107.2474892257974,388.40025493502174,0.6396694214876033,0.21173072650522107,1575.632374936087,26.904515770372715,2.5534460965141776,0.005814446871121789,0.002277097949731286,0.34036880693179294,2.8833333333333333,7.122397447122197,0.9441782228034599,0.9854595331406498,40.0,80.0,0.002277097949731286,0.34036880693179294
AB,oscillator_mrna_total_half_life_min,37,0.9942080218192769,0.6593242047859554,0.2048195830433457,0.11408570344483138,0.953321643366449,0.24995871660714786,0.24812270663075364,0.5441891502418968,59.88416043638554,10.0,13.0,3.318648409571911,0.001847040512471595,0.6140857034448314,1.0,4.638133375699187,40.0,1.0,0.001847040512471595,0.6140857034448314,0.524962844946433,0.8853045799577942,0.16325674507256904,421,59.88416043638554,10.0,13.0,3.318648409571911,0.001847040512471595,0.6140857034448314,1.0,4.638133375699187,40.0,1.0,0.001847040512471595,0.6140857034448314,0.524962844946433,0.8853045799577942,0.16325674507256904,True,,resolved_oscillation,1.0,917.0,15.312897322391647,0.0,0.9961481285970388,1401.0485553026,5.396658864330111,1442.964037309107,1025.898124429229,0.6254089422028353,0.34103532548322596,753.0691644879313,3.7903609118123622,0.9459988885854543,0.0018943473306073607,0.002002483674626685,0.34259053543656964,5.25,4.658917269647025,0.9721997201907582,0.9908755631936796,40.0,80.0,0.002002483674626685,0.34259053543656964
AB,oscillator_mrna_total_half_life_min,38,0.4452386990402637,0.45484334849897157,0.3778401004807026,0.5335265915484285,0.8226526425718126,0.7955874573466426,0.7447623325657388,0.4984037620752796,48.904773980805274,10.0,13.0,2.909686696997943,0.00310156797886956,1.0335265915484286,1.0,3.758456439552347,40.0,1.0,0.00310156797886956,1.0335265915484286,1.0160287116119782,2.778000610874619,0.14952112862258388,422,48.904773980805274,10.0,13.0,2.909686696997943,0.00310156797886956,1.0335265915484286,1.0,3.758456439552347,40.0,1.0,0.00310156797886956,1.0335265915484286,1.0160287116119782,2.7780006108746202,0.14952112862258388,True,,resolved_oscillation,1.0,682.8333333333334,13.962508723613361,0.0005978739914042416,0.994866171461157,1215.6943844459095,6.241166525379632,1217.8388426548013,653.7491282481334,0.6381498657554308,0.29637858253721394,4761.150827334488,47.19662744916468,7.509580028646934,0.032504247554201636,0.0043283708849505675,0.4110197733836925,3.85,27.31608961077185,0.801146007406417,0.9389406054322624,40.0,80.0,0.0043283708849505675,0.4110197733836925
AB,oscillator_mrna_total_half_life_min,39,0.6660332596561213,0.9549278270831529,0.6069990404660162,0.752066943141399,0.455903676713026,0.4830470007968839,0.4840801167323766,0.5658874191471764,53.32066519312242,10.0,13.0,3.909855654166306,0.006162032137168318,1.2520669431413989,1.0,2.082873981148181,40.0,1.0,0.006162032137168318,1.2520669431413989,0.7347423007171954,1.524228651865329,0.16976622574415293,423,53.32066519312242,10.0,13.0,3.909855654166306,0.006162032137168317,1.2520669431413989,1.0,2.082873981148181,40.0,1.0,0.006162032137168323,1.2520669431413989,0.7347423007171954,1.524228651865329,0.16976622574415293,True,,resolved_oscillation,1.0,729.2,13.67574836808405,0.000613293466127205,0.9910935692088433,845.6250311124304,7.531500814872579,971.4271489623594,405.36094828086226,0.6102578167855184,0.3319262386136414,2718.205155996802,36.439913815021015,3.958676367257984,0.031020026432695334,0.007835959183039167,0.42790491001999553,4.1,15.339237454709435,0.878078436648681,0.9591650656714686,40.0,80.0,0.007835959183039167,0.42790491001999553
AB,oscillator_mrna_total_half_life_min,40,0.07938517308078696,0.022029308983154694,0.46089644750850756,0.321935567576238,0.6456566044921718,0.6828149072520601,0.16781697286928776,0.6518343044389883,41.58770346161574,10.0,13.0,2.0440586179663094,0.003977773984957273,0.821935567576238,1.0,2.826796856172194,40.0,1.0,0.003977773984957273,0.821935567576238,0.9145334165268539,0.7358460741714552,0.19555029133169646,424,41.58770346161574,10.0,13.0,2.0440586179663094,0.003977773984957273,0.821935567576238,1.0,2.826796856172194,40.0,1.0,0.003977773984957273,0.821935567576238,0.9145334165268539,0.7358460741714552,0.19555029133169646,True,,resolved_oscillation,1.0,373.72727272727275,8.986484985212332,0.0012498401925239726,0.9695036896951942,338.55902615313926,10.324801118058959,431.9666138856564,132.6176436520736,0.6354901483823887,0.1919573428127083,536.1835877442879,29.56564520506325,1.1737489614727556,0.01042860990540899,0.008884872530429116,0.33859142412797155,1.9833333333333334,2.312244295205631,0.957025145284154,0.9864555762492832,40.0,80.0,0.008884872530429116,0.33859142412797155
AB,oscillator_mrna_total_half_life_min,41,0.9815064036168787,0.6484862657754508,0.8948493318150219,0.4999552130251841,0.14747383147621906,0.5872141849970318,0.30968064225549496,0.899810359527491,59.63012807233757,10.0,13.0,3.2969725315509013,0.014595730045276952,0.9999552130251841,1.0,1.2678847687047932,40.0,1.0,0.014595730045276952,0.9999552130251841,0.8284927664973285,1.0201185539311928,0.26994310785824727,425,59.63012807233757,10.0,13.0,3.2969725315509013,0.014595730045276952,0.9999552130251841,1.0,1.2678847687047932,40.0,1.0,0.014595730045276952,0.9999552130251841,0.8284927664973285,1.0201185539311928,0.26994310785824727,True,,resolved_oscillation,1.0,522.5,8.762349115972935,0.0010230095384207633,0.9488974571322137,220.36426843877678,11.26117447442095,321.2103778916828,67.07551206710212,0.5885167464114832,0.18595867584981116,1114.2114396972343,76.6312793652915,1.708405136290495,0.04448097428301444,0.02603654914056109,0.3736947345034437,2.8,4.830746816779712,0.9048549860020891,0.9701291422335588,40.0,80.0,0.02603654914056109,0.3736947345034437
AB,oscillator_mrna_total_half_life_min,42,0.2634626562834709,0.9747032019221333,0.7824072395318442,0.7109816588766164,0.537741096995794,0.31261461683648606,0.3711782882929373,0.5177094697691266,45.269253125669415,10.0,13.0,3.9494064038442667,0.010421621292670104,1.2109816588766162,1.0,2.37610099896517,40.0,1.0,0.010421621292670104,1.2109816588766162,0.5813531551528375,1.1752987997251907,0.15531284093073797,426,45.269253125669415,10.0,13.0,3.9494064038442667,0.010421621292670104,1.2109816588766162,1.0,2.37610099896517,40.0,1.0,0.010421621292670104,1.2109816588766162,0.5813531551528375,1.1752987997251907,0.15531284093073797,True,,resolved_oscillation,1.0,514.2857142857143,11.360596404319612,0.0009487917375888516,0.9723324120260532,364.4725048779244,10.084075092794729,725.7676292211926,108.24793251383365,0.5666111111111112,0.24550099977782716,1086.73353536311,30.489688398640187,2.0587968153618177,0.03096581688795489,0.015040734790777732,0.3759164630082204,2.575,5.181328579740097,0.942982970560717,0.9828084167712606,40.0,80.0,0.015040734790777732,0.3759164630082204
AB,oscillator_mrna_total_half_life_min,43,0.11902604624430946,0.7238209620991736,0.5130660887379298,0.037791826390061733,0.8529476254915114,0.9864411902014837,0.42542350137029605,0.8698764918089886,42.38052092488619,10.0,13.0,3.447641924198347,0.004650657653682553,0.5377918263900617,1.0,3.9462519135237373,40.0,1.0,0.004650657653682553,0.5377918263900617,1.1877970711813353,1.3316604629181958,0.26096294754269656,427,42.38052092488619,10.0,13.0,3.447641924198347,0.004650657653682553,0.5377918263900617,1.0,3.9462519135237373,40.0,1.0,0.004650657653682553,0.5377918263900617,1.1877970711813353,1.3316604629181958,0.26096294754269656,True,,resolved_oscillation,1.0,552.8571428571429,13.04507662463631,0.0006836566695257339,0.9901735507297205,649.1077362177468,6.378424240889636,645.3741344858103,407.6915007243665,0.6204134366925064,0.3368140413241502,1347.9187105715907,19.43359573999522,2.449019266432298,0.014209561370495671,0.0058021435622252135,0.4199066874027994,3.3583333333333334,7.752916350495112,0.8697479805063458,0.9560123350252168,40.0,80.0,0.0058021435622252135,0.4199066874027994
AB,oscillator_mrna_total_half_life_min,44,0.5856463892471487,0.31809303652452925,0.05540641720968964,0.35037645481237045,0.7992000062318403,0.26509542561439037,0.43310533966908604,0.5024287034658289,51.71292778494298,10.0,13.0,2.6361860730490587,0.0011805527868287793,0.8503764548123705,1.0,3.619235405747908,40.0,1.0,0.0011805527868287793,0.8503764548123705,0.5385858830529513,1.3554245391133992,0.15072861103974866,428,51.71292778494298,10.0,13.0,2.6361860730490587,0.0011805527868287793,0.8503764548123705,1.0,3.619235405747908,40.0,1.0,0.0011805527868287793,0.8503764548123705,0.5385858830529513,1.3554245391133992,0.15072861103974866,True,,resolved_oscillation,1.0,701.0,13.55560456594583,0.0,0.995164309955752,1172.0986036104978,5.667905548356095,1195.1380629906685,706.8181234839077,0.6333808844507846,0.3117085092201733,1255.5323154869345,9.79760100996102,1.9038806339165524,0.0026490112294954076,0.0013913746388848002,0.38169295712063983,3.85,6.913626848258427,0.9491057700619251,0.9840865104625178,40.0,80.0,0.0013913746388848002,0.38169295712063983
AB,oscillator_mrna_total_half_life_min,45,0.5735089914149888,0.2349033339983554,0.05175284264692048,0.5805394677833117,0.20305587426584715,0.9217209976436966,0.7921983999214777,0.4085949628878395,51.47017982829978,10.0,13.0,2.4698066679967106,0.0011677019370594456,1.0805394677833116,1.0,1.3865322175211865,40.0,1.0,0.0011677019370594456,1.0805394677833116,1.1295488978793269,3.0986206033196844,0.12257848886635184,429,51.47017982829978,10.0,13.0,2.4698066679967106,0.0011677019370594456,1.0805394677833116,1.0,1.3865322175211865,40.0,1.0,0.0011677019370594456,1.0805394677833116,1.1295488978793269,3.0986206033196844,0.12257848886635184,True,,resolved_oscillation,1.0,504.625,9.804220651324453,0.001025611433255914,0.9825670196424372,440.03236408832265,7.671075559843649,405.42289117339925,199.8997733511324,0.6380975972256626,0.2943790268829149,5320.102639194678,182.1980008257614,8.718217352197623,0.01813905488413233,0.0020805921843139153,0.49566762941568543,2.9833333333333334,24.754248109307444,0.816551863139361,0.9375138737124001,40.0,80.0,0.0020805921843139153,0.49566762941568543
AB,oscillator_mrna_total_half_life_min,46,0.9964774922142574,0.7068669270486545,0.375212687785102,0.3997873384363825,0.2760036913057786,0.06723370737678591,0.5138327539551703,0.3768147788965731,59.92954984428515,10.0,13.0,3.413733854097309,0.003077251283941284,0.8997873384363825,1.0,1.5592591502284827,40.0,1.0,0.003077251283941284,0.8997873384363825,0.3605103366391073,1.6323104399164237,0.11304443366897193,430,59.92954984428515,10.0,13.0,3.413733854097309,0.003077251283941284,0.8997873384363825,1.0,1.5592591502284827,40.0,1.0,0.003077251283941284,0.8997873384363825,0.3605103366391073,1.6323104399164237,0.11304443366897193,True,,resolved_oscillation,1.0,732.6,12.2243534600796,0.0007476420386365904,0.9892637936356301,619.1777898770017,6.6476205283539525,644.0728990769763,385.61199928309486,0.6101556101556102,0.34547878249277936,1264.789517011123,17.7037966083391,1.6725189795830029,0.005858047043868146,0.0035025294871862626,0.40902021772939345,4.233333333333333,6.683042480548744,0.9678931276608803,0.9891235420988829,40.0,80.0,0.0035025294871862626,0.40902021772939345
AB,oscillator_mrna_total_half_life_min,47,0.36135447392295206,0.6878005187327936,0.4760701006722087,0.3537843335240982,0.4380355721817345,0.6317049050261032,0.22250865784072882,0.07781224274133436,47.22708947845904,10.0,13.0,3.375601037465587,0.004162761037524378,0.8537843335240982,1.0,2.02382858546723,40.0,1.0,0.004162761037524378,0.8537843335240982,0.8685344145234928,0.8346005415478409,0.023343672822400307,431,47.22708947845904,10.0,13.0,3.375601037465587,0.004162761037524378,0.8537843335240982,1.0,2.02382858546723,40.0,1.0,0.004162761037524378,0.8537843335240982,0.8685344145234928,0.8346005415478409,0.023343672822400307,True,,resolved_oscillation,1.0,575.0,12.175215672824086,0.0,0.9881880529538545,580.4412882073475,6.8561417597017025,629.7751695538811,342.0008020144115,0.608,0.33414796711841815,1174.2454908558248,18.26642160236877,1.9805721409379136,0.009263518666288112,0.004677193258863729,0.4134636747389469,3.316666666666667,6.189310879486616,0.9928698656494832,0.9976245799215885,40.0,80.0,0.004677193258863729,0.4134636747389469
AB,oscillator_mrna_total_half_life_min,48,0.14462614962212772,0.2012148931522557,0.5951396450376651,0.09776566282190036,0.42573084007812745,0.5655754693836429,0.46791123586759553,0.8616507708534276,42.89252299244255,10.0,13.0,2.4024297863045114,0.005946953323288362,0.5977656628219004,1.0,1.9841435389646762,40.0,1.0,0.005946953323288362,0.5977656628219004,0.8090179224452785,1.4685246480052399,0.25849523125602825,432,42.89252299244255,10.0,13.0,2.4024297863045114,0.005946953323288362,0.5977656628219004,1.0,1.9841435389646762,40.0,1.0,0.005946953323288362,0.5977656628219004,0.8090179224452785,1.4685246480052399,0.25849523125602825,True,,resolved_oscillation,1.0,351.25,8.189072954787214,0.001287592930581197,0.9514901159168044,202.86710155255602,9.841059580608343,238.49865778861783,82.39182114220236,0.6256227758007118,0.25149966674072427,743.3844587513332,59.37226119968693,1.5536766312162977,0.018608472022915063,0.011977056003183491,0.4296822928238169,2.1166666666666667,3.2561008641153166,0.9184209115348192,0.9704242408193888,40.0,80.0,0.011977056003183491,0.4296822928238169
AB,oscillator_mrna_total_half_life_min,49,0.40497024324456166,0.8760220927708037,0.29672674234775864,0.5899843875985493,0.30005671350206164,0.30095928254761795,0.4587922640517281,0.5060696597871368,48.099404864891234,10.0,13.0,3.7520441855416076,0.0024324862403586806,1.0899843875985493,1.0,1.6208045318900657,40.0,1.0,0.0024324862403586806,1.0899843875985493,0.5708633542928561,1.4380111993712392,0.15182089793614104,433,48.099404864891234,10.0,13.0,3.7520441855416076,0.0024324862403586806,1.0899843875985493,1.0,1.6208045318900657,40.0,1.0,0.0024324862403586806,1.0899843875985493,0.5708633542928561,1.4380111993712392,0.15182089793614104,True,,resolved_oscillation,1.0,618.0,12.848391819731042,0.0,0.9905628065121422,659.4770421770122,6.223612447824671,660.8189994767382,476.6574005466787,0.610032362459547,0.3328149300155521,1741.6599962073465,19.46741990392769,2.796675383669294,0.007820953230652955,0.0027965180643853304,0.4105754276827372,3.716666666666667,9.722335602156182,0.92460098450622,0.9755330236010616,40.0,80.0,0.0027965180643853304,0.4105754276827372
AB,oscillator_mrna_total_half_life_min,50,0.9975856292646897,0.5657544237723552,0.30706557444850346,0.4275679161838194,0.26759457377091833,0.5557163730357745,0.7210217811166746,0.015263045840949063,59.95171258529379,10.0,13.0,3.13150884754471,0.0025090049780829666,0.9275679161838194,1.0,1.538298371877973,40.0,1.0,0.0025090049780829666,0.9275679161838194,0.8001447357321969,2.630218241651227,0.0045789137522847185,434,59.95171258529379,10.0,13.0,3.13150884754471,0.0025090049780829666,0.9275679161838194,1.0,1.538298371877973,40.0,1.0,0.0025090049780829666,0.9275679161838194,0.8001447357321969,2.630218241651227,0.0045789137522847185,True,,resolved_oscillation,1.0,711.8,11.872888518193976,0.000628285467125538,0.9890637119205424,613.9203546306484,6.714009856083529,648.2507984651398,359.0784066930994,0.6119696543973026,0.3439235725394357,4612.944406258478,68.48797826240659,6.20113176516103,0.017640293796065343,0.0028446893993079444,0.4690068873583648,4.016666666666667,23.57198068255427,0.995703585098675,0.9985224543525878,40.0,80.0,0.0028446893993079444,0.4690068873583648
AB,oscillator_mrna_total_half_life_min,51,0.9268934724441079,0.6010086289668761,0.8318839924281232,0.564140076180349,0.8285814688945923,0.37544963365442785,0.22895891173032745,0.47424948218286234,58.53786944888216,10.0,13.0,3.2020172579337522,0.012086652251044236,1.064140076180349,1.0,3.7944915751472648,40.0,1.0,0.012086652251044236,1.064140076180349,0.637904670288985,0.8470887540115423,0.1422748446548587,435,58.53786944888216,10.0,13.0,3.2020172579337522,0.012086652251044234,1.064140076180349,1.0,3.7944915751472648,40.0,1.0,0.012086652251044236,1.064140076180349,0.637904670288985,0.8470887540115423,0.1422748446548587,True,,resolved_oscillation,1.0,388.72727272727275,6.6406119045163825,0.01371365226355614,0.4832101082715095,53.18697215656484,27.486489582157382,171.40121545549457,34.902329074755016,0.6141838166510758,0.0,127.19633177666233,54.16421823694338,0.1941731495829298,0.047103604927784586,0.24258557390123092,0.0,2.6166666666666667,0.6129760892252631,0.9951488045134341,0.997566193573362,40.0,80.0,0.24258557390123092,0.0
AB,oscillator_mrna_total_half_life_min,52,0.14798006523291785,0.030678042283148188,0.974311847035165,0.29119072017962766,0.4805175463400232,0.5388037075942974,0.6223009687936307,0.9397471766847376,42.95960130465836,10.0,13.0,2.061356084566296,0.018518633560568088,0.7911907201796277,1.0,2.1670421141369083,40.0,1.0,0.018518633560568088,0.7911907201796277,0.7849233368348676,2.095419461334317,0.2819241530054213,436,42.95960130465836,10.0,13.0,2.061356084566296,0.018518633560568088,0.7911907201796277,1.0,2.1670421141369083,40.0,1.0,0.018518633560568088,0.7911907201796277,0.7849233368348676,2.095419461334317,0.2819241530054213,True,,resolved_oscillation,1.0,272.8125,6.350443014246908,0.006721510495630606,0.6134454932140281,61.02428905071367,23.58921395596321,133.978770941189,34.41491853522095,0.6460481099656358,0.0,529.1543774262921,241.6479241851668,1.0544494040432348,0.26471105919007515,0.2510419733512613,0.5443234836702955,2.066666666666667,2.6650921748152028,0.9376455664273283,0.9651230281744054,40.0,80.0,0.2510419733512613,0.5443234836702955
AB,oscillator_mrna_total_half_life_min,53,0.9465837550526778,0.5897803298867728,0.4516407049781953,0.47750599276686445,0.01576438431416216,0.1308974079005698,0.5193037732229046,0.09603869403120302,58.93167510105356,10.0,13.0,3.1795606597735455,0.0038689944295550852,0.9775059927668645,1.0,1.0256964012867482,40.0,1.0,0.0038689944295550852,0.9775059927668645,0.4178076671105128,1.6530035168600712,0.028811608209360906,437,58.93167510105356,10.0,13.0,3.1795606597735455,0.0038689944295550857,0.9775059927668645,1.0,1.0256964012867482,40.0,1.0,0.0038689944295550852,0.9775059927668645,0.4178076671105128,1.6530035168600712,0.028811608209360906,True,,resolved_oscillation,1.0,606.8571428571429,10.297639458178132,0.0006228228133391219,0.9794849702172433,376.1638086489739,7.717011737628872,404.8027629554986,194.3197559017285,0.6031073446327684,0.2934903354810042,1418.011980999405,39.44886589448011,2.020433400663018,0.009440224369765956,0.004672375920269427,0.39413463674738947,3.4833333333333334,6.692584148257785,0.9909720699668813,0.9971893119705799,40.0,80.0,0.004672375920269427,0.39413463674738947
AB,oscillator_mrna_total_half_life_min,54,0.26707177914853697,0.4436206392795494,0.17817196494572562,0.8842841371519518,0.6697570516959428,0.5249468382666946,0.10848811210481324,0.5642563382340674,45.34143558297074,10.0,13.0,2.887241278559099,0.001705324654201179,1.3842841371519516,1.0,2.9385973954019224,40.0,1.0,0.001705324654201179,1.3842841371519516,0.7724521544400251,0.641886314712119,0.1692769014702202,438,45.34143558297074,10.0,13.0,2.887241278559099,0.0017053246542011787,1.3842841371519516,1.0,2.9385973954019224,40.0,1.0,0.001705324654201179,1.3842841371519516,0.7724521544400251,0.641886314712119,0.1692769014702202,True,,resolved_oscillation,1.0,656.3333333333334,14.475354052967788,0.0007867919443793636,0.9960056012450045,1399.782073854219,5.591287773068422,1424.3854962750052,892.0178965520627,0.63268156424581,0.30637636080870917,1251.479659640248,7.8734633086455235,2.120632289161374,0.004208873719080109,0.001984725848319772,0.37391690735392136,3.65,7.271931740135864,0.9349141753375968,0.9803062447212816,40.0,80.0,0.001984725848319772,0.37391690735392136
AB,oscillator_mrna_total_half_life_min,55,0.03934806720952966,0.7974544171486171,0.9613679503326873,0.09528084265622816,0.7522871001986658,0.9500335252854892,0.896934550896485,0.9868204735962427,40.786961344190594,10.0,13.0,3.594908834297234,0.01781429091501406,0.5952808426562282,1.0,3.356032189194421,40.0,1.0,0.01781429091501406,0.5952808426562282,1.1550301727569403,3.943706218379895,0.2960461420788728,439,40.786961344190594,10.0,13.0,3.594908834297234,0.01781429091501406,0.5952808426562282,1.0,3.356032189194421,40.0,1.0,0.01781429091501406,0.5952808426562282,1.1550301727569403,3.943706218379895,0.2960461420788728,True,,resolved_oscillation,1.0,367.6363636363636,9.013575699694215,0.0013723478660248871,0.9336882976478602,168.98284117692617,11.205539866743248,292.5362758187822,53.013932675909025,0.607257665677547,0.20573205954232393,2064.195165984708,171.3208154103773,4.440714732338607,0.1726309931193767,0.03887459643877288,0.46211952899355696,2.1,9.578230021480177,0.7187142601904316,0.9026719920102824,40.0,80.0,0.03887459643877288,0.46211952899355696
AB,oscillator_mrna_total_half_life_min,56,0.8516256211406352,0.03206752876612384,0.37451105081748515,0.9271816890983423,0.18434652626386017,0.5778246572201604,0.8284226050920022,0.9634675135066714,57.0325124228127,10.0,13.0,2.0641350575322477,0.0030707899516370578,1.4271816890983424,1.0,1.3454039309755734,40.0,1.0,0.0030707899516370578,1.4271816890983424,0.8200421914981444,3.368159189736131,0.2890402540520014,440,57.0325124228127,10.0,13.0,2.0641350575322477,0.003070789951637058,1.4271816890983424,1.0,1.3454039309755734,40.0,1.0,0.0030707899516370578,1.4271816890983424,0.8200421914981444,3.368159189736131,0.2890402540520014,True,,resolved_oscillation,1.0,477.25,8.368033946354826,0.0009699529594264551,0.9704038658983406,351.5258494660589,10.403806180997194,344.3836311765153,129.5576116389251,0.6673651126244107,0.21084203510331037,3675.6019119179746,275.9870687861907,5.669208352065659,0.05898318874393719,0.010404131420297122,0.5256609642301711,2.85,15.92082970281839,0.6528514431577176,0.8721682231624073,40.0,80.0,0.010404131420297122,0.5256609642301711
AB,oscillator_mrna_total_half_life_min,57,0.8296311980119584,0.33407868225380877,0.1063301011098382,0.7176518981589709,0.35440096908058727,0.11947963965489417,0.2941963935788431,0.10802242958869912,56.592623960239166,10.0,13.0,2.6681573645076178,0.0013751138332981391,1.2176518981589708,1.0,1.7689503637310602,40.0,1.0,0.0013751138332981391,1.2176518981589708,0.40753167568940474,0.9843881972846089,0.03240672887660973,441,56.592623960239166,10.0,13.0,2.6681573645076178,0.0013751138332981391,1.2176518981589708,1.0,1.7689503637310602,40.0,1.0,0.0013751138332981391,1.2176518981589708,0.40753167568940474,0.9843881972846089,0.03240672887660973,True,,resolved_oscillation,1.0,692.2,12.231275943068583,0.0006460756941634757,0.9924540162708213,855.1781748956769,6.453160593311463,891.7948319134356,464.03963854045566,0.6258306847731869,0.2999333481448567,1052.5878010661315,12.434114260029334,1.5093296030520822,0.0024384993483306237,0.001615617518797502,0.36280826483003775,3.7333333333333334,5.327745613533041,0.9923861191910833,0.9976685493568317,40.0,80.0,0.001615617518797502,0.36280826483003775
AB,oscillator_mrna_total_half_life_min,58,0.8175887117605869,0.1733204554271618,0.2545619395517319,0.5238700721010965,0.37460195343172786,0.8290791619985357,0.35620338254456996,0.08649524189862356,56.351774235211735,10.0,13.0,2.3466409108543234,0.002143841724452986,1.0238700721010965,1.0,1.827408030239152,40.0,1.0,0.002143841724452986,1.0238700721010965,1.046171245798682,1.1354640456404972,0.025948572569587068,442,56.351774235211735,10.0,13.0,2.3466409108543234,0.002143841724452986,1.0238700721010965,1.0,1.827408030239152,40.0,1.0,0.002143841724452986,1.0238700721010965,1.046171245798682,1.1354640456404972,0.025948572569587068,True,,resolved_oscillation,1.0,583.1428571428571,10.348260814447913,0.0006481507376444366,0.9856938574213848,568.3543330438062,8.1309581236984,620.7407702430927,238.29573515231974,0.6293483586477218,0.25105532103976896,2100.20579317483,53.28778572771432,3.239216480395461,0.009985506769414189,0.0030826920120495013,0.39968895800933124,3.033333333333333,9.449245937146816,0.9870027585736302,0.9961703795913719,40.0,80.0,0.0030826920120495013,0.39968895800933124
AB,oscillator_mrna_total_half_life_min,59,0.7632201581925808,0.41076796078383804,0.9080229332326699,0.6981208695971955,0.8698285977066468,0.0023260163113936194,0.593721283602114,0.15498968034379434,55.26440316385162,10.0,13.0,2.8215359215676763,0.015183261534167925,1.1981208695971954,1.0,4.054936884015125,40.0,1.0,0.015183261534167925,1.1981208695971954,0.30209341468025425,1.9619651459925174,0.0464969041031383,443,55.26440316385162,10.0,13.0,2.8215359215676763,0.015183261534167925,1.1981208695971954,1.0,4.054936884015125,40.0,1.0,0.015183261534167925,1.1981208695971954,0.30209341468025425,1.9619651459925174,0.0464969041031383,True,,steady_state,0.0,,,,,29.653867628315155,29.652612862803103,275.49688764933757,41.165949095334774,,0.0,209.53128561739643,209.45515246936284,0.26175363051842127,0.2617294239432245,0.9999075215302695,0.0,,,0.9980774649269774,0.9980774804165075,40.0,80.0,,
AB,oscillator_mrna_total_half_life_min,60,0.8280144790383384,0.1290319770518289,0.27037002179377156,0.05826084057960823,0.4730665189224943,0.6363897540415864,0.7583621634069664,0.7263645287172044,56.560289580766764,10.0,13.0,2.258063954103658,0.0022478095306631353,0.5582608405796082,1.0,2.141210215946508,40.0,1.0,0.0022478095306631353,0.5582608405796082,0.8727507786374276,2.8663694586221045,0.2179093586151613,444,56.560289580766764,10.0,13.0,2.258063954103658,0.0022478095306631353,0.5582608405796082,1.0,2.141210215946508,40.0,1.0,0.0022478095306631353,0.5582608405796082,0.8727507786374276,2.8663694586221045,0.2179093586151613,True,,resolved_oscillation,1.0,492.5,8.707522603764636,0.0010853248402535002,0.9699112364964301,303.525007518961,9.132692168657284,317.72904723359835,123.10382531638714,0.6375634517766497,0.24794490113308154,1930.6812721911383,110.6213150630196,3.0207123552439485,0.015357279077176333,0.005083992539215505,0.4503443679182404,2.875,8.445635492253919,0.8732325387643053,0.9573892044564618,40.0,80.0,0.005083992539215505,0.4503443679182404
AB,oscillator_mrna_total_half_life_min,61,0.9131071740257232,0.3467664824287139,0.6967110274247541,0.42067994138386644,0.872484066189242,0.5978871921920309,0.8383470861435001,0.23413978590216944,58.26214348051447,10.0,13.0,2.693532964857428,0.008061984242855116,0.9206799413838664,1.0,4.072304005983994,40.0,1.0,0.008061984242855116,0.9206799413838664,0.8380984729728278,3.4460144203111054,0.07024193577065083,445,58.26214348051447,10.0,13.0,2.693532964857428,0.008061984242855116,0.9206799413838664,1.0,4.072304005983994,40.0,1.0,0.008061984242855123,0.9206799413838664,0.8380984729728278,3.4460144203111054,0.07024193577065083,True,,resolved_oscillation,1.0,582.8571428571429,10.004045646759925,0.0006484684585942623,0.9637818789609156,341.62953760846466,12.373179943629777,816.3058241535381,113.22957056960723,0.5871936274509804,0.08820262163963563,3014.5758986527953,121.61420480868574,4.8384712978616795,0.07839022293690781,0.01620144423953733,0.3681404132415019,2.6,12.797633115179947,0.944942775483958,0.9860811130911894,40.0,80.0,0.01620144423953733,0.3681404132415019
AB,oscillator_mrna_total_half_life_min,62,0.6035793947217766,0.801443232262474,0.719759264994655,0.17571134764486795,0.6756414713726576,0.7688117586288268,0.1640253001230495,0.2529447290764799,52.07158789443553,10.0,13.0,3.602886464524948,0.008638302203949583,0.675711347644868,1.0,2.9665599017253084,40.0,1.0,0.008638302203949583,0.675711347644868,0.9919305827659439,0.729449623488276,0.07588341872294398,446,52.07158789443553,10.0,13.0,3.602886464524948,0.008638302203949583,0.675711347644868,1.0,2.9665599017253084,40.0,1.0,0.008638302203949583,0.675711347644868,0.9919305827659439,0.729449623488276,0.07588341872294398,True,,resolved_oscillation,1.0,635.1666666666666,12.197950789484985,0.0006427419949575383,0.9843997174831012,534.7096484806506,8.341621580809838,723.5173480730488,216.10847730157707,0.595434269220677,0.29637858253721394,919.0828322591849,19.102532118658313,1.4378929393415572,0.015176644335635182,0.010554780484967748,0.37036214174627863,3.433333333333333,4.743956366640704,0.9822161287901441,0.9943872958347999,40.0,80.0,0.010554780484967748,0.37036214174627863
AB,oscillator_mrna_total_half_life_min,63,0.23882183258880485,0.795319499099534,0.45777040814547443,0.27872231544097936,0.9945140096130656,0.47539633003037374,0.4496059197472574,0.48745477977191454,44.776436651776095,10.0,13.0,3.590638998199068,0.003940696898888916,0.7787223154409794,1.0,4.956047517122852,40.0,1.0,0.003940696898888916,0.7787223154409794,0.7278566970273364,1.4079133405994118,0.14623643393157434,447,44.776436651776095,10.0,13.0,3.590638998199068,0.003940696898888916,0.7787223154409794,1.0,4.956047517122852,40.0,1.0,0.003940696898888916,0.7787223154409794,0.7278566970273364,1.4079133405994118,0.14623643393157434,True,,resolved_oscillation,1.0,692.0,15.454557167682776,0.0,0.9948902784255167,1237.5683257537744,6.323629574001241,1379.2284281141458,770.209655734763,0.6228323699421965,0.3241501888469229,1486.437205114478,11.118309613758134,2.495828963924055,0.011297292924490438,0.0045264691963219795,0.3925794267940458,3.966666666666667,9.330031038523114,0.9356108905743984,0.9794935676144443,40.0,80.0,0.0045264691963219795,0.3925794267940458
AB,c31_translation_scale,0,0.6523163084985453,0.36929077709565117,0.476552141139271,0.7731966058510996,0.7192846536989712,0.19973009557989685,0.6932516039832075,0.976099650949025,53.046326169970904,10.0,13.0,2.7385815541913026,0.004168776674083898,1.2731966058510995,1.0,3.1824266125417027,40.0,1.0,0.004168776674083898,1.2731966058510995,0.47975708602190714,2.4672980091946712,0.2928298952847075,448,53.046326169970904,10.0,13.0,2.7385815541913026,0.004168776674083898,1.2731966058510995,1.0,3.1824266125417027,40.0,1.0,0.004168776674083898,1.2731966058510995,0.47975708602190714,2.4672980091946712,0.2928298952847075,True,,resolved_oscillation,1.0,669.0,12.61161796306858,0.0,0.9920094052521937,959.0116952992344,7.663073815542761,1165.786339104891,388.6667697799702,0.6322869955156951,0.24927793823594757,2257.020395274958,34.40923593491459,3.44426994236994,0.022586366442253085,0.006557664416602554,0.3654743390357698,3.5,11.496023293136705,0.7851831575804867,0.9393663099619257,40.0,80.0,0.006557664416602554,0.3654743390357698
AB,c31_translation_scale,1,0.551410633705412,0.5182907415863287,0.4330535974015236,0.8524225710498768,0.26499487736458205,0.691664712700726,0.13139037206848947,0.4556181454269522,51.02821267410824,10.0,13.0,3.0365814831726574,0.003659449176687233,1.352422571049877,1.0,1.5318755008177272,40.0,1.0,0.003659449176687233,1.352422571049877,0.9224982414306533,0.6766442200719431,0.13668544362808566,449,51.02821267410824,10.0,13.0,3.0365814831726574,0.003659449176687233,1.352422571049877,1.0,1.5318755008177272,40.0,1.0,0.003659449176687233,1.352422571049877,0.9224982414306533,0.6766442200719431,0.13668544362808566,True,,resolved_oscillation,1.0,620.0,12.150141412156271,0.0,0.9902942816352621,714.1857183485646,6.93168544240911,744.2818016049143,372.66501970925896,0.6209677419354839,0.2986003110419907,1578.3692302764748,23.936782470844566,2.486711639725491,0.011113975496568024,0.004469346312222554,0.38880248833592534,3.466666666666667,8.14633995455821,0.9406995132972911,0.981862511914981,40.0,80.0,0.004469346312222554,0.38880248833592534
AB,c31_translation_scale,2,0.527858875741076,0.7885110022666142,0.8313783726110382,0.8936092939302647,0.41701061288961905,0.331031166249669,0.16799844493272076,0.8898534260437165,50.55717751482152,10.0,13.0,3.5770220045332284,0.012068358437822065,1.3936092939302647,1.0,1.9564912497760165,40.0,1.0,0.012068358437822065,1.3936092939302647,0.597928049624702,0.7361536152849883,0.26695602781311495,450,50.55717751482152,10.0,13.0,3.5770220045332284,0.012068358437822065,1.3936092939302647,1.0,1.9564912497760165,40.0,1.0,0.012068358437822065,1.3936092939302647,0.597928049624702,0.7361536152849883,0.26695602781311495,True,,resolved_oscillation,1.0,473.0,9.35574379842177,0.0,0.9388138852303145,204.46286625051027,12.510288400542578,512.6186866859805,59.72353031146694,0.5560253699788583,0.11108642523883581,600.4376094531407,32.48634901369531,1.1170555044511754,0.026677525785190993,0.023882005575271772,0.3157076205287714,2.25,2.5638121551953974,0.9387277137823833,0.9814800327440811,40.0,80.0,0.023882005575271772,0.3157076205287714
AB,c31_translation_scale,3,0.13384197899943828,0.2102493009055516,0.002416419738390796,0.4342247396574749,0.8048933820835706,0.47792693670353503,0.6383509037943887,0.39924093577650477,42.676839579988766,10.0,13.0,2.4204986018111034,0.001007265211108215,0.9342247396574749,1.0,3.652551354327981,40.0,1.0,0.001007265211108215,0.9342247396574749,0.7301342430331814,2.174307220769696,0.11977228073295143,451,42.676839579988766,10.0,13.0,2.4204986018111034,0.001007265211108215,0.9342247396574749,1.0,3.652551354327981,40.0,1.0,0.001007265211108215,0.9342247396574749,0.7301342430331814,2.174307220769696,0.11977228073295143,True,,resolved_oscillation,1.0,544.7142857142857,12.76369785286779,0.0008957907829320394,0.9940415107689938,994.7333539065725,5.927107976975025,1000.361067497317,548.9964316860861,0.6397849462365592,0.29482337258387026,2264.996240044547,24.233031936980975,4.233126933274289,0.005514769881677761,0.0013027650643615669,0.4163519217951566,3.0,12.005247010295827,0.9132434651240239,0.9733694826200951,40.0,80.0,0.0013027650643615669,0.4163519217951566
AB,c31_translation_scale,4,0.29839124245100024,0.4014372245417077,0.7407632727886166,0.973170057651865,0.9917832957867231,0.5398995554855364,0.6163105529447619,0.23802648392585535,45.967824849020005,10.0,13.0,2.8028744490834154,0.009199309651474802,1.4731700576518652,1.0,4.934313906381904,40.0,1.0,0.009199309651474802,1.4731700576518652,0.7859095999369827,2.0667148369348385,0.0714079451777566,452,45.967824849020005,10.0,13.0,2.8028744490834154,0.009199309651474802,1.4731700576518652,1.0,4.934313906381904,40.0,1.0,0.009199309651474802,1.4731700576518652,0.7859095999369827,2.0667148369348385,0.0714079451777566,True,,resolved_oscillation,1.0,394.7,8.586440652703946,0.0012238304827454976,0.8389355024754637,124.02641635175303,19.97625242946404,527.7353967854566,60.28660150576632,0.5695464910058272,0.0,909.3982513954566,100.56566102597945,1.9935404656452003,0.0942975190226052,0.04730153244824466,0.3554765607642746,1.675,3.917470568921556,0.9769098765019298,0.9931434596712791,40.0,80.0,0.04730153244824466,0.3554765607642746
AB,c31_translation_scale,5,0.43609826489132697,0.9283144976343863,0.4369071057473428,0.6793096803954553,0.4457193604870616,0.27376950690605395,0.30683681880373526,0.2464707225199041,48.72196529782654,10.0,13.0,3.856628995268773,0.003701938928909887,1.1793096803954553,1.0,2.0490118182911075,40.0,1.0,0.003701938928909887,1.1793096803954553,0.5463925562154486,1.0134604919955046,0.07394121675597122,453,48.72196529782654,10.0,13.0,3.856628995268773,0.003701938928909887,1.1793096803954553,1.0,2.0490118182911075,40.0,1.0,0.003701938928909887,1.1793096803954553,0.5463925562154486,1.0134604919955046,0.07394121675597122,True,,resolved_oscillation,1.0,690.8,14.178410000033724,0.0006473850542848262,0.9931295906526966,927.879200159387,6.374909929943425,976.9500582149426,633.2435397719971,0.6132020845396642,0.33325927571650743,1374.1913186083289,11.991133895770023,2.1488421885522784,0.00868653437659839,0.004042425461895225,0.39591201955121086,4.016666666666667,8.106178494616328,0.9741576391001802,0.9916380381527599,40.0,80.0,0.004042425461895225,0.39591201955121086
AB,c31_translation_scale,6,0.2794490958047151,0.8625034418378221,0.8867248432919269,0.4437347746393657,0.4617652819142606,0.002820966787455248,0.3697961343740416,0.12011926120459937,45.588981916094305,10.0,13.0,3.7250068836756443,0.014244775826231116,0.9437347746393657,1.0,2.1026165626639304,40.0,1.0,0.014244775826231116,0.9437347746393657,0.3025388701087097,1.1715643252354049,0.03603577836137981,454,45.588981916094305,10.0,13.0,3.7250068836756443,0.014244775826231116,0.9437347746393657,1.0,2.1026165626639304,40.0,1.0,0.014244775826231116,0.9437347746393657,0.3025388701087097,1.1715643252354049,0.03603577836137981,True,,resolved_oscillation,1.0,454.0,9.958546581180048,0.0,0.9542290252958057,238.90314481247526,10.93482979796429,458.77006610406,71.45142643095143,0.5622246696035242,0.21550766496334148,402.66339672286506,18.91204170939047,0.7903485961860681,0.017144025889602933,0.02169172688144662,0.26594090202177295,2.316666666666667,1.842970587642834,0.9955498842646187,0.9986215261336098,40.0,80.0,0.02169172688144662,0.26594090202177295
AB,c31_translation_scale,7,0.9184594597167923,0.49622080261620993,0.0015575791320572296,0.7098664043105585,0.9560701223241277,0.6930610959975307,0.9611080662365922,0.35699789581469954,58.369189194335846,10.0,13.0,2.99244160523242,0.001004676993224574,1.2098664043105585,1.0,4.658695632716976,40.0,1.0,0.001004676993224574,1.2098664043105585,0.9237549863977776,4.571703650645531,0.10709936874440985,455,58.369189194335846,10.0,13.0,2.99244160523242,0.001004676993224574,1.2098664043105585,1.0,4.658695632716976,40.0,1.0,0.001004676993224574,1.2098664043105585,0.9237549863977776,4.571703650645531,0.10709936874440985,True,,resolved_oscillation,1.0,977.0,16.73828287638452,0.0,0.9982733289069209,2678.6533459582965,4.625153300845993,2241.863485294687,2004.0951114735603,0.6489252814738997,0.3412574983337036,10575.001043689765,35.00398156625013,13.329298407069597,0.01844253167233321,0.001383608582320556,0.4441235281048656,5.683333333333334,71.2243061064868,0.7591921171871521,0.9187620013921723,40.0,80.0,0.001383608582320556,0.4441235281048656
AB,c31_translation_scale,8,0.30358690650228426,0.5048124943431317,0.9217794243662824,0.25378836310641073,0.48115780150084886,0.25749265166909796,0.9266438061402799,0.37517357399106444,46.07173813004569,10.0,13.0,3.009624988686263,0.015822047372292144,0.7537883631064107,1.0,2.169276295607102,40.0,1.0,0.015822047372292144,0.7537883631064107,0.5317433865021881,4.2229292992192535,0.11255207219731933,456,46.07173813004569,10.0,13.0,3.009624988686263,0.015822047372292144,0.7537883631064107,1.0,2.169276295607102,40.0,1.0,0.015822047372292144,0.7537883631064107,0.5317433865021881,4.2229292992192535,0.11255207219731933,True,,resolved_oscillation,1.0,392.1818181818182,8.512416377146769,0.0010314601511955024,0.9334988163639623,178.67363593573137,11.882008274280635,303.41019736572036,59.56332557057876,0.5902874362540566,0.15529882248389246,1629.451450113562,136.64029107656333,3.2591224174419366,0.09832974007037412,0.030170618797299573,0.4363474783381471,2.1333333333333333,7.179865577248169,0.9377426090369138,0.9797869825880251,40.0,80.0,0.030170618797299573,0.4363474783381471
AB,c31_translation_scale,9,0.932509762265573,0.6848542803973867,0.545033930508929,0.7217621395502537,0.9406082623381035,0.7916621458442011,0.9437489081058605,0.8804158591471485,58.650195245311465,10.0,13.0,3.3697085607947734,0.005118061406490561,1.2217621395502536,1.0,4.544195017836997,40.0,1.0,0.005118061406490561,1.2217621395502536,1.012495931259781,4.3925722383088575,0.2641247577441445,457,58.650195245311465,10.0,13.0,3.3697085607947734,0.005118061406490561,1.2217621395502536,1.0,4.544195017836997,40.0,1.0,0.005118061406490561,1.2217621395502536,1.012495931259781,4.3925722383088575,0.2641247577441445,True,,resolved_oscillation,1.0,728.2,12.415985947774194,0.0006141356708321312,0.987358750304931,704.4611743107822,8.905269604944138,1190.706306086959,222.5527545456063,0.6234550947541884,0.2466118640302155,6064.364355808023,122.5617845666917,8.360855245736854,0.09942608765726872,0.011891856124164504,0.41146411908464786,3.7333333333333334,30.046807325961655,0.5480033126407289,0.8607834146939065,40.0,80.0,0.011891856124164504,0.41146411908464786
AB,c31_translation_scale,10,0.5589990905755731,0.4462819689375723,0.9938149577766761,0.9015922436254239,0.8793790695616299,0.09570569937334283,0.11453905085060889,0.29314213139177814,51.17998181151146,10.0,13.0,2.8925639378751447,0.019632837420500534,1.4015922436254238,1.0,4.11774636103419,40.0,1.0,0.019632837420500534,1.4015922436254238,0.38613512943600853,0.6508921820207567,0.08794263941753344,458,51.17998181151146,10.0,13.0,2.8925639378751447,0.019632837420500534,1.4015922436254238,1.0,4.11774636103419,40.0,1.0,0.019632837420500534,1.4015922436254238,0.38613512943600853,0.6508921820207567,0.08794263941753344,True,,steady_state,0.0,,,,,16.40481415993592,16.404813485976746,1029.705395132961,57.62912633202963,,0.0,327.03241099093816,327.03181306102175,0.4412814986123498,0.44128146524813,0.9999999243924346,0.0,,,0.9935912594463321,0.9935912599134138,40.0,80.0,,
AB,c31_translation_scale,11,0.8825503300451477,0.7833164928346555,0.6936976459779453,0.6974159517909397,0.3326584954172609,0.3013812263476363,0.40307903288704905,0.6314419665790977,57.65100660090295,10.0,13.0,3.566632985669311,0.007989533927861336,1.1974159517909397,1.0,1.7081197333764204,40.0,1.0,0.007989533927861336,1.1974159517909397,0.5712431037128727,1.2648791599232423,0.1894325899737293,459,57.65100660090295,10.0,13.0,3.566632985669311,0.007989533927861336,1.1974159517909397,1.0,1.7081197333764204,40.0,1.0,0.007989533927861336,1.1974159517909397,0.5712431037128727,1.2648791599232425,0.1894325899737293,True,,resolved_oscillation,1.0,688.6,11.94428407411736,0.0007954146928625706,0.9851240222346141,574.0791531435688,8.539988717735204,744.6504201480058,215.87548455885644,0.5994772001161779,0.29260164407909356,1639.2403011773592,35.0767516904393,2.3361672009144296,0.024822470554592628,0.010625297086987841,0.3965785381026439,3.658333333333333,8.218854215728829,0.9177664368295481,0.9738932162380586,40.0,80.0,0.010625297086987841,0.3965785381026439
AB,c31_translation_scale,12,0.4044568990688079,0.024031735423203138,0.3713608600938766,0.5394681067715948,0.3484344915921219,0.6035006516923996,0.0743758010283625,0.5957220289699944,48.089137981376155,10.0,13.0,2.0480634708464063,0.0030419468259424236,1.039468106771595,1.0,1.7520450063988318,40.0,1.0,0.0030419468259424236,1.039468106771595,0.8431505865231597,0.5933976271719327,0.1787166086909983,460,48.089137981376155,10.0,13.0,2.0480634708464063,0.0030419468259424236,1.039468106771595,1.0,1.7520450063988318,40.0,1.0,0.0030419468259424236,1.039468106771595,0.8431505865231597,0.5933976271719327,0.1787166086909983,True,,resolved_oscillation,1.0,398.45454545454544,8.285749385003697,0.0013106462802961508,0.962560226349531,297.5984359407394,11.142018080354898,361.583333901836,113.2769833013003,0.6349532283823865,0.15929793379249055,537.6298540960735,36.49696776940166,1.0459602083352775,0.008736663497650229,0.008352768516457495,0.3163741390802044,2.1166666666666667,2.215203717639336,0.9657179593971321,0.9893435543061256,40.0,80.0,0.008352768516457495,0.3163741390802044
AB,c31_translation_scale,13,0.8397119452496339,0.26008903724763854,0.8937767146418455,0.7360853102868091,0.6297901131894204,0.7056082297905188,0.54972461355271,0.24027480692021974,56.79423890499268,10.0,13.0,2.520178074495277,0.014548905237875978,1.2360853102868092,1.0,2.755525269985407,40.0,1.0,0.014548905237875978,1.2360853102868092,0.9350474068114669,1.7729423656115402,0.07208244207606591,461,56.79423890499268,10.0,13.0,2.520178074495277,0.014548905237875978,1.2360853102868092,1.0,2.755525269985407,40.0,1.0,0.014548905237875978,1.2360853102868092,0.9350474068114669,1.7729423656115402,0.07208244207606591,True,,resolved_oscillation,1.0,358.45454545454544,6.311459619243781,0.012373660435879456,0.5254450350168006,63.81920220175806,30.28571926611102,177.41957041210722,41.79499211525485,0.6371798123256404,0.0,555.6998216572565,258.3445677530262,0.867416632085794,0.23582616692908143,0.2718718528165788,0.36391912908242613,2.925,2.5594553921511487,0.989850901395779,0.9947601408218184,40.0,80.0,0.2718718528165788,0.36391912908242613
AB,c31_translation_scale,14,0.5050919744883469,0.29587452410599624,0.37675403278337516,0.07604663233161935,0.21428753930495725,0.941200002394911,0.7919028093038489,0.04476630886248789,50.10183948976694,10.0,13.0,2.5917490482119927,0.0030914932147346765,0.5760466323316193,1.0,1.4118240063671235,40.0,1.0,0.0030914932147346765,0.5760466323316193,1.1470800021554197,3.0965123298144808,0.013429892658746367,462,50.10183948976694,10.0,13.0,2.5917490482119927,0.0030914932147346765,0.5760466323316193,1.0,1.4118240063671235,40.0,1.0,0.0030914932147346765,0.5760466323316193,1.1470800021554197,3.0965123298144794,0.013429892658746367,True,,resolved_oscillation,1.0,398.6,7.955795716470893,0.0012955287995341754,0.9477676034231113,182.70361329318317,9.543047585560057,211.79171033754432,79.74655406512807,0.6096337180130457,0.25905354365696515,2768.3640778386116,212.09533134556762,5.020040238397961,0.030543855027761996,0.006084384502365945,0.5072206176405243,2.4,11.784051658850752,0.989707250222766,0.9964501794437818,40.0,80.0,0.006084384502365945,0.5072206176405243
AB,c31_translation_scale,15,0.9354066410283456,0.4956740475582503,0.6505030867783376,0.3678801652864846,0.44262136838463495,0.7656043262613,0.7861953008443282,0.3266761862476052,58.70813282056692,10.0,13.0,2.991348095116501,0.007019788512141638,0.8678801652864846,1.0,2.0388208196141258,40.0,1.0,0.007019788512141638,0.8678801652864846,0.98904389363517,3.0560841268539645,0.09800285587428155,463,58.70813282056692,10.0,13.0,2.991348095116501,0.007019788512141638,0.8678801652864846,1.0,2.0388208196141258,40.0,1.0,0.007019788512141638,0.8678801652864846,0.98904389363517,3.0560841268539645,0.09800285587428155,True,,resolved_oscillation,1.0,644.0,10.969519367415323,0.0,0.9836342327845848,515.0219062286994,8.428728628178268,599.814096350329,199.61236314244567,0.6149068322981367,0.27282826038658076,4624.81463062199,125.91373338739028,6.60850789708653,0.06625685703847835,0.010025993472397722,0.43812486114196847,3.4833333333333334,22.212266985305757,0.8918524687642101,0.9662566956394149,40.0,80.0,0.010025993472397722,0.43812486114196847
AB,c31_translation_scale,16,0.4165039138534229,0.28577343400915445,0.19195520983891223,0.3853034399427899,0.5293155168028456,0.9656125780873874,0.24521803081693405,0.1709331898065073,48.33007827706846,10.0,13.0,2.571546868018309,0.0017772130182360899,0.8853034399427899,1.0,2.344097485863484,40.0,1.0,0.0017772130182360899,0.8853034399427899,1.1690513202786486,0.8794031869231538,0.051279956941952184,464,48.33007827706846,10.0,13.0,2.571546868018309,0.0017772130182360899,0.8853034399427899,1.0,2.344097485863484,40.0,1.0,0.0017772130182360899,0.8853034399427899,1.1690513202786486,0.8794031869231538,0.051279956941952184,True,,resolved_oscillation,1.0,552.4285714285714,11.430326436915507,0.0009675866011828139,0.9894621447569718,652.0901043249374,6.8716311247872675,686.8987187102456,329.5705029104262,0.6258727695888285,0.29082426127527217,1568.6205323972067,26.824078808387718,2.6799610149800444,0.005950779227663399,0.002220472310754009,0.39968895800933124,3.025,7.695537108614828,0.9781818622126285,0.9933178273408075,40.0,80.0,0.002220472310754009,0.39968895800933124
AB,c31_translation_scale,17,0.5474959190386707,0.32786926200840927,0.12153798541605187,0.8674324012996638,0.7705241825193797,0.8853328332739676,0.49428288340064575,0.17215494341127735,50.94991838077341,10.0,13.0,2.6557385240168188,0.0014392113146310583,1.3674324012996637,1.0,3.4559964778269046,40.0,1.0,0.0014392113146310583,1.3674324012996637,1.0967995499465708,1.5604608877308435,0.051646483023383205,465,50.94991838077341,10.0,13.0,2.6557385240168188,0.0014392113146310583,1.3674324012996637,1.0,3.4559964778269046,40.0,1.0,0.0014392113146310583,1.3674324012996637,1.0967995499465708,1.5604608877308435,0.051646483023383205,True,,resolved_oscillation,1.0,747.8,14.677157957571756,0.000598039041856055,0.9967302206061842,1722.2628710401896,5.631419646461167,1821.1103832656365,1023.0032833047829,0.636533832575555,0.30415463230393247,4696.205542215487,26.327560131466864,7.143126638413388,0.012122137022832703,0.001697035155115945,0.4116862919351255,3.9833333333333334,26.800616913044497,0.9414079800108153,0.9822560803181042,40.0,80.0,0.001697035155115945,0.4116862919351255
AB,c31_translation_scale,18,0.2557492081993019,0.011841787648559254,0.9901753778860107,0.5100265748839851,0.24386234796739392,0.36211819417897295,0.18530812723112733,0.07398357953597556,45.11498416398604,10.0,13.0,2.0236835752971185,0.019419939276638078,1.0100265748839852,1.0,1.4806501890554022,40.0,1.0,0.019419939276638078,1.0100265748839852,0.6259063747610756,0.7660870685498672,0.02219507386079267,466,45.11498416398604,10.0,13.0,2.0236835752971185,0.019419939276638078,1.0100265748839852,1.0,1.4806501890554022,40.0,1.0,0.019419939276638088,1.0100265748839852,0.6259063747610756,0.7660870685498672,0.02219507386079267,True,,resolved_oscillation,1.0,279.6363636363636,6.1983034864852975,0.002893185365576982,0.3145658106012345,43.817251657921915,30.033842371829422,104.11177812263773,28.881969097873565,0.6637191157347203,0.0,175.23836472109053,128.0116833981031,0.2982818675339212,0.1681702689400528,0.5637964866266238,0.0,,1.070612106291438,0.9989802097514712,0.9992135891151823,40.0,80.0,0.5637964866266238,0.0
AB,c31_translation_scale,19,0.9255513500073052,0.7189310719243752,0.3595363148666204,0.008470141514244522,0.614501749387959,0.6694719155660247,0.5653192310309306,0.6859534039173187,58.5110270001461,10.0,13.0,3.4378621438487507,0.0029360776030532385,0.5084701415142445,1.0,2.6885510697643706,40.0,1.0,0.0029360776030532385,0.5084701415142445,0.9025247240094221,1.8377618651452943,0.20578602117519562,467,58.5110270001461,10.0,13.0,3.4378621438487507,0.002936077603053238,0.5084701415142445,1.0,2.6885510697643706,40.0,1.0,0.0029360776030532385,0.5084701415142445,0.9025247240094221,1.8377618651452943,0.20578602117519562,True,,resolved_oscillation,1.0,719.4,12.295118320145084,0.0007613602411803811,0.989146699315094,590.5093502521756,6.408975535535278,585.2621100413044,387.55432192677324,0.6147484014456491,0.36747389469006886,1879.2470752989339,27.27019717903512,2.512777684579154,0.008901056453410246,0.003542317534907994,0.45123305932015106,4.333333333333333,10.219411484576995,0.9019354504827655,0.9643469854404596,40.0,80.0,0.003542317534907994,0.45123305932015106
AB,c31_translation_scale,20,0.0013435690855783111,0.46494735339945903,0.7029286016979912,0.6847519706450776,0.45656378171454903,0.5594185109581522,0.5239147617457327,0.5455612958419926,40.026871381711565,10.0,13.0,2.929894706798918,0.008213555491511175,1.1847519706450775,1.0,2.085087998207999,40.0,1.0,0.008213555491511175,1.1847519706450775,0.8034766598623369,1.6706472727944355,0.1636683887525978,468,40.026871381711565,10.0,13.0,2.929894706798918,0.008213555491511175,1.1847519706450775,1.0,2.085087998207999,40.0,1.0,0.008213555491511175,1.1847519706450775,0.8034766598623369,1.6706472727944355,0.1636683887525978,True,,resolved_oscillation,1.0,425.8,10.637853654346557,0.000990223159595547,0.979952269862935,438.2855088088373,8.78662960358579,543.0354414632559,163.46561841775906,0.6135509628933771,0.2512774938902466,1819.656010368328,59.215389688021126,3.8531658269502227,0.04706307695897418,0.012214132241545536,0.4016885136636303,2.316666666666667,8.653908651487967,0.8864247707330919,0.9658863301414138,40.0,80.0,0.012214132241545536,0.4016885136636303
AB,c31_translation_scale,21,0.07885095553436716,0.31896266985311017,0.43766206874156466,0.49990424355663865,0.7169457026455673,0.03588457734213568,0.5996465601993903,0.8802543008467651,41.577019110687345,10.0,13.0,2.6379253397062206,0.0037103209571532373,0.9999042435566386,1.0,3.1704692172466618,40.0,1.0,0.0037103209571532373,0.9999042435566386,0.3322961196079221,1.9889165634954384,0.2640762902540295,469,41.577019110687345,10.0,13.0,2.6379253397062206,0.0037103209571532378,0.9999042435566386,1.0,3.1704692172466618,40.0,1.0,0.0037103209571532373,0.9999042435566386,0.3322961196079221,1.9889165634954384,0.2640762902540295,True,,resolved_oscillation,1.0,507.375,12.203255809399275,0.0010200525636989714,0.9909068218951781,770.4326962406194,7.005681724694142,847.9937423462698,363.69056517317176,0.6302044838630204,0.2957120639857809,920.6761647604034,14.879389950613017,1.7938178697306697,0.008856741753367267,0.004937369563999856,0.3852477227282826,2.7666666666666666,4.733653827537093,0.9030484874508228,0.9693200340888384,40.0,80.0,0.004937369563999856,0.3852477227282826
AB,c31_translation_scale,22,0.8675713022377077,0.6969107328092301,0.6335471684261575,0.5509199571228793,0.8481709139021257,0.18150932226137295,0.980574699729904,0.08487242491476177,57.351426044754156,10.0,13.0,3.39382146561846,0.006672120325377742,1.0509199571228793,1.0,3.916030154842152,40.0,1.0,0.006672120325377742,1.0509199571228793,0.4633583900352356,4.781285797412691,0.02546172747442853,470,57.351426044754156,10.0,13.0,3.39382146561846,0.006672120325377742,1.0509199571228793,1.0,3.916030154842152,40.0,1.0,0.006672120325377742,1.0509199571228793,0.4633583900352356,4.781285797412691,0.02546172747442853,True,,resolved_oscillation,1.0,697.2,12.156628842253031,0.000641442334337289,0.980525695977755,517.2187339255521,10.072474870466838,1301.373301103164,161.64374389406157,0.5705679862306368,0.22994890024439013,3827.63943673735,70.64962636498532,5.7583020039355866,0.05584148597456862,0.009697561179737193,0.4081315263274828,3.2,18.02495931951869,0.9773398368786557,0.9934362396034133,40.0,80.0,0.009697561179737193,0.4081315263274828
AB,c31_translation_scale,23,0.8783796245132314,0.3287124873925278,0.08087632777524123,0.428318534017873,0.25608481486483725,0.12880927764630468,0.7929911185726779,0.12612542097333246,57.56759249026463,10.0,13.0,2.6574249747850556,0.001274155779124468,0.928318534017873,1.0,1.5100648695064638,40.0,1.0,0.001274155779124468,0.928318534017873,0.41592834988167415,3.1042816871889642,0.037837626291999736,471,57.56759249026463,10.0,13.0,2.6574249747850556,0.001274155779124468,0.928318534017873,1.0,1.5100648695064638,40.0,1.0,0.001274155779124468,0.928318534017873,0.41592834988167415,3.1042816871889642,0.037837626291999736,True,,resolved_oscillation,1.0,615.1666666666666,10.685989113939387,0.0006636385106429635,0.9862344270673756,522.913642450538,7.1982058826171285,538.7152387429451,262.8515797919126,0.620319696559198,0.2846034214618974,2394.7878489501163,51.75406162543378,3.49028317977757,0.00572301793508733,0.0016397001733974056,0.4112419462341702,3.4,11.329390163244744,0.9793264144282459,0.9937206921636474,40.0,80.0,0.0016397001733974056,0.4112419462341702
AB,c31_translation_scale,24,0.39314986885056447,0.3402603413700579,0.283665563286857,0.32617748054883455,0.526312222726394,0.5725293493814034,0.18540594859632797,0.31633641727601725,47.86299737701129,10.0,13.0,2.6805206827401156,0.0023391464148306627,0.8261774805488346,1.0,2.332794359765584,40.0,1.0,0.0023391464148306627,0.8261774805488346,0.8152764144432629,0.766259642981382,0.09490092518280517,472,47.86299737701129,10.0,13.0,2.6805206827401156,0.0023391464148306627,0.8261774805488346,1.0,2.332794359765584,40.0,1.0,0.0023391464148306627,0.8261774805488346,0.8152764144432629,0.766259642981382,0.09490092518280517,True,,resolved_oscillation,1.0,544.8571428571429,11.383682024035524,0.0006936946279665942,0.9884785206951129,601.8375499909696,6.934058877124978,636.9437751886322,307.65392084203893,0.6226402726796014,0.29193512552766054,888.1642068040607,16.101975084112443,1.5273061126862455,0.004401577078108003,0.002881921994253302,0.36525216618529216,3.025,4.384189625475096,0.9758798478565153,0.9925950050510565,40.0,80.0,0.002881921994253302,0.36525216618529216
AB,c31_translation_scale,25,0.07041119244804428,0.332130848458681,0.47799425521871675,0.9860244128897545,0.32422163560981,0.7007133598249771,0.9210385550297289,0.31793519788627744,41.40822384896089,10.0,13.0,2.664261696917362,0.004186825530905909,1.4860244128897544,1.0,1.6850826151783185,40.0,1.0,0.004186825530905909,1.4860244128897544,0.9306420238424793,4.168775994915668,0.09538055936588323,473,41.40822384896089,10.0,13.0,2.664261696917362,0.004186825530905909,1.4860244128897544,1.0,1.6850826151783185,40.0,1.0,0.004186825530905909,1.4860244128897544,0.9306420238424793,4.168775994915668,0.09538055936588323,True,,resolved_oscillation,1.0,451.3333333333333,10.899606198507817,0.0011078286558345643,0.9868641732096886,575.5513841286768,7.5603432908382775,556.8963071451489,251.33698664663282,0.63589364844904,0.2890468784714508,6653.812558493703,178.428979770809,13.220258772597887,0.08747770905628603,0.006616943780072162,0.4894467896023106,2.591666666666667,32.83262192875916,0.7900511345667274,0.9310664370175303,40.0,80.0,0.006616943780072162,0.4894467896023106
AB,c31_translation_scale,26,0.5453222821228122,0.15880740001429594,0.7315526222870028,0.9819235271006114,0.44424563520368043,0.04511847330977248,0.7702554738662177,0.8733172195768184,50.90644564245625,10.0,13.0,2.3176148000285917,0.00894894636153274,1.4819235271006113,1.0,2.0441575890491483,40.0,1.0,0.00894894636153274,1.4819235271006113,0.3406066259787952,2.9459507236158826,0.2619951658730455,474,50.90644564245625,10.0,13.0,2.3176148000285917,0.00894894636153274,1.4819235271006113,1.0,2.0441575890491483,40.0,1.0,0.00894894636153274,1.4819235271006113,0.3406066259787952,2.9459507236158826,0.2619951658730455,True,,resolved_oscillation,1.0,425.3,8.354541249788172,0.0011357768434978788,0.9477785422051588,266.82235891850013,13.933852554982431,453.6592767751532,93.52928929727828,0.6183870209264049,0.0,1157.5726177852525,91.84663282221668,2.187181729279258,0.05250081199874215,0.024003863646045884,0.3783603643634748,2.066666666666667,4.7161487969444105,0.8830504463884187,0.9645038149513511,40.0,80.0,0.024003863646045884,0.3783603643634748
AB,c31_translation_scale,27,0.5842061138530887,0.17478857874816356,0.6751111745047766,0.21103105998534566,0.47372262078119953,0.7547003893236502,0.08242795025315841,0.20941401680263994,51.684122277061775,10.0,13.0,2.349577157496327,0.007556834108004992,0.7110310599853457,1.0,2.1434724322101038,40.0,1.0,0.007556834108004992,0.7110310599853457,0.9792303503912851,0.6045022958145511,0.06282420504079197,475,51.684122277061775,10.0,13.0,2.349577157496327,0.007556834108004992,0.7110310599853457,1.0,2.1434724322101038,40.0,1.0,0.007556834108004992,0.7110310599853457,0.9792303503912851,0.6045022958145511,0.06282420504079197,True,,resolved_oscillation,1.0,443.8888888888889,8.588496221515477,0.0007509386733416772,0.9599366777126928,269.7192640081987,10.805849801055802,355.5284969455816,98.84347775265431,0.6189612015018773,0.2012886025327705,511.3247798677561,32.93767194233053,0.9138402542874167,0.012635166097273836,0.013826449467501663,0.3134858920239947,2.3666666666666667,2.1668348852806374,0.990773099213933,0.9969630241147407,40.0,80.0,0.013826449467501663,0.3134858920239947
AB,c31_translation_scale,28,0.5150252250115483,0.5671990511643153,0.9824233046384001,0.9901042993929583,0.8684331197247117,0.3227224572323808,0.7216872091884045,0.610060609924768,50.30050450023097,10.0,13.0,3.134398102328631,0.018974143804986826,1.4901042993929583,1.0,4.045839978009278,40.0,1.0,0.018974143804986826,1.4901042993929583,0.5904502115091427,2.6342513635520346,0.1830181829774304,476,50.30050450023097,10.0,13.0,3.134398102328631,0.018974143804986826,1.4901042993929583,1.0,4.045839978009278,40.0,1.0,0.018974143804986833,1.4901042993929583,0.5904502115091427,2.6342513635520346,0.1830181829774304,True,,steady_state,0.0,,,,,14.767193738873484,14.76719261518526,1121.658579570385,51.56020130185641,,0.0,2243.7866619949514,2243.7860871302323,3.0805976200773655,3.0805972212084547,0.9999998705222298,1.0,,,0.8960567117563714,0.896056724339339,40.0,80.0,,
AB,c31_translation_scale,29,0.04945339346089217,0.09762210073206024,0.7021926793540646,0.5344320235740077,0.12301565154377614,0.567374183756537,0.716675164080167,0.8026172127841293,40.98906786921784,10.0,13.0,2.1952442014641207,0.00819546761675082,1.0344320235740077,1.0,1.2189453935804007,40.0,1.0,0.00819546761675082,1.0344320235740077,0.8106367653808833,2.604025114200645,0.2407851638352388,477,40.98906786921784,10.0,13.0,2.1952442014641207,0.00819546761675082,1.0344320235740077,1.0,1.2189453935804007,40.0,1.0,0.00819546761675082,1.0344320235740077,0.8106367653808833,2.604025114200645,0.2407851638352388,True,,resolved_oscillation,1.0,285.92857142857144,6.975727585239854,0.0009347133117097033,0.9038345453102986,131.12207288038442,12.60941375839833,170.08811170179442,52.203677615179835,0.6428178865850611,0.10442123972450566,1530.5433770231823,250.3289786856749,3.4113355865293005,0.11248965884136627,0.03297525440931875,0.5754276827371695,1.8666666666666667,6.606260561677134,0.8370444673728304,0.9328807716648437,40.0,80.0,0.03297525440931875,0.5754276827371695
AB,c31_translation_scale,30,0.23529284243979742,0.8407494147148626,0.1627078196361389,0.18400605895795552,0.9153118394219858,0.6126517415141606,0.34201139629394184,0.761506421166632,44.705856848795946,10.0,13.0,3.6814988294297253,0.0016281250333504938,0.6840060589579555,1.0,4.362902627321284,40.0,1.0,0.0016281250333504938,0.6840060589579555,0.8513865673627445,1.0989587737214994,0.2284519263499896,478,44.705856848795946,10.0,13.0,3.6814988294297253,0.0016281250333504938,0.6840060589579555,1.0,4.362902627321284,40.0,1.0,0.0016281250333504938,0.6840060589579555,0.8513865673627445,1.0989587737214994,0.2284519263499896,True,,resolved_oscillation,1.0,677.5,15.154613908675078,0.0008084465793434186,0.9954212389322442,1127.2076215124982,5.161214372659089,1089.7130608402704,914.8379364858652,0.6228782287822878,0.328149300155521,1217.5322043817334,6.363359811770754,2.0246205453163886,0.0037438443700899948,0.0018491585392387403,0.3814707842701622,4.083333333333333,7.73889343594726,0.9097067884278338,0.9714224925950854,40.0,80.0,0.0018491585392387403,0.3814707842701622
AB,c31_translation_scale,31,0.3961908178200533,0.5858255229716866,0.8827516093406286,0.1975083502442333,0.42790177911939253,0.1030477274706203,0.9318053292379148,0.9537836951071544,47.92381635640106,10.0,13.0,3.1716510459433733,0.014076228964528923,0.6975083502442333,1.0,1.9910882451276535,40.0,1.0,0.014076228964528923,0.6975083502442333,0.39274295472355825,4.273417592722049,0.2861351085321463,479,47.92381635640106,10.0,13.0,3.1716510459433733,0.014076228964528923,0.6975083502442333,1.0,1.9910882451276535,40.0,1.0,0.014076228964528923,0.6975083502442333,0.39274295472355825,4.273417592722049,0.2861351085321463,True,,resolved_oscillation,1.0,434.77777777777777,9.072269506760716,0.0010142159383074074,0.9563720201612925,234.67015937946215,10.238184982153447,304.6005870878353,78.87753638051137,0.6026066956299515,0.25083314818929126,1332.6764843076496,88.29716799160661,2.448203766085771,0.05943596312575388,0.024277375906818853,0.4452343923572539,2.4833333333333334,6.079859672252727,0.8521973181194797,0.9480437567813882,40.0,80.0,0.024277375906818853,0.4452343923572539
AB,c31_translation_scale,32,0.45544406973220386,0.8413148429729738,0.5906917281865809,0.2627126403874821,0.6550826693183404,0.4524839948841627,0.7903188624593088,0.30569927964458465,49.10888139464408,10.0,13.0,3.6826296859459475,0.005868237151616026,0.7627126403874821,1.0,2.870008191014471,40.0,1.0,0.005868237151616026,0.7627126403874821,0.7072355953957463,3.0852393852147566,0.09170978389337539,480,49.10888139464408,10.0,13.0,3.6826296859459475,0.005868237151616026,0.7627126403874821,1.0,2.870008191014471,40.0,1.0,0.005868237151616026,0.7627126403874821,0.7072355953957463,3.0852393852147566,0.09170978389337539,True,,resolved_oscillation,1.0,653.1666666666666,13.30037761230502,0.000625029278587185,0.990387958506744,734.1387183052415,7.056571822155797,798.4989580291314,403.14850138992085,0.6124011227353917,0.3157076205287714,3158.508497771617,44.42918902428924,4.999136321048459,0.035077680547289776,0.007016748152995557,0.42457231726283046,3.7666666666666666,17.840925592137168,0.9239733873170749,0.9758670297069851,40.0,80.0,0.007016748152995557,0.42457231726283046
AB,c31_translation_scale,33,0.9227593837099817,0.2542365218699282,0.11984868902090784,0.21289201770014698,0.2844369626022776,0.892833975106123,0.5288499542686814,0.8553785018010519,58.455187674199635,10.0,13.0,2.5084730437398566,0.001431946325499754,0.712892017700147,1.0,1.5805669808537361,40.0,1.0,0.001431946325499754,0.712892017700147,1.1035505775955106,1.6897402866206526,0.25661355054031554,481,58.455187674199635,10.0,13.0,2.5084730437398566,0.0014319463254997538,0.712892017700147,1.0,1.5805669808537361,40.0,1.0,0.001431946325499754,0.712892017700147,1.1035505775955106,1.6897402866206526,0.25661355054031554,True,,resolved_oscillation,1.0,547.75,9.370425821791697,0.0008451119121611606,0.9779443490315141,362.9597760570421,8.005314136313915,344.80630347669177,162.60059705961194,0.6335006846188955,0.28304821150855364,2116.6583421278006,86.35923101546676,3.0927319524542134,0.007964149804032188,0.0025751180271902643,0.4410131081981782,3.2666666666666666,9.642347124421258,0.8391997002260405,0.9465233467050672,40.0,80.0,0.0025751180271902643,0.4410131081981782
AB,c31_translation_scale,34,0.07950435043954462,0.9662316694526888,0.37274283035622435,0.1750304734321343,0.9875008646722722,0.04585705792459993,0.38130948963773503,0.5292730561158066,41.590087008790896,10.0,13.0,3.932463338905378,0.003054566630142853,0.6750304734321343,1.0,4.900422030910761,40.0,1.0,0.003054566630142853,0.6750304734321343,0.34127135213213994,1.2030384113259651,0.15878191683474197,482,41.590087008790896,10.0,13.0,3.932463338905378,0.003054566630142853,0.6750304734321343,1.0,4.900422030910761,40.0,1.0,0.003054566630142853,0.6750304734321343,0.34127135213213994,1.2030384113259651,0.15878191683474197,True,,resolved_oscillation,1.0,652.5,15.688834694240507,0.00083942154406922,0.9949678376924734,1142.0727613148147,5.747095501941305,1196.2128120404009,880.8554417801329,0.6187739463601533,0.341701844034659,522.4399847599482,3.1206411725308927,0.9319644366313966,0.003041815071430088,0.0032638746199638124,0.3390357698289269,3.8833333333333333,3.3935224487189384,0.973504543388462,0.9913243018398712,40.0,80.0,0.0032638746199638124,0.3390357698289269
AB,c31_translation_scale,35,0.6334398631188464,0.44530082088652956,0.9710384632196135,0.6253248415770387,0.2880167805261743,0.5530772328579547,0.48354764822632257,0.8441290579269647,52.66879726237693,10.0,13.0,2.890601641773059,0.018337923961669205,1.1253248415770387,1.0,1.5896996928880285,40.0,1.0,0.018337923961669205,1.1253248415770387,0.7977695095721592,1.522361010310618,0.2532387173780894,483,52.66879726237693,10.0,13.0,2.890601641773059,0.018337923961669205,1.1253248415770387,1.0,1.5896996928880285,40.0,1.0,0.018337923961669212,1.1253248415770387,0.7977695095721592,1.522361010310618,0.2532387173780894,True,,resolved_oscillation,1.0,359.9166666666667,6.833584311289506,0.0008020610361513672,0.8124707221160045,90.87450769254394,17.041630805646363,201.83798690916117,37.217261903577764,0.598749710581153,0.0,802.3943810799759,158.27582561692216,1.4805016646491025,0.10689441641049514,0.07220148343151675,0.4016885136636303,2.0166666666666666,3.413543515742574,0.9243799709516813,0.9717546547445973,40.0,80.0,0.07220148343151675,0.4016885136636303
AB,c31_translation_scale,36,0.6761306877039921,0.05417488428145534,0.12327418220657027,0.9714779234866264,0.28757541677892484,0.0730887879415244,0.1868916785923901,0.42248977462753035,53.52261375407984,10.0,13.0,2.1083497685629107,0.0014467164135972767,1.4714779234866264,1.0,1.588570854590359,40.0,1.0,0.0014467164135972767,1.4714779234866264,0.36577990914737196,0.76888552137681,0.1267469323882591,484,53.52261375407984,10.0,13.0,2.1083497685629107,0.0014467164135972767,1.4714779234866264,1.0,1.588570854590359,40.0,1.0,0.0014467164135972767,1.4714779234866264,0.36577990914737196,0.76888552137681,0.1267469323882591,True,,resolved_oscillation,1.0,521.7142857142857,9.747548729802405,0.0009352821071522088,0.9835731259202718,561.0261889148322,9.215906560733778,631.1420255968795,218.19937151280587,0.6359802847754656,0.22283936902910464,581.6249728984316,18.19773070382254,0.9810873007157558,0.00268150659475141,0.002733198761002316,0.3061541879582315,2.5833333333333335,2.4750382401731175,0.9785521077630449,0.993514813400158,40.0,80.0,0.002733198761002316,0.3061541879582315
AB,c31_translation_scale,37,0.9942080218192769,0.6593242047859554,0.2048195830433457,0.11408570344483138,0.7692102833324719,0.7320165468055979,0.24812270663075364,0.5441891502418968,59.88416043638554,10.0,13.0,3.318648409571911,0.001847040512471595,0.6140857034448314,1.0,3.4486960139662837,40.0,1.0,0.001847040512471595,0.6140857034448314,0.9588148921250381,0.8853045799577942,0.16325674507256904,485,59.88416043638554,10.0,13.0,3.318648409571911,0.001847040512471595,0.6140857034448314,1.0,3.4486960139662837,40.0,1.0,0.001847040512471595,0.6140857034448314,0.9588148921250381,0.8853045799577942,0.16325674507256904,True,,resolved_oscillation,1.0,842.75,14.073003509755246,0.0005932957579353308,0.9944684914002526,1018.5843094099312,5.634307867068704,1026.290537263413,727.3072208172534,0.6220706021951943,0.34547878249277936,1315.1977403536853,9.366822170051224,1.6764579320259045,0.0034603911418903816,0.002064108544440894,0.40279937791601866,4.9,7.698533013169754,0.9507335577651337,0.9835128950441799,40.0,80.0,0.002064108544440894,0.40279937791601866
AB,c31_translation_scale,38,0.4452386990402637,0.45484334849897157,0.3778401004807026,0.5335265915484285,0.7580538097473309,0.5757437099998371,0.7447623325657388,0.4984037620752796,48.904773980805274,10.0,13.0,2.909686696997943,0.00310156797886956,1.0335265915484286,1.0,3.387325056628274,40.0,1.0,0.00310156797886956,1.0335265915484286,0.8181693389998534,2.778000610874619,0.14952112862258388,486,48.904773980805274,10.0,13.0,2.909686696997943,0.00310156797886956,1.0335265915484286,1.0,3.387325056628274,40.0,1.0,0.00310156797886956,1.0335265915484286,0.8181693389998534,2.7780006108746202,0.14952112862258388,True,,resolved_oscillation,1.0,669.3333333333334,13.686462053705457,0.0007715106267345452,0.9944120263625973,1124.976520714583,6.286339140450061,1133.0493553523813,609.1103292041463,0.6353336653386454,0.2857142857142857,3957.200953378546,40.91384685693373,6.278983858215784,0.02618275689347437,0.004169903520171555,0.4023550322150633,3.7666666666666666,22.347163984595472,0.833732245362083,0.9506352805727105,40.0,80.0,0.004169903520171555,0.4023550322150633
AB,c31_translation_scale,39,0.6660332596561213,0.9549278270831529,0.6069990404660162,0.752066943141399,0.9605213971708908,0.8634116840620544,0.4840801167323766,0.5658874191471764,53.32066519312242,10.0,13.0,3.909855654166306,0.006162032137168318,1.2520669431413989,1.0,4.692190600041989,40.0,1.0,0.006162032137168318,1.2520669431413989,1.0770705156558489,1.524228651865329,0.16976622574415293,487,53.32066519312242,10.0,13.0,3.909855654166306,0.006162032137168317,1.2520669431413989,1.0,4.692190600041989,40.0,1.0,0.006162032137168323,1.2520669431413989,1.0770705156558489,1.524228651865329,0.16976622574415293,True,,resolved_oscillation,1.0,645.3333333333334,12.102874767146975,0.0008002031707040118,0.970880928037311,372.1780641472838,10.837479832839069,1441.9266807072072,108.5096203242856,0.5493285123966942,0.18284825594312376,2631.236914496763,48.817314712206915,4.308306414274537,0.045466679700101216,0.010553260452751992,0.34792268384803376,2.8666666666666667,11.991277450044747,0.8673103318651167,0.9659971716129631,40.0,80.0,0.010553260452751992,0.34792268384803376
AB,c31_translation_scale,40,0.07938517308078696,0.022029308983154694,0.46089644750850756,0.321935567576238,0.7521861907367888,0.9734007290070525,0.16781697286928776,0.6518343044389883,41.58770346161574,10.0,13.0,2.0440586179663094,0.003977773984957273,0.821935567576238,1.0,3.3554871886080764,40.0,1.0,0.003977773984957273,0.821935567576238,1.1760606561063471,0.7358460741714552,0.19555029133169646,488,41.58770346161574,10.0,13.0,2.0440586179663094,0.003977773984957273,0.821935567576238,1.0,3.3554871886080764,40.0,1.0,0.003977773984957273,0.821935567576238,1.1760606561063471,0.7358460741714552,0.19555029133169646,True,,resolved_oscillation,1.0,396.3636363636364,9.530789232674717,0.0012728841216065694,0.9758359734157369,409.1988972473758,9.887893031336697,529.1457232538678,160.84391595573288,0.6364105504587155,0.1950677627193957,712.0319642744306,31.671371742057648,1.53808300073623,0.012367909876372063,0.008041119933353368,0.3499222395023328,2.05,3.1247441970420047,0.9436856639135044,0.9831754806659789,40.0,80.0,0.008041119933353368,0.3499222395023328
AB,c31_translation_scale,41,0.9815064036168787,0.6484862657754508,0.8948493318150219,0.4999552130251841,0.7789299613558915,0.21738323359940437,0.30968064225549496,0.899810359527491,59.63012807233757,10.0,13.0,3.2969725315509013,0.014595730045276952,0.9999552130251841,1.0,3.5030688932033924,40.0,1.0,0.014595730045276952,0.9999552130251841,0.4956449102394639,1.0201185539311928,0.26994310785824727,489,59.63012807233757,10.0,13.0,3.2969725315509013,0.014595730045276952,0.9999552130251841,1.0,3.5030688932033924,40.0,1.0,0.014595730045276952,0.9999552130251841,0.4956449102394639,1.0201185539311928,0.26994310785824727,True,,steady_state,0.0,,,,,29.760138563582828,29.69174885327194,156.02103040825878,30.830159374492077,,0.0,117.17787124475423,116.47349398321337,0.13581640849728546,0.13503374268002857,0.9942373250337235,0.0,,,0.9924360716242762,0.992450013612496,40.0,80.0,,
AB,c31_translation_scale,42,0.2634626562834709,0.9747032019221333,0.7824072395318442,0.7109816588766164,0.952904028663561,0.45221418877906305,0.3711782882929373,0.5177094697691266,45.269253125669415,10.0,13.0,3.9494064038442667,0.010421621292670104,1.2109816588766162,1.0,4.635017018010833,40.0,1.0,0.010421621292670104,1.2109816588766162,0.7069927699011567,1.1752987997251907,0.15531284093073797,490,45.269253125669415,10.0,13.0,3.9494064038442667,0.010421621292670104,1.2109816588766162,1.0,4.635017018010833,40.0,1.0,0.010421621292670104,1.2109816588766162,0.7069927699011567,1.1752987997251907,0.15531284093073797,True,,resolved_oscillation,1.0,319.61538461538464,7.060319367940939,0.008806822846465457,0.3007174882856458,38.72490973678069,27.07965214664765,137.657692380747,28.498045217178618,0.6288808664259927,0.0,127.76248529916654,67.12610084877298,0.22315252963798587,0.08488730340927493,0.3804003635853254,0.0,2.466666666666667,0.7118190038261868,0.9938199368403513,0.9962182450564634,40.0,80.0,0.3804003635853254,0.0
AB,c31_translation_scale,43,0.11902604624430946,0.7238209620991736,0.5130660887379298,0.037791826390061733,0.20526307490198326,0.2530063987005956,0.42542350137029605,0.8698764918089886,42.38052092488619,10.0,13.0,3.447641924198347,0.004650657653682553,0.5377918263900617,1.0,1.3914664273870667,40.0,1.0,0.004650657653682553,0.5377918263900617,0.527705758830536,1.3316604629181958,0.26096294754269656,491,42.38052092488619,10.0,13.0,3.447641924198347,0.004650657653682553,0.5377918263900617,1.0,1.3914664273870667,40.0,1.0,0.004650657653682553,0.5377918263900617,0.527705758830536,1.3316604629181958,0.26096294754269656,True,,resolved_oscillation,1.0,359.6363636363636,8.485888228551296,0.0014028753210830747,0.9442130947733274,156.382494339419,8.724095390823848,190.04076971726383,88.23945516623246,0.5811425682507584,0.3359253499222395,499.4189945046972,31.56133162304623,1.0256629959692842,0.006569103991663443,0.006404739195504884,0.39813374805598756,2.283333333333333,2.2469034751403894,0.9454497241503819,0.9793476982937606,40.0,80.0,0.006404739195504884,0.39813374805598756
AB,c31_translation_scale,44,0.5856463892471487,0.31809303652452925,0.05540641720968964,0.35037645481237045,0.920254666357244,0.44065595311405026,0.43310533966908604,0.5024287034658289,51.71292778494298,10.0,13.0,2.6361860730490587,0.0011805527868287793,0.8503764548123705,1.0,4.397748692253874,40.0,1.0,0.0011805527868287793,0.8503764548123705,0.6965903578026451,1.3554245391133992,0.15072861103974866,492,51.71292778494298,10.0,13.0,2.6361860730490587,0.0011805527868287793,0.8503764548123705,1.0,4.397748692253874,40.0,1.0,0.0011805527868287793,0.8503764548123705,0.6965903578026451,1.3554245391133992,0.15072861103974866,True,,resolved_oscillation,1.0,741.0,14.329105539751584,0.0,0.996266292423252,1444.0976604748616,5.391838376479012,1467.234898041265,902.0492261593664,0.6369770580296896,0.32015107753832484,1641.1788163039107,10.105651109920274,2.4547310276554604,0.003417515899967828,0.0013922160356737469,0.39746722950455454,4.066666666666666,9.401216550586101,0.9343805262094493,0.9791599792069632,40.0,80.0,0.0013922160356737469,0.39746722950455454
AB,c31_translation_scale,45,0.5735089914149888,0.2349033339983554,0.05175284264692048,0.5805394677833117,0.9703789917660842,0.8844593357278694,0.7921983999214777,0.4085949628878395,51.47017982829978,10.0,13.0,2.4698066679967106,0.0011677019370594456,1.0805394677833116,1.0,4.767226736092789,40.0,1.0,0.0011677019370594456,1.0805394677833116,1.0960134021550823,3.0986206033196844,0.12257848886635184,493,51.47017982829978,10.0,13.0,2.4698066679967106,0.0011677019370594456,1.0805394677833116,1.0,4.767226736092789,40.0,1.0,0.0011677019370594456,1.0805394677833116,1.0960134021550823,3.0986206033196844,0.12257848886635184,True,,resolved_oscillation,1.0,749.4,14.559886957845025,0.0007308814484990209,0.9970252187230408,1808.1782045741754,5.378934668372873,1709.4501120483465,1052.5744543712601,0.6508540165465706,0.30259942235058873,6341.843692650083,39.90340497464266,9.480349727466903,0.015460458825590799,0.0016307899254811296,0.4259053543656965,4.116666666666666,36.78411626848956,0.800515125508694,0.9379239533112232,40.0,80.0,0.0016307899254811296,0.4259053543656965
AB,c31_translation_scale,46,0.9964774922142574,0.7068669270486545,0.375212687785102,0.3997873384363825,0.13524852246151498,0.5990317568302236,0.5138327539551703,0.3768147788965731,59.92954984428515,10.0,13.0,3.413733854097309,0.003077251283941284,0.8997873384363825,1.0,1.2431818481929522,40.0,1.0,0.003077251283941284,0.8997873384363825,0.8391285811472011,1.6323104399164237,0.11304443366897193,494,59.92954984428515,10.0,13.0,3.413733854097309,0.003077251283941284,0.8997873384363825,1.0,1.2431818481929522,40.0,1.0,0.003077251283941284,0.8997873384363825,0.8391285811472011,1.6323104399164237,0.11304443366897193,True,,resolved_oscillation,1.0,674.8333333333334,11.260443889312564,0.000604961655416937,0.9850770986755459,468.6728940630673,6.99395935154945,476.8290406921234,282.5169821803079,0.6075574215855767,0.32548322594978896,2733.4333346548988,54.00978973564653,3.674507023843017,0.013646357847552684,0.0037137928323458516,0.43323705843145965,4.0,13.851109900070124,0.9294615311611347,0.9767164494682256,40.0,80.0,0.0037137928323458516,0.43323705843145965
AB,c31_translation_scale,47,0.36135447392295206,0.6878005187327936,0.4760701006722087,0.3537843335240982,0.035015686851467165,0.11294606132724794,0.22250865784072882,0.07781224274133436,47.22708947845904,10.0,13.0,3.375601037465587,0.004162761037524378,0.8537843335240982,1.0,1.0579738047865839,40.0,1.0,0.004162761037524378,0.8537843335240982,0.4016514551945231,0.8346005415478409,0.023343672822400307,495,47.22708947845904,10.0,13.0,3.375601037465587,0.004162761037524378,0.8537843335240982,1.0,1.0579738047865839,40.0,1.0,0.004162761037524378,0.8537843335240982,0.4016514551945231,0.8346005415478409,0.023343672822400307,True,,resolved_oscillation,1.0,445.55555555555554,9.434321709763204,0.0011828968803622366,0.9672650662346396,249.4776029704524,8.166632809178642,284.37632189862296,135.0132592765321,0.5891521197007481,0.32548322594978896,468.8962463241411,18.545206447823585,0.8492840383018573,0.004329002522274865,0.0050972375872396026,0.33103754721173073,2.65,2.1461790146060524,0.9969425454545806,0.9989391601464035,40.0,80.0,0.0050972375872396026,0.33103754721173073
AB,c31_translation_scale,48,0.14462614962212772,0.2012148931522557,0.5951396450376651,0.09776566282190036,0.303708843795952,0.6034069552075657,0.46791123586759553,0.8616507708534276,42.89252299244255,10.0,13.0,2.4024297863045114,0.005946953323288362,0.5977656628219004,1.0,1.63035947537973,40.0,1.0,0.005946953323288362,0.5977656628219004,0.843066259686809,1.4685246480052399,0.25849523125602825,496,42.89252299244255,10.0,13.0,2.4024297863045114,0.005946953323288362,0.5977656628219004,1.0,1.6303594753797301,40.0,1.0,0.005946953323288362,0.5977656628219004,0.843066259686809,1.4685246480052399,0.25849523125602825,True,,resolved_oscillation,1.0,323.2307692307692,7.535830179253407,0.0013567056462388599,0.929805742483303,149.92435229344454,10.523828592910032,182.98099026573965,62.11792698087735,0.624167063303189,0.22906020884247946,723.1215994085013,79.23782384521569,1.5311767325957923,0.023213143630344425,0.01516032939645795,0.44256831815152187,2.0416666666666665,3.1231413454611365,0.9196023164572728,0.969827241325291,40.0,80.0,0.01516032939645795,0.44256831815152187
AB,c31_translation_scale,49,0.40497024324456166,0.8760220927708037,0.29672674234775864,0.5899843875985493,0.0475287430060467,0.8109838830866913,0.4587922640517281,0.5060696597871368,48.099404864891234,10.0,13.0,3.7520441855416076,0.0024324862403586806,1.0899843875985493,1.0,1.079496318858968,40.0,1.0,0.0024324862403586806,1.0899843875985493,1.029885494778022,1.4380111993712392,0.15182089793614104,497,48.099404864891234,10.0,13.0,3.7520441855416076,0.0024324862403586806,1.0899843875985493,1.0,1.079496318858968,40.0,1.0,0.0024324862403586806,1.0899843875985493,1.029885494778022,1.4380111993712392,0.15182089793614104,True,,resolved_oscillation,1.0,531.2857142857143,11.045577710952323,0.0009184324429469927,0.9823498896862154,393.4018200868714,6.943585522176947,391.7982892516582,266.2372634571147,0.6023124495832213,0.3532548322594979,2796.6391248540976,60.001667307146505,4.635358590568132,0.014121035612994073,0.0030463739400285166,0.47433903576982894,3.3,14.347675725171065,0.875029659777346,0.9556232335096743,40.0,80.0,0.0030463739400285166,0.47433903576982894
AB,c31_translation_scale,50,0.9975856292646897,0.5657544237723552,0.30706557444850346,0.4275679161838194,0.3166776682977941,0.7567833804925578,0.7210217811166746,0.015263045840949063,59.95171258529379,10.0,13.0,3.13150884754471,0.0025090049780829666,0.9275679161838194,1.0,1.6647468092951054,40.0,1.0,0.0025090049780829666,0.9275679161838194,0.9811050424433019,2.630218241651227,0.0045789137522847185,498,59.95171258529379,10.0,13.0,3.13150884754471,0.0025090049780829666,0.9275679161838194,1.0,1.6647468092951054,40.0,1.0,0.0025090049780829666,0.9275679161838194,0.9811050424433019,2.630218241651227,0.0045789137522847185,True,,resolved_oscillation,1.0,730.6,12.186474222242934,0.0007496886908091516,0.9902166139369643,673.3927125177383,6.588060878595961,710.124505043833,398.85491206790795,0.6138790035587188,0.33792490557653854,5725.760653637832,76.54930185315617,7.645344171271122,0.021617385775756073,0.0028275229069461166,0.4601199733392579,4.116666666666666,29.724956595660505,0.994702971672405,0.9982333375949111,40.0,80.0,0.0028275229069461166,0.4601199733392579
AB,c31_translation_scale,51,0.9268934724441079,0.6010086289668761,0.8318839924281232,0.564140076180349,0.1552169247113192,0.7008561450373402,0.22895891173032745,0.47424948218286234,58.53786944888216,10.0,13.0,3.2020172579337522,0.012086652251044236,1.064140076180349,1.0,1.283784046812436,40.0,1.0,0.012086652251044236,1.064140076180349,0.930770530533606,0.8470887540115423,0.1422748446548587,499,58.53786944888216,10.0,13.0,3.2020172579337522,0.012086652251044234,1.064140076180349,1.0,1.283784046812436,40.0,1.0,0.012086652251044236,1.064140076180349,0.930770530533606,0.8470887540115423,0.1422748446548587,True,,resolved_oscillation,1.0,550.7142857142857,9.407829340205037,0.0008860311946355036,0.9636688564437619,286.35135844001815,10.4034723110081,395.47102173325356,91.27057319587517,0.5915953307392996,0.22106198622528328,1263.9581901305478,64.09964493316481,1.9368446057576245,0.03655693379149501,0.018874479492481142,0.37947122861586313,2.9,5.587580151475464,0.9516101385293848,0.9850925798060918,40.0,80.0,0.018874479492481142,0.37947122861586313
AB,c31_translation_scale,52,0.14798006523291785,0.030678042283148188,0.974311847035165,0.29119072017962766,0.04515025280363083,0.40247651790960104,0.6223009687936307,0.9397471766847376,42.95960130465836,10.0,13.0,2.061356084566296,0.018518633560568088,0.7911907201796277,1.0,1.0753718713717284,40.0,1.0,0.018518633560568088,0.7911907201796277,0.6622288661186408,2.095419461334317,0.2819241530054213,500,42.95960130465836,10.0,13.0,2.061356084566296,0.018518633560568088,0.7911907201796277,1.0,1.0753718713717284,40.0,1.0,0.018518633560568088,0.7911907201796277,0.6622288661186408,2.095419461334317,0.2819241530054213,True,,resolved_oscillation,1.0,269.2857142857143,6.268347612819071,0.0018120160505675684,0.20522359106246257,30.832538806373588,24.504974470956867,73.92349413472,19.09515327867961,0.6647214854111406,0.0,496.27804912165647,407.35495607973655,0.8523684745759316,0.6051975514321162,0.7100186943601037,1.0,,3.26505173734805,0.949595539412714,0.9568845800570371,40.0,80.0,0.7100186943601037,1.0
AB,c31_translation_scale,53,0.9465837550526778,0.5897803298867728,0.4516407049781953,0.47750599276686445,0.03580917778042536,0.8922941822452797,0.5193037732229046,0.09603869403120302,58.93167510105356,10.0,13.0,3.1795606597735455,0.0038689944295550852,0.9775059927668645,1.0,1.0593257791340285,40.0,1.0,0.0038689944295550852,0.9775059927668645,1.1030647640207516,1.6530035168600712,0.028811608209360906,501,58.93167510105356,10.0,13.0,3.1795606597735455,0.0038689944295550857,0.9775059927668645,1.0,1.0593257791340285,40.0,1.0,0.0038689944295550852,0.9775059927668645,1.1030647640207516,1.6530035168600712,0.028811608209360906,True,,resolved_oscillation,1.0,613.8333333333334,10.41601706180518,0.0006650800279074607,0.9804981815185426,391.6565370551642,7.638014692726043,416.1830637360373,203.28561460877768,0.6040727667662231,0.29948900244390136,3726.8645532994365,100.20853736862439,5.282844509828516,0.024904300783708127,0.004714183947185024,0.4447900466562986,3.533333333333333,17.740282364609538,0.9763945940534706,0.9925128922162275,40.0,80.0,0.004714183947185024,0.4447900466562986
AB,c31_translation_scale,54,0.26707177914853697,0.4436206392795494,0.17817196494572562,0.8842841371519518,0.8781615463568023,0.2825237843104127,0.10848811210481324,0.5642563382340674,45.34143558297074,10.0,13.0,2.887241278559099,0.001705324654201179,1.3842841371519516,1.0,4.109685422118879,40.0,1.0,0.001705324654201179,1.3842841371519516,0.5542714058793714,0.641886314712119,0.1692769014702202,502,45.34143558297074,10.0,13.0,2.887241278559099,0.0017053246542011787,1.3842841371519516,1.0,4.109685422118879,40.0,1.0,0.001705324654201179,1.3842841371519516,0.5542714058793714,0.641886314712119,0.1692769014702202,True,,resolved_oscillation,1.0,712.4,15.71189775622283,0.0007688413215962467,0.9971662116738262,1924.5411901874095,5.453742357993654,2066.0733276219353,1243.7426824655045,0.6347557551937115,0.3197067318373695,931.8893368397083,4.222850030267391,1.5584300187991749,0.0030187366236504726,0.001937037009834112,0.3683625860919796,3.8833333333333333,5.688718756020949,0.9521691226382764,0.9850096578582226,40.0,80.0,0.001937037009834112,0.3683625860919796
AB,c31_translation_scale,55,0.03934806720952966,0.7974544171486171,0.9613679503326873,0.09528084265622816,0.8506665333513728,0.016977720311515898,0.896934550896485,0.9868204735962427,40.786961344190594,10.0,13.0,3.594908834297234,0.01781429091501406,0.5952808426562282,1.0,3.931790694711237,40.0,1.0,0.01781429091501406,0.5952808426562282,0.3152799482803643,3.943706218379895,0.2960461420788728,503,40.786961344190594,10.0,13.0,3.594908834297234,0.01781429091501406,0.5952808426562282,1.0,3.931790694711237,40.0,1.0,0.01781429091501406,0.5952808426562282,0.3152799482803643,3.943706218379895,0.2960461420788728,True,,resolved_oscillation,1.0,367.0,8.997973565693755,0.0,0.887356272667973,114.05305058160927,12.84736073110068,341.7493194013776,41.89612434901203,0.5640326975476839,0.08264830037769384,562.338146597714,47.9932646424692,1.2640474993212987,0.04830756165303425,0.038216571512519816,0.35192179515663186,1.95,2.610072084273989,0.9199321376327682,0.9734864870800841,40.0,80.0,0.038216571512519816,0.35192179515663186
AB,c31_translation_scale,56,0.8516256211406352,0.03206752876612384,0.37451105081748515,0.9271816890983423,0.27187136671284284,0.8158273705588795,0.8284226050920022,0.9634675135066714,57.0325124228127,10.0,13.0,2.0641350575322477,0.0030707899516370578,1.4271816890983424,1.0,1.5489233627326284,40.0,1.0,0.0030707899516370578,1.4271816890983424,1.0342446335029916,3.368159189736131,0.2890402540520014,504,57.0325124228127,10.0,13.0,2.0641350575322477,0.003070789951637058,1.4271816890983424,1.0,1.5489233627326284,40.0,1.0,0.0030707899516370578,1.4271816890983424,1.0342446335029916,3.368159189736131,0.2890402540520014,True,,resolved_oscillation,1.0,495.5,8.688026863109096,0.0010787537514124093,0.975494858960962,406.0208642851744,9.949598544100303,378.26593261755187,149.23371352299176,0.6750756811301715,0.21084203510331037,4424.02839826557,302.9585051973624,6.6918909937746225,0.06927133904291159,0.01035153428341164,0.5072206176405243,2.9833333333333334,19.634571880140527,0.5902284487060209,0.855628946351957,40.0,80.0,0.01035153428341164,0.5072206176405243
AB,c31_translation_scale,57,0.8296311980119584,0.33407868225380877,0.1063301011098382,0.7176518981589709,0.6864182526670649,0.7122315784877248,0.2941963935788431,0.10802242958869912,56.592623960239166,10.0,13.0,2.6681573645076178,0.0013751138332981391,1.2176518981589708,1.0,3.0184623908556323,40.0,1.0,0.0013751138332981391,1.2176518981589708,0.9410084206389522,0.9843881972846089,0.03240672887660973,505,56.592623960239166,10.0,13.0,2.6681573645076178,0.0013751138332981391,1.2176518981589708,1.0,3.0184623908556323,40.0,1.0,0.0013751138332981391,1.2176518981589708,0.9410084206389522,0.9843881972846089,0.03240672887660973,True,,resolved_oscillation,1.0,803.75,14.202380871484214,0.0006220839813374805,0.996199190219257,1513.9856058946918,5.7543712987887785,1617.488321501083,893.8239042070676,0.6330326594090202,0.3228171517440569,2584.3876834738403,15.910045932167693,3.574296863070099,0.005585882064721033,0.0015627918661247145,0.4214618973561431,4.258333333333334,14.344434451379867,0.9819692993259597,0.9942159932760722,40.0,80.0,0.0015627918661247145,0.4214618973561431
AB,c31_translation_scale,58,0.8175887117605869,0.1733204554271618,0.2545619395517319,0.5238700721010965,0.44611669420234423,0.9796385404701368,0.35620338254456996,0.08649524189862356,56.351774235211735,10.0,13.0,2.3466409108543234,0.002143841724452986,1.0238700721010965,1.0,2.0503225475030376,40.0,1.0,0.002143841724452986,1.0238700721010965,1.181674686423123,1.1354640456404972,0.025948572569587068,506,56.351774235211735,10.0,13.0,2.3466409108543234,0.002143841724452986,1.0238700721010965,1.0,2.0503225475030376,40.0,1.0,0.002143841724452986,1.0238700721010965,1.181674686423123,1.1354640456404972,0.025948572569587068,True,,resolved_oscillation,1.0,605.7142857142857,10.748805941513755,0.0008055778904056289,0.9878070778882747,647.8539970978952,7.8992333263845795,713.5127879095738,275.55886468006395,0.6298349056603774,0.24261275272161742,2430.56992514407,52.90586133400366,3.7123849176535324,0.011094767382994771,0.002988582172671734,0.38324816707398357,3.1166666666666667,11.117819316334018,0.9851041869741087,0.9958341551540868,40.0,80.0,0.002988582172671734,0.38324816707398357
AB,c31_translation_scale,59,0.7632201581925808,0.41076796078383804,0.9080229332326699,0.6981208695971955,0.883495417972424,0.6102443970668706,0.593721283602114,0.15498968034379434,55.26440316385162,10.0,13.0,2.8215359215676763,0.015183261534167925,1.1981208695971954,1.0,4.145117025610558,40.0,1.0,0.015183261534167925,1.1981208695971954,0.8492199573601835,1.9619651459925174,0.0464969041031383,507,55.26440316385162,10.0,13.0,2.8215359215676763,0.015183261534167925,1.1981208695971954,1.0,4.145117025610558,40.0,1.0,0.015183261534167925,1.1981208695971954,0.8492199573601835,1.9619651459925174,0.0464969041031383,True,,steady_state,0.0,,,,,28.81253876735619,28.811504464261688,298.79181004848715,41.82086831551086,,0.0,624.9272048808934,624.7789044367337,0.7807915487650474,0.780727020550171,0.9999173553876467,1.0,,,0.9942652213295092,0.9942655145230143,40.0,80.0,,
AB,c31_translation_scale,60,0.8280144790383384,0.1290319770518289,0.27037002179377156,0.05826084057960823,0.6204055522340386,0.03495684183628822,0.7583621634069664,0.7263645287172044,56.560289580766764,10.0,13.0,2.258063954103658,0.0022478095306631353,0.5582608405796082,1.0,2.7142189076850296,40.0,1.0,0.0022478095306631353,0.5582608405796082,0.3314611576526594,2.8663694586221045,0.2179093586151613,508,56.560289580766764,10.0,13.0,2.258063954103658,0.0022478095306631353,0.5582608405796082,1.0,2.7142189076850296,40.0,1.0,0.0022478095306631353,0.5582608405796082,0.3314611576526594,2.8663694586221045,0.2179093586151613,True,,resolved_oscillation,1.0,544.75,9.63131561096606,0.0008497660392588815,0.979852696786723,422.9379782781649,8.521059688780532,460.6906676312091,175.3102997713993,0.6328591096833409,0.24638969117973783,839.0099702845838,31.022179882938627,1.300597600087557,0.005016896999029009,0.00385737833030852,0.3483670295489891,2.966666666666667,3.7409541938535975,0.9454190149664146,0.9832488261536287,40.0,80.0,0.00385737833030852,0.3483670295489891
AB,c31_translation_scale,61,0.9131071740257232,0.3467664824287139,0.6967110274247541,0.42067994138386644,0.8075253340418616,0.2672530081216734,0.8383470861435001,0.23413978590216944,58.26214348051447,10.0,13.0,2.693532964857428,0.008061984242855116,0.9206799413838664,1.0,3.668056243576292,40.0,1.0,0.008061984242855116,0.9206799413838664,0.5405277073095061,3.4460144203111054,0.07024193577065083,509,58.26214348051447,10.0,13.0,2.693532964857428,0.008061984242855116,0.9206799413838664,1.0,3.668056243576292,40.0,1.0,0.008061984242855123,0.9206799413838664,0.5405277073095061,3.4460144203111054,0.07024193577065083,True,,resolved_oscillation,1.0,587.1428571428571,10.077604805927276,0.0006437351121811656,0.9676860873738257,366.7877137613346,11.852346134837989,795.4522959720956,120.05811288259376,0.5892944038929441,0.11797378360364363,2102.357194434068,80.45766677716001,3.3454216985865943,0.05041346313072373,0.01506938965333515,0.3452566096423017,2.6666666666666665,8.994013500943067,0.9619322669866157,0.9903257600526294,40.0,80.0,0.01506938965333515,0.3452566096423017
AB,c31_translation_scale,62,0.6035793947217766,0.801443232262474,0.719759264994655,0.17571134764486795,0.9266508551756341,0.6988194616566518,0.1640253001230495,0.2529447290764799,52.07158789443553,10.0,13.0,3.602886464524948,0.008638302203949583,0.675711347644868,1.0,4.443254120010725,40.0,1.0,0.008638302203949583,0.675711347644868,0.9289375154909865,0.729449623488276,0.07588341872294398,510,52.07158789443553,10.0,13.0,3.602886464524948,0.008638302203949583,0.675711347644868,1.0,4.443254120010725,40.0,1.0,0.008638302203949583,0.675711347644868,0.9289375154909865,0.729449623488276,0.07588341872294398,True,,resolved_oscillation,1.0,636.5,12.223556563905316,0.0008605224784056026,0.9795342052695067,462.32106556354853,9.461768027406476,961.831894349718,153.3278390391691,0.575019638648861,0.25727616085314375,765.0084098111895,15.995451553510856,1.2323243952377045,0.014214730712114262,0.011534893545114284,0.3312597200622084,3.183333333333333,3.799144540850827,0.9847586021642847,0.9954832961026445,40.0,80.0,0.011534893545114284,0.3312597200622084
AB,c31_translation_scale,63,0.23882183258880485,0.795319499099534,0.45777040814547443,0.27872231544097936,0.37067281232794935,0.13998506101124197,0.4496059197472574,0.48745477977191454,44.776436651776095,10.0,13.0,3.590638998199068,0.003940696898888916,0.7787223154409794,1.0,1.8158884957389456,40.0,1.0,0.003940696898888916,0.7787223154409794,0.4259865549101177,1.4079133405994118,0.14623643393157434,511,44.776436651776095,10.0,13.0,3.590638998199068,0.003940696898888916,0.7787223154409794,1.0,1.8158884957389456,40.0,1.0,0.003940696898888916,0.7787223154409794,0.4259865549101177,1.4079133405994118,0.14623643393157434,True,,resolved_oscillation,1.0,517.1428571428571,11.549441979151867,0.0007308705279183952,0.984363900021178,444.76917437492403,6.954455278024398,476.40990401204436,281.6610655384246,0.6025414364640884,0.3499222395023328,818.911444689379,15.644780708995178,1.460849833848351,0.006617725899694921,0.004530052128808948,0.4119084647856032,3.0833333333333335,4.253303568596956,0.9623119928626264,0.9868411455096071,40.0,80.0,0.004530052128808948,0.4119084647856032
AB,c31_mrna_total_half_life_min,0,0.6523163084985453,0.36929077709565117,0.476552141139271,0.7731966058510996,0.7192846536989712,0.7991515494535374,0.7254448090198692,0.976099650949025,53.046326169970904,10.0,13.0,2.7385815541913026,0.004168776674083898,1.2731966058510995,1.0,3.1824266125417027,40.0,1.0,0.004168776674083898,1.2731966058510995,1.0192363945081835,2.6571423013092192,0.2928298952847075,512,53.046326169970904,10.0,13.0,2.7385815541913026,0.004168776674083898,1.2731966058510995,1.0,3.1824266125417027,40.0,1.0,0.004168776674083898,1.2731966058510995,1.0192363945081835,2.6571423013092192,0.2928298952847075,True,,resolved_oscillation,1.0,657.1666666666666,12.388542508315748,0.0006212248903837632,0.9922732287516397,949.6028177484038,7.337363749540235,946.300846017376,385.7779048691048,0.6505199086989601,0.26238613641413017,4190.8613350838605,78.79331861324711,6.254059874435765,0.051585534144780135,0.008248327515322057,0.4094645634303488,3.7,22.036343849107013,0.6099384145237915,0.8801692522645943,40.0,80.0,0.008248327515322057,0.4094645634303488
AB,c31_mrna_total_half_life_min,1,0.551410633705412,0.5182907415863287,0.4330535974015236,0.8524225710498768,0.26499487736458205,0.7192355361076039,0.43958862874636206,0.4556181454269522,51.02821267410824,10.0,13.0,3.0365814831726574,0.003659449176687233,1.352422571049877,1.0,1.5318755008177272,40.0,1.0,0.003659449176687233,1.352422571049877,0.9473119824968435,1.3758105427013385,0.13668544362808566,513,51.02821267410824,10.0,13.0,3.0365814831726574,0.003659449176687233,1.352422571049877,1.0,1.5318755008177272,40.0,1.0,0.003659449176687233,1.352422571049877,0.9473119824968435,1.3758105427013385,0.13668544362808566,True,,resolved_oscillation,1.0,616.6666666666666,12.084818071230698,0.0008374018045853876,0.9903192248278011,710.3721649232316,6.876953217210027,704.9759282174045,371.0877403238063,0.6243243243243244,0.299044656742946,3121.111928309643,50.14196876587045,4.890244629096533,0.023199599393470164,0.004744057026397934,0.4145745389913353,3.5166666666666666,16.242693975262757,0.883382583662678,0.9638333636362824,40.0,80.0,0.004744057026397934,0.4145745389913353
AB,c31_mrna_total_half_life_min,2,0.527858875741076,0.7885110022666142,0.8313783726110382,0.8936092939302647,0.41701061288961905,0.10285973940458293,0.21573573669677326,0.8898534260437165,50.55717751482152,10.0,13.0,3.5770220045332284,0.012068358437822065,1.3936092939302647,1.0,1.9564912497760165,40.0,1.0,0.012068358437822065,1.3936092939302647,0.3925737654641246,0.8216857229461282,0.26695602781311495,514,50.55717751482152,10.0,13.0,3.5770220045332284,0.012068358437822065,1.3936092939302647,1.0,1.9564912497760165,40.0,1.0,0.012068358437822065,1.3936092939302647,0.3925737654641246,0.8216857229461282,0.26695602781311495,True,,resolved_oscillation,1.0,474.25,9.380468279918658,0.0009760886660754364,0.93837964943025,203.57154290705836,12.544149839957829,518.2899051283887,59.613719412240016,0.5535055350553506,0.10953121528549212,444.89427758345937,23.836195319547826,0.8287268619937213,0.019559345655267044,0.023601679337643136,0.2639413463674739,2.25,1.9033528993767552,0.9545430023110135,0.9863654830077964,40.0,80.0,0.023601679337643136,0.2639413463674739
AB,c31_mrna_total_half_life_min,3,0.13384197899943828,0.2102493009055516,0.002416419738390796,0.4342247396574749,0.8048933820835706,0.012133239297335785,0.10034101852976296,0.39924093577650477,42.676839579988766,10.0,13.0,2.4204986018111034,0.001007265211108215,0.9342247396574749,1.0,3.652551354327981,40.0,1.0,0.001007265211108215,0.9342247396574749,0.3109199153676022,0.6299571693430143,0.11977228073295143,515,42.676839579988766,10.0,13.0,2.4204986018111034,0.001007265211108215,0.9342247396574749,1.0,3.652551354327981,40.0,1.0,0.001007265211108215,0.9342247396574749,0.3109199153676022,0.6299571693430143,0.11977228073295143,True,,resolved_oscillation,1.0,547.4285714285714,12.827298760081137,0.0009764241614754545,0.9940189189577608,1002.4050209308406,5.995465667334752,1070.3283235036934,552.1341351980146,0.6343293319415448,0.2906020884247945,299.22621804965735,2.969050495865838,0.563469970447332,0.0006800898563121863,0.0012069673487165096,0.16174183514774496,2.941666666666667,1.5653163731250734,0.9884518695250021,0.9965637381018329,40.0,80.0,0.0012069673487165096,0.16174183514774496
AB,c31_mrna_total_half_life_min,4,0.29839124245100024,0.4014372245417077,0.7407632727886166,0.973170057651865,0.9917832957867231,0.8395727965599573,0.009376855696073272,0.23802648392585535,45.967824849020005,10.0,13.0,2.8028744490834154,0.009199309651474802,1.4731700576518652,1.0,4.934313906381904,40.0,1.0,0.009199309651474802,1.4731700576518652,1.0556155169039616,0.5109128902873099,0.0714079451777566,516,45.967824849020005,10.0,13.0,2.8028744490834154,0.009199309651474802,1.4731700576518652,1.0,4.934313906381904,40.0,1.0,0.009199309651474802,1.4731700576518652,1.0556155169039616,0.5109128902873099,0.0714079451777566,True,,resolved_oscillation,1.0,394.8,8.588616087376534,0.0010679762445688547,0.8354332767940493,122.60881545467775,20.177330995539442,524.3095262888247,60.06094501283553,0.5663627152988855,0.0,300.3756967592224,33.499793362048194,0.659871608918558,0.031492271139854054,0.0477248463401323,0.1675183292601644,1.6666666666666667,1.2981839179988983,0.9923570566008709,0.9977241649083103,40.0,80.0,0.0477248463401323,0.1675183292601644
AB,c31_mrna_total_half_life_min,5,0.43609826489132697,0.9283144976343863,0.4369071057473428,0.6793096803954553,0.4457193604870616,0.8902233596814232,0.6087485979261583,0.2464707225199041,48.72196529782654,10.0,13.0,3.856628995268773,0.003701938928909887,1.1793096803954553,1.0,2.0490118182911075,40.0,1.0,0.003701938928909887,1.1793096803954553,1.1012010237132808,2.031040587518792,0.07394121675597122,517,48.72196529782654,10.0,13.0,3.856628995268773,0.003701938928909887,1.1793096803954553,1.0,2.0490118182911075,40.0,1.0,0.003701938928909887,1.1793096803954553,1.1012010237132808,2.031040587518792,0.07394121675597122,True,,resolved_oscillation,1.0,686.5,14.090154118446948,0.0007978478623527547,0.9931806210566109,924.3319173988594,6.303369614212281,911.8866289559346,631.6660524761804,0.6176256372906045,0.3321484114641191,5179.325760221815,48.618204349162966,8.06478684418172,0.03507376880776713,0.0043490013419351355,0.42946011997333927,4.066666666666666,30.824587142614533,0.9030114294489557,0.9683473275903671,40.0,80.0,0.0043490013419351355,0.42946011997333927
AB,c31_mrna_total_half_life_min,6,0.2794490958047151,0.8625034418378221,0.8867248432919269,0.4437347746393657,0.4617652819142606,0.17305191977008727,0.10061605529634232,0.12011926120459937,45.588981916094305,10.0,13.0,3.7250068836756443,0.014244775826231116,0.9437347746393657,1.0,2.1026165626639304,40.0,1.0,0.014244775826231116,0.9437347746393657,0.4557467277930785,0.6303562447735734,0.03603577836137981,518,45.588981916094305,10.0,13.0,3.7250068836756443,0.014244775826231116,0.9437347746393657,1.0,2.1026165626639304,40.0,1.0,0.014244775826231116,0.9437347746393657,0.4557467277930785,0.6303562447735734,0.03603577836137981,True,,resolved_oscillation,1.0,454.1111111111111,9.960983817249842,0.0007340347443112309,0.9542175728395522,238.87045514253532,10.936069213346148,459.0607798200884,71.4462604706799,0.5615365793980915,0.2161741835147745,326.6433715929296,15.316035455728025,0.6411812177609092,0.013895779769047935,0.021672156613654188,0.20617640524327926,2.325,1.494768618793703,0.9963897821288505,0.9988821049589739,40.0,80.0,0.021672156613654188,0.20617640524327926
AB,c31_mrna_total_half_life_min,7,0.9184594597167923,0.49622080261620993,0.0015575791320572296,0.7098664043105585,0.9560701223241277,0.3725144238776874,0.6547970952093067,0.35699789581469954,58.369189194335846,10.0,13.0,2.99244160523242,0.001004676993224574,1.2098664043105585,1.0,4.658695632716976,40.0,1.0,0.001004676993224574,1.2098664043105585,0.6352629814899187,2.2582244203983493,0.10709936874440985,519,58.369189194335846,10.0,13.0,2.99244160523242,0.001004676993224574,1.2098664043105585,1.0,4.658695632716976,40.0,1.0,0.001004676993224574,1.2098664043105585,0.6352629814899187,2.2582244203983493,0.10709936874440985,True,,resolved_oscillation,1.0,986.6666666666666,16.903895364755435,0.0005851522998543505,0.9982304805455109,2705.4758436048155,4.787392138909157,2632.071074510897,2012.2034593480842,0.6402027027027026,0.32526105309931125,4219.932846855827,11.773345944529785,5.362561531364772,0.00626614132700873,0.0011684977953836172,0.4072428349255721,5.508333333333334,27.69232587105283,0.9031196504583716,0.9695116652974587,40.0,80.0,0.0011684977953836172,0.4072428349255721
AB,c31_mrna_total_half_life_min,8,0.30358690650228426,0.5048124943431317,0.9217794243662824,0.25378836310641073,0.48115780150084886,0.6166769025777588,0.9671001400155134,0.37517357399106444,46.07173813004569,10.0,13.0,3.009624988686263,0.015822047372292144,0.7537883631064107,1.0,2.169276295607102,40.0,1.0,0.015822047372292144,0.7537883631064107,0.8550092123199828,4.635217786405643,0.11255207219731933,520,46.07173813004569,10.0,13.0,3.009624988686263,0.015822047372292144,0.7537883631064107,1.0,2.169276295607102,40.0,1.0,0.015822047372292144,0.7537883631064107,0.8550092123199828,4.635217786405643,0.11255207219731933,True,,resolved_oscillation,1.0,390.8181818181818,8.482818267351405,0.001035059104967992,0.9348996200225098,180.76253660399848,11.767709818615288,294.89298363814703,59.89534577081417,0.5968248429867411,0.16174183514774496,2793.007687038821,240.88762499778449,5.546244155493597,0.17316846846723277,0.031222655118005954,0.4785603199289047,2.158333333333333,12.356415741759255,0.894052862538279,0.9652016309899055,40.0,80.0,0.031222655118005954,0.4785603199289047
AB,c31_mrna_total_half_life_min,9,0.932509762265573,0.6848542803973867,0.545033930508929,0.7217621395502537,0.9406082623381035,0.4715857368406461,0.8514637314705688,0.8804158591471485,58.650195245311465,10.0,13.0,3.3697085607947734,0.005118061406490561,1.2217621395502536,1.0,4.544195017836997,40.0,1.0,0.005118061406490561,1.2217621395502536,0.7244271631565814,3.5516792320124817,0.2641247577441445,521,58.650195245311465,10.0,13.0,3.3697085607947734,0.005118061406490561,1.2217621395502536,1.0,4.544195017836997,40.0,1.0,0.005118061406490561,1.2217621395502536,0.7244271631565814,3.5516792320124817,0.2641247577441445,True,,resolved_oscillation,1.0,740.4,12.623998895539705,0.0007397657448746167,0.9865441447335791,685.3409998353219,9.221849301928238,1418.044148402089,219.29277031744195,0.6030524041058887,0.224616751832926,4180.093048100191,71.1578308133183,5.869778980375884,0.0576518492330246,0.009821809207087511,0.37680515441013107,3.6,20.313904823775072,0.6826735331874344,0.9113779271043072,40.0,80.0,0.009821809207087511,0.37680515441013107
AB,c31_mrna_total_half_life_min,10,0.5589990905755731,0.4462819689375723,0.9938149577766761,0.9015922436254239,0.8793790695616299,0.4601942566664927,0.3062416523778422,0.29314213139177814,51.17998181151146,10.0,13.0,2.8925639378751447,0.019632837420500534,1.4015922436254238,1.0,4.11774636103419,40.0,1.0,0.019632837420500534,1.4015922436254238,0.7141748309998435,1.0120725753424287,0.08794263941753344,522,51.17998181151146,10.0,13.0,2.8925639378751447,0.019632837420500534,1.4015922436254238,1.0,4.11774636103419,40.0,1.0,0.019632837420500534,1.4015922436254238,0.7141748309998435,1.0120725753424287,0.08794263941753344,True,,steady_state,0.0,,,,,16.434560787217908,16.434559827779452,1014.20273268621,56.94834931621698,,0.0,926.3400545303875,926.339356937572,1.2499590930004774,1.2499589598303258,0.9999998934603922,1.0,,,0.9818468176097832,0.9818468176677492,40.0,80.0,,
AB,c31_mrna_total_half_life_min,11,0.8825503300451477,0.7833164928346555,0.6936976459779453,0.6974159517909397,0.3326584954172609,0.6616409964329848,0.8525769204732426,0.6314419665790977,57.65100660090295,10.0,13.0,3.566632985669311,0.007989533927861336,1.1974159517909397,1.0,1.7081197333764204,40.0,1.0,0.007989533927861336,1.1974159517909397,0.8954768967896862,3.5607946176163146,0.1894325899737293,523,57.65100660090295,10.0,13.0,3.566632985669311,0.007989533927861336,1.1974159517909397,1.0,1.7081197333764204,40.0,1.0,0.007989533927861336,1.1974159517909397,0.8954768967896862,3.5607946176163146,0.1894325899737293,True,,resolved_oscillation,1.0,670.8333333333334,11.636107899681088,0.0006085688801945783,0.9855525874809267,572.6598647066721,8.273453298534058,601.6459730511298,215.6336508843468,0.6186335403726708,0.28704732281715173,5839.914313572797,155.59993033078533,8.158462303795222,0.1092154545376313,0.013386769524794586,0.4319040213285936,3.816666666666667,29.893804017688804,0.7128204586682455,0.9070236502751253,40.0,80.0,0.013386769524794586,0.4319040213285936
AB,c31_mrna_total_half_life_min,12,0.4044568990688079,0.024031735423203138,0.3713608600938766,0.5394681067715948,0.3484344915921219,0.41869845356194746,0.5906802403714907,0.5957220289699944,48.089137981376155,10.0,13.0,2.0480634708464063,0.0030419468259424236,1.039468106771595,1.0,1.7520450063988318,40.0,1.0,0.0030419468259424236,1.039468106771595,0.6768286082057526,1.9482749414692253,0.1787166086909983,524,48.089137981376155,10.0,13.0,2.0480634708464063,0.0030419468259424236,1.039468106771595,1.0,1.7520450063988318,40.0,1.0,0.0030419468259424236,1.039468106771595,0.6768286082057526,1.9482749414692253,0.1787166086909983,True,,resolved_oscillation,1.0,397.54545454545456,8.266845097107272,0.001313643413340505,0.9628539000493135,296.24483943366783,11.00434041547811,349.52801440679536,112.73691931419651,0.6401783672536017,0.16662963785825372,1368.6624424579109,96.56721856487984,2.633701074279358,0.023108652919131268,0.008774212512122065,0.4203510331037547,2.1666666666666665,5.697892174221194,0.9136786978656074,0.9725854864311275,40.0,80.0,0.008774212512122065,0.4203510331037547
AB,c31_mrna_total_half_life_min,13,0.8397119452496339,0.26008903724763854,0.8937767146418455,0.7360853102868091,0.6297901131894204,0.3533399201315356,0.17340260889187442,0.24027480692021974,56.79423890499268,10.0,13.0,2.520178074495277,0.014548905237875978,1.2360853102868092,1.0,2.755525269985407,40.0,1.0,0.014548905237875978,1.2360853102868092,0.6180059281183821,0.7453712085103538,0.07208244207606591,525,56.79423890499268,10.0,13.0,2.520178074495277,0.014548905237875978,1.2360853102868092,1.0,2.755525269985407,40.0,1.0,0.014548905237875978,1.2360853102868092,0.6180059281183821,0.7453712085103538,0.07208244207606591,True,,resolved_oscillation,1.0,358.54545454545456,6.313060293760455,0.012433245673026906,0.5120970004459139,62.896548171590425,30.687414514517037,175.1397977448704,41.9655723135595,0.6398073022312374,0.0,152.46967623301626,72.59270309792318,0.23671472153130885,0.0669548678921643,0.2828504600771464,0.0,3.075,0.709090953027894,0.9972303493373016,0.9985480268300503,40.0,80.0,0.2828504600771464,0.0
AB,c31_mrna_total_half_life_min,14,0.5050919744883469,0.29587452410599624,0.37675403278337516,0.07604663233161935,0.21428753930495725,0.20466249303767636,0.12115695723142272,0.04476630886248789,50.10183948976694,10.0,13.0,2.5917490482119927,0.0030914932147346765,0.5760466323316193,1.0,1.4118240063671235,40.0,1.0,0.0030914932147346765,0.5760466323316193,0.4841962437339087,0.6608866232413855,0.013429892658746367,526,50.10183948976694,10.0,13.0,2.5917490482119927,0.0030914932147346765,0.5760466323316193,1.0,1.4118240063671235,40.0,1.0,0.0030914932147346765,0.5760466323316193,0.4841962437339087,0.6608866232413855,0.013429892658746367,True,,resolved_oscillation,1.0,398.8,7.959787585872032,0.001057264346428746,0.9477823508646304,182.96397445410125,9.553948622457014,213.24668514353402,79.85461201771851,0.6088264794383149,0.2586091979560098,251.58382418822103,18.923557322437205,0.45695715110016105,0.0027445040495753022,0.006006042454894706,0.0,2.3916666666666666,1.067015053135404,0.9990630860726543,0.9996786996459538,40.0,80.0,0.006006042454894706,0.0
AB,c31_mrna_total_half_life_min,15,0.9354066410283456,0.4956740475582503,0.6505030867783376,0.3678801652864846,0.44262136838463495,0.3567890580726589,0.3432568450670147,0.3266761862476052,58.70813282056692,10.0,13.0,2.991348095116501,0.007019788512141638,0.8678801652864846,1.0,2.0388208196141258,40.0,1.0,0.007019788512141638,0.8678801652864846,0.621110152265393,1.1021148379412833,0.09800285587428155,527,58.70813282056692,10.0,13.0,2.991348095116501,0.007019788512141638,0.8678801652864846,1.0,2.0388208196141258,40.0,1.0,0.007019788512141638,0.8678801652864846,0.621110152265393,1.1021148379412833,0.09800285587428155,True,,resolved_oscillation,1.0,649.1666666666666,11.057525345777092,0.0006288805501368878,0.9835103793223151,517.2659118007266,8.529518675090815,643.6525000402129,200.3396478386764,0.6077021822849809,0.26171961786269715,1124.8430330749334,28.371484899295137,1.6223111039276517,0.015017355887992322,0.009256766998410456,0.3601421906243057,3.4166666666666665,5.348752970902853,0.9734510507487577,0.9920815007946431,40.0,80.0,0.009256766998410456,0.3601421906243057
AB,c31_mrna_total_half_life_min,16,0.4165039138534229,0.28577343400915445,0.19195520983891223,0.3853034399427899,0.5293155168028456,0.028087019400847124,0.7851462654148967,0.1709331898065073,48.33007827706846,10.0,13.0,2.571546868018309,0.0017772130182360899,0.8853034399427899,1.0,2.344097485863484,40.0,1.0,0.0017772130182360899,0.8853034399427899,0.3252783174607624,3.0487110843459164,0.051279956941952184,528,48.33007827706846,10.0,13.0,2.571546868018309,0.0017772130182360899,0.8853034399427899,1.0,2.344097485863484,40.0,1.0,0.0017772130182360899,0.8853034399427899,0.3252783174607624,3.048711084345915,0.051279956941952184,True,,resolved_oscillation,1.0,552.4285714285714,11.430326436915507,0.0009675866011828139,0.9894619630488466,652.1444160450383,6.872321953771009,687.3421868541229,329.623111864462,0.6263253167830359,0.29082426127527217,1512.2514596286726,26.080450188538254,2.584761787224698,0.005740694464911927,0.0022209762204337623,0.39813374805598756,3.025,7.4285091639003324,0.9789568995571298,0.9935496185778969,40.0,80.0,0.0022209762204337623,0.39813374805598756
AB,c31_mrna_total_half_life_min,17,0.5474959190386707,0.32786926200840927,0.12153798541605187,0.8674324012996638,0.7705241825193797,0.8212992686047814,0.4546634412779692,0.17215494341127735,50.94991838077341,10.0,13.0,2.6557385240168188,0.0014392113146310583,1.3674324012996637,1.0,3.4559964778269046,40.0,1.0,0.0014392113146310583,1.3674324012996637,1.039169341744303,1.4244048561220346,0.051646483023383205,529,50.94991838077341,10.0,13.0,2.6557385240168188,0.0014392113146310583,1.3674324012996637,1.0,3.4559964778269046,40.0,1.0,0.0014392113146310583,1.3674324012996637,1.039169341744303,1.4244048561220346,0.051646483023383205,True,,resolved_oscillation,1.0,748.2,14.685008804299532,0.000597719320368829,0.9967278643013164,1723.378956466414,5.639129805813731,1833.880529418897,1023.3988719861651,0.6365276663993584,0.30393245945345476,4090.134315483361,22.75971678536021,6.225047586862713,0.010483910845505748,0.0016841495103797927,0.40790935347700513,3.9833333333333334,23.314318161486025,0.9489385907451725,0.9845861601543339,40.0,80.0,0.0016841495103797927,0.40790935347700513
AB,c31_mrna_total_half_life_min,18,0.2557492081993019,0.011841787648559254,0.9901753778860107,0.5100265748839851,0.24386234796739392,0.9723548965289336,0.29985948407586593,0.07398357953597556,45.11498416398604,10.0,13.0,2.0236835752971185,0.019419939276638078,1.0100265748839852,1.0,1.4806501890554022,40.0,1.0,0.019419939276638078,1.0100265748839852,1.1751194068760402,0.9973084262635318,0.02219507386079267,530,45.11498416398604,10.0,13.0,2.0236835752971185,0.019419939276638078,1.0100265748839852,1.0,1.4806501890554022,40.0,1.0,0.019419939276638088,1.0100265748839852,1.1751194068760402,0.9973084262635318,0.02219507386079267,True,,resolved_oscillation,1.0,279.5833333333333,6.197128038815016,0.0032202800740811447,0.31658400229371386,43.86810286323961,29.980163285762888,104.06429015138875,28.885583718847208,0.664381520119225,0.0,428.5567411983462,312.43142857340075,0.7299063632447158,0.41000934199485345,0.561728685542901,0.9253499222395023,,2.6153557407016734,0.9975045369075565,0.9980788092679652,40.0,80.0,0.561728685542901,0.9253499222395023
AB,c31_mrna_total_half_life_min,19,0.9255513500073052,0.7189310719243752,0.3595363148666204,0.008470141514244522,0.614501749387959,0.9187699952713662,0.5596588598124299,0.6859534039173187,58.5110270001461,10.0,13.0,3.4378621438487507,0.0029360776030532385,0.5084701415142445,1.0,2.6885510697643706,40.0,1.0,0.0029360776030532385,0.5084701415142445,1.1268929957442295,1.8139648368818557,0.20578602117519562,531,58.5110270001461,10.0,13.0,3.4378621438487507,0.002936077603053238,0.5084701415142445,1.0,2.6885510697643706,40.0,1.0,0.0029360776030532385,0.5084701415142445,1.1268929957442295,1.8139648368818557,0.20578602117519562,True,,resolved_oscillation,1.0,718.0,12.271191206372214,0.0,0.9891560993316543,589.5898249122286,6.393453496415479,573.546185610343,387.03297607107345,0.6162952646239555,0.3696956231948456,2269.6710781051925,33.62392508287083,3.02961252027905,0.010969107089001484,0.0036206303662856356,0.46100866474116864,4.35,12.38106390794484,0.881765271621036,0.9566599570625771,40.0,80.0,0.0036206303662856356,0.46100866474116864
AB,c31_mrna_total_half_life_min,20,0.0013435690855783111,0.46494735339945903,0.7029286016979912,0.6847519706450776,0.45656378171454903,0.066410428609471,0.06584243989361571,0.5455612958419926,40.026871381711565,10.0,13.0,2.929894706798918,0.008213555491511175,1.1847519706450775,1.0,2.085087998207999,40.0,1.0,0.008213555491511175,1.1847519706450775,0.3597693857485239,0.5818518831335174,0.1636683887525978,532,40.026871381711565,10.0,13.0,2.929894706798918,0.008213555491511175,1.1847519706450775,1.0,2.085087998207999,40.0,1.0,0.008213555491511175,1.1847519706450775,0.3597693857485239,0.5818518831335174,0.1636683887525978,True,,resolved_oscillation,1.0,429.7,10.735288199325307,0.001124146826948215,0.9797047765202306,439.3799427543098,8.917314130726979,587.8079605393469,163.94388351085897,0.6044915057016523,0.24816707398355922,307.3623796266609,9.214676404684818,0.6581321498498102,0.007347702208057747,0.011164478455785115,0.2130637636080871,2.2666666666666666,1.4468115383721198,0.9806010140325889,0.9942914384288349,40.0,80.0,0.011164478455785115,0.2130637636080871
AB,c31_mrna_total_half_life_min,21,0.07885095553436716,0.31896266985311017,0.43766206874156466,0.49990424355663865,0.7169457026455673,0.4357792480321784,0.4061747243651417,0.8802543008467651,41.577019110687345,10.0,13.0,2.6379253397062206,0.0037103209571532373,0.9999042435566386,1.0,3.1704692172466618,40.0,1.0,0.0037103209571532373,0.9999042435566386,0.6922013232289606,1.2739275468319275,0.2640762902540295,533,41.577019110687345,10.0,13.0,2.6379253397062206,0.0037103209571532378,0.9999042435566386,1.0,3.1704692172466618,40.0,1.0,0.0037103209571532373,0.9999042435566386,0.6922013232289606,1.2739275468319275,0.2640762902540295,True,,resolved_oscillation,1.0,506.125,12.173191123985628,0.0006985495492087405,0.9909283102376645,768.4287511243516,6.97094723465915,825.5438394979196,362.8532937329028,0.632254877747592,0.29660075538769165,1196.1670711854504,19.807829349747976,2.3231765843312995,0.011815528327838123,0.005085936388791165,0.401244167962675,2.8,6.171917230262243,0.8744379306447826,0.9600033948188818,40.0,80.0,0.005085936388791165,0.401244167962675
AB,c31_mrna_total_half_life_min,22,0.8675713022377077,0.6969107328092301,0.6335471684261575,0.5509199571228793,0.8481709139021257,0.3486284427256984,0.088420945524749,0.08487242491476177,57.351426044754156,10.0,13.0,3.39382146561846,0.006672120325377742,1.0509199571228793,1.0,3.916030154842152,40.0,1.0,0.006672120325377742,1.0509199571228793,0.6137655984531285,0.612901874866561,0.02546172747442853,534,57.351426044754156,10.0,13.0,3.39382146561846,0.006672120325377742,1.0509199571228793,1.0,3.916030154842152,40.0,1.0,0.006672120325377742,1.0509199571228793,0.6137655984531285,0.612901874866561,0.02546172747442853,True,,resolved_oscillation,1.0,698.6,12.181039743542696,0.0007840288541442401,0.9804326247809017,516.2986208029569,10.102608838354431,1320.186648094516,161.4827617136988,0.568851989693673,0.2295045545434348,661.0491492372198,11.91816308585795,0.995830838116012,0.009483480860019919,0.009523184558093705,0.298378138191513,3.2,3.1049469636878237,0.9960811903895366,0.9988700009003926,40.0,80.0,0.009523184558093705,0.298378138191513
AB,c31_mrna_total_half_life_min,23,0.8783796245132314,0.3287124873925278,0.08087632777524123,0.428318534017873,0.25608481486483725,0.8729212352329343,0.7669995719725586,0.12612542097333246,57.56759249026463,10.0,13.0,2.6574249747850556,0.001274155779124468,0.928318534017873,1.0,1.5100648695064638,40.0,1.0,0.001274155779124468,0.928318534017873,1.0856291117096408,2.9239475389671603,0.037837626291999736,535,57.56759249026463,10.0,13.0,2.6574249747850556,0.001274155779124468,0.928318534017873,1.0,1.5100648695064638,40.0,1.0,0.001274155779124468,0.928318534017873,1.0856291117096408,2.9239475389671603,0.037837626291999736,True,,resolved_oscillation,1.0,613.5,10.657037639775368,0.0008927833048168966,0.9862333022915648,521.1153374438911,7.174037321819273,525.5520908439804,262.0467356807901,0.6229828850855745,0.2857142857142857,5744.64598841388,127.38244001593735,8.342630199048632,0.014074483541368121,0.001687055905099705,0.44590091090868694,3.45,27.29889307407872,0.95058507564291,0.9848769454160228,40.0,80.0,0.001687055905099705,0.44590091090868694
AB,c31_mrna_total_half_life_min,24,0.39314986885056447,0.3402603413700579,0.283665563286857,0.32617748054883455,0.526312222726394,0.13956516709130617,0.33057227988794047,0.31633641727601725,47.86299737701129,10.0,13.0,2.6805206827401156,0.0023391464148306627,0.8261774805488346,1.0,2.332794359765584,40.0,1.0,0.0023391464148306627,0.8261774805488346,0.42560865038217555,1.0703905943029974,0.09490092518280517,536,47.86299737701129,10.0,13.0,2.6805206827401156,0.0023391464148306627,0.8261774805488346,1.0,2.332794359765584,40.0,1.0,0.0023391464148306627,0.8261774805488346,0.42560865038217555,1.0703905943029974,0.09490092518280517,True,,resolved_oscillation,1.0,545.0,11.386666733533174,0.0,0.9884765801468305,602.2295056173048,6.93974344119493,640.4537395508464,307.8375459325698,0.6224770642201836,0.29171295267718284,651.2096416098535,11.747211048126532,1.1206542554446304,0.0032098098563672905,0.002864228499354395,0.33459231281937346,3.0166666666666666,3.2118561899677323,0.9823019426707937,0.9945783035019594,40.0,80.0,0.002864228499354395,0.33459231281937346
AB,c31_mrna_total_half_life_min,25,0.07041119244804428,0.332130848458681,0.47799425521871675,0.9860244128897545,0.32422163560981,0.23806648353124005,0.5805965225282806,0.31793519788627744,41.40822384896089,10.0,13.0,2.664261696917362,0.004186825530905909,1.4860244128897544,1.0,1.6850826151783185,40.0,1.0,0.004186825530905909,1.4860244128897544,0.514259835178116,1.9035598097042161,0.09538055936588323,537,41.40822384896089,10.0,13.0,2.664261696917362,0.004186825530905909,1.4860244128897544,1.0,1.6850826151783185,40.0,1.0,0.004186825530905909,1.4860244128897544,0.514259835178116,1.9035598097042161,0.09538055936588323,True,,resolved_oscillation,1.0,457.44444444444446,11.04718826175694,0.0011521536289173108,0.9867597997481794,584.7086837897941,7.741660062355336,640.6790588402524,254.52654069834847,0.6230264755890211,0.26816263052654965,1936.3907061449154,44.04480095369988,3.9192430509110547,0.022084546729278717,0.005634901036348081,0.4121306376360809,2.475,9.285028655106002,0.9377591130363087,0.9812290582296009,40.0,80.0,0.005634901036348081,0.4121306376360809
AB,c31_mrna_total_half_life_min,26,0.5453222821228122,0.15880740001429594,0.7315526222870028,0.9819235271006114,0.44424563520368043,0.8995501600465765,0.38752401195551645,0.8733172195768184,50.90644564245625,10.0,13.0,2.3176148000285917,0.00894894636153274,1.4819235271006113,1.0,2.0441575890491483,40.0,1.0,0.00894894636153274,1.4819235271006113,1.1095951440419187,1.2203770062766397,0.2619951658730455,538,50.90644564245625,10.0,13.0,2.3176148000285917,0.00894894636153274,1.4819235271006113,1.0,2.0441575890491483,40.0,1.0,0.00894894636153274,1.4819235271006113,1.1095951440419187,1.2203770062766397,0.2619951658730455,True,,resolved_oscillation,1.0,424.7,8.342754923077912,0.0011373814258056226,0.9488001940180592,268.54271582332166,13.749334948017541,445.24374657275376,93.68356872415637,0.6233812102660702,0.0,1535.3831986667128,123.10514185622088,2.8801899745453396,0.07066368986371292,0.024534385053842752,0.4001333037102866,2.091666666666667,6.262552588655007,0.845994995600742,0.9530596757436604,40.0,80.0,0.024534385053842752,0.4001333037102866
AB,c31_mrna_total_half_life_min,27,0.5842061138530887,0.17478857874816356,0.6751111745047766,0.21103105998534566,0.47372262078119953,0.27706809452061376,0.7601715237004689,0.20941401680263994,51.684122277061775,10.0,13.0,2.349577157496327,0.007556834108004992,0.7110310599853457,1.0,2.1434724322101038,40.0,1.0,0.007556834108004992,0.7110310599853457,0.5493612850685523,2.878336255133263,0.06282420504079197,539,51.684122277061775,10.0,13.0,2.349577157496327,0.007556834108004992,0.7110310599853457,1.0,2.1434724322101038,40.0,1.0,0.007556834108004992,0.7110310599853457,0.5493612850685523,2.878336255133263,0.06282420504079197,True,,resolved_oscillation,1.0,443.55555555555554,8.58204678755689,0.0011882305837306033,0.9600482608092636,269.6403937759877,10.772602687425744,352.0657722147128,98.78851713424065,0.6199899799599199,0.20373250388802489,1350.46053139971,88.41986611649085,2.4068756653071106,0.03376088536227423,0.014026850596774151,0.42812708287047324,2.3833333333333333,5.745241012412847,0.9756981563637674,0.9919334940851794,40.0,80.0,0.014026850596774151,0.42812708287047324
AB,c31_mrna_total_half_life_min,28,0.5150252250115483,0.5671990511643153,0.9824233046384001,0.9901042993929583,0.8684331197247117,0.5459952500686578,0.7896283595376765,0.610060609924768,50.30050450023097,10.0,13.0,3.134398102328631,0.018974143804986826,1.4901042993929583,1.0,4.045839978009278,40.0,1.0,0.018974143804986826,1.4901042993929583,0.791395725061792,3.08033793190189,0.1830181829774304,540,50.30050450023097,10.0,13.0,3.134398102328631,0.018974143804986826,1.4901042993929583,1.0,4.045839978009278,40.0,1.0,0.018974143804986833,1.4901042993929583,0.791395725061792,3.08033793190189,0.1830181829774304,True,,steady_state,0.0,,,,,14.973733766953343,14.97373116932599,1036.9330919591466,48.87585859929384,,0.0,3251.046485240728,3251.045890387758,4.463510987360623,4.463509742211993,0.9999997210382963,1.0,,,0.84939545297507,0.849395454746559,40.0,80.0,,
AB,c31_mrna_total_half_life_min,29,0.04945339346089217,0.09762210073206024,0.7021926793540646,0.5344320235740077,0.12301565154377614,0.43951840096355876,0.2705632930731807,0.8026172127841293,40.98906786921784,10.0,13.0,2.1952442014641207,0.00819546761675082,1.0344320235740077,1.0,1.2189453935804007,40.0,1.0,0.00819546761675082,1.0344320235740077,0.6955665608672028,0.9322519434682124,0.2407851638352388,541,40.98906786921784,10.0,13.0,2.1952442014641207,0.00819546761675082,1.0344320235740077,1.0,1.2189453935804007,40.0,1.0,0.00819546761675082,1.0344320235740077,0.6955665608672028,0.9322519434682124,0.2407851638352388,True,,resolved_oscillation,1.0,285.5,6.965271835674168,0.0018174238937400029,0.9008037187492116,131.2329209577356,13.017817736686029,180.87158499612855,52.518297431520246,0.6304728546409807,0.039324594534547876,500.752942190873,76.70450825046757,1.1464455161388958,0.034521345134355716,0.03011163168976391,0.40524327927127307,1.7583333333333333,2.1038480895264042,0.9452356313321508,0.9786073793370267,40.0,80.0,0.03011163168976391,0.40524327927127307
AB,c31_mrna_total_half_life_min,30,0.23529284243979742,0.8407494147148626,0.1627078196361389,0.18400605895795552,0.9153118394219858,0.6622785865219342,0.6528716408859221,0.761506421166632,44.705856848795946,10.0,13.0,3.6814988294297253,0.0016281250333504938,0.6840060589579555,1.0,4.362902627321284,40.0,1.0,0.0016281250333504938,0.6840060589579555,0.8960507278697407,2.24823469299948,0.2284519263499896,542,44.705856848795946,10.0,13.0,3.6814988294297253,0.0016281250333504938,0.6840060589579555,1.0,4.362902627321284,40.0,1.0,0.0016281250333504938,0.6840060589579555,0.8960507278697407,2.24823469299948,0.2284519263499896,True,,resolved_oscillation,1.0,673.0,15.053955956514136,0.0,0.9954726382363146,1122.8304142000795,5.083459484352463,993.1833106881181,912.54599850726,0.6289004457652303,0.328149300155521,2388.4148012595156,13.770509178394242,3.953422921397813,0.008059360001453726,0.0020385777493808267,0.4070206620750944,4.158333333333333,15.39465275167944,0.8236868369720902,0.9430958561408566,40.0,80.0,0.0020385777493808267,0.4070206620750944
AB,c31_mrna_total_half_life_min,31,0.3961908178200533,0.5858255229716866,0.8827516093406286,0.1975083502442333,0.42790177911939253,0.8533965863188613,0.2592700036940565,0.9537836951071544,47.92381635640106,10.0,13.0,3.1716510459433733,0.014076228964528923,0.6975083502442333,1.0,1.9910882451276535,40.0,1.0,0.014076228964528923,0.6975083502442333,1.0680569276869751,0.9083223657826711,0.2861351085321463,543,47.92381635640106,10.0,13.0,3.1716510459433733,0.014076228964528923,0.6975083502442333,1.0,1.9910882451276535,40.0,1.0,0.014076228964528923,0.6975083502442333,1.0680569276869751,0.9083223657826711,0.2861351085321463,True,,resolved_oscillation,1.0,437.1111111111111,9.120957894095746,0.0007625826131164211,0.9556351140672171,233.04613544841743,10.339065216244892,319.1443036676046,78.50671469011868,0.5966446365022877,0.24838924683403688,809.5201201793317,50.462154385312886,1.5003909845002312,0.03441032893104923,0.022934241332109206,0.4001333037102866,2.433333333333333,3.6533853068590085,0.9094185645612969,0.968714002739873,40.0,80.0,0.022934241332109206,0.4001333037102866
AB,c31_mrna_total_half_life_min,32,0.45544406973220386,0.8413148429729738,0.5906917281865809,0.2627126403874821,0.6550826693183404,0.7769402083886271,0.3746404967574479,0.30569927964458465,49.10888139464408,10.0,13.0,3.6826296859459475,0.005868237151616026,0.7627126403874821,1.0,2.870008191014471,40.0,1.0,0.005868237151616026,0.7627126403874821,0.9992461875497642,1.1847057630192277,0.09170978389337539,544,49.10888139464408,10.0,13.0,3.6826296859459475,0.005868237151616026,0.7627126403874821,1.0,2.870008191014471,40.0,1.0,0.005868237151616026,0.7627126403874821,0.9992461875497642,1.1847057630192277,0.09170978389337539,True,,resolved_oscillation,1.0,655.3333333333334,13.344497262460665,0.0007879925424633604,0.9903556992400607,735.3456456115443,7.091894568789473,823.9812391349678,403.6040303426928,0.6103763987792472,0.31215285492112865,1769.6385386551376,23.959995580148394,2.8065088861194663,0.0190356028457383,0.006782662595470578,0.401910686514108,3.75,9.951960427339513,0.957318754606107,0.9866768024089313,40.0,80.0,0.006782662595470578,0.401910686514108
AB,c31_mrna_total_half_life_min,33,0.9227593837099817,0.2542365218699282,0.11984868902090784,0.21289201770014698,0.2844369626022776,0.215498302700181,0.16063485842371594,0.8553785018010519,58.455187674199635,10.0,13.0,2.5084730437398566,0.001431946325499754,0.712892017700147,1.0,1.5805669808537361,40.0,1.0,0.001431946325499754,0.712892017700147,0.4939484724301629,0.7237771411025131,0.25661355054031554,545,58.455187674199635,10.0,13.0,2.5084730437398566,0.0014319463254997538,0.712892017700147,1.0,1.5805669808537361,40.0,1.0,0.001431946325499754,0.712892017700147,0.4939484724301629,0.7237771411025131,0.25661355054031554,True,,resolved_oscillation,1.0,553.8571428571429,9.474901456891546,0.0006824223139191617,0.9780175991643725,370.26994539755594,8.139422357114992,385.2149097604009,165.69579393309297,0.6225432035078668,0.2759386802932682,453.4872166064294,16.3811971608425,0.6753701141634634,0.0015166578311362738,0.002245669151373182,0.24350144412352812,3.1166666666666667,2.019496362521043,0.9648855062496833,0.9888010594374602,40.0,80.0,0.002245669151373182,0.24350144412352812
AB,c31_mrna_total_half_life_min,34,0.07950435043954462,0.9662316694526888,0.37274283035622435,0.1750304734321343,0.9875008646722722,0.4630627884669968,0.7921451734282049,0.5292730561158066,41.590087008790896,10.0,13.0,3.932463338905378,0.003054566630142853,0.6750304734321343,1.0,4.900422030910761,40.0,1.0,0.003054566630142853,0.6750304734321343,0.716756509620297,3.0982408642042394,0.15878191683474197,546,41.590087008790896,10.0,13.0,3.932463338905378,0.003054566630142853,0.6750304734321343,1.0,4.900422030910761,40.0,1.0,0.003054566630142853,0.6750304734321343,0.716756509620297,3.0982408642042394,0.15878191683474197,True,,resolved_oscillation,1.0,647.1666666666666,15.560599008361656,0.0006308240388316194,0.9950529047692406,1137.7100092373787,5.628359760685486,1079.3249358256164,878.5258131012052,0.6250321916044297,0.35258831370806487,2547.760336501012,16.995550487765506,4.5244445516854075,0.016446552377246845,0.0036350434156874165,0.4301266385247723,3.95,16.775117572330867,0.8713714605422195,0.9559878912578834,40.0,80.0,0.0036350434156874165,0.4301266385247723
AB,c31_mrna_total_half_life_min,35,0.6334398631188464,0.44530082088652956,0.9710384632196135,0.6253248415770387,0.2880167805261743,0.12196760263835515,0.62528081979759,0.8441290579269647,52.66879726237693,10.0,13.0,2.890601641773059,0.018337923961669205,1.1253248415770387,1.0,1.5896996928880285,40.0,1.0,0.018337923961669205,1.1253248415770387,0.4097708423745196,2.109846327023389,0.2532387173780894,547,52.66879726237693,10.0,13.0,2.890601641773059,0.018337923961669205,1.1253248415770387,1.0,1.5896996928880285,40.0,1.0,0.018337923961669212,1.1253248415770387,0.4097708423745196,2.109846327023389,0.2532387173780894,True,,resolved_oscillation,1.0,359.9166666666667,6.833584311289506,0.0008020610361513672,0.806948772701134,89.28902421060012,17.237355708174526,201.69034484114738,36.9945565695772,0.5966658948830748,0.0,570.5369480300341,113.57698054291649,1.0550587164569856,0.07687027535829317,0.07285876526041397,0.34259053543656964,2.0,2.434543283052189,0.9461104484437924,0.9798233872728529,40.0,80.0,0.07285876526041397,0.34259053543656964
AB,c31_mrna_total_half_life_min,36,0.6761306877039921,0.05417488428145534,0.12327418220657027,0.9714779234866264,0.28757541677892484,0.6833932859140744,0.9547223728797435,0.42248977462753035,53.52261375407984,10.0,13.0,2.1083497685629107,0.0014467164135972767,1.4714779234866264,1.0,1.588570854590359,40.0,1.0,0.0014467164135972767,1.4714779234866264,0.915053957322667,4.504974916772925,0.1267469323882591,548,53.52261375407984,10.0,13.0,2.1083497685629107,0.0014467164135972767,1.4714779234866264,1.0,1.588570854590359,40.0,1.0,0.0014467164135972767,1.4714779234866264,0.915053957322667,4.504974916772925,0.1267469323882591,True,,resolved_oscillation,1.0,513.1428571428571,9.587402803244862,0.0007365677369333492,0.9837362444069725,540.8494416199796,8.796243131132822,521.0860696791093,211.71911902755406,0.6555679287305123,0.24216840702066209,7018.781050800961,275.0733494363511,11.360399713031173,0.03997586182636031,0.0035188781060674474,0.5138858031548544,2.85,31.33316376594264,0.7516463329654068,0.9178396495604431,40.0,80.0,0.0035188781060674474,0.5138858031548544
AB,c31_mrna_total_half_life_min,37,0.9942080218192769,0.6593242047859554,0.2048195830433457,0.11408570344483138,0.7692102833324719,0.24995871660714786,0.1599217123837603,0.5441891502418968,59.88416043638554,10.0,13.0,3.318648409571911,0.001847040512471595,0.6140857034448314,1.0,3.4486960139662837,40.0,1.0,0.001847040512471595,0.6140857034448314,0.524962844946433,0.7225896168108901,0.16325674507256904,549,59.88416043638554,10.0,13.0,3.318648409571911,0.001847040512471595,0.6140857034448314,1.0,3.4486960139662837,40.0,1.0,0.001847040512471595,0.6140857034448314,0.524962844946433,0.7225896168108901,0.16325674507256904,True,,resolved_oscillation,1.0,844.5,14.10222659624836,0.0006836592885608357,0.994455812963465,1020.1265620153155,5.655772460750332,1052.3174918499976,728.0726811332784,0.62048549437537,0.34259053543656964,602.6727197946581,4.183823201336795,0.7696125669013034,0.0015464710905174713,0.0020094150706816533,0.30748722506109755,4.866666666666666,3.5144670907275364,0.9773832242693673,0.9925269341538122,40.0,80.0,0.0020094150706816533,0.30748722506109755
AB,c31_mrna_total_half_life_min,38,0.4452386990402637,0.45484334849897157,0.3778401004807026,0.5335265915484285,0.7580538097473309,0.7955874573466426,0.8123640919183479,0.4984037620752796,48.904773980805274,10.0,13.0,2.909686696997943,0.00310156797886956,1.0335265915484286,1.0,3.387325056628274,40.0,1.0,0.00310156797886956,1.0335265915484286,1.0160287116119782,3.2458922296632355,0.14952112862258388,550,48.904773980805274,10.0,13.0,2.909686696997943,0.00310156797886956,1.0335265915484286,1.0,3.387325056628274,40.0,1.0,0.00310156797886956,1.0335265915484286,1.0160287116119782,3.245892229663237,0.14952112862258388,True,,resolved_oscillation,1.0,665.8333333333334,13.614894398544148,0.0006131388592698819,0.9944491166597962,1119.2691890984524,6.212932694969942,1062.5795363699951,607.0405080553833,0.6397997496871088,0.2892690513219285,5383.497301269135,59.559206096893504,8.497954319596365,0.03797950993605891,0.004469253247040619,0.4185736502999334,3.8333333333333335,30.713352628283868,0.7749738149292886,0.9315000263354972,40.0,80.0,0.004469253247040619,0.4185736502999334
AB,c31_mrna_total_half_life_min,39,0.6660332596561213,0.9549278270831529,0.6069990404660162,0.752066943141399,0.9605213971708908,0.4830470007968839,0.9423226135772548,0.5658874191471764,53.32066519312242,10.0,13.0,3.909855654166306,0.006162032137168318,1.2520669431413989,1.0,4.692190600041989,40.0,1.0,0.006162032137168318,1.2520669431413989,0.7347423007171954,4.378169971065666,0.16976622574415293,551,53.32066519312242,10.0,13.0,3.909855654166306,0.006162032137168317,1.2520669431413989,1.0,4.692190600041989,40.0,1.0,0.006162032137168323,1.2520669431413989,0.7347423007171954,4.378169971065666,0.16976622574415293,True,,resolved_oscillation,1.0,635.6666666666666,11.921581705035784,0.000812371965643926,0.9720931085303166,382.08133583539205,10.662702371749948,1310.5991519435308,109.8835345010172,0.563581541688516,0.1995112197289491,4676.984902704672,95.86463139983519,7.59205485990289,0.08896728742518323,0.0117184726753043,0.3765829815596534,2.8833333333333333,21.247244923029875,0.7661755820141748,0.936386808579426,40.0,80.0,0.0117184726753043,0.3765829815596534
AB,c31_mrna_total_half_life_min,40,0.07938517308078696,0.022029308983154694,0.46089644750850756,0.321935567576238,0.7521861907367888,0.6828149072520601,0.5696106995719685,0.6518343044389883,41.58770346161574,10.0,13.0,2.0440586179663094,0.003977773984957273,0.821935567576238,1.0,3.3554871886080764,40.0,1.0,0.003977773984957273,0.821935567576238,0.9145334165268539,1.8560116756137317,0.19555029133169646,552,41.58770346161574,10.0,13.0,2.0440586179663094,0.003977773984957273,0.821935567576238,1.0,3.3554871886080764,40.0,1.0,0.003977773984957273,0.821935567576238,0.9145334165268539,1.8560116756137317,0.19555029133169646,True,,resolved_oscillation,1.0,395.5,9.510022604759486,0.001332607526408925,0.9760678939467954,408.19221005467745,9.768899261120513,510.6574779831346,160.3591199509947,0.6409608091024019,0.1995112197289491,1346.6251035474386,62.27806931988409,2.8827112932334384,0.02427783157685427,0.008421874099512288,0.4072428349255721,2.091666666666667,5.966921505093224,0.8944543483480552,0.9677854369650901,40.0,80.0,0.008421874099512288,0.4072428349255721
AB,c31_mrna_total_half_life_min,41,0.9815064036168787,0.6484862657754508,0.8948493318150219,0.4999552130251841,0.7789299613558915,0.5872141849970318,0.5460994556731844,0.899810359527491,59.63012807233757,10.0,13.0,3.2969725315509013,0.014595730045276952,0.9999552130251841,1.0,3.5030688932033924,40.0,1.0,0.014595730045276952,0.9999552130251841,0.8284927664973285,1.7582047944954797,0.26994310785824727,553,59.63012807233757,10.0,13.0,3.2969725315509013,0.014595730045276952,0.9999552130251841,1.0,3.5030688932033924,40.0,1.0,0.014595730045276952,0.9999552130251841,0.8284927664973285,1.7582047944954797,0.26994310785824727,True,,steady_state,0.0,,,,,30.393430323678643,30.25819487487849,146.52472913617856,30.572705240081902,,0.0,317.0390789140939,315.0701966359916,0.3684750811647192,0.3645023278995072,0.9892183936762984,0.0,,,0.9794787746708477,0.9796478299696715,40.0,80.0,,
AB,c31_mrna_total_half_life_min,42,0.2634626562834709,0.9747032019221333,0.7824072395318442,0.7109816588766164,0.952904028663561,0.31261461683648606,0.2974351594006245,0.5177094697691266,45.269253125669415,10.0,13.0,3.9494064038442667,0.010421621292670104,1.2109816588766162,1.0,4.635017018010833,40.0,1.0,0.010421621292670104,1.2109816588766162,0.5813531551528375,0.9917567470925224,0.15531284093073797,554,45.269253125669415,10.0,13.0,3.9494064038442667,0.010421621292670104,1.2109816588766162,1.0,4.635017018010833,40.0,1.0,0.010421621292670104,1.2109816588766162,0.5813531551528375,0.9917567470925224,0.15531284093073797,True,,resolved_oscillation,1.0,320.0769230769231,7.070514774970456,0.009583990291893083,0.28509582674577194,38.30187532870356,27.382170515953334,135.70346331023975,28.437745735249248,0.6334414804133621,0.0,88.00157907329547,47.23767340956013,0.14990910379185637,0.06037307512086859,0.4027312124065162,0.0,2.6333333333333333,0.49044341419117976,0.9958483655500435,0.9973917423894064,40.0,80.0,0.4027312124065162,0.0
AB,c31_mrna_total_half_life_min,43,0.11902604624430946,0.7238209620991736,0.5130660887379298,0.037791826390061733,0.20526307490198326,0.9864411902014837,0.256509519573614,0.8698764918089886,42.38052092488619,10.0,13.0,3.447641924198347,0.004650657653682553,0.5377918263900617,1.0,1.3914664273870667,40.0,1.0,0.004650657653682553,0.5377918263900617,1.1877970711813353,0.9025671522854474,0.26096294754269656,555,42.38052092488619,10.0,13.0,3.447641924198347,0.004650657653682553,0.5377918263900617,1.0,1.3914664273870667,40.0,1.0,0.004650657653682553,0.5377918263900617,1.1877970711813353,0.9025671522854474,0.26096294754269656,True,,resolved_oscillation,1.0,358.8181818181818,8.466582618324562,0.0011273673909950337,0.9441171600713373,155.8119454026429,8.707214003909431,185.6857348048955,87.87450295638861,0.5841398530529516,0.33748055987558323,744.5900698949514,48.099174198912024,1.5232964400285152,0.010024334260113368,0.006580685148798561,0.4596756276383026,2.3,3.3659950875546225,0.9189829004937746,0.9690133186325696,40.0,80.0,0.006580685148798561,0.4596756276383026
AB,c31_mrna_total_half_life_min,44,0.5856463892471487,0.31809303652452925,0.05540641720968964,0.35037645481237045,0.920254666357244,0.26509542561439037,0.43099992654470154,0.5024287034658289,51.71292778494298,10.0,13.0,2.6361860730490587,0.0011805527868287793,0.8503764548123705,1.0,4.397748692253874,40.0,1.0,0.0011805527868287793,0.8503764548123705,0.5385858830529513,1.348869488078601,0.15072861103974866,556,51.71292778494298,10.0,13.0,2.6361860730490587,0.0011805527868287793,0.8503764548123705,1.0,4.397748692253874,40.0,1.0,0.0011805527868287793,0.8503764548123705,0.5385858830529513,1.348869488078601,0.15072861103974866,True,,resolved_oscillation,1.0,741.6,14.34070805435867,0.0007385687129249813,0.9962618201633119,1445.8124427282758,5.404706921039607,1487.1741365164037,902.7365438461491,0.6364617044228694,0.3192623861364141,1279.9821379450605,7.774042467238882,1.9167464164382981,0.0026295846657953684,0.0013719001341250283,0.3845812041768496,4.066666666666666,7.3155979755602045,0.9487618440392899,0.9838289771274363,40.0,80.0,0.0013719001341250283,0.3845812041768496
AB,c31_mrna_total_half_life_min,45,0.5735089914149888,0.2349033339983554,0.05175284264692048,0.5805394677833117,0.9703789917660842,0.9217209976436966,0.06365939737963755,0.4085949628878395,51.47017982829978,10.0,13.0,2.4698066679967106,0.0011677019370594456,1.0805394677833116,1.0,4.767226736092789,40.0,1.0,0.0011677019370594456,1.0805394677833116,1.1295488978793269,0.5789344610743091,0.12257848886635184,557,51.47017982829978,10.0,13.0,2.4698066679967106,0.0011677019370594456,1.0805394677833116,1.0,4.767226736092789,40.0,1.0,0.0011677019370594456,1.0805394677833116,1.1295488978793269,0.5789344610743091,0.12257848886635184,True,,resolved_oscillation,1.0,757.2,14.711431017454302,0.0005906148910459033,0.9969799153367863,1836.3831675019583,5.546032639956257,1994.073670691356,1062.3465184082715,0.6391970417326994,0.29082426127527217,1425.7203595038811,7.612439147244515,2.1604980287817397,0.0029772135386377666,0.001378021872260886,0.36280826483003775,3.95,8.042135627993236,0.9545389473490028,0.9867194958617076,40.0,80.0,0.001378021872260886,0.36280826483003775
AB,c31_mrna_total_half_life_min,46,0.9964774922142574,0.7068669270486545,0.375212687785102,0.3997873384363825,0.13524852246151498,0.06723370737678591,0.04330771889028384,0.3768147788965731,59.92954984428515,10.0,13.0,3.413733854097309,0.003077251283941284,0.8997873384363825,1.0,1.2431818481929522,40.0,1.0,0.003077251283941284,0.8997873384363825,0.3605103366391073,0.5524305954192793,0.11304443366897193,558,59.92954984428515,10.0,13.0,3.413733854097309,0.003077251283941284,0.8997873384363825,1.0,1.2431818481929522,40.0,1.0,0.003077251283941284,0.8997873384363825,0.3605103366391073,0.5524305954192793,0.11304443366897193,True,,resolved_oscillation,1.0,678.5,11.321626839563212,0.000807255058961188,0.985064584648354,471.0185296301693,7.034857378348125,503.4417669730592,283.77419251596825,0.6028002947678703,0.3257053988002666,419.710586428971,7.816399338388816,0.5674193302062526,0.0019845680661352066,0.003497533412218846,0.1870695401021995,3.933333333333333,2.107856638539641,0.9891074121011032,0.9964441350828911,40.0,80.0,0.003497533412218846,0.1870695401021995
AB,c31_mrna_total_half_life_min,47,0.36135447392295206,0.6878005187327936,0.4760701006722087,0.3537843335240982,0.035015686851467165,0.6317049050261032,0.921882303225169,0.07781224274133436,47.22708947845904,10.0,13.0,3.375601037465587,0.004162761037524378,0.8537843335240982,1.0,1.0579738047865839,40.0,1.0,0.004162761037524378,0.8537843335240982,0.8685344145234928,4.1768829739048625,0.023343672822400307,559,47.22708947845904,10.0,13.0,3.375601037465587,0.004162761037524378,0.8537843335240982,1.0,1.0579738047865839,40.0,1.0,0.004162761037524378,0.8537843335240982,0.8685344145234928,4.1768829739048625,0.023343672822400307,True,,resolved_oscillation,1.0,444.3333333333333,9.408442024275075,0.0011252813203300827,0.9672324333672417,248.66438182589488,8.14812670067367,277.45194985312776,134.6000619141069,0.5913353338334584,0.32881581870695403,4935.365576636263,205.51118636071752,8.913511693558963,0.046854367878615306,0.005256555383494137,0.5174405687624972,2.6666666666666665,22.772822455116874,0.9679110219737406,0.9886720308239817,40.0,80.0,0.005256555383494137,0.5174405687624972
AB,c31_mrna_total_half_life_min,48,0.14462614962212772,0.2012148931522557,0.5951396450376651,0.09776566282190036,0.303708843795952,0.5655754693836429,0.7989984655054873,0.8616507708534276,42.89252299244255,10.0,13.0,2.4024297863045114,0.005946953323288362,0.5977656628219004,1.0,1.63035947537973,40.0,1.0,0.005946953323288362,0.5977656628219004,0.8090179224452785,3.147519793121467,0.25849523125602825,560,42.89252299244255,10.0,13.0,2.4024297863045114,0.005946953323288362,0.5977656628219004,1.0,1.6303594753797301,40.0,1.0,0.005946953323288362,0.5977656628219004,0.8090179224452785,3.1475197931214685,0.25849523125602825,True,,resolved_oscillation,1.0,322.46153846153845,7.51789626640416,0.0016091051482862641,0.9299330232429611,148.2067747108539,10.3844006389011,173.07004657690638,61.4828352168743,0.6295324427480916,0.24150188846922907,1404.294702102791,164.969398957005,2.9265308872954696,0.0482415405777615,0.016484206876881295,0.5278826927349478,2.125,6.1900669653780005,0.8463362855861067,0.9397948730113164,40.0,80.0,0.016484206876881295,0.5278826927349478
AB,c31_mrna_total_half_life_min,49,0.40497024324456166,0.8760220927708037,0.29672674234775864,0.5899843875985493,0.0475287430060467,0.30095928254761795,0.6182417392133033,0.5060696597871368,48.099404864891234,10.0,13.0,3.7520441855416076,0.0024324862403586806,1.0899843875985493,1.0,1.079496318858968,40.0,1.0,0.0024324862403586806,1.0899843875985493,0.5708633542928561,2.075925403841996,0.15182089793614104,561,48.099404864891234,10.0,13.0,3.7520441855416076,0.0024324862403586806,1.0899843875985493,1.0,1.079496318858968,40.0,1.0,0.0024324862403586806,1.0899843875985493,0.5708633542928561,2.075925403841996,0.15182089793614104,True,,resolved_oscillation,1.0,532.2857142857143,11.066367988977778,0.0009167069928394701,0.9823484709297133,394.14945997084754,6.957340650713229,400.72964890385606,266.75535834709683,0.6007112184648415,0.34970006665185516,2288.158936080879,48.15829650402744,3.8012897023845666,0.011300288189615705,0.0029727511119520783,0.464119084647856,3.283333333333333,11.701066624136233,0.8975163500061283,0.9641151466824864,40.0,80.0,0.0029727511119520783,0.464119084647856
AB,c31_mrna_total_half_life_min,50,0.9975856292646897,0.5657544237723552,0.30706557444850346,0.4275679161838194,0.3166776682977941,0.5557163730357745,0.7486800542462877,0.015263045840949063,59.95171258529379,10.0,13.0,3.13150884754471,0.0025090049780829666,0.9275679161838194,1.0,1.6647468092951054,40.0,1.0,0.0025090049780829666,0.9275679161838194,0.8001447357321969,2.80317401448334,0.0045789137522847185,562,59.95171258529379,10.0,13.0,3.13150884754471,0.0025090049780829666,0.9275679161838194,1.0,1.6647468092951054,40.0,1.0,0.0025090049780829666,0.9275679161838194,0.8001447357321969,2.80317401448334,0.0045789137522847185,True,,resolved_oscillation,1.0,730.6,12.186474222242934,0.0007496886908091516,0.9902163710938621,673.42970759576,6.588586353485909,710.5548718225826,398.87370793369814,0.6138790035587188,0.33792490557653854,4979.358121306127,66.57524275364615,6.649322670805516,0.018789508957995128,0.002825777885692366,0.4565652077316152,4.116666666666666,25.84927170428686,0.995393058865953,0.9984640257884646,40.0,80.0,0.002825777885692366,0.4565652077316152
AB,c31_mrna_total_half_life_min,51,0.9268934724441079,0.6010086289668761,0.8318839924281232,0.564140076180349,0.1552169247113192,0.37544963365442785,0.45996821847350866,0.47424948218286234,58.53786944888216,10.0,13.0,3.2020172579337522,0.012086652251044236,1.064140076180349,1.0,1.283784046812436,40.0,1.0,0.012086652251044236,1.064140076180349,0.637904670288985,1.4419102291888144,0.1422748446548587,563,58.53786944888216,10.0,13.0,3.2020172579337522,0.012086652251044234,1.064140076180349,1.0,1.283784046812436,40.0,1.0,0.012086652251044236,1.064140076180349,0.637904670288985,1.4419102291888144,0.1422748446548587,True,,resolved_oscillation,1.0,550.2857142857143,9.400508072236008,0.000886721250083039,0.9637228257276789,286.4508509637976,10.391627440868378,393.13385082177524,91.29566054706748,0.592056074766355,0.22128415907576093,1465.563750210824,74.82972229885544,2.2435388194487524,0.042640794631288864,0.01900604271325508,0.389691179737836,2.9,6.483312856604486,0.943947732123504,0.9827008272558214,40.0,80.0,0.01900604271325508,0.389691179737836
AB,c31_mrna_total_half_life_min,52,0.14798006523291785,0.030678042283148188,0.974311847035165,0.29119072017962766,0.04515025280363083,0.5388037075942974,0.028326043068800266,0.9397471766847376,42.95960130465836,10.0,13.0,2.061356084566296,0.018518633560568088,0.7911907201796277,1.0,1.0753718713717284,40.0,1.0,0.018518633560568088,0.7911907201796277,0.7849233368348676,0.5336985801442843,0.2819241530054213,564,42.95960130465836,10.0,13.0,2.061356084566296,0.018518633560568088,0.7911907201796277,1.0,1.0753718713717284,40.0,1.0,0.018518633560568088,0.7911907201796277,0.7849233368348676,0.5336985801442843,0.2819241530054213,True,,resolved_oscillation,1.0,268.14285714285717,6.241744546027268,0.0014095638311478903,0.18721228448824456,30.819085058706833,25.049373739028802,74.3206413519891,19.334684950939565,0.6656899307405434,0.0,150.65360528864358,124.68476947379641,0.2583069477651155,0.18834073400281628,0.7291353780157663,0.0,3.066666666666667,0.9915815916199773,0.9847251244545071,0.9868559440281408,40.0,80.0,0.7291353780157663,0.0
AB,c31_mrna_total_half_life_min,53,0.9465837550526778,0.5897803298867728,0.4516407049781953,0.47750599276686445,0.03580917778042536,0.1308974079005698,0.2375870968282664,0.09603869403120302,58.93167510105356,10.0,13.0,3.1795606597735455,0.0038689944295550852,0.9775059927668645,1.0,1.0593257791340285,40.0,1.0,0.0038689944295550852,0.9775059927668645,0.4178076671105128,0.864086263528194,0.028811608209360906,565,58.93167510105356,10.0,13.0,3.1795606597735455,0.0038689944295550857,0.9775059927668645,1.0,1.0593257791340285,40.0,1.0,0.0038689944295550852,0.9775059927668645,0.4178076671105128,0.864086263528194,0.028811608209360906,True,,resolved_oscillation,1.0,614.8333333333334,10.432985865055473,0.0006639983038176139,0.9804991824116394,392.38468096432734,7.651822087952447,422.9561683226891,203.63842784703763,0.6027649769585254,0.299044656742946,750.076057702023,19.789054318086382,1.0653956925560377,0.004931248964849014,0.00462856101193561,0.33925794267940457,3.5166666666666666,3.5602216891153042,0.9952394779422942,0.9984970880415518,40.0,80.0,0.00462856101193561,0.33925794267940457
AB,c31_mrna_total_half_life_min,54,0.26707177914853697,0.4436206392795494,0.17817196494572562,0.8842841371519518,0.8781615463568023,0.5249468382666946,0.6703550080423818,0.5642563382340674,45.34143558297074,10.0,13.0,2.887241278559099,0.001705324654201179,1.3842841371519516,1.0,4.109685422118879,40.0,1.0,0.001705324654201179,1.3842841371519516,0.7724521544400251,2.3405882062467755,0.1692769014702202,566,45.34143558297074,10.0,13.0,2.887241278559099,0.0017053246542011787,1.3842841371519516,1.0,4.109685422118879,40.0,1.0,0.001705324654201179,1.3842841371519516,0.7724521544400251,2.3405882062467755,0.1692769014702202,True,,resolved_oscillation,1.0,704.8,15.544280654949258,0.0006345255327751957,0.9972294248709629,1902.5815487861425,5.271245120031948,1757.5792627907679,1236.1934704384225,0.645289443813848,0.32059542323928014,4026.26326176459,21.567110671723885,6.6620942041346325,0.015334935760067638,0.002301819111256407,0.41790713174850036,4.033333333333333,25.20756723540942,0.7955289573440408,0.9341026527982356,40.0,80.0,0.002301819111256407,0.41790713174850036
AB,c31_mrna_total_half_life_min,55,0.03934806720952966,0.7974544171486171,0.9613679503326873,0.09528084265622816,0.8506665333513728,0.9500335252854892,0.7231251491683003,0.9868204735962427,40.786961344190594,10.0,13.0,3.594908834297234,0.01781429091501406,0.5952808426562282,1.0,3.931790694711237,40.0,1.0,0.01781429091501406,0.5952808426562282,1.1550301727569403,2.642987769973768,0.2960461420788728,567,40.786961344190594,10.0,13.0,3.594908834297234,0.01781429091501406,0.5952808426562282,1.0,3.931790694711237,40.0,1.0,0.01781429091501406,0.5952808426562282,1.1550301727569403,2.642987769973768,0.2960461420788728,True,,resolved_oscillation,1.0,360.09090909090907,8.828578967974476,0.0008373200682543297,0.8975464830282226,122.28688565223858,12.528721514597414,319.5834062701989,42.90860624685516,0.5859631406210554,0.1237502777160631,1293.555280994151,115.11821397552208,2.8831381643252656,0.11748923129314777,0.04075046862023815,0.4410131081981782,1.95,5.888421475452234,0.8173749721819342,0.9372594278997575,40.0,80.0,0.04075046862023815,0.4410131081981782
AB,c31_mrna_total_half_life_min,56,0.8516256211406352,0.03206752876612384,0.37451105081748515,0.9271816890983423,0.27187136671284284,0.5778246572201604,0.3593400345228098,0.9634675135066714,57.0325124228127,10.0,13.0,2.0641350575322477,0.0030707899516370578,1.4271816890983424,1.0,1.5489233627326284,40.0,1.0,0.0030707899516370578,1.4271816890983424,0.8200421914981444,1.143694516478543,0.2890402540520014,568,57.0325124228127,10.0,13.0,2.0641350575322477,0.003070789951637058,1.4271816890983424,1.0,1.5489233627326284,40.0,1.0,0.0030707899516370578,1.4271816890983424,0.8200421914981444,1.1436945164785433,0.2890402540520014,True,,resolved_oscillation,1.0,503.125,8.8217225338078,0.0007027148136015379,0.9742019534336983,418.35338070875866,10.792699996694319,480.8951156695047,153.47603949764394,0.6444720496894409,0.1699622306154188,1515.3257338548476,80.16513393300308,2.4384930319217992,0.018454798196409414,0.007568116026915613,0.3994667851588536,2.6,6.280852137568773,0.8506812090275051,0.9538493451685278,40.0,80.0,0.007568116026915613,0.3994667851588536
AB,c31_mrna_total_half_life_min,57,0.8296311980119584,0.33407868225380877,0.1063301011098382,0.7176518981589709,0.6864182526670649,0.11947963965489417,0.40261719914025096,0.10802242958869912,56.592623960239166,10.0,13.0,2.6681573645076178,0.0013751138332981391,1.2176518981589708,1.0,3.0184623908556323,40.0,1.0,0.0013751138332981391,1.2176518981589708,0.40753167568940474,1.2635347878145042,0.03240672887660973,569,56.592623960239166,10.0,13.0,2.6681573645076178,0.0013751138332981391,1.2176518981589708,1.0,3.0184623908556323,40.0,1.0,0.0013751138332981391,1.2176518981589708,0.40753167568940474,1.2635347878145042,0.03240672887660973,True,,resolved_oscillation,1.0,804.25,14.21121594512122,0.0006216972334473111,0.996196905702898,1515.0151737552221,5.76174556733154,1628.8749536853268,894.2111284856184,0.632390425862605,0.3228171517440569,1446.6962203875055,8.845728368245508,2.002205512448674,0.003105162160791712,0.0015508708479151745,0.39635636525216617,4.25,8.02104663806145,0.9898997845825634,0.9967656667904398,40.0,80.0,0.0015508708479151745,0.39635636525216617
AB,c31_mrna_total_half_life_min,58,0.8175887117605869,0.1733204554271618,0.2545619395517319,0.5238700721010965,0.44611669420234423,0.8290791619985357,0.9020553927410472,0.08649524189862356,56.351774235211735,10.0,13.0,2.3466409108543234,0.002143841724452986,1.0238700721010965,1.0,2.0503225475030376,40.0,1.0,0.002143841724452986,1.0238700721010965,1.046171245798682,3.9904823759420074,0.025948572569587068,570,56.351774235211735,10.0,13.0,2.3466409108543234,0.002143841724452986,1.0238700721010965,1.0,2.0503225475030376,40.0,1.0,0.002143841724452986,1.0238700721010965,1.046171245798682,3.9904823759420074,0.025948572569587068,True,,resolved_oscillation,1.0,604.4285714285714,10.725990079845449,0.0008843435090460746,0.9878186847456125,645.444095096466,7.862358001452878,696.3981406606902,274.7410727174915,0.6315882770030725,0.24416796267496113,7367.468941261615,166.30145211548881,11.209859222126454,0.03454014382330971,0.003081229044797729,0.4319040213285936,3.1416666666666666,33.92767674537535,0.9550208368142757,0.9872860421968677,40.0,80.0,0.003081229044797729,0.4319040213285936
AB,c31_mrna_total_half_life_min,59,0.7632201581925808,0.41076796078383804,0.9080229332326699,0.6981208695971955,0.883495417972424,0.0023260163113936194,0.5288727345928682,0.15498968034379434,55.26440316385162,10.0,13.0,2.8215359215676763,0.015183261534167925,1.1981208695971954,1.0,4.145117025610558,40.0,1.0,0.015183261534167925,1.1981208695971954,0.30209341468025425,1.6898289219653018,0.0464969041031383,571,55.26440316385162,10.0,13.0,2.8215359215676763,0.015183261534167925,1.1981208695971954,1.0,4.145117025610558,40.0,1.0,0.015183261534167925,1.1981208695971954,0.30209341468025425,1.6898289219653018,0.0464969041031383,True,,steady_state,0.0,,,,,28.630445150302727,28.62878655264188,304.18442384295804,41.96769433442837,,0.0,194.92657721431794,194.88021810966492,0.24355723264031948,0.24352526975719616,0.9998687664382748,0.0,,,0.998211114317261,0.9982113170463989,40.0,80.0,,
AB,c31_mrna_total_half_life_min,60,0.8280144790383384,0.1290319770518289,0.27037002179377156,0.05826084057960823,0.6204055522340386,0.6363897540415864,0.32030225979711835,0.7263645287172044,56.560289580766764,10.0,13.0,2.258063954103658,0.0022478095306631353,0.5582608405796082,1.0,2.7142189076850296,40.0,1.0,0.0022478095306631353,0.5582608405796082,0.8727507786374276,1.0453753715071612,0.2179093586151613,572,56.560289580766764,10.0,13.0,2.258063954103658,0.0022478095306631353,0.5582608405796082,1.0,2.7142189076850296,40.0,1.0,0.0022478095306631353,0.5582608405796082,0.8727507786374276,1.0453753715071612,0.2179093586151613,True,,resolved_oscillation,1.0,544.75,9.63131561096606,0.0008497660392588815,0.979850137766776,423.02434086302844,8.523882189690434,461.43975588341476,175.3103096462332,0.6324001835704451,0.24616751832926018,807.7346958080999,29.644540619924133,1.2524310454494547,0.004815225464717648,0.0038447030534839773,0.3439235725394357,2.966666666666667,3.595176435332073,0.9474403765294719,0.9839010657758716,40.0,80.0,0.0038447030534839773,0.3439235725394357
AB,c31_mrna_total_half_life_min,61,0.9131071740257232,0.3467664824287139,0.6967110274247541,0.42067994138386644,0.8075253340418616,0.5978871921920309,0.16117802496200928,0.23413978590216944,58.26214348051447,10.0,13.0,2.693532964857428,0.008061984242855116,0.9206799413838664,1.0,3.668056243576292,40.0,1.0,0.008061984242855116,0.9206799413838664,0.8380984729728278,0.7246829261986183,0.07024193577065083,573,58.26214348051447,10.0,13.0,2.693532964857428,0.008061984242855116,0.9206799413838664,1.0,3.668056243576292,40.0,1.0,0.008061984242855123,0.9206799413838664,0.8380984729728278,0.7246829261986183,0.07024193577065083,True,,resolved_oscillation,1.0,588.1428571428571,10.094768609732991,0.0006426405904941925,0.9673662938299368,365.3532502372976,11.922830616521528,807.6527345948239,119.8511576743507,0.5870172455671606,0.11486336369695624,697.2481135786331,26.16518921409154,1.113967322644953,0.016446291034155895,0.014763710478604145,0.26016440790935347,2.65,2.973259367439209,0.98732410606352,0.9968065597524425,40.0,80.0,0.014763710478604145,0.26016440790935347
AB,c31_mrna_total_half_life_min,62,0.6035793947217766,0.801443232262474,0.719759264994655,0.17571134764486795,0.9266508551756341,0.7688117586288268,0.5911242814374551,0.2529447290764799,52.07158789443553,10.0,13.0,3.602886464524948,0.008638302203949583,0.675711347644868,1.0,4.443254120010725,40.0,1.0,0.008638302203949583,0.675711347644868,0.9919305827659439,1.9502679589568293,0.07588341872294398,574,52.07158789443553,10.0,13.0,3.602886464524948,0.008638302203949583,0.675711347644868,1.0,4.443254120010725,40.0,1.0,0.008638302203949583,0.675711347644868,0.9919305827659439,1.9502679589568293,0.07588341872294398,True,,resolved_oscillation,1.0,634.3333333333334,12.181947180472278,0.000814079526265353,0.9796582520140296,463.3162772811995,9.424662950252186,940.3770472001491,153.50122676584797,0.5779295848660011,0.2568318151521884,2134.3826437649354,45.701712963088134,3.4313644765236098,0.04056859558207817,0.01182287566932531,0.39635636525216617,3.183333333333333,10.600427086959034,0.9575608571021189,0.9873282502532872,40.0,80.0,0.01182287566932531,0.39635636525216617
AB,c31_mrna_total_half_life_min,63,0.23882183258880485,0.795319499099534,0.45777040814547443,0.27872231544097936,0.37067281232794935,0.47539633003037374,0.6630543483491107,0.48745477977191454,44.776436651776095,10.0,13.0,3.590638998199068,0.003940696898888916,0.7787223154409794,1.0,1.8158884957389456,40.0,1.0,0.003940696898888916,0.7787223154409794,0.7278566970273364,2.3015708723738872,0.14623643393157434,575,44.776436651776095,10.0,13.0,3.590638998199068,0.003940696898888916,0.7787223154409794,1.0,1.8158884957389456,40.0,1.0,0.003940696898888916,0.7787223154409794,0.7278566970273364,2.3015708723738872,0.14623643393157434,True,,resolved_oscillation,1.0,514.2857142857143,11.485632907443847,0.0009487917375888516,0.9843855529794381,442.6299930980881,6.911422576941806,449.565100233837,280.4680643199888,0.6066666666666666,0.3516996223061542,2157.4613070045884,44.01206499755439,3.8283074727605824,0.018479107047531654,0.00482696522654342,0.46678515885358807,3.1333333333333333,11.315882208865917,0.9012346950285932,0.9649898500001608,40.0,80.0,0.00482696522654342,0.46678515885358807
AB,peak_load_fraction,0,0.6523163084985453,0.36929077709565117,0.476552141139271,0.7731966058510996,0.7192846536989712,0.7991515494535374,0.6932516039832075,0.3997538771305864,53.046326169970904,10.0,13.0,2.7385815541913026,0.004168776674083898,1.2731966058510995,1.0,3.1824266125417027,40.0,1.0,0.004168776674083898,1.2731966058510995,1.0192363945081835,2.4672980091946712,0.11992616313917592,576,53.046326169970904,10.0,13.0,2.7385815541913026,0.004168776674083898,1.2731966058510995,1.0,3.1824266125417027,40.0,1.0,0.004168776674083898,1.2731966058510995,1.0192363945081835,2.4672980091946712,0.11992616313917592,True,,resolved_oscillation,1.0,672.5,12.677598027150404,0.0008144573345801726,0.9919368704734534,961.7658912801703,7.754842955606557,1231.7846385876553,389.48888341183454,0.6263940520446096,0.24838924683403688,5066.681948179696,73.09095113571153,7.781863145935308,0.04800403627689219,0.006168707336104476,0.38946900688735836,3.45,25.60436145809767,0.8402804619446212,0.9553758222631608,40.0,80.0,0.006168707336104476,0.38946900688735836
AB,peak_load_fraction,1,0.551410633705412,0.5182907415863287,0.4330535974015236,0.8524225710498768,0.26499487736458205,0.7192355361076039,0.13139037206848947,0.05770173552839242,51.02821267410824,10.0,13.0,3.0365814831726574,0.003659449176687233,1.352422571049877,1.0,1.5318755008177272,40.0,1.0,0.003659449176687233,1.352422571049877,0.9473119824968435,0.6766442200719431,0.017310520658517726,577,51.02821267410824,10.0,13.0,3.0365814831726574,0.003659449176687233,1.352422571049877,1.0,1.5318755008177272,40.0,1.0,0.003659449176687233,1.352422571049877,0.9473119824968435,0.6766442200719431,0.017310520658517726,True,,resolved_oscillation,1.0,622.8333333333334,12.205666251943008,0.000655469559214123,0.9902716113360529,717.4290983034593,6.979429107121154,779.5859993217153,374.0435936859436,0.6158951030238159,0.29660075538769165,1697.777622458407,24.547920609798748,2.687943606242549,0.011415383410045402,0.004246883522233883,0.3908020439902244,3.4166666666666665,8.704356869540606,0.9928682911566278,0.9978438899039668,40.0,80.0,0.004246883522233883,0.3908020439902244
AB,peak_load_fraction,2,0.527858875741076,0.7885110022666142,0.8313783726110382,0.8936092939302647,0.41701061288961905,0.10285973940458293,0.16799844493272076,0.3276081090327728,50.55717751482152,10.0,13.0,3.5770220045332284,0.012068358437822065,1.3936092939302647,1.0,1.9564912497760165,40.0,1.0,0.012068358437822065,1.3936092939302647,0.3925737654641246,0.7361536152849883,0.09828243270983185,578,50.55717751482152,10.0,13.0,3.5770220045332284,0.012068358437822065,1.3936092939302647,1.0,1.9564912497760165,40.0,1.0,0.012068358437822065,1.3936092939302647,0.3925737654641246,0.7361536152849883,0.09828243270983185,True,,resolved_oscillation,1.0,476.875,9.432389691062118,0.0007413963629740996,0.9374842565279552,201.77104193889372,12.613866697939077,530.0048062767905,59.38136855130461,0.5494102228047182,0.10064430126638525,407.6281381404768,21.401751888559385,0.7611518867135172,0.01753956884259981,0.02304345446522077,0.2379471228615863,2.25,1.751245395112135,0.987504422776928,0.9963328586347298,40.0,80.0,0.02304345446522077,0.2379471228615863
AB,peak_load_fraction,3,0.13384197899943828,0.2102493009055516,0.002416419738390796,0.4342247396574749,0.8048933820835706,0.012133239297335785,0.6383509037943887,0.7915956721715188,42.676839579988766,10.0,13.0,2.4204986018111034,0.001007265211108215,0.9342247396574749,1.0,3.652551354327981,40.0,1.0,0.001007265211108215,0.9342247396574749,0.3109199153676022,2.174307220769696,0.23747870165145563,579,42.676839579988766,10.0,13.0,2.4204986018111034,0.001007265211108215,0.9342247396574749,1.0,3.652551354327981,40.0,1.0,0.001007265211108215,0.9342247396574749,0.3109199153676022,2.174307220769696,0.23747870165145563,True,,resolved_oscillation,1.0,544.8571428571429,12.767045269036913,0.0006936946279665942,0.9940409256422909,994.9511211236586,5.928987713061909,1002.2565783283642,549.0870130852579,0.6400760356581017,0.2946011997333926,966.3553327975968,10.31863917447525,1.806436578062855,0.002348379640593954,0.0013000066922428328,0.3759164630082204,3.0,5.120234062683718,0.9152626197140683,0.9740140065178661,40.0,80.0,0.0013000066922428328,0.3759164630082204
AB,peak_load_fraction,4,0.29839124245100024,0.4014372245417077,0.7407632727886166,0.973170057651865,0.9917832957867231,0.8395727965599573,0.6163105529447619,0.8388465496092739,45.967824849020005,10.0,13.0,2.8028744490834154,0.009199309651474802,1.4731700576518652,1.0,4.934313906381904,40.0,1.0,0.009199309651474802,1.4731700576518652,1.0556155169039616,2.0667148369348385,0.25165396488278213,580,45.967824849020005,10.0,13.0,2.8028744490834154,0.009199309651474802,1.4731700576518652,1.0,4.934313906381904,40.0,1.0,0.009199309651474802,1.4731700576518652,1.0556155169039616,2.0667148369348385,0.25165396488278213,True,,resolved_oscillation,1.0,394.3,8.577738914013596,0.0012250720049192187,0.8622850292321816,135.0688250586904,18.600999294601124,544.1268361348319,61.91991891413526,0.5909206188181587,0.0,1258.7658067943873,130.9177076751724,2.7298234382133897,0.1216761675308795,0.04457290747364742,0.37391690735392136,1.7,5.301185266211931,0.8617339675044628,0.9601001425414387,40.0,80.0,0.04457290747364742,0.37391690735392136
AB,peak_load_fraction,5,0.43609826489132697,0.9283144976343863,0.4369071057473428,0.6793096803954553,0.4457193604870616,0.8902233596814232,0.30683681880373526,0.5197929957531398,48.72196529782654,10.0,13.0,3.856628995268773,0.003701938928909887,1.1793096803954553,1.0,2.0490118182911075,40.0,1.0,0.003701938928909887,1.1793096803954553,1.1012010237132808,1.0134604919955046,0.1559378987259419,581,48.72196529782654,10.0,13.0,3.856628995268773,0.003701938928909887,1.1793096803954553,1.0,2.0490118182911075,40.0,1.0,0.003701938928909887,1.1793096803954553,1.1012010237132808,1.0134604919955046,0.1559378987259419,True,,resolved_oscillation,1.0,685.8333333333334,14.076471036030396,0.0005952587467273823,0.9931902643111362,923.5975739273532,6.289455361321088,899.5812159738138,631.2227134193345,0.618955042527339,0.3319262386136414,2550.1002852734678,24.186327179553523,3.9669941060170246,0.017500173633028648,0.00441144432417605,0.4145745389913353,4.083333333333333,15.194202893386178,0.889612865483771,0.9639750719115722,40.0,80.0,0.00441144432417605,0.4145745389913353
AB,peak_load_fraction,6,0.2794490958047151,0.8625034418378221,0.8867248432919269,0.4437347746393657,0.4617652819142606,0.17305191977008727,0.3697961343740416,0.35616403306702693,45.588981916094305,10.0,13.0,3.7250068836756443,0.014244775826231116,0.9437347746393657,1.0,2.1026165626639304,40.0,1.0,0.014244775826231116,0.9437347746393657,0.4557467277930785,1.1715643252354049,0.10684920992010807,582,45.588981916094305,10.0,13.0,3.7250068836756443,0.014244775826231116,0.9437347746393657,1.0,2.1026165626639304,40.0,1.0,0.014244775826231116,0.9437347746393657,0.4557467277930785,1.1715643252354049,0.10684920992010807,True,,resolved_oscillation,1.0,452.8888888888889,9.934174220482104,0.0007360157016683023,0.9544396501382971,239.5034047962222,10.911858915584915,452.86160114575756,71.54704978500385,0.5641560353287536,0.2161741835147745,598.760456096197,28.466810120441664,1.1736976467794629,0.025816038450804824,0.021995476025398936,0.3343701399688958,2.3333333333333335,2.737623370929572,0.9788513626629758,0.9934530101423719,40.0,80.0,0.021995476025398936,0.3343701399688958
AB,peak_load_fraction,7,0.9184594597167923,0.49622080261620993,0.0015575791320572296,0.7098664043105585,0.9560701223241277,0.3725144238776874,0.9611080662365922,0.9068625485334565,58.369189194335846,10.0,13.0,2.99244160523242,0.001004676993224574,1.2098664043105585,1.0,4.658695632716976,40.0,1.0,0.001004676993224574,1.2098664043105585,0.6352629814899187,4.571703650645531,0.2720587645600369,583,58.369189194335846,10.0,13.0,2.99244160523242,0.001004676993224574,1.2098664043105585,1.0,4.658695632716976,40.0,1.0,0.001004676993224574,1.2098664043105585,0.6352629814899187,4.571703650645531,0.2720587645600369,True,,resolved_oscillation,1.0,963.3333333333334,16.504141082480814,0.0005993255389511686,0.9983274783351307,2637.4190392806827,4.411140482535601,1782.4175748717125,1990.9672941274387,0.6633217993079584,0.36347478338147077,5781.94677302687,24.190280884646548,7.213065937865765,0.01267810770587869,0.0017576586454483385,0.45767607198400356,5.933333333333334,40.31945608053472,0.5939627011176104,0.850158648569735,40.0,80.0,0.0017576586454483385,0.45767607198400356
AB,peak_load_fraction,8,0.30358690650228426,0.5048124943431317,0.9217794243662824,0.25378836310641073,0.48115780150084886,0.6166769025777588,0.9266438061402799,0.6348097497618232,46.07173813004569,10.0,13.0,3.009624988686263,0.015822047372292144,0.7537883631064107,1.0,2.169276295607102,40.0,1.0,0.015822047372292144,0.7537883631064107,0.8550092123199828,4.2229292992192535,0.19044292492854697,584,46.07173813004569,10.0,13.0,3.009624988686263,0.015822047372292144,0.7537883631064107,1.0,2.169276295607102,40.0,1.0,0.015822047372292144,0.7537883631064107,0.8550092123199828,4.2229292992192535,0.19044292492854697,True,,resolved_oscillation,1.0,388.72727272727275,8.437434498998513,0.0012016120279387398,0.9369231154942526,183.83772387729326,11.595910876807535,281.8787582486827,60.362237897452246,0.605823199251637,0.1715174405687625,2434.7201880288735,217.8301373139732,4.784160147676968,0.15722331825692934,0.032863305868485994,0.47478338147078425,2.2,10.817075127447257,0.8304871182667671,0.9430278722180443,40.0,80.0,0.032863305868485994,0.47478338147078425
AB,peak_load_fraction,9,0.932509762265573,0.6848542803973867,0.545033930508929,0.7217621395502537,0.9406082623381035,0.4715857368406461,0.9437489081058605,0.30098271445862734,58.650195245311465,10.0,13.0,3.3697085607947734,0.005118061406490561,1.2217621395502536,1.0,4.544195017836997,40.0,1.0,0.005118061406490561,1.2217621395502536,0.7244271631565814,4.3925722383088575,0.0902948143375882,585,58.650195245311465,10.0,13.0,3.3697085607947734,0.005118061406490561,1.2217621395502536,1.0,4.544195017836997,40.0,1.0,0.005118061406490561,1.2217621395502536,0.7244271631565814,4.3925722383088575,0.0902948143375882,True,,resolved_oscillation,1.0,756.0,12.889982664813637,0.0,0.9857410333475919,672.0665346283463,9.582974305465081,1708.0248578029932,217.0274634563602,0.582010582010582,0.22061764052432792,6224.412820625894,88.6375762981432,8.918078098221972,0.07144951864822592,0.008011761935844793,0.3839146856254166,3.4833333333333334,29.9735016510819,0.8666745562476154,0.9641673516704374,40.0,80.0,0.008011761935844793,0.3839146856254166
AB,peak_load_fraction,10,0.5589990905755731,0.4462819689375723,0.9938149577766761,0.9015922436254239,0.8793790695616299,0.4601942566664927,0.11453905085060889,0.5991570948108222,51.17998181151146,10.0,13.0,2.8925639378751447,0.019632837420500534,1.4015922436254238,1.0,4.11774636103419,40.0,1.0,0.019632837420500534,1.4015922436254238,0.7141748309998435,0.6508921820207567,0.17974712844324667,586,51.17998181151146,10.0,13.0,2.8925639378751447,0.019632837420500534,1.4015922436254238,1.0,4.11774636103419,40.0,1.0,0.019632837420500534,1.4015922436254238,0.7141748309998435,0.6508921820207567,0.17974712844324667,True,,steady_state,0.0,,,,,16.458036667304665,16.458035357440153,1003.2439902769086,56.479237775382835,,0.0,589.317914994335,589.3177393830051,0.7951978792856502,0.7951977662465266,0.9999998578478054,1.0,,,0.9737536423615601,0.9737536425632587,40.0,80.0,,
AB,peak_load_fraction,11,0.8825503300451477,0.7833164928346555,0.6936976459779453,0.6974159517909397,0.3326584954172609,0.6616409964329848,0.40307903288704905,0.05121083123259895,57.65100660090295,10.0,13.0,3.566632985669311,0.007989533927861336,1.1974159517909397,1.0,1.7081197333764204,40.0,1.0,0.007989533927861336,1.1974159517909397,0.8954768967896862,1.2648791599232423,0.015363249369779685,587,57.65100660090295,10.0,13.0,3.566632985669311,0.007989533927861336,1.1974159517909397,1.0,1.7081197333764204,40.0,1.0,0.007989533927861336,1.1974159517909397,0.8954768967896862,1.2648791599232425,0.015363249369779685,True,,resolved_oscillation,1.0,694.4,12.04488942937423,0.0007887709641491449,0.9850054242567299,575.1120966249143,8.623561893713198,793.8822339950398,216.1635005397183,0.5933179723502304,0.2954898911353033,2739.630866934588,55.00329047242363,3.9283445417499108,0.03894196291836796,0.009913072161695107,0.4199066874027994,3.6166666666666667,13.684386585549635,0.9907679906133251,0.997077839861309,40.0,80.0,0.009913072161695107,0.4199066874027994
AB,peak_load_fraction,12,0.4044568990688079,0.024031735423203138,0.3713608600938766,0.5394681067715948,0.3484344915921219,0.41869845356194746,0.0743758010283625,0.07186662466793137,48.089137981376155,10.0,13.0,2.0480634708464063,0.0030419468259424236,1.039468106771595,1.0,1.7520450063988318,40.0,1.0,0.0030419468259424236,1.039468106771595,0.6768286082057526,0.5933976271719327,0.02155998740037941,588,48.089137981376155,10.0,13.0,2.0480634708464063,0.0030419468259424236,1.039468106771595,1.0,1.7520450063988318,40.0,1.0,0.0030419468259424236,1.039468106771595,0.6768286082057526,0.5933976271719327,0.02155998740037941,True,,resolved_oscillation,1.0,398.90909090909093,8.295201528951912,0.0007558397425604831,0.9623909608782695,298.42215841131303,11.22337063048236,368.66412203304003,113.62577511568007,0.6329762989972653,0.15485447678293712,440.0580556550172,29.28306373687621,0.8615359935713608,0.007001307311757335,0.00812654069475905,0.27860475449900024,2.091666666666667,1.8040084625277004,0.9971406497801139,0.9991212112930234,40.0,80.0,0.00812654069475905,0.27860475449900024
AB,peak_load_fraction,13,0.8397119452496339,0.26008903724763854,0.8937767146418455,0.7360853102868091,0.6297901131894204,0.3533399201315356,0.54972461355271,0.7907605266364194,56.79423890499268,10.0,13.0,2.520178074495277,0.014548905237875978,1.2360853102868092,1.0,2.755525269985407,40.0,1.0,0.014548905237875978,1.2360853102868092,0.6180059281183821,1.7729423656115402,0.2372281579909258,589,56.79423890499268,10.0,13.0,2.520178074495277,0.014548905237875978,1.2360853102868092,1.0,2.755525269985407,40.0,1.0,0.014548905237875978,1.2360853102868092,0.6180059281183821,1.7729423656115402,0.2372281579909258,True,,resolved_oscillation,1.0,358.72727272727275,6.316261642793802,0.012156823230244359,0.5548797948814136,66.00985428286604,29.382319878237332,182.72690076330127,41.92152267627516,0.6344652812975164,0.0,378.2848113733589,166.43486489160128,0.5976636096323172,0.148409553959089,0.24831619587879977,0.03688069317929349,2.658333333333333,1.7136481293858432,0.9720032238312235,0.9860265987859753,40.0,80.0,0.24831619587879977,0.03688069317929349
AB,peak_load_fraction,14,0.5050919744883469,0.29587452410599624,0.37675403278337516,0.07604663233161935,0.21428753930495725,0.20466249303767636,0.7919028093038489,0.8081000264592635,50.10183948976694,10.0,13.0,2.5917490482119927,0.0030914932147346765,0.5760466323316193,1.0,1.4118240063671235,40.0,1.0,0.0030914932147346765,0.5760466323316193,0.4841962437339087,3.0965123298144808,0.24243000793777902,590,50.10183948976694,10.0,13.0,2.5917490482119927,0.0030914932147346765,0.5760466323316193,1.0,1.4118240063671235,40.0,1.0,0.0030914932147346765,0.5760466323316193,0.4841962437339087,3.0965123298144794,0.24243000793777902,True,,resolved_oscillation,1.0,396.54545454545456,7.914788330804642,0.0013169561317143577,0.947597816246466,180.17181995560549,9.441396816522278,198.46910731704716,78.69978467110721,0.6178358551123337,0.2661630748722506,1095.254802031172,90.02302841975778,1.9558730556546187,0.013008045529930413,0.006650761659772802,0.44834481226394135,2.4833333333333334,4.741952085578642,0.9057277432721303,0.9664322907542049,40.0,80.0,0.006650761659772802,0.44834481226394135
AB,peak_load_fraction,15,0.9354066410283456,0.4956740475582503,0.6505030867783376,0.3678801652864846,0.44262136838463495,0.3567890580726589,0.7861953008443282,0.3386597329322474,58.70813282056692,10.0,13.0,2.991348095116501,0.007019788512141638,0.8678801652864846,1.0,2.0388208196141258,40.0,1.0,0.007019788512141638,0.8678801652864846,0.621110152265393,3.0560841268539645,0.10159791987967422,591,58.70813282056692,10.0,13.0,2.991348095116501,0.007019788512141638,0.8678801652864846,1.0,2.0388208196141258,40.0,1.0,0.007019788512141638,0.8678801652864846,0.621110152265393,3.0560841268539645,0.10159791987967422,True,,resolved_oscillation,1.0,646.3333333333334,11.00926400280451,0.0007989651049422209,0.983580079814176,516.032062979311,8.473205287446412,618.717550937149,199.94575729648423,0.6111397627643115,0.26749611197511663,2995.798223756926,79.03992448609664,4.298108649246446,0.0416237327429813,0.00968419743188178,0.418129304598978,3.45,14.331636778673007,0.9267898857495558,0.9775964307581075,40.0,80.0,0.00968419743188178,0.418129304598978
AB,peak_load_fraction,16,0.4165039138534229,0.28577343400915445,0.19195520983891223,0.3853034399427899,0.5293155168028456,0.028087019400847124,0.24521803081693405,0.057302385115948984,48.33007827706846,10.0,13.0,2.571546868018309,0.0017772130182360899,0.8853034399427899,1.0,2.344097485863484,40.0,1.0,0.0017772130182360899,0.8853034399427899,0.3252783174607624,0.8794031869231538,0.017190715534784694,592,48.33007827706846,10.0,13.0,2.571546868018309,0.0017772130182360899,0.8853034399427899,1.0,2.344097485863484,40.0,1.0,0.0017772130182360899,0.8853034399427899,0.3252783174607624,0.8794031869231538,0.017190715534784694,True,,resolved_oscillation,1.0,553.2857142857143,11.448061621456882,0.0008819133114691107,0.9894569423725481,653.462298668379,6.889490672227897,698.4651838873464,330.16925053894204,0.6244513297185644,0.29015774272383915,443.81841486588513,7.458186281398238,0.7599559879474673,0.0016556175184751795,0.0021785702655580967,0.26994001333037104,3.0083333333333333,2.170999279646622,0.9979978676995513,0.9993899774563603,40.0,80.0,0.0021785702655580967,0.26994001333037104
AB,peak_load_fraction,17,0.5474959190386707,0.32786926200840927,0.12153798541605187,0.8674324012996638,0.7705241825193797,0.8212992686047814,0.49428288340064575,0.41261675467445547,50.94991838077341,10.0,13.0,2.6557385240168188,0.0014392113146310583,1.3674324012996637,1.0,3.4559964778269046,40.0,1.0,0.0014392113146310583,1.3674324012996637,1.039169341744303,1.5604608877308435,0.12378502640233663,593,50.94991838077341,10.0,13.0,2.6557385240168188,0.0014392113146310583,1.3674324012996637,1.0,3.4559964778269046,40.0,1.0,0.0014392113146310583,1.3674324012996637,1.039169341744303,1.5604608877308435,0.12378502640233663,True,,resolved_oscillation,1.0,744.0,14.602574913657913,0.0,0.9967535967434293,1710.5075766199675,5.5529973671277215,1693.6900338528874,1018.7768605444741,0.6418010752688172,0.3108198178182626,4137.693214833544,24.983105955659017,6.254600866207708,0.011483865398290608,0.0018360668640481147,0.41612974894467897,4.066666666666666,23.89260516820412,0.8669126825654293,0.9583316969109791,40.0,80.0,0.0018360668640481147,0.41612974894467897
AB,peak_load_fraction,18,0.2557492081993019,0.011841787648559254,0.9901753778860107,0.5100265748839851,0.24386234796739392,0.9723548965289336,0.18530812723112733,0.2679041471882355,45.11498416398604,10.0,13.0,2.0236835752971185,0.019419939276638078,1.0100265748839852,1.0,1.4806501890554022,40.0,1.0,0.019419939276638078,1.0100265748839852,1.1751194068760402,0.7660870685498672,0.08037124415647065,594,45.11498416398604,10.0,13.0,2.0236835752971185,0.019419939276638078,1.0100265748839852,1.0,1.4806501890554022,40.0,1.0,0.019419939276638088,1.0100265748839852,1.1751194068760402,0.7660870685498672,0.08037124415647065,True,,resolved_oscillation,1.0,279.3333333333333,6.191586642655122,0.003525293297737453,0.32323059463579507,44.03633977979704,29.802447487189326,104.2561250905659,28.897246409425343,0.6637231503579952,0.0,329.8752604902916,238.83231690194182,0.5629940196965129,0.3122937225716812,0.5547016693712413,0.04399022439457898,,2.0057034083686336,0.9925890896812261,0.9943266929507525,40.0,80.0,0.5547016693712413,0.04399022439457898
AB,peak_load_fraction,19,0.9255513500073052,0.7189310719243752,0.3595363148666204,0.008470141514244522,0.614501749387959,0.9187699952713662,0.5653192310309306,0.8695028981475801,58.5110270001461,10.0,13.0,3.4378621438487507,0.0029360776030532385,0.5084701415142445,1.0,2.6885510697643706,40.0,1.0,0.0029360776030532385,0.5084701415142445,1.1268929957442295,1.8377618651452943,0.260850869444274,595,58.5110270001461,10.0,13.0,3.4378621438487507,0.002936077603053238,0.5084701415142445,1.0,2.6885510697643706,40.0,1.0,0.0029360776030532385,0.5084701415142445,1.1268929957442295,1.8377618651452943,0.260850869444274,True,,resolved_oscillation,1.0,715.4,12.226755137936882,0.0007656172176477023,0.9891733242507099,587.7586174481237,6.363471969961899,551.3080482908507,386.004600829091,0.6195135588481968,0.37169517884914466,2210.2249863077477,34.10519251899341,2.940596172712043,0.011111283878213933,0.0037785820376574374,0.46500777604976673,4.4,12.130968284803998,0.8436941496592626,0.9419099862402631,40.0,80.0,0.0037785820376574374,0.46500777604976673
AB,peak_load_fraction,20,0.0013435690855783111,0.46494735339945903,0.7029286016979912,0.6847519706450776,0.45656378171454903,0.066410428609471,0.5239147617457327,0.680756433492964,40.026871381711565,10.0,13.0,2.929894706798918,0.008213555491511175,1.1847519706450775,1.0,2.085087998207999,40.0,1.0,0.008213555491511175,1.1847519706450775,0.3597693857485239,1.6706472727944355,0.2042269300478892,596,40.026871381711565,10.0,13.0,2.929894706798918,0.008213555491511175,1.1847519706450775,1.0,2.085087998207999,40.0,1.0,0.008213555491511175,1.1847519706450775,0.3597693857485239,1.6706472727944355,0.2042269300478892,True,,resolved_oscillation,1.0,427.6,10.68282344433675,0.0012076655273487425,0.9798348486894092,438.81488117357117,8.848768476203961,564.0936196098683,163.7027643948624,0.6086295603367634,0.2499444567873806,846.3981856324085,26.521676116182782,1.8018462956847032,0.02108501007403411,0.011701891623348365,0.36125305487669407,2.283333333333333,4.0061108579478715,0.930349996922853,0.9792858296097903,40.0,80.0,0.011701891623348365,0.36125305487669407
AB,peak_load_fraction,21,0.07885095553436716,0.31896266985311017,0.43766206874156466,0.49990424355663865,0.7169457026455673,0.4357792480321784,0.5996465601993903,0.5435657608721537,41.577019110687345,10.0,13.0,2.6379253397062206,0.0037103209571532373,0.9999042435566386,1.0,3.1704692172466618,40.0,1.0,0.0037103209571532373,0.9999042435566386,0.6922013232289606,1.9889165634954384,0.1630697282616461,597,41.577019110687345,10.0,13.0,2.6379253397062206,0.0037103209571532378,0.9999042435566386,1.0,3.1704692172466618,40.0,1.0,0.0037103209571532373,0.9999042435566386,0.6922013232289606,1.9889165634954384,0.1630697282616461,True,,resolved_oscillation,1.0,506.875,12.191229935233816,0.0006975159370520814,0.9909158460265532,769.6772830160317,6.991866948781707,839.0391772102618,363.3995656442058,0.6313193588162762,0.29593423683625864,1897.5623057011235,31.000684941800422,3.6925765989716206,0.018448465296821735,0.004996095491142855,0.42057320595423237,2.783333333333333,9.773154138372908,0.8916339579294057,0.9656076416408607,40.0,80.0,0.004996095491142855,0.42057320595423237
AB,peak_load_fraction,22,0.8675713022377077,0.6969107328092301,0.6335471684261575,0.5509199571228793,0.8481709139021257,0.3486284427256984,0.980574699729904,0.9938276337972217,57.351426044754156,10.0,13.0,3.39382146561846,0.006672120325377742,1.0509199571228793,1.0,3.916030154842152,40.0,1.0,0.006672120325377742,1.0509199571228793,0.6137655984531285,4.781285797412691,0.2981482901391665,598,57.351426044754156,10.0,13.0,3.39382146561846,0.006672120325377742,1.0509199571228793,1.0,3.916030154842152,40.0,1.0,0.006672120325377742,1.0509199571228793,0.6137655984531285,4.781285797412691,0.2981482901391665,True,,resolved_oscillation,1.0,671.3333333333334,11.705608380329702,0.0007692121839538067,0.9825157138927081,541.4913136304302,9.467589052127723,955.8913855286035,165.79631588494865,0.6084905660377358,0.23217062874916686,3724.907056087967,92.65734068612915,5.405716136346695,0.0736295358170877,0.013620681138253073,0.3868029326816263,3.3833333333333333,17.806970942319413,0.654124480283226,0.8979148888886386,40.0,80.0,0.013620681138253073,0.3868029326816263
AB,peak_load_fraction,23,0.8783796245132314,0.3287124873925278,0.08087632777524123,0.428318534017873,0.25608481486483725,0.8729212352329343,0.7929911185726779,0.3049669992990578,57.56759249026463,10.0,13.0,2.6574249747850556,0.001274155779124468,0.928318534017873,1.0,1.5100648695064638,40.0,1.0,0.001274155779124468,0.928318534017873,1.0856291117096408,3.1042816871889642,0.09149009978971734,599,57.56759249026463,10.0,13.0,2.6574249747850556,0.001274155779124468,0.928318534017873,1.0,1.5100648695064638,40.0,1.0,0.001274155779124468,0.928318534017873,1.0856291117096408,3.1042816871889642,0.09149009978971734,True,,resolved_oscillation,1.0,609.5714285714286,10.588794879245896,0.0008768824435842375,0.9862243282119498,516.0259296308575,7.108603840718167,490.7566438644845,259.78743866696897,0.628720412467776,0.2888247056209731,5694.996000534664,136.10403006392156,8.192779034549494,0.01495709911597915,0.0018256441499159282,0.448566985114419,3.533333333333333,27.417316294813467,0.8757331452269598,0.9611374927278343,40.0,80.0,0.0018256441499159282,0.448566985114419
AB,peak_load_fraction,24,0.39314986885056447,0.3402603413700579,0.283665563286857,0.32617748054883455,0.526312222726394,0.13956516709130617,0.18540594859632797,0.383564533264663,47.86299737701129,10.0,13.0,2.6805206827401156,0.0023391464148306627,0.8261774805488346,1.0,2.332794359765584,40.0,1.0,0.0023391464148306627,0.8261774805488346,0.42560865038217555,0.766259642981382,0.11506935997939889,600,47.86299737701129,10.0,13.0,2.6805206827401156,0.0023391464148306627,0.8261774805488346,1.0,2.332794359765584,40.0,1.0,0.0023391464148306627,0.8261774805488346,0.42560865038217555,0.766259642981382,0.11506935997939889,True,,resolved_oscillation,1.0,545.1428571428571,11.389651443030823,0.0006933310563586453,0.9884759442044267,602.3477110915857,6.941488630955266,641.5227978221224,307.8849802639237,0.6218553459119497,0.29171295267718284,466.9997722624297,8.403674898203588,0.8038021549033202,0.002297789905030625,0.002858651088472136,0.28371473005998665,3.0166666666666666,2.3024059601905713,0.9842572985724105,0.9951804805429562,40.0,80.0,0.002858651088472136,0.28371473005998665
AB,peak_load_fraction,25,0.07041119244804428,0.332130848458681,0.47799425521871675,0.9860244128897545,0.32422163560981,0.23806648353124005,0.9210385550297289,0.5983829674903776,41.40822384896089,10.0,13.0,2.664261696917362,0.004186825530905909,1.4860244128897544,1.0,1.6850826151783185,40.0,1.0,0.004186825530905909,1.4860244128897544,0.514259835178116,4.168775994915668,0.17951489024711326,601,41.40822384896089,10.0,13.0,2.664261696917362,0.004186825530905909,1.4860244128897544,1.0,1.6850826151783185,40.0,1.0,0.004186825530905909,1.4860244128897544,0.514259835178116,4.168775994915668,0.17951489024711326,True,,resolved_oscillation,1.0,450.22222222222223,10.872773096098888,0.0009794242267020942,0.9868801756186799,573.8316427173992,7.528570376896751,542.8860353273942,250.72481469948283,0.6374629812438302,0.2921572983781382,3584.4938279649596,98.74589315615778,7.098744244051762,0.048332963225265486,0.0068086638373773,0.4681181959564541,2.6166666666666667,17.769091091603176,0.7660673011874088,0.9220084266070286,40.0,80.0,0.0068086638373773,0.4681181959564541
AB,peak_load_fraction,26,0.5453222821228122,0.15880740001429594,0.7315526222870028,0.9819235271006114,0.44424563520368043,0.8995501600465765,0.7702554738662177,0.6719022985853372,50.90644564245625,10.0,13.0,2.3176148000285917,0.00894894636153274,1.4819235271006113,1.0,2.0441575890491483,40.0,1.0,0.00894894636153274,1.4819235271006113,1.1095951440419187,2.9459507236158826,0.20157068957560118,602,50.90644564245625,10.0,13.0,2.3176148000285917,0.00894894636153274,1.4819235271006113,1.0,2.0441575890491483,40.0,1.0,0.00894894636153274,1.4819235271006113,1.1095951440419187,2.9459507236158826,0.20157068957560118,True,,resolved_oscillation,1.0,425.1,8.350612474218085,0.0007438902987928439,0.9519592980729514,276.1263623046391,13.265304265677376,424.01356755556657,94.88580134723964,0.6351446718419195,0.0,3525.343831434631,295.52784320144497,6.460446100705541,0.1692163175197935,0.02619266763967174,0.48011552988224837,2.183333333333333,14.647207916031796,0.7543407932920899,0.9220960206839991,40.0,80.0,0.02619266763967174,0.48011552988224837
AB,peak_load_fraction,27,0.5842061138530887,0.17478857874816356,0.6751111745047766,0.21103105998534566,0.47372262078119953,0.27706809452061376,0.08242795025315841,0.8735725878368755,51.684122277061775,10.0,13.0,2.349577157496327,0.007556834108004992,0.7110310599853457,1.0,2.1434724322101038,40.0,1.0,0.007556834108004992,0.7110310599853457,0.5493612850685523,0.6045022958145511,0.26207177635106266,603,51.684122277061775,10.0,13.0,2.349577157496327,0.007556834108004992,0.7110310599853457,1.0,2.1434724322101038,40.0,1.0,0.007556834108004992,0.7110310599853457,0.5493612850685523,0.6045022958145511,0.26207177635106266,True,,resolved_oscillation,1.0,443.44444444444446,8.579896976237363,0.001188528311263485,0.9600561841005812,269.5472254170237,10.766744748256711,351.4140846617482,98.7343423522501,0.6201453269857179,0.2043990224394579,283.5219161084963,18.476492623581606,0.5051383022634616,0.0070876997000399065,0.014031206242490048,0.04865585425461009,2.3833333333333333,1.2042674585208306,0.9729793333877431,0.991030328212688,40.0,80.0,0.014031206242490048,0.04865585425461009
AB,peak_load_fraction,28,0.5150252250115483,0.5671990511643153,0.9824233046384001,0.9901042993929583,0.8684331197247117,0.5459952500686578,0.7216872091884045,0.4528600903712745,50.30050450023097,10.0,13.0,3.134398102328631,0.018974143804986826,1.4901042993929583,1.0,4.045839978009278,40.0,1.0,0.018974143804986826,1.4901042993929583,0.791395725061792,2.6342513635520346,0.13585802711138234,604,50.30050450023097,10.0,13.0,3.134398102328631,0.018974143804986826,1.4901042993929583,1.0,4.045839978009278,40.0,1.0,0.018974143804986833,1.4901042993929583,0.791395725061792,2.6342513635520346,0.13585802711138234,True,,steady_state,0.0,,,,,14.749444475748945,14.749443394574602,1130.8116475230122,51.86919731102895,,0.0,3031.9467631130524,3031.9462470066073,4.162699165646408,4.162698648180024,0.9999998756896996,1.0,,,0.9014277075037372,0.9014277186777214,40.0,80.0,,
AB,peak_load_fraction,29,0.04945339346089217,0.09762210073206024,0.7021926793540646,0.5344320235740077,0.12301565154377614,0.43951840096355876,0.716675164080167,0.43697653780424917,40.98906786921784,10.0,13.0,2.1952442014641207,0.00819546761675082,1.0344320235740077,1.0,1.2189453935804007,40.0,1.0,0.00819546761675082,1.0344320235740077,0.6955665608672028,2.604025114200645,0.13109296134127474,605,40.98906786921784,10.0,13.0,2.1952442014641207,0.00819546761675082,1.0344320235740077,1.0,1.2189453935804007,40.0,1.0,0.00819546761675082,1.0344320235740077,0.6955665608672028,2.604025114200645,0.13109296134127474,True,,resolved_oscillation,1.0,285.64285714285717,6.968757085529397,0.0017407932516588787,0.9013235811363579,131.28825287436365,12.955054632506474,179.30139941013863,52.51938792776411,0.6322580645161291,0.05421017551655188,1384.105390385483,215.3280300797589,3.153900805283064,0.09658149840317731,0.030622871284155393,0.5500999777827149,1.7833333333333334,5.850491367632163,0.928330608618484,0.9717113176408263,40.0,80.0,0.030622871284155393,0.5500999777827149
AB,peak_load_fraction,30,0.23529284243979742,0.8407494147148626,0.1627078196361389,0.18400605895795552,0.9153118394219858,0.6622785865219342,0.34201139629394184,0.30982702946218554,44.705856848795946,10.0,13.0,3.6814988294297253,0.0016281250333504938,0.6840060589579555,1.0,4.362902627321284,40.0,1.0,0.0016281250333504938,0.6840060589579555,0.8960507278697407,1.0989587737214994,0.09294810883865566,606,44.705856848795946,10.0,13.0,3.6814988294297253,0.0016281250333504938,0.6840060589579555,1.0,4.362902627321284,40.0,1.0,0.0016281250333504938,0.6840060589579555,0.8960507278697407,1.0989587737214994,0.09294810883865566,True,,resolved_oscillation,1.0,680.3333333333334,15.21799113781345,0.0007590364225786216,0.9953894248846598,1129.662942484936,5.208395851343154,1151.293058404483,916.375192098813,0.6191817736403724,0.32837147300599867,1353.9743188925145,6.7009724436516755,2.2582101388309717,0.003940665216887063,0.001745039201235304,0.38413685847589424,4.05,8.539770309203455,0.9651460177859668,0.9890530173078369,40.0,80.0,0.001745039201235304,0.38413685847589424
AB,peak_load_fraction,31,0.3961908178200533,0.5858255229716866,0.8827516093406286,0.1975083502442333,0.42790177911939253,0.8533965863188613,0.9318053292379148,0.7289966617684358,47.92381635640106,10.0,13.0,3.1716510459433733,0.014076228964528923,0.6975083502442333,1.0,1.9910882451276535,40.0,1.0,0.014076228964528923,0.6975083502442333,1.0680569276869751,4.273417592722049,0.21869899853053074,607,47.92381635640106,10.0,13.0,3.1716510459433733,0.014076228964528923,0.6975083502442333,1.0,1.9910882451276535,40.0,1.0,0.014076228964528923,0.6975083502442333,1.0680569276869751,4.273417592722049,0.21869899853053074,True,,resolved_oscillation,1.0,429.8888888888889,8.970255742820651,0.0007753941586973378,0.9576080243970826,237.0141349780298,10.047497427535195,276.99746524018286,79.29499791170505,0.6164383561643835,0.2546100866474117,3296.575716204937,239.24987109406936,5.95833191941654,0.16107910304532366,0.027034261471807545,0.5001110864252388,2.55,15.249802395984895,0.7487924235715904,0.9099083921046793,40.0,80.0,0.027034261471807545,0.5001110864252388
AB,peak_load_fraction,32,0.45544406973220386,0.8413148429729738,0.5906917281865809,0.2627126403874821,0.6550826693183404,0.7769402083886271,0.7903188624593088,0.204631456667827,49.10888139464408,10.0,13.0,3.6826296859459475,0.005868237151616026,0.7627126403874821,1.0,2.870008191014471,40.0,1.0,0.005868237151616026,0.7627126403874821,0.9992461875497642,3.0852393852147566,0.0613894370003481,608,49.10888139464408,10.0,13.0,3.6826296859459475,0.005868237151616026,0.7627126403874821,1.0,2.870008191014471,40.0,1.0,0.005868237151616026,0.7627126403874821,0.9992461875497642,3.0852393852147566,0.0613894370003481,True,,resolved_oscillation,1.0,653.5,13.307165250790504,0.0008381370428541179,0.9903822309173542,734.3703457323328,7.063004406396298,803.1044645401499,403.2466932491602,0.612088752869166,0.315263274827816,4488.361813497564,62.77003495768375,7.106945913839217,0.04956314646945006,0.006973902302103736,0.43257053988002664,3.7666666666666666,25.336461454672477,0.9299882632692704,0.9778416320446788,40.0,80.0,0.006973902302103736,0.43257053988002664
AB,peak_load_fraction,33,0.9227593837099817,0.2542365218699282,0.11984868902090784,0.21289201770014698,0.2844369626022776,0.215498302700181,0.5288499542686814,0.8386788417528678,58.455187674199635,10.0,13.0,2.5084730437398566,0.001431946325499754,0.712892017700147,1.0,1.5805669808537361,40.0,1.0,0.001431946325499754,0.712892017700147,0.4939484724301629,1.6897402866206526,0.2516036525258603,609,58.455187674199635,10.0,13.0,2.5084730437398566,0.0014319463254997538,0.712892017700147,1.0,1.5805669808537361,40.0,1.0,0.001431946325499754,0.712892017700147,0.4939484724301629,1.6897402866206526,0.2516036525258603,True,,resolved_oscillation,1.0,552.0,9.44313108832317,0.0,0.9779993513228894,368.0137872554883,8.096542041740946,372.0678895039566,164.7625505053062,0.625,0.2779382359475672,1022.3011655307478,38.420677779948655,1.5132139523071677,0.003548376375104,0.002344927080333789,0.3850255498778049,3.1666666666666665,4.586222074210609,0.9233759246559339,0.9752302639780317,40.0,80.0,0.002344927080333789,0.3850255498778049
AB,peak_load_fraction,34,0.07950435043954462,0.9662316694526888,0.37274283035622435,0.1750304734321343,0.9875008646722722,0.4630627884669968,0.38130948963773503,0.425192083084163,41.590087008790896,10.0,13.0,3.932463338905378,0.003054566630142853,0.6750304734321343,1.0,4.900422030910761,40.0,1.0,0.003054566630142853,0.6750304734321343,0.716756509620297,1.2030384113259651,0.12755762492524889,610,41.590087008790896,10.0,13.0,3.932463338905378,0.003054566630142853,0.6750304734321343,1.0,4.900422030910761,40.0,1.0,0.003054566630142853,0.6750304734321343,0.716756509620297,1.2030384113259651,0.12755762492524889,True,,resolved_oscillation,1.0,651.6666666666666,15.668797868321937,0.0007924262600935893,0.9949807269172879,1141.4365099488587,5.729181550011149,1178.1132771585087,880.4503806572953,0.6191815856777494,0.34325705398800266,1080.6169673481013,6.552725278538738,1.9262545054960745,0.006388238392150027,0.003316404127244257,0.39457898244834483,3.8916666666666666,7.031692484037243,0.9575807517241242,0.9860157896974399,40.0,80.0,0.003316404127244257,0.39457898244834483
AB,peak_load_fraction,35,0.6334398631188464,0.44530082088652956,0.9710384632196135,0.6253248415770387,0.2880167805261743,0.12196760263835515,0.48354764822632257,0.4738910100621101,52.66879726237693,10.0,13.0,2.890601641773059,0.018337923961669205,1.1253248415770387,1.0,1.5896996928880285,40.0,1.0,0.018337923961669205,1.1253248415770387,0.4097708423745196,1.522361010310618,0.14216730301863303,611,52.66879726237693,10.0,13.0,2.890601641773059,0.018337923961669205,1.1253248415770387,1.0,1.5896996928880285,40.0,1.0,0.018337923961669212,1.1253248415770387,0.4097708423745196,1.522361010310618,0.14216730301863303,True,,resolved_oscillation,1.0,359.5833333333333,6.8272554533952805,0.0014320147871455958,0.7970503930363011,86.59648905161275,17.574723417461055,200.75381668743262,36.58781854374241,0.5902665121668599,0.0,409.93369159003737,82.90197355116679,0.7612964519318088,0.05646060058638664,0.07416375111576634,0.2643856920684292,1.9916666666666667,1.7559419310269584,0.9809966327088973,0.9928680922943326,40.0,80.0,0.07416375111576634,0.2643856920684292
AB,peak_load_fraction,36,0.6761306877039921,0.05417488428145534,0.12327418220657027,0.9714779234866264,0.28757541677892484,0.6833932859140744,0.1868916785923901,0.038117691161798084,53.52261375407984,10.0,13.0,2.1083497685629107,0.0014467164135972767,1.4714779234866264,1.0,1.588570854590359,40.0,1.0,0.0014467164135972767,1.4714779234866264,0.915053957322667,0.76888552137681,0.011435307348539425,612,53.52261375407984,10.0,13.0,2.1083497685629107,0.0014467164135972767,1.4714779234866264,1.0,1.588570854590359,40.0,1.0,0.0014467164135972767,1.4714779234866264,0.915053957322667,0.76888552137681,0.011435307348539425,True,,resolved_oscillation,1.0,522.2857142857143,9.758225124906243,0.0009342588225710793,0.9835602856437252,562.3401889620927,9.244712077590442,638.9576403384914,218.6307246919754,0.6345185995623632,0.22128415907576093,1473.0394939643925,45.48631449197102,2.491908635269195,0.006702001530780533,0.0026895053197070894,0.3965785381026439,2.566666666666667,6.252455881972608,0.9956583532089679,0.9986948848857872,40.0,80.0,0.0026895053197070894,0.3965785381026439
AB,peak_load_fraction,37,0.9942080218192769,0.6593242047859554,0.2048195830433457,0.11408570344483138,0.7692102833324719,0.24995871660714786,0.24812270663075364,0.850602557737576,59.88416043638554,10.0,13.0,3.318648409571911,0.001847040512471595,0.6140857034448314,1.0,3.4486960139662837,40.0,1.0,0.001847040512471595,0.6140857034448314,0.524962844946433,0.8853045799577942,0.25518076732127276,613,59.88416043638554,10.0,13.0,3.318648409571911,0.001847040512471595,0.6140857034448314,1.0,3.4486960139662837,40.0,1.0,0.001847040512471595,0.6140857034448314,0.524962844946433,0.8853045799577942,0.25518076732127276,True,,resolved_oscillation,1.0,843.0,14.07717823639712,0.0,0.9944675853079531,1018.6902823277895,5.635817084595678,1028.0654756026993,727.3624881805753,0.6215895610913404,0.34547878249277936,721.3322745897276,5.128407520258485,0.9195850593968141,0.001894613562298829,0.0020602918054601366,0.3445900910908687,4.9,4.221241338288116,0.9525464627605246,0.9841336317201477,40.0,80.0,0.0020602918054601366,0.3445900910908687
AB,peak_load_fraction,38,0.4452386990402637,0.45484334849897157,0.3778401004807026,0.5335265915484285,0.7580538097473309,0.7955874573466426,0.7447623325657388,0.10689620875269645,48.904773980805274,10.0,13.0,2.909686696997943,0.00310156797886956,1.0335265915484286,1.0,3.387325056628274,40.0,1.0,0.00310156797886956,1.0335265915484286,1.0160287116119782,2.778000610874619,0.032068862625808936,614,48.904773980805274,10.0,13.0,2.909686696997943,0.00310156797886956,1.0335265915484286,1.0,3.387325056628274,40.0,1.0,0.00310156797886956,1.0335265915484286,1.0160287116119782,2.7780006108746202,0.032068862625808936,True,,resolved_oscillation,1.0,676.0,13.822781396869853,0.0,0.9943389643089131,1135.5879946744262,6.428604168221573,1276.114752821841,613.0086233793173,0.6257396449704142,0.2857142857142857,5534.9632011778895,50.70498723319507,8.874113665896044,0.03253120255254063,0.0036658537153474546,0.4034658964674517,3.6666666666666665,30.713105017393424,0.95571631926083,0.9871941031908431,40.0,80.0,0.0036658537153474546,0.4034658964674517
AB,peak_load_fraction,39,0.6660332596561213,0.9549278270831529,0.6069990404660162,0.752066943141399,0.9605213971708908,0.4830470007968839,0.4840801167323766,0.5546152639226781,53.32066519312242,10.0,13.0,3.909855654166306,0.006162032137168318,1.2520669431413989,1.0,4.692190600041989,40.0,1.0,0.006162032137168318,1.2520669431413989,0.7347423007171954,1.524228651865329,0.16638457917680344,615,53.32066519312242,10.0,13.0,3.909855654166306,0.006162032137168317,1.2520669431413989,1.0,4.692190600041989,40.0,1.0,0.006162032137168323,1.2520669431413989,0.7347423007171954,1.524228651865329,0.16638457917680344,True,,resolved_oscillation,1.0,649.6666666666666,12.184144070851989,0.0007948657457583205,0.9705101888895387,369.6572251991665,10.901121746740648,1494.5717642092943,108.18040084604006,0.5445100051308364,0.17951566318595868,1860.7712136819778,33.353995189326646,3.0543930912939943,0.031030673373756666,0.010159358159303102,0.3330371028660298,2.8666666666666667,8.522974484823726,0.9081769130469447,0.9768493841542999,40.0,80.0,0.010159358159303102,0.3330371028660298
AB,peak_load_fraction,40,0.07938517308078696,0.022029308983154694,0.46089644750850756,0.321935567576238,0.7521861907367888,0.6828149072520601,0.16781697286928776,0.25068820561051863,41.58770346161574,10.0,13.0,2.0440586179663094,0.003977773984957273,0.821935567576238,1.0,3.3554871886080764,40.0,1.0,0.003977773984957273,0.821935567576238,0.9145334165268539,0.7358460741714552,0.07520646168315559,616,41.58770346161574,10.0,13.0,2.0440586179663094,0.003977773984957273,0.821935567576238,1.0,3.3554871886080764,40.0,1.0,0.003977773984957273,0.821935567576238,0.9145334165268539,0.7358460741714552,0.07520646168315559,True,,resolved_oscillation,1.0,397.1818181818182,9.550462880173358,0.0010184754159435563,0.9756556955912581,410.1293762171415,9.984314381597532,544.1528606849165,161.32653953391784,0.632581826504921,0.19062430570984226,569.547206915359,24.63869175192815,1.2392139010928207,0.009612904281831992,0.007757259883345965,0.32303932459453455,2.0166666666666666,2.4837421377340507,0.9848212407048244,0.9955317329782191,40.0,80.0,0.007757259883345965,0.32303932459453455
AB,peak_load_fraction,41,0.9815064036168787,0.6484862657754508,0.8948493318150219,0.4999552130251841,0.7789299613558915,0.5872141849970318,0.30968064225549496,0.5850679036899411,59.63012807233757,10.0,13.0,3.2969725315509013,0.014595730045276952,0.9999552130251841,1.0,3.5030688932033924,40.0,1.0,0.014595730045276952,0.9999552130251841,0.8284927664973285,1.0201185539311928,0.17552037110698232,617,59.63012807233757,10.0,13.0,3.2969725315509013,0.014595730045276952,0.9999552130251841,1.0,3.5030688932033924,40.0,1.0,0.014595730045276952,0.9999552130251841,0.8284927664973285,1.0201185539311928,0.17552037110698232,True,,steady_state,0.0,,,,,29.7474799032402,29.678120685247023,156.24735836045897,30.835657958342754,,0.0,196.1522067366161,194.99733900195648,0.22734616549380507,0.22601714596107517,0.994154202997692,0.0,,,0.9927102126446843,0.9927232100100989,40.0,80.0,,
AB,peak_load_fraction,42,0.2634626562834709,0.9747032019221333,0.7824072395318442,0.7109816588766164,0.952904028663561,0.31261461683648606,0.3711782882929373,0.8362800471105234,45.269253125669415,10.0,13.0,3.9494064038442667,0.010421621292670104,1.2109816588766162,1.0,4.635017018010833,40.0,1.0,0.010421621292670104,1.2109816588766162,0.5813531551528375,1.1752987997251907,0.25088401413315703,618,45.269253125669415,10.0,13.0,3.9494064038442667,0.010421621292670104,1.2109816588766162,1.0,4.635017018010833,40.0,1.0,0.010421621292670104,1.2109816588766162,0.5813531551528375,1.1752987997251907,0.25088401413315703,True,,resolved_oscillation,1.0,319.15384615384613,7.05012396091142,0.007869283064504464,0.3254174537369643,39.42179409155276,26.593254236536758,136.43417118240362,28.599599238544492,0.6216437695830321,0.0,104.306514659964,53.98955799772582,0.1934942641695538,0.06712086092829309,0.3468881168977541,0.0,2.2916666666666665,0.5942240577322717,0.9902395093885645,0.9942670153136891,40.0,80.0,0.3468881168977541,0.0
AB,peak_load_fraction,43,0.11902604624430946,0.7238209620991736,0.5130660887379298,0.037791826390061733,0.20526307490198326,0.9864411902014837,0.42542350137029605,0.6159831436337478,42.38052092488619,10.0,13.0,3.447641924198347,0.004650657653682553,0.5377918263900617,1.0,1.3914664273870667,40.0,1.0,0.004650657653682553,0.5377918263900617,1.1877970711813353,1.3316604629181958,0.18479494309012434,619,42.38052092488619,10.0,13.0,3.447641924198347,0.004650657653682553,0.5377918263900617,1.0,1.3914664273870667,40.0,1.0,0.004650657653682553,0.5377918263900617,1.1877970711813353,1.3316604629181958,0.18479494309012434,True,,resolved_oscillation,1.0,358.90909090909093,8.468727686127533,0.0008400772012045085,0.944127534828811,155.88647722565747,8.709761769449894,186.34041413156672,87.94318162504007,0.5851063829787234,0.3365918684736725,1102.236653326522,71.1143060876708,2.256291676224985,0.014790226100767221,0.006555103782287952,0.49677849366807375,2.3,4.98094461583676,0.922963226281053,0.9705692004886197,40.0,80.0,0.006555103782287952,0.49677849366807375
AB,peak_load_fraction,44,0.5856463892471487,0.31809303652452925,0.05540641720968964,0.35037645481237045,0.920254666357244,0.26509542561439037,0.43310533966908604,0.08222968208283765,51.71292778494298,10.0,13.0,2.6361860730490587,0.0011805527868287793,0.8503764548123705,1.0,4.397748692253874,40.0,1.0,0.0011805527868287793,0.8503764548123705,0.5385858830529513,1.3554245391133992,0.024668904624851294,620,51.71292778494298,10.0,13.0,2.6361860730490587,0.0011805527868287793,0.8503764548123705,1.0,4.397748692253874,40.0,1.0,0.0011805527868287793,0.8503764548123705,0.5385858830529513,1.3554245391133992,0.024668904624851294,True,,resolved_oscillation,1.0,743.8,14.383250607917985,0.0006012551700725436,0.9962483334198655,1450.8012295453452,5.4429224873034405,1547.2161622667663,904.7306845491776,0.6332347405216456,0.3157076205287714,1338.2642482286951,7.8075354739201,2.0111326521269377,0.0026424413280908806,0.0013139070291043617,0.38235947567207285,4.016666666666667,7.598212856615752,0.9923384235398568,0.9976262134136884,40.0,80.0,0.0013139070291043617,0.38235947567207285
AB,peak_load_fraction,45,0.5735089914149888,0.2349033339983554,0.05175284264692048,0.5805394677833117,0.9703789917660842,0.9217209976436966,0.7921983999214777,0.7386041045009121,51.47017982829978,10.0,13.0,2.4698066679967106,0.0011677019370594456,1.0805394677833116,1.0,4.767226736092789,40.0,1.0,0.0011677019370594456,1.0805394677833116,1.1295488978793269,3.0986206033196844,0.2215812313502736,621,51.47017982829978,10.0,13.0,2.4698066679967106,0.0011677019370594456,1.0805394677833116,1.0,4.767226736092789,40.0,1.0,0.0011677019370594456,1.0805394677833116,1.1295488978793269,3.0986206033196844,0.2215812313502736,True,,resolved_oscillation,1.0,740.6,14.388914172644817,0.0007395659701663059,0.9970700293926291,1774.3652520932642,5.198838035373535,1429.7864858608543,1040.3671859986002,0.6643262219821766,0.3203732503888025,5465.170081129967,41.310692552826886,8.0557997223583,0.015931129272430383,0.0019775974852272787,0.44123528104865584,4.316666666666666,32.686458533261835,0.6546114303729827,0.8837350327849769,40.0,80.0,0.0019775974852272787,0.44123528104865584
AB,peak_load_fraction,46,0.9964774922142574,0.7068669270486545,0.375212687785102,0.3997873384363825,0.13524852246151498,0.06723370737678591,0.5138327539551703,0.560700683227424,59.92954984428515,10.0,13.0,3.413733854097309,0.003077251283941284,0.8997873384363825,1.0,1.2431818481929522,40.0,1.0,0.003077251283941284,0.8997873384363825,0.3605103366391073,1.6323104399164237,0.16821020496822717,622,59.92954984428515,10.0,13.0,3.413733854097309,0.003077251283941284,0.8997873384363825,1.0,1.2431818481929522,40.0,1.0,0.003077251283941284,0.8997873384363825,0.3605103366391073,1.6323104399164237,0.16821020496822717,True,,resolved_oscillation,1.0,676.1666666666666,11.282692234858253,0.0006037687312751241,0.9850729346691334,469.54092078697283,7.008868000102433,486.40813474875023,282.98615817226795,0.6056199161942322,0.3257053988002666,1197.9383260826812,23.183631440038923,1.6137227648058101,0.005863242859653805,0.003633364409009479,0.39346811819595645,3.975,6.050971802765571,0.9508473083295289,0.9838341301561633,40.0,80.0,0.003633364409009479,0.39346811819595645
AB,peak_load_fraction,47,0.36135447392295206,0.6878005187327936,0.4760701006722087,0.3537843335240982,0.035015686851467165,0.6317049050261032,0.22250865784072882,0.6740256066152932,47.22708947845904,10.0,13.0,3.375601037465587,0.004162761037524378,0.8537843335240982,1.0,1.0579738047865839,40.0,1.0,0.004162761037524378,0.8537843335240982,0.8685344145234928,0.8346005415478409,0.20220768198458797,623,47.22708947845904,10.0,13.0,3.375601037465587,0.004162761037524378,0.8537843335240982,1.0,1.0579738047865839,40.0,1.0,0.004162761037524378,0.8537843335240982,0.8685344145234928,0.8346005415478409,0.20220768198458797,True,,resolved_oscillation,1.0,442.8888888888889,9.37785694142547,0.0007526342197691922,0.9671997541200594,247.740784484681,8.125958645586907,269.31156723265866,134.01860058642959,0.5943928750627194,0.33237058431459676,960.2056410622255,40.20940019322739,1.725720826100407,0.00936033946597012,0.005424017213213786,0.43790268829149076,2.7,4.438407132398726,0.9341193359068195,0.976470693954119,40.0,80.0,0.005424017213213786,0.43790268829149076
AB,peak_load_fraction,48,0.14462614962212772,0.2012148931522557,0.5951396450376651,0.09776566282190036,0.303708843795952,0.5655754693836429,0.46791123586759553,0.6345216018789176,42.89252299244255,10.0,13.0,2.4024297863045114,0.005946953323288362,0.5977656628219004,1.0,1.63035947537973,40.0,1.0,0.005946953323288362,0.5977656628219004,0.8090179224452785,1.4685246480052399,0.19035648056367527,624,42.89252299244255,10.0,13.0,2.4024297863045114,0.005946953323288362,0.5977656628219004,1.0,1.6303594753797301,40.0,1.0,0.005946953323288362,0.5977656628219004,0.8090179224452785,1.4685246480052399,0.19035648056367527,True,,resolved_oscillation,1.0,323.61538461538464,7.544797135678031,0.0015647268566778775,0.9297323066615385,150.47891249294014,10.573806076959114,186.54571360766826,62.361002905707124,0.621107677680057,0.22417240613197068,707.4206320273195,75.98095741452215,1.5061482309969823,0.02222201337338116,0.014754200759291458,0.43501444123528105,2.0166666666666666,3.038488070982928,0.946663911067689,0.9802636224284842,40.0,80.0,0.014754200759291458,0.43501444123528105
AB,peak_load_fraction,49,0.40497024324456166,0.8760220927708037,0.29672674234775864,0.5899843875985493,0.0475287430060467,0.30095928254761795,0.4587922640517281,0.43325799927552955,48.099404864891234,10.0,13.0,3.7520441855416076,0.0024324862403586806,1.0899843875985493,1.0,1.079496318858968,40.0,1.0,0.0024324862403586806,1.0899843875985493,0.5708633542928561,1.4380111993712392,0.12997739978265885,625,48.099404864891234,10.0,13.0,3.7520441855416076,0.0024324862403586806,1.0899843875985493,1.0,1.079496318858968,40.0,1.0,0.0024324862403586806,1.0899843875985493,0.5708633542928561,1.4380111993712392,0.12997739978265885,True,,resolved_oscillation,1.0,534.4285714285714,11.110918584746608,0.0010001757248794282,0.9823461494503022,395.48039478682097,6.981751784902038,416.76017133350115,267.53452351998106,0.5973670141673348,0.3434792268384803,1648.9050419646226,33.16493131930593,2.7496895047484196,0.007828686709503766,0.002847116627526294,0.4445678738058209,3.2416666666666667,8.372046924800966,0.9381270826288521,0.9788494151031446,40.0,80.0,0.002847116627526294,0.4445678738058209
AB,peak_load_fraction,50,0.9975856292646897,0.5657544237723552,0.30706557444850346,0.4275679161838194,0.3166776682977941,0.5557163730357745,0.7210217811166746,0.1635011975121965,59.95171258529379,10.0,13.0,3.13150884754471,0.0025090049780829666,0.9275679161838194,1.0,1.6647468092951054,40.0,1.0,0.0025090049780829666,0.9275679161838194,0.8001447357321969,2.630218241651227,0.04905035925365895,626,59.95171258529379,10.0,13.0,3.13150884754471,0.0025090049780829666,0.9275679161838194,1.0,1.6647468092951054,40.0,1.0,0.0025090049780829666,0.9275679161838194,0.8001447357321969,2.630218241651227,0.04905035925365895,True,,resolved_oscillation,1.0,728.2,12.146442004704769,0.0006141356708321313,0.9902309191562424,671.1336474592929,6.556358858995747,684.3596382809923,397.787644996521,0.616588849217248,0.34192401688513663,4500.329556971253,62.53622997547864,5.9864045384345435,0.01762832674090463,0.0029447269438150053,0.4583425905354366,4.15,23.50234625795242,0.9534917109534384,0.9841740746940564,40.0,80.0,0.0029447269438150053,0.4583425905354366
AB,peak_load_fraction,51,0.9268934724441079,0.6010086289668761,0.8318839924281232,0.564140076180349,0.1552169247113192,0.37544963365442785,0.22895891173032745,0.4437697318007716,58.53786944888216,10.0,13.0,3.2020172579337522,0.012086652251044236,1.064140076180349,1.0,1.283784046812436,40.0,1.0,0.012086652251044236,1.064140076180349,0.637904670288985,0.8470887540115423,0.13313091954023148,627,58.53786944888216,10.0,13.0,3.2020172579337522,0.012086652251044234,1.064140076180349,1.0,1.283784046812436,40.0,1.0,0.012086652251044236,1.064140076180349,0.637904670288985,0.8470887540115423,0.13313091954023148,True,,resolved_oscillation,1.0,551.8571428571429,9.427352721455788,0.0006848954985929563,0.9635663055745456,286.24355337641424,10.428910154972518,400.752284653824,91.26429581538426,0.5892829407196479,0.22039546767385026,877.8351904186712,43.947400785778996,1.3480012199741993,0.025062826104363577,0.018592584140868416,0.3470339924461231,2.8833333333333333,3.877238856886975,0.9688186200133673,0.9904236757951149,40.0,80.0,0.018592584140868416,0.3470339924461231
AB,peak_load_fraction,52,0.14798006523291785,0.030678042283148188,0.974311847035165,0.29119072017962766,0.04515025280363083,0.5388037075942974,0.6223009687936307,0.19732363730208957,42.95960130465836,10.0,13.0,2.061356084566296,0.018518633560568088,0.7911907201796277,1.0,1.0753718713717284,40.0,1.0,0.018518633560568088,0.7911907201796277,0.7849233368348676,2.095419461334317,0.05919709119062687,628,42.95960130465836,10.0,13.0,2.061356084566296,0.018518633560568088,0.7911907201796277,1.0,1.0753718713717284,40.0,1.0,0.018518633560568088,0.7911907201796277,0.7849233368348676,2.095419461334317,0.05919709119062687,True,,resolved_oscillation,1.0,268.14285714285717,6.241744546027268,0.00140956383114789,0.18509260639692554,30.843103860454264,25.134273377551708,74.39119521053047,19.376438243239274,0.6656899307405434,0.0,591.9488969588999,490.73669461306946,1.0144923763732714,0.7379009393978584,0.7273597678829238,1.0,3.1333333333333333,3.89906936185548,0.9903854241299852,0.9917171158596477,40.0,80.0,0.7273597678829238,1.0
AB,peak_load_fraction,53,0.9465837550526778,0.5897803298867728,0.4516407049781953,0.47750599276686445,0.03580917778042536,0.1308974079005698,0.5193037732229046,0.10833129733756575,58.93167510105356,10.0,13.0,3.1795606597735455,0.0038689944295550852,0.9775059927668645,1.0,1.0593257791340285,40.0,1.0,0.0038689944295550852,0.9775059927668645,0.4178076671105128,1.6530035168600712,0.03249938920126972,629,58.93167510105356,10.0,13.0,3.1795606597735455,0.0038689944295550857,0.9775059927668645,1.0,1.0593257791340285,40.0,1.0,0.0038689944295550852,0.9775059927668645,0.4178076671105128,1.6530035168600712,0.03249938920126972,True,,resolved_oscillation,1.0,614.5,10.427329597305375,0.0008913304434583662,0.9804987252014868,392.1712194785515,7.647838719119222,420.98365871947,203.5343187100985,0.6037428803905615,0.2992668295934237,1427.8978838442588,37.934145330825636,2.0270543838028083,0.009433395667102216,0.004653745722107817,0.4001333037102866,3.5166666666666666,6.784135056093773,0.9897442133168968,0.996756125956509,40.0,80.0,0.004653745722107817,0.4001333037102866
AB,peak_load_fraction,54,0.26707177914853697,0.4436206392795494,0.17817196494572562,0.8842841371519518,0.8781615463568023,0.5249468382666946,0.10848811210481324,0.7991470081324397,45.34143558297074,10.0,13.0,2.887241278559099,0.001705324654201179,1.3842841371519516,1.0,4.109685422118879,40.0,1.0,0.001705324654201179,1.3842841371519516,0.7724521544400251,0.641886314712119,0.23974410243973188,630,45.34143558297074,10.0,13.0,2.887241278559099,0.0017053246542011787,1.3842841371519516,1.0,4.109685422118879,40.0,1.0,0.001705324654201179,1.3842841371519516,0.7724521544400251,0.641886314712119,0.23974410243973188,True,,resolved_oscillation,1.0,710.0,15.658966040031176,0.0,0.9971858346840445,1918.005641378526,5.397584951774466,1968.5554380647734,1241.400166951957,0.6380281690140845,0.32059542323928014,1237.2402804182407,5.8848017652247,2.062136480896767,0.004206580025956728,0.002039913490171805,0.3828038213730282,3.933333333333333,7.606997761948702,0.902054346615799,0.9690714337151891,40.0,80.0,0.002039913490171805,0.3828038213730282
AB,peak_load_fraction,55,0.03934806720952966,0.7974544171486171,0.9613679503326873,0.09528084265622816,0.8506665333513728,0.9500335252854892,0.896934550896485,0.6191559400144643,40.786961344190594,10.0,13.0,3.594908834297234,0.01781429091501406,0.5952808426562282,1.0,3.931790694711237,40.0,1.0,0.01781429091501406,0.5952808426562282,1.1550301727569403,3.943706218379895,0.18574678200433928,631,40.786961344190594,10.0,13.0,3.594908834297234,0.01781429091501406,0.5952808426562282,1.0,3.931790694711237,40.0,1.0,0.01781429091501406,0.5952808426562282,1.1550301727569403,3.943706218379895,0.18574678200433928,True,,resolved_oscillation,1.0,362.54545454545456,8.888758627690537,0.0014404620477778405,0.8950006073723461,120.1523647258012,12.615925318985473,327.24268030642816,42.68826982721887,0.5785481444332998,0.10753165963119307,1972.6794929656878,173.66324503945938,4.403865671933485,0.17577509072089306,0.03991381749927905,0.4714507887136192,1.9583333333333333,9.053914708490586,0.8486872563906075,0.9491002873441825,40.0,80.0,0.03991381749927905,0.4714507887136192
AB,peak_load_fraction,56,0.8516256211406352,0.03206752876612384,0.37451105081748515,0.9271816890983423,0.27187136671284284,0.5778246572201604,0.8284226050920022,0.20502734838734193,57.0325124228127,10.0,13.0,2.0641350575322477,0.0030707899516370578,1.4271816890983424,1.0,1.5489233627326284,40.0,1.0,0.0030707899516370578,1.4271816890983424,0.8200421914981444,3.368159189736131,0.06150820451620258,632,57.0325124228127,10.0,13.0,2.0641350575322477,0.003070789951637058,1.4271816890983424,1.0,1.5489233627326284,40.0,1.0,0.0030707899516370578,1.4271816890983424,0.8200421914981444,3.368159189736131,0.06150820451620258,True,,resolved_oscillation,1.0,505.14285714285717,8.857103355327595,0.0007482328368395335,0.9738833577292133,421.180980914871,10.999833009812725,506.47451339968086,154.58440462028273,0.6370475113122172,0.16018662519440124,4692.165971597454,236.96196210121624,7.665123932267885,0.054275807195399324,0.00708087797079371,0.4734503443679182,2.525,19.25190044579722,0.9243338951096146,0.9771960982366453,40.0,80.0,0.00708087797079371,0.4734503443679182
AB,peak_load_fraction,57,0.8296311980119584,0.33407868225380877,0.1063301011098382,0.7176518981589709,0.6864182526670649,0.11947963965489417,0.2941963935788431,0.6122080081366711,56.592623960239166,10.0,13.0,2.6681573645076178,0.0013751138332981391,1.2176518981589708,1.0,3.0184623908556323,40.0,1.0,0.0013751138332981391,1.2176518981589708,0.40753167568940474,0.9843881972846089,0.18366240244100132,633,56.592623960239166,10.0,13.0,2.6681573645076178,0.0013751138332981391,1.2176518981589708,1.0,3.0184623908556323,40.0,1.0,0.0013751138332981391,1.2176518981589708,0.40753167568940474,0.9843881972846089,0.18366240244100132,True,,resolved_oscillation,1.0,802.0,14.171458113754701,0.0,0.9962085918132462,1509.6057226952635,5.72353149579716,1570.2533095148528,892.1537117450611,0.6346633416458853,0.3239280159964452,1086.511979139883,6.8958284457199195,1.4985078695693774,0.002419043841034978,0.0016143017265102069,0.3812486114196845,4.283333333333333,6.059826271685905,0.9492204184753282,0.9835874840758516,40.0,80.0,0.0016143017265102069,0.3812486114196845
AB,peak_load_fraction,58,0.8175887117605869,0.1733204554271618,0.2545619395517319,0.5238700721010965,0.44611669420234423,0.8290791619985357,0.35620338254456996,0.37886277999280726,56.351774235211735,10.0,13.0,2.3466409108543234,0.002143841724452986,1.0238700721010965,1.0,2.0503225475030376,40.0,1.0,0.002143841724452986,1.0238700721010965,1.046171245798682,1.1354640456404972,0.11365883399784217,634,56.351774235211735,10.0,13.0,2.3466409108543234,0.002143841724452986,1.0238700721010965,1.0,2.0503225475030376,40.0,1.0,0.002143841724452986,1.0238700721010965,1.046171245798682,1.1354640456404972,0.11365883399784217,True,,resolved_oscillation,1.0,603.7142857142857,10.713314601140834,0.0008082466292758794,0.9878234066881127,644.0599643772305,7.8424562546900445,687.3443287969568,274.18832030083655,0.6331637482252721,0.24483448122639415,2072.8352822478223,46.93631353726885,3.14609903154387,0.009827364889446072,0.0031236667348718316,0.37858253721395246,3.1666666666666665,9.54588432873252,0.9392348894317522,0.9827810595598908,40.0,80.0,0.0031236667348718316,0.37858253721395246
AB,peak_load_fraction,59,0.7632201581925808,0.41076796078383804,0.9080229332326699,0.6981208695971955,0.883495417972424,0.0023260163113936194,0.593721283602114,0.6733799326734268,55.26440316385162,10.0,13.0,2.8215359215676763,0.015183261534167925,1.1981208695971954,1.0,4.145117025610558,40.0,1.0,0.015183261534167925,1.1981208695971954,0.30209341468025425,1.9619651459925174,0.20201397980202804,635,55.26440316385162,10.0,13.0,2.8215359215676763,0.015183261534167925,1.1981208695971954,1.0,4.145117025610558,40.0,1.0,0.015183261534167925,1.1981208695971954,0.30209341468025425,1.9619651459925174,0.20201397980202804,True,,steady_state,0.0,,,,,29.028411159780834,29.02750974039302,292.5524739646529,41.64950124404412,,0.0,217.6632237811389,217.62261663948232,0.27195620249321256,0.271937857209718,0.9999325432428959,0.0,,,0.9896303347397322,0.9896303898034654,40.0,80.0,,
AB,peak_load_fraction,60,0.8280144790383384,0.1290319770518289,0.27037002179377156,0.05826084057960823,0.6204055522340386,0.6363897540415864,0.7583621634069664,0.12430596358562007,56.560289580766764,10.0,13.0,2.258063954103658,0.0022478095306631353,0.5582608405796082,1.0,2.7142189076850296,40.0,1.0,0.0022478095306631353,0.5582608405796082,0.8727507786374276,2.8663694586221045,0.03729178907568602,636,56.560289580766764,10.0,13.0,2.258063954103658,0.0022478095306631353,0.5582608405796082,1.0,2.7142189076850296,40.0,1.0,0.0022478095306631353,0.5582608405796082,0.8727507786374276,2.8663694586221045,0.03729178907568602,True,,resolved_oscillation,1.0,546.0,9.653415922143129,0.0,0.9798304371709924,424.821143456203,8.568456744030772,473.04506641929225,176.013216460651,0.63003663003663,0.24416796267496113,2268.3819494070826,81.54439448901661,3.535117640576175,0.013192119486698732,0.003731734224422755,0.418129304598978,2.933333333333333,10.057753005264127,0.9793746160669614,0.9937392443870214,40.0,80.0,0.003731734224422755,0.418129304598978
AB,peak_load_fraction,61,0.9131071740257232,0.3467664824287139,0.6967110274247541,0.42067994138386644,0.8075253340418616,0.5978871921920309,0.8383470861435001,0.5450715140691681,58.26214348051447,10.0,13.0,2.693532964857428,0.008061984242855116,0.9206799413838664,1.0,3.668056243576292,40.0,1.0,0.008061984242855116,0.9206799413838664,0.8380984729728278,3.4460144203111054,0.16352145422075043,637,58.26214348051447,10.0,13.0,2.693532964857428,0.008061984242855116,0.9206799413838664,1.0,3.668056243576292,40.0,1.0,0.008061984242855123,0.9206799413838664,0.8380984729728278,3.4460144203111054,0.16352145422075043,True,,resolved_oscillation,1.0,583.2857142857143,10.01140156267666,0.0008365540669409419,0.9690131721891956,372.9150450594679,11.555454289316113,743.7971317312929,120.91803213640662,0.6013348028410481,0.13108198178182626,3047.97014445553,124.12804530331898,4.7712276166058025,0.07798091062537946,0.01634399297027338,0.3745834259053544,2.7333333333333334,13.13359475296742,0.8595150836233045,0.9629029063193238,40.0,80.0,0.01634399297027338,0.3745834259053544
AB,peak_load_fraction,62,0.6035793947217766,0.801443232262474,0.719759264994655,0.17571134764486795,0.9266508551756341,0.7688117586288268,0.1640253001230495,0.7808445449833764,52.07158789443553,10.0,13.0,3.602886464524948,0.008638302203949583,0.675711347644868,1.0,4.443254120010725,40.0,1.0,0.008638302203949583,0.675711347644868,0.9919305827659439,0.729449623488276,0.2342533634950129,638,52.07158789443553,10.0,13.0,3.602886464524948,0.008638302203949583,0.675711347644868,1.0,4.443254120010725,40.0,1.0,0.008638302203949583,0.675711347644868,0.9919305827659439,0.729449623488276,0.2342533634950129,True,,resolved_oscillation,1.0,633.0,12.156341406051947,0.0,0.9797223800873096,463.7198660006347,9.403135188724626,927.7894633944362,153.54312671587712,0.5797788309636651,0.2559431237502777,787.8505514957944,17.056730664929173,1.2650558167875179,0.015170667210191197,0.01199209316211484,0.3368140413241502,3.183333333333333,3.909653530268562,0.9417105371874894,0.9825860441959986,40.0,80.0,0.01199209316211484,0.3368140413241502
AB,peak_load_fraction,63,0.23882183258880485,0.795319499099534,0.45777040814547443,0.27872231544097936,0.37067281232794935,0.47539633003037374,0.4496059197472574,0.3112186038020406,44.776436651776095,10.0,13.0,3.590638998199068,0.003940696898888916,0.7787223154409794,1.0,1.8158884957389456,40.0,1.0,0.003940696898888916,0.7787223154409794,0.7278566970273364,1.4079133405994118,0.09336558114061218,639,44.776436651776095,10.0,13.0,3.590638998199068,0.003940696898888916,0.7787223154409794,1.0,1.8158884957389456,40.0,1.0,0.003940696898888916,0.7787223154409794,0.7278566970273364,1.4079133405994118,0.09336558114061218,True,,resolved_oscillation,1.0,517.1428571428571,11.549441979151867,0.0007308705279183952,0.984364297261395,444.7369596420996,6.95377489783487,475.97765980710534,281.64204156704227,0.6025414364640884,0.3499222395023328,1397.9532186760587,26.73186562871338,2.4935802794773188,0.011307245803526033,0.004534542519680238,0.4463452566096423,3.0833333333333335,7.26177778040736,0.9613225721467807,0.9864926193293202,40.0,80.0,0.004534542519680238,0.4463452566096423
