S0_dwell_high,S0_dwell_low,S0_max,S0_min,add_growth,archived_rule_codes,archived_rule_confident_fraction,archived_rule_dynamic_range,archived_rule_stable,clock_period_h,cold_start_min_commitment,cold_start_passed,cold_start_sequence,complex_off_h,complex_on_au_inv_h,error,maturation_half_life_min,runtime_s,solver,steady_reads,steady_state_median_commitment,steady_state_min_commitment,steady_state_passed,steady_state_sequence,uM_per_au,unlabelled_windows,windows,pass_drop0,pass_drop1,pass_drop2,pass_drop3,pass_drop4,pass_drop5,pass_drop6,pass_drop7,pass_drop8,pass_drop9,pass_drop10,pass_drop11,pass_drop12,pass_at_drop2,pass_at_drop4,pass_at_drop6,first_pass_drop,burn_in_only,failure_reason_cold,failure_reason_steady,archived100h_stable,archived100h_codes,archived100h_dynamic_range,archived100h_alternation_accuracy,archived100h_confident_fraction
0.7812382847348824,0.3214715654163051,0.999129923855778,0.0,False,xxxxxxxxxxxxxxxxxxxxxxxxxx,0.0,0.4626286845483281,False,10.599999999999994,1.0,False,1111111111111111111111111111,1.0,0.1,,1.0,171.67,True,24,1.0,1.0,False,111111111111111111111111,0.1,0,28,False,False,False,False,False,False,False,False,False,False,False,False,False,False,False,False,-1,False,stuck_high,stuck_high,False,xxxxxxx,0.4626210543127525,0.0,0.0
0.5894528603848067,0.2921967992738579,0.9640813810446516,0.0,True,xxxxxxxxxxxxxxxxxxxxxxxxxx,0.0,0.3133872624381646,False,10.599999999999994,0.0,False,xxxxxxxxxxxxxxxxxxxxxxxxxxxx,1.0,0.1,,1.0,172.8,True,24,0.0,0.0,False,xxxxxxxxxxxxxxxxxxxxxxxx,0.1,28,28,False,False,False,False,False,False,False,False,False,False,False,False,False,False,False,False,-1,False,unlabelled_window_x,unlabelled_window_x,False,xxxxxxx,0.3133425563921765,0.0,0.0
0.8565068943276486,0.2874471880309386,0.9986249830953872,0.0,False,xxxxxxxxxxxxxxxxxxxxxxxxxx,0.0,0.5731974658300962,False,10.599999999999994,1.0,False,1111111111111111111111111111,3.0,0.1,,1.0,173.98,True,24,1.0,1.0,False,111111111111111111111111,0.1,0,28,False,False,False,False,False,False,False,False,False,False,False,False,False,False,False,False,-1,False,stuck_high,stuck_high,False,xxxxxxx,0.5732155332875137,0.0,0.0
0.6181389208069542,0.2555632573593221,0.9574243647402852,0.0,True,xxxxxxxxxxxxxxxxxxxxxxxxxx,0.0,0.3690202978527643,False,10.599999999999994,0.0,False,xxxxxxxxxxxxxxxxxxxxxxxxxxxx,3.0,0.1,,1.0,175.21,True,24,0.0,0.0,False,xxxxxxxxxxxxxxxxxxxxxxxx,0.1,28,28,False,False,False,False,False,False,False,False,False,False,False,False,False,False,False,False,-1,False,unlabelled_window_x,unlabelled_window_x,False,xxxxxxx,0.3690283074064501,0.0,0.0
0.90105453956878,0.2997231562098399,0.997837202826388,0.0,False,xxxxxxxxxxxxxxxxxxxxxxxxxx,0.0,0.604854110859352,False,10.599999999999994,0.8153846153846154,False,1111111111111111111111111111,10.0,0.1,,1.0,174.14,True,24,0.8307692307692308,0.8307692307692308,False,111111111111111111111111,0.1,0,28,False,False,False,False,False,False,False,False,False,False,False,False,False,False,False,False,-1,False,stuck_high,stuck_high,False,xxxxxxx,0.6048602226528814,0.0,0.0
0.6758575279759599,0.2439324445429172,0.9466227831774549,0.0,True,xxxxxxxxxxxxxxxxxxxxxxxxxx,0.0,0.438494283158612,False,10.599999999999994,0.0,False,xxxxxxxxxxxxxxxxxxxxxxxxxxxx,10.0,0.1,,1.0,176.49,True,24,0.0,0.0,False,xxxxxxxxxxxxxxxxxxxxxxxx,0.1,28,28,False,False,False,False,False,False,False,False,False,False,False,False,False,False,False,False,-1,False,unlabelled_window_x,unlabelled_window_x,False,xxxxxxx,0.4384789823686991,0.0,0.0
0.9150554526828576,0.2986924790864442,0.9972669488830362,0.0,False,xxxxxxxxxxxxxxxxxxxxxxxxxx,0.0,0.6195973101158385,False,10.599999999999994,0.7384615384615385,False,1xxxxxxxxxxxxxxxxxxxxxxxxxxx,30.0,0.1,,1.0,176.24,True,24,0.7461538461538462,0.7384615384615385,False,xxxxxxxxxxxxxxxxxxxxxxxx,0.1,27,28,False,False,False,False,False,False,False,False,False,False,False,False,False,False,False,False,-1,False,unlabelled_window_x,unlabelled_window_x,False,xxxxxxx,0.619606434188698,0.0,0.0
0.6894788988041131,0.2414232621613042,0.9377707116864192,0.0,True,xxxxxxxxxxxxxxxxxxxxxxxxxx,0.0,0.4546489215665664,False,10.599999999999994,0.0,False,xxxxxxxxxxxxxxxxxxxxxxxxxxxx,30.0,0.1,,1.0,175.95,True,24,0.0,0.0,False,xxxxxxxxxxxxxxxxxxxxxxxx,0.1,28,28,False,False,False,False,False,False,False,False,False,False,False,False,False,False,False,False,-1,False,unlabelled_window_x,unlabelled_window_x,False,xxxxxxx,0.4546487445284775,0.0,0.0
0.7670876058787058,0.4747751870722695,0.9994562254919344,0.0,False,xxxxxxxxxxxxxxxxxxxxxxxxxx,0.0,0.3023010982269659,False,10.599999999999994,1.0,False,1111111111111111111111111111,1.0,0.3,,1.0,170.56,True,24,1.0,1.0,False,111111111111111111111111,0.1,0,28,False,False,False,False,False,False,False,False,False,False,False,False,False,False,False,False,-1,False,stuck_high,stuck_high,False,xxxxxxx,0.3022989114228146,0.0,0.0
0.6093986440422422,0.3704837396674457,0.967874758215381,0.0,True,xxxxxxxxxxxxxxxxxxxxxxxxxx,0.0,0.2566106304922455,False,10.599999999999994,0.0,False,xxxxxxxxxxxxxxxxxxxxxxxxxxxx,1.0,0.3,,1.0,173.71,True,24,0.0,0.0,False,xxxxxxxxxxxxxxxxxxxxxxxx,0.1,28,28,False,False,False,False,False,False,False,False,False,False,False,False,False,False,False,False,-1,False,unlabelled_window_x,unlabelled_window_x,False,xxxxxxx,0.2566327668139195,0.0,0.0
0.8073065454736453,0.3131335046781883,0.9990412420528006,0.0,False,xxxxxxxxxxxxxxxxxxxxxxxxxx,0.0,0.5009791199023877,False,10.599999999999994,1.0,False,1111111111111111111111111111,3.0,0.3,,1.0,172.01,True,24,1.0,1.0,False,111111111111111111111111,0.1,0,28,False,False,False,False,False,False,False,False,False,False,False,False,False,False,False,False,-1,False,stuck_high,stuck_high,False,xxxxxxx,0.5009483289370213,0.0,0.0
0.5869362477127887,0.3031171496450582,0.9611582749625946,0.0,True,xxxxxxxxxxxxxxxxxxxxxxxxxx,0.0,0.2916256021200056,False,10.599999999999994,0.0,False,xxxxxxxxxxxxxxxxxxxxxxxxxxxx,3.0,0.3,,1.0,174.59,True,24,0.0,0.0,False,xxxxxxxxxxxxxxxxxxxxxxxx,0.1,28,28,False,False,False,False,False,False,False,False,False,False,False,False,False,False,False,False,-1,False,unlabelled_window_x,unlabelled_window_x,False,xxxxxxx,0.2916399727342006,0.0,0.0
0.8659876616293107,0.299148861982299,0.9982378156223216,0.0,False,xxxxxxxxxxxxxxxxxxxxxxxxxx,0.0,0.5713501728516496,False,10.599999999999994,1.0,False,1111111111111111111111111111,10.0,0.3,,1.0,172.85,True,24,1.0,1.0,False,111111111111111111111111,0.1,0,28,False,False,False,False,False,False,False,False,False,False,False,False,False,False,False,False,-1,False,stuck_high,stuck_high,False,xxxxxxx,0.5713533027538913,0.0,0.0
0.6584403533092359,0.2596072181256416,0.9494293052886082,0.0,True,xxxxxxxxxxxxxxxxxxxxxxxxxx,0.0,0.405942592986608,False,10.599999999999994,0.0,False,xxxxxxxxxxxxxxxxxxxxxxxxxxxx,10.0,0.3,,1.0,175.36,True,24,0.0,0.0,False,xxxxxxxxxxxxxxxxxxxxxxxx,0.1,28,28,False,False,False,False,False,False,False,False,False,False,False,False,False,False,False,False,-1,False,unlabelled_window_x,unlabelled_window_x,False,xxxxxxx,0.405949490589152,0.0,0.0
0.8983726071771012,0.2998522899580204,0.997517957891416,0.0,False,xxxxxxxxxxxxxxxxxxxxxxxxxx,0.0,0.602047001761858,False,10.599999999999994,0.8153846153846154,False,1111111111111111111111111111,30.0,0.3,,1.0,175.64,True,24,0.8153846153846154,0.8153846153846154,False,111111111111111111111111,0.1,0,28,False,False,False,False,False,False,False,False,False,False,False,False,False,False,False,False,-1,False,stuck_high,stuck_high,False,xxxxxxx,0.6020274596581281,0.0,0.0
0.6830490486921144,0.2472379101567824,0.939712794436716,0.0,True,xxxxxxxxxxxxxxxxxxxxxxxxxx,0.0,0.4426799971524466,False,10.599999999999994,0.0,False,xxxxxxxxxxxxxxxxxxxxxxxxxxxx,30.0,0.3,,1.0,179.46,True,24,0.0,0.0,False,xxxxxxxxxxxxxxxxxxxxxxxx,0.1,28,28,False,False,False,False,False,False,False,False,False,False,False,False,False,False,False,False,-1,False,unlabelled_window_x,unlabelled_window_x,False,xxxxxxx,0.442681710807455,0.0,0.0
0.8916122516465272,0.6579185783170425,0.9997977110728712,0.0,False,xxxxxxxxxxxxxxxxxxxxxxxxxx,0.0,0.2353509603126282,False,10.599999999999994,0.0,False,xxxxxxxxxxxxxxxxxxxxxxxxxxxx,1.0,1.0,,1.0,158.44,True,24,0.0,0.0,False,xxxxxxxxxxxxxxxxxxxxxxxx,0.1,28,28,False,False,False,False,False,False,False,False,False,False,False,False,False,False,False,False,-1,False,unlabelled_window_x,unlabelled_window_x,False,xxxxxxx,0.2353526289000062,0.0,0.0
0.6873898253047322,0.4654209062892706,0.977666177793966,0.0,True,xxxxxxxxxxxxxxxxxxxxxxxxxx,0.0,0.2306978219624308,False,10.599999999999994,0.0,False,xxxxxxxxxxxxxxxxxxxxxxxxxxxx,1.0,1.0,,1.0,160.85,True,24,0.0,0.0,False,xxxxxxxxxxxxxxxxxxxxxxxx,0.1,28,28,False,False,False,False,False,False,False,False,False,False,False,False,False,False,False,False,-1,False,unlabelled_window_x,unlabelled_window_x,False,xxxxxxx,0.2306520440717798,0.0,0.0
0.7745944794362938,0.530937457038439,0.9995859895696112,0.0,False,xxxxxxxxxxxxxxxxxxxxxxxxxx,0.0,0.2499560870184147,False,10.599999999999994,1.0,False,1111111111111111111111111111,3.0,1.0,,1.0,160.17,True,24,1.0,1.0,False,111111111111111111111111,0.1,0,28,False,False,False,False,False,False,False,False,False,False,False,False,False,False,False,False,-1,False,stuck_high,stuck_high,False,xxxxxxx,0.2499634489714015,0.0,0.0
0.5828052116331385,0.4490460220302613,0.970628455060058,0.0,True,xxxxxxxxxxxxxxxxxxxxxxxxxx,0.0,0.1468711072676823,False,10.599999999999994,0.0,False,xxxxxxxxxxxxxxxxxxxxxxxxxxxx,3.0,1.0,,1.0,160.12,True,24,0.0,0.0,False,xxxxxxxxxxxxxxxxxxxxxxxx,0.1,28,28,False,False,False,False,False,False,False,False,False,False,False,False,False,False,False,False,-1,False,unlabelled_window_x,unlabelled_window_x,False,xxxxxxx,0.1469303931413208,0.0,0.0
0.827712430641925,0.3259987990942929,0.998996539152562,0.0,False,xxxxxxxxxxxxxxxxxxxxxxxxxx,0.0,0.5085968507078058,False,10.599999999999994,1.0,False,1111111111111111111111111111,10.0,1.0,,1.0,160.59,True,24,1.0,1.0,False,111111111111111111111111,0.1,0,28,False,False,False,False,False,False,False,False,False,False,False,False,False,False,False,False,-1,False,stuck_high,stuck_high,False,xxxxxxx,0.5086008310972945,0.0,0.0
0.6184875471466161,0.3151081092229233,0.9575762708712492,0.0,True,xxxxxxxxxxxxxxxxxxxxxxxxxx,0.0,0.3116298443983826,False,10.599999999999994,0.0,False,xxxxxxxxxxxxxxxxxxxxxxxxxxxx,10.0,1.0,,1.0,161.92,True,24,0.0,0.0,False,xxxxxxxxxxxxxxxxxxxxxxxx,0.1,28,28,False,False,False,False,False,False,False,False,False,False,False,False,False,False,False,False,-1,False,unlabelled_window_x,unlabelled_window_x,False,xxxxxxx,0.3116233955654919,0.0,0.0
0.8636722731843594,0.3032699982766917,0.9981449671568732,0.0,False,xxxxxxxxxxxxxxxxxxxxxxxxxx,0.0,0.5651294923724346,False,10.599999999999994,0.984126984126984,False,1111111111111111111111111111,30.0,1.0,,1.0,170.5,True,24,1.0,1.0,False,111111111111111111111111,0.1,0,28,False,False,False,False,False,False,False,False,False,False,False,False,False,False,False,False,-1,False,stuck_high,stuck_high,False,xxxxxxx,0.5651268425437702,0.0,0.0
0.6641674127193905,0.2666319286357318,0.9451746957114324,0.0,True,xxxxxxxxxxxxxxxxxxxxxxxxxx,0.0,0.4049072067683802,False,10.599999999999994,0.0,False,xxxxxxxxxxxxxxxxxxxxxxxxxxxx,30.0,1.0,,1.0,170.35,True,24,0.0,0.0,False,xxxxxxxxxxxxxxxxxxxxxxxx,0.1,28,28,False,False,False,False,False,False,False,False,False,False,False,False,False,False,False,False,-1,False,unlabelled_window_x,unlabelled_window_x,False,xxxxxxx,0.4049091818555387,0.0,0.0
0.986806451669078,0.59687972417097,0.99993765427277,0.0,False,xxxxxxxxxxxxxxxxxxxxxxxxxx,0.0,0.3905796097002983,False,10.599999999999994,0.0,False,xxxxxxxxxxxxxxxxxxxxxxxxxxxx,1.0,3.0,,1.0,166.41,True,24,0.0,0.0,False,xxxxxxxxxxxxxxxxxxxxxxxx,0.1,28,28,False,False,False,False,False,False,False,False,False,False,False,False,False,False,False,False,-1,False,unlabelled_window_x,unlabelled_window_x,False,xxxxxxx,0.3905796529336014,0.0,0.0
0.8549884847364203,0.4415333872075888,0.9885800332726966,0.0,True,xxxxxxxxxxxxxxxxxxxxxxxxxx,0.0,0.4213489745679382,False,10.599999999999994,0.0,False,xxxxxxxxxxxxxxxxxxxxxxxxxxxx,1.0,3.0,,1.0,165.2,True,24,0.0,0.0,False,xxxxxxxxxxxxxxxxxxxxxxxx,0.1,28,28,False,False,False,False,False,False,False,False,False,False,False,False,False,False,False,False,-1,False,unlabelled_window_x,unlabelled_window_x,False,xxxxxxx,0.4213428483814294,0.0,0.0
0.9181721827188072,0.6699870069451221,0.9998628416386944,0.0,False,xxxxxxxxxxxxxxxxxxxxxxxxxx,0.0,0.2493990109807424,False,10.599999999999994,0.0,False,xxxxxxxxxxxxxxxxxxxxxxxxxxxx,3.0,3.0,,1.0,159.55,True,24,0.0,0.0,False,xxxxxxxxxxxxxxxxxxxxxxxx,0.1,28,28,False,False,False,False,False,False,False,False,False,False,False,False,False,False,False,False,-1,False,unlabelled_window_x,unlabelled_window_x,False,xxxxxxx,0.2493802478693692,0.0,0.0
0.7312461146628787,0.4909953565625093,0.9836906541980937,0.0,True,xxxxxxxxxxxxxxxxxxxxxxxxxx,0.0,0.2459874937179373,False,10.599999999999994,0.0,False,xxxxxxxxxxxxxxxxxxxxxxxxxxxx,3.0,3.0,,1.0,162.75,True,24,0.0,0.0,False,xxxxxxxxxxxxxxxxxxxxxxxx,0.1,28,28,False,False,False,False,False,False,False,False,False,False,False,False,False,False,False,False,-1,False,unlabelled_window_x,unlabelled_window_x,False,xxxxxxx,0.2460015639120459,0.0,0.0
0.7904669110815641,0.5153833120015249,0.9995952876247022,0.0,False,xxxxxxxxxxxxxxxxxxxxxxxxxx,0.0,0.28157167840531,False,10.599999999999994,1.0,False,1111111111111111111111111111,10.0,3.0,,1.0,171.24,True,24,1.0,1.0,False,111111111111111111111111,0.1,0,28,False,False,False,False,False,False,False,False,False,False,False,False,False,False,False,False,-1,False,stuck_high,stuck_high,False,xxxxxxx,0.2815803153817716,0.0,0.0
0.5778932631385635,0.4686237624580684,0.9718909834434905,0.0,True,xxxxxxxxxxxxxxxxxxxxxxxxxx,0.0,0.1151082659839722,False,10.599999999999994,0.0,False,xxxxxxxxxxxxxxxxxxxxxxxxxxxx,10.0,3.0,,1.0,164.35,True,24,0.0,0.0,False,xxxxxxxxxxxxxxxxxxxxxxxx,0.1,28,28,False,False,False,False,False,False,False,False,False,False,False,False,False,False,False,False,-1,False,unlabelled_window_x,unlabelled_window_x,False,xxxxxxx,0.115113096006734,0.0,0.0
0.8331970309663301,0.3329624332688487,0.9989840077128358,0.0,False,xxxxxxxxxxxxxxxxxxxxxxxxxx,0.0,0.5070928736210961,False,10.599999999999994,1.0,False,1111111111111111111111111111,30.0,3.0,,1.0,188.99,True,24,1.0,1.0,False,111111111111111111111111,0.1,0,28,False,False,False,False,False,False,False,False,False,False,False,False,False,False,False,False,-1,False,stuck_high,stuck_high,False,xxxxxxx,0.5070771110714336,0.0,0.0
0.6273763565227906,0.3215698037981356,0.9563295325674898,0.0,True,xxxxxxxxxxxxxxxxxxxxxxxxxx,0.0,0.3140598221412344,False,10.599999999999994,0.0,False,xxxxxxxxxxxxxxxxxxxxxxxxxxxx,30.0,3.0,,1.0,178.91,True,24,0.0,0.0,False,xxxxxxxxxxxxxxxxxxxxxxxx,0.1,28,28,False,False,False,False,False,False,False,False,False,False,False,False,False,False,False,False,-1,False,unlabelled_window_x,unlabelled_window_x,False,xxxxxxx,0.3140267864546982,0.0,0.0
0.7952746776878572,0.3185578069406831,0.9992739508668304,0.0,False,xxxxxxxxxxxxxxxxxxxxxxxxxx,0.0,0.4647896243566247,False,10.599999999999994,1.0,False,1111111111111111111111111111,1.0,0.1,,2.5,154.4,True,24,1.0,1.0,False,111111111111111111111111,0.1,0,28,False,False,False,False,False,False,False,False,False,False,False,False,False,False,False,False,-1,False,stuck_high,stuck_high,False,xxxxxxx,0.4647891707078744,0.0,0.0
0.5894006856432104,0.2861270017884325,0.9707942529679948,0.0,True,xxxxxxxxxxxxxxxxxxxxxxxxxx,0.0,0.318420457899498,False,10.599999999999994,0.0,False,xxxxxxxxxxxxxxxxxxxxxxxxxxxx,1.0,0.1,,2.5,155.17,True,24,0.0,0.0,False,xxxxxxxxxxxxxxxxxxxxxxxx,0.1,28,28,False,False,False,False,False,False,False,False,False,False,False,False,False,False,False,False,-1,False,unlabelled_window_x,unlabelled_window_x,False,xxxxxxx,0.3184170850744152,0.0,0.0
0.8606913668366982,0.2826545271774574,0.9988493679746072,0.0,False,xxxxxxxxxxxxxxxxxxxxxxxxxx,0.0,0.5816064542800632,False,10.599999999999994,1.0,False,1111111111111111111111111111,3.0,0.1,,2.5,155.72,True,24,1.0,1.0,False,111111111111111111111111,0.1,0,28,False,False,False,False,False,False,False,False,False,False,False,False,False,False,False,False,-1,False,stuck_high,stuck_high,False,xxxxxxx,0.5816023417686884,0.0,0.0
0.6263445199879815,0.2457757162068413,0.9652077034427898,0.0,True,xxxxxxxxxxxxxxxxxxxxxxxxxx,0.0,0.3867816722091536,False,10.599999999999994,0.0,False,xxxxxxxxxxxxxxxxxxxxxxxxxxxx,3.0,0.1,,2.5,155.42,True,24,0.0,0.0,False,xxxxxxxxxxxxxxxxxxxxxxxx,0.1,28,28,False,False,False,False,False,False,False,False,False,False,False,False,False,False,False,False,-1,False,unlabelled_window_x,unlabelled_window_x,False,xxxxxxx,0.3867822583808402,0.0,0.0
0.907551333036144,0.2988881397861853,0.99818326923702,0.0,False,xxxxxxxxxxxxxxxxxxxxxxxxxx,0.0,0.6117372945332413,False,10.599999999999994,0.7692307692307693,False,1x11111111111111111111111111,10.0,0.1,,2.5,154.74,True,24,0.8,0.8,False,111111111111111111111111,0.1,1,28,False,False,False,False,False,False,False,False,False,False,False,False,False,False,False,False,-1,False,unlabelled_window_x,stuck_high,False,xxxxxxx,0.6117386501548653,0.0,0.0
0.6882922582654989,0.23512537220405,0.9562153799909092,0.0,True,xxxxxxxxxxxxxxxxxxxxxxxxxx,0.0,0.4594109897166949,False,10.599999999999994,0.0,False,xxxxxxxxxxxxxxxxxxxxxxxxxxxx,10.0,0.1,,2.5,154.64,True,24,0.0,0.0,False,xxxxxxxxxxxxxxxxxxxxxxxx,0.1,28,28,False,False,False,False,False,False,False,False,False,False,False,False,False,False,False,False,-1,False,unlabelled_window_x,unlabelled_window_x,False,xxxxxxx,0.4594090646313445,0.0,0.0
0.92215112558231,0.2998508166475151,0.997698649056454,0.0,False,xxxxxxxxxxxxxxxxxxxxxxxxxx,0.0,0.6251485075774772,False,10.599999999999994,0.6923076923076923,False,1xxxxxxxxxxxxxxxxxxxxxxxxxxx,30.0,0.1,,2.5,154.47,True,24,0.7076923076923077,0.7076923076923077,False,xxxxxxxxxxxxxxxxxxxxxxxx,0.1,27,28,False,False,False,False,False,False,False,False,False,False,False,False,False,False,False,False,-1,False,unlabelled_window_x,unlabelled_window_x,False,xxxxxxx,0.6251253705731454,0.0,0.0
0.7038859729946046,0.2332299927423747,0.948891221192495,0.0,True,xxxxxxxxxxxxxxxxxxxxxxxxxx,0.0,0.4769663225575284,False,10.599999999999994,0.0,False,xxxxxxxxxxxxxxxxxxxxxxxxxxxx,30.0,0.1,,2.5,155.59,True,24,0.0,0.0,False,xxxxxxxxxxxxxxxxxxxxxxxx,0.1,28,28,False,False,False,False,False,False,False,False,False,False,False,False,False,False,False,False,-1,False,unlabelled_window_x,unlabelled_window_x,False,xxxxxxx,0.4769594022961924,0.0,0.0
0.7716275705438641,0.4676836298227858,0.9995460746268404,0.0,False,xxxxxxxxxxxxxxxxxxxxxxxxxx,0.0,0.3110680069856395,False,10.599999999999994,1.0,False,1111111111111111111111111111,1.0,0.3,,2.5,152.96,True,24,1.0,1.0,False,111111111111111111111111,0.1,0,28,False,False,False,False,False,False,False,False,False,False,False,False,False,False,False,False,-1,False,stuck_high,stuck_high,False,xxxxxxx,0.3110273450932806,0.0,0.0
0.6122503395638227,0.3664391389100915,0.9743189676365837,0.0,True,xxxxxxxxxxxxxxxxxxxxxxxxxx,0.0,0.2621242013815957,False,10.599999999999994,0.0,False,xxxxxxxxxxxxxxxxxxxxxxxxxxxx,1.0,0.3,,2.5,155.32,True,24,0.0,0.0,False,xxxxxxxxxxxxxxxxxxxxxxxx,0.1,28,28,False,False,False,False,False,False,False,False,False,False,False,False,False,False,False,False,-1,False,unlabelled_window_x,unlabelled_window_x,False,xxxxxxx,0.2621030540518233,0.0,0.0
0.8032759175791486,0.3017270597649492,0.9991976770419968,0.0,False,xxxxxxxxxxxxxxxxxxxxxxxxxx,0.0,0.5079457860585573,False,10.599999999999994,1.0,False,1111111111111111111111111111,3.0,0.3,,2.5,154.79,True,24,1.0,1.0,False,111111111111111111111111,0.1,0,28,False,False,False,False,False,False,False,False,False,False,False,False,False,False,False,False,-1,False,stuck_high,stuck_high,False,xxxxxxx,0.5079711483580147,0.0,0.0
0.5918663483090314,0.2936821815821889,0.9684774449392056,0.0,True,xxxxxxxxxxxxxxxxxxxxxxxxxx,0.0,0.3056629351084713,False,10.599999999999994,0.0,False,xxxxxxxxxxxxxxxxxxxxxxxxxxxx,3.0,0.3,,2.5,155.9,True,24,0.0,0.0,False,xxxxxxxxxxxxxxxxxxxxxxxx,0.1,28,28,False,False,False,False,False,False,False,False,False,False,False,False,False,False,False,False,-1,False,unlabelled_window_x,unlabelled_window_x,False,xxxxxxx,0.3056650170628514,0.0,0.0
0.869198803100915,0.293248511234901,0.9985254182136004,0.0,False,xxxxxxxxxxxxxxxxxxxxxxxxxx,0.0,0.5803058280992006,False,10.599999999999994,1.0,False,1111111111111111111111111111,10.0,0.3,,2.5,153.49,True,24,1.0,1.0,False,111111111111111111111111,0.1,0,28,False,False,False,False,False,False,False,False,False,False,False,False,False,False,False,False,-1,False,stuck_high,stuck_high,False,xxxxxxx,0.5802848429293292,0.0,0.0
0.6690528754205686,0.2494077503415698,0.9585238771693044,0.0,True,xxxxxxxxxxxxxxxxxxxxxxxxxx,0.0,0.4264237889840223,False,10.599999999999994,0.0,False,xxxxxxxxxxxxxxxxxxxxxxxxxxxx,10.0,0.3,,2.5,155.12,True,24,0.0,0.0,False,xxxxxxxxxxxxxxxxxxxxxxxx,0.1,28,28,False,False,False,False,False,False,False,False,False,False,False,False,False,False,False,False,-1,False,unlabelled_window_x,unlabelled_window_x,False,xxxxxxx,0.4264120633451476,0.0,0.0
0.9049846574517884,0.2997480404158106,0.9979069238649432,0.0,False,xxxxxxxxxxxxxxxxxxxxxxxxxx,0.0,0.6085389076038598,False,10.599999999999994,0.7692307692307693,False,1xxxxxxxxxxxxxxxxxxxxxxxxxxx,30.0,0.3,,2.5,153.54,True,24,0.7846153846153846,0.7846153846153846,False,xxxxxxxxxxxxxxxxxxxxxxxx,0.1,27,28,False,False,False,False,False,False,False,False,False,False,False,False,False,False,False,False,-1,False,unlabelled_window_x,unlabelled_window_x,False,xxxxxxx,0.6085330755134415,0.0,0.0
0.6966648315747078,0.238345072752669,0.9501902313590548,0.0,True,xxxxxxxxxxxxxxxxxxxxxxxxxx,0.0,0.4648573738544539,False,10.599999999999994,0.0,False,xxxxxxxxxxxxxxxxxxxxxxxxxxxx,30.0,0.3,,2.5,157.67,True,24,0.0,0.0,False,xxxxxxxxxxxxxxxxxxxxxxxx,0.1,28,28,False,False,False,False,False,False,False,False,False,False,False,False,False,False,False,False,-1,False,unlabelled_window_x,unlabelled_window_x,False,xxxxxxx,0.4648524263948396,0.0,0.0
0.9051890714197732,0.6492052111406372,0.9998324171584648,0.0,False,xxxxxxxxxxxxxxxxxxxxxxxxxx,0.0,0.2574738261524645,False,10.599999999999994,0.0,False,xxxxxxxxxxxxxxxxxxxxxxxxxxxx,1.0,1.0,,2.5,146.34,True,24,0.0,0.0,False,xxxxxxxxxxxxxxxxxxxxxxxx,0.1,28,28,False,False,False,False,False,False,False,False,False,False,False,False,False,False,False,False,-1,False,unlabelled_window_x,unlabelled_window_x,False,xxxxxxx,0.257461143891541,0.0,0.0
0.7019635727034959,0.4610579163272443,0.9823157799636816,0.0,True,xxxxxxxxxxxxxxxxxxxxxxxxxx,0.0,0.2487151738044592,False,10.599999999999994,0.0,False,xxxxxxxxxxxxxxxxxxxxxxxxxxxx,1.0,1.0,,2.5,147.21,True,24,0.0,0.0,False,xxxxxxxxxxxxxxxxxxxxxxxx,0.1,28,28,False,False,False,False,False,False,False,False,False,False,False,False,False,False,False,False,-1,False,unlabelled_window_x,unlabelled_window_x,False,xxxxxxx,0.248704500658906,0.0,0.0
0.7862944432732566,0.5092580150538271,0.9996550984004297,0.0,False,xxxxxxxxxxxxxxxxxxxxxxxxxx,0.0,0.2835211201895731,False,10.599999999999994,1.0,False,1111111111111111111111111111,3.0,1.0,,2.5,148.29,True,24,1.0,1.0,False,111111111111111111111111,0.1,0,28,False,False,False,False,False,False,False,False,False,False,False,False,False,False,False,False,-1,False,stuck_high,stuck_high,False,xxxxxxx,0.283545579533125,0.0,0.0
0.5842138419400648,0.4472862686949983,0.9766308555201016,0.0,True,xxxxxxxxxxxxxxxxxxxxxxxxxx,0.0,0.1491476526032937,False,10.599999999999994,0.0,False,xxxxxxxxxxxxxxxxxxxxxxxxxxxx,3.0,1.0,,2.5,148.07,True,24,0.0,0.0,False,xxxxxxxxxxxxxxxxxxxxxxxx,0.1,28,28,False,False,False,False,False,False,False,False,False,False,False,False,False,False,False,False,-1,False,unlabelled_window_x,unlabelled_window_x,False,xxxxxxx,0.1491506458985887,0.0,0.0
0.826718698527901,0.3065601680020435,0.9991598712352576,0.0,False,11111111111111111111111111,1.0,0.526759850796113,False,10.599999999999994,1.0,False,1111111111111111111111111111,10.0,1.0,,2.5,147.55,True,24,1.0,1.0,False,111111111111111111111111,0.1,0,28,False,False,False,False,False,False,False,False,False,False,False,False,False,False,False,False,-1,False,stuck_high,stuck_high,False,1111111,0.5267565939563914,0.0,1.0
0.6241124874022458,0.3034307235019866,0.9656838723337496,0.0,True,xxxxxxxxxxxxxxxxxxxxxxxxxx,0.0,0.3286199211879401,False,10.599999999999994,0.0,False,xxxxxxxxxxxxxxxxxxxxxxxxxxxx,10.0,1.0,,2.5,148.52,True,24,0.0,0.0,False,xxxxxxxxxxxxxxxxxxxxxxxx,0.1,28,28,False,False,False,False,False,False,False,False,False,False,False,False,False,False,False,False,-1,False,unlabelled_window_x,unlabelled_window_x,False,xxxxxxx,0.3286195345806039,0.0,0.0
0.8665019801381825,0.2956895677133989,0.9984432833008804,0.0,False,xxxxxxxxxxxxxxxxxxxxxxxxxx,0.0,0.5752235811765354,False,10.599999999999994,0.984126984126984,False,1111111111111111111111111111,30.0,1.0,,2.5,158.62,True,24,1.0,1.0,False,111111111111111111111111,0.1,0,28,False,False,False,False,False,False,False,False,False,False,False,False,False,False,False,False,-1,False,stuck_high,stuck_high,False,xxxxxxx,0.5752263157372028,0.0,0.0
0.675296002126843,0.2559371088180712,0.9547812737154748,0.0,True,xxxxxxxxxxxxxxxxxxxxxxxxxx,0.0,0.4264008166310139,False,10.599999999999994,0.0,False,xxxxxxxxxxxxxxxxxxxxxxxxxxxx,30.0,1.0,,2.5,157.7,True,24,0.0,0.0,False,xxxxxxxxxxxxxxxxxxxxxxxx,0.1,28,28,False,False,False,False,False,False,False,False,False,False,False,False,False,False,False,False,-1,False,unlabelled_window_x,unlabelled_window_x,False,xxxxxxx,0.4264069871513595,0.0,0.0
0.9898772310902786,0.5845938701735648,0.9999484928972148,0.0,False,xxxxxxxxxxxxxxxxxxxxxxxxxx,0.0,0.4057146859948646,False,10.599999999999994,0.0,False,xxxxxxxxxxxxxxxxxxxxxxxxxxxx,1.0,3.0,,2.5,151.65,True,24,0.0,0.0,False,xxxxxxxxxxxxxxxxxxxxxxxx,0.1,28,28,False,False,False,False,False,False,False,False,False,False,False,False,False,False,False,False,-1,False,unlabelled_window_x,unlabelled_window_x,False,xxxxxxx,0.4057147078454853,0.0,0.0
0.8739409387632775,0.4330885311219641,0.9910509165650152,0.0,True,xxxxxxxxxxxxxxxxxxxxxxxxxx,0.0,0.4481531028335944,False,10.599999999999994,0.0,False,xxxxxxxxxxxxxxxxxxxxxxxxxxxx,1.0,3.0,,2.5,151.8,True,24,0.0,0.0,False,xxxxxxxxxxxxxxxxxxxxxxxx,0.1,28,28,False,False,False,False,False,False,False,False,False,False,False,False,False,False,False,False,-1,False,unlabelled_window_x,unlabelled_window_x,False,xxxxxxx,0.4481357681550263,0.0,0.0
0.9327092925229554,0.65820982611338,0.9998859121189044,0.0,False,xxxxxxxxxxxxxxxxxxxxxxxxxx,0.0,0.2756292828524225,False,10.599999999999994,0.0,False,xxxxxxxxxxxxxxxxxxxxxxxxxxxx,3.0,3.0,,2.5,148.82,True,24,0.0,0.0,False,xxxxxxxxxxxxxxxxxxxxxxxx,0.1,28,28,False,False,False,False,False,False,False,False,False,False,False,False,False,False,False,False,-1,False,unlabelled_window_x,unlabelled_window_x,False,xxxxxxx,0.2756262504553928,0.0,0.0
0.7490118577442946,0.4854088500979708,0.9871263763357132,0.0,True,xxxxxxxxxxxxxxxxxxxxxxxxxx,0.0,0.2691915629870543,False,10.599999999999994,0.0,False,xxxxxxxxxxxxxxxxxxxxxxxxxxxx,3.0,3.0,,2.5,152.31,True,24,0.0,0.0,False,xxxxxxxxxxxxxxxxxxxxxxxx,0.1,28,28,False,False,False,False,False,False,False,False,False,False,False,False,False,False,False,False,-1,False,unlabelled_window_x,unlabelled_window_x,False,xxxxxxx,0.2691982528507171,0.0,0.0
0.8046729098248617,0.4861765288624349,0.999663523601789,0.0,False,xxxxxxxxxxxxxxxxxxxxxxxxxx,0.0,0.3255111004315132,False,10.599999999999994,1.0,False,1111111111111111111111111111,10.0,3.0,,2.5,161.38,True,24,1.0,1.0,False,111111111111111111111111,0.1,0,28,False,False,False,False,False,False,False,False,False,False,False,False,False,False,False,False,-1,False,stuck_high,stuck_high,False,xxxxxxx,0.325538253050311,0.0,0.0
0.5824152505671218,0.4653779703726515,0.9775444538886876,0.0,True,xxxxxxxxxxxxxxxxxxxxxxxxxx,0.0,0.1226948456638142,False,10.599999999999994,0.0,False,xxxxxxxxxxxxxxxxxxxxxxxxxxxx,10.0,3.0,,2.5,151.83,True,24,0.0,0.0,False,xxxxxxxxxxxxxxxxxxxxxxxx,0.1,28,28,False,False,False,False,False,False,False,False,False,False,False,False,False,False,False,False,-1,False,unlabelled_window_x,unlabelled_window_x,False,xxxxxxx,0.122717713711326,0.0,0.0
0.8337009844273255,0.3115161414438139,0.999149447854206,0.0,False,11111111111111111111111111,1.0,0.5288972845532465,False,10.599999999999994,1.0,False,1111111111111111111111111111,30.0,3.0,,2.5,184.95,True,24,1.0,1.0,False,111111111111111111111111,0.1,0,28,False,False,False,False,False,False,False,False,False,False,False,False,False,False,False,False,-1,False,stuck_high,stuck_high,False,1111111,0.5288911165549279,0.0,1.0
0.6332427460596112,0.3090838970150849,0.964428299191676,0.0,True,xxxxxxxxxxxxxxxxxxxxxxxxxx,0.0,0.3322065461477451,False,10.599999999999994,0.0,False,xxxxxxxxxxxxxxxxxxxxxxxxxxxx,30.0,3.0,,2.5,169.83,True,24,0.0,0.0,False,xxxxxxxxxxxxxxxxxxxxxxxx,0.1,28,28,False,False,False,False,False,False,False,False,False,False,False,False,False,False,False,False,-1,False,unlabelled_window_x,unlabelled_window_x,False,xxxxxxx,0.3321963993501717,0.0,0.0
0.8158252566639065,0.3194701458990811,0.9994465082961674,0.0,False,xxxxxxxxxxxxxxxxxxxxxxxxxx,0.0,0.4638472683346339,False,10.599999999999994,1.0,False,1111111111111111111111111111,1.0,0.1,,5.0,158.58,True,24,1.0,1.0,False,111111111111111111111111,0.1,0,28,False,False,False,False,False,False,False,False,False,False,False,False,False,False,False,False,-1,False,stuck_high,stuck_high,False,xxxxxxx,0.4639269854255156,0.0,0.0
0.5884473144911819,0.2778853496578827,0.9779768786817552,0.0,True,xxxxxxxxxxxxxxxxxxxxxxxxxx,0.0,0.323743970592342,False,10.599999999999994,0.0,False,xxxxxxxxxxxxxxxxxxxxxxxxxxxx,1.0,0.1,,5.0,159.25,True,24,0.0,0.0,False,xxxxxxxxxxxxxxxxxxxxxxxx,0.1,28,28,False,False,False,False,False,False,False,False,False,False,False,False,False,False,False,False,-1,False,unlabelled_window_x,unlabelled_window_x,False,xxxxxxx,0.323742857365431,0.0,0.0
0.8729866785985325,0.274573046901118,0.9991192125592896,0.0,False,1xxxxxxxxxxxxxxxxxxxxxxxxx,0.0384615384615384,0.5950764911017835,False,10.599999999999994,0.8,False,1111111111111111111111111111,3.0,0.1,,5.0,159.32,True,24,1.0,1.0,False,111111111111111111111111,0.1,0,28,False,False,False,False,False,False,False,False,False,False,False,False,False,False,False,False,-1,False,stuck_high,stuck_high,False,1xxxxxx,0.5952198301679377,0.0,0.1428571428571428
0.6386617730078564,0.2313893601663819,0.9732418943879516,0.0,True,xxxxxxxxxxxxxxxxxxxxxxxxxx,0.0,0.4133141844127387,False,10.599999999999994,0.0,False,xxxxxxxxxxxxxxxxxxxxxxxxxxxx,3.0,0.1,,5.0,159.9,True,24,0.0,0.0,False,xxxxxxxxxxxxxxxxxxxxxxxx,0.1,28,28,False,False,False,False,False,False,False,False,False,False,False,False,False,False,False,False,-1,False,unlabelled_window_x,unlabelled_window_x,False,xxxxxxx,0.4132975495823423,0.0,0.0
0.9162249890704426,0.2906375801430638,0.9986054475351872,0.0,False,xxxxxxxxxxxxxxxxxxxxxxxxxx,0.0,0.6278491828538386,False,10.599999999999994,0.6923076923076923,False,1x1xxxxxxxxx1xxxxxxxxxx1xxx1,10.0,0.1,,5.0,158.7,True,24,0.7846153846153846,0.7846153846153846,False,xxxxxxxx1xxxxxxxxxx1xxx1,0.1,23,28,False,False,False,False,False,False,False,False,False,False,False,False,False,False,False,False,-1,False,unlabelled_window_x,unlabelled_window_x,False,xxxxxxx,0.6278364220542684,0.0,0.0
0.7044866910569724,0.2221048131753149,0.965866244163194,0.0,True,xxxxxxxxxxxxxxxxxxxxxxxxxx,0.0,0.4880990411723631,False,10.599999999999994,0.0,False,xxxxxxxxxxxxxxxxxxxxxxxxxxxx,10.0,0.1,,5.0,158.81,True,24,0.0,0.0,False,xxxxxxxxxxxxxxxxxxxxxxxx,0.1,28,28,False,False,False,False,False,False,False,False,False,False,False,False,False,False,False,False,-1,False,unlabelled_window_x,unlabelled_window_x,False,xxxxxxx,0.4881160580581188,0.0,0.0
0.931715964019904,0.2933239913744589,0.998232724596374,0.0,False,xxxxxxxxxxxxxxxxxxxxxxxxxx,0.0,0.6406049915496845,False,10.599999999999994,0.6615384615384615,False,1xxxxxxxxxxxxxxxxxxxxxxxxxxx,30.0,0.1,,5.0,157.46,True,24,0.7076923076923077,0.6923076923076923,False,xxxxxxxxxxxxxxxxxxxxxxxx,0.1,27,28,False,False,False,False,False,False,False,False,False,False,False,False,False,False,False,False,-1,False,unlabelled_window_x,unlabelled_window_x,False,xxxxxxx,0.6405835520799621,0.0,0.0
0.722100507986806,0.2213207441565102,0.9598741482519983,0.0,True,xxxxxxxxxxxxxxxxxxxxxxxxxx,0.0,0.5065519285657899,False,10.599999999999994,0.0,False,xxxxxxxxxxxxxxxxxxxxxxxxxxxx,30.0,0.1,,5.0,157.31,True,24,0.0,0.0,False,xxxxxxxxxxxxxxxxxxxxxxxx,0.1,28,28,False,False,False,False,False,False,False,False,False,False,False,False,False,False,False,False,-1,False,unlabelled_window_x,unlabelled_window_x,False,xxxxxxx,0.5065523674686716,0.0,0.0
0.7802662602560658,0.4716812912519422,0.999657089760998,0.0,False,xxxxxxxxxxxxxxxxxxxxxxxxxx,0.0,0.3152888179210257,False,10.599999999999994,1.0,False,1111111111111111111111111111,1.0,0.3,,5.0,156.88,True,24,1.0,1.0,False,111111111111111111111111,0.1,0,28,False,False,False,False,False,False,False,False,False,False,False,False,False,False,False,False,-1,False,stuck_high,stuck_high,False,xxxxxxx,0.3152861443827351,0.0,0.0
0.6150991296182117,0.3625128331118832,0.9805974977210824,0.0,True,xxxxxxxxxxxxxxxxxxxxxxxxxx,0.0,0.2667822682173225,False,10.599999999999994,0.0,False,xxxxxxxxxxxxxxxxxxxxxxxxxxxx,1.0,0.3,,5.0,159.47,True,24,0.0,0.0,False,xxxxxxxxxxxxxxxxxxxxxxxx,0.1,28,28,False,False,False,False,False,False,False,False,False,False,False,False,False,False,False,False,-1,False,unlabelled_window_x,unlabelled_window_x,False,xxxxxxx,0.2667982220799107,0.0,0.0
0.8079797507006348,0.2940739130759212,0.9993919112484718,0.0,False,xxxxxxxxxxxxxxxxxxxxxxxxxx,0.0,0.5019694016797995,False,10.599999999999994,1.0,False,1111111111111111111111111111,3.0,0.3,,5.0,158.54,True,24,1.0,1.0,False,111111111111111111111111,0.1,0,28,False,False,False,False,False,False,False,False,False,False,False,False,False,False,False,False,-1,False,stuck_high,stuck_high,False,xxxxxxx,0.5020813713872712,0.0,0.0
0.6007817144969879,0.2798210337140308,0.9759356116792274,0.0,True,xxxxxxxxxxxxxxxxxxxxxxxxxx,0.0,0.3281910981419211,False,10.599999999999994,0.0,False,xxxxxxxxxxxxxxxxxxxxxxxxxxxx,3.0,0.3,,5.0,159.63,True,24,0.0,0.0,False,xxxxxxxxxxxxxxxxxxxxxxxx,0.1,28,28,False,False,False,False,False,False,False,False,False,False,False,False,False,False,False,False,-1,False,unlabelled_window_x,unlabelled_window_x,False,xxxxxxx,0.3282064660670947,0.0,0.0
0.8716142770465749,0.2808433478975986,0.9988731479509998,0.0,False,xxxxxxxxxxxxxxxxxxxxxxxxxx,0.0,0.5941230683233125,False,10.599999999999994,0.8769230769230769,False,1111111111111111111111111111,10.0,0.3,,5.0,156.0,True,24,1.0,1.0,False,111111111111111111111111,0.1,0,28,False,False,False,False,False,False,False,False,False,False,False,False,False,False,False,False,-1,False,stuck_high,stuck_high,False,xxxxxxx,0.5940804420933404,0.0,0.0
0.6838299438485536,0.2342513501429355,0.9676346537618258,0.0,True,xxxxxxxxxxxxxxxxxxxxxxxxxx,0.0,0.4558271443158682,False,10.599999999999994,0.0,False,xxxxxxxxxxxxxxxxxxxxxxxxxxxx,10.0,0.3,,5.0,159.32,True,24,0.0,0.0,False,xxxxxxxxxxxxxxxxxxxxxxxx,0.1,28,28,False,False,False,False,False,False,False,False,False,False,False,False,False,False,False,False,-1,False,unlabelled_window_x,unlabelled_window_x,False,xxxxxxx,0.455826429959933,0.0,0.0
0.9134635081278132,0.2925935703564148,0.9983913666562,0.0,False,xxxxxxxxxxxxxxxxxxxxxxxxxx,0.0,0.6232855096514451,False,10.599999999999994,0.6923076923076923,False,1xxxxxxxxxxxxxxxxxxxxxxxxxxx,30.0,0.3,,5.0,152.56,True,24,0.7692307692307693,0.7538461538461538,False,xxxxxxxxxxxxxxxxxxxxxxxx,0.1,27,28,False,False,False,False,False,False,False,False,False,False,False,False,False,False,False,False,-1,False,unlabelled_window_x,unlabelled_window_x,False,xxxxxxx,0.623285062200694,0.0,0.0
0.7142836420770858,0.2253684718718324,0.960870699423921,0.0,True,xxxxxxxxxxxxxxxxxxxxxxxxxx,0.0,0.4948782535264988,False,10.599999999999994,0.0,False,xxxxxxxxxxxxxxxxxxxxxxxxxxxx,30.0,0.3,,5.0,156.33,True,24,0.0,0.0,False,xxxxxxxxxxxxxxxxxxxxxxxx,0.1,28,28,False,False,False,False,False,False,False,False,False,False,False,False,False,False,False,False,-1,False,unlabelled_window_x,unlabelled_window_x,False,xxxxxxx,0.4948609806292061,0.0,0.0
0.9304349374249152,0.628646209084311,0.9998752446255778,0.0,False,xxxxxxxxxxxxxxxxxxxxxxxxxx,0.0,0.3029740227359109,False,10.599999999999994,0.0,False,xxxxxxxxxxxxxxxxxxxxxxxxxxxx,1.0,1.0,,5.0,146.81,True,24,0.0,0.0,False,xxxxxxxxxxxxxxxxxxxxxxxx,0.1,28,28,False,False,False,False,False,False,False,False,False,False,False,False,False,False,False,False,-1,False,unlabelled_window_x,unlabelled_window_x,False,xxxxxxx,0.3029634839566657,0.0,0.0
0.7209804162599721,0.4574305625654165,0.9870025038458788,0.0,True,xxxxxxxxxxxxxxxxxxxxxxxxxx,0.0,0.2701959477137801,False,10.599999999999994,0.0,False,xxxxxxxxxxxxxxxxxxxxxxxxxxxx,1.0,1.0,,5.0,147.85,True,24,0.0,0.0,False,xxxxxxxxxxxxxxxxxxxxxxxx,0.1,28,28,False,False,False,False,False,False,False,False,False,False,False,False,False,False,False,False,-1,False,unlabelled_window_x,unlabelled_window_x,False,xxxxxxx,0.2701902898422346,0.0,0.0
0.8028134181415761,0.4823502348404713,0.9997421353098652,0.0,False,xxxxxxxxxxxxxxxxxxxxxxxxxx,0.0,0.3279421525878,False,10.599999999999994,1.0,False,1111111111111111111111111111,3.0,1.0,,5.0,148.43,True,24,1.0,1.0,False,111111111111111111111111,0.1,0,28,False,False,False,False,False,False,False,False,False,False,False,False,False,False,False,False,-1,False,stuck_high,stuck_high,False,xxxxxxx,0.3279381476031164,0.0,0.0
0.5865050793764844,0.4457881426471679,0.9824030766275236,0.0,True,xxxxxxxxxxxxxxxxxxxxxxxxxx,0.0,0.150899965620699,False,10.599999999999994,0.0,False,xxxxxxxxxxxxxxxxxxxxxxxxxxxx,3.0,1.0,,5.0,148.71,True,24,0.0,0.0,False,xxxxxxxxxxxxxxxxxxxxxxxx,0.1,28,28,False,False,False,False,False,False,False,False,False,False,False,False,False,False,False,False,-1,False,unlabelled_window_x,unlabelled_window_x,False,xxxxxxx,0.1509002515045671,0.0,0.0
0.8169739774993543,0.2832405067515918,0.999365907419134,0.0,False,11111111111111111111111111,1.0,0.5379807368357126,False,10.599999999999994,1.0,False,1111111111111111111111111111,10.0,1.0,,5.0,146.81,True,24,1.0,1.0,False,111111111111111111111111,0.1,0,28,False,False,False,False,False,False,False,False,False,False,False,False,False,False,False,False,-1,False,stuck_high,stuck_high,False,1111111,0.5379807671719705,0.0,1.0
0.6328377206227541,0.2866543260113734,0.9734902343880166,0.0,True,xxxxxxxxxxxxxxxxxxxxxxxxxx,0.0,0.3540184869182798,False,10.599999999999994,0.0,False,xxxxxxxxxxxxxxxxxxxxxxxxxxxx,10.0,1.0,,5.0,148.41,True,24,0.0,0.0,False,xxxxxxxxxxxxxxxxxxxxxxxx,0.1,28,28,False,False,False,False,False,False,False,False,False,False,False,False,False,False,False,False,-1,False,unlabelled_window_x,unlabelled_window_x,False,xxxxxxx,0.3540143340690132,0.0,0.0
0.8668249020666831,0.2805669989448883,0.9988143217300752,0.0,False,xxxxxxxxxxxxxxxxxxxxxxxxxx,0.0,0.5900519425569528,False,10.599999999999994,1.0,False,1111111111111111111111111111,30.0,1.0,,5.0,157.33,True,24,1.0,1.0,False,111111111111111111111111,0.1,0,28,False,False,False,False,False,False,False,False,False,False,False,False,False,False,False,False,-1,False,stuck_high,stuck_high,False,xxxxxxx,0.5900649824493495,0.0,0.0
0.6906214883954648,0.2401516602020761,0.964880726195868,0.0,True,xxxxxxxxxxxxxxxxxxxxxxxxxx,0.0,0.4569684905302136,False,10.599999999999994,0.0,False,xxxxxxxxxxxxxxxxxxxxxxxxxxxx,30.0,1.0,,5.0,156.36,True,24,0.0,0.0,False,xxxxxxxxxxxxxxxxxxxxxxxx,0.1,28,28,False,False,False,False,False,False,False,False,False,False,False,False,False,False,False,False,-1,False,unlabelled_window_x,unlabelled_window_x,False,xxxxxxx,0.4569460252933466,0.0,0.0
0.9922586201789886,0.5778571422345813,0.9999618368794124,0.0,False,xxxxxxxxxxxxxxxxxxxxxxxxxx,0.0,0.4146337164958034,False,10.599999999999994,0.0,False,xxxxxxxxxxxxxxxxxxxxxxxxxxxx,1.0,3.0,,5.0,151.66,True,24,0.0,0.0,False,xxxxxxxxxxxxxxxxxxxxxxxx,0.1,28,28,False,False,False,False,False,False,False,False,False,False,False,False,False,False,False,False,-1,False,unlabelled_window_x,unlabelled_window_x,False,xxxxxxx,0.4146367535401437,0.0,0.0
0.8974095134818935,0.4218607553428087,0.9936276281965424,0.0,True,xxxxxxxxxxxxxxxxxxxxxxxxxx,0.0,0.4815864644182987,False,10.599999999999994,0.0,False,xxxxxxxxxxxxxxxxxxxxxxxxxxxx,1.0,3.0,,5.0,150.52,True,24,0.0,0.0,False,xxxxxxxxxxxxxxxxxxxxxxxx,0.1,28,28,False,False,False,False,False,False,False,False,False,False,False,False,False,False,False,False,-1,False,unlabelled_window_x,unlabelled_window_x,False,xxxxxxx,0.4815985841453362,0.0,0.0
0.9538645118889458,0.636830060562274,0.9999153863599424,0.0,False,xxxxxxxxxxxxxxxxxxxxxxxxxx,0.0,0.3177778764143626,False,10.599999999999994,0.0,False,xxxxxxxxxxxxxxxxxxxxxxxxxxxx,3.0,3.0,,5.0,149.78,True,24,0.0,0.0,False,xxxxxxxxxxxxxxxxxxxxxxxx,0.1,28,28,False,False,False,False,False,False,False,False,False,False,False,False,False,False,False,False,-1,False,unlabelled_window_x,unlabelled_window_x,False,xxxxxxx,0.3177838706900001,0.0,0.0
0.772052734269257,0.4792807385908645,0.9906019064942658,0.0,True,xxxxxxxxxxxxxxxxxxxxxxxxxx,0.0,0.2977091631557803,False,10.599999999999994,0.0,False,xxxxxxxxxxxxxxxxxxxxxxxxxxxx,3.0,3.0,,5.0,149.89,True,24,0.0,0.0,False,xxxxxxxxxxxxxxxxxxxxxxxx,0.1,28,28,False,False,False,False,False,False,False,False,False,False,False,False,False,False,False,False,-1,False,unlabelled_window_x,unlabelled_window_x,False,xxxxxxx,0.2977060097337698,0.0,0.0
0.8264066704781914,0.4413079638876652,0.9997484453433918,0.0,False,xxxxxxxxxxxxxxxxxxxxxxxxxx,0.0,0.3935371951375102,False,10.599999999999994,1.0,False,1111111111111111111111111111,10.0,3.0,,5.0,161.11,True,24,1.0,1.0,False,111111111111111111111111,0.1,0,28,False,False,False,False,False,False,False,False,False,False,False,False,False,False,False,False,-1,False,stuck_high,stuck_high,False,xxxxxxx,0.393524377306901,0.0,0.0
0.5878824104960054,0.4619974193033975,0.9829958103402732,0.0,True,xxxxxxxxxxxxxxxxxxxxxxxxxx,0.0,0.13042810709256,False,10.599999999999994,0.0,False,xxxxxxxxxxxxxxxxxxxxxxxxxxxx,10.0,3.0,,5.0,152.23,True,24,0.0,0.0,False,xxxxxxxxxxxxxxxxxxxxxxxx,0.1,28,28,False,False,False,False,False,False,False,False,False,False,False,False,False,False,False,False,-1,False,unlabelled_window_x,unlabelled_window_x,False,xxxxxxx,0.1303993482805571,0.0,0.0
0.823838265407815,0.2817132296150724,0.999358927305605,0.0,False,11111111111111111111111111,1.0,0.5481507821686131,False,10.599999999999994,1.0,False,1111111111111111111111111111,30.0,3.0,,5.0,181.97,True,24,1.0,1.0,False,111111111111111111111111,0.1,0,28,False,False,False,False,False,False,False,False,False,False,False,False,False,False,False,False,-1,False,stuck_high,stuck_high,False,1111111,0.5481132812507006,0.0,1.0
0.6418333562303677,0.2910943544994744,0.9725994376057792,0.0,True,xxxxxxxxxxxxxxxxxxxxxxxxxx,0.0,0.3586562046545029,False,10.599999999999994,0.0,False,xxxxxxxxxxxxxxxxxxxxxxxxxxxx,30.0,3.0,,5.0,166.5,True,24,0.0,0.0,False,xxxxxxxxxxxxxxxxxxxxxxxx,0.1,28,28,False,False,False,False,False,False,False,False,False,False,False,False,False,False,False,False,-1,False,unlabelled_window_x,unlabelled_window_x,False,xxxxxxx,0.3586274695277712,0.0,0.0
0.8104388731702503,0.3316906978347724,0.9996493804655172,0.0,False,xxxxxxxxxxxxxxxxxxxxxxxxxx,0.0,0.4642258818808131,False,10.599999999999994,1.0,False,1111111111111111111111111111,1.0,0.1,,10.0,153.25,True,24,1.0,1.0,False,111111111111111111111111,0.1,0,28,False,False,False,False,False,False,False,False,False,False,False,False,False,False,False,False,-1,False,stuck_high,stuck_high,False,xxxxxxx,0.4642258472596799,0.0,0.0
0.5871513110751749,0.2650031910434277,0.9849882024755028,0.0,True,xxxxxxxxxxxxxxxxxxxxxxxxxx,0.0,0.3310122461080402,False,10.599999999999994,0.0,False,xxxxxxxxxxxxxxxxxxxxxxxxxxxx,1.0,0.1,,10.0,153.28,True,24,0.0,0.0,False,xxxxxxxxxxxxxxxxxxxxxxxx,0.1,28,28,False,False,False,False,False,False,False,False,False,False,False,False,False,False,False,False,-1,False,unlabelled_window_x,unlabelled_window_x,False,xxxxxxx,0.3310452901739976,0.0,0.0
0.9081791362771834,0.2580742087792225,0.9994349887191464,0.0,False,x1xxxxxxxxxxxxxxxxxxxxxxxx,0.0384615384615384,0.6238805787634696,False,10.599999999999994,0.8307692307692308,False,1111111111111111111111111111,3.0,0.1,,10.0,153.86,True,24,1.0,0.9692307692307692,False,111111111111111111111111,0.1,0,28,False,False,False,False,False,False,False,False,False,False,False,False,False,False,False,False,-1,False,stuck_high,stuck_high,False,x1xxxxx,0.6242164724066753,0.0,0.1428571428571428
0.6566496660862186,0.2046661484484303,0.9815218829381408,0.0,True,xxxxxxxxxxxxxxxxxxxxxxxxxx,0.0,0.4570316867654523,False,10.599999999999994,0.0,False,xxxxxxxxxxxxxxxxxxxxxxxxxxxx,3.0,0.1,,10.0,154.56,True,24,0.0,0.0,False,xxxxxxxxxxxxxxxxxxxxxxxx,0.1,28,28,False,False,False,False,False,False,False,False,False,False,False,False,False,False,False,False,-1,False,unlabelled_window_x,unlabelled_window_x,False,xxxxxxx,0.4570292582970083,0.0,0.0
0.9414839025274656,0.2531612304544853,0.999102429665105,0.0,False,1x111111111111111111111111,0.9615384615384616,0.679763080819809,False,10.599999999999994,0.7538461538461538,False,11x1111111111111111111111111,10.0,0.1,,10.0,152.21,True,24,0.8,0.8,False,111111111111111111111111,0.1,1,28,False,False,False,False,False,False,False,False,False,False,False,False,False,False,False,False,-1,False,unlabelled_window_x,stuck_high,False,1x11111,0.6797778699231318,0.0,0.8571428571428571
0.7245305482917709,0.1956311803503393,0.975809260440687,0.0,True,xxxxxxxxxxxxxxxxxxxxxxxxxx,0.0,0.5339820913160949,False,10.599999999999994,0.0,False,xxxxxxxxxxxxxxxxxxxxxxxxxxxx,10.0,0.1,,10.0,153.88,True,24,0.2,0.1846153846153846,False,xxxxxxxxxxxxxxxxxxxxxxxx,0.1,28,28,False,False,False,False,False,False,False,False,False,False,False,False,False,False,False,False,-1,False,unlabelled_window_x,unlabelled_window_x,False,xxxxxxx,0.5339937396948308,0.0,0.0
0.9500029869758362,0.2478402893668025,0.9988641537430044,0.0,False,1xx11xx11x111x11xx11x111x1,0.6153846153846154,0.7021637151151525,False,10.599999999999994,0.7384615384615385,False,11xxxxxxxxxxxxxxxxxxxxxxxxxx,30.0,0.1,,10.0,155.28,True,24,0.7384615384615385,0.7384615384615385,False,xxxxxxxxxxxxxxxxxxxxxxxx,0.1,26,28,False,False,False,False,False,False,False,False,False,False,False,False,False,False,False,False,-1,False,unlabelled_window_x,unlabelled_window_x,False,1xx11xx,0.7021749349733832,0.0,0.4285714285714285
0.7433916669798971,0.1965273168321252,0.9715466333677552,0.0,True,xxxxxxxxxxxxxxxxxxxxxxxxxx,0.0,0.5519823852517389,False,10.599999999999994,0.0,False,xxxxxxxxxxxxxxxxxxxxxxxxxxxx,30.0,0.1,,10.0,156.61,True,24,0.2461538461538461,0.2461538461538461,False,xxxxxxxxxxxxxxxxxxxxxxxx,0.1,28,28,False,False,False,False,False,False,False,False,False,False,False,False,False,False,False,False,-1,False,unlabelled_window_x,unlabelled_window_x,False,xxxxxxx,0.5519822031191691,0.0,0.0
0.8075024420572995,0.5264119421505937,0.9997886825243268,0.0,False,xxxxxxxxxxxxxxxxxxxxxxxxxx,0.0,0.2841798668946103,False,10.599999999999994,0.0,False,xx1xxxxxxxxxxxxxxxxxxxxxxxxx,1.0,0.3,,10.0,153.17,True,24,0.3538461538461538,0.2615384615384615,False,xxxxxxxxxxxxxxxxxxxxxxxx,0.1,27,28,False,False,False,False,False,False,False,False,False,False,False,False,False,False,False,False,-1,False,unlabelled_window_x,unlabelled_window_x,False,xxxxxxx,0.2840773580855688,0.0,0.0
0.6114455454179986,0.3551731090906182,0.9869020620944536,0.0,True,xxxxxxxxxxxxxxxxxxxxxxxxxx,0.0,0.2672033653493241,False,10.599999999999994,0.0,False,xxxxxxxxxxxxxxxxxxxxxxxxxxxx,1.0,0.3,,10.0,154.7,True,24,0.0,0.0,False,xxxxxxxxxxxxxxxxxxxxxxxx,0.1,28,28,False,False,False,False,False,False,False,False,False,False,False,False,False,False,False,False,-1,False,unlabelled_window_x,unlabelled_window_x,False,xxxxxxx,0.2672038270609418,0.0,0.0
0.8498984955011406,0.3168734829766156,0.9996164101811216,0.0,False,1xxxxxxxxxxxxxxxxxxxxxxxxx,0.0384615384615384,0.4721098589521046,False,10.599999999999994,0.6307692307692307,False,1x11111111111111111111111111,3.0,0.3,,10.0,152.99,True,24,1.0,1.0,False,111111111111111111111111,0.1,1,28,False,False,False,False,False,False,False,False,False,False,False,False,False,False,False,False,-1,False,unlabelled_window_x,stuck_high,False,1xxxxxx,0.4793303073725196,0.0,0.1428571428571428
0.6241146273829127,0.2496908249844183,0.9832961172978288,0.0,True,xxxxxxxxxxxxxxxxxxxxxxxxxx,0.0,0.3807529571336545,False,10.599999999999994,0.0,False,xxxxxxxxxxxxxxxxxxxxxxxxxxxx,3.0,0.3,,10.0,155.12,True,24,0.0,0.0,False,xxxxxxxxxxxxxxxxxxxxxxxx,0.1,28,28,False,False,False,False,False,False,False,False,False,False,False,False,False,False,False,False,-1,False,unlabelled_window_x,unlabelled_window_x,False,xxxxxxx,0.3807496330042548,0.0,0.0
0.9024317586657534,0.2608356821763243,0.9992794459855254,0.0,False,xxxxxxxxxxxxxxxxxxxxxxxxxx,0.0,0.6157344547426302,False,10.599999999999994,0.7846153846153846,False,1x11111111111111111111111111,10.0,0.3,,10.0,153.46,True,24,1.0,1.0,False,111111111111111111111111,0.1,1,28,False,False,False,False,False,False,False,False,False,False,False,False,False,False,False,False,-1,False,unlabelled_window_x,stuck_high,False,xxxxxxx,0.6149420033724451,0.0,0.0
0.7067828949013718,0.2052470336237174,0.977412848725009,0.0,True,xxxxxxxxxxxxxxxxxxxxxxxxxx,0.0,0.5071588704548184,False,10.599999999999994,0.0,False,xxxxxxxxxxxxxxxxxxxxxxxxxxxx,10.0,0.3,,10.0,155.66,True,24,0.0,0.0,False,xxxxxxxxxxxxxxxxxxxxxxxx,0.1,28,28,False,False,False,False,False,False,False,False,False,False,False,False,False,False,False,False,-1,False,unlabelled_window_x,unlabelled_window_x,False,xxxxxxx,0.5071452914537944,0.0,0.0
0.9306592341487034,0.2584497044458346,0.9989756462957426,0.0,False,xxxxxxxxxxxxxxxxxxxxxxxxxx,0.0,0.6694197745006408,False,10.599999999999994,0.7230769230769231,False,11x1xxxxxxxxxxxxxxxxxxxxxxxx,30.0,0.3,,10.0,155.04,True,24,0.7846153846153846,0.7692307692307693,False,xxxxxxxxxxxxxxxxxxxxxxxx,0.1,25,28,False,False,False,False,False,False,False,False,False,False,False,False,False,False,False,False,-1,False,unlabelled_window_x,unlabelled_window_x,False,xxxxxxx,0.6693809368537074,0.0,0.0
0.73651753438815,0.1992802492527047,0.9725014047213304,0.0,True,xxxxxxxxxxxxxxxxxxxxxxxxxx,0.0,0.542613096757066,False,10.599999999999994,0.0,False,xxxxxxxxxxxxxxxxxxxxxxxxxxxx,30.0,0.3,,10.0,157.95,True,24,0.2307692307692307,0.2153846153846154,False,xxxxxxxxxxxxxxxxxxxxxxxx,0.1,28,28,False,False,False,False,False,False,False,False,False,False,False,False,False,False,False,False,-1,False,unlabelled_window_x,unlabelled_window_x,False,xxxxxxx,0.5425972484848796,0.0,0.0
0.9186879506508134,0.6339544080660143,0.9999254341169894,0.0,False,xxxxxxxxxxxxxxxxxxxxxxxxxx,0.0,0.2792572702712375,False,10.599999999999994,0.0,False,xxxxxxxxxxxxxxxxxxxxxxxxxxxx,1.0,1.0,,10.0,156.98,True,24,0.0153846153846153,0.0153846153846153,False,xxxxxxxxxxxxxxxxxxxxxxxx,0.1,28,28,False,False,False,False,False,False,False,False,False,False,False,False,False,False,False,False,-1,False,unlabelled_window_x,unlabelled_window_x,False,xxxxxxx,0.2793048631935217,0.0,0.0
0.7503971208346608,0.4519192812124162,0.991413344272748,0.0,True,xxxxxxxxxxxxxxxxxxxxxxxxxx,0.0,0.3037333529041288,False,10.599999999999994,0.0,False,xxxxxxxxxxxxxxxxxxxxxxxxxxxx,1.0,1.0,,10.0,157.43,True,24,0.0,0.0,False,xxxxxxxxxxxxxxxxxxxxxxxx,0.1,28,28,False,False,False,False,False,False,False,False,False,False,False,False,False,False,False,False,-1,False,unlabelled_window_x,unlabelled_window_x,False,xxxxxxx,0.3037355203469529,0.0,0.0
0.793331018994821,0.5409600454854346,0.9998424236966936,0.0,False,xxxxxxxxxxxxxxxxxxxxxxxxxx,0.0,0.2551642360997398,False,10.599999999999994,0.7936507936507936,False,x111111111111111111111111111,3.0,1.0,,10.0,159.18,True,24,1.0,1.0,False,111111111111111111111111,0.1,1,28,False,False,False,False,False,False,False,False,False,False,False,False,False,False,False,False,-1,False,unlabelled_window_x,stuck_high,False,xxxxxxx,0.2552461496595363,0.0,0.0
0.5847950746704896,0.4351959928758565,0.9881562117961876,0.0,True,xxxxxxxxxxxxxxxxxxxxxxxxxx,0.0,0.1562410540505464,False,10.599999999999994,0.0,False,xxxxxxxxxxxxxxxxxxxxxxxxxxxx,3.0,1.0,,10.0,158.61,True,24,0.0,0.0,False,xxxxxxxxxxxxxxxxxxxxxxxx,0.1,28,28,False,False,False,False,False,False,False,False,False,False,False,False,False,False,False,False,-1,False,unlabelled_window_x,unlabelled_window_x,False,xxxxxxx,0.1562472562922435,0.0,0.0
0.8476166827280663,0.2939465283120548,0.9996032100583626,0.0,False,1x1xxxxxxxxxxxxxxxxxxxxxxx,0.0769230769230769,0.517296431359707,False,10.599999999999994,0.4923076923076923,False,1x11111111111111111111111111,10.0,1.0,,10.0,157.82,True,24,1.0,1.0,False,111111111111111111111111,0.1,1,28,False,False,False,False,False,False,False,False,False,False,False,False,False,False,False,False,-1,False,unlabelled_window_x,stuck_high,False,1x1xxxx,0.5237513671625036,0.0,0.2857142857142857
0.6589024229694096,0.2511655279455524,0.981655581690848,0.0,True,xxxxxxxxxxxxxxxxxxxxxxxxxx,0.0,0.4147402886675553,False,10.599999999999994,0.0,False,xxxxxxxxxxxxxxxxxxxxxxxxxxxx,10.0,1.0,,10.0,159.18,True,24,0.0,0.0,False,xxxxxxxxxxxxxxxxxxxxxxxx,0.1,28,28,False,False,False,False,False,False,False,False,False,False,False,False,False,False,False,False,-1,False,unlabelled_window_x,unlabelled_window_x,False,xxxxxxx,0.4146957918911311,0.0,0.0
0.8921353282177402,0.2585863817174349,0.9992457858187064,0.0,False,1x1xxxxxxxxxxxxxxxxxxxxxxx,0.0769230769230769,0.6056994840558975,False,10.599999999999994,0.7076923076923077,False,1x11111111111111111111111111,30.0,1.0,,10.0,170.11,True,24,1.0,1.0,False,111111111111111111111111,0.1,1,28,False,False,False,False,False,False,False,False,False,False,False,False,False,False,False,False,-1,False,unlabelled_window_x,stuck_high,False,1x1xxxx,0.6086066358817878,0.0,0.2857142857142857
0.7154214532186605,0.2102957511580152,0.9751757263569436,0.0,True,xxxxxxxxxxxxxxxxxxxxxxxxxx,0.0,0.5111060103944731,False,10.599999999999994,0.0,False,xxxxxxxxxxxxxxxxxxxxxxxxxxxx,30.0,1.0,,10.0,167.79,True,24,0.0461538461538461,0.0461538461538461,False,xxxxxxxxxxxxxxxxxxxxxxxx,0.1,28,28,False,False,False,False,False,False,False,False,False,False,False,False,False,False,False,False,-1,False,unlabelled_window_x,unlabelled_window_x,False,xxxxxxx,0.5111103380596922,0.0,0.0
0.9877630716303164,0.597130091810444,0.9999778161435172,0.0,False,xxxxxxxxxxxxxxxxxxxxxxxxxx,0.0,0.3634626533247968,False,10.599999999999994,0.0,False,xxxxxxxxxxxxxxxxxxxxxxxxxxxx,1.0,3.0,,10.0,161.71,True,24,0.0615384615384615,0.0461538461538461,False,xxxxxxxxxxxxxxxxxxxxxxxx,0.1,28,28,False,False,False,False,False,False,False,False,False,False,False,False,False,False,False,False,-1,False,unlabelled_window_x,unlabelled_window_x,False,xxxxxxx,0.3635813209771646,0.0,0.0
0.9309162833717948,0.3926095861537084,0.9959733031465544,0.0,True,xxxxxxxxxxxxxxxxxxxxxxxxxx,0.0,0.5432695855662126,False,10.599999999999994,0.0,False,xxxxxxxxxxxxxxxxxxxxxxxxxxxx,1.0,3.0,,10.0,159.97,True,24,0.0,0.0,False,xxxxxxxxxxxxxxxxxxxxxxxx,0.1,28,28,False,False,False,False,False,False,False,False,False,False,False,False,False,False,False,False,-1,False,unlabelled_window_x,unlabelled_window_x,False,xxxxxxx,0.543263311598422,0.0,0.0
0.9387220989515624,0.628153831194825,0.9999498697033448,0.0,False,xxxxxxxxxxxxxxxxxxxxxxxxxx,0.0,0.285884190086959,False,10.599999999999994,0.0,False,xxxxxxxxxxxxxxxxxxxxxxxxxxxx,3.0,3.0,,10.0,160.02,True,24,0.1384615384615384,0.123076923076923,False,xxxxxxxxxxxxxxxxxxxxxxxx,0.1,28,28,False,False,False,False,False,False,False,False,False,False,False,False,False,False,False,False,-1,False,unlabelled_window_x,unlabelled_window_x,False,xxxxxxx,0.2858972236753569,0.0,0.0
0.817622059521298,0.4582376438221303,0.9938842209855364,0.0,True,xxxxxxxxxxxxxxxxxxxxxxxxxx,0.0,0.3643566906084205,False,10.599999999999994,0.0,False,xxxxxxxxxxxxxxxxxxxxxxxxxxxx,3.0,3.0,,10.0,160.04,True,24,0.0,0.0,False,xxxxxxxxxxxxxxxxxxxxxxxx,0.1,28,28,False,False,False,False,False,False,False,False,False,False,False,False,False,False,False,False,-1,False,unlabelled_window_x,unlabelled_window_x,False,xxxxxxx,0.3643623479040449,0.0,0.0
0.8249118696696738,0.4849272695085613,0.9998470108969676,0.0,False,xxxxxxxxxxxxxxxxxxxxxxxxxx,0.0,0.3450529304081684,False,10.599999999999994,0.8888888888888888,False,1111111111111111111111111111,10.0,3.0,,10.0,173.97,True,24,1.0,1.0,False,111111111111111111111111,0.1,0,28,False,False,False,False,False,False,False,False,False,False,False,False,False,False,False,False,-1,False,stuck_high,stuck_high,False,xxxxxxx,0.3450801563379518,0.0,0.0
0.6006142653658009,0.4444694116913918,0.988520399788813,0.0,True,xxxxxxxxxxxxxxxxxxxxxxxxxx,0.0,0.1603701683941634,False,10.599999999999994,0.0,False,xxxxxxxxxxxxxxxxxxxxxxxxxxxx,10.0,3.0,,10.0,162.13,True,24,0.0,0.0,False,xxxxxxxxxxxxxxxxxxxxxxxx,0.1,28,28,False,False,False,False,False,False,False,False,False,False,False,False,False,False,False,False,-1,False,unlabelled_window_x,unlabelled_window_x,False,xxxxxxx,0.1603447466962296,0.0,0.0
0.8441945274232261,0.2854524785875272,0.9996000247238784,0.0,False,1x1xxxxxxxxxxxxxxxxxxxxxxx,0.0769230769230769,0.534149652623443,False,10.599999999999994,0.6153846153846154,False,1x11111111111111111111111111,30.0,3.0,,10.0,202.04,True,24,1.0,1.0,False,111111111111111111111111,0.1,1,28,False,False,False,False,False,False,False,False,False,False,False,False,False,False,False,False,-1,False,unlabelled_window_x,stuck_high,False,1x1xxxx,0.5387451710543608,0.0,0.2857142857142857
0.6682718243793163,0.2540480086969024,0.9807367369313412,0.0,True,xxxxxxxxxxxxxxxxxxxxxxxxxx,0.0,0.4213600483193089,False,10.599999999999994,0.0,False,xxxxxxxxxxxxxxxxxxxxxxxxxxxx,30.0,3.0,,10.0,180.8,True,24,0.0,0.0,False,xxxxxxxxxxxxxxxxxxxxxxxx,0.1,28,28,False,False,False,False,False,False,False,False,False,False,False,False,False,False,False,False,-1,False,unlabelled_window_x,unlabelled_window_x,False,xxxxxxx,0.4213643414373297,0.0,0.0
0.917903106258489,0.2702501936062903,0.9998211570487752,0.0,False,1xx11xxxxxxxxxxxxxxxxxxxxx,0.1153846153846153,0.5417938787701978,False,10.599999999999994,0.1746031746031746,False,x11xx11x11x11x11x11x11x1xx1x,1.0,0.1,,20.0,163.03,True,24,0.8307692307692307,0.2615384615384615,False,x11x11x11x11x11x11x1xx1x,0.1,12,28,False,False,False,False,False,False,False,False,False,False,False,False,False,False,False,False,-1,False,unlabelled_window_x,unlabelled_window_x,False,1xx11xx,0.6234023763473957,0.0,0.4285714285714285
0.6138927145260249,0.2589877166947155,0.9904516061638414,0.0,True,xxxxxxxxxxxxxxxxxxxxxxxxxx,0.0,0.3372771590140212,False,10.599999999999994,0.0,False,xxxxxxxxxxxxxxxxxxxxxxxxxxxx,1.0,0.1,,20.0,164.84,True,24,0.0,0.0,False,xxxxxxxxxxxxxxxxxxxxxxxx,0.1,28,28,False,False,False,False,False,False,False,False,False,False,False,False,False,False,False,False,-1,False,unlabelled_window_x,unlabelled_window_x,False,xxxxxxx,0.3372847269430778,0.0,0.0
0.987278820710224,0.0709208771248007,0.999708901794096,0.0,False,11111111111111111111111111,1.0,0.9188874718438188,False,10.599999999999994,0.9523809523809524,False,1111111111111111111111111111,3.0,0.1,,20.0,166.1,True,24,1.0,1.0,False,111111111111111111111111,0.1,0,28,False,False,False,False,False,False,False,False,False,False,False,False,False,False,False,False,-1,False,stuck_high,stuck_high,False,1111111,0.9169908289157724,0.0,1.0
0.6495872536645251,0.1780925229115525,0.9880075340446652,0.0,True,xxxxxxxxxxxxxxxxxxxxxxxxxx,0.0,0.4708738669496841,False,10.599999999999994,0.0,False,xxxxxxxxxxxxxxxxxxxxxxxxxxxx,3.0,0.1,,20.0,165.77,True,24,0.0,0.0,False,xxxxxxxxxxxxxxxxxxxxxxxx,0.1,28,28,False,False,False,False,False,False,False,False,False,False,False,False,False,False,False,False,-1,False,unlabelled_window_x,unlabelled_window_x,False,xxxxxxx,0.4708648650879708,0.0,0.0
0.99420569009315,0.0580130015628991,0.9995356906883656,0.0,False,11111111111111111111111111,1.0,0.9373566275090136,False,10.599999999999994,1.0,False,1111111111111111111111111111,10.0,0.1,,20.0,164.66,True,24,1.0,1.0,False,111111111111111111111111,0.1,0,28,False,False,False,False,False,False,False,False,False,False,False,False,False,False,False,False,-1,False,stuck_high,stuck_high,False,1111111,0.9374613985898544,0.0,1.0
0.7143144302746395,0.1495173488809738,0.9843137156681968,0.0,True,xxxxxxxxxxxxxxxxxxxxxxxxxx,0.0,0.5681897592563765,False,10.599999999999994,0.4153846153846154,False,xxxxxxxxxxxxxxxxxxxxxxxxxxxx,10.0,0.1,,20.0,165.91,True,24,0.4307692307692308,0.4153846153846154,False,xxxxxxxxxxxxxxxxxxxxxxxx,0.1,28,28,False,False,False,False,False,False,False,False,False,False,False,False,False,False,False,False,-1,False,unlabelled_window_x,unlabelled_window_x,False,xxxxxxx,0.5682021751992888,0.0,0.0
0.9951624442839938,0.0560234771210247,0.9994137010190812,0.0,False,11111111111111111111111111,1.0,0.9402025700885654,False,10.599999999999994,1.0,False,1111111111111111111111111111,30.0,0.1,,20.0,166.31,True,24,1.0,1.0,False,111111111111111111111111,0.1,0,28,False,False,False,False,False,False,False,False,False,False,False,False,False,False,False,False,-1,False,stuck_high,stuck_high,False,1111111,0.9402291038431736,0.0,1.0
0.7369521111858767,0.1463650787350057,0.9815059184914168,0.0,True,xxxxxxxxxxxxxxxxxxxxxxxxxx,0.0,0.5940038436602748,False,10.599999999999994,0.5238095238095238,False,xxxxxxxxxxxxxxxxxxxxxxxxxxxx,30.0,0.1,,20.0,167.73,True,24,0.6,0.5846153846153846,False,xxxxxxxxxxxxxxxxxxxxxxxx,0.1,28,28,False,False,False,False,False,False,False,False,False,False,False,False,False,False,False,False,-1,False,unlabelled_window_x,unlabelled_window_x,False,xxxxxxx,0.5940046781010011,0.0,0.0
0.9023927920206852,0.2099230401535537,0.9998944110707114,0.0,False,x1x1x1x1x1x1x1x1x1x1x1x1x1,0.5,0.5278521241320093,False,10.599999999999994,0.0,False,x1x1x1x1x1x1x1x1x1x1x1x1x1x1,1.0,0.3,,20.0,163.77,True,24,0.6153846153846154,0.0769230769230769,False,x1x1x1x1x1x1x1x1x1x1x1x1,0.1,14,28,False,False,False,False,False,False,False,False,False,False,False,False,False,False,False,False,-1,False,unlabelled_window_x,unlabelled_window_x,False,x1x1x1x,0.4491716201200686,0.0,0.4285714285714285
0.6189784510980524,0.350847004169357,0.991691111454604,0.0,True,xxxxxxxxxxxxxxxxxxxxxxxxxx,0.0,0.2714696871759843,False,10.599999999999994,0.0,False,xxxxxxxxxxxxxxxxxxxxxxxxxxxx,1.0,0.3,,20.0,165.72,True,24,0.0,0.0,False,xxxxxxxxxxxxxxxxxxxxxxxx,0.1,28,28,False,False,False,False,False,False,False,False,False,False,False,False,False,False,False,False,-1,False,unlabelled_window_x,unlabelled_window_x,False,xxxxxxx,0.2712929946066895,0.0,0.0
0.86773349578418,0.293819378530408,0.9998051229132286,0.0,False,x1x1xxxxxxxxxxxxxxxxxxxxxx,0.0769230769230769,0.4535959138853544,False,10.599999999999994,0.0,False,x1x1x1x1x1x1x1x1x1x1x1x1x1x1,3.0,0.3,,20.0,163.56,True,24,0.7692307692307692,0.3384615384615385,False,x1x1x1x1x1x1x1x1x1x1x1x1,0.1,14,28,False,False,False,False,False,False,False,False,False,False,False,False,False,False,False,False,-1,False,unlabelled_window_x,unlabelled_window_x,False,x1x1xxx,0.4327620001751774,0.0,0.2857142857142857
0.6333106197530114,0.2152814881102221,0.989309044260046,0.0,True,xxxxxxxxxxxxxxxxxxxxxxxxxx,0.0,0.4180232115653053,False,10.599999999999994,0.0,False,xxxxxxxxxxxxxxxxxxxxxxxxxxxx,3.0,0.3,,20.0,166.56,True,24,0.0,0.0,False,xxxxxxxxxxxxxxxxxxxxxxxx,0.1,28,28,False,False,False,False,False,False,False,False,False,False,False,False,False,False,False,False,-1,False,unlabelled_window_x,unlabelled_window_x,False,xxxxxxx,0.4180275035122561,0.0,0.0
0.9704332975705396,0.181736000537291,0.9996296942177628,0.0,False,111xxxxxxxxxxxxxxxxxxxxxxx,0.1153846153846153,0.6448000246304849,False,10.599999999999994,0.7230769230769231,False,11111x1111111111111111111111,10.0,0.3,,20.0,164.93,True,24,0.8461538461538461,0.7230769230769231,False,1x1111111111111111111111,0.1,1,28,False,False,False,False,False,False,False,False,False,False,False,False,False,False,False,False,-1,False,unlabelled_window_x,unlabelled_window_x,False,111xxxx,0.6603408523342549,0.0,0.4285714285714285
0.7029673850689366,0.1586023625808824,0.9852434171503032,0.0,True,xxxxxxxxxxxxxxxxxxxxxxxxxx,0.0,0.5482193448589705,False,10.599999999999994,0.1538461538461538,False,xxxxxxxxxxxxxxxxxxxxxxxxxxxx,10.0,0.3,,20.0,165.57,True,24,0.1692307692307692,0.1538461538461538,False,xxxxxxxxxxxxxxxxxxxxxxxx,0.1,28,28,False,False,False,False,False,False,False,False,False,False,False,False,False,False,False,False,-1,False,unlabelled_window_x,unlabelled_window_x,False,xxxxxxx,0.5482201032798459,0.0,0.0
0.9935774051067436,0.0661363904736595,0.9994724989540058,0.0,False,11111111111111111111111111,1.0,0.928342477330697,False,10.599999999999994,1.0,False,1111111111111111111111111111,30.0,0.3,,20.0,161.32,True,24,1.0,1.0,False,111111111111111111111111,0.1,0,28,False,False,False,False,False,False,False,False,False,False,False,False,False,False,False,False,-1,False,stuck_high,stuck_high,False,1111111,0.9302749324705382,0.0,1.0
0.7321451745336167,0.14855671150027,0.982019558818525,0.0,True,xxxxxxxxxxxxxxxxxxxxxxxxxx,0.0,0.5871856533532805,False,10.599999999999994,0.5079365079365079,False,xxxxxxxxxxxxxxxxxxxxxxxxxxxx,30.0,0.3,,20.0,167.37,True,24,0.5846153846153846,0.5846153846153846,False,xxxxxxxxxxxxxxxxxxxxxxxx,0.1,28,28,False,False,False,False,False,False,False,False,False,False,False,False,False,False,False,False,-1,False,unlabelled_window_x,unlabelled_window_x,False,xxxxxxx,0.5871970879265722,0.0,0.0
0.9934619611119124,0.4031372954208542,0.9999652394335782,0.0,False,x1x1x1x1x1x1x1x1x1x1x1x1x1,0.5,0.5005191653548429,False,10.599999999999994,0.0,False,x1x1x1x1x1x1x1x1x1x1x1x1x1x1,1.0,1.0,,20.0,154.87,True,24,0.5,0.0,False,x1x1x1x1x1x1x1x1x1x1x1x1,0.1,14,28,False,False,False,False,False,False,False,False,False,False,False,False,False,False,False,False,-1,False,unlabelled_window_x,unlabelled_window_x,False,x1x1x1x,0.5483830615787453,0.0,0.4285714285714285
0.8381328421699411,0.4072258271640809,0.9946455335079726,0.0,True,xxxxxxxxxxxxxxxxxxxxxxxxxx,0.0,0.4378962685226756,False,10.599999999999994,0.0,False,xxxxxxxxxxxxxxxxxxxxxxxxxxxx,1.0,1.0,,20.0,154.38,True,24,0.0,0.0,False,xxxxxxxxxxxxxxxxxxxxxxxx,0.1,28,28,False,False,False,False,False,False,False,False,False,False,False,False,False,False,False,False,-1,False,unlabelled_window_x,unlabelled_window_x,False,xxxxxxx,0.4374380353670667,0.0,0.0
0.9635026750267576,0.1912806186380266,0.9999238600845268,0.0,False,x1x1x1x1x1x1x1x1x1x1x1x1x1,0.5,0.6364841287648564,False,10.599999999999994,0.0,False,x1x1x1x1x1x1x1x1x1x1x1x1x1x1,3.0,1.0,,20.0,155.68,True,24,0.5,0.0,False,x1x1x1x1x1x1x1x1x1x1x1x1,0.1,14,28,False,False,False,False,False,False,False,False,False,False,False,False,False,False,False,False,-1,False,unlabelled_window_x,unlabelled_window_x,False,x1x1x1x,0.5509556505386017,0.0,0.4285714285714285
0.6105070051739664,0.3957416720634382,0.9924204495308808,0.0,True,xxxxxxxxxxxxxxxxxxxxxxxxxx,0.0,0.2065523392509966,False,10.599999999999994,0.0,False,xxxxxxxxxxxxxxxxxxxxxxxxxxxx,3.0,1.0,,20.0,154.82,True,24,0.0,0.0,False,xxxxxxxxxxxxxxxxxxxxxxxx,0.1,28,28,False,False,False,False,False,False,False,False,False,False,False,False,False,False,False,False,-1,False,unlabelled_window_x,unlabelled_window_x,False,xxxxxxx,0.2072993175571525,0.0,0.0
0.9009467584488317,0.2154340178029625,0.9997996771485252,0.0,False,xx1x1x1x1x1x1x1x1x1x1x1x1x,0.4615384615384615,0.4558695058140526,False,10.599999999999994,0.2615384615384615,False,xx1x1x1x1x1x1x1x1x1x1x1x1x1x,10.0,1.0,,20.0,153.81,True,24,0.7076923076923077,0.2615384615384615,False,1x1x1x1x1x1x1x1x1x1x1x1x,0.1,15,28,False,False,False,False,False,False,False,False,False,False,False,False,False,False,False,False,-1,False,unlabelled_window_x,unlabelled_window_x,False,xx1x1x1,0.5126679240512099,0.0,0.4285714285714285
0.6754513581822392,0.1968531188531482,0.9880181056221083,0.0,True,xxxxxxxxxxxxxxxxxxxxxxxxxx,0.0,0.483815660759782,False,10.599999999999994,0.0,False,xxxxxxxxxxxxxxxxxxxxxxxxxxxx,10.0,1.0,,20.0,155.74,True,24,0.0,0.0,False,xxxxxxxxxxxxxxxxxxxxxxxx,0.1,28,28,False,False,False,False,False,False,False,False,False,False,False,False,False,False,False,False,-1,False,unlabelled_window_x,unlabelled_window_x,False,xxxxxxx,0.4838345596277092,0.0,0.0
0.944606617705458,0.251435256673529,0.9996129465135826,0.0,False,1xxxxxxxxxxxxxxxxxxxxxxxxx,0.0384615384615384,0.6117578306529635,False,10.599999999999994,0.6923076923076923,False,111x111111111111111111111111,30.0,1.0,,20.0,163.22,True,24,0.8615384615384616,0.8153846153846154,False,111111111111111111111111,0.1,1,28,False,False,False,False,False,False,False,False,False,False,False,False,False,False,False,False,-1,False,unlabelled_window_x,stuck_high,False,1xxxxxx,0.6167512687094853,0.0,0.1428571428571428
0.7182106043762191,0.1579661937155609,0.98375975589742,0.0,True,xxxxxxxxxxxxxxxxxxxxxxxxxx,0.0,0.5643586519837782,False,10.599999999999994,0.4761904761904761,False,xxxxxxxxxxxxxxxxxxxxxxxxxxxx,30.0,1.0,,20.0,159.07,True,24,0.4923076923076923,0.4769230769230769,False,xxxxxxxxxxxxxxxxxxxxxxxx,0.1,28,28,False,False,False,False,False,False,False,False,False,False,False,False,False,False,False,False,-1,False,unlabelled_window_x,unlabelled_window_x,False,xxxxxxx,0.5643601358683643,0.0,0.0
0.990510016676748,0.5234274192186408,0.9999904341386584,0.0,False,xxxxxxxxxxxxxxxxxxxxxxxxxx,0.0,0.2813004064215971,False,10.599999999999994,0.0,False,0x1x111111111111111111111111,1.0,3.0,,20.0,156.78,True,24,1.0,0.8,False,111111111111111111111111,0.1,2,28,False,False,False,False,False,False,False,False,False,False,False,False,False,False,False,False,-1,False,unlabelled_window_x,stuck_high,False,xxxxxxx,0.2832885747412075,0.0,0.0
0.9569834999152392,0.3751316840523031,0.9976058515734904,0.0,True,xxxxxxxxxxxxxxxxxxxxxxxxxx,0.0,0.5849199955549096,False,10.599999999999994,0.0,False,xxxxxxxxxxxxxxxxxxxxxxxxxxxx,1.0,3.0,,20.0,154.28,True,24,0.0,0.0,False,xxxxxxxxxxxxxxxxxxxxxxxx,0.1,28,28,False,False,False,False,False,False,False,False,False,False,False,False,False,False,False,False,-1,False,unlabelled_window_x,unlabelled_window_x,False,xxxxxxx,0.5849093339543788,0.0,0.0
0.99437131419855,0.4600968062722169,0.9999773881398736,0.0,False,x1x1x1x1x1x1x1x1x1x1x1x1x1,0.5,0.4127000167228407,False,10.599999999999994,0.0,False,x1x1x1x1x1x1x1x1x1x1x1x1x1x1,3.0,3.0,,20.0,162.46,True,24,0.5,0.0,False,x1x1x1x1x1x1x1x1x1x1x1x1,0.1,14,28,False,False,False,False,False,False,False,False,False,False,False,False,False,False,False,False,-1,False,unlabelled_window_x,unlabelled_window_x,False,x1x1x1x,0.4154065237298514,0.0,0.4285714285714285
0.8929238879231057,0.4117071972712071,0.9962155510681906,0.0,True,xxxxxxxxxxxxxxxxxxxxxxxxxx,0.0,0.4865595766168812,False,10.599999999999994,0.0,False,xxxxxxxxxxxxxxxxxxxxxxxxxxxx,3.0,3.0,,20.0,155.64,True,24,0.0,0.0,False,xxxxxxxxxxxxxxxxxxxxxxxx,0.1,28,28,False,False,False,False,False,False,False,False,False,False,False,False,False,False,False,False,-1,False,unlabelled_window_x,unlabelled_window_x,False,xxxxxxx,0.4864745567854758,0.0,0.0
0.9673398463044754,0.1798115328342749,0.9999263646053264,0.0,False,x1x1x1x1x1x1x1x1x1x1x1x1x1,0.5,0.6376597182806198,False,10.599999999999994,0.0,False,x1x1x1x1x1x1x1x1x1x1x1x1x1x1,10.0,3.0,,20.0,164.47,True,24,0.5,0.0,False,x1x1x1x1x1x1x1x1x1x1x1x1,0.1,14,28,False,False,False,False,False,False,False,False,False,False,False,False,False,False,False,False,-1,False,unlabelled_window_x,unlabelled_window_x,False,x1x1x1x,0.5265199918419731,0.0,0.4285714285714285
0.6497373892234634,0.3622666617260773,0.9925651175364468,0.0,True,xxxxxxxxxxxxxxxxxxxxxxxxxx,0.0,0.2905144112645118,False,10.599999999999994,0.0,False,xxxxxxxxxxxxxxxxxxxxxxxxxxxx,10.0,3.0,,20.0,158.55,True,24,0.0,0.0,False,xxxxxxxxxxxxxxxxxxxxxxxx,0.1,28,28,False,False,False,False,False,False,False,False,False,False,False,False,False,False,False,False,-1,False,unlabelled_window_x,unlabelled_window_x,False,xxxxxxx,0.2907143949589329,0.0,0.0
0.9077931641838464,0.1968022020942802,0.999798774327834,0.0,False,xx1x1x1x1x1x1x1x1x1x1x1x1x,0.4615384615384615,0.4639758312031203,False,10.599999999999994,0.2307692307692307,False,xx1x1x1x1x1x1x1x1x1x1x1x1x1x,30.0,3.0,,20.0,187.84,True,24,0.6923076923076923,0.2461538461538461,False,1x1x1x1x1x1x1x1x1x1x1x1x,0.1,15,28,False,False,False,False,False,False,False,False,False,False,False,False,False,False,False,False,-1,False,unlabelled_window_x,unlabelled_window_x,False,xx1x1x1,0.5434780963044006,0.0,0.4285714285714285
0.6901017323896508,0.1930124903572695,0.9874632765620884,0.0,True,xxxxxxxxxxxxxxxxxxxxxxxxxx,0.0,0.5024978689817146,False,10.599999999999994,0.0,False,xxxxxxxxxxxxxxxxxxxxxxxxxxxx,30.0,3.0,,20.0,166.42,True,24,0.0,0.0,False,xxxxxxxxxxxxxxxxxxxxxxxx,0.1,28,28,False,False,False,False,False,False,False,False,False,False,False,False,False,False,False,False,-1,False,unlabelled_window_x,unlabelled_window_x,False,xxxxxxx,0.5025139354068286,0.0,0.0
0.8086119482411653,0.3505082664992903,0.9995405553416818,0.0,False,xxxxxxxxxxxxxxxxxxxxxxxxxx,0.0,0.4574361574468653,False,10.599999999999994,0.0,False,x111111111111111111111111111,1.0,0.1,,1.0,158.56,True,24,1.0,1.0,False,111111111111111111111111,0.3,1,28,False,False,False,False,False,False,False,False,False,False,False,False,False,False,False,False,-1,False,unlabelled_window_x,stuck_high,False,xxxxxxx,0.457726319858044,0.0,0.0
0.6303743670840801,0.3135574967754062,0.966329429594866,0.0,True,xxxxxxxxxxxxxxxxxxxxxxxxxx,0.0,0.3270491891607594,False,10.599999999999994,0.0,False,xxxxxxxxxxxxxxxxxxxxxxxxxxxx,1.0,0.1,,1.0,160.56,True,24,0.0,0.0,False,xxxxxxxxxxxxxxxxxxxxxxxx,0.3,28,28,False,False,False,False,False,False,False,False,False,False,False,False,False,False,False,False,-1,False,unlabelled_window_x,unlabelled_window_x,False,xxxxxxx,0.3270503362751145,0.0,0.0
0.9585482229004874,0.091680777890141,0.9993041252621856,0.0,False,11111111111111111111111111,1.0,0.8708643152496922,False,10.599999999999994,1.0,False,1111111111111111111111111111,3.0,0.1,,1.0,165.92,True,24,1.0,1.0,False,111111111111111111111111,0.3,0,28,False,False,False,False,False,False,False,False,False,False,False,False,False,False,False,False,-1,False,stuck_high,stuck_high,False,1111111,0.8664812462562045,0.0,1.0
0.5869675886310348,0.2805134181290213,0.961417278930799,0.0,True,xxxxxxxxxxxxxxxxxxxxxxxxxx,0.0,0.310898570051069,False,10.599999999999994,0.0,False,xxxxxxxxxxxxxxxxxxxxxxxxxxxx,3.0,0.1,,1.0,160.02,True,24,0.0,0.0,False,xxxxxxxxxxxxxxxxxxxxxxxx,0.3,28,28,False,False,False,False,False,False,False,False,False,False,False,False,False,False,False,False,-1,False,unlabelled_window_x,unlabelled_window_x,False,xxxxxxx,0.3108670910993387,0.0,0.0
0.971818162930408,0.1022578526055058,0.9989689421417244,0.0,False,11111111111111111111111111,1.0,0.8713367224880972,False,10.599999999999994,1.0,False,1111111111111111111111111111,10.0,0.1,,1.0,163.57,True,24,1.0,1.0,False,111111111111111111111111,0.3,0,28,False,False,False,False,False,False,False,False,False,False,False,False,False,False,False,False,-1,False,stuck_high,stuck_high,False,1111111,0.8722749819223182,0.0,1.0
0.6405766070826991,0.2251048137792126,0.9535777016996486,0.0,True,xxxxxxxxxxxxxxxxxxxxxxxxxx,0.0,0.4218780096683784,False,10.599999999999994,0.0,False,xxxxxxxxxxxxxxxxxxxxxxxxxxxx,10.0,0.1,,1.0,159.95,True,24,0.0,0.0,False,xxxxxxxxxxxxxxxxxxxxxxxx,0.3,28,28,False,False,False,False,False,False,False,False,False,False,False,False,False,False,False,False,-1,False,unlabelled_window_x,unlabelled_window_x,False,xxxxxxx,0.4218636880843216,0.0,0.0
0.974372602811997,0.1046716861207169,0.998752033073415,0.0,False,11111111111111111111111111,1.0,0.8713776858650337,False,10.599999999999994,1.0,False,1111111111111111111111111111,30.0,0.1,,1.0,163.83,True,24,1.0,1.0,False,111111111111111111111111,0.3,0,28,False,False,False,False,False,False,False,False,False,False,False,False,False,False,False,False,-1,False,stuck_high,stuck_high,False,1111111,0.872244765345157,0.0,1.0
0.657695543587243,0.2101135511576396,0.9480170936720655,0.0,True,xxxxxxxxxxxxxxxxxxxxxxxxxx,0.0,0.4541281114016496,False,10.599999999999994,0.0,False,xxxxxxxxxxxxxxxxxxxxxxxxxxxx,30.0,0.1,,1.0,159.69,True,24,0.0,0.0,False,xxxxxxxxxxxxxxxxxxxxxxxx,0.3,28,28,False,False,False,False,False,False,False,False,False,False,False,False,False,False,False,False,-1,False,unlabelled_window_x,unlabelled_window_x,False,xxxxxxx,0.4541115174426438,0.0,0.0
0.8277275659174468,0.5426830192343967,0.9996406280959634,0.0,False,xxxxxxxxxxxxxxxxxxxxxxxxxx,0.0,0.2888812536196807,False,10.599999999999994,0.0,False,xxxxxxxxxxxxxxxxxxxxxxxxxxxx,1.0,0.3,,1.0,156.23,True,24,0.0,0.0,False,xxxxxxxxxxxxxxxxxxxxxxxx,0.3,28,28,False,False,False,False,False,False,False,False,False,False,False,False,False,False,False,False,-1,False,unlabelled_window_x,unlabelled_window_x,False,xxxxxxx,0.2888849643689143,0.0,0.0
0.6497238214850967,0.3589011239174788,0.9682356422667284,0.0,True,xxxxxxxxxxxxxxxxxxxxxxxxxx,0.0,0.3005802360260854,False,10.599999999999994,0.0,False,xxxxxxxxxxxxxxxxxxxxxxxxxxxx,1.0,0.3,,1.0,160.64,True,24,0.0,0.0,False,xxxxxxxxxxxxxxxxxxxxxxxx,0.3,28,28,False,False,False,False,False,False,False,False,False,False,False,False,False,False,False,False,-1,False,unlabelled_window_x,unlabelled_window_x,False,xxxxxxx,0.3005317189564656,0.0,0.0
0.8020503253722521,0.337848985569647,0.9994214761186198,0.0,False,xxxxxxxxxxxxxxxxxxxxxxxxxx,0.0,0.4563297850271236,False,10.599999999999994,1.0,False,1111111111111111111111111111,3.0,0.3,,1.0,157.25,True,24,1.0,1.0,False,111111111111111111111111,0.3,0,28,False,False,False,False,False,False,False,False,False,False,False,False,False,False,False,False,-1,False,stuck_high,stuck_high,False,xxxxxxx,0.4563343837186,0.0,0.0
0.5733630377033695,0.3294517701377326,0.9632133370722208,0.0,True,xxxxxxxxxxxxxxxxxxxxxxxxxx,0.0,0.2509287956395314,False,10.599999999999994,0.0,False,xxxxxxxxxxxxxxxxxxxxxxxxxxxx,3.0,0.3,,1.0,159.47,True,24,0.0,0.0,False,xxxxxxxxxxxxxxxxxxxxxxxx,0.3,28,28,False,False,False,False,False,False,False,False,False,False,False,False,False,False,False,False,-1,False,unlabelled_window_x,unlabelled_window_x,False,xxxxxxx,0.2509316150614378,0.0,0.0
0.9513415228344416,0.134603710599357,0.999070283391908,0.0,False,11111111111111111111111111,1.0,0.8182572247749981,False,10.599999999999994,1.0,False,1111111111111111111111111111,10.0,0.3,,1.0,161.4,True,24,1.0,1.0,False,111111111111111111111111,0.3,0,28,False,False,False,False,False,False,False,False,False,False,False,False,False,False,False,False,-1,False,stuck_high,stuck_high,False,1111111,0.8200903788119696,0.0,1.0
0.6301868876800498,0.2447288899070681,0.955043139155817,0.0,True,xxxxxxxxxxxxxxxxxxxxxxxxxx,0.0,0.3918218049556457,False,10.599999999999994,0.0,False,xxxxxxxxxxxxxxxxxxxxxxxxxxxx,10.0,0.3,,1.0,160.22,True,24,0.0,0.0,False,xxxxxxxxxxxxxxxxxxxxxxxx,0.3,28,28,False,False,False,False,False,False,False,False,False,False,False,False,False,False,False,False,-1,False,unlabelled_window_x,unlabelled_window_x,False,xxxxxxx,0.3918045519458958,0.0,0.0
0.969257984406763,0.1156972438478693,0.9988095775284732,0.0,False,11111111111111111111111111,1.0,0.8550126599421504,False,10.599999999999994,1.0,False,1111111111111111111111111111,30.0,0.3,,1.0,160.33,True,24,1.0,1.0,False,111111111111111111111111,0.3,0,28,False,False,False,False,False,False,False,False,False,False,False,False,False,False,False,False,-1,False,stuck_high,stuck_high,False,1111111,0.8564630329531263,0.0,1.0
0.6538070447417497,0.2166370616099763,0.9487779069871044,0.0,True,xxxxxxxxxxxxxxxxxxxxxxxxxx,0.0,0.4438258353259031,False,10.599999999999994,0.0,False,xxxxxxxxxxxxxxxxxxxxxxxxxxxx,30.0,0.3,,1.0,160.35,True,24,0.0,0.0,False,xxxxxxxxxxxxxxxxxxxxxxxx,0.3,28,28,False,False,False,False,False,False,False,False,False,False,False,False,False,False,False,False,-1,False,unlabelled_window_x,unlabelled_window_x,False,xxxxxxx,0.4438044760307792,0.0,0.0
0.943182733343524,0.5990930512238767,0.9998143090573868,0.0,False,xxxxxxxxxxxxxxxxxxxxxxxxxx,0.0,0.3225910778359937,False,10.599999999999994,0.0,False,xxxxxxxxxxxxxxxxxxxxxxxxxxxx,1.0,1.0,,1.0,155.26,True,24,0.0,0.0,False,xxxxxxxxxxxxxxxxxxxxxxxx,0.3,28,28,False,False,False,False,False,False,False,False,False,False,False,False,False,False,False,False,-1,False,unlabelled_window_x,unlabelled_window_x,False,xxxxxxx,0.3225885718433973,0.0,0.0
0.7276781991441963,0.4403207398325398,0.974136962825212,0.0,True,xxxxxxxxxxxxxxxxxxxxxxxxxx,0.0,0.2934698680928125,False,10.599999999999994,0.0,False,xxxxxxxxxxxxxxxxxxxxxxxxxxxx,1.0,1.0,,1.0,155.05,True,24,0.0,0.0,False,xxxxxxxxxxxxxxxxxxxxxxxx,0.3,28,28,False,False,False,False,False,False,False,False,False,False,False,False,False,False,False,False,-1,False,unlabelled_window_x,unlabelled_window_x,False,xxxxxxx,0.2934691833753243,0.0,0.0
0.7631604607935107,0.5887468375679654,0.999654457929022,0.0,False,xxxxxxxxxxxxxxxxxxxxxxxxxx,0.0,0.1773321009037164,False,10.599999999999994,1.0,False,1111111111111111111111111111,3.0,1.0,,1.0,154.71,True,24,1.0,1.0,False,111111111111111111111111,0.3,0,28,False,False,False,False,False,False,False,False,False,False,False,False,False,False,False,False,-1,False,stuck_high,stuck_high,False,xxxxxxx,0.1773183406028559,0.0,0.0
0.5976089235849368,0.4476200459704577,0.9687670368398236,0.0,True,xxxxxxxxxxxxxxxxxxxxxxxxxx,0.0,0.1561851007320099,False,10.599999999999994,0.0,False,xxxxxxxxxxxxxxxxxxxxxxxxxxxx,3.0,1.0,,1.0,154.38,True,24,0.0,0.0,False,xxxxxxxxxxxxxxxxxxxxxxxx,0.3,28,28,False,False,False,False,False,False,False,False,False,False,False,False,False,False,False,False,-1,False,unlabelled_window_x,unlabelled_window_x,False,xxxxxxx,0.1561931312076935,0.0,0.0
0.82868686220603,0.2939221452653676,0.9993149119558572,0.0,False,xxxxxxxxxxxxxxxxxxxxxxxxxx,0.0,0.5192482587351988,False,10.599999999999994,1.0,False,1111111111111111111111111111,10.0,1.0,,1.0,154.09,True,24,1.0,1.0,False,111111111111111111111111,0.3,0,28,False,False,False,False,False,False,False,False,False,False,False,False,False,False,False,False,-1,False,stuck_high,stuck_high,False,xxxxxxx,0.5191804010813977,0.0,0.0
0.6023749565685096,0.312936750024577,0.9592687638045656,0.0,True,xxxxxxxxxxxxxxxxxxxxxxxxxx,0.0,0.2950498629253198,False,10.599999999999994,0.0,False,xxxxxxxxxxxxxxxxxxxxxxxxxxxx,10.0,1.0,,1.0,155.34,True,24,0.0,0.0,False,xxxxxxxxxxxxxxxxxxxxxxxx,0.3,28,28,False,False,False,False,False,False,False,False,False,False,False,False,False,False,False,False,-1,False,unlabelled_window_x,unlabelled_window_x,False,xxxxxxx,0.2950360419903788,0.0,0.0
0.9345467506425018,0.1503506255679179,0.9989663856356842,0.0,False,11111111111111111111111111,1.0,0.7857616276227312,False,10.599999999999994,1.0,False,1111111111111111111111111111,30.0,1.0,,1.0,164.65,True,24,1.0,1.0,False,111111111111111111111111,0.3,0,28,False,False,False,False,False,False,False,False,False,False,False,False,False,False,False,False,-1,False,stuck_high,stuck_high,False,1111111,0.7876478816987402,0.0,1.0
0.6413510317922598,0.2399699215600277,0.9511866336855715,0.0,True,xxxxxxxxxxxxxxxxxxxxxxxxxx,0.0,0.4083766828020695,False,10.599999999999994,0.0,False,xxxxxxxxxxxxxxxxxxxxxxxxxxxx,30.0,1.0,,1.0,162.52,True,24,0.0,0.0,False,xxxxxxxxxxxxxxxxxxxxxxxx,0.3,28,28,False,False,False,False,False,False,False,False,False,False,False,False,False,False,False,False,-1,False,unlabelled_window_x,unlabelled_window_x,False,xxxxxxx,0.4083675137354621,0.0,0.0
0.9892122774718052,0.5970703418364603,0.999931835227398,0.0,False,xxxxxxxxxxxxxxxxxxxxxxxxxx,0.0,0.3873951728146134,False,10.599999999999994,0.0,False,xxxxxxxxxxxxxxxxxxxxxxxxxxxx,1.0,3.0,,1.0,159.07,True,24,0.0,0.0,False,xxxxxxxxxxxxxxxxxxxxxxxx,0.3,28,28,False,False,False,False,False,False,False,False,False,False,False,False,False,False,False,False,-1,False,unlabelled_window_x,unlabelled_window_x,False,xxxxxxx,0.3873906118077501,0.0,0.0
0.844497304982705,0.4579737975776109,0.9838263099015344,0.0,True,xxxxxxxxxxxxxxxxxxxxxxxxxx,0.0,0.392552370522413,False,10.599999999999994,0.0,False,xxxxxxxxxxxxxxxxxxxxxxxxxxxx,1.0,3.0,,1.0,155.89,True,24,0.0,0.0,False,xxxxxxxxxxxxxxxxxxxxxxxx,0.3,28,28,False,False,False,False,False,False,False,False,False,False,False,False,False,False,False,False,-1,False,unlabelled_window_x,unlabelled_window_x,False,xxxxxxx,0.3925493607599,0.0,0.0
0.9442698219063148,0.6085408536528442,0.9998571128275124,0.0,False,xxxxxxxxxxxxxxxxxxxxxxxxxx,0.0,0.2886943357113495,False,10.599999999999994,0.0,False,xxxxxxxxxxxxxxxxxxxxxxxxxxxx,3.0,3.0,,1.0,154.56,True,24,0.0,0.0,False,xxxxxxxxxxxxxxxxxxxxxxxx,0.3,28,28,False,False,False,False,False,False,False,False,False,False,False,False,False,False,False,False,-1,False,unlabelled_window_x,unlabelled_window_x,False,xxxxxxx,0.2887019990931482,0.0,0.0
0.733403504336576,0.4849832729142423,0.9787246615363804,0.0,True,xxxxxxxxxxxxxxxxxxxxxxxxxx,0.0,0.2377697176801338,False,10.599999999999994,0.0,False,xxxxxxxxxxxxxxxxxxxxxxxxxxxx,3.0,3.0,,1.0,155.16,True,24,0.0,0.0,False,xxxxxxxxxxxxxxxxxxxxxxxx,0.3,28,28,False,False,False,False,False,False,False,False,False,False,False,False,False,False,False,False,-1,False,unlabelled_window_x,unlabelled_window_x,False,xxxxxxx,0.2377789554553079,0.0,0.0
0.801590536148542,0.5119599109536893,0.9996340681109124,0.0,False,xxxxxxxxxxxxxxxxxxxxxxxxxx,0.0,0.2951904469506509,False,10.599999999999994,1.0,False,1111111111111111111111111111,10.0,3.0,,1.0,156.36,True,24,1.0,1.0,False,111111111111111111111111,0.3,0,28,False,False,False,False,False,False,False,False,False,False,False,False,False,False,False,False,-1,False,stuck_high,stuck_high,False,xxxxxxx,0.2951989503372806,0.0,0.0
0.5649657327619384,0.4726903386736422,0.968121669774852,0.0,True,xxxxxxxxxxxxxxxxxxxxxxxxxx,0.0,0.0953664042693179,False,10.599999999999994,0.0,False,xxxxxxxxxxxxxxxxxxxxxxxxxxxx,10.0,3.0,,1.0,155.2,True,24,0.0,0.0,False,xxxxxxxxxxxxxxxxxxxxxxxx,0.3,28,28,False,False,False,False,False,False,False,False,False,False,False,False,False,False,False,False,-1,False,unlabelled_window_x,unlabelled_window_x,False,xxxxxxx,0.095340129676495,0.0,0.0
0.832320543986326,0.2817881154084043,0.9992712396740356,0.0,False,xxxxxxxxxxxxxxxxxxxxxxxxxx,0.0,0.537431880666257,False,10.599999999999994,1.0,False,1111111111111111111111111111,30.0,3.0,,1.0,173.34,True,24,1.0,1.0,False,111111111111111111111111,0.3,0,28,False,False,False,False,False,False,False,False,False,False,False,False,False,False,False,False,-1,False,stuck_high,stuck_high,False,xxxxxxx,0.5374949707339689,0.0,0.0
0.6139708353764225,0.3068191967295032,0.9569565801269804,0.0,True,xxxxxxxxxxxxxxxxxxxxxxxxxx,0.0,0.3135816859046483,False,10.599999999999994,0.0,False,xxxxxxxxxxxxxxxxxxxxxxxxxxxx,30.0,3.0,,1.0,167.53,True,24,0.0,0.0,False,xxxxxxxxxxxxxxxxxxxxxxxx,0.3,28,28,False,False,False,False,False,False,False,False,False,False,False,False,False,False,False,False,-1,False,unlabelled_window_x,unlabelled_window_x,False,xxxxxxx,0.3135830068970937,0.0,0.0
0.9200502967610924,0.0857159453888936,0.9996152942019332,0.0,False,11111111111111111111111111,1.0,0.8382193973200698,False,10.599999999999994,0.0,False,x111111111111111111111111111,1.0,0.1,,2.5,159.45,True,24,1.0,1.0,False,111111111111111111111111,0.3,1,28,False,False,False,False,False,False,False,False,False,False,False,False,False,False,False,False,-1,False,unlabelled_window_x,stuck_high,False,1111111,0.8303226684766699,0.0,1.0
0.6397175536808639,0.3043774397570739,0.9728863679117424,0.0,True,xxxxxxxxxxxxxxxxxxxxxxxxxx,0.0,0.3472943637485832,False,10.599999999999994,0.0,False,xxxxxxxxxxxxxxxxxxxxxxxxxxxx,1.0,0.1,,2.5,158.96,True,24,0.0,0.0,False,xxxxxxxxxxxxxxxxxxxxxxxx,0.3,28,28,False,False,False,False,False,False,False,False,False,False,False,False,False,False,False,False,-1,False,unlabelled_window_x,unlabelled_window_x,False,xxxxxxx,0.3471813063628374,0.0,0.0
0.9586210180551628,0.0741153895026017,0.9994163363411702,0.0,False,11111111111111111111111111,1.0,0.8868924422287479,False,10.599999999999994,1.0,False,1111111111111111111111111111,3.0,0.1,,2.5,161.85,True,24,1.0,1.0,False,111111111111111111111111,0.3,0,28,False,False,False,False,False,False,False,False,False,False,False,False,False,False,False,False,-1,False,stuck_high,stuck_high,False,1111111,0.8857628643743252,0.0,1.0
0.5990028928464244,0.261156394411719,0.9686736206835568,0.0,True,xxxxxxxxxxxxxxxxxxxxxxxxxx,0.0,0.3424344902777422,False,10.599999999999994,0.0,False,xxxxxxxxxxxxxxxxxxxxxxxxxxxx,3.0,0.1,,2.5,160.59,True,24,0.0,0.0,False,xxxxxxxxxxxxxxxxxxxxxxxx,0.3,28,28,False,False,False,False,False,False,False,False,False,False,False,False,False,False,False,False,-1,False,unlabelled_window_x,unlabelled_window_x,False,xxxxxxx,0.3424086889719256,0.0,0.0
0.9753234195071409,0.0816442228036875,0.999136216642468,0.0,False,11111111111111111111111111,1.0,0.8960675831690497,False,10.599999999999994,1.0,False,1111111111111111111111111111,10.0,0.1,,2.5,159.92,True,24,1.0,1.0,False,111111111111111111111111,0.3,0,28,False,False,False,False,False,False,False,False,False,False,False,False,False,False,False,False,-1,False,stuck_high,stuck_high,False,1111111,0.8957122810893524,0.0,1.0
0.6562454764579371,0.2029637474874217,0.961982747960762,0.0,True,xxxxxxxxxxxxxxxxxxxxxxxxxx,0.0,0.4595389789868566,False,10.599999999999994,0.0,False,xxxxxxxxxxxxxxxxxxxxxxxxxxxx,10.0,0.1,,2.5,160.74,True,24,0.0,0.0,False,xxxxxxxxxxxxxxxxxxxxxxxx,0.3,28,28,False,False,False,False,False,False,False,False,False,False,False,False,False,False,False,False,-1,False,unlabelled_window_x,unlabelled_window_x,False,xxxxxxx,0.4595301810810244,0.0,0.0
0.9786930582679472,0.0849410389969534,0.9989540990971834,0.0,False,11111111111111111111111111,1.0,0.8958147028741894,False,10.599999999999994,1.0,False,1111111111111111111111111111,30.0,0.1,,2.5,167.74,True,24,1.0,1.0,False,111111111111111111111111,0.3,0,28,False,False,False,False,False,False,False,False,False,False,False,False,False,False,False,False,-1,False,stuck_high,stuck_high,False,1111111,0.8958298124855882,0.0,1.0
0.6724591747728527,0.1897549003497946,0.9572337969407508,0.0,True,xxxxxxxxxxxxxxxxxxxxxxxxxx,0.0,0.4891089370266963,False,10.599999999999994,0.0,False,xxxxxxxxxxxxxxxxxxxxxxxxxxxx,30.0,0.1,,2.5,164.53,True,24,0.0,0.0,False,xxxxxxxxxxxxxxxxxxxxxxxx,0.3,28,28,False,False,False,False,False,False,False,False,False,False,False,False,False,False,False,False,-1,False,unlabelled_window_x,unlabelled_window_x,False,xxxxxxx,0.4891082661948884,0.0,0.0
0.8289459297422758,0.5389351823511488,0.9997008756755495,0.0,False,xxxxxxxxxxxxxxxxxxxxxxxxxx,0.0,0.2917421241100284,False,10.599999999999994,0.0,False,x1xxxxxxxxxxxxxxxxxxxxxxxxxx,1.0,0.3,,2.5,158.5,True,24,0.0,0.0,False,xxxxxxxxxxxxxxxxxxxxxxxx,0.3,27,28,False,False,False,False,False,False,False,False,False,False,False,False,False,False,False,False,-1,False,unlabelled_window_x,unlabelled_window_x,False,xxxxxxx,0.292429881532295,0.0,0.0
0.6523301976603777,0.3510959935245092,0.9744934756456562,0.0,True,xxxxxxxxxxxxxxxxxxxxxxxxxx,0.0,0.3099788096072542,False,10.599999999999994,0.0,False,xxxxxxxxxxxxxxxxxxxxxxxxxxxx,1.0,0.3,,2.5,160.95,True,24,0.0,0.0,False,xxxxxxxxxxxxxxxxxxxxxxxx,0.3,28,28,False,False,False,False,False,False,False,False,False,False,False,False,False,False,False,False,-1,False,unlabelled_window_x,unlabelled_window_x,False,xxxxxxx,0.3100088501392329,0.0,0.0
0.799314848743639,0.3423614971978614,0.9995156483760614,0.0,False,xxxxxxxxxxxxxxxxxxxxxxxxxx,0.0,0.4600460956547135,False,10.599999999999994,1.0,False,1111111111111111111111111111,3.0,0.3,,2.5,158.72,True,24,1.0,1.0,False,111111111111111111111111,0.3,0,28,False,False,False,False,False,False,False,False,False,False,False,False,False,False,False,False,-1,False,stuck_high,stuck_high,False,xxxxxxx,0.460010698280876,0.0,0.0
0.5828585910727447,0.3107388300603004,0.9702027328216566,0.0,True,xxxxxxxxxxxxxxxxxxxxxxxxxx,0.0,0.2767500915934877,False,10.599999999999994,0.0,False,xxxxxxxxxxxxxxxxxxxxxxxxxxxx,3.0,0.3,,2.5,161.08,True,24,0.0,0.0,False,xxxxxxxxxxxxxxxxxxxxxxxx,0.3,28,28,False,False,False,False,False,False,False,False,False,False,False,False,False,False,False,False,-1,False,unlabelled_window_x,unlabelled_window_x,False,xxxxxxx,0.2767392685443777,0.0,0.0
0.9651393458434776,0.1170423272424466,0.9992174911374252,0.0,False,11111111111111111111111111,1.0,0.8494741044237031,False,10.599999999999994,1.0,False,1111111111111111111111111111,10.0,0.3,,2.5,164.35,True,24,1.0,1.0,False,111111111111111111111111,0.3,0,28,False,False,False,False,False,False,False,False,False,False,False,False,False,False,False,False,-1,False,stuck_high,stuck_high,False,1111111,0.8531095821816024,0.0,1.0
0.64558410234409,0.2216724515216485,0.9632379446264016,0.0,True,xxxxxxxxxxxxxxxxxxxxxxxxxx,0.0,0.4304836609646676,False,10.599999999999994,0.0,False,xxxxxxxxxxxxxxxxxxxxxxxxxxxx,10.0,0.3,,2.5,161.77,True,24,0.0,0.0,False,xxxxxxxxxxxxxxxxxxxxxxxx,0.3,28,28,False,False,False,False,False,False,False,False,False,False,False,False,False,False,False,False,-1,False,unlabelled_window_x,unlabelled_window_x,False,xxxxxxx,0.4304741664699948,0.0,0.0
0.9771311690057228,0.0957620551942219,0.9989963048565458,0.0,False,11111111111111111111111111,1.0,0.8829432248999494,False,10.599999999999994,1.0,False,1111111111111111111111111111,30.0,0.3,,2.5,177.46,True,24,1.0,1.0,False,111111111111111111111111,0.3,0,28,False,False,False,False,False,False,False,False,False,False,False,False,False,False,False,False,-1,False,stuck_high,stuck_high,False,1111111,0.8842129338896454,0.0,1.0
0.6684452399245111,0.1956472250518127,0.9578855369169004,0.0,True,xxxxxxxxxxxxxxxxxxxxxxxxxx,0.0,0.4791774706480921,False,10.599999999999994,0.0,False,xxxxxxxxxxxxxxxxxxxxxxxxxxxx,30.0,0.3,,2.5,177.36,True,24,0.0,0.0,False,xxxxxxxxxxxxxxxxxxxxxxxx,0.3,28,28,False,False,False,False,False,False,False,False,False,False,False,False,False,False,False,False,-1,False,unlabelled_window_x,unlabelled_window_x,False,xxxxxxx,0.4791733002374798,0.0,0.0
0.9424282237591798,0.564028851257286,0.999846291624311,0.0,False,xxxxxxxxxxxxxxxxxxxxxxxxxx,0.0,0.3381227931900846,False,10.599999999999994,0.0,False,xxxxxxxxxxxxxxxxxxxxxxxxxxxx,1.0,1.0,,2.5,176.82,True,24,0.0,0.0,False,xxxxxxxxxxxxxxxxxxxxxxxx,0.3,28,28,False,False,False,False,False,False,False,False,False,False,False,False,False,False,False,False,-1,False,unlabelled_window_x,unlabelled_window_x,False,xxxxxxx,0.3381321745157654,0.0,0.0
0.7329969626698868,0.4241283008494822,0.9794444276598772,0.0,True,xxxxxxxxxxxxxxxxxxxxxxxxxx,0.0,0.3113074133531261,False,10.599999999999994,0.0,False,xxxxxxxxxxxxxxxxxxxxxxxxxxxx,1.0,1.0,,2.5,176.65,True,24,0.0,0.0,False,xxxxxxxxxxxxxxxxxxxxxxxx,0.3,28,28,False,False,False,False,False,False,False,False,False,False,False,False,False,False,False,False,-1,False,unlabelled_window_x,unlabelled_window_x,False,xxxxxxx,0.3112408049451157,0.0,0.0
0.7621690574217338,0.6010244650531219,0.999713609711165,0.0,False,xxxxxxxxxxxxxxxxxxxxxxxxxx,0.0,0.1630374662335462,False,10.599999999999994,0.0,False,x111111111111111111111111111,3.0,1.0,,2.5,176.19,True,24,1.0,1.0,False,111111111111111111111111,0.3,1,28,False,False,False,False,False,False,False,False,False,False,False,False,False,False,False,False,-1,False,unlabelled_window_x,stuck_high,False,xxxxxxx,0.1630346893654686,0.0,0.0
0.5943361241137006,0.4429348631502035,0.9749317473545156,0.0,True,xxxxxxxxxxxxxxxxxxxxxxxxxx,0.0,0.1558570731284639,False,10.599999999999994,0.0,False,xxxxxxxxxxxxxxxxxxxxxxxxxxxx,3.0,1.0,,2.5,176.75,True,24,0.0,0.0,False,xxxxxxxxxxxxxxxxxxxxxxxx,0.3,28,28,False,False,False,False,False,False,False,False,False,False,False,False,False,False,False,False,-1,False,unlabelled_window_x,unlabelled_window_x,False,xxxxxxx,0.1558890914255135,0.0,0.0
0.823279350854144,0.3017925951233751,0.9994288231241066,0.0,False,xxxxxxxxxxxxxxxxxxxxxxxxxx,0.0,0.5172623005982128,False,10.599999999999994,1.0,False,1111111111111111111111111111,10.0,1.0,,2.5,175.79,True,24,1.0,1.0,False,111111111111111111111111,0.3,0,28,False,False,False,False,False,False,False,False,False,False,False,False,False,False,False,False,-1,False,stuck_high,stuck_high,False,xxxxxxx,0.5171633259646453,0.0,0.0
0.6137042372273283,0.2909311383955433,0.9668281091922182,0.0,True,xxxxxxxxxxxxxxxxxxxxxxxxxx,0.0,0.3284933837106863,False,10.599999999999994,0.0,False,xxxxxxxxxxxxxxxxxxxxxxxxxxxx,10.0,1.0,,2.5,177.98,True,24,0.0,0.0,False,xxxxxxxxxxxxxxxxxxxxxxxx,0.3,28,28,False,False,False,False,False,False,False,False,False,False,False,False,False,False,False,False,-1,False,unlabelled_window_x,unlabelled_window_x,False,xxxxxxx,0.328487090719427,0.0,0.0
0.9514676173312668,0.1366659420984031,0.9991364054095552,0.0,False,11111111111111111111111111,1.0,0.8158191198462423,False,10.599999999999994,1.0,False,1111111111111111111111111111,30.0,1.0,,2.5,179.94,True,24,1.0,1.0,False,111111111111111111111111,0.3,0,28,False,False,False,False,False,False,False,False,False,False,False,False,False,False,False,False,-1,False,stuck_high,stuck_high,False,1111111,0.8191396545204033,0.0,1.0
0.655089268320179,0.2178614339935649,0.95994187591688,0.0,True,xxxxxxxxxxxxxxxxxxxxxxxxxx,0.0,0.4440231351183705,False,10.599999999999994,0.0,False,xxxxxxxxxxxxxxxxxxxxxxxxxxxx,30.0,1.0,,2.5,180.51,True,24,0.0,0.0,False,xxxxxxxxxxxxxxxxxxxxxxxx,0.3,28,28,False,False,False,False,False,False,False,False,False,False,False,False,False,False,False,False,-1,False,unlabelled_window_x,unlabelled_window_x,False,xxxxxxx,0.4439893207746358,0.0,0.0
0.9890332858963968,0.6003810804234796,0.9999435437324264,0.0,False,xxxxxxxxxxxxxxxxxxxxxxxxxx,0.0,0.3777177449947508,False,10.599999999999994,0.0,False,xxxxxxxxxxxxxxxxxxxxxxxxxxxx,1.0,3.0,,2.5,176.6,True,24,0.0,0.0,False,xxxxxxxxxxxxxxxxxxxxxxxx,0.3,28,28,False,False,False,False,False,False,False,False,False,False,False,False,False,False,False,False,-1,False,unlabelled_window_x,unlabelled_window_x,False,xxxxxxx,0.3777294529052915,0.0,0.0
0.8617151893389776,0.4517941596319558,0.987348179508188,0.0,True,xxxxxxxxxxxxxxxxxxxxxxxxxx,0.0,0.4154267267936624,False,10.599999999999994,0.0,False,xxxxxxxxxxxxxxxxxxxxxxxxxxxx,1.0,3.0,,2.5,176.42,True,24,0.0,0.0,False,xxxxxxxxxxxxxxxxxxxxxxxx,0.3,28,28,False,False,False,False,False,False,False,False,False,False,False,False,False,False,False,False,-1,False,unlabelled_window_x,unlabelled_window_x,False,xxxxxxx,0.4154226344667381,0.0,0.0
0.945186831107332,0.575056620271912,0.9998818467064984,0.0,False,xxxxxxxxxxxxxxxxxxxxxxxxxx,0.0,0.2991157153575786,False,10.599999999999994,0.0,False,xxxxxxxxxxxxxxxxxxxxxxxxxxxx,3.0,3.0,,2.5,175.74,True,24,0.0,0.0,False,xxxxxxxxxxxxxxxxxxxxxxxx,0.3,28,28,False,False,False,False,False,False,False,False,False,False,False,False,False,False,False,False,-1,False,unlabelled_window_x,unlabelled_window_x,False,xxxxxxx,0.2991155969242683,0.0,0.0
0.743868801398453,0.4687711739937522,0.9831892792868672,0.0,True,xxxxxxxxxxxxxxxxxxxxxxxxxx,0.0,0.2484924518949864,False,10.599999999999994,0.0,False,xxxxxxxxxxxxxxxxxxxxxxxxxxxx,3.0,3.0,,2.5,176.12,True,24,0.0,0.0,False,xxxxxxxxxxxxxxxxxxxxxxxx,0.3,28,28,False,False,False,False,False,False,False,False,False,False,False,False,False,False,False,False,-1,False,unlabelled_window_x,unlabelled_window_x,False,xxxxxxx,0.2485068495696291,0.0,0.0
0.803545160493293,0.5247780017990069,0.9996959173030692,0.0,False,xxxxxxxxxxxxxxxxxxxxxxxxxx,0.0,0.2838994699224009,False,10.599999999999994,1.0,False,1111111111111111111111111111,10.0,3.0,,2.5,176.06,True,24,1.0,1.0,False,111111111111111111111111,0.3,0,28,False,False,False,False,False,False,False,False,False,False,False,False,False,False,False,False,-1,False,stuck_high,stuck_high,False,xxxxxxx,0.2839176512840321,0.0,0.0
0.5720218512171247,0.4654213821062141,0.974287835102478,0.0,True,xxxxxxxxxxxxxxxxxxxxxxxxxx,0.0,0.1092027629563587,False,10.599999999999994,0.0,False,xxxxxxxxxxxxxxxxxxxxxxxxxxxx,10.0,3.0,,2.5,178.14,True,24,0.0,0.0,False,xxxxxxxxxxxxxxxxxxxxxxxx,0.3,28,28,False,False,False,False,False,False,False,False,False,False,False,False,False,False,False,False,-1,False,unlabelled_window_x,unlabelled_window_x,False,xxxxxxx,0.1092051814280355,0.0,0.0
0.8292345667039835,0.288680929308713,0.999390922419517,0.0,False,xxxxxxxxxxxxxxxxxxxxxxxxxx,0.0,0.5365354185403177,False,10.599999999999994,1.0,False,1111111111111111111111111111,30.0,3.0,,2.5,165.04,True,24,1.0,1.0,False,111111111111111111111111,0.3,0,28,False,False,False,False,False,False,False,False,False,False,False,False,False,False,False,False,-1,False,stuck_high,stuck_high,False,xxxxxxx,0.5364464653038277,0.0,0.0
0.6234855086953217,0.2857972669332119,0.9649154501564652,0.0,True,xxxxxxxxxxxxxxxxxxxxxxxxxx,0.0,0.3440233854265312,False,10.599999999999994,0.0,False,xxxxxxxxxxxxxxxxxxxxxxxxxxxx,30.0,3.0,,2.5,174.08,True,24,0.0,0.0,False,xxxxxxxxxxxxxxxxxxxxxxxx,0.3,28,28,False,False,False,False,False,False,False,False,False,False,False,False,False,False,False,False,-1,False,unlabelled_window_x,unlabelled_window_x,False,xxxxxxx,0.3440242607818384,0.0,0.0
0.9212179215889634,0.073121265238382,0.9997056671268804,0.0,False,11111111111111111111111111,1.0,0.8456157249312982,False,10.599999999999994,0.0,False,x111111111111111111111111111,1.0,0.1,,5.0,158.55,True,24,1.0,1.0,False,111111111111111111111111,0.3,1,28,False,False,False,False,False,False,False,False,False,False,False,False,False,False,False,False,-1,False,unlabelled_window_x,stuck_high,False,1111111,0.8456261182312647,0.0,1.0
0.7034205527022062,0.2700922363681692,0.9794563079506712,0.0,True,xxxxxxxxxxxxxxxxxxxxxxxxxx,0.0,0.4475607920155061,False,10.599999999999994,0.0,False,xxxxxxxxxxxxxxxxxxxxxxxxxxxx,1.0,0.1,,5.0,158.54,True,24,0.0,0.0,False,xxxxxxxxxxxxxxxxxxxxxxxx,0.3,28,28,False,False,False,False,False,False,False,False,False,False,False,False,False,False,False,False,-1,False,unlabelled_window_x,unlabelled_window_x,False,xxxxxxx,0.4437146816535646,0.0,0.0
0.958259003511519,0.0604016068877343,0.9995510761909774,0.0,False,11111111111111111111111111,1.0,0.8936319258179196,False,10.599999999999994,1.0,False,1111111111111111111111111111,3.0,0.1,,5.0,156.99,True,24,1.0,1.0,False,111111111111111111111111,0.3,0,28,False,False,False,False,False,False,False,False,False,False,False,False,False,False,False,False,-1,False,stuck_high,stuck_high,False,1111111,0.8943996876289504,0.0,1.0
0.627315124305949,0.2396657761737176,0.975952516757548,0.0,True,xxxxxxxxxxxxxxxxxxxxxxxxxx,0.0,0.3708339437801136,False,10.599999999999994,0.0,False,xxxxxxxxxxxxxxxxxxxxxxxxxxxx,3.0,0.1,,5.0,158.06,True,24,0.0,0.0,False,xxxxxxxxxxxxxxxxxxxxxxxx,0.3,28,28,False,False,False,False,False,False,False,False,False,False,False,False,False,False,False,False,-1,False,unlabelled_window_x,unlabelled_window_x,False,xxxxxxx,0.3708428822357936,0.0,0.0
0.9725406662412782,0.0599661780742415,0.999335789175359,0.0,False,11111111111111111111111111,1.0,0.9131543956534172,False,10.599999999999994,1.0,False,1111111111111111111111111111,10.0,0.1,,5.0,158.16,True,24,1.0,1.0,False,111111111111111111111111,0.3,0,28,False,False,False,False,False,False,False,False,False,False,False,False,False,False,False,False,-1,False,stuck_high,stuck_high,False,1111111,0.9135072291923846,0.0,1.0
0.6777859818308364,0.1733910061596653,0.970411053270851,0.0,True,xxxxxxxxxxxxxxxxxxxxxxxxxx,0.0,0.5099488921830367,False,10.599999999999994,0.0,False,xxxxxxxxxxxxxxxxxxxxxxxxxxxx,10.0,0.1,,5.0,156.31,True,24,0.0,0.0,False,xxxxxxxxxxxxxxxxxxxxxxxx,0.3,28,28,False,False,False,False,False,False,False,False,False,False,False,False,False,False,False,False,-1,False,unlabelled_window_x,unlabelled_window_x,False,xxxxxxx,0.5099194211721538,0.0,0.0
0.9765764070842728,0.0610199367368286,0.999197976183916,0.0,False,11111111111111111111111111,1.0,0.9173373360722674,False,10.599999999999994,1.0,False,1111111111111111111111111111,30.0,0.1,,5.0,155.47,True,24,1.0,1.0,False,111111111111111111111111,0.3,0,28,False,False,False,False,False,False,False,False,False,False,False,False,False,False,False,False,-1,False,stuck_high,stuck_high,False,1111111,0.917366032368024,0.0,1.0
0.6960535175177723,0.1607948273325302,0.9665590462472258,0.0,True,xxxxxxxxxxxxxxxxxxxxxxxxxx,0.0,0.5408669882495896,False,10.599999999999994,0.0,False,xxxxxxxxxxxxxxxxxxxxxxxxxxxx,30.0,0.1,,5.0,155.52,True,24,0.0,0.0,False,xxxxxxxxxxxxxxxxxxxxxxxx,0.3,28,28,False,False,False,False,False,False,False,False,False,False,False,False,False,False,False,False,-1,False,unlabelled_window_x,unlabelled_window_x,False,xxxxxxx,0.5408382567019677,0.0,0.0
0.927894377577033,0.3553329815674166,0.9997726358932526,0.0,False,xxxxxxxxxxxxxxxxxxxxxxxxxx,0.0,0.4662899347992129,False,10.599999999999994,0.0,False,x1x1x1x1x1x1x1x1x1x1x1x1x1x1,1.0,0.3,,5.0,155.52,True,24,0.5,0.0,False,x1x1x1x1x1x1x1x1x1x1x1x1,0.3,14,28,False,False,False,False,False,False,False,False,False,False,False,False,False,False,False,False,-1,False,unlabelled_window_x,unlabelled_window_x,False,xxxxxxx,0.4623424853409264,0.0,0.0
0.7053704271028715,0.3172460556761089,0.980803059327058,0.0,True,xxxxxxxxxxxxxxxxxxxxxxxxxx,0.0,0.403111146203769,False,10.599999999999994,0.0,False,xxxxxxxxxxxxxxxxxxxxxxxxxxxx,1.0,0.3,,5.0,157.03,True,24,0.0,0.0,False,xxxxxxxxxxxxxxxxxxxxxxxx,0.3,28,28,False,False,False,False,False,False,False,False,False,False,False,False,False,False,False,False,-1,False,unlabelled_window_x,unlabelled_window_x,False,xxxxxxx,0.3988481910485417,0.0,0.0
0.8147347822673202,0.3448354324978455,0.9996301774561868,0.0,False,xxxxxxxxxxxxxxxxxxxxxxxxxx,0.0,0.4736354742192282,False,10.599999999999994,1.0,False,1111111111111111111111111111,3.0,0.3,,5.0,157.07,True,24,1.0,1.0,False,111111111111111111111111,0.3,0,28,False,False,False,False,False,False,False,False,False,False,False,False,False,False,False,False,-1,False,stuck_high,stuck_high,False,xxxxxxx,0.4735944898728189,0.0,0.0
0.602784321276173,0.2764222779705197,0.9772572815383684,0.0,True,xxxxxxxxxxxxxxxxxxxxxxxxxx,0.0,0.3306546003029155,False,10.599999999999994,0.0,False,xxxxxxxxxxxxxxxxxxxxxxxxxxxx,3.0,0.3,,5.0,155.94,True,24,0.0,0.0,False,xxxxxxxxxxxxxxxxxxxxxxxx,0.3,28,28,False,False,False,False,False,False,False,False,False,False,False,False,False,False,False,False,-1,False,unlabelled_window_x,unlabelled_window_x,False,xxxxxxx,0.3305929529802258,0.0,0.0
0.9775912672148164,0.074209663648103,0.9994028873752184,0.0,False,11111111111111111111111111,1.0,0.9066555583560528,False,10.599999999999994,1.0,False,1111111111111111111111111111,10.0,0.3,,5.0,152.88,True,24,1.0,1.0,False,111111111111111111111111,0.3,0,28,False,False,False,False,False,False,False,False,False,False,False,False,False,False,False,False,-1,False,stuck_high,stuck_high,False,1111111,0.90360974593042,0.0,1.0
0.6717975090408909,0.1860418526180473,0.9714549436234856,0.0,True,xxxxxxxxxxxxxxxxxxxxxxxxxx,0.0,0.4918084422085727,False,10.599999999999994,0.0,False,xxxxxxxxxxxxxxxxxxxxxxxxxxxx,10.0,0.3,,5.0,155.46,True,24,0.0,0.0,False,xxxxxxxxxxxxxxxxxxxxxxxx,0.3,28,28,False,False,False,False,False,False,False,False,False,False,False,False,False,False,False,False,-1,False,unlabelled_window_x,unlabelled_window_x,False,xxxxxxx,0.4917940324341791,0.0,0.0
0.9789739751758224,0.0653963064703559,0.9992343848207758,0.0,False,11111111111111111111111111,1.0,0.9157626346949774,False,10.599999999999994,1.0,False,1111111111111111111111111111,30.0,0.3,,5.0,157.32,True,24,1.0,1.0,False,111111111111111111111111,0.3,0,28,False,False,False,False,False,False,False,False,False,False,False,False,False,False,False,False,-1,False,stuck_high,stuck_high,False,1111111,0.9155415785050688,0.0,1.0
0.6933729459769681,0.1650800742585375,0.9671195038288358,0.0,True,xxxxxxxxxxxxxxxxxxxxxxxxxx,0.0,0.5340776167570032,False,10.599999999999994,0.0,False,xxxxxxxxxxxxxxxxxxxxxxxxxxxx,30.0,0.3,,5.0,156.59,True,24,0.0,0.0,False,xxxxxxxxxxxxxxxxxxxxxxxx,0.3,28,28,False,False,False,False,False,False,False,False,False,False,False,False,False,False,False,False,-1,False,unlabelled_window_x,unlabelled_window_x,False,xxxxxxx,0.5340470155960036,0.0,0.0
0.9222442152685486,0.5013927499944844,0.999884662932054,0.0,False,xxxxxxxxxxxxxxxxxxxxxxxxxx,0.0,0.3203228159363076,False,10.599999999999994,0.0,False,x1xxxxxxxxxxxxxxxxxxxxxxxxxx,1.0,1.0,,5.0,152.03,True,24,0.0,0.0,False,xxxxxxxxxxxxxxxxxxxxxxxx,0.3,27,28,False,False,False,False,False,False,False,False,False,False,False,False,False,False,False,False,-1,False,unlabelled_window_x,unlabelled_window_x,False,xxxxxxx,0.3235286690798522,0.0,0.0
0.7761057262097184,0.3909820140751186,0.9847627991225146,0.0,True,xxxxxxxxxxxxxxxxxxxxxxxxxx,0.0,0.3954026831057328,False,10.599999999999994,0.0,False,xxxxxxxxxxxxxxxxxxxxxxxxxxxx,1.0,1.0,,5.0,154.69,True,24,0.0,0.0,False,xxxxxxxxxxxxxxxxxxxxxxxx,0.3,28,28,False,False,False,False,False,False,False,False,False,False,False,False,False,False,False,False,-1,False,unlabelled_window_x,unlabelled_window_x,False,xxxxxxx,0.3954390083679102,0.0,0.0
0.8096841159223387,0.6148005722479086,0.9997842988051374,0.0,False,xxxxxxxxxxxxxxxxxxxxxxxxxx,0.0,0.1491991246465069,False,10.599999999999994,0.0,False,x1x1111111111111111111111111,3.0,1.0,,5.0,153.62,True,24,1.0,1.0,False,111111111111111111111111,0.3,2,28,False,False,False,False,False,False,False,False,False,False,False,False,False,False,False,False,-1,False,unlabelled_window_x,stuck_high,False,xxxxxxx,0.1494540518630874,0.0,0.0
0.5865459007878232,0.4353612748809143,0.9810885196213028,0.0,True,xxxxxxxxxxxxxxxxxxxxxxxxxx,0.0,0.1544479510798586,False,10.599999999999994,0.0,False,xxxxxxxxxxxxxxxxxxxxxxxxxxxx,3.0,1.0,,5.0,154.6,True,24,0.0,0.0,False,xxxxxxxxxxxxxxxxxxxxxxxx,0.3,28,28,False,False,False,False,False,False,False,False,False,False,False,False,False,False,False,False,-1,False,unlabelled_window_x,unlabelled_window_x,False,xxxxxxx,0.1544834789211939,0.0,0.0
0.8238881664575096,0.322851303864054,0.9995651161971052,0.0,False,xxxxxxxxxxxxxxxxxxxxxxxxxx,0.0,0.5046818582102606,False,10.599999999999994,1.0,False,1111111111111111111111111111,10.0,1.0,,5.0,151.6,True,24,1.0,1.0,False,111111111111111111111111,0.3,0,28,False,False,False,False,False,False,False,False,False,False,False,False,False,False,False,False,-1,False,stuck_high,stuck_high,False,xxxxxxx,0.5046729081815364,0.0,0.0
0.6474652632344949,0.2398746311704285,0.9745136947774872,0.0,True,xxxxxxxxxxxxxxxxxxxxxxxxxx,0.0,0.4144261622906067,False,10.599999999999994,0.0,False,xxxxxxxxxxxxxxxxxxxxxxxxxxxx,10.0,1.0,,5.0,153.83,True,24,0.0,0.0,False,xxxxxxxxxxxxxxxxxxxxxxxx,0.3,28,28,False,False,False,False,False,False,False,False,False,False,False,False,False,False,False,False,-1,False,unlabelled_window_x,unlabelled_window_x,False,xxxxxxx,0.4143361246628579,0.0,0.0
0.976050206527118,0.0972857467685007,0.9993397696653288,0.0,False,11111111111111111111111111,1.0,0.8811610977701381,False,10.599999999999994,1.0,False,1111111111111111111111111111,30.0,1.0,,5.0,163.17,True,24,1.0,1.0,False,111111111111111111111111,0.3,0,28,False,False,False,False,False,False,False,False,False,False,False,False,False,False,False,False,-1,False,stuck_high,stuck_high,False,1111111,0.8819594008104752,0.0,1.0
0.6839558338234213,0.1810000975861528,0.9688803698388372,0.0,True,xxxxxxxxxxxxxxxxxxxxxxxxxx,0.0,0.5092706674271594,False,10.599999999999994,0.0,False,xxxxxxxxxxxxxxxxxxxxxxxxxxxx,30.0,1.0,,5.0,162.65,True,24,0.0,0.0,False,xxxxxxxxxxxxxxxxxxxxxxxx,0.3,28,28,False,False,False,False,False,False,False,False,False,False,False,False,False,False,False,False,-1,False,unlabelled_window_x,unlabelled_window_x,False,xxxxxxx,0.5092380110813766,0.0,0.0
0.98460318289195,0.5868592024542371,0.999958098090638,0.0,False,xxxxxxxxxxxxxxxxxxxxxxxxxx,0.0,0.3430017214976733,False,10.599999999999994,0.0,False,xxxxxxxxxxxxxxxxxxxxxxxxxxxx,1.0,3.0,,5.0,153.43,True,24,0.0,0.0,False,xxxxxxxxxxxxxxxxxxxxxxxx,0.3,28,28,False,False,False,False,False,False,False,False,False,False,False,False,False,False,False,False,-1,False,unlabelled_window_x,unlabelled_window_x,False,xxxxxxx,0.3430481618070633,0.0,0.0
0.8971654046152945,0.4208315353683143,0.9908493286228895,0.0,True,xxxxxxxxxxxxxxxxxxxxxxxxxx,0.0,0.4821857486724878,False,10.599999999999994,0.0,False,xxxxxxxxxxxxxxxxxxxxxxxxxxxx,1.0,3.0,,5.0,154.21,True,24,0.0,0.0,False,xxxxxxxxxxxxxxxxxxxxxxxx,0.3,28,28,False,False,False,False,False,False,False,False,False,False,False,False,False,False,False,False,-1,False,unlabelled_window_x,unlabelled_window_x,False,xxxxxxx,0.4821906236113901,0.0,0.0
0.9255292575248656,0.5347536828241931,0.999911663641498,0.0,False,xxxxxxxxxxxxxxxxxxxxxxxxxx,0.0,0.2853901967185593,False,10.599999999999994,0.0,False,x1xxxxxxxxxxxxxxxxxxxxxxxxxx,3.0,3.0,,5.0,152.87,True,24,0.0,0.0,False,xxxxxxxxxxxxxxxxxxxxxxxx,0.3,27,28,False,False,False,False,False,False,False,False,False,False,False,False,False,False,False,False,-1,False,unlabelled_window_x,unlabelled_window_x,False,xxxxxxx,0.2856153754885134,0.0,0.0
0.7868754696043379,0.4700522064173215,0.9875978796574432,0.0,True,xxxxxxxxxxxxxxxxxxxxxxxxxx,0.0,0.3253245199497314,False,10.599999999999994,0.0,False,xxxxxxxxxxxxxxxxxxxxxxxxxxxx,3.0,3.0,,5.0,154.86,True,24,0.0,0.0,False,xxxxxxxxxxxxxxxxxxxxxxxx,0.3,28,28,False,False,False,False,False,False,False,False,False,False,False,False,False,False,False,False,-1,False,unlabelled_window_x,unlabelled_window_x,False,xxxxxxx,0.3253668751760685,0.0,0.0
0.7967858899910846,0.5673865991344955,0.9997703145142528,0.0,False,xxxxxxxxxxxxxxxxxxxxxxxxxx,0.0,0.2276628861291711,False,10.599999999999994,0.0,False,x111111111111111111111111111,10.0,3.0,,5.0,155.81,True,24,1.0,1.0,False,111111111111111111111111,0.3,1,28,False,False,False,False,False,False,False,False,False,False,False,False,False,False,False,False,-1,False,unlabelled_window_x,stuck_high,False,xxxxxxx,0.2265575365128584,0.0,0.0
0.5952049844441503,0.438405016479712,0.980543416170648,0.0,True,xxxxxxxxxxxxxxxxxxxxxxxxxx,0.0,0.1606692305372651,False,10.599999999999994,0.0,False,xxxxxxxxxxxxxxxxxxxxxxxxxxxx,10.0,3.0,,5.0,155.7,True,24,0.0,0.0,False,xxxxxxxxxxxxxxxxxxxxxxxx,0.3,28,28,False,False,False,False,False,False,False,False,False,False,False,False,False,False,False,False,-1,False,unlabelled_window_x,unlabelled_window_x,False,xxxxxxx,0.160654048993496,0.0,0.0
0.8292526371833628,0.3103398545307321,0.9995366197423992,0.0,False,xxxxxxxxxxxxxxxxxxxxxxxxxx,0.0,0.5224283866467341,False,10.599999999999994,1.0,False,1111111111111111111111111111,30.0,3.0,,5.0,164.01,True,24,1.0,1.0,False,111111111111111111111111,0.3,0,28,False,False,False,False,False,False,False,False,False,False,False,False,False,False,False,False,-1,False,stuck_high,stuck_high,False,xxxxxxx,0.5225254182088035,0.0,0.0
0.6564654842732232,0.2362638668656173,0.9728937738209416,0.0,True,xxxxxxxxxxxxxxxxxxxxxxxxxx,0.0,0.4279014440469856,False,10.599999999999994,0.0,False,xxxxxxxxxxxxxxxxxxxxxxxxxxxx,30.0,3.0,,5.0,167.1,True,24,0.0,0.0,False,xxxxxxxxxxxxxxxxxxxxxxxx,0.3,28,28,False,False,False,False,False,False,False,False,False,False,False,False,False,False,False,False,-1,False,unlabelled_window_x,unlabelled_window_x,False,xxxxxxx,0.4278624599777383,0.0,0.0
0.9284948343482294,0.063250119730851,0.9998134647137884,0.0,False,11111111111111111111111111,1.0,0.8532725020348466,False,10.599999999999994,0.0,False,x111111111111111111111111111,1.0,0.1,,10.0,157.75,True,24,1.0,1.0,False,111111111111111111111111,0.3,1,28,False,False,False,False,False,False,False,False,False,False,False,False,False,False,False,False,-1,False,unlabelled_window_x,stuck_high,False,1111111,0.8542949171189506,0.0,1.0
0.7485939825009542,0.2422454220139799,0.9857270294921432,0.0,True,xxxxxxxxxxxxxxxxxxxxxxxxxx,0.0,0.5149970308260732,False,10.599999999999994,0.0,False,xxxxxxxxxxxxxxxxxxxxxxxxxxxx,1.0,0.1,,10.0,157.85,True,24,0.0,0.0,False,xxxxxxxxxxxxxxxxxxxxxxxx,0.3,28,28,False,False,False,False,False,False,False,False,False,False,False,False,False,False,False,False,-1,False,unlabelled_window_x,unlabelled_window_x,False,xxxxxxx,0.5150521842678732,0.0,0.0
0.9479381693030328,0.0506910881183927,0.9997140435784748,0.0,False,11111111111111111111111111,1.0,0.8965203066310347,False,10.599999999999994,0.0,False,x111111111111111111111111111,3.0,0.1,,10.0,157.39,True,24,1.0,1.0,False,111111111111111111111111,0.3,1,28,False,False,False,False,False,False,False,False,False,False,False,False,False,False,False,False,-1,False,unlabelled_window_x,stuck_high,False,1111111,0.8965339902173319,0.0,1.0
0.714263027266743,0.2831561646213449,0.9830316113927534,0.0,True,xxxxxxxxxxxxxxxxxxxxxxxxxx,0.0,0.2916588633961412,False,10.599999999999994,0.0,False,1xxxxxxxxxxxxxxxxxxxxxxxxxxx,3.0,0.1,,10.0,158.08,True,24,0.0,0.0,False,xxxxxxxxxxxxxxxxxxxxxxxx,0.3,27,28,False,False,False,False,False,False,False,False,False,False,False,False,False,False,False,False,-1,False,unlabelled_window_x,unlabelled_window_x,False,xxxxxxx,0.2911967932441128,0.0,0.0
0.9697679211835042,0.0464814288248745,0.9995761629942678,0.0,False,11111111111111111111111111,1.0,0.9170913311257624,False,10.599999999999994,1.0,False,1111111111111111111111111111,10.0,0.1,,10.0,155.87,True,24,1.0,1.0,False,111111111111111111111111,0.3,0,28,False,False,False,False,False,False,False,False,False,False,False,False,False,False,False,False,-1,False,stuck_high,stuck_high,False,1111111,0.9170940586363808,0.0,1.0
0.7191552726814918,0.1707973527880837,0.9790091653674396,0.0,True,xxxxxxxxxxxxxxxxxxxxxxxxxx,0.0,0.4892399140560609,False,10.599999999999994,0.0,False,1xxxxxxxxxxxxxxxxxxxxxxxxxxx,10.0,0.1,,10.0,157.94,True,24,0.0,0.0,False,xxxxxxxxxxxxxxxxxxxxxxxx,0.3,27,28,False,False,False,False,False,False,False,False,False,False,False,False,False,False,False,False,-1,False,unlabelled_window_x,unlabelled_window_x,False,xxxxxxx,0.4892554918033808,0.0,0.0
0.9718478148046912,0.0452509654834174,0.9994880335171248,0.0,False,11111111111111111111111111,1.0,0.9233701943746468,False,10.599999999999994,1.0,False,1111111111111111111111111111,30.0,0.1,,10.0,152.23,True,24,1.0,1.0,False,111111111111111111111111,0.3,0,28,False,False,False,False,False,False,False,False,False,False,False,False,False,False,False,False,-1,False,stuck_high,stuck_high,False,1111111,0.9233740459323948,0.0,1.0
0.7137884790320784,0.1473907170069504,0.976101563070948,0.0,True,xxxxxxxxxxxxxxxxxxxxxxxxxx,0.0,0.5424946737752878,False,10.599999999999994,0.0,False,1xxxxxxxxxxxxxxxxxxxxxxxxxxx,30.0,0.1,,10.0,155.31,True,24,0.0,0.0,False,xxxxxxxxxxxxxxxxxxxxxxxx,0.3,27,28,False,False,False,False,False,False,False,False,False,False,False,False,False,False,False,False,-1,False,unlabelled_window_x,unlabelled_window_x,False,xxxxxxx,0.542501577972805,0.0,0.0
0.9336009682463255,0.2312448019129501,0.999858360847652,0.0,False,xx11xxx1xx1xxxxxxxx1xx11xx,0.2692307692307692,0.4157656708393031,False,10.599999999999994,0.0,False,x11x11x1x1xx1xxxx1x1x11x11xx,1.0,0.3,,10.0,155.67,True,24,0.7,0.0,False,11x1x1xx1xxxx1x1x11x11xx,0.3,15,28,False,False,False,False,False,False,False,False,False,False,False,False,False,False,False,False,-1,False,unlabelled_window_x,unlabelled_window_x,False,xx11xxx,0.4823607653233052,0.0,0.2857142857142857
0.8211985048296631,0.2456475350969413,0.9868586531199348,0.0,True,xxxxxxxxxxxxxxxxxxxxxxxxxx,0.0,0.5873641032659003,False,10.599999999999994,0.0,False,xxxxxxxxxxxxxxxxxxxxxxxxxxxx,1.0,0.3,,10.0,156.62,True,24,0.0,0.0,False,xxxxxxxxxxxxxxxxxxxxxxxx,0.3,28,28,False,False,False,False,False,False,False,False,False,False,False,False,False,False,False,False,-1,False,unlabelled_window_x,unlabelled_window_x,False,xxxxxxx,0.5872978911942501,0.0,0.0
0.9684782395559752,0.0542195299816972,0.999766599166172,0.0,False,11111111111111111111111111,1.0,0.9158858901024732,False,10.599999999999994,0.0,False,x111111111111111111111111111,3.0,0.3,,10.0,156.79,True,24,1.0,1.0,False,111111111111111111111111,0.3,1,28,False,False,False,False,False,False,False,False,False,False,False,False,False,False,False,False,-1,False,unlabelled_window_x,stuck_high,False,1111111,0.9160350560522308,0.0,1.0
0.7025344939446231,0.3134715879472807,0.9840453658186435,0.0,True,xxxxxxxxxxxxxxxxxxxxxxxxxx,0.0,0.2662817550872476,False,10.599999999999994,0.0,False,1xxxxxxxxxxxxxxxxxxxxxxxxxxx,3.0,0.3,,10.0,157.38,True,24,0.0,0.0,False,xxxxxxxxxxxxxxxxxxxxxxxx,0.3,27,28,False,False,False,False,False,False,False,False,False,False,False,False,False,False,False,False,-1,False,unlabelled_window_x,unlabelled_window_x,False,xxxxxxx,0.2650530725990834,0.0,0.0
0.9752717202803644,0.0479625538640583,0.9996183796625332,0.0,False,11111111111111111111111111,1.0,0.9247629777888096,False,10.599999999999994,1.0,False,1111111111111111111111111111,10.0,0.3,,10.0,152.51,True,24,1.0,1.0,False,111111111111111111111111,0.3,0,28,False,False,False,False,False,False,False,False,False,False,False,False,False,False,False,False,-1,False,stuck_high,stuck_high,False,1111111,0.9249820704179356,0.0,1.0
0.714705409226847,0.1791296090812258,0.9797409156528616,0.0,True,xxxxxxxxxxxxxxxxxxxxxxxxxx,0.0,0.4806496674451764,False,10.599999999999994,0.0,False,1xxxxxxxxxxxxxxxxxxxxxxxxxxx,10.0,0.3,,10.0,157.23,True,24,0.0,0.0,False,xxxxxxxxxxxxxxxxxxxxxxxx,0.3,27,28,False,False,False,False,False,False,False,False,False,False,False,False,False,False,False,False,-1,False,unlabelled_window_x,unlabelled_window_x,False,xxxxxxx,0.4806382422936971,0.0,0.0
0.9755755847925432,0.0458229325470989,0.999510762400836,0.0,False,11111111111111111111111111,1.0,0.926236195311257,False,10.599999999999994,1.0,False,1111111111111111111111111111,30.0,0.3,,10.0,151.79,True,24,1.0,1.0,False,111111111111111111111111,0.3,0,28,False,False,False,False,False,False,False,False,False,False,False,False,False,False,False,False,-1,False,stuck_high,stuck_high,False,1111111,0.9263475389131476,0.0,1.0
0.7121236205791001,0.1504285799838532,0.9764770688534294,0.0,True,xxxxxxxxxxxxxxxxxxxxxxxxxx,0.0,0.5386517449829145,False,10.599999999999994,0.0,False,1xxxxxxxxxxxxxxxxxxxxxxxxxxx,30.0,0.3,,10.0,154.36,True,24,0.0,0.0,False,xxxxxxxxxxxxxxxxxxxxxxxx,0.3,27,28,False,False,False,False,False,False,False,False,False,False,False,False,False,False,False,False,-1,False,unlabelled_window_x,unlabelled_window_x,False,xxxxxxx,0.5386676977520117,0.0,0.0
0.9954858534398804,0.4120095190708518,0.9999301850953524,0.0,False,xxx1xxxxxxxxxxxxxxxxxxxxxx,0.0384615384615384,0.4262708575745816,False,10.599999999999994,0.0,False,x1x1x1x1x1x1x1x1x1x1x1x1x1x1,1.0,1.0,,10.0,149.15,True,24,0.5,0.0,False,x1x1x1x1x1x1x1x1x1x1x1x1,0.3,14,28,False,False,False,False,False,False,False,False,False,False,False,False,False,False,False,False,-1,False,unlabelled_window_x,unlabelled_window_x,False,xxx1xxx,0.4375267918076458,0.0,0.1428571428571428
0.8969409251572872,0.3032659569425537,0.9898042046632056,0.0,True,xxxxxxxxxxxxxxxxxxxxxxxxxx,0.0,0.6072765160138613,False,10.599999999999994,0.0,False,xxxxxxxxxxxxxxxxxxxxxxxxxxxx,1.0,1.0,,10.0,150.85,True,24,0.0,0.0,False,xxxxxxxxxxxxxxxxxxxxxxxx,0.3,28,28,False,False,False,False,False,False,False,False,False,False,False,False,False,False,False,False,-1,False,unlabelled_window_x,unlabelled_window_x,False,xxxxxxx,0.6071658946996872,0.0,0.0
0.9441598345464688,0.2217321463454209,0.999866871348958,0.0,False,xx1xxxxxx1x1xxx1xxxxx1xx1x,0.2307692307692307,0.4096339251153517,False,10.599999999999994,0.0,False,x11x1x11x1x1x1x1x1x1x1x11x1x,3.0,1.0,,10.0,150.51,True,24,1.0,0.0,False,1x11x1x1x1x1x1x1x1x11x1x,0.3,13,28,False,False,False,False,False,False,False,False,False,False,False,False,False,False,False,False,-1,False,unlabelled_window_x,unlabelled_window_x,False,xx1xxxx,0.3378109635994527,0.0,0.1428571428571428
0.7343848565168538,0.3516529458191754,0.986921987011305,0.0,True,xxxxxxxxxxxxxxxxxxxxxxxxxx,0.0,0.39956039219061,False,10.599999999999994,0.0,False,xxxxxxxxxxxxxxxxxxxxxxxxxxxx,3.0,1.0,,10.0,151.43,True,24,0.0,0.0,False,xxxxxxxxxxxxxxxxxxxxxxxx,0.3,28,28,False,False,False,False,False,False,False,False,False,False,False,False,False,False,False,False,-1,False,unlabelled_window_x,unlabelled_window_x,False,xxxxxxx,0.2065930821930157,0.0,0.0
0.92307765853756,0.2764870988009052,0.9997275836686528,0.0,False,11xxxxxxxxxxxxxxxxxxxxxxxx,0.0769230769230769,0.4956228748929644,False,10.599999999999994,0.0,False,x111111111111111111111111111,10.0,1.0,,10.0,148.92,True,24,1.0,1.0,False,111111111111111111111111,0.3,1,28,False,False,False,False,False,False,False,False,False,False,False,False,False,False,False,False,-1,False,unlabelled_window_x,stuck_high,False,11xxxxx,0.6548245761312597,0.0,0.2857142857142857
0.698183569351848,0.208622761637804,0.9819722969666684,0.0,True,xxxxxxxxxxxxxxxxxxxxxxxxxx,0.0,0.4600231483918459,False,10.599999999999994,0.0,False,1xxxxxxxxxxxxxxxxxxxxxxxxxxx,10.0,1.0,,10.0,151.09,True,24,0.0,0.0,False,xxxxxxxxxxxxxxxxxxxxxxxx,0.3,27,28,False,False,False,False,False,False,False,False,False,False,False,False,False,False,False,False,-1,False,unlabelled_window_x,unlabelled_window_x,False,xxxxxxx,0.4600195989476247,0.0,0.0
0.9798927594915332,0.0490390326662327,0.9995820783717482,0.0,False,11111111111111111111111111,1.0,0.9315888088365496,False,10.599999999999994,1.0,False,1111111111111111111111111111,30.0,1.0,,10.0,156.19,True,24,1.0,1.0,False,111111111111111111111111,0.3,0,28,False,False,False,False,False,False,False,False,False,False,False,False,False,False,False,False,-1,False,stuck_high,stuck_high,False,1111111,0.9317510665323964,0.0,1.0
0.7071812744104138,0.1607533481921483,0.9776603404611008,0.0,True,xxxxxxxxxxxxxxxxxxxxxxxxxx,0.0,0.5256406966678069,False,10.599999999999994,0.0,False,1xxxxxxxxxxxxxxxxxxxxxxxxxxx,30.0,1.0,,10.0,156.17,True,24,0.0,0.0,False,xxxxxxxxxxxxxxxxxxxxxxxx,0.3,27,28,False,False,False,False,False,False,False,False,False,False,False,False,False,False,False,False,-1,False,unlabelled_window_x,unlabelled_window_x,False,xxxxxxx,0.5256481923335073,0.0,0.0
0.9822515161642864,0.5328020111885818,0.9999752113896676,0.0,False,xxxxxxxxxxxxxxxxxxxxxxxxxx,0.0,0.320756963859582,False,10.599999999999994,0.0,False,0x1x1x1x1x111111111111111111,1.0,3.0,,10.0,150.54,True,24,0.953846153846154,0.4615384615384615,False,1x1x1x111111111111111111,0.3,5,28,False,False,False,False,False,False,False,False,False,False,False,False,False,False,False,False,-1,False,unlabelled_window_x,unlabelled_window_x,False,xxxxxxx,0.321615525211261,0.0,0.0
0.9344507430657902,0.3810427549657962,0.9940900228642644,0.0,True,xxxxxxxxxxxxxxxxxxxxxxxxxx,0.0,0.5578717740759861,False,10.599999999999994,0.0,False,xxxxxxxxxxxxxxxxxxxxxxxxxxxx,1.0,3.0,,10.0,151.61,True,24,0.0,0.0,False,xxxxxxxxxxxxxxxxxxxxxxxx,0.3,28,28,False,False,False,False,False,False,False,False,False,False,False,False,False,False,False,False,-1,False,unlabelled_window_x,unlabelled_window_x,False,xxxxxxx,0.557872927781824,0.0,0.0
0.9954694851023004,0.4533665193558214,0.9999469627594196,0.0,False,xxxxx1x1x1x1x1x1x1x1x1x1x1,0.4230769230769231,0.4248824056513922,False,10.599999999999994,0.0,False,x111x1x1x1x1x1x1x1x1x1x1x1x1,3.0,3.0,,10.0,150.01,True,24,0.5,0.0,False,x1x1x1x1x1x1x1x1x1x1x1x1,0.3,13,28,False,False,False,False,False,False,False,False,False,False,False,False,False,False,False,False,-1,False,unlabelled_window_x,unlabelled_window_x,False,xxxxx1x,0.3094525613826515,0.0,0.1428571428571428
0.893347570458927,0.3865566433448013,0.9916863050465292,0.0,True,xxxxxxxxxxxxxxxxxxxxxxxxxx,0.0,0.5189735093698347,False,10.599999999999994,0.0,False,xxxxxxxxxxxxxxxxxxxxxxxxxxxx,3.0,3.0,,10.0,152.08,True,24,0.0,0.0,False,xxxxxxxxxxxxxxxxxxxxxxxx,0.3,28,28,False,False,False,False,False,False,False,False,False,False,False,False,False,False,False,False,-1,False,unlabelled_window_x,unlabelled_window_x,False,xxxxxxx,0.5188465324768894,0.0,0.0
0.944714539133722,0.2100059167024887,0.9998595208095948,0.0,False,xx1x1xxx1xxxxx1xxxxx1xxx1x,0.2307692307692307,0.4283263929952328,False,10.599999999999994,0.0,False,x11x1x1x1x1x1x1x1x1x1x1x1x1x,10.0,3.0,,10.0,151.13,True,24,0.8,0.0,False,1x1x1x1x1x1x1x1x1x1x1x1x,0.3,14,28,False,False,False,False,False,False,False,False,False,False,False,False,False,False,False,False,-1,False,unlabelled_window_x,unlabelled_window_x,False,xx1x1xx,0.4981819063871964,0.0,0.2857142857142857
0.6846097301450914,0.3246157899922929,0.9865817858462104,0.0,True,xxxxxxxxxxxxxxxxxxxxxxxxxx,0.0,0.3627884395817142,False,10.599999999999994,0.0,False,xxxxxxxxxxxxxxxxxxxxxxxxxxxx,10.0,3.0,,10.0,151.62,True,24,0.0,0.0,False,xxxxxxxxxxxxxxxxxxxxxxxx,0.3,28,28,False,False,False,False,False,False,False,False,False,False,False,False,False,False,False,False,-1,False,unlabelled_window_x,unlabelled_window_x,False,xxxxxxx,0.3636817703626421,0.0,0.0
0.8665431745851523,0.3492986321710953,0.9997108397661174,0.0,False,xxxxxxxxxxxxxxxxxxxxxxxxxx,0.0,0.4929230324019537,False,10.599999999999994,0.8095238095238095,False,1111111111111111111111111111,30.0,3.0,,10.0,162.67,True,24,1.0,1.0,False,111111111111111111111111,0.3,0,28,False,False,False,False,False,False,False,False,False,False,False,False,False,False,False,False,-1,False,stuck_high,stuck_high,False,xxxxxxx,0.4935302332397394,0.0,0.0
0.694848793107404,0.1907756490589065,0.9808317362219158,0.0,True,xxxxxxxxxxxxxxxxxxxxxxxxxx,0.0,0.4944938209917114,False,10.599999999999994,0.0,False,1xxxxxxxxxxxxxxxxxxxxxxxxxxx,30.0,3.0,,10.0,161.55,True,24,0.0,0.0,False,xxxxxxxxxxxxxxxxxxxxxxxx,0.3,27,28,False,False,False,False,False,False,False,False,False,False,False,False,False,False,False,False,-1,False,unlabelled_window_x,unlabelled_window_x,False,xxxxxxx,0.4944962413464581,0.0,0.0
0.941866716795848,0.0580269085712213,0.9999043170431549,0.0,False,11111111111111111111111111,1.0,0.8698898368828061,False,10.599999999999994,0.0,False,0x11111111111111111111111111,1.0,0.1,,20.0,150.84,True,24,1.0,1.0,False,111111111111111111111111,0.3,1,28,False,False,False,False,False,False,False,False,False,False,False,False,False,False,False,False,-1,False,unlabelled_window_x,stuck_high,False,1111111,0.8627389527031929,0.0,1.0
0.879410053965949,0.1558015197875814,0.9904699912339576,0.0,True,xxxxxxxxxxxxxxxxxxxxxxxxxx,0.0,0.666623386673447,False,10.599999999999994,0.0,False,xxxxxxxxxxxxxxxxxxxxxxxxxxxx,1.0,0.1,,20.0,150.71,True,24,0.0,0.0,False,xxxxxxxxxxxxxxxxxxxxxxxx,0.3,28,28,False,False,False,False,False,False,False,False,False,False,False,False,False,False,False,False,-1,False,unlabelled_window_x,unlabelled_window_x,False,xxxxxxx,0.6199018841492641,0.0,0.0
0.9608920901284492,0.0473920319068744,0.999851913621709,0.0,False,11111111111111111111111111,1.0,0.9065886078395036,False,10.599999999999994,0.0,False,x111111111111111111111111111,3.0,0.1,,20.0,152.65,True,24,1.0,1.0,False,111111111111111111111111,0.3,1,28,False,False,False,False,False,False,False,False,False,False,False,False,False,False,False,False,-1,False,unlabelled_window_x,stuck_high,False,1111111,0.9069702135866704,0.0,1.0
0.7164368383709836,0.255063221686647,0.988486797050206,0.0,True,xxxxxxxxxxxxxxxxxxxxxxxxxx,0.0,0.2844089689336303,False,10.599999999999994,0.0,False,1xxxxxxxxxxxxxxxxxxxxxxxxxxx,3.0,0.1,,20.0,152.15,True,24,0.0,0.0,False,xxxxxxxxxxxxxxxxxxxxxxxx,0.3,27,28,False,False,False,False,False,False,False,False,False,False,False,False,False,False,False,False,-1,False,unlabelled_window_x,unlabelled_window_x,False,xxxxxxx,0.3995332227827492,0.0,0.0
0.9676291416500442,0.0426721785988888,0.9997799911523472,0.0,False,11111111111111111111111111,1.0,0.923250301282349,False,10.599999999999994,0.0,False,x111111111111111111111111111,10.0,0.1,,20.0,150.61,True,24,1.0,1.0,False,111111111111111111111111,0.3,1,28,False,False,False,False,False,False,False,False,False,False,False,False,False,False,False,False,-1,False,unlabelled_window_x,stuck_high,False,1111111,0.923272874152582,0.0,1.0
0.7506719502782826,0.2584942167667572,0.9855538426501362,0.0,True,xxxxxxxxxxxxxxxxxxxxxxxxxx,0.0,0.3321172909007052,False,10.599999999999994,0.0,False,1xxxxxxxxxxxxxxxxxxxxxxxxxxx,10.0,0.1,,20.0,151.22,True,24,0.0,0.0,False,xxxxxxxxxxxxxxxxxxxxxxxx,0.3,27,28,False,False,False,False,False,False,False,False,False,False,False,False,False,False,False,False,-1,False,unlabelled_window_x,unlabelled_window_x,False,xxxxxxx,0.3324399913316039,0.0,0.0
0.9715521354222166,0.0412554100433829,0.9997362579521482,0.0,False,11111111111111111111111111,1.0,0.9285430716743148,False,10.599999999999994,0.4603174603174603,False,x111111111111111111111111111,30.0,0.1,,20.0,158.95,True,24,1.0,1.0,False,111111111111111111111111,0.3,1,28,False,False,False,False,False,False,False,False,False,False,False,False,False,False,False,False,-1,False,unlabelled_window_x,stuck_high,False,1111111,0.9285575516097146,0.0,1.0
0.760132399629811,0.2153070148563782,0.98351449963076,0.0,True,xxxxxxxxxxxxxxxxxxxxxxxxxx,0.0,0.3985069076063797,False,10.599999999999994,0.0,False,1xxxxxxxxxxxxxxxxxxxxxxxxxxx,30.0,0.1,,20.0,157.51,True,24,0.0,0.0,False,xxxxxxxxxxxxxxxxxxxxxxxx,0.3,27,28,False,False,False,False,False,False,False,False,False,False,False,False,False,False,False,False,-1,False,unlabelled_window_x,unlabelled_window_x,False,xxxxxxx,0.3986590545172472,0.0,0.0
0.9690618910783656,0.05017849169673,0.9999287440186088,0.0,False,11111111111111111111111111,1.0,0.9129395865207236,False,10.599999999999994,0.0,False,0x11111111111111111111111111,1.0,0.3,,20.0,150.33,True,24,1.0,1.0,False,111111111111111111111111,0.3,1,28,False,False,False,False,False,False,False,False,False,False,False,False,False,False,False,False,-1,False,unlabelled_window_x,stuck_high,False,1111111,0.9129334275303906,0.0,1.0
0.8389409086725053,0.2299046412569971,0.9912020622871616,0.0,True,xxxxxxxxxxxxxxxxxxxxxxxxxx,0.0,0.5790287672398506,False,10.599999999999994,0.0,False,xxxxxxxxxxxxxxxxxxxxxxxxxxxx,1.0,0.3,,20.0,151.42,True,24,0.0,0.0,False,xxxxxxxxxxxxxxxxxxxxxxxx,0.3,28,28,False,False,False,False,False,False,False,False,False,False,False,False,False,False,False,False,-1,False,unlabelled_window_x,unlabelled_window_x,False,xxxxxxx,0.5327102448404873,0.0,0.0
0.9750417263190838,0.0447863500906443,0.999880729543236,0.0,False,11111111111111111111111111,1.0,0.9260300093452638,False,10.599999999999994,0.0,False,x111111111111111111111111111,3.0,0.3,,20.0,149.57,True,24,1.0,1.0,False,111111111111111111111111,0.3,1,28,False,False,False,False,False,False,False,False,False,False,False,False,False,False,False,False,-1,False,unlabelled_window_x,stuck_high,False,1111111,0.926030710566956,0.0,1.0
0.7196477188927459,0.3073421599891636,0.9892120610094034,0.0,True,xxxxxxxxxxxxxxxxxxxxxxxxxx,0.0,0.2702123206157916,False,10.599999999999994,0.0,False,1xxxxxxxxxxxxxxxxxxxxxxxxxxx,3.0,0.3,,20.0,150.59,True,24,0.0,0.0,False,xxxxxxxxxxxxxxxxxxxxxxxx,0.3,27,28,False,False,False,False,False,False,False,False,False,False,False,False,False,False,False,False,-1,False,unlabelled_window_x,unlabelled_window_x,False,xxxxxxx,0.3182702807973434,0.0,0.0
0.9715416278966248,0.0419706801907757,0.9998046220378995,0.0,False,11111111111111111111111111,1.0,0.9303729199992804,False,10.599999999999994,0.0,False,x111111111111111111111111111,10.0,0.3,,20.0,154.23,True,24,1.0,1.0,False,111111111111111111111111,0.3,1,28,False,False,False,False,False,False,False,False,False,False,False,False,False,False,False,False,-1,False,unlabelled_window_x,stuck_high,False,1111111,0.930373625741828,0.0,1.0
0.749013531313517,0.277454146005556,0.9860439711732716,0.0,True,xxxxxxxxxxxxxxxxxxxxxxxxxx,0.0,0.315879340125884,False,10.599999999999994,0.0,False,1xxxxxxxxxxxxxxxxxxxxxxxxxxx,10.0,0.3,,20.0,152.77,True,24,0.0,0.0,False,xxxxxxxxxxxxxxxxxxxxxxxx,0.3,27,28,False,False,False,False,False,False,False,False,False,False,False,False,False,False,False,False,-1,False,unlabelled_window_x,unlabelled_window_x,False,xxxxxxx,0.3160108664952439,0.0,0.0
0.9720239326734508,0.0410229748747101,0.9997492761389368,0.0,False,11111111111111111111111111,1.0,0.9311686497415824,False,10.599999999999994,0.0,False,x111111111111111111111111111,30.0,0.3,,20.0,157.12,True,24,1.0,1.0,False,111111111111111111111111,0.3,1,28,False,False,False,False,False,False,False,False,False,False,False,False,False,False,False,False,-1,False,unlabelled_window_x,stuck_high,False,1111111,0.931173886845604,0.0,1.0
0.7594823121837317,0.2217485906326889,0.9838110626319384,0.0,True,xxxxxxxxxxxxxxxxxxxxxxxxxx,0.0,0.3943619535977822,False,10.599999999999994,0.0,False,1xxxxxxxxxxxxxxxxxxxxxxxxxxx,30.0,0.3,,20.0,162.85,True,24,0.0,0.0,False,xxxxxxxxxxxxxxxxxxxxxxxx,0.3,27,28,False,False,False,False,False,False,False,False,False,False,False,False,False,False,False,False,-1,False,unlabelled_window_x,unlabelled_window_x,False,xxxxxxx,0.3944098561313319,0.0,0.0
0.993778512208571,0.3386562903946841,0.9999668665961828,0.0,False,xxxx1xxxxx1xxxxx1xxxxx1xxx,0.1538461538461538,0.5538190077417418,False,10.599999999999994,0.0,False,0xx1xx1xx1xx1xx1xx1xx1xx1xx1,1.0,1.0,,20.0,159.21,True,24,0.0,0.0,False,xx1xx1xx1xx1xx1xx1xx1xx1,0.3,18,28,False,False,False,False,False,False,False,False,False,False,False,False,False,False,False,False,-1,False,unlabelled_window_x,unlabelled_window_x,False,xxxx1xx,0.5630966168032998,0.0,0.1428571428571428
0.7795709988288883,0.3653095532686154,0.9933158259263976,0.0,True,xxxxxxxxxxxxxxxxxxxxxxxxxx,0.0,0.416820431048415,False,10.599999999999994,0.0,False,xxxxxxxxxxxxxxxxxxxxxxxxxxxx,1.0,1.0,,20.0,161.12,True,24,0.0,0.0,False,xxxxxxxxxxxxxxxxxxxxxxxx,0.3,28,28,False,False,False,False,False,False,False,False,False,False,False,False,False,False,False,False,-1,False,unlabelled_window_x,unlabelled_window_x,False,xxxxxxx,0.4281882263843137,0.0,0.0
0.981633540035426,0.0550459528565363,0.9999347346714696,0.0,False,11111111111111111111111111,1.0,0.9304382192644252,False,10.599999999999994,0.0,False,0x11111111111111111111111111,3.0,1.0,,20.0,162.69,True,24,1.0,1.0,False,111111111111111111111111,0.3,1,28,False,False,False,False,False,False,False,False,False,False,False,False,False,False,False,False,-1,False,unlabelled_window_x,stuck_high,False,1111111,0.9213087147114528,0.0,1.0
0.7123153526042413,0.3828241848913575,0.9912645840382568,0.0,True,xxxxxxxxxxxxxxxxxxxxxxxxxx,0.0,0.2783668832979137,False,10.599999999999994,0.0,False,1xxxxxxxxxxxxxxxxxxxxxxxxxxx,3.0,1.0,,20.0,161.92,True,24,0.0,0.0,False,xxxxxxxxxxxxxxxxxxxxxxxx,0.3,27,28,False,False,False,False,False,False,False,False,False,False,False,False,False,False,False,False,-1,False,unlabelled_window_x,unlabelled_window_x,False,xxxxxxx,0.2785131047786894,0.0,0.0
0.9823384535365338,0.0424813113181618,0.9998622602995456,0.0,False,11111111111111111111111111,1.0,0.941160138518304,False,10.599999999999994,0.0,False,x111111111111111111111111111,10.0,1.0,,20.0,160.39,True,24,1.0,1.0,False,111111111111111111111111,0.3,1,28,False,False,False,False,False,False,False,False,False,False,False,False,False,False,False,False,-1,False,unlabelled_window_x,stuck_high,False,1111111,0.9411609174461076,0.0,1.0
0.74905821431343,0.3402708812234709,0.9877066482739876,0.0,True,xxxxxxxxxxxxxxxxxxxxxxxxxx,0.0,0.2534039693730809,False,10.599999999999994,0.0,False,1xxxxxxxxxxxxxxxxxxxxxxxxxxx,10.0,1.0,,20.0,161.89,True,24,0.0,0.0,False,xxxxxxxxxxxxxxxxxxxxxxxx,0.3,27,28,False,False,False,False,False,False,False,False,False,False,False,False,False,False,False,False,-1,False,unlabelled_window_x,unlabelled_window_x,False,xxxxxxx,0.2534059306181861,0.0,0.0
0.9775015784972348,0.0406685506444979,0.999786410720306,0.0,False,11111111111111111111111111,1.0,0.9377628529755646,False,10.599999999999994,0.0,False,x111111111111111111111111111,30.0,1.0,,20.0,156.03,True,24,1.0,1.0,False,111111111111111111111111,0.3,1,28,False,False,False,False,False,False,False,False,False,False,False,False,False,False,False,False,-1,False,unlabelled_window_x,stuck_high,False,1111111,0.9377627647516952,0.0,1.0
0.7578876859272284,0.2439986233512356,0.984747676022286,0.0,True,xxxxxxxxxxxxxxxxxxxxxxxxxx,0.0,0.3780827898280458,False,10.599999999999994,0.0,False,1xxxxxxxxxxxxxxxxxxxxxxxxxxx,30.0,1.0,,20.0,156.57,True,24,0.0,0.0,False,xxxxxxxxxxxxxxxxxxxxxxxx,0.3,27,28,False,False,False,False,False,False,False,False,False,False,False,False,False,False,False,False,-1,False,unlabelled_window_x,unlabelled_window_x,False,xxxxxxx,0.378200555506732,0.0,0.0
0.9997073415416382,0.2518766873422711,0.9999890590730623,0.0,False,xxxxxxxxxxxxxxxxxxxxxxxxxx,0.0,0.6211013888322603,False,10.599999999999994,0.0,False,000xxxxxxxxxxxxxxxxxxxxxxxxx,1.0,3.0,,20.0,159.71,True,24,0.0,0.0,False,xxxxxxxxxxxxxxxxxxxxxxxx,0.3,25,28,False,False,False,False,False,False,False,False,False,False,False,False,False,False,False,False,-1,False,unlabelled_window_x,unlabelled_window_x,False,xxxxxxx,0.6833174806175917,0.0,0.0
0.8505632461358216,0.4806899655499937,0.9962731768652434,0.0,True,xxxxxxxxxxxxxxxxxxxxxxxxxx,0.0,0.3730728027427183,False,10.599999999999994,0.0,False,xxxxxxxxxxxxxxxxxxxxxxxxxxxx,1.0,3.0,,20.0,161.34,True,24,0.0,0.0,False,xxxxxxxxxxxxxxxxxxxxxxxx,0.3,28,28,False,False,False,False,False,False,False,False,False,False,False,False,False,False,False,False,-1,False,unlabelled_window_x,unlabelled_window_x,False,xxxxxxx,0.3732831347388078,0.0,0.0
0.9982611897992996,0.3412705573954094,0.999975500586504,0.0,False,xxxxxxx1xxx1xxx1xxx1xxx1xx,0.1923076923076923,0.489927012350703,False,10.599999999999994,0.0,False,0xx11x1xx1xxx1xxx1xxx1xxx1xx,3.0,3.0,,20.0,160.29,True,24,0.0,0.0,False,1x1xx1xxx1xxx1xxx1xxx1xx,0.3,19,28,False,False,False,False,False,False,False,False,False,False,False,False,False,False,False,False,-1,False,unlabelled_window_x,unlabelled_window_x,False,xxxxxxx,0.3923157308113588,0.0,0.0
0.7716608670525492,0.4515560245995191,0.994589915081642,0.0,True,xxxxxxxxxxxxxxxxxxxxxxxxxx,0.0,0.3225553152912008,False,10.599999999999994,0.0,False,xxxxxxxxxxxxxxxxxxxxxxxxxxxx,3.0,3.0,,20.0,161.34,True,24,0.0,0.0,False,xxxxxxxxxxxxxxxxxxxxxxxx,0.3,28,28,False,False,False,False,False,False,False,False,False,False,False,False,False,False,False,False,-1,False,unlabelled_window_x,unlabelled_window_x,False,xxxxxxx,0.3233321879487368,0.0,0.0
0.969870590985614,0.2151352465603263,0.999931670324722,0.0,False,1xx11xxxx1xx11x1xxxxx11x1x,0.3846153846153846,0.4614192993032907,False,10.599999999999994,0.0,False,x11xx11x11x1xx11x1x1x1x11x1x,10.0,3.0,,20.0,156.08,True,24,0.9923076923076924,0.0,False,x11x11x1xx11x1x1x1x11x1x,0.3,13,28,False,False,False,False,False,False,False,False,False,False,False,False,False,False,False,False,-1,False,unlabelled_window_x,unlabelled_window_x,False,1xx11xx,0.4703311281986161,0.0,0.4285714285714285
0.7306856397134289,0.4233511935285547,0.9908872269286696,0.0,True,xxxxxxxxxxxxxxxxxxxxxxxxxx,0.0,0.0953780507843345,False,10.599999999999994,0.0,False,1xxxxxxxxxxxxxxxxxxxxxxxxxxx,10.0,3.0,,20.0,160.01,True,24,0.0,0.0,False,xxxxxxxxxxxxxxxxxxxxxxxx,0.3,27,28,False,False,False,False,False,False,False,False,False,False,False,False,False,False,False,False,-1,False,unlabelled_window_x,unlabelled_window_x,False,xxxxxxx,0.0953563759508634,0.0,0.0
0.9852596069273428,0.0418304036398926,0.9998544229050188,0.0,False,11111111111111111111111111,1.0,0.9447616612726674,False,10.599999999999994,0.0,False,x111111111111111111111111111,30.0,3.0,,20.0,161.39,True,24,1.0,1.0,False,111111111111111111111111,0.3,1,28,False,False,False,False,False,False,False,False,False,False,False,False,False,False,False,False,-1,False,unlabelled_window_x,stuck_high,False,1111111,0.9447670243548332,0.0,1.0
0.7561264421001803,0.3062209725461374,0.9868438688231732,0.0,True,xxxxxxxxxxxxxxxxxxxxxxxxxx,0.0,0.321126121689216,False,10.599999999999994,0.0,False,1xxxxxxxxxxxxxxxxxxxxxxxxxxx,30.0,3.0,,20.0,155.17,True,24,0.0,0.0,False,xxxxxxxxxxxxxxxxxxxxxxxx,0.3,27,28,False,False,False,False,False,False,False,False,False,False,False,False,False,False,False,False,-1,False,unlabelled_window_x,unlabelled_window_x,False,xxxxxxx,0.3210394536438398,0.0,0.0
0.8942907061147676,0.0913660110747062,0.9995914867305952,0.0,False,xx11x111111111x1111111x111,0.8076923076923077,0.7067334122214348,False,10.599999999999994,0.0,False,0xx1111111111111111111111111,1.0,0.1,,1.0,163.13,True,24,1.0,1.0,False,111111111111111111111111,1.0,2,28,False,False,False,False,False,False,False,False,False,False,False,False,False,False,False,False,-1,False,unlabelled_window_x,stuck_high,False,xx11x11,0.7002435688197042,0.0,0.5714285714285714
0.6906883785131542,0.3147556841510653,0.9385365785321566,0.0,True,xxxxxxxxxxxxxxxxxxxxxxxxxx,0.0,0.382054606186873,False,10.599999999999994,0.0,False,xxxxxxxxxxxxxxxxxxxxxxxxxxxx,1.0,0.1,,1.0,160.77,True,24,0.0,0.0,False,xxxxxxxxxxxxxxxxxxxxxxxx,1.0,28,28,False,False,False,False,False,False,False,False,False,False,False,False,False,False,False,False,-1,False,unlabelled_window_x,unlabelled_window_x,False,xxxxxxx,0.381235610720357,0.0,0.0
0.9215998217595022,0.0574896389130114,0.9994166679399278,0.0,False,11111111111111111111111111,1.0,0.8168466707334363,False,10.599999999999994,0.0,False,x111111111111111111111111111,3.0,0.1,,1.0,163.84,True,24,1.0,1.0,False,111111111111111111111111,1.0,1,28,False,False,False,False,False,False,False,False,False,False,False,False,False,False,False,False,-1,False,unlabelled_window_x,stuck_high,False,1111111,0.7811361211662745,0.0,1.0
0.6670795250798448,0.3442272108354971,0.9332413586509344,0.0,True,xxxxxxxxxxxxxxxxxxxxxxxxxx,0.0,0.3180542074077005,False,10.599999999999994,0.0,False,xxxxxxxxxxxxxxxxxxxxxxxxxxxx,3.0,0.1,,1.0,160.27,True,24,0.0,0.0,False,xxxxxxxxxxxxxxxxxxxxxxxx,1.0,28,28,False,False,False,False,False,False,False,False,False,False,False,False,False,False,False,False,-1,False,unlabelled_window_x,unlabelled_window_x,False,xxxxxxx,0.3180358417938027,0.0,0.0
0.9428094711885664,0.0455815062768486,0.999195011117915,0.0,False,11111111111111111111111111,1.0,0.8193906094320763,False,10.599999999999994,0.0,False,x111111111111111111111111111,10.0,0.1,,1.0,160.51,True,24,1.0,1.0,False,111111111111111111111111,1.0,1,28,False,False,False,False,False,False,False,False,False,False,False,False,False,False,False,False,-1,False,unlabelled_window_x,stuck_high,False,1111111,0.8754834964648065,0.0,1.0
0.6712476617040725,0.4196289600518839,0.9258463545242958,0.0,True,xxxxxxxxxxxxxxxxxxxxxxxxxx,0.0,0.1352806309821675,False,10.599999999999994,0.0,False,xxxxxxxxxxxxxxxxxxxxxxxxxxxx,10.0,0.1,,1.0,157.09,True,24,0.0,0.0,False,xxxxxxxxxxxxxxxxxxxxxxxx,1.0,28,28,False,False,False,False,False,False,False,False,False,False,False,False,False,False,False,False,-1,False,unlabelled_window_x,unlabelled_window_x,False,xxxxxxx,0.1362311198689382,0.0,0.0
0.947889710285514,0.0427287632761423,0.9990675530580484,0.0,False,11111111111111111111111111,1.0,0.8336031594281001,False,10.599999999999994,0.0,False,x111111111111111111111111111,30.0,0.1,,1.0,163.24,True,24,1.0,1.0,False,111111111111111111111111,1.0,1,28,False,False,False,False,False,False,False,False,False,False,False,False,False,False,False,False,-1,False,unlabelled_window_x,stuck_high,False,1111111,0.8889583275173318,0.0,1.0
0.6607517397816877,0.3728956728441816,0.9208013707827828,0.0,True,xxxxxxxxxxxxxxxxxxxxxxxxxx,0.0,0.2163500755036519,False,10.599999999999994,0.0,False,xxxxxxxxxxxxxxxxxxxxxxxxxxxx,30.0,0.1,,1.0,159.02,True,24,0.0,0.0,False,xxxxxxxxxxxxxxxxxxxxxxxx,1.0,28,28,False,False,False,False,False,False,False,False,False,False,False,False,False,False,False,False,-1,False,unlabelled_window_x,unlabelled_window_x,False,xxxxxxx,0.2165834928398637,0.0,0.0
0.8525693420129308,0.3525393795880115,0.999637990429421,0.0,False,xxxxxxxxxxxxxxxxxxxxxxxxxx,0.0,0.2695482369831927,False,10.599999999999994,0.0,False,xx11111111111111111111111111,1.0,0.3,,1.0,155.06,True,24,1.0,1.0,False,111111111111111111111111,1.0,2,28,False,False,False,False,False,False,False,False,False,False,False,False,False,False,False,False,-1,False,unlabelled_window_x,stuck_high,False,xxxxxxx,0.2697999863229783,0.0,0.0
0.7094744919864296,0.3295343364673054,0.9402777580142736,0.0,True,xxxxxxxxxxxxxxxxxxxxxxxxxx,0.0,0.3872587123568944,False,10.599999999999994,0.0,False,xxxxxxxxxxxxxxxxxxxxxxxxxxxx,1.0,0.3,,1.0,162.0,True,24,0.0,0.0,False,xxxxxxxxxxxxxxxxxxxxxxxx,1.0,28,28,False,False,False,False,False,False,False,False,False,False,False,False,False,False,False,False,-1,False,unlabelled_window_x,unlabelled_window_x,False,xxxxxxx,0.3872215478030182,0.0,0.0
0.9316700597504536,0.0535042368878457,0.9994649091516624,0.0,False,11111111111111111111111111,1.0,0.8245684958133301,False,10.599999999999994,0.0,False,x111111111111111111111111111,3.0,0.3,,1.0,162.68,True,24,1.0,1.0,False,111111111111111111111111,1.0,1,28,False,False,False,False,False,False,False,False,False,False,False,False,False,False,False,False,-1,False,unlabelled_window_x,stuck_high,False,1111111,0.7725882999327132,0.0,1.0
0.6675842000549195,0.3572322335627048,0.934610669105076,0.0,True,xxxxxxxxxxxxxxxxxxxxxxxxxx,0.0,0.312915340111943,False,10.599999999999994,0.0,False,xxxxxxxxxxxxxxxxxxxxxxxxxxxx,3.0,0.3,,1.0,159.66,True,24,0.0,0.0,False,xxxxxxxxxxxxxxxxxxxxxxxx,1.0,28,28,False,False,False,False,False,False,False,False,False,False,False,False,False,False,False,False,-1,False,unlabelled_window_x,unlabelled_window_x,False,xxxxxxx,0.3128262047678084,0.0,0.0
0.94404236481695,0.0452249313812687,0.9992315335478223,0.0,False,11111111111111111111111111,1.0,0.8239854581906838,False,10.599999999999994,0.0,False,x111111111111111111111111111,10.0,0.3,,1.0,162.14,True,24,1.0,1.0,False,111111111111111111111111,1.0,1,28,False,False,False,False,False,False,False,False,False,False,False,False,False,False,False,False,-1,False,unlabelled_window_x,stuck_high,False,1111111,0.8881535612874021,0.0,1.0
0.6693872968795369,0.4293573424948538,0.926794089697679,0.0,True,xxxxxxxxxxxxxxxxxxxxxxxxxx,0.0,0.1250450976383012,False,10.599999999999994,0.0,False,xxxxxxxxxxxxxxxxxxxxxxxxxxxx,10.0,0.3,,1.0,158.62,True,24,0.0,0.0,False,xxxxxxxxxxxxxxxxxxxxxxxx,1.0,28,28,False,False,False,False,False,False,False,False,False,False,False,False,False,False,False,False,-1,False,unlabelled_window_x,unlabelled_window_x,False,xxxxxxx,0.1261062728027382,0.0,0.0
0.947788055801456,0.0428302293199089,0.9990850576993584,0.0,False,11111111111111111111111111,1.0,0.8358250615350685,False,10.599999999999994,0.0,False,x111111111111111111111111111,30.0,0.3,,1.0,162.76,True,24,1.0,1.0,False,111111111111111111111111,1.0,1,28,False,False,False,False,False,False,False,False,False,False,False,False,False,False,False,False,-1,False,unlabelled_window_x,stuck_high,False,1111111,0.8925441927933606,0.0,1.0
0.6602766685812065,0.3772142757426752,0.92125609955872,0.0,True,xxxxxxxxxxxxxxxxxxxxxxxxxx,0.0,0.2111844506781028,False,10.599999999999994,0.0,False,xxxxxxxxxxxxxxxxxxxxxxxxxxxx,30.0,0.3,,1.0,156.78,True,24,0.0,0.0,False,xxxxxxxxxxxxxxxxxxxxxxxx,1.0,28,28,False,False,False,False,False,False,False,False,False,False,False,False,False,False,False,False,-1,False,unlabelled_window_x,unlabelled_window_x,False,xxxxxxx,0.2114497195666286,0.0,0.0
0.9677073714225842,0.4321905131501821,0.9997473167365492,0.0,False,xxxxxxxxxxxxxxxxxxxxxxxxxx,0.0,0.3690400327794705,False,10.599999999999994,0.0,False,xx1x1x1x1x1x1x1x1x1x1x1x1x1x,1.0,1.0,,1.0,156.56,True,24,0.5,0.0,False,1x1x1x1x1x1x1x1x1x1x1x1x,1.0,15,28,False,False,False,False,False,False,False,False,False,False,False,False,False,False,False,False,-1,False,unlabelled_window_x,unlabelled_window_x,False,xxxxxxx,0.315692246288612,0.0,0.0
0.7407415462464023,0.3861317030412731,0.9455057880582414,0.0,True,xxxxxxxxxxxxxxxxxxxxxxxxxx,0.0,0.3632333683691039,False,10.599999999999994,0.0,False,xxxxxxxxxxxxxxxxxxxxxxxxxxxx,1.0,1.0,,1.0,159.29,True,24,0.0,0.0,False,xxxxxxxxxxxxxxxxxxxxxxxx,1.0,28,28,False,False,False,False,False,False,False,False,False,False,False,False,False,False,False,False,-1,False,unlabelled_window_x,unlabelled_window_x,False,xxxxxxx,0.3632328318735036,0.0,0.0
0.8808438187182948,0.4321841005100506,0.999591614724768,0.0,False,xxxxxxxxxxxxxxxxxxxxxxxxxx,0.0,0.2820553568935716,False,10.599999999999994,0.0,False,x1x1x1x1111111x111x1x1x1x111,3.0,1.0,,1.0,156.29,True,24,1.0,0.0,False,x1x1111111x111x1x1x1x111,1.0,9,28,False,False,False,False,False,False,False,False,False,False,False,False,False,False,False,False,-1,False,unlabelled_window_x,unlabelled_window_x,False,xxxxxxx,0.3037125645886011,0.0,0.0
0.682184955234853,0.398912273733157,0.9393996917221492,0.0,True,xxxxxxxxxxxxxxxxxxxxxxxxxx,0.0,0.2898220411032661,False,10.599999999999994,0.0,False,xxxxxxxxxxxxxxxxxxxxxxxxxxxx,3.0,1.0,,1.0,158.69,True,24,0.0,0.0,False,xxxxxxxxxxxxxxxxxxxxxxxx,1.0,28,28,False,False,False,False,False,False,False,False,False,False,False,False,False,False,False,False,-1,False,unlabelled_window_x,unlabelled_window_x,False,xxxxxxx,0.2895377912556643,0.0,0.0
0.9388341901003372,0.0483723264364748,0.9993326533829976,0.0,False,11111111111111111111111111,1.0,0.8564243244421696,False,10.599999999999994,0.0,False,x111111111111111111111111111,10.0,1.0,,1.0,161.72,True,24,1.0,1.0,False,111111111111111111111111,1.0,1,28,False,False,False,False,False,False,False,False,False,False,False,False,False,False,False,False,-1,False,unlabelled_window_x,stuck_high,False,1111111,0.8963595685784527,0.0,1.0
0.6641617307848042,0.4593345223235024,0.9298366527058356,0.0,True,xxxxxxxxxxxxxxxxxxxxxxxxxx,0.0,0.0956160153219876,False,10.599999999999994,0.0,False,xxxxxxxxxxxxxxxxxxxxxxxxxxxx,10.0,1.0,,1.0,154.17,True,24,0.0,0.0,False,xxxxxxxxxxxxxxxxxxxxxxxx,1.0,28,28,False,False,False,False,False,False,False,False,False,False,False,False,False,False,False,False,-1,False,unlabelled_window_x,unlabelled_window_x,False,xxxxxxx,0.0960816296314968,0.0,0.0
0.946293235777465,0.0434288233048147,0.9991403297223344,0.0,False,11111111111111111111111111,1.0,0.845249279977669,False,10.599999999999994,0.0,False,x111111111111111111111111111,30.0,1.0,,1.0,164.78,True,24,1.0,1.0,False,111111111111111111111111,1.0,1,28,False,False,False,False,False,False,False,False,False,False,False,False,False,False,False,False,-1,False,unlabelled_window_x,stuck_high,False,1111111,0.902124441846297,0.0,1.0
0.6588205205346123,0.3921292351791122,0.9227822137166868,0.0,True,xxxxxxxxxxxxxxxxxxxxxxxxxx,0.0,0.1933843205645493,False,10.599999999999994,0.0,False,xxxxxxxxxxxxxxxxxxxxxxxxxxxx,30.0,1.0,,1.0,158.04,True,24,0.0,0.0,False,xxxxxxxxxxxxxxxxxxxxxxxx,1.0,28,28,False,False,False,False,False,False,False,False,False,False,False,False,False,False,False,False,-1,False,unlabelled_window_x,unlabelled_window_x,False,xxxxxxx,0.1937482452766248,0.0,0.0
0.9271359167197396,0.5827617911345256,0.999874939703707,0.0,False,xxxxxxxxxxxxxxxxxxxxxxxxxx,0.0,0.2710168198337451,False,10.599999999999994,0.0,False,xx11111111111111111111111111,1.0,3.0,,1.0,156.14,True,24,1.0,1.0,False,111111111111111111111111,1.0,2,28,False,False,False,False,False,False,False,False,False,False,False,False,False,False,False,False,-1,False,unlabelled_window_x,stuck_high,False,xxxxxxx,0.2720369720493764,0.0,0.0
0.751170739672631,0.5024852532186357,0.9569288953508432,0.0,True,xxxxxxxxxxxxxxxxxxxxxxxxxx,0.0,0.2517822222762312,False,10.599999999999994,0.0,False,xxxxxxxxxxxxxxxxxxxxxxxxxxxx,1.0,3.0,,1.0,156.68,True,24,0.0,0.0,False,xxxxxxxxxxxxxxxxxxxxxxxx,1.0,28,28,False,False,False,False,False,False,False,False,False,False,False,False,False,False,False,False,-1,False,unlabelled_window_x,unlabelled_window_x,False,xxxxxxx,0.2517787871835212,0.0,0.0
0.9720158755598732,0.5071968119141446,0.9997674142440988,0.0,False,xxxxxxxxxxxxxxxxxxxxxxxxxx,0.0,0.3102704051877245,False,10.599999999999994,0.0,False,x1x1x1x1x1x1x1x1x1x1x1x1x1x1,3.0,3.0,,1.0,156.52,True,24,0.5,0.0,False,x1x1x1x1x1x1x1x1x1x1x1x1,1.0,14,28,False,False,False,False,False,False,False,False,False,False,False,False,False,False,False,False,-1,False,unlabelled_window_x,unlabelled_window_x,False,xxxxxxx,0.3075912743126429,0.0,0.0
0.7083687037339157,0.4832947634161657,0.9497166218488576,0.0,True,xxxxxxxxxxxxxxxxxxxxxxxxxx,0.0,0.2310521164477449,False,10.599999999999994,0.0,False,xxxxxxxxxxxxxxxxxxxxxxxxxxxx,3.0,3.0,,1.0,157.13,True,24,0.0,0.0,False,xxxxxxxxxxxxxxxxxxxxxxxx,1.0,28,28,False,False,False,False,False,False,False,False,False,False,False,False,False,False,False,False,-1,False,unlabelled_window_x,unlabelled_window_x,False,xxxxxxx,0.2309441093193851,0.0,0.0
0.9025606294434456,0.3767563699884805,0.999528255868017,0.0,False,11xxxxxxxxxxxxxxxxxxxxxxxx,0.0769230769230769,0.2915697280509393,False,10.599999999999994,0.0,False,x111111x1x1x1x1x1x1x1x1x1x1x,10.0,3.0,,1.0,157.1,True,24,1.0,0.0,False,111x1x1x1x1x1x1x1x1x1x1x,1.0,12,28,False,False,False,False,False,False,False,False,False,False,False,False,False,False,False,False,-1,False,unlabelled_window_x,unlabelled_window_x,False,11xxxxx,0.3077235892768495,0.0,0.2857142857142857
0.6570458722699699,0.5021421668125896,0.9374450547691888,0.0,True,xxxxxxxxxxxxxxxxxxxxxxxxxx,0.0,0.0821663814915167,False,10.599999999999994,0.0,False,xxxxxxxxxxxxxxxxxxxxxxxxxxxx,10.0,3.0,,1.0,155.64,True,24,0.0,0.0,False,xxxxxxxxxxxxxxxxxxxxxxxx,1.0,28,28,False,False,False,False,False,False,False,False,False,False,False,False,False,False,False,False,-1,False,unlabelled_window_x,unlabelled_window_x,False,xxxxxxx,0.0785442453033764,0.0,0.0
0.9382464478515052,0.0502633867636746,0.9992705059515428,0.0,False,11111111111111111111111111,1.0,0.8715148909652619,False,10.599999999999994,0.0,False,x111111111111111111111111111,30.0,3.0,,1.0,165.18,True,24,1.0,1.0,False,111111111111111111111111,1.0,1,28,False,False,False,False,False,False,False,False,False,False,False,False,False,False,False,False,-1,False,unlabelled_window_x,stuck_high,False,1111111,0.8916469788437964,0.0,1.0
0.6559768680131218,0.4323909860987773,0.926750994705014,0.0,True,xxxxxxxxxxxxxxxxxxxxxxxxxx,0.0,0.1452348406263758,False,10.599999999999994,0.0,False,xxxxxxxxxxxxxxxxxxxxxxxxxxxx,30.0,3.0,,1.0,159.77,True,24,0.0,0.0,False,xxxxxxxxxxxxxxxxxxxxxxxx,1.0,28,28,False,False,False,False,False,False,False,False,False,False,False,False,False,False,False,False,-1,False,unlabelled_window_x,unlabelled_window_x,False,xxxxxxx,0.1460187242403423,0.0,0.0
0.9452250843124028,0.0950001746076467,0.9996613772152436,0.0,False,xxx11x111111x111111x1x1x1x,0.6538461538461539,0.7263031960750062,False,10.599999999999994,0.0,False,0xxx111111111111111111111111,1.0,0.1,,2.5,153.19,True,24,1.0,1.0,False,111111111111111111111111,1.0,3,28,False,False,False,False,False,False,False,False,False,False,False,False,False,False,False,False,-1,False,unlabelled_window_x,stuck_high,False,xxx11x1,0.6593594695202633,0.0,0.4285714285714285
0.6991528500310603,0.2965895576013503,0.9477842074172268,0.0,True,xxxxxxxxxxxxxxxxxxxxxxxxxx,0.0,0.4026117787375757,False,10.599999999999994,0.0,False,xxxxxxxxxxxxxxxxxxxxxxxxxxxx,1.0,0.1,,2.5,152.99,True,24,0.0,0.0,False,xxxxxxxxxxxxxxxxxxxxxxxx,1.0,28,28,False,False,False,False,False,False,False,False,False,False,False,False,False,False,False,False,-1,False,unlabelled_window_x,unlabelled_window_x,False,xxxxxxx,0.4111336370958114,0.0,0.0
0.9261370719275136,0.0592060053308663,0.9995150216254168,0.0,False,11x111x11111x11111x111x111,0.8076923076923077,0.8133785362013576,False,10.599999999999994,0.0,False,x111111111111111111111111111,3.0,0.1,,2.5,153.67,True,24,1.0,1.0,False,111111111111111111111111,1.0,1,28,False,False,False,False,False,False,False,False,False,False,False,False,False,False,False,False,-1,False,unlabelled_window_x,stuck_high,False,11x111x,0.7534350345480579,0.0,0.7142857142857143
0.6628212488258816,0.3444611046346176,0.9430960365188182,0.0,True,xxxxxxxxxxxxxxxxxxxxxxxxxx,0.0,0.3044847164043651,False,10.599999999999994,0.0,False,xxxxxxxxxxxxxxxxxxxxxxxxxxxx,3.0,0.1,,2.5,153.45,True,24,0.0,0.0,False,xxxxxxxxxxxxxxxxxxxxxxxx,1.0,28,28,False,False,False,False,False,False,False,False,False,False,False,False,False,False,False,False,-1,False,unlabelled_window_x,unlabelled_window_x,False,xxxxxxx,0.3043809480606484,0.0,0.0
0.9459022231851828,0.0430983523501147,0.9993286553877364,0.0,False,11111111111111111111111111,1.0,0.7936754891840441,False,10.599999999999994,0.0,False,x111111111111111111111111111,10.0,0.1,,2.5,153.23,True,24,1.0,1.0,False,111111111111111111111111,1.0,1,28,False,False,False,False,False,False,False,False,False,False,False,False,False,False,False,False,-1,False,unlabelled_window_x,stuck_high,False,1111111,0.891785458590592,0.0,1.0
0.7007887560268576,0.4239048531737402,0.9363727255686094,0.0,True,xxxxxxxxxxxxxxxxxxxxxxxxxx,0.0,0.1319020531283288,False,10.599999999999994,0.0,False,1xxxxxxxxxxxxxxxxxxxxxxxxxxx,10.0,0.1,,2.5,153.03,True,24,0.0,0.0,False,xxxxxxxxxxxxxxxxxxxxxxxx,1.0,27,28,False,False,False,False,False,False,False,False,False,False,False,False,False,False,False,False,-1,False,unlabelled_window_x,unlabelled_window_x,False,xxxxxxx,0.1319289849284471,0.0,0.0
0.9514046996858166,0.0413379917062105,0.9992214089734556,0.0,False,11111111111111111111111111,1.0,0.8413895304124441,False,10.599999999999994,0.0,False,x111111111111111111111111111,30.0,0.1,,2.5,151.23,True,24,1.0,1.0,False,111111111111111111111111,1.0,1,28,False,False,False,False,False,False,False,False,False,False,False,False,False,False,False,False,-1,False,unlabelled_window_x,stuck_high,False,1111111,0.8703682158446078,0.0,1.0
0.7020308818513197,0.3853528518292445,0.9317692204485676,0.0,True,xxxxxxxxxxxxxxxxxxxxxxxxxx,0.0,0.1925091067700968,False,10.599999999999994,0.0,False,1xxxxxxxxxxxxxxxxxxxxxxxxxxx,30.0,0.1,,2.5,150.56,True,24,0.0,0.0,False,xxxxxxxxxxxxxxxxxxxxxxxx,1.0,27,28,False,False,False,False,False,False,False,False,False,False,False,False,False,False,False,False,-1,False,unlabelled_window_x,unlabelled_window_x,False,xxxxxxx,0.1923258417406441,0.0,0.0
0.9186270668397682,0.0706093208520595,0.9996998400818378,0.0,False,xxx11111111111111111111111,0.8846153846153846,0.7103011368594523,False,10.599999999999994,0.0,False,0xx1111111111111111111111111,1.0,0.3,,2.5,152.56,True,24,1.0,1.0,False,111111111111111111111111,1.0,2,28,False,False,False,False,False,False,False,False,False,False,False,False,False,False,False,False,-1,False,unlabelled_window_x,stuck_high,False,xxx1111,0.6964034655813304,0.0,0.5714285714285714
0.6842111392758675,0.3406954196374809,0.9492392978837392,0.0,True,xxxxxxxxxxxxxxxxxxxxxxxxxx,0.0,0.3460567009728502,False,10.599999999999994,0.0,False,xxxxxxxxxxxxxxxxxxxxxxxxxxxx,1.0,0.3,,2.5,152.44,True,24,0.0,0.0,False,xxxxxxxxxxxxxxxxxxxxxxxx,1.0,28,28,False,False,False,False,False,False,False,False,False,False,False,False,False,False,False,False,-1,False,unlabelled_window_x,unlabelled_window_x,False,xxxxxxx,0.3787052146899182,0.0,0.0
0.93455376923894,0.0507267993241417,0.9995546755499872,0.0,False,11111111111111111111111111,1.0,0.8118026359615079,False,10.599999999999994,0.0,False,x111111111111111111111111111,3.0,0.3,,2.5,152.63,True,24,1.0,1.0,False,111111111111111111111111,1.0,1,28,False,False,False,False,False,False,False,False,False,False,False,False,False,False,False,False,-1,False,unlabelled_window_x,stuck_high,False,1111111,0.737832089288964,0.0,1.0
0.66934813348494,0.3563116955616722,0.9443984061856844,0.0,True,xxxxxxxxxxxxxxxxxxxxxxxxxx,0.0,0.3012769871928665,False,10.599999999999994,0.0,False,xxxxxxxxxxxxxxxxxxxxxxxxxxxx,3.0,0.3,,2.5,153.71,True,24,0.0,0.0,False,xxxxxxxxxxxxxxxxxxxxxxxx,1.0,28,28,False,False,False,False,False,False,False,False,False,False,False,False,False,False,False,False,-1,False,unlabelled_window_x,unlabelled_window_x,False,xxxxxxx,0.3012686319257092,0.0,0.0
0.947611303554838,0.0426726551886089,0.9993590786697816,0.0,False,11111111111111111111111111,1.0,0.8043124565836808,False,10.599999999999994,0.0,False,x111111111111111111111111111,10.0,0.3,,2.5,150.54,True,24,1.0,1.0,False,111111111111111111111111,1.0,1,28,False,False,False,False,False,False,False,False,False,False,False,False,False,False,False,False,-1,False,unlabelled_window_x,stuck_high,False,1111111,0.9013151560949216,0.0,1.0
0.7003543111046604,0.431204931212191,0.9371549543257672,0.0,True,xxxxxxxxxxxxxxxxxxxxxxxxxx,0.0,0.1266554573291043,False,10.599999999999994,0.0,False,1xxxxxxxxxxxxxxxxxxxxxxxxxxx,10.0,0.3,,2.5,152.91,True,24,0.0,0.0,False,xxxxxxxxxxxxxxxxxxxxxxxx,1.0,27,28,False,False,False,False,False,False,False,False,False,False,False,False,False,False,False,False,-1,False,unlabelled_window_x,unlabelled_window_x,False,xxxxxxx,0.1266086229161684,0.0,0.0
0.9516574282522512,0.041372399438821,0.9992363871643934,0.0,False,11111111111111111111111111,1.0,0.8414829476556853,False,10.599999999999994,0.0,False,x111111111111111111111111111,30.0,0.3,,2.5,155.89,True,24,1.0,1.0,False,111111111111111111111111,1.0,1,28,False,False,False,False,False,False,False,False,False,False,False,False,False,False,False,False,-1,False,unlabelled_window_x,stuck_high,False,1111111,0.8764200166134368,0.0,1.0
0.7017142689088243,0.3896052414908516,0.932202293483094,0.0,True,xxxxxxxxxxxxxxxxxxxxxxxxxx,0.0,0.1875863449456201,False,10.599999999999994,0.0,False,1xxxxxxxxxxxxxxxxxxxxxxxxxxx,30.0,0.3,,2.5,155.2,True,24,0.0,0.0,False,xxxxxxxxxxxxxxxxxxxxxxxx,1.0,27,28,False,False,False,False,False,False,False,False,False,False,False,False,False,False,False,False,-1,False,unlabelled_window_x,unlabelled_window_x,False,xxxxxxx,0.187409339788665,0.0,0.0
0.9666331741889266,0.4191015044200491,0.9997912759367722,0.0,False,xxxxxxxxxxxxxxxxxxxxxxxxxx,0.0,0.3676256377238566,False,10.599999999999994,0.0,False,xx1x1x1x1x1x1x1x1x1x1x1x1x1x,1.0,1.0,,2.5,151.53,True,24,0.5,0.0,False,1x1x1x1x1x1x1x1x1x1x1x1x,1.0,15,28,False,False,False,False,False,False,False,False,False,False,False,False,False,False,False,False,-1,False,unlabelled_window_x,unlabelled_window_x,False,xxxxxxx,0.3387307918365437,0.0,0.0
0.7158807386257056,0.3946337435836841,0.9540479581906932,0.0,True,xxxxxxxxxxxxxxxxxxxxxxxxxx,0.0,0.32637243175707,False,10.599999999999994,0.0,False,xxxxxxxxxxxxxxxxxxxxxxxxxxxx,1.0,1.0,,2.5,153.2,True,24,0.0,0.0,False,xxxxxxxxxxxxxxxxxxxxxxxx,1.0,28,28,False,False,False,False,False,False,False,False,False,False,False,False,False,False,False,False,-1,False,unlabelled_window_x,unlabelled_window_x,False,xxxxxxx,0.3263019595239,0.0,0.0
0.911198667027912,0.3515752275412346,0.9996612464676432,0.0,False,xxxx1xx1xxxxxxx1xxx1xxxx1x,0.1923076923076923,0.3408234231697636,False,10.599999999999994,0.0,False,x1111x11x1111x11x111x1111x11,3.0,1.0,,2.5,153.21,True,24,1.0,0.0,False,1x11x1111x11x111x1111x11,1.0,7,28,False,False,False,False,False,False,False,False,False,False,False,False,False,False,False,False,-1,False,unlabelled_window_x,unlabelled_window_x,False,xxxx1xx,0.3057096209255383,0.0,0.1428571428571428
0.6775860823042804,0.3955780607589618,0.9484103742929538,0.0,True,xxxxxxxxxxxxxxxxxxxxxxxxxx,0.0,0.2816944578262292,False,10.599999999999994,0.0,False,xxxxxxxxxxxxxxxxxxxxxxxxxxxx,3.0,1.0,,2.5,154.15,True,24,0.0,0.0,False,xxxxxxxxxxxxxxxxxxxxxxxx,1.0,28,28,False,False,False,False,False,False,False,False,False,False,False,False,False,False,False,False,-1,False,unlabelled_window_x,unlabelled_window_x,False,xxxxxxx,0.2816931931527798,0.0,0.0
0.9463132745716492,0.0443492295005765,0.9994453565657953,0.0,False,11111111111111111111111111,1.0,0.8512694126639737,False,10.599999999999994,0.0,False,x111111111111111111111111111,10.0,1.0,,2.5,153.1,True,24,1.0,1.0,False,111111111111111111111111,1.0,1,28,False,False,False,False,False,False,False,False,False,False,False,False,False,False,False,False,-1,False,unlabelled_window_x,stuck_high,False,1111111,0.9064401168372188,0.0,1.0
0.6984076516604397,0.4523934324091239,0.94001669988148,0.0,True,xxxxxxxxxxxxxxxxxxxxxxxxxx,0.0,0.1140180006772294,False,10.599999999999994,0.0,False,xxxxxxxxxxxxxxxxxxxxxxxxxxxx,10.0,1.0,,2.5,152.88,True,24,0.0,0.0,False,xxxxxxxxxxxxxxxxxxxxxxxx,1.0,28,28,False,False,False,False,False,False,False,False,False,False,False,False,False,False,False,False,-1,False,unlabelled_window_x,unlabelled_window_x,False,xxxxxxx,0.1135805201267106,0.0,0.0
0.951644305118777,0.0412579886845244,0.9992836182246349,0.0,False,11111111111111111111111111,1.0,0.844316917924091,False,10.599999999999994,0.0,False,x111111111111111111111111111,30.0,1.0,,2.5,158.73,True,24,1.0,1.0,False,111111111111111111111111,1.0,1,28,False,False,False,False,False,False,False,False,False,False,False,False,False,False,False,False,-1,False,unlabelled_window_x,stuck_high,False,1111111,0.8931380324644335,0.0,1.0
0.7006836966582237,0.4041592536021544,0.9336896652828574,0.0,True,xxxxxxxxxxxxxxxxxxxxxxxxxx,0.0,0.1706428126067782,False,10.599999999999994,0.0,False,1xxxxxxxxxxxxxxxxxxxxxxxxxxx,30.0,1.0,,2.5,155.47,True,24,0.0,0.0,False,xxxxxxxxxxxxxxxxxxxxxxxx,1.0,27,28,False,False,False,False,False,False,False,False,False,False,False,False,False,False,False,False,-1,False,unlabelled_window_x,unlabelled_window_x,False,xxxxxxx,0.1705676256355233,0.0,0.0
0.9377875211206044,0.5764199822498781,0.999896669350446,0.0,False,xxxxxxxxxxxxxxxxxxxxxxxxxx,0.0,0.275825024689417,False,10.599999999999994,0.0,False,xx1x1x1x11111111111111111111,1.0,3.0,,2.5,152.24,True,24,1.0,0.0,False,1x1x11111111111111111111,1.0,5,28,False,False,False,False,False,False,False,False,False,False,False,False,False,False,False,False,-1,False,unlabelled_window_x,unlabelled_window_x,False,xxxxxxx,0.2827482438195584,0.0,0.0
0.7301769020347716,0.4969989464795239,0.963899501594738,0.0,True,xxxxxxxxxxxxxxxxxxxxxxxxxx,0.0,0.2104420850690036,False,10.599999999999994,0.0,False,xxxxxxxxxxxxxxxxxxxxxxxxxxxx,1.0,3.0,,2.5,153.36,True,24,0.0,0.0,False,xxxxxxxxxxxxxxxxxxxxxxxx,1.0,28,28,False,False,False,False,False,False,False,False,False,False,False,False,False,False,False,False,-1,False,unlabelled_window_x,unlabelled_window_x,False,xxxxxxx,0.2106535294641653,0.0,0.0
0.9795557245727312,0.491551351501055,0.9998073165951356,0.0,False,xxxxxxxxxxxxxxxxxxxxxxxxxx,0.0,0.3393494993255924,False,10.599999999999994,0.0,False,x11x1x1x1x1x1x1x1x1x1x1x1x1x,3.0,3.0,,2.5,152.5,True,24,0.5,0.0,False,1x1x1x1x1x1x1x1x1x1x1x1x,1.0,14,28,False,False,False,False,False,False,False,False,False,False,False,False,False,False,False,False,-1,False,unlabelled_window_x,unlabelled_window_x,False,xxxxxxx,0.3362038795731313,0.0,0.0
0.6939819288250249,0.4855318064219905,0.9576388608102856,0.0,True,xxxxxxxxxxxxxxxxxxxxxxxxxx,0.0,0.2110258888895582,False,10.599999999999994,0.0,False,xxxxxxxxxxxxxxxxxxxxxxxxxxxx,3.0,3.0,,2.5,154.35,True,24,0.0,0.0,False,xxxxxxxxxxxxxxxxxxxxxxxx,1.0,28,28,False,False,False,False,False,False,False,False,False,False,False,False,False,False,False,False,-1,False,unlabelled_window_x,unlabelled_window_x,False,xxxxxxx,0.2110214657497265,0.0,0.0
0.9092994621614704,0.3622614640785462,0.9996083799751628,0.0,False,xxxxxxxx1xx1xxxxxxxxxxxxx1,0.1153846153846153,0.2950605872909407,False,10.599999999999994,0.0,False,x11x1x111x11x11x1x111x1111x1,10.0,3.0,,2.5,153.79,True,24,1.0,0.0,False,1x111x11x11x1x111x1111x1,1.0,9,28,False,False,False,False,False,False,False,False,False,False,False,False,False,False,False,False,-1,False,unlabelled_window_x,unlabelled_window_x,False,xxxxxxx,0.2896688054290942,0.0,0.0
0.6932877592370225,0.4883547090622424,0.9466343462528845,0.0,True,xxxxxxxxxxxxxxxxxxxxxxxxxx,0.0,0.1089137958662141,False,10.599999999999994,0.0,False,xxxxxxxxxxxxxxxxxxxxxxxxxxxx,10.0,3.0,,2.5,153.84,True,24,0.0,0.0,False,xxxxxxxxxxxxxxxxxxxxxxxx,1.0,28,28,False,False,False,False,False,False,False,False,False,False,False,False,False,False,False,False,-1,False,unlabelled_window_x,unlabelled_window_x,False,xxxxxxx,0.1079472128309467,0.0,0.0
0.9454582148015556,0.0445875508798946,0.9993925556128578,0.0,False,11111111111111111111111111,1.0,0.8672995401804053,False,10.599999999999994,0.0,False,x111111111111111111111111111,30.0,3.0,,2.5,167.93,True,24,1.0,1.0,False,111111111111111111111111,1.0,1,28,False,False,False,False,False,False,False,False,False,False,False,False,False,False,False,False,-1,False,unlabelled_window_x,stuck_high,False,1111111,0.9048761444990292,0.0,1.0
0.6985689888052741,0.443129663498643,0.9374350301825832,0.0,True,xxxxxxxxxxxxxxxxxxxxxxxxxx,0.0,0.1251308436277841,False,10.599999999999994,0.0,False,xxxxxxxxxxxxxxxxxxxxxxxxxxxx,30.0,3.0,,2.5,161.58,True,24,0.0,0.0,False,xxxxxxxxxxxxxxxxxxxxxxxx,1.0,28,28,False,False,False,False,False,False,False,False,False,False,False,False,False,False,False,False,-1,False,unlabelled_window_x,unlabelled_window_x,False,xxxxxxx,0.1253138174481202,0.0,0.0
0.9934811320304532,0.2419165484647866,0.9997449318793156,0.0,False,xxxxxxxxxxxxxxxxxxxxxxxxxx,0.0,0.7506561179291614,False,10.599999999999994,0.0,False,0xxxxxxxxxxxxxxxxxxxxxxxxxxx,1.0,0.1,,5.0,151.33,True,24,0.0,0.0,False,xxxxxxxxxxxxxxxxxxxxxxxx,1.0,27,28,False,False,False,False,False,False,False,False,False,False,False,False,False,False,False,False,-1,False,unlabelled_window_x,unlabelled_window_x,False,xxxxxxx,0.7539613180352549,0.0,0.0
0.8538592699392524,0.182979592557429,0.9577408270241586,0.0,True,xxxxxxxxxxxxxxxxxxxxxxxxxx,0.0,0.5604499700068779,False,10.599999999999994,0.0,False,xxxx0x0x0x0x0x0x0x0x0x0x0x0x,1.0,0.1,,5.0,156.45,True,24,0.5,0.0,False,0x0x0x0x0x0x0x0x0x0x0x0x,1.0,16,28,False,False,False,False,False,False,False,False,False,False,False,False,False,False,False,False,-1,False,unlabelled_window_x,unlabelled_window_x,False,xxxxxxx,0.5645446571633559,0.0,0.0
0.9325931284590496,0.0525868956875132,0.9996331190454644,0.0,False,x1x111x111x111x11111x111x1,0.7307692307692307,0.8012606076019493,False,10.599999999999994,0.0,False,xx11111111111111111111111111,3.0,0.1,,5.0,156.53,True,24,1.0,1.0,False,111111111111111111111111,1.0,2,28,False,False,False,False,False,False,False,False,False,False,False,False,False,False,False,False,-1,False,unlabelled_window_x,stuck_high,False,x1x111x,0.6587033159324751,0.0,0.5714285714285714
0.7817404494880954,0.2252732907109157,0.9536273949137852,0.0,True,xxxxxxxxxxxxxxxxxxxxxxxxxx,0.0,0.5398853171159294,False,10.599999999999994,0.0,False,xxxxxxxxxxxxxxxxxxxxxxxxxxxx,3.0,0.1,,5.0,157.31,True,24,0.0,0.0,False,xxxxxxxxxxxxxxxxxxxxxxxx,1.0,28,28,False,False,False,False,False,False,False,False,False,False,False,False,False,False,False,False,-1,False,unlabelled_window_x,unlabelled_window_x,False,xxxxxxx,0.5146376609890866,0.0,0.0
0.9511345185827348,0.0405698777100784,0.9994909065992555,0.0,False,11111111111111111111111111,1.0,0.8037356518276331,False,10.599999999999994,0.0,False,x111111111111111111111111111,10.0,0.1,,5.0,153.93,True,24,1.0,1.0,False,111111111111111111111111,1.0,1,28,False,False,False,False,False,False,False,False,False,False,False,False,False,False,False,False,-1,False,unlabelled_window_x,stuck_high,False,1111111,0.908518506227631,0.0,1.0
0.6781974067214239,0.4108755721802214,0.9479636024687516,0.0,True,xxxxxxxxxxxxxxxxxxxxxxxxxx,0.0,0.1480866698094417,False,10.599999999999994,0.0,False,xxxxxxxxxxxxxxxxxxxxxxxxxxxx,10.0,0.1,,5.0,156.65,True,24,0.0,0.0,False,xxxxxxxxxxxxxxxxxxxxxxxx,1.0,28,28,False,False,False,False,False,False,False,False,False,False,False,False,False,False,False,False,-1,False,unlabelled_window_x,unlabelled_window_x,False,xxxxxxx,0.150628677545599,0.0,0.0
0.9559435156716066,0.0372578191539198,0.9994097509648688,0.0,False,11111111111111111111111111,1.0,0.8051459349206185,False,10.599999999999994,0.0,False,x111111111111111111111111111,30.0,0.1,,5.0,165.08,True,24,1.0,1.0,False,111111111111111111111111,1.0,1,28,False,False,False,False,False,False,False,False,False,False,False,False,False,False,False,False,-1,False,unlabelled_window_x,stuck_high,False,1111111,0.9097709755785168,0.0,1.0
0.702478070336941,0.4263747453576374,0.9441006555793232,0.0,True,xxxxxxxxxxxxxxxxxxxxxxxxxx,0.0,0.1208515470162898,False,10.599999999999994,0.0,False,1xxxxxxxxxxxxxxxxxxxxxxxxxxx,30.0,0.1,,5.0,162.66,True,24,0.0,0.0,False,xxxxxxxxxxxxxxxxxxxxxxxx,1.0,27,28,False,False,False,False,False,False,False,False,False,False,False,False,False,False,False,False,-1,False,unlabelled_window_x,unlabelled_window_x,False,xxxxxxx,0.1208533601955451,0.0,0.0
0.979180152146322,0.0652143240873822,0.9997745323558386,0.0,False,xxxxx111111111111111111111,0.8076923076923077,0.6939982654167871,False,10.599999999999994,0.0,False,0xxxxx1111111111111111111111,1.0,0.3,,5.0,154.41,True,24,1.0,0.0,False,xx1111111111111111111111,1.0,5,28,False,False,False,False,False,False,False,False,False,False,False,False,False,False,False,False,-1,False,unlabelled_window_x,unlabelled_window_x,False,xxxxx11,0.7013153281707557,0.0,0.2857142857142857
0.8450469585496134,0.2099430474418873,0.9590361605846036,0.0,True,xxxxxxxxxxxxxxxxxxxxxxxxxx,0.0,0.5532266315099257,False,10.599999999999994,0.0,False,xxxxxxxxx0x0x0x0x0x0x0x0x0x0,1.0,0.3,,5.0,156.89,True,24,0.0,0.0,False,xxxxx0x0x0x0x0x0x0x0x0x0,1.0,18,28,False,False,False,False,False,False,False,False,False,False,False,False,False,False,False,False,-1,False,unlabelled_window_x,unlabelled_window_x,False,xxxxxxx,0.4467817947592661,0.0,0.0
0.939466891270998,0.0476401921732568,0.9996638824573078,0.0,False,11111111111111111111111111,1.0,0.807532234535159,False,10.599999999999994,0.0,False,xx11111111111111111111111111,3.0,0.3,,5.0,154.6,True,24,1.0,1.0,False,111111111111111111111111,1.0,2,28,False,False,False,False,False,False,False,False,False,False,False,False,False,False,False,False,-1,False,unlabelled_window_x,stuck_high,False,1111111,0.6747221940183034,0.0,1.0
0.761177148313194,0.2545375682101745,0.9547929806387152,0.0,True,xxxxxxxxxxxxxxxxxxxxxxxxxx,0.0,0.5021897525919481,False,10.599999999999994,0.0,False,xxxxxxxxxxxxxxxxxxxxxxxxxxxx,3.0,0.3,,5.0,157.5,True,24,0.0,0.0,False,xxxxxxxxxxxxxxxxxxxxxxxx,1.0,28,28,False,False,False,False,False,False,False,False,False,False,False,False,False,False,False,False,-1,False,unlabelled_window_x,unlabelled_window_x,False,xxxxxxx,0.4729736208589148,0.0,0.0
0.951832726070948,0.0400060712043282,0.9995147573222772,0.0,False,11111111111111111111111111,1.0,0.8299547777059431,False,10.599999999999994,0.0,False,x111111111111111111111111111,10.0,0.3,,5.0,156.63,True,24,1.0,1.0,False,111111111111111111111111,1.0,1,28,False,False,False,False,False,False,False,False,False,False,False,False,False,False,False,False,-1,False,unlabelled_window_x,stuck_high,False,1111111,0.9019496361432644,0.0,1.0
0.6789276318072457,0.4181915016413199,0.9486637457807908,0.0,True,xxxxxxxxxxxxxxxxxxxxxxxxxx,0.0,0.1420930196525765,False,10.599999999999994,0.0,False,xxxxxxxxxxxxxxxxxxxxxxxxxxxx,10.0,0.3,,5.0,157.42,True,24,0.0,0.0,False,xxxxxxxxxxxxxxxxxxxxxxxx,1.0,28,28,False,False,False,False,False,False,False,False,False,False,False,False,False,False,False,False,-1,False,unlabelled_window_x,unlabelled_window_x,False,xxxxxxx,0.1445208179959544,0.0,0.0
0.9564970586561572,0.0372943639117763,0.9994212369283992,0.0,False,11111111111111111111111111,1.0,0.8074141322394939,False,10.599999999999994,0.0,False,x111111111111111111111111111,30.0,0.3,,5.0,169.03,True,24,1.0,1.0,False,111111111111111111111111,1.0,1,28,False,False,False,False,False,False,False,False,False,False,False,False,False,False,False,False,-1,False,unlabelled_window_x,stuck_high,False,1111111,0.9136011541677234,0.0,1.0
0.7022600838456805,0.4296866723200458,0.9444333861560078,0.0,True,xxxxxxxxxxxxxxxxxxxxxxxxxx,0.0,0.117765104462563,False,10.599999999999994,0.0,False,1xxxxxxxxxxxxxxxxxxxxxxxxxxx,30.0,0.3,,5.0,167.7,True,24,0.0,0.0,False,xxxxxxxxxxxxxxxxxxxxxxxx,1.0,27,28,False,False,False,False,False,False,False,False,False,False,False,False,False,False,False,False,-1,False,unlabelled_window_x,unlabelled_window_x,False,xxxxxxx,0.1177681653099453,0.0,0.0
0.9600136127865532,0.3787002321751356,0.9998440104449824,0.0,False,xxxxxxxxxxxxxxxxxxxxxxxxxx,0.0,0.3340792859292155,False,10.599999999999994,0.0,False,xxx1x1x1x1x1x1x1x1x1x1x1x1x1,1.0,1.0,,5.0,164.34,True,24,0.5,0.0,False,x1x1x1x1x1x1x1x1x1x1x1x1,1.0,15,28,False,False,False,False,False,False,False,False,False,False,False,False,False,False,False,False,-1,False,unlabelled_window_x,unlabelled_window_x,False,xxxxxxx,0.3327204122994638,0.0,0.0
0.8156102388961536,0.2953321095000114,0.963139631493049,0.0,True,xxxxxxxxxxxxxxxxxxxxxxxxxx,0.0,0.4937612106899568,False,10.599999999999994,0.0,False,xxxxxxxxxxxxxxxxxxxxxxxxxxxx,1.0,1.0,,5.0,162.82,True,24,0.0,0.0,False,xxxxxxxxxxxxxxxxxxxxxxxx,1.0,28,28,False,False,False,False,False,False,False,False,False,False,False,False,False,False,False,False,-1,False,unlabelled_window_x,unlabelled_window_x,False,xxxxxxx,0.4688267530451979,0.0,0.0
0.944082174531856,0.0543653174855699,0.9997454887855884,0.0,False,11111111111111111111111111,1.0,0.8629951111513795,False,10.599999999999994,0.0,False,xx11111111111111111111111111,3.0,1.0,,5.0,170.04,True,24,1.0,1.0,False,111111111111111111111111,1.0,2,28,False,False,False,False,False,False,False,False,False,False,False,False,False,False,False,False,-1,False,unlabelled_window_x,stuck_high,False,1111111,0.8509284761596065,0.0,1.0
0.6806698952002405,0.3888902913771175,0.958312406479066,0.0,True,xxxxxxxxxxxxxxxxxxxxxxxxxx,0.0,0.2575527947339666,False,10.599999999999994,0.0,False,xxxxxxxxxxxxxxxxxxxxxxxxxxxx,3.0,1.0,,5.0,165.86,True,24,0.0,0.0,False,xxxxxxxxxxxxxxxxxxxxxxxx,1.0,28,28,False,False,False,False,False,False,False,False,False,False,False,False,False,False,False,False,-1,False,unlabelled_window_x,unlabelled_window_x,False,xxxxxxx,0.371578488760874,0.0,0.0
0.9547450925671646,0.0400385892896509,0.9995807849521812,0.0,False,11111111111111111111111111,1.0,0.8693604763585268,False,10.599999999999994,0.0,False,x111111111111111111111111111,10.0,1.0,,5.0,163.02,True,24,1.0,1.0,False,111111111111111111111111,1.0,1,28,False,False,False,False,False,False,False,False,False,False,False,False,False,False,False,False,-1,False,unlabelled_window_x,stuck_high,False,1111111,0.8206708927911904,0.0,1.0
0.6804463527673237,0.4375263549980901,0.9509843136859628,0.0,True,xxxxxxxxxxxxxxxxxxxxxxxxxx,0.0,0.1234043006957872,False,10.599999999999994,0.0,False,xxxxxxxxxxxxxxxxxxxxxxxxxxxx,10.0,1.0,,5.0,165.38,True,24,0.0,0.0,False,xxxxxxxxxxxxxxxxxxxxxxxx,1.0,28,28,False,False,False,False,False,False,False,False,False,False,False,False,False,False,False,False,-1,False,unlabelled_window_x,unlabelled_window_x,False,xxxxxxx,0.1256531530351629,0.0,0.0
0.9576511785402988,0.0374483407301214,0.9994574011317168,0.0,False,11111111111111111111111111,1.0,0.8227714854614104,False,10.599999999999994,0.0,False,x111111111111111111111111111,30.0,1.0,,5.0,168.39,True,24,1.0,1.0,False,111111111111111111111111,1.0,1,28,False,False,False,False,False,False,False,False,False,False,False,False,False,False,False,False,-1,False,unlabelled_window_x,stuck_high,False,1111111,0.9226328608231862,0.0,1.0
0.7015128482633481,0.4408306966880136,0.9455488707674276,0.0,True,xxxxxxxxxxxxxxxxxxxxxxxxxx,0.0,0.1074079904276912,False,10.599999999999994,0.0,False,1xxxxxxxxxxxxxxxxxxxxxxxxxxx,30.0,1.0,,5.0,171.17,True,24,0.0,0.0,False,xxxxxxxxxxxxxxxxxxxxxxxx,1.0,27,28,False,False,False,False,False,False,False,False,False,False,False,False,False,False,False,False,-1,False,unlabelled_window_x,unlabelled_window_x,False,xxxxxxx,0.1074184735772394,0.0,0.0
0.9254990655323172,0.5881303543323485,0.9999231888701364,0.0,False,xxxxxxxxxxxxxxxxxxxxxxxxxx,0.0,0.3107642418584172,False,10.599999999999994,0.0,False,xx11111111111111111111111111,1.0,3.0,,5.0,161.93,True,24,1.0,1.0,False,111111111111111111111111,1.0,2,28,False,False,False,False,False,False,False,False,False,False,False,False,False,False,False,False,-1,False,unlabelled_window_x,stuck_high,False,xxxxxxx,0.3112686634456219,0.0,0.0
0.7294459591059356,0.5096740600491054,0.9714396285156482,0.0,True,xxxxxxxxxxxxxxxxxxxxxxxxxx,0.0,0.2045793924745279,False,10.599999999999994,0.0,False,xxxxxxxxxxxxxxxxxxxxxxxxxxxx,1.0,3.0,,5.0,171.07,True,24,0.0,0.0,False,xxxxxxxxxxxxxxxxxxxxxxxx,1.0,28,28,False,False,False,False,False,False,False,False,False,False,False,False,False,False,False,False,-1,False,unlabelled_window_x,unlabelled_window_x,False,xxxxxxx,0.1884919200373004,0.0,0.0
0.979512121940785,0.4566544246895447,0.9998561109815812,0.0,False,xxxxxxxxxxxxxxxxxxxxxxxxxx,0.0,0.2789329882061533,False,10.599999999999994,0.0,False,xx1x111x1x1x1x1x1x111x1x111x,3.0,3.0,,5.0,162.4,True,24,1.0,0.0,False,111x1x1x1x1x1x111x1x111x,1.0,12,28,False,False,False,False,False,False,False,False,False,False,False,False,False,False,False,False,-1,False,unlabelled_window_x,unlabelled_window_x,False,xxxxxxx,0.2441849738599728,0.0,0.0
0.6711201617329806,0.4637795912783697,0.9661101420388384,0.0,True,xxxxxxxxxxxxxxxxxxxxxxxxxx,0.0,0.1338874735494133,False,10.599999999999994,0.0,False,xxxxxxxxxxxxxxxxxxxxxxxxxxxx,3.0,3.0,,5.0,171.04,True,24,0.0,0.0,False,xxxxxxxxxxxxxxxxxxxxxxxx,1.0,28,28,False,False,False,False,False,False,False,False,False,False,False,False,False,False,False,False,-1,False,unlabelled_window_x,unlabelled_window_x,False,xxxxxxx,0.2205135307373258,0.0,0.0
0.9486659782023918,0.0501922533457597,0.9997054407093824,0.0,False,xxxxx111111111111111111111,0.8076923076923077,0.8850385732452715,False,10.599999999999994,0.0,False,x11111x111111111111111111111,10.0,3.0,,5.0,172.64,True,24,1.0,0.0,False,11x111111111111111111111,1.0,2,28,False,False,False,False,False,False,False,False,False,False,False,False,False,False,False,False,-1,False,unlabelled_window_x,unlabelled_window_x,False,xxxxx11,0.2343196640173142,0.0,0.2857142857142857
0.6782266232479648,0.4616790135230816,0.9567760544444572,0.0,True,xxxxxxxxxxxxxxxxxxxxxxxxxx,0.0,0.0856249412656345,False,10.599999999999994,0.0,False,xxxxxxxxxxxxxxxxxxxxxxxxxxxx,10.0,3.0,,5.0,171.3,True,24,0.0,0.0,False,xxxxxxxxxxxxxxxxxxxxxxxx,1.0,28,28,False,False,False,False,False,False,False,False,False,False,False,False,False,False,False,False,-1,False,unlabelled_window_x,unlabelled_window_x,False,xxxxxxx,0.0892806703461696,0.0,0.0
0.9543465158285168,0.0400905312904079,0.9995411669972858,0.0,False,11111111111111111111111111,1.0,0.8687618938449453,False,10.599999999999994,0.0,False,x111111111111111111111111111,30.0,3.0,,5.0,156.19,True,24,1.0,1.0,False,111111111111111111111111,1.0,1,28,False,False,False,False,False,False,False,False,False,False,False,False,False,False,False,False,-1,False,unlabelled_window_x,stuck_high,False,1111111,0.9055373147326812,0.0,1.0
0.6990044202206502,0.4642155114416249,0.9488555801219356,0.0,True,xxxxxxxxxxxxxxxxxxxxxxxxxx,0.0,0.0813285594542977,False,10.599999999999994,0.0,False,xxxxxxxxxxxxxxxxxxxxxxxxxxxx,30.0,3.0,,5.0,164.25,True,24,0.0,0.0,False,xxxxxxxxxxxxxxxxxxxxxxxx,1.0,28,28,False,False,False,False,False,False,False,False,False,False,False,False,False,False,False,False,-1,False,unlabelled_window_x,unlabelled_window_x,False,xxxxxxx,0.0813412330085015,0.0,0.0
0.999297845017618,0.1683684112270656,0.9998408208316306,0.0,False,00000000000000000000000000,1.0,0.8311152446510433,False,10.599999999999994,1.0,False,0000000000000000000000000000,1.0,0.1,,10.0,164.21,True,24,1.0,1.0,False,000000000000000000000000,1.0,0,28,False,False,False,False,False,False,False,False,False,False,False,False,False,False,False,False,-1,False,stuck_low,stuck_low,False,0000000,0.831050302737945,0.0,1.0
0.8569315074814449,0.1639242637556356,0.9675609434584872,0.0,True,xxxxxxxxxxxxxxxxxxxxxxxxxx,0.0,0.5759392802674084,False,10.599999999999994,0.0,False,0xxx0x0x0x0x0x0x0x0x0x0x0x0x,1.0,0.1,,10.0,166.84,True,24,0.5,0.0,False,0x0x0x0x0x0x0x0x0x0x0x0x,1.0,15,28,False,False,False,False,False,False,False,False,False,False,False,False,False,False,False,False,-1,False,unlabelled_window_x,unlabelled_window_x,False,xxxxxxx,0.6529701008648313,0.0,0.0
0.9707952202260078,0.0483737201661612,0.9997699343750384,0.0,False,xxxx111x111x1x1x111x111x11,0.6153846153846154,0.7361760893127607,False,10.599999999999994,0.0,False,xxxxx11111111111111111111111,3.0,0.1,,10.0,158.89,True,24,1.0,0.0,False,x11111111111111111111111,1.0,5,28,False,False,False,False,False,False,False,False,False,False,False,False,False,False,False,False,-1,False,unlabelled_window_x,unlabelled_window_x,False,xxxx111,0.7503396757869975,0.0,0.4285714285714285
0.8707523806246251,0.1513716990030123,0.9642318820986224,0.0,True,xxxxxxxxxxxxxxxxxxxxxxxxxx,0.0,0.6440227356779005,False,10.599999999999994,0.0,False,x101010101010101010101010101,3.0,0.1,,10.0,162.17,True,24,1.0,1.0,True,010101010101010101010101,1.0,1,28,False,True,True,True,True,True,True,True,True,True,True,True,True,True,True,True,1,True,unlabelled_window_x,,False,xxxxxxx,0.7060519774530345,0.0,0.0
0.9543161761204064,0.0342250607786844,0.9996820983647852,0.0,False,11x1x1x1x1x1x1x1x1x1x1x1x1,0.5384615384615384,0.8378363483598077,False,10.599999999999994,0.0,False,xx11111111111111111111111111,10.0,0.1,,10.0,166.18,True,24,1.0,1.0,False,111111111111111111111111,1.0,2,28,False,False,False,False,False,False,False,False,False,False,False,False,False,False,False,False,-1,False,unlabelled_window_x,stuck_high,False,11x1x1x,0.7703053377900968,0.0,0.5714285714285714
0.826703320321476,0.1312077252801387,0.9595287337528516,0.0,True,xxxxxxxxxxxxxxxxxxxxxxxxxx,0.0,0.6551568520445726,False,10.599999999999994,0.0,False,xxxxx10101010101010101010101,10.0,0.1,,10.0,164.3,True,24,1.0,0.0,False,x10101010101010101010101,1.0,5,28,False,False,False,False,False,True,True,True,True,True,True,True,True,False,False,True,5,True,unlabelled_window_x,unlabelled_window_x,False,xxxxxxx,0.6521561722250803,0.0,0.0
0.9615625569515236,0.0330162082367247,0.9996305650171528,0.0,False,11111x11111111111111111111,0.9615384615384616,0.8327962727386398,False,10.599999999999994,0.0,False,x111111111111111111111111111,30.0,0.1,,10.0,152.59,True,24,1.0,1.0,False,111111111111111111111111,1.0,1,28,False,False,False,False,False,False,False,False,False,False,False,False,False,False,False,False,-1,False,unlabelled_window_x,stuck_high,False,11111x1,0.8793903395522139,0.0,0.8571428571428571
0.7902175794339894,0.1409212499412122,0.9565235388120018,0.0,True,xxxxxxxxxxxxxxxxxxxxxxxxxx,0.0,0.6050298623968506,False,10.599999999999994,0.0,False,xxxxxx1x1x1x1x1x1x1x1x1x1x1x,30.0,0.1,,10.0,153.6,True,24,0.0,0.0,False,xx1x1x1x1x1x1x1x1x1x1x1x,1.0,17,28,False,False,False,False,False,False,False,False,False,False,False,False,False,False,False,False,-1,False,unlabelled_window_x,unlabelled_window_x,False,xxxxxxx,0.5699580998032934,0.0,0.0
0.9993218206157948,0.1872690719556363,0.9998607471594508,0.0,False,x0000000000000000000000000,0.9615384615384616,0.8122728685583056,False,10.599999999999994,1.0,False,0000000000000000000000000000,1.0,0.3,,10.0,164.34,True,24,1.0,1.0,False,000000000000000000000000,1.0,0,28,False,False,False,False,False,False,False,False,False,False,False,False,False,False,False,False,-1,False,stuck_low,stuck_low,False,x000000,0.8118961730593399,0.0,0.8571428571428571
0.8782778842429139,0.1731117752719446,0.9687169461441274,0.0,True,xxxxxxxxxxxxxxxxxxxxxxxxxx,0.0,0.5887276952229403,False,10.599999999999994,0.0,False,xx0x0x0x0x0x0x0x0x0x0x0x0x0x,1.0,0.3,,10.0,158.52,True,24,0.5,0.0,False,0x0x0x0x0x0x0x0x0x0x0x0x,1.0,15,28,False,False,False,False,False,False,False,False,False,False,False,False,False,False,False,False,-1,False,unlabelled_window_x,unlabelled_window_x,False,xxxxxxx,0.6654451605902458,0.0,0.0
0.9693854732556496,0.0423871551599413,0.9997909497096532,0.0,False,xxxx1x111x111x111x111x111x,0.6153846153846154,0.7097689008721655,False,10.599999999999994,0.0,False,xxxxx11111111111111111111111,3.0,0.3,,10.0,165.44,True,24,1.0,0.0,False,x11111111111111111111111,1.0,5,28,False,False,False,False,False,False,False,False,False,False,False,False,False,False,False,False,-1,False,unlabelled_window_x,unlabelled_window_x,False,xxxx1x1,0.7263628327075209,0.0,0.2857142857142857
0.8759204142190241,0.1594888289222641,0.9651435424288428,0.0,True,xxxxxxxxxxxxxxxxxxxxxxxxxx,0.0,0.6402247602076421,False,10.599999999999994,0.0,False,x101010101010101010101010101,3.0,0.3,,10.0,158.42,True,24,1.0,1.0,True,010101010101010101010101,1.0,1,28,False,True,True,True,True,True,True,True,True,True,True,True,True,True,True,True,1,True,unlabelled_window_x,,False,xxxxxxx,0.697659523240351,0.0,0.0
0.9571547149521638,0.0340455018925813,0.9996966026639242,0.0,False,11x111x111x111111111111111,0.8846153846153846,0.83228248398766,False,10.599999999999994,0.0,False,xx11111111111111111111111111,10.0,0.3,,10.0,151.76,True,24,1.0,1.0,False,111111111111111111111111,1.0,2,28,False,False,False,False,False,False,False,False,False,False,False,False,False,False,False,False,-1,False,unlabelled_window_x,stuck_high,False,11x111x,0.7423100269358696,0.0,0.7142857142857143
0.8295964776065021,0.1352508580228789,0.9601582474600608,0.0,True,xxxxxxxxxxxxxxxxxxxxxxxxxx,0.0,0.6513047888935881,False,10.599999999999994,0.0,False,xxxxx10101010101010101010101,10.0,0.3,,10.0,157.59,True,24,1.0,0.0,False,x10101010101010101010101,1.0,5,28,False,False,False,False,False,True,True,True,True,True,True,True,True,False,False,True,5,True,unlabelled_window_x,unlabelled_window_x,False,xxxxxxx,0.6481294624555848,0.0,0.0
0.9623711804303844,0.0334433038002648,0.9996374480879222,0.0,False,11111111111111111111111111,1.0,0.8396297976264486,False,10.599999999999994,0.0,False,x111111111111111111111111111,30.0,0.3,,10.0,151.39,True,24,1.0,1.0,False,111111111111111111111111,1.0,1,28,False,False,False,False,False,False,False,False,False,False,False,False,False,False,False,False,-1,False,unlabelled_window_x,stuck_high,False,1111111,0.873925701418897,0.0,1.0
0.7916502088533451,0.1424659654952437,0.956820175259446,0.0,True,xxxxxxxxxxxxxxxxxxxxxxxxxx,0.0,0.6057288997167576,False,10.599999999999994,0.0,False,xxxxxx1x1x1x1x1x1x1x1x1x1x1x,30.0,0.3,,10.0,152.66,True,24,0.0,0.0,False,xx1x1x1x1x1x1x1x1x1x1x1x,1.0,17,28,False,False,False,False,False,False,False,False,False,False,False,False,False,False,False,False,-1,False,unlabelled_window_x,unlabelled_window_x,False,xxxxxxx,0.5687173568439888,0.0,0.0
0.999514484732727,0.20044131305579,0.999905580702456,0.0,False,xxxxxxxxxxxxxxxxxxxxxxxxxx,0.0,0.7993073686435599,False,10.599999999999994,0.0,False,xx00000000000000000000000000,1.0,1.0,,10.0,150.41,True,24,1.0,1.0,False,000000000000000000000000,1.0,2,28,False,False,False,False,False,False,False,False,False,False,False,False,False,False,False,False,-1,False,unlabelled_window_x,stuck_low,False,xxxxxxx,0.7961187270803104,0.0,0.0
0.9009560649336766,0.2164648687057216,0.972062337499051,0.0,True,xxxxxxxxxxxxxxxxxxxxxxxxxx,0.0,0.5923761014643714,False,10.599999999999994,0.0,False,x101010101010101010101010101,1.0,1.0,,10.0,151.17,True,24,1.0,1.0,True,010101010101010101010101,1.0,1,28,False,True,True,True,True,True,True,True,True,True,True,True,True,True,True,True,1,True,unlabelled_window_x,,False,xxxxxxx,0.6723597144098894,0.0,0.0
0.9754700523551656,0.0445962159387396,0.9998427942021167,0.0,False,xxxx1111111111111111111111,0.8461538461538461,0.8050254806047353,False,10.599999999999994,0.0,False,xxxxx11111111111111111111111,3.0,1.0,,10.0,152.29,True,24,1.0,0.0,False,x11111111111111111111111,1.0,5,28,False,False,False,False,False,False,False,False,False,False,False,False,False,False,False,False,-1,False,unlabelled_window_x,unlabelled_window_x,False,xxxx111,0.7051602497367391,0.0,0.4285714285714285
0.8857414644877684,0.1881802341382727,0.9681589091564086,0.0,True,xxxxxxxxxxxxxxxxxxxxxxxxxx,0.0,0.6141800511753889,False,10.599999999999994,0.0,False,x101010101010101010101010101,3.0,1.0,,10.0,152.37,True,24,1.0,1.0,True,010101010101010101010101,1.0,1,28,False,True,True,True,True,True,True,True,True,True,True,True,True,True,True,True,1,True,unlabelled_window_x,,False,xxxxxxx,0.6585935278577091,0.0,0.0
0.9634305966428888,0.0345079609295957,0.9997401604010082,0.0,False,11111111111111111111111111,1.0,0.8371424186742216,False,10.599999999999994,0.0,False,xx11111111111111111111111111,10.0,1.0,,10.0,151.12,True,24,1.0,1.0,False,111111111111111111111111,1.0,2,28,False,False,False,False,False,False,False,False,False,False,False,False,False,False,False,False,-1,False,unlabelled_window_x,stuck_high,False,1111111,0.747318450045322,0.0,1.0
0.8383798722540433,0.1494773115696358,0.9621600493632172,0.0,True,xxxxxxxxxxxxxxxxxxxxxxxxxx,0.0,0.6376343947997549,False,10.599999999999994,0.0,False,xxxxx10101010101010101010101,10.0,1.0,,10.0,151.29,True,24,1.0,0.0,False,x10101010101010101010101,1.0,5,28,False,False,False,False,False,True,True,True,True,True,True,True,True,False,False,True,5,True,unlabelled_window_x,unlabelled_window_x,False,xxxxxxx,0.6368570050810639,0.0,0.0
0.9641944643844984,0.0355641698171642,0.9996606034242828,0.0,False,11111111111111111111111111,1.0,0.8544424642087944,False,10.599999999999994,0.0,False,x111111111111111111111111111,30.0,1.0,,10.0,152.78,True,24,1.0,1.0,False,111111111111111111111111,1.0,1,28,False,False,False,False,False,False,False,False,False,False,False,False,False,False,False,False,-1,False,unlabelled_window_x,stuck_high,False,1111111,0.8571664821560246,0.0,1.0
0.7964146407351657,0.1472457418205183,0.9578128208618362,0.0,True,xxxxxxxxxxxxxxxxxxxxxxxxxx,0.0,0.6078662476945509,False,10.599999999999994,0.0,False,xxxxxx1x1x1x1x1x1x1x1x1x1x1x,30.0,1.0,,10.0,153.79,True,24,0.0,0.0,False,xx1x1x1x1x1x1x1x1x1x1x1x,1.0,17,28,False,False,False,False,False,False,False,False,False,False,False,False,False,False,False,False,-1,False,unlabelled_window_x,unlabelled_window_x,False,xxxxxxx,0.5614690717193913,0.0,0.0
0.999741586579824,0.2276032576759884,0.9999541641025604,0.0,False,xxxxxxxxxxxxxxxxxxxxxxxxxx,0.0,0.7721816233247352,False,10.599999999999994,0.0,False,xxx0000000000000000000000000,1.0,3.0,,10.0,149.43,True,24,1.0,1.0,False,000000000000000000000000,1.0,3,28,False,False,False,False,False,False,False,False,False,False,False,False,False,False,False,False,-1,False,unlabelled_window_x,stuck_low,False,xxxxxxx,0.7721785934493712,0.0,0.0
0.8928790956797961,0.3368999793001766,0.978877933734631,0.0,True,xxxxxxxxxxxxxxxxxxxxxxxxxx,0.0,0.4753757525380975,False,10.599999999999994,0.0,False,xxxxxxxxxxxxxxxxxxxxxxxxxxxx,1.0,3.0,,10.0,151.83,True,24,0.0,0.0,False,xxxxxxxxxxxxxxxxxxxxxxxx,1.0,28,28,False,False,False,False,False,False,False,False,False,False,False,False,False,False,False,False,-1,False,unlabelled_window_x,unlabelled_window_x,False,xxxxxxx,0.5542841016526967,0.0,0.0
0.993660944263339,0.3827691261726036,0.9999131284679758,0.0,False,xxxxxxxxxxxxxxxxxxxxxxxxxx,0.0,0.4436164453446788,False,10.599999999999994,0.0,False,xxxxxxxxxxxxxxx1111111111111,3.0,3.0,,10.0,150.11,True,24,1.0,0.0,False,xxxxxxxxxxx1111111111111,1.0,15,28,False,False,False,False,False,False,False,False,False,False,False,False,False,False,False,False,-1,False,unlabelled_window_x,unlabelled_window_x,False,xxxxxxx,0.6322918081150942,0.0,0.0
0.8924490720165275,0.2706981016222793,0.9744784288791888,0.0,True,xxxxxxxxxxxxxxxxxxxxxxxxxx,0.0,0.5385983035452389,False,10.599999999999994,0.0,False,x1x1010101010101010101010101,3.0,3.0,,10.0,152.47,True,24,1.0,1.0,True,010101010101010101010101,1.0,2,28,False,False,False,True,True,True,True,True,True,True,True,True,True,False,True,True,3,True,unlabelled_window_x,,False,xxxxxxx,0.5980989912701841,0.0,0.0
0.950966181349802,0.0438959235553984,0.9998188421083084,0.0,False,x1111111111111111111111111,0.9615384615384616,0.8879862612802769,False,10.599999999999994,0.0,False,xx11111111111111111111111111,10.0,3.0,,10.0,151.34,True,24,1.0,1.0,False,111111111111111111111111,1.0,2,28,False,False,False,False,False,False,False,False,False,False,False,False,False,False,False,False,-1,False,unlabelled_window_x,stuck_high,False,x111111,0.8860525952531235,0.0,0.8571428571428571
0.8565752821245081,0.1893050633297092,0.9668711196174868,0.0,True,xxxxxxxxxxxxxxxxxxxxxxxxxx,0.0,0.596521753070339,False,10.599999999999994,0.0,False,xxx1010101010101010101010101,10.0,3.0,,10.0,150.49,True,24,1.0,1.0,True,010101010101010101010101,1.0,3,28,False,False,False,True,True,True,True,True,True,True,True,True,True,False,True,True,3,True,unlabelled_window_x,,False,xxxxxxx,0.5964739260746155,0.0,0.0
0.965951772654246,0.0337057705272165,0.999714176916598,0.0,False,11111111111111111111111111,1.0,0.8649852717554718,False,10.599999999999994,0.0,False,xx11111111111111111111111111,30.0,3.0,,10.0,155.47,True,24,1.0,1.0,False,111111111111111111111111,1.0,2,28,False,False,False,False,False,False,False,False,False,False,False,False,False,False,False,False,-1,False,unlabelled_window_x,stuck_high,False,1111111,0.8127852105971441,0.0,1.0
0.8081615019290369,0.1651546388329777,0.9603084587039682,0.0,True,xxxxxxxxxxxxxxxxxxxxxxxxxx,0.0,0.6101468714638802,False,10.599999999999994,0.0,False,xxxxxx1x1x1x1x1x1x1x1x1x1x1x,30.0,3.0,,10.0,157.87,True,24,0.0,0.0,False,xx1x1x1x1x1x1x1x1x1x1x1x,1.0,17,28,False,False,False,False,False,False,False,False,False,False,False,False,False,False,False,False,-1,False,unlabelled_window_x,unlabelled_window_x,False,xxxxxxx,0.483100664544106,0.0,0.0
0.99952305990594,0.1019953944386721,0.9999196848787492,0.0,False,00000000000000000000000000,1.0,0.8975700734102177,False,10.599999999999994,0.0,False,x000000000000000000000000000,1.0,0.1,,20.0,152.92,True,24,1.0,1.0,False,000000000000000000000000,1.0,1,28,False,False,False,False,False,False,False,False,False,False,False,False,False,False,False,False,-1,False,unlabelled_window_x,stuck_low,False,0000000,0.8975700386167319,0.0,1.0
0.7036542522959137,0.1190825034893758,0.974006414442305,0.0,True,xxxxxxxxxxxxxxxxxxxxxxxxxx,0.0,0.3529181480440009,False,10.599999999999994,0.0,False,0xxxxxxxxxxxxxxxxxxxxxxxxxxx,1.0,0.1,,20.0,153.97,True,24,0.0,0.0,False,xxxxxxxxxxxxxxxxxxxxxxxx,1.0,27,28,False,False,False,False,False,False,False,False,False,False,False,False,False,False,False,False,-1,False,unlabelled_window_x,unlabelled_window_x,False,xxxxxxx,0.3551269633498339,0.0,0.0
0.9991360734587916,0.1826227341654749,0.999883192448126,0.0,False,xxxxxxxxxxxxxxxxxxxxxxxxxx,0.0,0.8173496248448933,False,10.599999999999994,0.0,False,x000000000000000000000000000,3.0,0.1,,20.0,152.36,True,24,1.0,1.0,False,000000000000000000000000,1.0,1,28,False,False,False,False,False,False,False,False,False,False,False,False,False,False,False,False,-1,False,unlabelled_window_x,stuck_low,False,xxxxxxx,0.8173421234990516,0.0,0.0
0.7499820328424481,0.1855844131442172,0.9711530510129972,0.0,True,xxxxxxxxxxxxxxxxxxxxxxxxxx,0.0,0.346776607903607,False,10.599999999999994,0.0,False,0xxxxxxxxxxxxxxxxxxxxxxxxxxx,3.0,0.1,,20.0,154.78,True,24,0.0,0.0,False,xxxxxxxxxxxxxxxxxxxxxxxx,1.0,27,28,False,False,False,False,False,False,False,False,False,False,False,False,False,False,False,False,-1,False,unlabelled_window_x,unlabelled_window_x,False,xxxxxxx,0.3427914827471976,0.0,0.0
0.9834509284389198,0.0394272204113689,0.9998390990658158,0.0,False,xxxxxxxx11111111x1x1x1x1x1,0.5,0.7693833192622894,False,10.599999999999994,0.0,False,xxxxxxxxxx111111111111111111,10.0,0.1,,20.0,152.21,True,24,1.0,0.0,False,xxxxxx111111111111111111,1.0,10,28,False,False,False,False,False,False,False,False,False,False,False,False,False,False,False,False,-1,False,unlabelled_window_x,unlabelled_window_x,False,xxxxxxx,0.7589059814147987,0.0,0.0
0.7747386222271703,0.220907169333142,0.9673917700252452,0.0,True,xxxxxxxxxxxxxxxxxxxxxxxxxx,0.0,0.3990227927725668,False,10.599999999999994,0.0,False,0xxxxxxxxxxxxxxxxxxxxxxxxxxx,10.0,0.1,,20.0,153.7,True,24,0.0,0.0,False,xxxxxxxxxxxxxxxxxxxxxxxx,1.0,27,28,False,False,False,False,False,False,False,False,False,False,False,False,False,False,False,False,-1,False,unlabelled_window_x,unlabelled_window_x,False,xxxxxxx,0.3931761968766412,0.0,0.0
0.9634567675543309,0.0281375714682226,0.999813795870444,0.0,False,xx111x1x1x1x1x1x1x1x1x1x1x,0.5,0.722437633681595,False,10.599999999999994,0.0,False,xxx1111111111111111111111111,30.0,0.1,,20.0,151.87,True,24,1.0,1.0,False,111111111111111111111111,1.0,3,28,False,False,False,False,False,False,False,False,False,False,False,False,False,False,False,False,-1,False,unlabelled_window_x,stuck_high,False,xx111x1,0.7316844180859872,0.0,0.5714285714285714
0.7829736272112517,0.198077676937303,0.9650340332690578,0.0,True,xxxxxxxxxxxxxxxxxxxxxxxxxx,0.0,0.4505001787478094,False,10.599999999999994,0.0,False,xxxxxxxxxxxxxxxxxxxxxxxxxxxx,30.0,0.1,,20.0,154.46,True,24,0.0,0.0,False,xxxxxxxxxxxxxxxxxxxxxxxx,1.0,28,28,False,False,False,False,False,False,False,False,False,False,False,False,False,False,False,False,-1,False,unlabelled_window_x,unlabelled_window_x,False,xxxxxxx,0.423564444816133,0.0,0.0
0.9995864916826936,0.1081245581314506,0.9999306449843638,0.0,False,00000000000000000000000000,1.0,0.8914886118888092,False,10.599999999999994,0.0,False,x000000000000000000000000000,1.0,0.3,,20.0,151.98,True,24,1.0,1.0,False,000000000000000000000000,1.0,1,28,False,False,False,False,False,False,False,False,False,False,False,False,False,False,False,False,-1,False,unlabelled_window_x,stuck_low,False,0000000,0.8914890121214634,0.0,1.0
0.6688656590203157,0.1261990232805807,0.9749560809741324,0.0,True,xxxxxxxxxxxxxxxxxxxxxxxxxx,0.0,0.2608119760663418,False,10.599999999999994,0.0,False,0xxxxxxxxxxxxxxxxxxxxxxxxxxx,1.0,0.3,,20.0,153.22,True,24,0.0,0.0,False,xxxxxxxxxxxxxxxxxxxxxxxx,1.0,27,28,False,False,False,False,False,False,False,False,False,False,False,False,False,False,False,False,-1,False,unlabelled_window_x,unlabelled_window_x,False,xxxxxxx,0.2620336133562673,0.0,0.0
0.9992531406392446,0.1828828192274466,0.9998947053998306,0.0,False,xxxxxxxxxxxxxxxxxxxxxxxxxx,0.0,0.8170398414467339,False,10.599999999999994,0.0,False,x000000000000000000000000000,3.0,0.3,,20.0,150.59,True,24,1.0,1.0,False,000000000000000000000000,1.0,1,28,False,False,False,False,False,False,False,False,False,False,False,False,False,False,False,False,-1,False,unlabelled_window_x,stuck_low,False,xxxxxxx,0.817016223539148,0.0,0.0
0.7339663283252874,0.1884914245896892,0.9719145184771228,0.0,True,xxxxxxxxxxxxxxxxxxxxxxxxxx,0.0,0.3110618295169303,False,10.599999999999994,0.0,False,0xxxxxxxxxxxxxxxxxxxxxxxxxxx,3.0,0.3,,20.0,153.09,True,24,0.0,0.0,False,xxxxxxxxxxxxxxxxxxxxxxxx,1.0,27,28,False,False,False,False,False,False,False,False,False,False,False,False,False,False,False,False,-1,False,unlabelled_window_x,unlabelled_window_x,False,xxxxxxx,0.3080252932239612,0.0,0.0
0.98952541618985,0.0439316803355549,0.9998468638647005,0.0,False,xxxxxxxxxxxxxxxx1x1x1x1x1x,0.1923076923076923,0.7583672828931358,False,10.599999999999994,0.0,False,xxxxxxxxxxxxxxxxx11111111111,10.0,0.3,,20.0,152.16,True,24,0.0,0.0,False,xxxxxxxxxxxxx11111111111,1.0,17,28,False,False,False,False,False,False,False,False,False,False,False,False,False,False,False,False,-1,False,unlabelled_window_x,unlabelled_window_x,False,xxxxxxx,0.7659086922887864,0.0,0.0
0.7713043217133211,0.2325032679987521,0.9678950133792896,0.0,True,xxxxxxxxxxxxxxxxxxxxxxxxxx,0.0,0.3868894389409002,False,10.599999999999994,0.0,False,0xxxxxxxxxxxxxxxxxxxxxxxxxxx,10.0,0.3,,20.0,154.54,True,24,0.0,0.0,False,xxxxxxxxxxxxxxxxxxxxxxxx,1.0,27,28,False,False,False,False,False,False,False,False,False,False,False,False,False,False,False,False,-1,False,unlabelled_window_x,unlabelled_window_x,False,xxxxxxx,0.3775057080262852,0.0,0.0
0.9641644953247072,0.0290639449066616,0.999817413056768,0.0,False,xx11111x1x1x1x1x1x1x1x1x1x,0.5384615384615384,0.7556340165218673,False,10.599999999999994,0.0,False,xxx1111111111111111111111111,30.0,0.3,,20.0,150.56,True,24,1.0,1.0,False,111111111111111111111111,1.0,3,28,False,False,False,False,False,False,False,False,False,False,False,False,False,False,False,False,-1,False,unlabelled_window_x,stuck_high,False,xx11111,0.7770295480769791,0.0,0.7142857142857143
0.7823942336032355,0.2021303509414643,0.9652664937400424,0.0,True,xxxxxxxxxxxxxxxxxxxxxxxxxx,0.0,0.4456242348434264,False,10.599999999999994,0.0,False,xxxxxxxxxxxxxxxxxxxxxxxxxxxx,30.0,0.3,,20.0,154.15,True,24,0.0,0.0,False,xxxxxxxxxxxxxxxxxxxxxxxx,1.0,28,28,False,False,False,False,False,False,False,False,False,False,False,False,False,False,False,False,-1,False,unlabelled_window_x,unlabelled_window_x,False,xxxxxxx,0.4194089902679834,0.0,0.0
0.9997156967051724,0.1385106512068903,0.9999547217968972,0.0,False,00000000000000000000000000,1.0,0.8611044460889484,False,10.599999999999994,0.0,False,x000000000000000000000000000,1.0,1.0,,20.0,152.38,True,24,1.0,1.0,False,000000000000000000000000,1.0,1,28,False,False,False,False,False,False,False,False,False,False,False,False,False,False,False,False,-1,False,unlabelled_window_x,stuck_low,False,0000000,0.8611055609388276,0.0,1.0
0.6823988403201827,0.1391233291414209,0.9778122401006776,0.0,True,xxxxxxxxxxxxxxxxxxxxxxxxxx,0.0,0.1453095337798536,False,10.599999999999994,0.0,False,0xxxxxxxxxxxxxxxxxxxxxxxxxxx,1.0,1.0,,20.0,152.69,True,24,0.0,0.0,False,xxxxxxxxxxxxxxxxxxxxxxxx,1.0,27,28,False,False,False,False,False,False,False,False,False,False,False,False,False,False,False,False,-1,False,unlabelled_window_x,unlabelled_window_x,False,xxxxxxx,0.1674587388233394,0.0,0.0
0.9995011861298352,0.1761401966234508,0.9999231612918508,0.0,False,00000000000000000000000000,1.0,0.8236287300094661,False,10.599999999999994,0.0,False,x000000000000000000000000000,3.0,1.0,,20.0,153.03,True,24,1.0,1.0,False,000000000000000000000000,1.0,1,28,False,False,False,False,False,False,False,False,False,False,False,False,False,False,False,False,-1,False,unlabelled_window_x,stuck_low,False,0000000,0.8236279638630309,0.0,1.0
0.6419591923779513,0.1926597796858346,0.9744493229734636,0.0,True,xxxxxxxxxxxxxxxxxxxxxxxxxx,0.0,0.151093478600521,False,10.599999999999994,0.0,False,0xxxxxxxxxxxxxxxxxxxxxxxxxxx,3.0,1.0,,20.0,153.22,True,24,0.0,0.0,False,xxxxxxxxxxxxxxxxxxxxxxxx,1.0,27,28,False,False,False,False,False,False,False,False,False,False,False,False,False,False,False,False,-1,False,unlabelled_window_x,unlabelled_window_x,False,xxxxxxx,0.1629424510735993,0.0,0.0
0.997644019110578,0.2362371746916655,0.9998704372085512,0.0,False,xxxxxxxxxxxxxxxxxxxxxxxxxx,0.0,0.7635047668609689,False,10.599999999999994,0.0,False,xxxxxxxxxxxxxxxxxxxxxxxxxxxx,10.0,1.0,,20.0,149.35,True,24,0.0,0.0,False,xxxxxxxxxxxxxxxxxxxxxxxx,1.0,28,28,False,False,False,False,False,False,False,False,False,False,False,False,False,False,False,False,-1,False,unlabelled_window_x,unlabelled_window_x,False,xxxxxxx,0.7635349406384723,0.0,0.0
0.7574352898217591,0.2600372919277623,0.9694992633695656,0.0,True,xxxxxxxxxxxxxxxxxxxxxxxxxx,0.0,0.3431925709536473,False,10.599999999999994,0.0,False,0xxxxxxxxxxxxxxxxxxxxxxxxxxx,10.0,1.0,,20.0,152.79,True,24,0.0,0.0,False,xxxxxxxxxxxxxxxxxxxxxxxx,1.0,27,28,False,False,False,False,False,False,False,False,False,False,False,False,False,False,False,False,-1,False,unlabelled_window_x,unlabelled_window_x,False,xxxxxxx,0.2871168022646098,0.0,0.0
0.9665741151700123,0.0278739855987946,0.999830345910768,0.0,False,xxx111x1x1x1x1x1x1x1x1x1x1,0.5,0.7301919243712114,False,10.599999999999994,0.0,False,xxxx111111111111111111111111,30.0,1.0,,20.0,154.87,True,24,1.0,1.0,False,111111111111111111111111,1.0,4,28,False,False,False,False,False,False,False,False,False,False,False,False,False,False,False,False,-1,False,unlabelled_window_x,stuck_high,False,xxx111x,0.7245702977883212,0.0,0.4285714285714285
0.7794656861035835,0.2163178093783788,0.9660461458614398,0.0,True,xxxxxxxxxxxxxxxxxxxxxxxxxx,0.0,0.4284737928847364,False,10.599999999999994,0.0,False,xxxxxxxxxxxxxxxxxxxxxxxxxxxx,30.0,1.0,,20.0,153.85,True,24,0.0,0.0,False,xxxxxxxxxxxxxxxxxxxxxxxx,1.0,28,28,False,False,False,False,False,False,False,False,False,False,False,False,False,False,False,False,-1,False,unlabelled_window_x,unlabelled_window_x,False,xxxxxxx,0.4043376461228216,0.0,0.0
0.999798776683757,0.2175556886889855,0.999979264588676,0.0,False,0xxxxxxxxxxxxxxxxxxxxxxxxx,0.0384615384615384,0.7484527746930912,False,10.599999999999994,0.0,False,1x0x000000000000000000000000,1.0,3.0,,20.0,150.64,True,24,1.0,1.0,False,000000000000000000000000,1.0,2,28,False,False,False,False,False,False,False,False,False,False,False,False,False,False,False,False,-1,False,unlabelled_window_x,stuck_low,False,0xxxxxx,0.7537202326737319,0.0,0.1428571428571428
0.8739612023276079,0.1811901017287547,0.9833836812043454,0.0,True,xxxxxxxxxxxxxxxxxxxxxxxxxx,0.0,0.562782633829674,False,10.599999999999994,0.0,False,0xxxxxxxxxxxxxxxxxxxxxxxxxxx,1.0,3.0,,20.0,152.63,True,24,0.0,0.0,False,xxxxxxxxxxxxxxxxxxxxxxxx,1.0,27,28,False,False,False,False,False,False,False,False,False,False,False,False,False,False,False,False,-1,False,unlabelled_window_x,unlabelled_window_x,False,xxxxxxx,0.5633330172805133,0.0,0.0
0.9997147826518304,0.1940692938192347,0.999959269820174,0.0,False,00000000000000000000000000,1.0,0.8051674477925426,False,10.599999999999994,0.0,False,xx00000000000000000000000000,3.0,3.0,,20.0,151.15,True,24,1.0,1.0,False,000000000000000000000000,1.0,2,28,False,False,False,False,False,False,False,False,False,False,False,False,False,False,False,False,-1,False,unlabelled_window_x,stuck_low,False,0000000,0.8051692551173919,0.0,1.0
0.6840122088784315,0.1931346517878819,0.9796689794696808,0.0,True,xxxxxxxxxxxxxxxxxxxxxxxxxx,0.0,0.2276467036654276,False,10.599999999999994,0.0,False,0xxxxxxxxxxxxxxxxxxxxxxxxxxx,3.0,3.0,,20.0,153.56,True,24,0.0,0.0,False,xxxxxxxxxxxxxxxxxxxxxxxx,1.0,27,28,False,False,False,False,False,False,False,False,False,False,False,False,False,False,False,False,-1,False,unlabelled_window_x,unlabelled_window_x,False,xxxxxxx,0.2276326654242864,0.0,0.0
0.9992239236864456,0.2321877710420042,0.999912062372346,0.0,False,xxxxxxxxxxxxxxxxxxxxxxxxxx,0.0,0.7679075972879422,False,10.599999999999994,0.0,False,xx00000000000000000000000000,10.0,3.0,,20.0,148.67,True,24,1.0,1.0,False,000000000000000000000000,1.0,2,28,False,False,False,False,False,False,False,False,False,False,False,False,False,False,False,False,-1,False,unlabelled_window_x,stuck_low,False,xxxxxxx,0.767769327267622,0.0,0.0
0.6927321306803255,0.2493589716057618,0.9733479226458432,0.0,True,xxxxxxxxxxxxxxxxxxxxxxxxxx,0.0,0.2109599953665156,False,10.599999999999994,0.0,False,0xxxxxxxxxxxxxxxxxxxxxxxxxxx,10.0,3.0,,20.0,152.18,True,24,0.0,0.0,False,xxxxxxxxxxxxxxxxxxxxxxxx,1.0,27,28,False,False,False,False,False,False,False,False,False,False,False,False,False,False,False,False,-1,False,unlabelled_window_x,unlabelled_window_x,False,xxxxxxx,0.1205935791874012,0.0,0.0
0.9851893899254808,0.0354616086915637,0.9998587827910952,0.0,False,xxxxxxxxxx1111111111111111,0.6153846153846154,0.7478522987305268,False,10.599999999999994,0.0,False,xxxxxxxxxxx11111111111111111,30.0,3.0,,20.0,156.71,True,24,1.0,0.0,False,xxxxxxx11111111111111111,1.0,11,28,False,False,False,False,False,False,False,False,False,False,False,False,False,False,False,False,-1,False,unlabelled_window_x,unlabelled_window_x,False,xxxxxxx,0.7306329782704664,0.0,0.0
0.7680218810330683,0.2582469284571856,0.9680205450669772,0.0,True,xxxxxxxxxxxxxxxxxxxxxxxxxx,0.0,0.3770839159509865,False,10.599999999999994,0.0,False,0xxxxxxxxxxxxxxxxxxxxxxxxxxx,30.0,3.0,,20.0,155.75,True,24,0.0,0.0,False,xxxxxxxxxxxxxxxxxxxxxxxx,1.0,27,28,False,False,False,False,False,False,False,False,False,False,False,False,False,False,False,False,-1,False,unlabelled_window_x,unlabelled_window_x,False,xxxxxxx,0.3566923959590806,0.0,0.0
0.991592961477598,0.2010616833145476,0.9977193275585629,0.0,False,xx0xxxxxxxxxxxxxxxxxxxxxxx,0.0384615384615384,0.7349284486418278,False,10.599999999999994,0.0,False,11xx0x0000000000000000000000,1.0,0.1,,1.0,160.72,True,24,1.0,0.0,False,0x0000000000000000000000,3.0,3,28,False,False,False,False,False,False,False,False,False,False,False,False,False,False,False,False,-1,False,unlabelled_window_x,unlabelled_window_x,False,xx0xxxx,0.7182769728400473,0.0,0.1428571428571428
0.6985413817092961,0.2143806150052359,0.8214184868506018,0.0,True,xxxxxxxxxxxxxxxxxxxxxxxxxx,0.0,0.3500473166357442,False,10.599999999999994,0.0,False,0xxxxxxxxxxxxxxxxxxxxxxxxxxx,1.0,0.1,,1.0,160.9,True,24,0.0,0.0,False,xxxxxxxxxxxxxxxxxxxxxxxx,3.0,27,28,False,False,False,False,False,False,False,False,False,False,False,False,False,False,False,False,-1,False,unlabelled_window_x,unlabelled_window_x,False,xxxxxxx,0.3543184162067345,0.0,0.0
0.8347004410599859,0.1878990674645812,0.9972207035395086,0.0,False,11111111111x1x1x1x1x1x1x1x,0.6923076923076923,0.591284999149879,False,10.599999999999994,1.0,False,1111111111111111111111111111,3.0,0.1,,1.0,162.09,True,24,1.0,1.0,False,111111111111111111111111,3.0,0,28,False,False,False,False,False,False,False,False,False,False,False,False,False,False,False,False,-1,False,stuck_high,stuck_high,False,1111111,0.593437988350606,0.0,1.0
0.6126379354500658,0.2585232233694629,0.8155527311234093,0.0,True,xxxxxxxxxxxxxxxxxxxxxxxxxx,0.0,0.1361558207330249,False,10.599999999999994,0.0,False,0xxxxxxxxxxxxxxxxxxxxxxxxxxx,3.0,0.1,,1.0,159.31,True,24,0.0,0.0,False,xxxxxxxxxxxxxxxxxxxxxxxx,3.0,27,28,False,False,False,False,False,False,False,False,False,False,False,False,False,False,False,False,-1,False,unlabelled_window_x,unlabelled_window_x,False,xxxxxxx,0.1666417368411216,0.0,0.0
0.8691943188462514,0.0977205093584508,0.9966779763087388,0.0,False,11x11x11xx1x11x111xx1x11xx,0.5769230769230769,0.549455026271609,False,10.599999999999994,1.0,False,1111111111111111111111111111,10.0,0.1,,1.0,160.61,True,24,1.0,1.0,False,111111111111111111111111,3.0,0,28,False,False,False,False,False,False,False,False,False,False,False,False,False,False,False,False,-1,False,stuck_high,stuck_high,False,11x11x1,0.5505623973480906,0.0,0.7142857142857143
0.5547063900632591,0.3176997822278716,0.8082615095986819,0.0,True,xxxxxxxxxxxxxxxxxxxxxxxxxx,0.0,0.0330455847793078,False,10.599999999999994,0.0,False,xxxxxxxxxxxxxxxxxxxxxxxxxxxx,10.0,0.1,,1.0,157.13,True,24,0.0,0.0,False,xxxxxxxxxxxxxxxxxxxxxxxx,3.0,28,28,False,False,False,False,False,False,False,False,False,False,False,False,False,False,False,False,-1,False,unlabelled_window_x,unlabelled_window_x,False,xxxxxxx,0.0351913484088476,0.0,0.0
0.8771815237277414,0.0869340993907199,0.996393344702732,0.0,False,11x11x1xx1xx1x11x11xx1xx11,0.5384615384615384,0.5706440858332817,False,10.599999999999994,1.0,False,1111111111111111111111111111,30.0,0.1,,1.0,160.89,True,24,1.0,1.0,False,111111111111111111111111,3.0,0,28,False,False,False,False,False,False,False,False,False,False,False,False,False,False,False,False,-1,False,stuck_high,stuck_high,False,11x11x1,0.6412358452055462,0.0,0.7142857142857143
0.5477078890432225,0.3491120898195672,0.8039566099791641,0.0,True,xxxxxxxxxxxxxxxxxxxxxxxxxx,0.0,0.0305305100366676,False,10.599999999999994,0.0,False,xxxxxxxxxxxxxxxxxxxxxxxxxxxx,30.0,0.1,,1.0,159.32,True,24,0.0,0.0,False,xxxxxxxxxxxxxxxxxxxxxxxx,3.0,28,28,False,False,False,False,False,False,False,False,False,False,False,False,False,False,False,False,-1,False,unlabelled_window_x,unlabelled_window_x,False,xxxxxxx,0.0304083240332122,0.0,0.0
0.9911859030934096,0.2297257266660148,0.9978238818866942,0.0,False,xxxxxxxxxxxxxxxxxxxxxxxxxx,0.0,0.7138603913912834,False,10.599999999999994,0.0,False,11xx0x0000000000000000000000,1.0,0.3,,1.0,161.13,True,24,1.0,0.0,False,0x0000000000000000000000,3.0,3,28,False,False,False,False,False,False,False,False,False,False,False,False,False,False,False,False,-1,False,unlabelled_window_x,unlabelled_window_x,False,xxxxxxx,0.7015608268672988,0.0,0.0
0.6948685330981672,0.2341127204003649,0.8228282183347063,0.0,True,xxxxxxxxxxxxxxxxxxxxxxxxxx,0.0,0.3252169432924843,False,10.599999999999994,0.0,False,0xxxxxxxxxxxxxxxxxxxxxxxxxxx,1.0,0.3,,1.0,161.92,True,24,0.0,0.0,False,xxxxxxxxxxxxxxxxxxxxxxxx,3.0,27,28,False,False,False,False,False,False,False,False,False,False,False,False,False,False,False,False,-1,False,unlabelled_window_x,unlabelled_window_x,False,xxxxxxx,0.3296877062473436,0.0,0.0
0.8427099522583124,0.1709009962660051,0.9973127900303856,0.0,False,111x111x1x1x111x111x111x1x,0.6923076923076923,0.5937513286329319,False,10.599999999999994,1.0,False,1111111111111111111111111111,3.0,0.3,,1.0,161.1,True,24,1.0,1.0,False,111111111111111111111111,3.0,0,28,False,False,False,False,False,False,False,False,False,False,False,False,False,False,False,False,-1,False,stuck_high,stuck_high,False,111x111,0.653985199201999,0.0,0.8571428571428571
0.6157435414120769,0.2681952959710945,0.8166737624377383,0.0,True,xxxxxxxxxxxxxxxxxxxxxxxxxx,0.0,0.1372611413048906,False,10.599999999999994,0.0,False,0xxxxxxxxxxxxxxxxxxxxxxxxxxx,3.0,0.3,,1.0,157.14,True,24,0.0,0.0,False,xxxxxxxxxxxxxxxxxxxxxxxx,3.0,27,28,False,False,False,False,False,False,False,False,False,False,False,False,False,False,False,False,-1,False,unlabelled_window_x,unlabelled_window_x,False,xxxxxxx,0.1632469219159392,0.0,0.0
0.8708500761648135,0.1033997471885947,0.9967321201084172,0.0,False,11x111x11xx1xx11x1x111xx1x,0.5769230769230769,0.5519323979272884,False,10.599999999999994,1.0,False,1111111111111111111111111111,10.0,0.3,,1.0,161.66,True,24,1.0,1.0,False,111111111111111111111111,3.0,0,28,False,False,False,False,False,False,False,False,False,False,False,False,False,False,False,False,-1,False,stuck_high,stuck_high,False,11x111x,0.5841268904774897,0.0,0.7142857142857143
0.5571366422333326,0.3201469256375753,0.8089096661226682,0.0,True,xxxxxxxxxxxxxxxxxxxxxxxxxx,0.0,0.0317181944483931,False,10.599999999999994,0.0,False,xxxxxxxxxxxxxxxxxxxxxxxxxxxx,10.0,0.3,,1.0,157.29,True,24,0.0,0.0,False,xxxxxxxxxxxxxxxxxxxxxxxx,3.0,28,28,False,False,False,False,False,False,False,False,False,False,False,False,False,False,False,False,-1,False,unlabelled_window_x,unlabelled_window_x,False,xxxxxxx,0.0347142659592289,0.0,0.0
0.8708552489708188,0.1092887682916237,0.99641703820232,0.0,False,11x11111x1x1111111x11x111x,0.7692307692307693,0.6804966397797014,False,10.599999999999994,1.0,False,1111111111111111111111111111,30.0,0.3,,1.0,160.13,True,24,1.0,1.0,False,111111111111111111111111,3.0,0,28,False,False,False,False,False,False,False,False,False,False,False,False,False,False,False,False,-1,False,stuck_high,stuck_high,False,11x1111,0.676072470165865,0.0,0.8571428571428571
0.5476926644720912,0.3496595909787956,0.8042487093767222,0.0,True,xxxxxxxxxxxxxxxxxxxxxxxxxx,0.0,0.0293767579857593,False,10.599999999999994,0.0,False,xxxxxxxxxxxxxxxxxxxxxxxxxxxx,30.0,0.3,,1.0,158.39,True,24,0.0,0.0,False,xxxxxxxxxxxxxxxxxxxxxxxx,3.0,28,28,False,False,False,False,False,False,False,False,False,False,False,False,False,False,False,False,-1,False,unlabelled_window_x,unlabelled_window_x,False,xxxxxxx,0.0292387930684172,0.0,0.0
0.9898230682331643,0.2828559251025923,0.9981340324371826,0.0,False,xxxxxxxxxxxxxxxxxxxxxxxxxx,0.0,0.6507698650257181,False,10.599999999999994,0.0,False,1xx0xxxxxxxxxxxxxxxxxxxxxxxx,1.0,1.0,,1.0,160.64,True,24,0.0,0.0,False,xxxxxxxxxxxxxxxxxxxxxxxx,3.0,26,28,False,False,False,False,False,False,False,False,False,False,False,False,False,False,False,False,-1,False,unlabelled_window_x,unlabelled_window_x,False,xxxxxxx,0.645388266934821,0.0,0.0
0.6857281815713805,0.3002391350800696,0.8272285465428407,0.0,True,xxxxxxxxxxxxxxxxxxxxxxxxxx,0.0,0.27308386094246,False,10.599999999999994,0.0,False,0xxxxxxxxxxxxxxxxxxxxxxxxxxx,1.0,1.0,,1.0,158.67,True,24,0.0,0.0,False,xxxxxxxxxxxxxxxxxxxxxxxx,3.0,27,28,False,False,False,False,False,False,False,False,False,False,False,False,False,False,False,False,-1,False,unlabelled_window_x,unlabelled_window_x,False,xxxxxxx,0.2771606908107027,0.0,0.0
0.8618386023352098,0.153540435297255,0.9975889770401628,0.0,False,111x11x111x11111x1x111x11x,0.7307692307692307,0.5867354091443269,False,10.599999999999994,1.0,False,1111111111111111111111111111,3.0,1.0,,1.0,162.51,True,24,1.0,1.0,False,111111111111111111111111,3.0,0,28,False,False,False,False,False,False,False,False,False,False,False,False,False,False,False,False,-1,False,stuck_high,stuck_high,False,111x11x,0.5661409853023456,0.0,0.7142857142857143
0.6244249656851022,0.3005087474994103,0.8202667186266893,0.0,True,xxxxxxxxxxxxxxxxxxxxxxxxxx,0.0,0.1367728275312705,False,10.599999999999994,0.0,False,xxxxxxxxxxxxxxxxxxxxxxxxxxxx,3.0,1.0,,1.0,157.77,True,24,0.0,0.0,False,xxxxxxxxxxxxxxxxxxxxxxxx,3.0,28,28,False,False,False,False,False,False,False,False,False,False,False,False,False,False,False,False,-1,False,unlabelled_window_x,unlabelled_window_x,False,xxxxxxx,0.1533253010004883,0.0,0.0
0.8744688890776096,0.1098575309066646,0.996903685952822,0.0,False,111x1x111x11x1x1x1xx1xx11x,0.5769230769230769,0.5996251293260052,False,10.599999999999994,1.0,False,1111111111111111111111111111,10.0,1.0,,1.0,160.31,True,24,1.0,1.0,False,111111111111111111111111,3.0,0,28,False,False,False,False,False,False,False,False,False,False,False,False,False,False,False,False,-1,False,stuck_high,stuck_high,False,111x1x1,0.7001522836801586,0.0,0.7142857142857143
0.5646163946923088,0.3286646833137241,0.8110674121221247,0.0,True,xxxxxxxxxxxxxxxxxxxxxxxxxx,0.0,0.0300309358692834,False,10.599999999999994,0.0,False,xxxxxxxxxxxxxxxxxxxxxxxxxxxx,10.0,1.0,,1.0,157.5,True,24,0.0,0.0,False,xxxxxxxxxxxxxxxxxxxxxxxx,3.0,28,28,False,False,False,False,False,False,False,False,False,False,False,False,False,False,False,False,-1,False,unlabelled_window_x,unlabelled_window_x,False,xxxxxxx,0.0357563100552666,0.0,0.0
0.8802006162358055,0.0930494823971599,0.9964966057271896,0.0,False,11x1xx1xx111x11xx11x1x1111,0.6153846153846154,0.6004410631802657,False,10.599999999999994,1.0,False,1111111111111111111111111111,30.0,1.0,,1.0,159.97,True,24,1.0,1.0,False,111111111111111111111111,3.0,0,28,False,False,False,False,False,False,False,False,False,False,False,False,False,False,False,False,-1,False,stuck_high,stuck_high,False,11x1xx1,0.6379991546957231,0.0,0.5714285714285714
0.5476543778580458,0.3516089241111176,0.8052482282694612,0.0,True,xxxxxxxxxxxxxxxxxxxxxxxxxx,0.0,0.0254665754256058,False,10.599999999999994,0.0,False,xxxxxxxxxxxxxxxxxxxxxxxxxxxx,30.0,1.0,,1.0,157.89,True,24,0.0,0.0,False,xxxxxxxxxxxxxxxxxxxxxxxx,3.0,28,28,False,False,False,False,False,False,False,False,False,False,False,False,False,False,False,False,-1,False,unlabelled_window_x,unlabelled_window_x,False,xxxxxxx,0.0254162807171585,0.0,0.0
0.9851518387808889,0.4161793416836752,0.9986703337611208,0.0,False,xxxxxxxxxxxxxxxxxxxxxxxxxx,0.0,0.521336215568696,False,10.599999999999994,0.0,False,1xxxxxxxxxxxxxxxxxxxxxxxxxxx,1.0,3.0,,1.0,161.03,True,24,0.0,0.0,False,xxxxxxxxxxxxxxxxxxxxxxxx,3.0,27,28,False,False,False,False,False,False,False,False,False,False,False,False,False,False,False,False,-1,False,unlabelled_window_x,unlabelled_window_x,False,xxxxxxx,0.5234195495610526,0.0,0.0
0.6568227941116483,0.4637370127720125,0.8374045021167816,0.0,True,xxxxxxxxxxxxxxxxxxxxxxxxxx,0.0,0.1503326873298112,False,10.599999999999994,0.0,False,xxxxxxxxxxxxxxxxxxxxxxxxxxxx,1.0,3.0,,1.0,156.66,True,24,0.0,0.0,False,xxxxxxxxxxxxxxxxxxxxxxxx,3.0,28,28,False,False,False,False,False,False,False,False,False,False,False,False,False,False,False,False,-1,False,unlabelled_window_x,unlabelled_window_x,False,xxxxxxx,0.1525801898617446,0.0,0.0
0.9857486290384544,0.396866449316388,0.998134934594693,0.0,False,xxxxxxxxxxxxxxxxxxxxxxxxxx,0.0,0.5794924655480811,False,10.599999999999994,0.0,False,1xxxxxxxxxxxxxxxxxxxxxxxxxxx,3.0,3.0,,1.0,160.29,True,24,0.0,0.0,False,xxxxxxxxxxxxxxxxxxxxxxxx,3.0,27,28,False,False,False,False,False,False,False,False,False,False,False,False,False,False,False,False,-1,False,unlabelled_window_x,unlabelled_window_x,False,xxxxxxx,0.579432935855758,0.0,0.0
0.6357188102279305,0.386977860077885,0.8290655235730733,0.0,True,xxxxxxxxxxxxxxxxxxxxxxxxxx,0.0,0.1298193243232611,False,10.599999999999994,0.0,False,xxxxxxxxxxxxxxxxxxxxxxxxxxxx,3.0,3.0,,1.0,157.6,True,24,0.0,0.0,False,xxxxxxxxxxxxxxxxxxxxxxxx,3.0,28,28,False,False,False,False,False,False,False,False,False,False,False,False,False,False,False,False,-1,False,unlabelled_window_x,unlabelled_window_x,False,xxxxxxx,0.1369596922093351,0.0,0.0
0.8834132253369346,0.1132940580172947,0.9973074377094068,0.0,False,1xx111x11xx11xx1xx1xx1111x,0.5384615384615384,0.5672520026350993,False,10.599999999999994,1.0,False,1111111111111111111111111111,10.0,3.0,,1.0,160.64,True,24,1.0,1.0,False,111111111111111111111111,3.0,0,28,False,False,False,False,False,False,False,False,False,False,False,False,False,False,False,False,-1,False,stuck_high,stuck_high,False,1xx111x,0.568665747469966,0.0,0.5714285714285714
0.5829831550239696,0.3532644563880153,0.816759442318878,0.0,True,xxxxxxxxxxxxxxxxxxxxxxxxxx,0.0,0.0385401976994602,False,10.599999999999994,0.0,False,xxxxxxxxxxxxxxxxxxxxxxxxxxxx,10.0,3.0,,1.0,156.73,True,24,0.0,0.0,False,xxxxxxxxxxxxxxxxxxxxxxxx,3.0,28,28,False,False,False,False,False,False,False,False,False,False,False,False,False,False,False,False,-1,False,unlabelled_window_x,unlabelled_window_x,False,xxxxxxx,0.0467845997101948,0.0,0.0
0.881036609325589,0.1040496921534304,0.9966984172857296,0.0,False,111xx1xx111111xx1x1111xx1x,0.6153846153846154,0.6104685567771797,False,10.599999999999994,1.0,False,1111111111111111111111111111,30.0,3.0,,1.0,157.26,True,24,1.0,1.0,False,111111111111111111111111,3.0,0,28,False,False,False,False,False,False,False,False,False,False,False,False,False,False,False,False,-1,False,stuck_high,stuck_high,False,111xx1x,0.5562535861253081,0.0,0.5714285714285714
0.5493800735811333,0.3574975062622751,0.8079241155113787,0.0,True,xxxxxxxxxxxxxxxxxxxxxxxxxx,0.0,0.0157258764147891,False,10.599999999999994,0.0,False,xxxxxxxxxxxxxxxxxxxxxxxxxxxx,30.0,3.0,,1.0,155.35,True,24,0.0,0.0,False,xxxxxxxxxxxxxxxxxxxxxxxx,3.0,28,28,False,False,False,False,False,False,False,False,False,False,False,False,False,False,False,False,-1,False,unlabelled_window_x,unlabelled_window_x,False,xxxxxxx,0.01570690763346,0.0,0.0
0.9925796093475794,0.2240503421896356,0.9980587181725448,0.0,False,xxxxxxxxxxxxxxxxxxxxxxxxxx,0.0,0.734068149277896,False,10.599999999999994,0.0,False,1x00000000000000000000000000,1.0,0.1,,2.5,153.46,True,24,1.0,1.0,False,000000000000000000000000,3.0,1,28,False,False,False,False,False,False,False,False,False,False,False,False,False,False,False,False,-1,False,unlabelled_window_x,stuck_low,False,xxxxxxx,0.7254416241439757,0.0,0.0
0.7372943600155972,0.2039974575965623,0.83083903548766,0.0,True,xxxxxxxxxxxxxxxxxxxxxxxxxx,0.0,0.4472128974450067,False,10.599999999999994,1.0,False,0000000000000000000000000000,1.0,0.1,,2.5,153.92,True,24,1.0,1.0,False,000000000000000000000000,3.0,0,28,False,False,False,False,False,False,False,False,False,False,False,False,False,False,False,False,-1,False,stuck_low,stuck_low,False,xxxxxxx,0.4486314123636181,0.0,0.0
0.8336504107825727,0.1767427604312393,0.9976299881967564,0.0,False,x11x1x1x1x1x1x1x1x1x1x1x1x,0.5,0.541105894065538,False,10.599999999999994,1.0,False,1111111111111111111111111111,3.0,0.1,,2.5,152.66,True,24,1.0,1.0,False,111111111111111111111111,3.0,0,28,False,False,False,False,False,False,False,False,False,False,False,False,False,False,False,False,-1,False,stuck_high,stuck_high,False,x11x1x1,0.5496597436102566,0.0,0.5714285714285714
0.6629596256017668,0.2376597361843597,0.8253038098384327,0.0,True,xxxxxxxxxxxxxxxxxxxxxxxxxx,0.0,0.268431216066087,False,10.599999999999994,0.0,False,0xxxxxxxxxxxxxxxxxxxxxxxxxxx,3.0,0.1,,2.5,153.45,True,24,0.0,0.0,False,xxxxxxxxxxxxxxxxxxxxxxxx,3.0,27,28,False,False,False,False,False,False,False,False,False,False,False,False,False,False,False,False,-1,False,unlabelled_window_x,unlabelled_window_x,False,xxxxxxx,0.2871151516436163,0.0,0.0
0.8683909045920165,0.0974959896614951,0.997161256909961,0.0,False,1xx1xxx1xxx1xxx1x1x11x1x11,0.4230769230769231,0.5593557685944401,False,10.599999999999994,1.0,False,1111111111111111111111111111,10.0,0.1,,2.5,151.65,True,24,1.0,1.0,False,111111111111111111111111,3.0,0,28,False,False,False,False,False,False,False,False,False,False,False,False,False,False,False,False,-1,False,stuck_high,stuck_high,False,1xx1xxx,0.5587083645798727,0.0,0.2857142857142857
0.5820032325563371,0.2885999958767195,0.8184303624733449,0.0,True,xxxxxxxxxxxxxxxxxxxxxxxxxx,0.0,0.0359394551679435,False,10.599999999999994,0.0,False,0xxxxxxxxxxxxxxxxxxxxxxxxxxx,10.0,0.1,,2.5,152.17,True,24,0.0,0.0,False,xxxxxxxxxxxxxxxxxxxxxxxx,3.0,27,28,False,False,False,False,False,False,False,False,False,False,False,False,False,False,False,False,-1,False,unlabelled_window_x,unlabelled_window_x,False,xxxxxxx,0.0750158243597256,0.0,0.0
0.8780025071001192,0.0914438784164937,0.9969143344964212,0.0,False,1xx111x111xx1xxx111xx1x1x1,0.5384615384615384,0.5720952234746498,False,10.599999999999994,1.0,False,1111111111111111111111111111,30.0,0.1,,2.5,151.22,True,24,1.0,1.0,False,111111111111111111111111,3.0,0,28,False,False,False,False,False,False,False,False,False,False,False,False,False,False,False,False,-1,False,stuck_high,stuck_high,False,1xx111x,0.6014423085196232,0.0,0.5714285714285714
0.5545033715252401,0.3179317368174446,0.8143734150042982,0.0,True,xxxxxxxxxxxxxxxxxxxxxxxxxx,0.0,0.0354924021567164,False,10.599999999999994,0.0,False,xxxxxxxxxxxxxxxxxxxxxxxxxxxx,30.0,0.1,,2.5,151.13,True,24,0.0,0.0,False,xxxxxxxxxxxxxxxxxxxxxxxx,3.0,28,28,False,False,False,False,False,False,False,False,False,False,False,False,False,False,False,False,-1,False,unlabelled_window_x,unlabelled_window_x,False,xxxxxxx,0.0333687365093132,0.0,0.0
0.992260661185016,0.2638115930056319,0.9981515678189932,0.0,False,xxxxxxxxxxxxxxxxxxxxxxxxxx,0.0,0.712999475948362,False,10.599999999999994,0.0,False,1x00000000000000000000000000,1.0,0.3,,2.5,152.27,True,24,1.0,1.0,False,000000000000000000000000,3.0,1,28,False,False,False,False,False,False,False,False,False,False,False,False,False,False,False,False,-1,False,unlabelled_window_x,stuck_low,False,xxxxxxx,0.7090629950615315,0.0,0.0
0.7323095613871762,0.2267805069881344,0.8321666776599507,0.0,True,xxxxxxxxxxxxxxxxxxxxxxxxxx,0.0,0.4222156591108302,False,10.599999999999994,0.0,False,000xxxxxxxxxxxxxxxxxxxxxxxxx,1.0,0.3,,2.5,153.12,True,24,0.0,0.0,False,xxxxxxxxxxxxxxxxxxxxxxxx,3.0,25,28,False,False,False,False,False,False,False,False,False,False,False,False,False,False,False,False,-1,False,unlabelled_window_x,unlabelled_window_x,False,xxxxxxx,0.4237668255196142,0.0,0.0
0.8422054134529465,0.1724573281357539,0.997706908346618,0.0,False,xxx1x111x111x1x1x111x1x1x1,0.5769230769230769,0.5440738070375144,False,10.599999999999994,1.0,False,1111111111111111111111111111,3.0,0.3,,2.5,151.89,True,24,1.0,1.0,False,111111111111111111111111,3.0,0,28,False,False,False,False,False,False,False,False,False,False,False,False,False,False,False,False,-1,False,stuck_high,stuck_high,False,xxx1x11,0.5346942221651858,0.0,0.4285714285714285
0.6625377210107285,0.2493744150466998,0.8263569597156314,0.0,True,xxxxxxxxxxxxxxxxxxxxxxxxxx,0.0,0.2582920300809725,False,10.599999999999994,0.0,False,0xxxxxxxxxxxxxxxxxxxxxxxxxxx,3.0,0.3,,2.5,153.01,True,24,0.0,0.0,False,xxxxxxxxxxxxxxxxxxxxxxxx,3.0,27,28,False,False,False,False,False,False,False,False,False,False,False,False,False,False,False,False,-1,False,unlabelled_window_x,unlabelled_window_x,False,xxxxxxx,0.2758876465149651,0.0,0.0
0.8681954661820331,0.1054309075083035,0.9972064403481758,0.0,False,1x11x1x1xx1x1xx1x1x11xx11x,0.5,0.5612844338880475,False,10.599999999999994,1.0,False,1111111111111111111111111111,10.0,0.3,,2.5,149.78,True,24,1.0,1.0,False,111111111111111111111111,3.0,0,28,False,False,False,False,False,False,False,False,False,False,False,False,False,False,False,False,-1,False,stuck_high,stuck_high,False,1x11x1x,0.5942028528977185,0.0,0.5714285714285714
0.5846814179657674,0.2920267710787902,0.8190364603705285,0.0,True,xxxxxxxxxxxxxxxxxxxxxxxxxx,0.0,0.0368060111891934,False,10.599999999999994,0.0,False,0xxxxxxxxxxxxxxxxxxxxxxxxxxx,10.0,0.3,,2.5,150.93,True,24,0.0,0.0,False,xxxxxxxxxxxxxxxxxxxxxxxx,3.0,27,28,False,False,False,False,False,False,False,False,False,False,False,False,False,False,False,False,-1,False,unlabelled_window_x,unlabelled_window_x,False,xxxxxxx,0.0772595303659924,0.0,0.0
0.8767014817230321,0.087577714476048,0.9969340923641165,0.0,False,1xx111xx1xxx1xx1xx11111xx1,0.5,0.5622947216831471,False,10.599999999999994,1.0,False,1111111111111111111111111111,30.0,0.3,,2.5,150.83,True,24,1.0,1.0,False,111111111111111111111111,3.0,0,28,False,False,False,False,False,False,False,False,False,False,False,False,False,False,False,False,-1,False,stuck_high,stuck_high,False,1xx111x,0.5619466731244465,0.0,0.5714285714285714
0.5556420469881211,0.3188458923767142,0.8146457752062511,0.0,True,xxxxxxxxxxxxxxxxxxxxxxxxxx,0.0,0.0339115646939298,False,10.599999999999994,0.0,False,xxxxxxxxxxxxxxxxxxxxxxxxxxxx,30.0,0.3,,2.5,153.5,True,24,0.0,0.0,False,xxxxxxxxxxxxxxxxxxxxxxxx,3.0,28,28,False,False,False,False,False,False,False,False,False,False,False,False,False,False,False,False,-1,False,unlabelled_window_x,unlabelled_window_x,False,xxxxxxx,0.0323993127874558,0.0,0.0
0.9910536526272972,0.2873819005656971,0.9984146952358376,0.0,False,xxxxxxxxxxxxxxxxxxxxxxxxxx,0.0,0.649400399541171,False,10.599999999999994,0.0,False,1x0xxxxxxxxxxxxxxxxxxxxxxxxx,1.0,1.0,,2.5,150.67,True,24,0.0,0.0,False,xxxxxxxxxxxxxxxxxxxxxxxx,3.0,26,28,False,False,False,False,False,False,False,False,False,False,False,False,False,False,False,False,-1,False,unlabelled_window_x,unlabelled_window_x,False,xxxxxxx,0.6592298563268595,0.0,0.0
0.7159974710074185,0.3039568673008671,0.836320741030856,0.0,True,xxxxxxxxxxxxxxxxxxxxxxxxxx,0.0,0.3498881252700204,False,10.599999999999994,0.0,False,xxxxxxxxxxxxxxxxxxxxxxxxxxxx,1.0,1.0,,2.5,151.76,True,24,0.0,0.0,False,xxxxxxxxxxxxxxxxxxxxxxxx,3.0,28,28,False,False,False,False,False,False,False,False,False,False,False,False,False,False,False,False,-1,False,unlabelled_window_x,unlabelled_window_x,False,xxxxxxx,0.3521190188181177,0.0,0.0
0.9892726378466702,0.3096214802794649,0.9979443698427328,0.0,False,xxxxxxxxxxxxxxxxxxxxxxxxxx,0.0,0.6584734824313035,False,10.599999999999994,0.0,False,11xxxxxxxxxxxxxxxxxxxxxxxxxx,3.0,1.0,,2.5,151.69,True,24,0.0,0.0,False,xxxxxxxxxxxxxxxxxxxxxxxx,3.0,26,28,False,False,False,False,False,False,False,False,False,False,False,False,False,False,False,False,-1,False,unlabelled_window_x,unlabelled_window_x,False,xxxxxxx,0.6559232179291699,0.0,0.0
0.6622328585271994,0.2890946594944814,0.8297613619424469,0.0,True,xxxxxxxxxxxxxxxxxxxxxxxxxx,0.0,0.2286554153578014,False,10.599999999999994,0.0,False,0xxxxxxxxxxxxxxxxxxxxxxxxxxx,3.0,1.0,,2.5,153.27,True,24,0.0,0.0,False,xxxxxxxxxxxxxxxxxxxxxxxx,3.0,27,28,False,False,False,False,False,False,False,False,False,False,False,False,False,False,False,False,-1,False,unlabelled_window_x,unlabelled_window_x,False,xxxxxxx,0.2432475624278799,0.0,0.0
0.8705419518072914,0.1076056081062051,0.9973498984932836,0.0,False,111xx1x1111xx1x1xx1x11x111,0.6153846153846154,0.6147799005653826,False,10.599999999999994,1.0,False,1111111111111111111111111111,10.0,1.0,,2.5,149.98,True,24,1.0,1.0,False,111111111111111111111111,3.0,0,28,False,False,False,False,False,False,False,False,False,False,False,False,False,False,False,False,-1,False,stuck_high,stuck_high,False,111xx1x,0.5642749559600677,0.0,0.5714285714285714
0.5906119875931518,0.3039490598458124,0.8210562295841753,0.0,True,xxxxxxxxxxxxxxxxxxxxxxxxxx,0.0,0.0439225366039859,False,10.599999999999994,0.0,False,xxxxxxxxxxxxxxxxxxxxxxxxxxxx,10.0,1.0,,2.5,152.1,True,24,0.0,0.0,False,xxxxxxxxxxxxxxxxxxxxxxxx,3.0,28,28,False,False,False,False,False,False,False,False,False,False,False,False,False,False,False,False,-1,False,unlabelled_window_x,unlabelled_window_x,False,xxxxxxx,0.0840563221955865,0.0,0.0
0.8793143633651433,0.0908183318365454,0.9970004429366932,0.0,False,1xx1x11xx111xx111x1xx1xxx1,0.5,0.5632450983916932,False,10.599999999999994,1.0,False,1111111111111111111111111111,30.0,1.0,,2.5,153.87,True,24,1.0,1.0,False,111111111111111111111111,3.0,0,28,False,False,False,False,False,False,False,False,False,False,False,False,False,False,False,False,-1,False,stuck_high,stuck_high,False,1xx1x11,0.5621642377936417,0.0,0.5714285714285714
0.5592573095505061,0.3220755336468361,0.8155781977063739,0.0,True,xxxxxxxxxxxxxxxxxxxxxxxxxx,0.0,0.0285743814868277,False,10.599999999999994,0.0,False,xxxxxxxxxxxxxxxxxxxxxxxxxxxx,30.0,1.0,,2.5,153.45,True,24,0.0,0.0,False,xxxxxxxxxxxxxxxxxxxxxxxx,3.0,28,28,False,False,False,False,False,False,False,False,False,False,False,False,False,False,False,False,-1,False,unlabelled_window_x,unlabelled_window_x,False,xxxxxxx,0.0269380039521821,0.0,0.0
0.9866016425945344,0.4154939179876384,0.9988672734625984,0.0,False,xxxxxxxxxxxxxxxxxxxxxxxxxx,0.0,0.5175663647373043,False,10.599999999999994,0.0,False,1xxxxxxxxxxxxxxxxxxxxxxxxxxx,1.0,3.0,,2.5,150.44,True,24,0.0,0.0,False,xxxxxxxxxxxxxxxxxxxxxxxx,3.0,27,28,False,False,False,False,False,False,False,False,False,False,False,False,False,False,False,False,-1,False,unlabelled_window_x,unlabelled_window_x,False,xxxxxxx,0.5233482556819342,0.0,0.0
0.6600781763682306,0.4871835589686292,0.8460632157121346,0.0,True,xxxxxxxxxxxxxxxxxxxxxxxxxx,0.0,0.1551038892074223,False,10.599999999999994,0.0,False,xxxxxxxxxxxxxxxxxxxxxxxxxxxx,1.0,3.0,,2.5,153.39,True,24,0.0,0.0,False,xxxxxxxxxxxxxxxxxxxxxxxx,3.0,28,28,False,False,False,False,False,False,False,False,False,False,False,False,False,False,False,False,-1,False,unlabelled_window_x,unlabelled_window_x,False,xxxxxxx,0.156434186048032,0.0,0.0
0.9879491944827258,0.3924199501291799,0.998409932863946,0.0,False,xxxxxxxxxxxxxxxxxxxxxxxxxx,0.0,0.5872923090775041,False,10.599999999999994,0.0,False,1xxxxxxxxxxxxxxxxxxxxxxxxxxx,3.0,3.0,,2.5,150.7,True,24,0.0,0.0,False,xxxxxxxxxxxxxxxxxxxxxxxx,3.0,27,28,False,False,False,False,False,False,False,False,False,False,False,False,False,False,False,False,-1,False,unlabelled_window_x,unlabelled_window_x,False,xxxxxxx,0.5869103498028676,0.0,0.0
0.6530773562823473,0.3942858101626673,0.8381918107346952,0.0,True,xxxxxxxxxxxxxxxxxxxxxxxxxx,0.0,0.1673013285103784,False,10.599999999999994,0.0,False,xxxxxxxxxxxxxxxxxxxxxxxxxxxx,3.0,3.0,,2.5,152.49,True,24,0.0,0.0,False,xxxxxxxxxxxxxxxxxxxxxxxx,3.0,28,28,False,False,False,False,False,False,False,False,False,False,False,False,False,False,False,False,-1,False,unlabelled_window_x,unlabelled_window_x,False,xxxxxxx,0.1769144724375133,0.0,0.0
0.8822690480181512,0.1118890690420379,0.9976976396269484,0.0,False,xxx11xxx11x11xx1xxx1x111xx,0.4230769230769231,0.5742801915216349,False,10.599999999999994,1.0,False,1111111111111111111111111111,10.0,3.0,,2.5,151.94,True,24,1.0,1.0,False,111111111111111111111111,3.0,0,28,False,False,False,False,False,False,False,False,False,False,False,False,False,False,False,False,-1,False,stuck_high,stuck_high,False,xxx11xx,0.1662225408512732,0.0,0.2857142857142857
0.605331130429964,0.3378897688621141,0.8265028616705706,0.0,True,xxxxxxxxxxxxxxxxxxxxxxxxxx,0.0,0.0648359040909951,False,10.599999999999994,0.0,False,xxxxxxxxxxxxxxxxxxxxxxxxxxxx,10.0,3.0,,2.5,152.16,True,24,0.0,0.0,False,xxxxxxxxxxxxxxxxxxxxxxxx,3.0,28,28,False,False,False,False,False,False,False,False,False,False,False,False,False,False,False,False,-1,False,unlabelled_window_x,unlabelled_window_x,False,xxxxxxx,0.09397612519141,0.0,0.0
0.8798299445237242,0.0922823986614836,0.9971789320248508,0.0,False,1x1x11x11x1x1x1x1xx11xx1xx,0.5,0.573660109425014,False,10.599999999999994,1.0,False,1111111111111111111111111111,30.0,3.0,,2.5,156.25,True,24,1.0,1.0,False,111111111111111111111111,3.0,0,28,False,False,False,False,False,False,False,False,False,False,False,False,False,False,False,False,-1,False,stuck_high,stuck_high,False,1x1x11x,0.5985811165204257,0.0,0.5714285714285714
0.5688984574815178,0.3315472739265843,0.8181403356181143,0.0,True,xxxxxxxxxxxxxxxxxxxxxxxxxx,0.0,0.0156971439151394,False,10.599999999999994,0.0,False,xxxxxxxxxxxxxxxxxxxxxxxxxxxx,30.0,3.0,,2.5,157.68,True,24,0.0,0.0,False,xxxxxxxxxxxxxxxxxxxxxxxx,3.0,28,28,False,False,False,False,False,False,False,False,False,False,False,False,False,False,False,False,-1,False,unlabelled_window_x,unlabelled_window_x,False,xxxxxxx,0.025634676776427,0.0,0.0
0.9941059830233868,0.1449352059441562,0.9984914831406424,0.0,False,0x0xxxxxxxxxxxxxxxxxxxxxxx,0.0769230769230769,0.722028035485351,False,10.599999999999994,0.0,False,1x0x0x0x0x0x0x0x000000000000,1.0,0.1,,5.0,153.49,True,24,1.0,0.0,False,0x0x0x0x0x0x000000000000,3.0,8,28,False,False,False,False,False,False,False,False,False,False,False,False,False,False,False,False,-1,False,unlabelled_window_x,unlabelled_window_x,False,0x0xxxx,0.779081250877269,0.0,0.2857142857142857
0.775390303679542,0.2163717175409532,0.8419949736747769,0.0,True,xxxxxxxxxxxxxxxxxxxxxxxxxx,0.0,0.5577147811997207,False,10.599999999999994,1.0,False,0000000000000000000000000000,1.0,0.1,,5.0,156.67,True,24,1.0,1.0,False,000000000000000000000000,3.0,0,28,False,False,False,False,False,False,False,False,False,False,False,False,False,False,False,False,-1,False,stuck_low,stuck_low,False,xxxxxxx,0.5577394539803554,0.0,0.0
0.9918821635004328,0.2832440709928595,0.9981483716539707,0.0,False,xxxxxxxxxxxxxxxxxxxxxxxxxx,0.0,0.7029218032335323,False,10.599999999999994,0.0,False,1x00000000000000000000000000,3.0,0.1,,5.0,156.12,True,24,1.0,1.0,False,000000000000000000000000,3.0,1,28,False,False,False,False,False,False,False,False,False,False,False,False,False,False,False,False,-1,False,unlabelled_window_x,stuck_low,False,xxxxxxx,0.7032241655522431,0.0,0.0
0.7320716987724296,0.2353642444976669,0.8368851557293558,0.0,True,xxxxxxxxxxxxxxxxxxxxxxxxxx,0.0,0.4343200897846345,False,10.599999999999994,0.0,False,000xxxxxxxxxxxxxxxxxxxxxxxxx,3.0,0.1,,5.0,155.59,True,24,0.0,0.0,False,xxxxxxxxxxxxxxxxxxxxxxxx,3.0,25,28,False,False,False,False,False,False,False,False,False,False,False,False,False,False,False,False,-1,False,unlabelled_window_x,unlabelled_window_x,False,xxxxxxx,0.4370110522674507,0.0,0.0
0.988420031815855,0.3165483074422355,0.9977761832350724,0.0,False,xxxxxxxxxxxxxxxxxxxxxxxxxx,0.0,0.6611717540087447,False,10.599999999999994,0.0,False,1xxxxxxxxxxxxxxxxxxxxxxxxxxx,10.0,0.1,,5.0,152.87,True,24,0.0,0.0,False,xxxxxxxxxxxxxxxxxxxxxxxx,3.0,27,28,False,False,False,False,False,False,False,False,False,False,False,False,False,False,False,False,-1,False,unlabelled_window_x,unlabelled_window_x,False,xxxxxxx,0.661043692592753,0.0,0.0
0.6469147884865927,0.2723013903989845,0.8305708307922683,0.0,True,xxxxxxxxxxxxxxxxxxxxxxxxxx,0.0,0.2003784154493322,False,10.599999999999994,0.0,False,0xxxxxxxxxxxxxxxxxxxxxxxxxxx,10.0,0.1,,5.0,154.7,True,24,0.0,0.0,False,xxxxxxxxxxxxxxxxxxxxxxxx,3.0,27,28,False,False,False,False,False,False,False,False,False,False,False,False,False,False,False,False,-1,False,unlabelled_window_x,unlabelled_window_x,False,xxxxxxx,0.2488269769289426,0.0,0.0
0.985549057176356,0.3438656167386377,0.9975815516320974,0.0,False,xxxxxxxxxxxxxxxxxxxxxxxxxx,0.0,0.6337169863072587,False,10.599999999999994,0.0,False,1xxxxxxxxxxxxxxxxxxxxxxxxxxx,30.0,0.1,,5.0,153.26,True,24,0.0,0.0,False,xxxxxxxxxxxxxxxxxxxxxxxx,3.0,27,28,False,False,False,False,False,False,False,False,False,False,False,False,False,False,False,False,-1,False,unlabelled_window_x,unlabelled_window_x,False,xxxxxxx,0.6333908836159001,0.0,0.0
0.6065197333670643,0.2962381078863472,0.826859445419486,0.0,True,xxxxxxxxxxxxxxxxxxxxxxxxxx,0.0,0.0485615217894224,False,10.599999999999994,0.0,False,0xxxxxxxxxxxxxxxxxxxxxxxxxxx,30.0,0.1,,5.0,156.06,True,24,0.0,0.0,False,xxxxxxxxxxxxxxxxxxxxxxxx,3.0,27,28,False,False,False,False,False,False,False,False,False,False,False,False,False,False,False,False,-1,False,unlabelled_window_x,unlabelled_window_x,False,xxxxxxx,0.1319691445308027,0.0,0.0
0.9938819341080544,0.1678121166927243,0.9985612440245644,0.0,False,0xxxxxxxxxxxxxxxxxxxxxxxxx,0.0384615384615384,0.7008722969410635,False,10.599999999999994,0.0,False,1x0x0x0x0x0x0x0x0x0x0x0x0x0x,1.0,0.3,,5.0,153.09,True,24,0.5,0.0,False,0x0x0x0x0x0x0x0x0x0x0x0x,3.0,14,28,False,False,False,False,False,False,False,False,False,False,False,False,False,False,False,False,-1,False,unlabelled_window_x,unlabelled_window_x,False,0xxxxxx,0.75802218584834,0.0,0.1428571428571428
0.769294554981646,0.2421546623947508,0.8432300628507888,0.0,True,xxxxxxxxxxxxxxxxxxxxxxxxxx,0.0,0.5288800722205406,False,10.599999999999994,1.0,False,0000000000000000000000000000,1.0,0.3,,5.0,156.31,True,24,1.0,1.0,False,000000000000000000000000,3.0,0,28,False,False,False,False,False,False,False,False,False,False,False,False,False,False,False,False,-1,False,stuck_low,stuck_low,False,xxxxxxx,0.5288618416689107,0.0,0.0
0.991731315347563,0.2832928022530705,0.9982105738367985,0.0,False,xxxxxxxxxxxxxxxxxxxxxxxxxx,0.0,0.6923965557810601,False,10.599999999999994,0.0,False,1x0x0x0x0x0x0x0x000000000000,3.0,0.3,,5.0,152.6,True,24,1.0,0.0,False,0x0x0x0x0x0x000000000000,3.0,8,28,False,False,False,False,False,False,False,False,False,False,False,False,False,False,False,False,-1,False,unlabelled_window_x,unlabelled_window_x,False,xxxxxxx,0.6935488874893712,0.0,0.0
0.7287304217710268,0.2506053386493377,0.837861714416633,0.0,True,xxxxxxxxxxxxxxxxxxxxxxxxxx,0.0,0.4165835593012301,False,10.599999999999994,0.0,False,00xxxxxxxxxxxxxxxxxxxxxxxxxx,3.0,0.3,,5.0,155.8,True,24,0.0,0.0,False,xxxxxxxxxxxxxxxxxxxxxxxx,3.0,26,28,False,False,False,False,False,False,False,False,False,False,False,False,False,False,False,False,-1,False,unlabelled_window_x,unlabelled_window_x,False,xxxxxxx,0.4195074749898551,0.0,0.0
0.9884034796594068,0.3142365953381327,0.9978127456956676,0.0,False,xxxxxxxxxxxxxxxxxxxxxxxxxx,0.0,0.658043848274029,False,10.599999999999994,0.0,False,1xxxxxxxxxxxxxxxxxxxxxxxxxxx,10.0,0.3,,5.0,153.79,True,24,0.0,0.0,False,xxxxxxxxxxxxxxxxxxxxxxxx,3.0,27,28,False,False,False,False,False,False,False,False,False,False,False,False,False,False,False,False,-1,False,unlabelled_window_x,unlabelled_window_x,False,xxxxxxx,0.6578177555259146,0.0,0.0
0.6472845640574043,0.277356806627045,0.8311287798411625,0.0,True,xxxxxxxxxxxxxxxxxxxxxxxxxx,0.0,0.1988360424358183,False,10.599999999999994,0.0,False,0xxxxxxxxxxxxxxxxxxxxxxxxxxx,10.0,0.3,,5.0,155.21,True,24,0.0,0.0,False,xxxxxxxxxxxxxxxxxxxxxxxx,3.0,27,28,False,False,False,False,False,False,False,False,False,False,False,False,False,False,False,False,-1,False,unlabelled_window_x,unlabelled_window_x,False,xxxxxxx,0.2454614673075249,0.0,0.0
0.9855743564342496,0.3440793783229569,0.9975975192436516,0.0,False,xxxxxxxxxxxxxxxxxxxxxxxxxx,0.0,0.6328458794334296,False,10.599999999999994,0.0,False,1xxxxxxxxxxxxxxxxxxxxxxxxxxx,30.0,0.3,,5.0,154.29,True,24,0.0,0.0,False,xxxxxxxxxxxxxxxxxxxxxxxx,3.0,27,28,False,False,False,False,False,False,False,False,False,False,False,False,False,False,False,False,-1,False,unlabelled_window_x,unlabelled_window_x,False,xxxxxxx,0.6324862861759561,0.0,0.0
0.6071298633758543,0.2977865405763517,0.8271088407236447,0.0,True,xxxxxxxxxxxxxxxxxxxxxxxxxx,0.0,0.0455899662138972,False,10.599999999999994,0.0,False,0xxxxxxxxxxxxxxxxxxxxxxxxxxx,30.0,0.3,,5.0,153.11,True,24,0.0,0.0,False,xxxxxxxxxxxxxxxxxxxxxxxx,3.0,27,28,False,False,False,False,False,False,False,False,False,False,False,False,False,False,False,False,-1,False,unlabelled_window_x,unlabelled_window_x,False,xxxxxxx,0.1323425628772154,0.0,0.0
0.9928231824764048,0.2436907250495386,0.9987661414910108,0.0,False,xxxxxxxxxxxxxxxxxxxxxxxxxx,0.0,0.6367246357903134,False,10.599999999999994,0.0,False,1x0x0x0xxxxxxxxxxxxxxxxxxxxx,1.0,1.0,,5.0,152.63,True,24,0.0,0.0,False,0x0xxxxxxxxxxxxxxxxxxxxx,3.0,24,28,False,False,False,False,False,False,False,False,False,False,False,False,False,False,False,False,-1,False,unlabelled_window_x,unlabelled_window_x,False,xxxxxxx,0.6871073299732648,0.0,0.0
0.7439529285017958,0.3231383161708823,0.8471489487396261,0.0,True,xxxxxxxxxxxxxxxxxxxxxxxxxx,0.0,0.4224774102202861,False,10.599999999999994,0.0,False,xxxxxxxxxxxxxxxxxxxxxxxxxxxx,1.0,1.0,,5.0,151.7,True,24,0.0,0.0,False,xxxxxxxxxxxxxxxxxxxxxxxx,3.0,28,28,False,False,False,False,False,False,False,False,False,False,False,False,False,False,False,False,-1,False,unlabelled_window_x,unlabelled_window_x,False,xxxxxxx,0.4219179293084178,0.0,0.0
0.9913225231242322,0.2849431821251065,0.9983952731791714,0.0,False,xxxxxxxxxxxxxxxxxxxxxxxxxx,0.0,0.6592608307638299,False,10.599999999999994,0.0,False,1x0xxxxxxxxxxxxxxxxxxxxxxxxx,3.0,1.0,,5.0,150.72,True,24,0.0,0.0,False,xxxxxxxxxxxxxxxxxxxxxxxx,3.0,26,28,False,False,False,False,False,False,False,False,False,False,False,False,False,False,False,False,-1,False,unlabelled_window_x,unlabelled_window_x,False,xxxxxxx,0.6650571407529866,0.0,0.0
0.7160988473445539,0.3021496839249359,0.8410809624730117,0.0,True,xxxxxxxxxxxxxxxxxxxxxxxxxx,0.0,0.3598995343205323,False,10.599999999999994,0.0,False,xxxxxxxxxxxxxxxxxxxxxxxxxxxx,3.0,1.0,,5.0,151.78,True,24,0.0,0.0,False,xxxxxxxxxxxxxxxxxxxxxxxx,3.0,28,28,False,False,False,False,False,False,False,False,False,False,False,False,False,False,False,False,-1,False,unlabelled_window_x,unlabelled_window_x,False,xxxxxxx,0.3637304178289584,0.0,0.0
0.988447186021664,0.3130664277477712,0.9979284130674692,0.0,False,xxxxxxxxxxxxxxxxxxxxxxxxxx,0.0,0.6477108428741017,False,10.599999999999994,0.0,False,1xxxxxxxxxxxxxxxxxxxxxxxxxxx,10.0,1.0,,5.0,151.29,True,24,0.0,0.0,False,xxxxxxxxxxxxxxxxxxxxxxxx,3.0,27,28,False,False,False,False,False,False,False,False,False,False,False,False,False,False,False,False,-1,False,unlabelled_window_x,unlabelled_window_x,False,xxxxxxx,0.6472143351225887,0.0,0.0
0.6480571482976151,0.294875197341899,0.832998931090111,0.0,True,xxxxxxxxxxxxxxxxxxxxxxxxxx,0.0,0.1918254035010735,False,10.599999999999994,0.0,False,0xxxxxxxxxxxxxxxxxxxxxxxxxxx,10.0,1.0,,5.0,152.45,True,24,0.0,0.0,False,xxxxxxxxxxxxxxxxxxxxxxxx,3.0,27,28,False,False,False,False,False,False,False,False,False,False,False,False,False,False,False,False,-1,False,unlabelled_window_x,unlabelled_window_x,False,xxxxxxx,0.2333373087299619,0.0,0.0
0.985683256186356,0.3469269122470345,0.997651117833215,0.0,False,xxxxxxxxxxxxxxxxxxxxxxxxxx,0.0,0.6298873288427935,False,10.599999999999994,0.0,False,1xxxxxxxxxxxxxxxxxxxxxxxxxxx,30.0,1.0,,5.0,155.76,True,24,0.0,0.0,False,xxxxxxxxxxxxxxxxxxxxxxxx,3.0,27,28,False,False,False,False,False,False,False,False,False,False,False,False,False,False,False,False,-1,False,unlabelled_window_x,unlabelled_window_x,False,xxxxxxx,0.6294833545885413,0.0,0.0
0.6093770637724386,0.3032120668809455,0.8279630762492205,0.0,True,xxxxxxxxxxxxxxxxxxxxxxxxxx,0.0,0.0325529123196901,False,10.599999999999994,0.0,False,xxxxxxxxxxxxxxxxxxxxxxxxxxxx,30.0,1.0,,5.0,157.56,True,24,0.0,0.0,False,xxxxxxxxxxxxxxxxxxxxxxxx,3.0,28,28,False,False,False,False,False,False,False,False,False,False,False,False,False,False,False,False,-1,False,unlabelled_window_x,unlabelled_window_x,False,xxxxxxx,0.1332109850382349,0.0,0.0
0.9877819866515448,0.4767458973958475,0.9991174366373452,0.0,False,xxxxxxxxxxxxxxxxxxxxxxxxxx,0.0,0.5027961129156867,False,10.599999999999994,0.0,False,1xxxxxxxxxxxxxxxxxxxxxxxxxxx,1.0,3.0,,5.0,152.22,True,24,0.0,0.0,False,xxxxxxxxxxxxxxxxxxxxxxxx,3.0,27,28,False,False,False,False,False,False,False,False,False,False,False,False,False,False,False,False,-1,False,unlabelled_window_x,unlabelled_window_x,False,xxxxxxx,0.5044727785979184,0.0,0.0
0.650373078850043,0.5198461870621602,0.8562469025399335,0.0,True,xxxxxxxxxxxxxxxxxxxxxxxxxx,0.0,0.1310363234690257,False,10.599999999999994,0.0,False,xxxxxxxxxxxxxxxxxxxxxxxxxxxx,1.0,3.0,,5.0,152.77,True,24,0.0,0.0,False,xxxxxxxxxxxxxxxxxxxxxxxx,3.0,28,28,False,False,False,False,False,False,False,False,False,False,False,False,False,False,False,False,-1,False,unlabelled_window_x,unlabelled_window_x,False,xxxxxxx,0.1297072897689763,0.0,0.0
0.9900419224867176,0.3312301672706446,0.998757281336921,0.0,False,xxxxxxxxxxxxxxxxxxxxxxxxxx,0.0,0.5842000128565059,False,10.599999999999994,0.0,False,1xxxxxxxxxxxxxxxxxxxxxxxxxxx,3.0,3.0,,5.0,151.08,True,24,0.0,0.0,False,xxxxxxxxxxxxxxxxxxxxxxxx,3.0,27,28,False,False,False,False,False,False,False,False,False,False,False,False,False,False,False,False,-1,False,unlabelled_window_x,unlabelled_window_x,False,xxxxxxx,0.5955000067071079,0.0,0.0
0.6671049075713655,0.4318635569545741,0.8489428225501362,0.0,True,xxxxxxxxxxxxxxxxxxxxxxxxxx,0.0,0.1989031064067705,False,10.599999999999994,0.0,False,xxxxxxxxxxxxxxxxxxxxxxxxxxxx,3.0,3.0,,5.0,152.41,True,24,0.0,0.0,False,xxxxxxxxxxxxxxxxxxxxxxxx,3.0,28,28,False,False,False,False,False,False,False,False,False,False,False,False,False,False,False,False,-1,False,unlabelled_window_x,unlabelled_window_x,False,xxxxxxx,0.2054068891001008,0.0,0.0
0.9884950913866156,0.3469407011870292,0.9981990856494144,0.0,False,xxxxxxxxxxxxxxxxxxxxxxxxxx,0.0,0.6217920187610582,False,10.599999999999994,0.0,False,1xxxxxxxxxxxxxxxxxxxxxxxxxxx,10.0,3.0,,5.0,151.59,True,24,0.0,0.0,False,xxxxxxxxxxxxxxxxxxxxxxxx,3.0,27,28,False,False,False,False,False,False,False,False,False,False,False,False,False,False,False,False,-1,False,unlabelled_window_x,unlabelled_window_x,False,xxxxxxx,0.6212249087085656,0.0,0.0
0.6467780156563601,0.3435527331769418,0.8380735687712804,0.0,True,xxxxxxxxxxxxxxxxxxxxxxxxxx,0.0,0.1635202233872465,False,10.599999999999994,0.0,False,xxxxxxxxxxxxxxxxxxxxxxxxxxxx,10.0,3.0,,5.0,153.12,True,24,0.0,0.0,False,xxxxxxxxxxxxxxxxxxxxxxxx,3.0,28,28,False,False,False,False,False,False,False,False,False,False,False,False,False,False,False,False,-1,False,unlabelled_window_x,unlabelled_window_x,False,xxxxxxx,0.1971075663688087,0.0,0.0
0.9860185686292252,0.3625510651086324,0.9977868836717316,0.0,False,xxxxxxxxxxxxxxxxxxxxxxxxxx,0.0,0.6219821377147435,False,10.599999999999994,0.0,False,1xxxxxxxxxxxxxxxxxxxxxxxxxxx,30.0,3.0,,5.0,150.09,True,24,0.0,0.0,False,xxxxxxxxxxxxxxxxxxxxxxxx,3.0,27,28,False,False,False,False,False,False,False,False,False,False,False,False,False,False,False,False,-1,False,unlabelled_window_x,unlabelled_window_x,False,xxxxxxx,0.6220371940758562,0.0,0.0
0.6145422231721507,0.318768954829762,0.8303888694544562,0.0,True,xxxxxxxxxxxxxxxxxxxxxxxxxx,0.0,0.0412406813729143,False,10.599999999999994,0.0,False,xxxxxxxxxxxxxxxxxxxxxxxxxxxx,30.0,3.0,,5.0,156.9,True,24,0.0,0.0,False,xxxxxxxxxxxxxxxxxxxxxxxx,3.0,28,28,False,False,False,False,False,False,False,False,False,False,False,False,False,False,False,False,-1,False,unlabelled_window_x,unlabelled_window_x,False,xxxxxxx,0.1333856914402763,0.0,0.0
0.9939880622540548,0.2898896164263717,0.9990209104498902,0.0,False,xxxxxxxxxxxxxxxxxxxxxxxxxx,0.0,0.6761633286170419,False,10.599999999999994,0.0,False,10xxxxxxxxxxxxxxxxxxxxxxxxxx,1.0,0.1,,10.0,157.54,True,24,0.0,0.0,False,xxxxxxxxxxxxxxxxxxxxxxxx,3.0,26,28,False,False,False,False,False,False,False,False,False,False,False,False,False,False,False,False,-1,False,unlabelled_window_x,unlabelled_window_x,False,xxxxxxx,0.6761527741960655,0.0,0.0
0.7904506429471296,0.2093335641749837,0.8528219618411783,0.0,True,xxxxxxxxxxxxxxxxxxxxxxxxxx,0.0,0.583191781857346,False,10.599999999999994,0.0,False,x000000000000000000000000000,1.0,0.1,,10.0,155.95,True,24,1.0,1.0,False,000000000000000000000000,3.0,1,28,False,False,False,False,False,False,False,False,False,False,False,False,False,False,False,False,-1,False,unlabelled_window_x,stuck_low,False,xxxxxxx,0.5816482481375278,0.0,0.0
0.9939914066697076,0.2279660015812288,0.9987960067661764,0.0,False,xxxxxxxxxxxxxxxxxxxxxxxxxx,0.0,0.6708426449658037,False,10.599999999999994,0.0,False,1x0x0x0x0x0x0x0x0x0x0x0x0x0x,3.0,0.1,,10.0,155.76,True,24,0.5,0.0,False,0x0x0x0x0x0x0x0x0x0x0x0x,3.0,14,28,False,False,False,False,False,False,False,False,False,False,False,False,False,False,False,False,-1,False,unlabelled_window_x,unlabelled_window_x,False,xxxxxxx,0.7268854045779962,0.0,0.0
0.7659429627623494,0.2543296406314037,0.848244007998336,0.0,True,xxxxxxxxxxxxxxxxxxxxxxxxxx,0.0,0.5139090057570431,False,10.599999999999994,0.0,False,x000000000000000000000000000,3.0,0.1,,10.0,156.88,True,24,1.0,1.0,False,000000000000000000000000,3.0,1,28,False,False,False,False,False,False,False,False,False,False,False,False,False,False,False,False,-1,False,unlabelled_window_x,stuck_low,False,xxxxxxx,0.5111958991291226,0.0,0.0
0.9910419042449788,0.2581136687252635,0.9985530820987332,0.0,False,xxxxxxxxxxxxxxxxxxxxxxxxxx,0.0,0.6486008761237396,False,10.599999999999994,0.0,False,1x0x0xxxxxxxxxxxxxxxxxxxxxxx,10.0,0.1,,10.0,154.63,True,24,0.0,0.0,False,0xxxxxxxxxxxxxxxxxxxxxxx,3.0,25,28,False,False,False,False,False,False,False,False,False,False,False,False,False,False,False,False,-1,False,unlabelled_window_x,unlabelled_window_x,False,xxxxxxx,0.6635666528115991,0.0,0.0
0.7156288759370661,0.3388371249123743,0.8427598294599778,0.0,True,xxxxxxxxxxxxxxxxxxxxxxxxxx,0.0,0.3782413799986098,False,10.599999999999994,0.0,False,xxxxxxxxxxxxxxxxxxxxxxxxxxxx,10.0,0.1,,10.0,156.6,True,24,0.0,0.0,False,xxxxxxxxxxxxxxxxxxxxxxxx,3.0,28,28,False,False,False,False,False,False,False,False,False,False,False,False,False,False,False,False,-1,False,unlabelled_window_x,unlabelled_window_x,False,xxxxxxx,0.3784075358671202,0.0,0.0
0.989511266246446,0.2948792078381894,0.998426448355299,0.0,False,xxxxxxxxxxxxxxxxxxxxxxxxxx,0.0,0.6321136533169176,False,10.599999999999994,0.0,False,1x0xxxxxxxxxxxxxxxxxxxxxxxxx,30.0,0.1,,10.0,150.59,True,24,0.0,0.0,False,xxxxxxxxxxxxxxxxxxxxxxxx,3.0,26,28,False,False,False,False,False,False,False,False,False,False,False,False,False,False,False,False,-1,False,unlabelled_window_x,unlabelled_window_x,False,xxxxxxx,0.6366990820411167,0.0,0.0
0.6692237537360092,0.3537685355366586,0.8395753676119804,0.0,True,xxxxxxxxxxxxxxxxxxxxxxxxxx,0.0,0.2597850091184246,False,10.599999999999994,0.0,False,xxxxxxxxxxxxxxxxxxxxxxxxxxxx,30.0,0.1,,10.0,152.23,True,24,0.0,0.0,False,xxxxxxxxxxxxxxxxxxxxxxxx,3.0,28,28,False,False,False,False,False,False,False,False,False,False,False,False,False,False,False,False,-1,False,unlabelled_window_x,unlabelled_window_x,False,xxxxxxx,0.2817860176637209,0.0,0.0
0.9945271861103414,0.2607454896628027,0.9990674289477648,0.0,False,xxxxxxxxxxxxxxxxxxxxxxxxxx,0.0,0.6545359206391279,False,10.599999999999994,0.0,False,1xxxxxxxxxxxxxxx0x0x0x0x0x0x,1.0,0.3,,10.0,155.63,True,24,0.0,0.0,False,xxxxxxxxxxxx0x0x0x0x0x0x,3.0,21,28,False,False,False,False,False,False,False,False,False,False,False,False,False,False,False,False,-1,False,unlabelled_window_x,unlabelled_window_x,False,xxxxxxx,0.6679413179808005,0.0,0.0
0.7791891029826862,0.2452835291092601,0.8539001025410138,0.0,True,xxxxxxxxxxxxxxxxxxxxxxxxxx,0.0,0.5359084506719577,False,10.599999999999994,0.0,False,xx00000000000000000000000000,1.0,0.3,,10.0,156.02,True,24,1.0,1.0,False,000000000000000000000000,3.0,2,28,False,False,False,False,False,False,False,False,False,False,False,False,False,False,False,False,-1,False,unlabelled_window_x,stuck_low,False,xxxxxxx,0.5325090912997236,0.0,0.0
0.9939163482614743,0.239701216787521,0.9988357323885028,0.0,False,xxxxxxxxxxxxxxxxxxxxxxxxxx,0.0,0.6604296399325268,False,10.599999999999994,0.0,False,1x0x0x0x0x0x0x0x0x0xxxxxxxxx,3.0,0.3,,10.0,154.13,True,24,0.0,0.0,False,0x0x0x0x0x0x0x0xxxxxxxxx,3.0,18,28,False,False,False,False,False,False,False,False,False,False,False,False,False,False,False,False,-1,False,unlabelled_window_x,unlabelled_window_x,False,xxxxxxx,0.7149391562247436,0.0,0.0
0.7584389196013955,0.275607338338976,0.8491590940052907,0.0,True,xxxxxxxxxxxxxxxxxxxxxxxxxx,0.0,0.4851267844225179,False,10.599999999999994,0.0,False,xx00000000000000000000000000,3.0,0.3,,10.0,156.36,True,24,1.0,1.0,False,000000000000000000000000,3.0,2,28,False,False,False,False,False,False,False,False,False,False,False,False,False,False,False,False,-1,False,unlabelled_window_x,stuck_low,False,xxxxxxx,0.4810383754511599,0.0,0.0
0.991038212810524,0.2613096817369969,0.9985762115820372,0.0,False,xxxxxxxxxxxxxxxxxxxxxxxxxx,0.0,0.645307886257295,False,10.599999999999994,0.0,False,1x0x0xxxxxxxxxxxxxxxxxxxxxxx,10.0,0.3,,10.0,153.01,True,24,0.0,0.0,False,0xxxxxxxxxxxxxxxxxxxxxxx,3.0,25,28,False,False,False,False,False,False,False,False,False,False,False,False,False,False,False,False,-1,False,unlabelled_window_x,unlabelled_window_x,False,xxxxxxx,0.6604601643560781,0.0,0.0
0.7118982276361616,0.3473875174378448,0.8432795502159589,0.0,True,xxxxxxxxxxxxxxxxxxxxxxxxxx,0.0,0.3655017216060189,False,10.599999999999994,0.0,False,xxxxxxxxxxxxxxxxxxxxxxxxxxxx,10.0,0.3,,10.0,156.71,True,24,0.0,0.0,False,xxxxxxxxxxxxxxxxxxxxxxxx,3.0,28,28,False,False,False,False,False,False,False,False,False,False,False,False,False,False,False,False,-1,False,unlabelled_window_x,unlabelled_window_x,False,xxxxxxx,0.3658502364230744,0.0,0.0
0.9895261714461784,0.2952832106882671,0.9984364767550185,0.0,False,xxxxxxxxxxxxxxxxxxxxxxxxxx,0.0,0.6311436727848799,False,10.599999999999994,0.0,False,1x0xxxxxxxxxxxxxxxxxxxxxxxxx,30.0,0.3,,10.0,150.67,True,24,0.0,0.0,False,xxxxxxxxxxxxxxxxxxxxxxxx,3.0,26,28,False,False,False,False,False,False,False,False,False,False,False,False,False,False,False,False,-1,False,unlabelled_window_x,unlabelled_window_x,False,xxxxxxx,0.6358338774761216,0.0,0.0
0.6679937301159453,0.3563058367503512,0.839805781544953,0.0,True,xxxxxxxxxxxxxxxxxxxxxxxxxx,0.0,0.2549436990836305,False,10.599999999999994,0.0,False,xxxxxxxxxxxxxxxxxxxxxxxxxxxx,30.0,0.3,,10.0,156.1,True,24,0.0,0.0,False,xxxxxxxxxxxxxxxxxxxxxxxx,3.0,28,28,False,False,False,False,False,False,False,False,False,False,False,False,False,False,False,False,-1,False,unlabelled_window_x,unlabelled_window_x,False,xxxxxxx,0.2775952716093359,0.0,0.0
0.9931540137529696,0.3662610841974926,0.9991996750086276,0.0,False,xxxxxxxxxxxxxxxxxxxxxxxxxx,0.0,0.5908907753837076,False,10.599999999999994,0.0,False,1xxxxxxxxxxxxxxxxxxxxxxxxxxx,1.0,1.0,,10.0,152.51,True,24,0.0,0.0,False,xxxxxxxxxxxxxxxxxxxxxxxx,3.0,27,28,False,False,False,False,False,False,False,False,False,False,False,False,False,False,False,False,-1,False,unlabelled_window_x,unlabelled_window_x,False,xxxxxxx,0.6042133567407518,0.0,0.0
0.7212046317221098,0.3831786007102872,0.8575195724644822,0.0,True,xxxxxxxxxxxxxxxxxxxxxxxxxx,0.0,0.3396418356985914,False,10.599999999999994,0.0,False,xxxxxxxxxxxxxxxxxxxxxxxxxxxx,1.0,1.0,,10.0,152.86,True,24,0.0,0.0,False,xxxxxxxxxxxxxxxxxxxxxxxx,3.0,28,28,False,False,False,False,False,False,False,False,False,False,False,False,False,False,False,False,-1,False,unlabelled_window_x,unlabelled_window_x,False,xxxxxxx,0.3263485592303937,0.0,0.0
0.9933223684033764,0.2815674481789419,0.998956455730895,0.0,False,xxxxxxxxxxxxxxxxxxxxxxxxxx,0.0,0.6270750540993664,False,10.599999999999994,0.0,False,1x0x0xxxxxxxxxxxxxxxxxxxxxxx,3.0,1.0,,10.0,154.06,True,24,0.0,0.0,False,0xxxxxxxxxxxxxxxxxxxxxxx,3.0,25,28,False,False,False,False,False,False,False,False,False,False,False,False,False,False,False,False,-1,False,unlabelled_window_x,unlabelled_window_x,False,xxxxxxx,0.6751940347953389,0.0,0.0
0.7249824309196194,0.3551419230920802,0.8521018328594263,0.0,True,xxxxxxxxxxxxxxxxxxxxxxxxxx,0.0,0.3718731074119729,False,10.599999999999994,0.0,False,xxxxxxxxxxxxxxxxxxxxxxxxxxxx,3.0,1.0,,10.0,154.19,True,24,0.0,0.0,False,xxxxxxxxxxxxxxxxxxxxxxxx,3.0,28,28,False,False,False,False,False,False,False,False,False,False,False,False,False,False,False,False,-1,False,unlabelled_window_x,unlabelled_window_x,False,xxxxxxx,0.3616502110940933,0.0,0.0
0.9910003007426942,0.2725062398631171,0.9986496771800164,0.0,False,xxxxxxxxxxxxxxxxxxxxxxxxxx,0.0,0.6342142992729366,False,10.599999999999994,0.0,False,1x0xxxxxxxxxxxxxxxxxxxxxxxxx,10.0,1.0,,10.0,150.42,True,24,0.0,0.0,False,xxxxxxxxxxxxxxxxxxxxxxxx,3.0,26,28,False,False,False,False,False,False,False,False,False,False,False,False,False,False,False,False,-1,False,unlabelled_window_x,unlabelled_window_x,False,xxxxxxx,0.6500161938851629,0.0,0.0
0.6972447487147124,0.3731046837228449,0.8450121277799945,0.0,True,xxxxxxxxxxxxxxxxxxxxxxxxxx,0.0,0.3187138595589662,False,10.599999999999994,0.0,False,xxxxxxxxxxxxxxxxxxxxxxxxxxxx,10.0,1.0,,10.0,152.74,True,24,0.0,0.0,False,xxxxxxxxxxxxxxxxxxxxxxxx,3.0,28,28,False,False,False,False,False,False,False,False,False,False,False,False,False,False,False,False,-1,False,unlabelled_window_x,unlabelled_window_x,False,xxxxxxx,0.3205935960677268,0.0,0.0
0.9895711755801752,0.2969350298806602,0.9984701454155545,0.0,False,xxxxxxxxxxxxxxxxxxxxxxxxxx,0.0,0.6277843580451729,False,10.599999999999994,0.0,False,1x0xxxxxxxxxxxxxxxxxxxxxxxxx,30.0,1.0,,10.0,151.68,True,24,0.0,0.0,False,xxxxxxxxxxxxxxxxxxxxxxxx,3.0,26,28,False,False,False,False,False,False,False,False,False,False,False,False,False,False,False,False,-1,False,unlabelled_window_x,unlabelled_window_x,False,xxxxxxx,0.632839244434599,0.0,0.0
0.6632711293923513,0.3650981369226557,0.8405950213298841,0.0,True,xxxxxxxxxxxxxxxxxxxxxxxxxx,0.0,0.2377370385618046,False,10.599999999999994,0.0,False,xxxxxxxxxxxxxxxxxxxxxxxxxxxx,30.0,1.0,,10.0,152.87,True,24,0.0,0.0,False,xxxxxxxxxxxxxxxxxxxxxxxx,3.0,28,28,False,False,False,False,False,False,False,False,False,False,False,False,False,False,False,False,-1,False,unlabelled_window_x,unlabelled_window_x,False,xxxxxxx,0.2628223040011935,0.0,0.0
0.987293101317958,0.3689822754774695,0.999421369477422,0.0,False,xxxxxxxxxxxxxxxxxxxxxxxxxx,0.0,0.4567852545808814,False,10.599999999999994,0.0,False,1xxxxxxxxxxxxxxxxxxxxxxxxxxx,1.0,3.0,,10.0,151.11,True,24,0.0,0.0,False,xxxxxxxxxxxxxxxxxxxxxxxx,3.0,27,28,False,False,False,False,False,False,False,False,False,False,False,False,False,False,False,False,-1,False,unlabelled_window_x,unlabelled_window_x,False,xxxxxxx,0.4572772496312153,0.0,0.0
0.6542448158605741,0.5524521697813009,0.8656582002206263,0.0,True,xxxxxxxxxxxxxxxxxxxxxxxxxx,0.0,0.0681517727021581,False,10.599999999999994,0.0,False,xxxxxxxxxxxxxxxxxxxxxxxxxxxx,1.0,3.0,,10.0,154.78,True,24,0.0,0.0,False,xxxxxxxxxxxxxxxxxxxxxxxx,3.0,28,28,False,False,False,False,False,False,False,False,False,False,False,False,False,False,False,False,-1,False,unlabelled_window_x,unlabelled_window_x,False,xxxxxxx,0.0681047878970591,0.0,0.0
0.9909902984018708,0.414247503028238,0.9991891204333372,0.0,False,xxxxxxxxxxxxxxxxxxxxxxxxxx,0.0,0.5491794391482572,False,10.599999999999994,0.0,False,1xxxxxxxxxxxxxxxxxxxxxxxxxxx,3.0,3.0,,10.0,151.4,True,24,0.0,0.0,False,xxxxxxxxxxxxxxxxxxxxxxxx,3.0,27,28,False,False,False,False,False,False,False,False,False,False,False,False,False,False,False,False,-1,False,unlabelled_window_x,unlabelled_window_x,False,xxxxxxx,0.5625801159713802,0.0,0.0
0.625288960331626,0.5192954517490824,0.8591074908716687,0.0,True,xxxxxxxxxxxxxxxxxxxxxxxxxx,0.0,0.1064233187386274,False,10.599999999999994,0.0,False,xxxxxxxxxxxxxxxxxxxxxxxxxxxx,3.0,3.0,,10.0,154.83,True,24,0.0,0.0,False,xxxxxxxxxxxxxxxxxxxxxxxx,3.0,28,28,False,False,False,False,False,False,False,False,False,False,False,False,False,False,False,False,-1,False,unlabelled_window_x,unlabelled_window_x,False,xxxxxxx,0.1028771520745771,0.0,0.0
0.9908908500590392,0.305857535837553,0.9988257807568218,0.0,False,xxxxxxxxxxxxxxxxxxxxxxxxxx,0.0,0.6052892497936783,False,10.599999999999994,0.0,False,1xxxxxxxxxxxxxxxxxxxxxxxxxxx,10.0,3.0,,10.0,154.23,True,24,0.0,0.0,False,xxxxxxxxxxxxxxxxxxxxxxxx,3.0,27,28,False,False,False,False,False,False,False,False,False,False,False,False,False,False,False,False,-1,False,unlabelled_window_x,unlabelled_window_x,False,xxxxxxx,0.6222897122102277,0.0,0.0
0.6466708908181282,0.439575081387946,0.8494357868681482,0.0,True,xxxxxxxxxxxxxxxxxxxxxxxxxx,0.0,0.1785224260540178,False,10.599999999999994,0.0,False,xxxxxxxxxxxxxxxxxxxxxxxxxxxx,10.0,3.0,,10.0,153.92,True,24,0.0,0.0,False,xxxxxxxxxxxxxxxxxxxxxxxx,3.0,28,28,False,False,False,False,False,False,False,False,False,False,False,False,False,False,False,False,-1,False,unlabelled_window_x,unlabelled_window_x,False,xxxxxxx,0.1912815431214004,0.0,0.0
0.9897013865751276,0.3026870031813172,0.9985613707945444,0.0,False,xxxxxxxxxxxxxxxxxxxxxxxxxx,0.0,0.6184565423048385,False,10.599999999999994,0.0,False,1xxxxxxxxxxxxxxxxxxxxxxxxxxx,30.0,3.0,,10.0,148.02,True,24,0.0,0.0,False,xxxxxxxxxxxxxxxxxxxxxxxx,3.0,27,28,False,False,False,False,False,False,False,False,False,False,False,False,False,False,False,False,-1,False,unlabelled_window_x,unlabelled_window_x,False,xxxxxxx,0.6245141822865622,0.0,0.0
0.6499318450421099,0.3895057590855411,0.8427137816388913,0.0,True,xxxxxxxxxxxxxxxxxxxxxxxxxx,0.0,0.1874617832167029,False,10.599999999999994,0.0,False,xxxxxxxxxxxxxxxxxxxxxxxxxxxx,30.0,3.0,,10.0,146.85,True,24,0.0,0.0,False,xxxxxxxxxxxxxxxxxxxxxxxx,3.0,28,28,False,False,False,False,False,False,False,False,False,False,False,False,False,False,False,False,-1,False,unlabelled_window_x,unlabelled_window_x,False,xxxxxxx,0.2209444392383668,0.0,0.0
0.9894908380243356,0.1928252615741199,0.9994626825208685,0.0,False,xxxxxxxxxxxxxxxxxxxxxxxxxx,0.0,0.5492586083216935,False,10.599999999999994,0.0,False,10xxxxxxxxxxxxxxxxxxxxxxxxxx,1.0,0.1,,20.0,150.86,True,24,0.0,0.0,False,xxxxxxxxxxxxxxxxxxxxxxxx,3.0,26,28,False,False,False,False,False,False,False,False,False,False,False,False,False,False,False,False,-1,False,unlabelled_window_x,unlabelled_window_x,False,xxxxxxx,0.5438041638745599,0.0,0.0
0.6396242519912234,0.469830431253684,0.8510338693233631,0.0,True,xxxxxxxxxxxxxxxxxxxxxxxxxx,0.0,0.1700036134117015,False,10.599999999999994,0.0,False,xxxxxxxxxxxxxxxxxxxxxxxxxxxx,1.0,0.1,,20.0,150.07,True,24,0.0,0.0,False,xxxxxxxxxxxxxxxxxxxxxxxx,3.0,28,28,False,False,False,False,False,False,False,False,False,False,False,False,False,False,False,False,-1,False,unlabelled_window_x,unlabelled_window_x,False,xxxxxxx,0.1699399487192927,0.0,0.0
0.9890267555558808,0.2808631283227606,0.9993501631330186,0.0,False,xxxxxxxxxxxxxxxxxxxxxxxxxx,0.0,0.5589521086413449,False,10.599999999999994,0.0,False,10xxxxxxxxxxxxxxxxxxxxxxxxxx,3.0,0.1,,20.0,148.79,True,24,0.0,0.0,False,xxxxxxxxxxxxxxxxxxxxxxxx,3.0,26,28,False,False,False,False,False,False,False,False,False,False,False,False,False,False,False,False,-1,False,unlabelled_window_x,unlabelled_window_x,False,xxxxxxx,0.5598617349768927,0.0,0.0
0.6242104599132904,0.4871773455792758,0.8473634608149954,0.0,True,xxxxxxxxxxxxxxxxxxxxxxxxxx,0.0,0.1260655580563544,False,10.599999999999994,0.0,False,xxxxxxxxxxxxxxxxxxxxxxxxxxxx,3.0,0.1,,20.0,148.79,True,24,0.0,0.0,False,xxxxxxxxxxxxxxxxxxxxxxxx,3.0,28,28,False,False,False,False,False,False,False,False,False,False,False,False,False,False,False,False,-1,False,unlabelled_window_x,unlabelled_window_x,False,xxxxxxx,0.1251936025244592,0.0,0.0
0.9876061729367208,0.3423462749367091,0.9992346283506696,0.0,False,xxxxxxxxxxxxxxxxxxxxxxxxxx,0.0,0.5518596019750792,False,10.599999999999994,0.0,False,1xxxxxxxxxxxxxxxxxxxxxxxxxxx,10.0,0.1,,20.0,150.1,True,24,0.0,0.0,False,xxxxxxxxxxxxxxxxxxxxxxxx,3.0,27,28,False,False,False,False,False,False,False,False,False,False,False,False,False,False,False,False,-1,False,unlabelled_window_x,unlabelled_window_x,False,xxxxxxx,0.5518384325200791,0.0,0.0
0.6211680568551567,0.512322303192043,0.8430093211934043,0.0,True,xxxxxxxxxxxxxxxxxxxxxxxxxx,0.0,0.0648202854242928,False,10.599999999999994,0.0,False,xxxxxxxxxxxxxxxxxxxxxxxxxxxx,10.0,0.1,,20.0,150.75,True,24,0.0,0.0,False,xxxxxxxxxxxxxxxxxxxxxxxx,3.0,28,28,False,False,False,False,False,False,False,False,False,False,False,False,False,False,False,False,-1,False,unlabelled_window_x,unlabelled_window_x,False,xxxxxxx,0.0629949252213299,0.0,0.0
0.9863405039098698,0.3662833998263667,0.9991770966590092,0.0,False,xxxxxxxxxxxxxxxxxxxxxxxxxx,0.0,0.5439911765556336,False,10.599999999999994,0.0,False,1xxxxxxxxxxxxxxxxxxxxxxxxxxx,30.0,0.1,,20.0,149.29,True,24,0.0,0.0,False,xxxxxxxxxxxxxxxxxxxxxxxx,3.0,27,28,False,False,False,False,False,False,False,False,False,False,False,False,False,False,False,False,-1,False,unlabelled_window_x,unlabelled_window_x,False,xxxxxxx,0.5440915390518406,0.0,0.0
0.6228786853465046,0.5126435741807819,0.8405578991409864,0.0,True,xxxxxxxxxxxxxxxxxxxxxxxxxx,0.0,0.0306028410761254,False,10.599999999999994,0.0,False,xxxxxxxxxxxxxxxxxxxxxxxxxxxx,30.0,0.1,,20.0,148.04,True,24,0.0,0.0,False,xxxxxxxxxxxxxxxxxxxxxxxx,3.0,28,28,False,False,False,False,False,False,False,False,False,False,False,False,False,False,False,False,-1,False,unlabelled_window_x,unlabelled_window_x,False,xxxxxxx,0.0295519876010094,0.0,0.0
0.9884049073046792,0.2196077807994828,0.9994868676491409,0.0,False,xxxxxxxxxxxxxxxxxxxxxxxxxx,0.0,0.5297109752491704,False,10.599999999999994,0.0,False,10xxxxxxxxxxxxxxxxxxxxxxxxxx,1.0,0.3,,20.0,150.95,True,24,0.0,0.0,False,xxxxxxxxxxxxxxxxxxxxxxxx,3.0,26,28,False,False,False,False,False,False,False,False,False,False,False,False,False,False,False,False,-1,False,unlabelled_window_x,unlabelled_window_x,False,xxxxxxx,0.5270311024003599,0.0,0.0
0.6577152783723921,0.4861593696545176,0.8519505391779988,0.0,True,xxxxxxxxxxxxxxxxxxxxxxxxxx,0.0,0.1421453082801965,False,10.599999999999994,0.0,False,xxxxxxxxxxxxxxxxxxxxxxxxxxxx,1.0,0.3,,20.0,147.55,True,24,0.0,0.0,False,xxxxxxxxxxxxxxxxxxxxxxxx,3.0,28,28,False,False,False,False,False,False,False,False,False,False,False,False,False,False,False,False,-1,False,unlabelled_window_x,unlabelled_window_x,False,xxxxxxx,0.1421409795893902,0.0,0.0
0.9887907918826176,0.2908288488910754,0.9993712141987432,0.0,False,xxxxxxxxxxxxxxxxxxxxxxxxxx,0.0,0.5489608600669771,False,10.599999999999994,0.0,False,1xxxxxxxxxxxxxxxxxxxxxxxxxxx,3.0,0.3,,20.0,150.35,True,24,0.0,0.0,False,xxxxxxxxxxxxxxxxxxxxxxxx,3.0,27,28,False,False,False,False,False,False,False,False,False,False,False,False,False,False,False,False,-1,False,unlabelled_window_x,unlabelled_window_x,False,xxxxxxx,0.5500139634549037,0.0,0.0
0.6380237904322801,0.4961885153843843,0.848084385085803,0.0,True,xxxxxxxxxxxxxxxxxxxxxxxxxx,0.0,0.1108503466763002,False,10.599999999999994,0.0,False,xxxxxxxxxxxxxxxxxxxxxxxxxxxx,3.0,0.3,,20.0,148.48,True,24,0.0,0.0,False,xxxxxxxxxxxxxxxxxxxxxxxx,3.0,28,28,False,False,False,False,False,False,False,False,False,False,False,False,False,False,False,False,-1,False,unlabelled_window_x,unlabelled_window_x,False,xxxxxxx,0.1104790969516477,0.0,0.0
0.9875537512069764,0.3442254725497525,0.99924636109701,0.0,False,xxxxxxxxxxxxxxxxxxxxxxxxxx,0.0,0.5485813734040974,False,10.599999999999994,0.0,False,1xxxxxxxxxxxxxxxxxxxxxxxxxxx,10.0,0.3,,20.0,145.59,True,24,0.0,0.0,False,xxxxxxxxxxxxxxxxxxxxxxxx,3.0,27,28,False,False,False,False,False,False,False,False,False,False,False,False,False,False,False,False,-1,False,unlabelled_window_x,unlabelled_window_x,False,xxxxxxx,0.5485323610800772,0.0,0.0
0.626720017804086,0.5150748023123162,0.8434094182382477,0.0,True,xxxxxxxxxxxxxxxxxxxxxxxxxx,0.0,0.0606216662407252,False,10.599999999999994,0.0,False,xxxxxxxxxxxxxxxxxxxxxxxxxxxx,10.0,0.3,,20.0,147.91,True,24,0.0,0.0,False,xxxxxxxxxxxxxxxxxxxxxxxx,3.0,28,28,False,False,False,False,False,False,False,False,False,False,False,False,False,False,False,False,-1,False,unlabelled_window_x,unlabelled_window_x,False,xxxxxxx,0.0591785616236552,0.0,0.0
0.9863236518388138,0.3657788611632665,0.9991820331117478,0.0,False,xxxxxxxxxxxxxxxxxxxxxxxxxx,0.0,0.5429575836597602,False,10.599999999999994,0.0,False,1xxxxxxxxxxxxxxxxxxxxxxxxxxx,30.0,0.3,,20.0,144.2,True,24,0.0,0.0,False,xxxxxxxxxxxxxxxxxxxxxxxx,3.0,27,28,False,False,False,False,False,False,False,False,False,False,False,False,False,False,False,False,-1,False,unlabelled_window_x,unlabelled_window_x,False,xxxxxxx,0.5430500581661888,0.0,0.0
0.6248592436121615,0.5125360489892112,0.8407319796976035,0.0,True,xxxxxxxxxxxxxxxxxxxxxxxxxx,0.0,0.0296343434108136,False,10.599999999999994,0.0,False,xxxxxxxxxxxxxxxxxxxxxxxxxxxx,30.0,0.3,,20.0,149.4,True,24,0.0,0.0,False,xxxxxxxxxxxxxxxxxxxxxxxx,3.0,28,28,False,False,False,False,False,False,False,False,False,False,False,False,False,False,False,False,-1,False,unlabelled_window_x,unlabelled_window_x,False,xxxxxxx,0.0286852453619245,0.0,0.0
0.9904251413445684,0.2630014344879222,0.9995543402096208,0.0,False,xxxxxxxxxxxxxxxxxxxxxxxxxx,0.0,0.4690055862357531,False,10.599999999999994,0.0,False,10111xxxxxxxxxxxxxxxxxxxxxxx,1.0,1.0,,20.0,146.72,True,24,0.0,0.0,False,1xxxxxxxxxxxxxxxxxxxxxxx,3.0,23,28,False,False,False,False,False,False,False,False,False,False,False,False,False,False,False,False,-1,False,unlabelled_window_x,unlabelled_window_x,False,xxxxxxx,0.3651946922230713,0.0,0.0
0.7145951307194345,0.4973738393266772,0.8548644105831679,0.0,True,xxxxxxxxxxxxxxxxxxxxxxxxxx,0.0,0.0839597862610001,False,10.599999999999994,0.0,False,1xxxxxxxxxxxxxxxxxxxxxxxxxxx,1.0,1.0,,20.0,146.41,True,24,0.0,0.0,False,xxxxxxxxxxxxxxxxxxxxxxxx,3.0,27,28,False,False,False,False,False,False,False,False,False,False,False,False,False,False,False,False,-1,False,unlabelled_window_x,unlabelled_window_x,False,xxxxxxx,0.0839591934653088,0.0,0.0
0.987809254793546,0.3108074286001352,0.9994327542096004,0.0,False,xxxxxxxxxxxxxxxxxxxxxxxxxx,0.0,0.5163703933857259,False,10.599999999999994,0.0,False,1xxxxxxxxxxxxxxxxxxxxxxxxxxx,3.0,1.0,,20.0,149.41,True,24,0.0,0.0,False,xxxxxxxxxxxxxxxxxxxxxxxx,3.0,27,28,False,False,False,False,False,False,False,False,False,False,False,False,False,False,False,False,-1,False,unlabelled_window_x,unlabelled_window_x,False,xxxxxxx,0.5116561993974384,0.0,0.0
0.6781163732143691,0.5192205534817992,0.8504496025786357,0.0,True,xxxxxxxxxxxxxxxxxxxxxxxxxx,0.0,0.0742302650255191,False,10.599999999999994,0.0,False,xxxxxxxxxxxxxxxxxxxxxxxxxxxx,3.0,1.0,,20.0,148.18,True,24,0.0,0.0,False,xxxxxxxxxxxxxxxxxxxxxxxx,3.0,28,28,False,False,False,False,False,False,False,False,False,False,False,False,False,False,False,False,-1,False,unlabelled_window_x,unlabelled_window_x,False,xxxxxxx,0.0742284537948867,0.0,0.0
0.9873675187086236,0.3483532340777246,0.999283554775132,0.0,False,xxxxxxxxxxxxxxxxxxxxxxxxxx,0.0,0.5373526917540261,False,10.599999999999994,0.0,False,1xxxxxxxxxxxxxxxxxxxxxxxxxxx,10.0,1.0,,20.0,148.18,True,24,0.0,0.0,False,xxxxxxxxxxxxxxxxxxxxxxxx,3.0,27,28,False,False,False,False,False,False,False,False,False,False,False,False,False,False,False,False,-1,False,unlabelled_window_x,unlabelled_window_x,False,xxxxxxx,0.5372537393565155,0.0,0.0
0.6447823022293114,0.5205240177934881,0.8447504176213949,0.0,True,xxxxxxxxxxxxxxxxxxxxxxxxxx,0.0,0.0484430698756617,False,10.599999999999994,0.0,False,xxxxxxxxxxxxxxxxxxxxxxxxxxxx,10.0,1.0,,20.0,146.88,True,24,0.0,0.0,False,xxxxxxxxxxxxxxxxxxxxxxxx,3.0,28,28,False,False,False,False,False,False,False,False,False,False,False,False,False,False,False,False,-1,False,unlabelled_window_x,unlabelled_window_x,False,xxxxxxx,0.0481602036822272,0.0,0.0
0.9863124854648984,0.3661307947403616,0.9991986411860032,0.0,False,xxxxxxxxxxxxxxxxxxxxxxxxxx,0.0,0.5393534504127555,False,10.599999999999994,0.0,False,1xxxxxxxxxxxxxxxxxxxxxxxxxxx,30.0,1.0,,20.0,144.8,True,24,0.0,0.0,False,xxxxxxxxxxxxxxxxxxxxxxxx,3.0,27,28,False,False,False,False,False,False,False,False,False,False,False,False,False,False,False,False,-1,False,unlabelled_window_x,unlabelled_window_x,False,xxxxxxx,0.5394204581125406,0.0,0.0
0.631617405064488,0.5128847342765128,0.8413296464157634,0.0,True,xxxxxxxxxxxxxxxxxxxxxxxxxx,0.0,0.0265024035827677,False,10.599999999999994,0.0,False,xxxxxxxxxxxxxxxxxxxxxxxxxxxx,30.0,1.0,,20.0,145.03,True,24,0.0,0.0,False,xxxxxxxxxxxxxxxxxxxxxxxx,3.0,28,28,False,False,False,False,False,False,False,False,False,False,False,False,False,False,False,False,-1,False,unlabelled_window_x,unlabelled_window_x,False,xxxxxxx,0.0258545733296543,0.0,0.0
0.9925579157762026,0.1995684029304165,0.9996652611310572,0.0,False,1xx1xxxxxxxxxxxxxxxxxxxxxx,0.0769230769230769,0.3231011479540299,False,10.599999999999994,0.0,False,101x111xxxxxxxxxxxxxxxxxxxxx,1.0,3.0,,20.0,146.05,True,24,0.0,0.0,False,111xxxxxxxxxxxxxxxxxxxxx,3.0,22,28,False,False,False,False,False,False,False,False,False,False,False,False,False,False,False,False,-1,False,unlabelled_window_x,unlabelled_window_x,False,1xx1xxx,0.4165913785882641,0.0,0.2857142857142857
0.7918774661555389,0.4071186299718584,0.861501697831703,0.0,True,xxxxxxxxxxxxxxxxxxxxxxxxxx,0.0,0.0310099655222897,False,10.599999999999994,0.0,False,1xxxxxxxxxxxxxxxxxxxxxxxxxxx,1.0,3.0,,20.0,147.48,True,24,0.0,0.0,False,xxxxxxxxxxxxxxxxxxxxxxxx,3.0,27,28,False,False,False,False,False,False,False,False,False,False,False,False,False,False,False,False,-1,False,unlabelled_window_x,unlabelled_window_x,False,xxxxxxx,0.0471856638764977,0.0,0.0
0.981071917850285,0.3105833658508688,0.9995492793404676,0.0,False,x11xxxxxxxxxxxxxxxxxxxxxxx,0.0769230769230769,0.2659440476271725,False,10.599999999999994,0.0,False,1x11111111111111111111111111,3.0,3.0,,20.0,145.54,True,24,1.0,1.0,False,111111111111111111111111,3.0,1,28,False,False,False,False,False,False,False,False,False,False,False,False,False,False,False,False,-1,False,unlabelled_window_x,stuck_high,False,x11xxxx,0.3185826313721932,0.0,0.2857142857142857
0.7488772356494788,0.4898081945948812,0.8561702049001957,0.0,True,xxxxxxxxxxxxxxxxxxxxxxxxxx,0.0,0.031623273461118,False,10.599999999999994,0.0,False,1xxxxxxxxxxxxxxxxxxxxxxxxxxx,3.0,3.0,,20.0,147.16,True,24,0.0,0.0,False,xxxxxxxxxxxxxxxxxxxxxxxx,3.0,27,28,False,False,False,False,False,False,False,False,False,False,False,False,False,False,False,False,-1,False,unlabelled_window_x,unlabelled_window_x,False,xxxxxxx,0.0320755357186405,0.0,0.0
0.9866045258176532,0.3529206884308353,0.9993707699958918,0.0,False,xxxxxxxxxxxxxxxxxxxxxxxxxx,0.0,0.5070335476696155,False,10.599999999999994,0.0,False,1xxxxxxxxxxxxxxxxxxxxxxxxxxx,10.0,3.0,,20.0,148.57,True,24,0.0,0.0,False,xxxxxxxxxxxxxxxxxxxxxxxx,3.0,27,28,False,False,False,False,False,False,False,False,False,False,False,False,False,False,False,False,-1,False,unlabelled_window_x,unlabelled_window_x,False,xxxxxxx,0.5071948742105685,0.0,0.0
0.6868055819062048,0.5402848208918613,0.8483553974220223,0.0,True,xxxxxxxxxxxxxxxxxxxxxxxxxx,0.0,0.0273771957178764,False,10.599999999999994,0.0,False,xxxxxxxxxxxxxxxxxxxxxxxxxxxx,10.0,3.0,,20.0,147.23,True,24,0.0,0.0,False,xxxxxxxxxxxxxxxxxxxxxxxx,3.0,28,28,False,False,False,False,False,False,False,False,False,False,False,False,False,False,False,False,-1,False,unlabelled_window_x,unlabelled_window_x,False,xxxxxxx,0.0273771101937881,0.0,0.0
0.98626048699845,0.3675570363386065,0.9992433553714408,0.0,False,xxxxxxxxxxxxxxxxxxxxxxxxxx,0.0,0.5291748312286819,False,10.599999999999994,0.0,False,1xxxxxxxxxxxxxxxxxxxxxxxxxxx,30.0,3.0,,20.0,150.08,True,24,0.0,0.0,False,xxxxxxxxxxxxxxxxxxxxxxxx,3.0,27,28,False,False,False,False,False,False,False,False,False,False,False,False,False,False,False,False,-1,False,unlabelled_window_x,unlabelled_window_x,False,xxxxxxx,0.5291997691777022,0.0,0.0
0.6495446286224245,0.5161489222601876,0.8430206020399025,0.0,True,xxxxxxxxxxxxxxxxxxxxxxxxxx,0.0,0.019344262202861,False,10.599999999999994,0.0,False,xxxxxxxxxxxxxxxxxxxxxxxxxxxx,30.0,3.0,,20.0,146.78,True,24,0.0,0.0,False,xxxxxxxxxxxxxxxxxxxxxxxx,3.0,28,28,False,False,False,False,False,False,False,False,False,False,False,False,False,False,False,False,-1,False,unlabelled_window_x,unlabelled_window_x,False,xxxxxxx,0.0191716349052243,0.0,0.0
0.8496527044989446,0.2515999254112515,0.8499599299430817,0.0,False,xx1x1x1x1x1x1x1x1x1x1x1x1x,0.4615384615384615,0.4356262568601086,False,10.599999999999994,0.0,False,1x1x1x1010101010101010101010,1.0,0.1,,1.0,146.18,True,24,1.0,0.0,False,1x1010101010101010101010,10.0,3,28,False,False,False,False,False,False,True,True,True,True,True,True,True,False,False,True,6,True,unlabelled_window_x,unlabelled_window_x,False,xx1x1x1,0.4346938737209362,0.0,0.4285714285714285
0.5506857846772899,0.4672607939726992,0.5518047913898374,0.0,True,xxxxxxxxxxxxxxxxxxxxxxxxxx,0.0,0.0096388519164959,False,10.599999999999994,0.0,False,xxxxxxxxxxxxxxxxxxxxxxxxxxxx,1.0,0.1,,1.0,145.99,True,24,0.0,0.0,False,xxxxxxxxxxxxxxxxxxxxxxxx,10.0,28,28,False,False,False,False,False,False,False,False,False,False,False,False,False,False,False,False,-1,False,unlabelled_window_x,unlabelled_window_x,False,xxxxxxx,0.0096390623584841,0.0,0.0
0.850091802486939,0.2601844965757426,0.8501336298429428,0.0,False,xx1x1x1x1x1x1x1x1x1x1x1x1x,0.4615384615384615,0.4398643285026973,False,10.599999999999994,0.0,False,1x1x1x1x1x1x1x1x1x1x1x1x1x1x,3.0,0.1,,1.0,148.41,True,24,0.5,0.0,False,1x1x1x1x1x1x1x1x1x1x1x1x,10.0,14,28,False,False,False,False,False,False,False,False,False,False,False,False,False,False,False,False,-1,False,unlabelled_window_x,unlabelled_window_x,False,xx1x1x1,0.393327516164723,0.0,0.4285714285714285
0.547688644125521,0.4672631164245132,0.5487603454021699,0.0,True,xxxxxxxxxxxxxxxxxxxxxxxxxx,0.0,0.0060215047440397,False,10.599999999999994,0.0,False,xxxxxxxxxxxxxxxxxxxxxxxxxxxx,3.0,0.1,,1.0,147.48,True,24,0.0,0.0,False,xxxxxxxxxxxxxxxxxxxxxxxx,10.0,28,28,False,False,False,False,False,False,False,False,False,False,False,False,False,False,False,False,-1,False,unlabelled_window_x,unlabelled_window_x,False,xxxxxxx,0.0060216236733017,0.0,0.0
0.8494395599741821,0.2824627558331643,0.8495005792870226,0.0,False,xx1x1x1x1x1x1x1x1x1x1x1x1x,0.4615384615384615,0.4298245844892672,False,10.599999999999994,0.0,False,1x1x1x1x1x1x1x1x1x1x1x1x1x1x,10.0,0.1,,1.0,146.05,True,24,0.5,0.0,False,1x1x1x1x1x1x1x1x1x1x1x1x,10.0,14,28,False,False,False,False,False,False,False,False,False,False,False,False,False,False,False,False,-1,False,unlabelled_window_x,unlabelled_window_x,False,xx1x1x1,0.3119432896711364,0.0,0.4285714285714285
0.5454382725801356,0.467269024649887,0.546546958380488,0.0,True,xxxxxxxxxxxxxxxxxxxxxxxxxx,0.0,0.0026246619723656,False,10.599999999999994,0.0,False,xxxxxxxxxxxxxxxxxxxxxxxxxxxx,10.0,0.1,,1.0,146.67,True,24,0.0,0.0,False,xxxxxxxxxxxxxxxxxxxxxxxx,10.0,28,28,False,False,False,False,False,False,False,False,False,False,False,False,False,False,False,False,-1,False,unlabelled_window_x,unlabelled_window_x,False,xxxxxxx,0.0026246708618113,0.0,0.0
0.8486529305026642,0.2967479129785558,0.848730003810654,0.0,False,xx1x1x1x1x1x1x1x1x1x1x1x1x,0.4615384615384615,0.4204348036266912,False,10.599999999999994,0.0,False,1x1x1x1x1x1x1x1x1x1x1x1x1x1x,30.0,0.1,,1.0,154.34,True,24,0.5,0.0,False,1x1x1x1x1x1x1x1x1x1x1x1x,10.0,14,28,False,False,False,False,False,False,False,False,False,False,False,False,False,False,False,False,-1,False,unlabelled_window_x,unlabelled_window_x,False,xx1x1x1,0.2779862239676578,0.0,0.4285714285714285
0.5457278744535796,0.4672728646719383,0.5459355173471356,0.0,True,xxxxxxxxxxxxxxxxxxxxxxxxxx,0.0,0.0010738285136326,False,10.599999999999994,0.0,False,xxxxxxxxxxxxxxxxxxxxxxxxxxxx,30.0,0.1,,1.0,151.22,True,24,0.0,0.0,False,xxxxxxxxxxxxxxxxxxxxxxxx,10.0,28,28,False,False,False,False,False,False,False,False,False,False,False,False,False,False,False,False,-1,False,unlabelled_window_x,unlabelled_window_x,False,xxxxxxx,0.0010737975161517,0.0,0.0
0.850321473324847,0.2838124286405469,0.8504508448776606,0.0,False,xx1x1x1x1x1x1x1x1x1x1x1x1x,0.4615384615384615,0.4108343128300706,False,10.599999999999994,0.0,False,1x1x1x1x10101010101010101010,1.0,0.3,,1.0,145.34,True,24,1.0,0.0,False,1x1x10101010101010101010,10.0,4,28,False,False,False,False,False,False,False,False,True,True,True,True,True,False,False,False,8,True,unlabelled_window_x,unlabelled_window_x,False,xx1x1x1,0.3632254110899084,0.0,0.4285714285714285
0.5518460718712573,0.4672112540501766,0.5524297045696196,0.0,True,xxxxxxxxxxxxxxxxxxxxxxxxxx,0.0,0.0089219180230621,False,10.599999999999994,0.0,False,xxxxxxxxxxxxxxxxxxxxxxxxxxxx,1.0,0.3,,1.0,147.49,True,24,0.0,0.0,False,xxxxxxxxxxxxxxxxxxxxxxxx,10.0,28,28,False,False,False,False,False,False,False,False,False,False,False,False,False,False,False,False,-1,False,unlabelled_window_x,unlabelled_window_x,False,xxxxxxx,0.008921955106978,0.0,0.0
0.850224060167648,0.2783543450429448,0.8502727144195609,0.0,False,xx1x1x1x1x1x1x1x1x1x1x1x1x,0.4615384615384615,0.4246874688505488,False,10.599999999999994,0.0,False,1x1x1x1x1x1x1x1x1x1x1x1x1x1x,3.0,0.3,,1.0,145.96,True,24,0.5,0.0,False,1x1x1x1x1x1x1x1x1x1x1x1x,10.0,14,28,False,False,False,False,False,False,False,False,False,False,False,False,False,False,False,False,-1,False,unlabelled_window_x,unlabelled_window_x,False,xx1x1x1,0.3518284970120356,0.0,0.4285714285714285
0.5484803452471131,0.4672399737920926,0.5491674260104097,0.0,True,xxxxxxxxxxxxxxxxxxxxxxxxxx,0.0,0.005721870634418,False,10.599999999999994,0.0,False,xxxxxxxxxxxxxxxxxxxxxxxxxxxx,3.0,0.3,,1.0,147.58,True,24,0.0,0.0,False,xxxxxxxxxxxxxxxxxxxxxxxx,10.0,28,28,False,False,False,False,False,False,False,False,False,False,False,False,False,False,False,False,-1,False,unlabelled_window_x,unlabelled_window_x,False,xxxxxxx,0.0057219604715775,0.0,0.0
0.8494234983452615,0.2889819985156311,0.8494878418396444,0.0,False,xx1x1x1x1x1x1x1x1x1x1x1x1x,0.4615384615384615,0.4243515227326355,False,10.599999999999994,0.0,False,1x1x1x1x1x1x1x1x1x1x1x1x1x1x,10.0,0.3,,1.0,148.53,True,24,0.5,0.0,False,1x1x1x1x1x1x1x1x1x1x1x1x,10.0,14,28,False,False,False,False,False,False,False,False,False,False,False,False,False,False,False,False,-1,False,unlabelled_window_x,unlabelled_window_x,False,xx1x1x1,0.3006004454196226,0.0,0.4285714285714285
0.5457675639572994,0.4672638526923341,0.5466736214964105,0.0,True,xxxxxxxxxxxxxxxxxxxxxxxxxx,0.0,0.0025534166176988,False,10.599999999999994,0.0,False,xxxxxxxxxxxxxxxxxxxxxxxxxxxx,10.0,0.3,,1.0,147.05,True,24,0.0,0.0,False,xxxxxxxxxxxxxxxxxxxxxxxx,10.0,28,28,False,False,False,False,False,False,False,False,False,False,False,False,False,False,False,False,-1,False,unlabelled_window_x,unlabelled_window_x,False,xxxxxxx,0.0025534352204377,0.0,0.0
0.8486434739589862,0.298977532749437,0.848721658292578,0.0,False,xx1x1x1x1x1x1x1x1x1x1x1x1x,0.4615384615384615,0.4184638013968739,False,10.599999999999994,0.0,False,1x1x1x1x1x1x1x1x1x1x1x1x1x1x,30.0,0.3,,1.0,154.05,True,24,0.5,0.0,False,1x1x1x1x1x1x1x1x1x1x1x1x,10.0,14,28,False,False,False,False,False,False,False,False,False,False,False,False,False,False,False,False,-1,False,unlabelled_window_x,unlabelled_window_x,False,xx1x1x1,0.2746075576112539,0.0,0.4285714285714285
0.5457410747476459,0.4672720019595046,0.5459587318290393,0.0,True,xxxxxxxxxxxxxxxxxxxxxxxxxx,0.0,0.0010545279827066,False,10.599999999999994,0.0,False,xxxxxxxxxxxxxxxxxxxxxxxxxxxx,30.0,0.3,,1.0,153.66,True,24,0.0,0.0,False,xxxxxxxxxxxxxxxxxxxxxxxx,10.0,28,28,False,False,False,False,False,False,False,False,False,False,False,False,False,False,False,False,-1,False,unlabelled_window_x,unlabelled_window_x,False,xxxxxxx,0.0010545317436148,0.0,0.0
0.8500433777874398,0.3794051730536709,0.8502248731095355,0.0,False,xxxx1x1x1x1x1x1x1x1x1x1x1x,0.4230769230769231,0.3352037560698625,False,10.599999999999994,0.0,False,1x1x1x1x1x1x1x1x1x1x1x1x1x1x,1.0,1.0,,1.0,153.84,True,24,0.5,0.0,False,1x1x1x1x1x1x1x1x1x1x1x1x,10.0,14,28,False,False,False,False,False,False,False,False,False,False,False,False,False,False,False,False,-1,False,unlabelled_window_x,unlabelled_window_x,False,xxxx1x1,0.1819663279004689,0.0,0.2857142857142857
0.5555842313809394,0.4670542994744562,0.5556438144617932,0.0,True,xxxxxxxxxxxxxxxxxxxxxxxxxx,0.0,0.0069941922397572,False,10.599999999999994,0.0,False,xxxxxxxxxxxxxxxxxxxxxxxxxxxx,1.0,1.0,,1.0,152.81,True,24,0.0,0.0,False,xxxxxxxxxxxxxxxxxxxxxxxx,10.0,28,28,False,False,False,False,False,False,False,False,False,False,False,False,False,False,False,False,-1,False,unlabelled_window_x,unlabelled_window_x,False,xxxxxxx,0.0069941657058311,0.0,0.0
0.8500830505191034,0.3361721940718843,0.8501862045616575,0.0,False,xx1x1x1x1x1x1x1x1x1x1x1x1x,0.4615384615384615,0.3776923638053582,False,10.599999999999994,0.0,False,1x1x1x1x1x1x1x1x1x1x1x1x1x1x,3.0,1.0,,1.0,153.84,True,24,0.5,0.0,False,1x1x1x1x1x1x1x1x1x1x1x1x,10.0,14,28,False,False,False,False,False,False,False,False,False,False,False,False,False,False,False,False,-1,False,unlabelled_window_x,unlabelled_window_x,False,xx1x1x1,0.2358282419778512,0.0,0.4285714285714285
0.5511009195025549,0.4671643681871644,0.5511349403478175,0.0,True,xxxxxxxxxxxxxxxxxxxxxxxxxx,0.0,0.0048568212513234,False,10.599999999999994,0.0,False,xxxxxxxxxxxxxxxxxxxxxxxxxxxx,3.0,1.0,,1.0,152.53,True,24,0.0,0.0,False,xxxxxxxxxxxxxxxxxxxxxxxx,10.0,28,28,False,False,False,False,False,False,False,False,False,False,False,False,False,False,False,False,-1,False,unlabelled_window_x,unlabelled_window_x,False,xxxxxxx,0.0048567350424023,0.0,0.0
0.8492986843630967,0.3105126651746496,0.8493794102014873,0.0,False,xx1x1x1x1x1x1x1x1x1x1x1x1x,0.4615384615384615,0.4055049067564878,False,10.599999999999994,0.0,False,1x1x1x1x1x1x1x1x1x1x1x1x1x1x,10.0,1.0,,1.0,154.22,True,24,0.5,0.0,False,1x1x1x1x1x1x1x1x1x1x1x1x,10.0,14,28,False,False,False,False,False,False,False,False,False,False,False,False,False,False,False,False,-1,False,unlabelled_window_x,unlabelled_window_x,False,xx1x1x1,0.2637981316828884,0.0,0.4285714285714285
0.5470034846517514,0.467246345934628,0.5472519894639245,0.0,True,xxxxxxxxxxxxxxxxxxxxxxxxxx,0.0,0.0023326689344677,False,10.599999999999994,0.0,False,xxxxxxxxxxxxxxxxxxxxxxxxxxxx,10.0,1.0,,1.0,152.61,True,24,0.0,0.0,False,xxxxxxxxxxxxxxxxxxxxxxxx,10.0,28,28,False,False,False,False,False,False,False,False,False,False,False,False,False,False,False,False,-1,False,unlabelled_window_x,unlabelled_window_x,False,xxxxxxx,0.0023326904956914,0.0,0.0
0.8486012516102852,0.3064898745530556,0.8486838529449582,0.0,False,xxxx1x1x1x1x1x1x1x1x1x1x1x,0.4230769230769231,0.4118276659869365,False,10.599999999999994,0.0,False,1x1x1x1x1x1x1x1x1x1x1x1x1x1x,30.0,1.0,,1.0,154.99,True,24,0.5,0.0,False,1x1x1x1x1x1x1x1x1x1x1x1x,10.0,14,28,False,False,False,False,False,False,False,False,False,False,False,False,False,False,False,False,-1,False,unlabelled_window_x,unlabelled_window_x,False,xxxx1x1,0.2630579450010413,0.0,0.2857142857142857
0.5457816440061396,0.4672690251752181,0.5460459064214843,0.0,True,xxxxxxxxxxxxxxxxxxxxxxxxxx,0.0,0.0009909951164619,False,10.599999999999994,0.0,False,xxxxxxxxxxxxxxxxxxxxxxxxxxxx,30.0,1.0,,1.0,153.24,True,24,0.0,0.0,False,xxxxxxxxxxxxxxxxxxxxxxxx,10.0,28,28,False,False,False,False,False,False,False,False,False,False,False,False,False,False,False,False,-1,False,unlabelled_window_x,unlabelled_window_x,False,xxxxxxx,0.0009910026444714,0.0,0.0
0.7662766676243755,0.7121409334762528,0.7665311010926288,0.0,False,xxxxxxxxxxxxxxxxxxxxxxxxxx,0.0,0.0157538469773022,False,10.599999999999994,1.0,False,1111111111111111111111111111,1.0,3.0,,1.0,152.7,True,24,1.0,1.0,False,111111111111111111111111,10.0,0,28,False,False,False,False,False,False,False,False,False,False,False,False,False,False,False,False,-1,False,stuck_high,stuck_high,False,xxxxxxx,0.0219056418433878,0.0,0.0
0.5639011337915676,0.4667155896776378,0.5639279415538853,0.0,True,xxxxxxxxxxxxxxxxxxxxxxxxxx,0.0,0.004148795895589,False,10.599999999999994,0.0,False,xxxxxxxxxxxxxxxxxxxxxxxxxxxx,1.0,3.0,,1.0,152.85,True,24,0.0,0.0,False,xxxxxxxxxxxxxxxxxxxxxxxx,10.0,28,28,False,False,False,False,False,False,False,False,False,False,False,False,False,False,False,False,-1,False,unlabelled_window_x,unlabelled_window_x,False,xxxxxxx,0.0041450398529878,0.0,0.0
0.8413465439831674,0.4794179022658273,0.8419787994937062,0.0,False,xxxxxxxx1x1x1x1x1x1x1x1x1x,0.3461538461538461,0.2082449634895532,False,10.599999999999994,0.0,False,1x1x1x1x1x1x1x1x1x1x1x1x1x1x,3.0,3.0,,1.0,153.21,True,24,0.5,0.0,False,1x1x1x1x1x1x1x1x1x1x1x1x,10.0,14,28,False,False,False,False,False,False,False,False,False,False,False,False,False,False,False,False,-1,False,unlabelled_window_x,unlabelled_window_x,False,xxxxxxx,0.0860996811063069,0.0,0.0
0.557455835859817,0.4669869480460412,0.557474447195846,0.0,True,xxxxxxxxxxxxxxxxxxxxxxxxxx,0.0,0.0033872243480353,False,10.599999999999994,0.0,False,xxxxxxxxxxxxxxxxxxxxxxxxxxxx,3.0,3.0,,1.0,152.56,True,24,0.0,0.0,False,xxxxxxxxxxxxxxxxxxxxxxxx,10.0,28,28,False,False,False,False,False,False,False,False,False,False,False,False,False,False,False,False,-1,False,unlabelled_window_x,unlabelled_window_x,False,xxxxxxx,0.0033871081977504,0.0,0.0
0.848255080407384,0.3689523148734338,0.8484135488356866,0.0,False,xxxx1x1x1x1x1x1x1x1x1x1x1x,0.4230769230769231,0.3551105494488977,False,10.599999999999994,0.0,False,1x1x1x1x1x1x1x1x1x1x1x1x1x1x,10.0,3.0,,1.0,152.11,True,24,0.5,0.0,False,1x1x1x1x1x1x1x1x1x1x1x1x,10.0,14,28,False,False,False,False,False,False,False,False,False,False,False,False,False,False,False,False,-1,False,unlabelled_window_x,unlabelled_window_x,False,xxxx1x1,0.1811706525026092,0.0,0.2857142857142857
0.5503212689275842,0.4672009718246683,0.550350514938114,0.0,True,xxxxxxxxxxxxxxxxxxxxxxxxxx,0.0,0.0019111090033869,False,10.599999999999994,0.0,False,xxxxxxxxxxxxxxxxxxxxxxxxxxxx,10.0,3.0,,1.0,151.68,True,24,0.0,0.0,False,xxxxxxxxxxxxxxxxxxxxxxxx,10.0,28,28,False,False,False,False,False,False,False,False,False,False,False,False,False,False,False,False,-1,False,unlabelled_window_x,unlabelled_window_x,False,xxxxxxx,0.0019110833388705,0.0,0.0
0.8483923067666731,0.3275327683412005,0.8484988366336358,0.0,False,xxxx1x1x1x1x1x1x1x1x1x1x1x,0.4230769230769231,0.3935011280754599,False,10.599999999999994,0.0,False,1x1x1x1x1x1x1x1x1x1x1x1x1x1x,30.0,3.0,,1.0,149.52,True,24,0.5,0.0,False,1x1x1x1x1x1x1x1x1x1x1x1x,10.0,14,28,False,False,False,False,False,False,False,False,False,False,False,False,False,False,False,False,-1,False,unlabelled_window_x,unlabelled_window_x,False,xxxx1x1,0.2323924471099007,0.0,0.2857142857142857
0.5464906191917973,0.4672608709532162,0.5465413604110457,0.0,True,xxxxxxxxxxxxxxxxxxxxxxxxxx,0.0,0.0008491493250227,False,10.599999999999994,0.0,False,xxxxxxxxxxxxxxxxxxxxxxxxxxxx,30.0,3.0,,1.0,153.49,True,24,0.0,0.0,False,xxxxxxxxxxxxxxxxxxxxxxxx,10.0,28,28,False,False,False,False,False,False,False,False,False,False,False,False,False,False,False,False,-1,False,unlabelled_window_x,unlabelled_window_x,False,xxxxxxx,0.0008491522830085,0.0,0.0
0.8511619268845153,0.2339487344844708,0.8518899252857334,0.0,False,1x1x1x1x1x1x1x1x1x1x1x1x1x,0.5,0.4410158670662677,False,10.599999999999994,0.0,False,1x1x101010101010101010101010,1.0,0.1,,2.5,149.89,True,24,1.0,1.0,True,101010101010101010101010,10.0,2,28,False,False,False,False,True,True,True,True,True,True,True,True,True,False,True,True,4,True,unlabelled_window_x,,False,1x1x1x1,0.4413270174077165,0.0,0.5714285714285714
0.550548414692987,0.455516128318947,0.5508134031401988,0.0,True,xxxxxxxxxxxxxxxxxxxxxxxxxx,0.0,0.0090124120449179,False,10.599999999999994,0.0,False,xxxxxxxxxxxxxxxxxxxxxxxxxxxx,1.0,0.1,,2.5,150.48,True,24,0.0,0.0,False,xxxxxxxxxxxxxxxxxxxxxxxx,10.0,28,28,False,False,False,False,False,False,False,False,False,False,False,False,False,False,False,False,-1,False,unlabelled_window_x,unlabelled_window_x,False,xxxxxxx,0.0090124199333491,0.0,0.0
0.8518322864325194,0.238925060929202,0.8519040215195965,0.0,False,xx1x1x1x1x1x1x1x1x1x1x1x1x,0.4615384615384615,0.4489095504440806,False,10.599999999999994,0.0,False,1x1x1x1010101010101010101010,3.0,0.1,,2.5,151.29,True,24,1.0,0.0,False,1x1010101010101010101010,10.0,3,28,False,False,False,False,False,False,True,True,True,True,True,True,True,False,False,True,6,True,unlabelled_window_x,unlabelled_window_x,False,xx1x1x1,0.4434131516163739,0.0,0.4285714285714285
0.5476334101124147,0.45552036287826,0.5477888996712037,0.0,True,xxxxxxxxxxxxxxxxxxxxxxxxxx,0.0,0.0056306251822413,False,10.599999999999994,0.0,False,xxxxxxxxxxxxxxxxxxxxxxxxxxxx,3.0,0.1,,2.5,150.87,True,24,0.0,0.0,False,xxxxxxxxxxxxxxxxxxxxxxxx,10.0,28,28,False,False,False,False,False,False,False,False,False,False,False,False,False,False,False,False,-1,False,unlabelled_window_x,unlabelled_window_x,False,xxxxxxx,0.0056306814366616,0.0,0.0
0.8520665457167326,0.2551036848594918,0.8520939639936789,0.0,False,xx1x1x1x1x1x1x1x1x1x1x1x1x,0.4615384615384615,0.4429334459640945,False,10.599999999999994,0.0,False,1x1x1x1x1x1x1x1x1x1x1x1x1x1x,10.0,0.1,,2.5,149.51,True,24,0.5,0.0,False,1x1x1x1x1x1x1x1x1x1x1x1x,10.0,14,28,False,False,False,False,False,False,False,False,False,False,False,False,False,False,False,False,-1,False,unlabelled_window_x,unlabelled_window_x,False,xx1x1x1,0.3809583685171855,0.0,0.4285714285714285
0.5454174851166477,0.4555260814858567,0.5454285600456185,0.0,True,xxxxxxxxxxxxxxxxxxxxxxxxxx,0.0,0.0024526171276447,False,10.599999999999994,0.0,False,xxxxxxxxxxxxxxxxxxxxxxxxxxxx,10.0,0.1,,2.5,150.49,True,24,0.0,0.0,False,xxxxxxxxxxxxxxxxxxxxxxxx,10.0,28,28,False,False,False,False,False,False,False,False,False,False,False,False,False,False,False,False,-1,False,unlabelled_window_x,unlabelled_window_x,False,xxxxxxx,0.0024525940474704,0.0,0.0
0.8518593568835585,0.2659450623781254,0.8518924978354294,0.0,False,xx1x1x1x1x1x1x1x1x1x1x1x1x,0.4615384615384615,0.4374607025110044,False,10.599999999999994,0.0,False,1x1x1x1x1x1x1x1x1x1x1x1x1x1x,30.0,0.1,,2.5,146.97,True,24,0.5,0.0,False,1x1x1x1x1x1x1x1x1x1x1x1x,10.0,14,28,False,False,False,False,False,False,False,False,False,False,False,False,False,False,False,False,-1,False,unlabelled_window_x,unlabelled_window_x,False,xx1x1x1,0.3431756902944505,0.0,0.4285714285714285
0.5445661035520732,0.4555290294116181,0.5445891452873799,0.0,True,xxxxxxxxxxxxxxxxxxxxxxxxxx,0.0,0.0009990669968817,False,10.599999999999994,0.0,False,xxxxxxxxxxxxxxxxxxxxxxxxxxxx,30.0,0.1,,2.5,148.15,True,24,0.0,0.0,False,xxxxxxxxxxxxxxxxxxxxxxxx,10.0,28,28,False,False,False,False,False,False,False,False,False,False,False,False,False,False,False,False,-1,False,unlabelled_window_x,unlabelled_window_x,False,xxxxxxx,0.00099906219614,0.0,0.0
0.8517820772914252,0.2643981839463861,0.8521881308076732,0.0,False,xx1x1x1x1x1x1x1x1x1x1x1x1x,0.4615384615384615,0.4167180952687087,False,10.599999999999994,0.0,False,1x1x1x1010101010101010101010,1.0,0.3,,2.5,149.88,True,24,1.0,0.0,False,1x1010101010101010101010,10.0,3,28,False,False,False,False,False,False,True,True,True,True,True,True,True,False,False,True,6,True,unlabelled_window_x,unlabelled_window_x,False,xx1x1x1,0.4153819090976045,0.0,0.4285714285714285
0.5516827774524831,0.4554736956746786,0.5517410113728125,0.0,True,xxxxxxxxxxxxxxxxxxxxxxxxxx,0.0,0.0083523517716804,False,10.599999999999994,0.0,False,xxxxxxxxxxxxxxxxxxxxxxxxxxxx,1.0,0.3,,2.5,149.99,True,24,0.0,0.0,False,xxxxxxxxxxxxxxxxxxxxxxxx,10.0,28,28,False,False,False,False,False,False,False,False,False,False,False,False,False,False,False,False,-1,False,unlabelled_window_x,unlabelled_window_x,False,xxxxxxx,0.008352318087448,0.0,0.0
0.8521554497767109,0.2559537163114883,0.8522748005154197,0.0,False,xx1x1x1x1x1x1x1x1x1x1x1x1x,0.4615384615384615,0.4344264036091509,False,10.599999999999994,0.0,False,1x1x1x1x101x1x1x1x1x1x1x1x1x,3.0,0.3,,2.5,149.59,True,24,1.0,0.0,False,1x1x101x1x1x1x1x1x1x1x1x,10.0,13,28,False,False,False,False,False,False,False,False,False,False,False,False,False,False,False,False,-1,False,unlabelled_window_x,unlabelled_window_x,False,xx1x1x1,0.4167854053982602,0.0,0.4285714285714285
0.5484050199354645,0.4555008266608917,0.548439216130434,0.0,True,xxxxxxxxxxxxxxxxxxxxxxxxxx,0.0,0.0053552721161742,False,10.599999999999994,0.0,False,xxxxxxxxxxxxxxxxxxxxxxxxxxxx,3.0,0.3,,2.5,150.95,True,24,0.0,0.0,False,xxxxxxxxxxxxxxxxxxxxxxxx,10.0,28,28,False,False,False,False,False,False,False,False,False,False,False,False,False,False,False,False,-1,False,unlabelled_window_x,unlabelled_window_x,False,xxxxxxx,0.005355255975096,0.0,0.0
0.8521202464854613,0.2614668485571933,0.8521511674783286,0.0,False,xx1x1x1x1x1x1x1x1x1x1x1x1x,0.4615384615384615,0.4376766990483629,False,10.599999999999994,0.0,False,1x1x1x1x1x1x1x1x1x1x1x1x1x1x,10.0,0.3,,2.5,150.99,True,24,0.5,0.0,False,1x1x1x1x1x1x1x1x1x1x1x1x,10.0,14,28,False,False,False,False,False,False,False,False,False,False,False,False,False,False,False,False,-1,False,unlabelled_window_x,unlabelled_window_x,False,xx1x1x1,0.3673845978807659,0.0,0.4285714285714285
0.5457703708959739,0.4555219083231844,0.5457946593499393,0.0,True,xxxxxxxxxxxxxxxxxxxxxxxxxx,0.0,0.0023874057294227,False,10.599999999999994,0.0,False,xxxxxxxxxxxxxxxxxxxxxxxxxxxx,10.0,0.3,,2.5,149.77,True,24,0.0,0.0,False,xxxxxxxxxxxxxxxxxxxxxxxx,10.0,28,28,False,False,False,False,False,False,False,False,False,False,False,False,False,False,False,False,-1,False,unlabelled_window_x,unlabelled_window_x,False,xxxxxxx,0.0023873660829883,0.0,0.0
0.8518736001934112,0.2680471315700863,0.8519074214711193,0.0,False,xx1x1x1x1x1x1x1x1x1x1x1x1x,0.4615384615384615,0.4356641280380728,False,10.599999999999994,0.0,False,1x1x1x1x1x1x1x1x1x1x1x1x1x1x,30.0,0.3,,2.5,150.46,True,24,0.5,0.0,False,1x1x1x1x1x1x1x1x1x1x1x1x,10.0,14,28,False,False,False,False,False,False,False,False,False,False,False,False,False,False,False,False,-1,False,unlabelled_window_x,unlabelled_window_x,False,xx1x1x1,0.3390240716522095,0.0,0.4285714285714285
0.544700850247013,0.4555284109661002,0.5447298143811716,0.0,True,xxxxxxxxxxxxxxxxxxxxxxxxxx,0.0,0.0009814817642329,False,10.599999999999994,0.0,False,xxxxxxxxxxxxxxxxxxxxxxxxxxxx,30.0,0.3,,2.5,150.79,True,24,0.0,0.0,False,xxxxxxxxxxxxxxxxxxxxxxxx,10.0,28,28,False,False,False,False,False,False,False,False,False,False,False,False,False,False,False,False,-1,False,unlabelled_window_x,unlabelled_window_x,False,xxxxxxx,0.0009814881894556,0.0,0.0
0.8530063669829138,0.355549768103822,0.853099482373799,0.0,False,xx1x1x1x1x1x1x1x1x1x1x1x1x,0.4615384615384615,0.3478003113141737,False,10.599999999999994,0.0,False,1x1x1x1x1x1x1x1x1x1x1x1x1x1x,1.0,1.0,,2.5,146.79,True,24,0.5,0.0,False,1x1x1x1x1x1x1x1x1x1x1x1x,10.0,14,28,False,False,False,False,False,False,False,False,False,False,False,False,False,False,False,False,-1,False,unlabelled_window_x,unlabelled_window_x,False,xx1x1x1,0.2091411907848259,0.0,0.4285714285714285
0.5553362153482149,0.4553384783688293,0.5553763805364524,0.0,True,xxxxxxxxxxxxxxxxxxxxxxxxxx,0.0,0.0065711313204415,False,10.599999999999994,0.0,False,xxxxxxxxxxxxxxxxxxxxxxxxxxxx,1.0,1.0,,2.5,148.87,True,24,0.0,0.0,False,xxxxxxxxxxxxxxxxxxxxxxxx,10.0,28,28,False,False,False,False,False,False,False,False,False,False,False,False,False,False,False,False,-1,False,unlabelled_window_x,unlabelled_window_x,False,xxxxxxx,0.0065711330527726,0.0,0.0
0.8527670997648324,0.3112076872344965,0.8528183615245618,0.0,False,xx1x1x1x1x1x1x1x1x1x1x1x1x,0.4615384615384615,0.3895813497532183,False,10.599999999999994,0.0,False,1x1x1x1x1x1x1x1x1x1x1x1x1x1x,3.0,1.0,,2.5,150.8,True,24,0.5,0.0,False,1x1x1x1x1x1x1x1x1x1x1x1x,10.0,14,28,False,False,False,False,False,False,False,False,False,False,False,False,False,False,False,False,-1,False,unlabelled_window_x,unlabelled_window_x,False,xx1x1x1,0.2819796997346098,0.0,0.4285714285714285
0.5509642883683977,0.4554367131236116,0.5510399877382399,0.0,True,xxxxxxxxxxxxxxxxxxxxxxxxxx,0.0,0.0045583467074364,False,10.599999999999994,0.0,False,xxxxxxxxxxxxxxxxxxxxxxxxxxxx,3.0,1.0,,2.5,150.99,True,24,0.0,0.0,False,xxxxxxxxxxxxxxxxxxxxxxxx,10.0,28,28,False,False,False,False,False,False,False,False,False,False,False,False,False,False,False,False,-1,False,unlabelled_window_x,unlabelled_window_x,False,xxxxxxx,0.0045583799699455,0.0,0.0
0.852271912276119,0.2822273802506414,0.8523074147991039,0.0,False,xx1x1x1x1x1x1x1x1x1x1x1x1x,0.4615384615384615,0.4200513714197595,False,10.599999999999994,0.0,False,1x1x1x1x1x1x1x1x1x1x1x1x1x1x,10.0,1.0,,2.5,147.04,True,24,0.5,0.0,False,1x1x1x1x1x1x1x1x1x1x1x1x,10.0,14,28,False,False,False,False,False,False,False,False,False,False,False,False,False,False,False,False,-1,False,unlabelled_window_x,unlabelled_window_x,False,xx1x1x1,0.3227964612034304,0.0,0.4285714285714285
0.5469762490864544,0.4555077408411471,0.5470302523876094,0.0,True,xxxxxxxxxxxxxxxxxxxxxxxxxx,0.0,0.0021854387961297,False,10.599999999999994,0.0,False,xxxxxxxxxxxxxxxxxxxxxxxxxxxx,10.0,1.0,,2.5,149.19,True,24,0.0,0.0,False,xxxxxxxxxxxxxxxxxxxxxxxx,10.0,28,28,False,False,False,False,False,False,False,False,False,False,False,False,False,False,False,False,-1,False,unlabelled_window_x,unlabelled_window_x,False,xxxxxxx,0.0021854671571254,0.0,0.0
0.8519179136931383,0.2752187480132022,0.8519545378391383,0.0,False,xx1x1x1x1x1x1x1x1x1x1x1x1x,0.4615384615384615,0.4294169991625334,False,10.599999999999994,0.0,False,1x1x1x1x1x1x1x1x1x1x1x1x1x1x,30.0,1.0,,2.5,151.68,True,24,0.5,0.0,False,1x1x1x1x1x1x1x1x1x1x1x1x,10.0,14,28,False,False,False,False,False,False,False,False,False,False,False,False,False,False,False,False,-1,False,unlabelled_window_x,unlabelled_window_x,False,xx1x1x1,0.3247821966424311,0.0,0.4285714285714285
0.5451687377606262,0.4555262730402654,0.5452146198215362,0.0,True,xxxxxxxxxxxxxxxxxxxxxxxxxx,0.0,0.0009236986792334,False,10.599999999999994,0.0,False,xxxxxxxxxxxxxxxxxxxxxxxxxxxx,30.0,1.0,,2.5,153.3,True,24,0.0,0.0,False,xxxxxxxxxxxxxxxxxxxxxxxx,10.0,28,28,False,False,False,False,False,False,False,False,False,False,False,False,False,False,False,False,-1,False,unlabelled_window_x,unlabelled_window_x,False,xxxxxxx,0.0009236801898903,0.0,0.0
0.7665239646483427,0.7114916893828364,0.7667704579976834,0.0,False,xxxxxxxxxxxxxxxxxxxxxxxxxx,0.0,0.0216321808871273,False,10.599999999999994,1.0,False,1111111111111111111111111111,1.0,3.0,,2.5,146.84,True,24,1.0,1.0,False,111111111111111111111111,10.0,0,28,False,False,False,False,False,False,False,False,False,False,False,False,False,False,False,False,-1,False,stuck_high,stuck_high,False,xxxxxxx,0.0226482440099334,0.0,0.0
0.563426578452111,0.4550417639157414,0.5634529398986539,0.0,True,xxxxxxxxxxxxxxxxxxxxxxxxxx,0.0,0.0039159773757314,False,10.599999999999994,0.0,False,xxxxxxxxxxxxxxxxxxxxxxxxxxxx,1.0,3.0,,2.5,150.07,True,24,0.0,0.0,False,xxxxxxxxxxxxxxxxxxxxxxxx,10.0,28,28,False,False,False,False,False,False,False,False,False,False,False,False,False,False,False,False,-1,False,unlabelled_window_x,unlabelled_window_x,False,xxxxxxx,0.0039079850250121,0.0,0.0
0.8487982226469222,0.4430962116973295,0.8491545618829153,0.0,False,xxxxxx1x1x1x1x1x1x1x1x1x1x,0.3846153846153846,0.2702481515573606,False,10.599999999999994,0.0,False,1x1x1x1x1x1x1x1x1x1x1x1x1x1x,3.0,3.0,,2.5,147.59,True,24,0.5,0.0,False,1x1x1x1x1x1x1x1x1x1x1x1x,10.0,14,28,False,False,False,False,False,False,False,False,False,False,False,False,False,False,False,False,-1,False,unlabelled_window_x,unlabelled_window_x,False,xxxxxx1,0.1008758837573999,0.0,0.1428571428571428
0.5571369663652529,0.4552842340914887,0.5571556471644236,0.0,True,xxxxxxxxxxxxxxxxxxxxxxxxxx,0.0,0.0031913915325029,False,10.599999999999994,0.0,False,xxxxxxxxxxxxxxxxxxxxxxxxxxxx,3.0,3.0,,2.5,151.18,True,24,0.0,0.0,False,xxxxxxxxxxxxxxxxxxxxxxxx,10.0,28,28,False,False,False,False,False,False,False,False,False,False,False,False,False,False,False,False,-1,False,unlabelled_window_x,unlabelled_window_x,False,xxxxxxx,0.0031910617475074,0.0,0.0
0.8522262529781595,0.3374039682210413,0.8522938979818522,0.0,False,xx1x1x1x1x1x1x1x1x1x1x1x1x,0.4615384615384615,0.3742738453930526,False,10.599999999999994,0.0,False,1x1x1x1x1x1x1x1x1x1x1x1x1x1x,10.0,3.0,,2.5,149.72,True,24,0.5,0.0,False,1x1x1x1x1x1x1x1x1x1x1x1x,10.0,14,28,False,False,False,False,False,False,False,False,False,False,False,False,False,False,False,False,-1,False,unlabelled_window_x,unlabelled_window_x,False,xx1x1x1,0.2203302881124775,0.0,0.4285714285714285
0.5502007018303336,0.4554706924747922,0.5502338570411482,0.0,True,xxxxxxxxxxxxxxxxxxxxxxxxxx,0.0,0.0017970716074184,False,10.599999999999994,0.0,False,xxxxxxxxxxxxxxxxxxxxxxxxxxxx,10.0,3.0,,2.5,150.07,True,24,0.0,0.0,False,xxxxxxxxxxxxxxxxxxxxxxxx,10.0,28,28,False,False,False,False,False,False,False,False,False,False,False,False,False,False,False,False,-1,False,unlabelled_window_x,unlabelled_window_x,False,xxxxxxx,0.0017970974118408,0.0,0.0
0.8519974956177088,0.295716706936711,0.852041721198746,0.0,False,xx1x1x1x1x1x1x1x1x1x1x1x1x,0.4615384615384615,0.4122172782817592,False,10.599999999999994,0.0,False,1x1x1x1x1x1x1x1x1x1x1x1x1x1x,30.0,3.0,,2.5,149.61,True,24,0.5,0.0,False,1x1x1x1x1x1x1x1x1x1x1x1x,10.0,14,28,False,False,False,False,False,False,False,False,False,False,False,False,False,False,False,False,-1,False,unlabelled_window_x,unlabelled_window_x,False,xx1x1x1,0.2866275908146209,0.0,0.4285714285714285
0.5464816539738194,0.4555203830178915,0.5465416457167498,0.0,True,xxxxxxxxxxxxxxxxxxxxxxxxxx,0.0,0.0007956379647676,False,10.599999999999994,0.0,False,xxxxxxxxxxxxxxxxxxxxxxxxxxxx,30.0,3.0,,2.5,151.21,True,24,0.0,0.0,False,xxxxxxxxxxxxxxxxxxxxxxxx,10.0,28,28,False,False,False,False,False,False,False,False,False,False,False,False,False,False,False,False,-1,False,unlabelled_window_x,unlabelled_window_x,False,xxxxxxx,0.0007956536460047,0.0,0.0
0.851551854001275,0.2127377521022963,0.8517208668996024,0.0,False,1x1x1x1x1x1x1x1x1x1x1x1x1x,0.5,0.4408396581540003,False,10.599999999999994,0.0,False,1x1x101010101010101010101010,1.0,0.1,,5.0,150.56,True,24,1.0,1.0,True,101010101010101010101010,10.0,2,28,False,False,False,False,True,True,True,True,True,True,True,True,True,False,True,True,4,True,unlabelled_window_x,,False,1x1x1x1,0.4393516118713712,0.0,0.5714285714285714
0.5503224959971564,0.4346688814263056,0.5505361186541173,0.0,True,xxxxxxxxxxxxxxxxxxxxxxxxxx,0.0,0.0080795224157509,False,10.599999999999994,0.0,False,xxxxxxxxxxxxxxxxxxxxxxxxxxxx,1.0,0.1,,5.0,151.63,True,24,0.0,0.0,False,xxxxxxxxxxxxxxxxxxxxxxxx,10.0,28,28,False,False,False,False,False,False,False,False,False,False,False,False,False,False,False,False,-1,False,unlabelled_window_x,unlabelled_window_x,False,xxxxxxx,0.0080795893821148,0.0,0.0
0.8533518321279233,0.213135580402516,0.8545056524940168,0.0,False,1x1x1x1x1x1x1x1x1x1x1x1x1x,0.5,0.4534438218938903,False,10.599999999999994,0.0,False,1x1x1x1010101010101010101010,3.0,0.1,,5.0,150.45,True,24,1.0,0.0,False,1x1010101010101010101010,10.0,3,28,False,False,False,False,False,False,True,True,True,True,True,True,True,False,False,True,6,True,unlabelled_window_x,unlabelled_window_x,False,1x1x1x1,0.4540985709001049,0.0,0.5714285714285714
0.5475430477724872,0.4346747475589089,0.5477354880289953,0.0,True,xxxxxxxxxxxxxxxxxxxxxxxxxx,0.0,0.0050453076163021,False,10.599999999999994,0.0,False,xxxxxxxxxxxxxxxxxxxxxxxxxxxx,3.0,0.1,,5.0,151.46,True,24,0.0,0.0,False,xxxxxxxxxxxxxxxxxxxxxxxx,10.0,28,28,False,False,False,False,False,False,False,False,False,False,False,False,False,False,False,False,-1,False,unlabelled_window_x,unlabelled_window_x,False,xxxxxxx,0.0050452608158796,0.0,0.0
0.8542695384914715,0.223943761297999,0.8542960602738919,0.0,False,xx1x1x1x1x1x1x1x1x1x1x1x1x,0.4615384615384615,0.4531659099986969,False,10.599999999999994,0.0,False,1x1x1x1010101010101010101010,10.0,0.1,,5.0,150.28,True,24,1.0,0.0,False,1x1010101010101010101010,10.0,3,28,False,False,False,False,False,False,True,True,True,True,True,True,True,False,False,True,6,True,unlabelled_window_x,unlabelled_window_x,False,xx1x1x1,0.4496646839451189,0.0,0.4285714285714285
0.5454403842149015,0.4346802478301234,0.5456377415770988,0.0,True,xxxxxxxxxxxxxxxxxxxxxxxxxx,0.0,0.0021933664734258,False,10.599999999999994,0.0,False,xxxxxxxxxxxxxxxxxxxxxxxxxxxx,10.0,0.1,,5.0,150.7,True,24,0.0,0.0,False,xxxxxxxxxxxxxxxxxxxxxxxx,10.0,28,28,False,False,False,False,False,False,False,False,False,False,False,False,False,False,False,False,-1,False,unlabelled_window_x,unlabelled_window_x,False,xxxxxxx,0.0021933898657298,0.0,0.0
0.8545764603158863,0.2319027665960179,0.8547166547458023,0.0,False,xx1x1x1x1x1x1x1x1x1x1x1x1x,0.4615384615384615,0.4501389901431445,False,10.599999999999994,0.0,False,1x1x1x1x1x1x1x1x1x1x1x1x1x1x,30.0,0.1,,5.0,151.87,True,24,0.5,0.0,False,1x1x1x1x1x1x1x1x1x1x1x1x,10.0,14,28,False,False,False,False,False,False,False,False,False,False,False,False,False,False,False,False,-1,False,unlabelled_window_x,unlabelled_window_x,False,xx1x1x1,0.438225799927565,0.0,0.4285714285714285
0.5446315364215596,0.4346824287435401,0.5448873472124957,0.0,True,xxxxxxxxxxxxxxxxxxxxxxxxxx,0.0,0.0008866079301474,False,10.599999999999994,0.0,False,xxxxxxxxxxxxxxxxxxxxxxxxxxxx,30.0,0.1,,5.0,150.14,True,24,0.0,0.0,False,xxxxxxxxxxxxxxxxxxxxxxxx,10.0,28,28,False,False,False,False,False,False,False,False,False,False,False,False,False,False,False,False,-1,False,unlabelled_window_x,unlabelled_window_x,False,xxxxxxx,0.0008866211353824,0.0,0.0
0.8533907203061504,0.2411379471829584,0.854212236940361,0.0,False,1x1x1x1x1x1x1x1x1x1x1x1x1x,0.5,0.4204386843492581,False,10.599999999999994,0.0,False,1x1x101010101010101010101010,1.0,0.3,,5.0,150.68,True,24,1.0,1.0,True,101010101010101010101010,10.0,2,28,False,False,False,False,True,True,True,True,True,True,True,True,True,False,True,True,4,True,unlabelled_window_x,,False,1x1x1x1,0.4207875898104767,0.0,0.5714285714285714
0.5514194596477477,0.4346335050706466,0.5516054727103553,0.0,True,xxxxxxxxxxxxxxxxxxxxxxxxxx,0.0,0.0075036155245989,False,10.599999999999994,0.0,False,xxxxxxxxxxxxxxxxxxxxxxxxxxxx,1.0,0.3,,5.0,151.6,True,24,0.0,0.0,False,xxxxxxxxxxxxxxxxxxxxxxxx,10.0,28,28,False,False,False,False,False,False,False,False,False,False,False,False,False,False,False,False,-1,False,unlabelled_window_x,unlabelled_window_x,False,xxxxxxx,0.0075035792672681,0.0,0.0
0.8539158908526707,0.2292947776717244,0.8549148416488375,0.0,False,xx1x1x1x1x1x1x1x1x1x1x1x1x,0.4615384615384615,0.4406659045713033,False,10.599999999999994,0.0,False,1x1x1x1010101010101010101010,3.0,0.3,,5.0,150.53,True,24,1.0,0.0,False,1x1010101010101010101010,10.0,3,28,False,False,False,False,False,False,True,True,True,True,True,True,True,False,False,True,6,True,unlabelled_window_x,unlabelled_window_x,False,xx1x1x1,0.4413811105597591,0.0,0.4285714285714285
0.5482853575138392,0.4346583845254507,0.5484626723168982,0.0,True,xxxxxxxxxxxxxxxxxxxxxxxxxx,0.0,0.0048062912511436,False,10.599999999999994,0.0,False,xxxxxxxxxxxxxxxxxxxxxxxxxxxx,3.0,0.3,,5.0,151.52,True,24,0.0,0.0,False,xxxxxxxxxxxxxxxxxxxxxxxx,10.0,28,28,False,False,False,False,False,False,False,False,False,False,False,False,False,False,False,False,-1,False,unlabelled_window_x,unlabelled_window_x,False,xxxxxxx,0.0048062093767863,0.0,0.0
0.8543985608958969,0.2300822461684574,0.8544639284547199,0.0,False,xx1x1x1x1x1x1x1x1x1x1x1x1x,0.4615384615384615,0.4483072643305821,False,10.599999999999994,0.0,False,1x1x1x1010101010101010101010,10.0,0.3,,5.0,150.96,True,24,1.0,0.0,False,1x1010101010101010101010,10.0,3,28,False,False,False,False,False,False,True,True,True,True,True,True,True,False,False,True,6,True,unlabelled_window_x,unlabelled_window_x,False,xx1x1x1,0.4432242961305144,0.0,0.4285714285714285
0.5457774248251758,0.4346766292608099,0.5459636519284481,0.0,True,xxxxxxxxxxxxxxxxxxxxxxxxxx,0.0,0.0021373832267413,False,10.599999999999994,0.0,False,xxxxxxxxxxxxxxxxxxxxxxxxxxxx,10.0,0.3,,5.0,151.87,True,24,0.0,0.0,False,xxxxxxxxxxxxxxxxxxxxxxxx,10.0,28,28,False,False,False,False,False,False,False,False,False,False,False,False,False,False,False,False,-1,False,unlabelled_window_x,unlabelled_window_x,False,xxxxxxx,0.0021374129984804,0.0,0.0
0.8546124274864937,0.2337510846824372,0.8547546307389529,0.0,False,xx1x1x1x1x1x1x1x1x1x1x1x1x,0.4615384615384615,0.4483934346363038,False,10.599999999999994,0.0,False,1x1x1x1x1x1x1x1x1x1x1x1x1x1x,30.0,0.3,,5.0,148.49,True,24,0.5,0.0,False,1x1x1x1x1x1x1x1x1x1x1x1x,10.0,14,28,False,False,False,False,False,False,False,False,False,False,False,False,False,False,False,False,-1,False,unlabelled_window_x,unlabelled_window_x,False,xx1x1x1,0.4356943453061008,0.0,0.4285714285714285
0.5447603448632637,0.4346818234553833,0.5450095507554703,0.0,True,xxxxxxxxxxxxxxxxxxxxxxxxxx,0.0,0.0008716231060625,False,10.599999999999994,0.0,False,xxxxxxxxxxxxxxxxxxxxxxxxxxxx,30.0,0.3,,5.0,154.82,True,24,0.0,0.0,False,xxxxxxxxxxxxxxxxxxxxxxxx,10.0,28,28,False,False,False,False,False,False,False,False,False,False,False,False,False,False,False,False,-1,False,unlabelled_window_x,unlabelled_window_x,False,xxxxxxx,0.0008716366923862,0.0,0.0
0.8558146300277187,0.325390971406172,0.8558535224481032,0.0,False,xx1x1x1x1x1x1x1x1x1x1x1x1x,0.4615384615384615,0.3588605944224587,False,10.599999999999994,0.0,False,1x1x1x1x1x1x1x1x1x1x1x1x1x1x,1.0,1.0,,5.0,150.79,True,24,0.5,0.0,False,1x1x1x1x1x1x1x1x1x1x1x1x,10.0,14,28,False,False,False,False,False,False,False,False,False,False,False,False,False,False,False,False,-1,False,unlabelled_window_x,unlabelled_window_x,False,xx1x1x1,0.2461824241516377,0.0,0.4285714285714285
0.5549260587251978,0.434519373421441,0.5549482794030486,0.0,True,xxxxxxxxxxxxxxxxxxxxxxxxxx,0.0,0.0059397807511148,False,10.599999999999994,0.0,False,xxxxxxxxxxxxxxxxxxxxxxxxxxxx,1.0,1.0,,5.0,153.08,True,24,0.0,0.0,False,xxxxxxxxxxxxxxxxxxxxxxxx,10.0,28,28,False,False,False,False,False,False,False,False,False,False,False,False,False,False,False,False,-1,False,unlabelled_window_x,unlabelled_window_x,False,xxxxxxx,0.0059396925281578,0.0,0.0
0.8551466270077381,0.2815107880549059,0.8553450504988127,0.0,False,xx1x1x1x1x1x1x1x1x1x1x1x1x,0.4615384615384615,0.3987586046369568,False,10.599999999999994,0.0,False,1x1x1x1x1x1x1x1x1x1x1x1x1x1x,3.0,1.0,,5.0,152.33,True,24,0.5,0.0,False,1x1x1x1x1x1x1x1x1x1x1x1x,10.0,14,28,False,False,False,False,False,False,False,False,False,False,False,False,False,False,False,False,-1,False,unlabelled_window_x,unlabelled_window_x,False,xx1x1x1,0.3504566856272659,0.0,0.4285714285714285
0.5507340790985852,0.4346041254338013,0.5507578512440751,0.0,True,xxxxxxxxxxxxxxxxxxxxxxxxxx,0.0,0.0041112845756547,False,10.599999999999994,0.0,False,xxxxxxxxxxxxxxxxxxxxxxxxxxxx,3.0,1.0,,5.0,155.02,True,24,0.0,0.0,False,xxxxxxxxxxxxxxxxxxxxxxxx,10.0,28,28,False,False,False,False,False,False,False,False,False,False,False,False,False,False,False,False,-1,False,unlabelled_window_x,unlabelled_window_x,False,xxxxxxx,0.0041113282862031,0.0,0.0
0.854814737696362,0.2499998006162683,0.8549910280892311,0.0,False,xx1x1x1x1x1x1x1x1x1x1x1x1x,0.4615384615384615,0.4310826645439428,False,10.599999999999994,0.0,False,1x1x1x1x1x1x1x1x1x1x1x1x1x1x,10.0,1.0,,5.0,150.8,True,24,0.5,0.0,False,1x1x1x1x1x1x1x1x1x1x1x1x,10.0,14,28,False,False,False,False,False,False,False,False,False,False,False,False,False,False,False,False,-1,False,unlabelled_window_x,unlabelled_window_x,False,xx1x1x1,0.4162023138166123,0.0,0.4285714285714285
0.5469299720877879,0.4346642473330934,0.5470574058069879,0.0,True,xxxxxxxxxxxxxxxxxxxxxxxxxx,0.0,0.0019637902722146,False,10.599999999999994,0.0,False,xxxxxxxxxxxxxxxxxxxxxxxxxxxx,10.0,1.0,,5.0,151.91,True,24,0.0,0.0,False,xxxxxxxxxxxxxxxxxxxxxxxx,10.0,28,28,False,False,False,False,False,False,False,False,False,False,False,False,False,False,False,False,-1,False,unlabelled_window_x,unlabelled_window_x,False,xxxxxxx,0.0019637902178629,0.0,0.0
0.8547368301817554,0.2407058422493325,0.8548723126031282,0.0,False,xx1x1x1x1x1x1x1x1x1x1x1x1x,0.4615384615384615,0.4424039265278545,False,10.599999999999994,0.0,False,1x1x1x1x1x1x1x1x1x1x1x1x1x1x,30.0,1.0,,5.0,149.01,True,24,0.5,0.0,False,1x1x1x1x1x1x1x1x1x1x1x1x,10.0,14,28,False,False,False,False,False,False,False,False,False,False,False,False,False,False,False,False,-1,False,unlabelled_window_x,unlabelled_window_x,False,xx1x1x1,0.4256599302186193,0.0,0.4285714285714285
0.5452079062650423,0.4346797181469982,0.5454280453250445,0.0,True,xxxxxxxxxxxxxxxxxxxxxxxxxx,0.0,0.0008225754241796,False,10.599999999999994,0.0,False,xxxxxxxxxxxxxxxxxxxxxxxxxxxx,30.0,1.0,,5.0,154.13,True,24,0.0,0.0,False,xxxxxxxxxxxxxxxxxxxxxxxx,10.0,28,28,False,False,False,False,False,False,False,False,False,False,False,False,False,False,False,False,-1,False,unlabelled_window_x,unlabelled_window_x,False,xxxxxxx,0.0008225885112558,0.0,0.0
0.773991112523278,0.6911138505582366,0.7773067366643088,0.0,False,xxxxxxxxxxxxxxxxxxxxxxxxxx,0.0,0.0341205012923443,False,10.599999999999994,0.0,False,1111111111111111111x1x1x1x1x,1.0,3.0,,5.0,152.18,True,24,1.0,0.0,False,111111111111111x1x1x1x1x,10.0,5,28,False,False,False,False,False,False,False,False,False,False,False,False,False,False,False,False,-1,False,unlabelled_window_x,unlabelled_window_x,False,xxxxxxx,0.0256955913096704,0.0,0.0
0.5626663547361966,0.4342597395039802,0.5626924772011674,0.0,True,xxxxxxxxxxxxxxxxxxxxxxxxxx,0.0,0.0035701227694126,False,10.599999999999994,0.0,False,xxxxxxxxxxxxxxxxxxxxxxxxxxxx,1.0,3.0,,5.0,153.9,True,24,0.0,0.0,False,xxxxxxxxxxxxxxxxxxxxxxxx,10.0,28,28,False,False,False,False,False,False,False,False,False,False,False,False,False,False,False,False,-1,False,unlabelled_window_x,unlabelled_window_x,False,xxxxxxx,0.0035639598909829,0.0,0.0
0.8552015341979777,0.40369009430423,0.8553197439959473,0.0,False,xxxx1x1x1x1x1x1x1x1x1x1x1x,0.4230769230769231,0.3030323149201013,False,10.599999999999994,0.0,False,1x1x1x1x1x1x1x1x1x1x1x1x1x1x,3.0,3.0,,5.0,151.15,True,24,0.5,0.0,False,1x1x1x1x1x1x1x1x1x1x1x1x,10.0,14,28,False,False,False,False,False,False,False,False,False,False,False,False,False,False,False,False,-1,False,unlabelled_window_x,unlabelled_window_x,False,xxxx1x1,0.1234359931322747,0.0,0.2857142857142857
0.5566254339325098,0.4344710789537585,0.5566445523143658,0.0,True,xxxxxxxxxxxxxxxxxxxxxxxxxx,0.0,0.0028997379681914,False,10.599999999999994,0.0,False,xxxxxxxxxxxxxxxxxxxxxxxxxxxx,3.0,3.0,,5.0,154.46,True,24,0.0,0.0,False,xxxxxxxxxxxxxxxxxxxxxxxx,10.0,28,28,False,False,False,False,False,False,False,False,False,False,False,False,False,False,False,False,-1,False,unlabelled_window_x,unlabelled_window_x,False,xxxxxxx,0.0028983501507924,0.0,0.0
0.855695165192577,0.3022616501188714,0.855716536318112,0.0,False,xx1x1x1x1x1x1x1x1x1x1x1x1x,0.4615384615384615,0.387951124164179,False,10.599999999999994,0.0,False,1x1x1x1x1x1x1x1x1x1x1x1x1x1x,10.0,3.0,,5.0,148.22,True,24,0.5,0.0,False,1x1x1x1x1x1x1x1x1x1x1x1x,10.0,14,28,False,False,False,False,False,False,False,False,False,False,False,False,False,False,False,False,-1,False,unlabelled_window_x,unlabelled_window_x,False,xx1x1x1,0.2838498441006997,0.0,0.4285714285714285
0.5500019455005848,0.4346310996243417,0.550010094563483,0.0,True,xxxxxxxxxxxxxxxxxxxxxxxxxx,0.0,0.0016261617483424,False,10.599999999999994,0.0,False,xxxxxxxxxxxxxxxxxxxxxxxxxxxx,10.0,3.0,,5.0,154.59,True,24,0.0,0.0,False,xxxxxxxxxxxxxxxxxxxxxxxx,10.0,28,28,False,False,False,False,False,False,False,False,False,False,False,False,False,False,False,False,-1,False,unlabelled_window_x,unlabelled_window_x,False,xxxxxxx,0.001626160985757,0.0,0.0
0.8550592719657168,0.259822853510678,0.8550750413088214,0.0,False,xx1x1x1x1x1x1x1x1x1x1x1x1x,0.4615384615384615,0.4260220966881385,False,10.599999999999994,0.0,False,1x1x1x1x1x1x1x1x1x1x1x1x1x1x,30.0,3.0,,5.0,145.56,True,24,0.5,0.0,False,1x1x1x1x1x1x1x1x1x1x1x1x,10.0,14,28,False,False,False,False,False,False,False,False,False,False,False,False,False,False,False,False,-1,False,unlabelled_window_x,unlabelled_window_x,False,xx1x1x1,0.3765982485362212,0.0,0.4285714285714285
0.5464629185542512,0.4346738111689307,0.5465665257802423,0.0,True,xxxxxxxxxxxxxxxxxxxxxxxxxx,0.0,0.0007152657040208,False,10.599999999999994,0.0,False,xxxxxxxxxxxxxxxxxxxxxxxxxxxx,30.0,3.0,,5.0,149.25,True,24,0.0,0.0,False,xxxxxxxxxxxxxxxxxxxxxxxx,10.0,28,28,False,False,False,False,False,False,False,False,False,False,False,False,False,False,False,False,-1,False,unlabelled_window_x,unlabelled_window_x,False,xxxxxxx,0.0007152758838367,0.0,0.0
0.855424835301326,0.1712293190482461,0.8564064497944871,0.0,False,1x101x10101010101010101010,0.9230769230769232,0.4346507344044558,True,10.599999999999994,0.0,False,1x1x101010101010101010101010,1.0,0.1,,10.0,148.25,True,24,1.0,1.0,True,101010101010101010101010,10.0,2,28,False,False,False,False,True,True,True,True,True,True,True,True,True,False,True,True,4,True,unlabelled_window_x,,False,1x101x1,0.4431316624072265,0.3333333333333333,0.7142857142857143
0.5498747683067383,0.3913202159597148,0.5499060475353962,0.0,True,xxxxxxxxxxxxxxxxxxxxxxxxxx,0.0,0.0065791427003224,False,10.599999999999994,0.0,False,xxxxxxxxxxxxxxxxxxxxxxxxxxxx,1.0,0.1,,10.0,147.95,True,24,0.0,0.0,False,xxxxxxxxxxxxxxxxxxxxxxxx,10.0,28,28,False,False,False,False,False,False,False,False,False,False,False,False,False,False,False,False,-1,False,unlabelled_window_x,unlabelled_window_x,False,xxxxxxx,0.0065791685148353,0.0,0.0
0.8527682192645465,0.1872719519521945,0.8531748142112855,0.0,False,1x1x1x1x1x1x1x1x1x1x1x1x1x,0.5,0.4412762467620381,False,10.599999999999994,0.0,False,1x1x101010101010101010101010,3.0,0.1,,10.0,147.06,True,24,1.0,1.0,True,101010101010101010101010,10.0,2,28,False,False,False,False,True,True,True,True,True,True,True,True,True,False,True,True,4,True,unlabelled_window_x,,False,1x1x1x1,0.4444237696987568,0.0,0.5714285714285714
0.5473490531282139,0.391326860043219,0.5473697964105254,0.0,True,xxxxxxxxxxxxxxxxxxxxxxxxxx,0.0,0.0040999123123875,False,10.599999999999994,0.0,False,xxxxxxxxxxxxxxxxxxxxxxxxxxxx,3.0,0.1,,10.0,147.86,True,24,0.0,0.0,False,xxxxxxxxxxxxxxxxxxxxxxxx,10.0,28,28,False,False,False,False,False,False,False,False,False,False,False,False,False,False,False,False,-1,False,unlabelled_window_x,unlabelled_window_x,False,xxxxxxx,0.004099887844343,0.0,0.0
0.854471673598733,0.1931409891226569,0.8556783937634787,0.0,False,xx1x1x1x1x1x1x1x1x1x1x1x1x,0.4615384615384615,0.4434660340898549,False,10.599999999999994,0.0,False,1x1x101010101010101010101010,10.0,0.1,,10.0,146.87,True,24,1.0,1.0,True,101010101010101010101010,10.0,2,28,False,False,False,False,True,True,True,True,True,True,True,True,True,False,True,True,4,True,unlabelled_window_x,,False,xx1x1x1,0.4436032357290518,0.0,0.4285714285714285
0.5454574268851062,0.3913321616142731,0.5454674214680236,0.0,True,xxxxxxxxxxxxxxxxxxxxxxxxxx,0.0,0.0017736344856833,False,10.599999999999994,0.0,False,xxxxxxxxxxxxxxxxxxxxxxxxxxxx,10.0,0.1,,10.0,149.2,True,24,0.0,0.0,False,xxxxxxxxxxxxxxxxxxxxxxxx,10.0,28,28,False,False,False,False,False,False,False,False,False,False,False,False,False,False,False,False,-1,False,unlabelled_window_x,unlabelled_window_x,False,xxxxxxx,0.0017736135896242,0.0,0.0
0.8552061684445076,0.1975912114160793,0.8569208804302267,0.0,False,xx1x1x1x1x1x1x1x1x1x1x1x1x,0.4615384615384615,0.444908821044316,False,10.599999999999994,0.0,False,1x1x1x1010101010101010101010,30.0,0.1,,10.0,146.12,True,24,1.0,0.0,False,1x1010101010101010101010,10.0,3,28,False,False,False,False,False,False,True,True,True,True,True,True,True,False,False,True,6,True,unlabelled_window_x,unlabelled_window_x,False,xx1x1x1,0.4461734148538306,0.0,0.4285714285714285
0.5447331513579924,0.3913340029918322,0.5447381902589007,0.0,True,xxxxxxxxxxxxxxxxxxxxxxxxxx,0.0,0.0007063437275258,False,10.599999999999994,0.0,False,xxxxxxxxxxxxxxxxxxxxxxxxxxxx,30.0,0.1,,10.0,148.25,True,24,0.0,0.0,False,xxxxxxxxxxxxxxxxxxxxxxxx,10.0,28,28,False,False,False,False,False,False,False,False,False,False,False,False,False,False,False,False,-1,False,unlabelled_window_x,unlabelled_window_x,False,xxxxxxx,0.0007063482892243,0.0,0.0
0.8523373356722285,0.2105704652018801,0.8528045563475695,0.0,False,1x1x1x1x1x1x1x1x1x1x1x1x1x,0.5,0.4094868913718949,False,10.599999999999994,0.0,False,1x1x101010101010101010101010,1.0,0.3,,10.0,147.66,True,24,1.0,1.0,True,101010101010101010101010,10.0,2,28,False,False,False,False,True,True,True,True,True,True,True,True,True,False,True,True,4,True,unlabelled_window_x,,False,1x1x1x1,0.4120469504791694,0.0,0.5714285714285714
0.5508950680167927,0.3912898051597513,0.5509190608753189,0.0,True,xxxxxxxxxxxxxxxxxxxxxxxxxx,0.0,0.0061341491582383,False,10.599999999999994,0.0,False,xxxxxxxxxxxxxxxxxxxxxxxxxxxx,1.0,0.3,,10.0,147.46,True,24,0.0,0.0,False,xxxxxxxxxxxxxxxxxxxxxxxx,10.0,28,28,False,False,False,False,False,False,False,False,False,False,False,False,False,False,False,False,-1,False,unlabelled_window_x,unlabelled_window_x,False,xxxxxxx,0.0061338635358512,0.0,0.0
0.8533158351148835,0.2022302431669556,0.8536118498228106,0.0,False,1x1x1x1x1x1x1x1x1x1x1x1x1x,0.5,0.4265509663741698,False,10.599999999999994,0.0,False,1x1x101010101010101010101010,3.0,0.3,,10.0,147.3,True,24,1.0,1.0,True,101010101010101010101010,10.0,2,28,False,False,False,False,True,True,True,True,True,True,True,True,True,False,True,True,4,True,unlabelled_window_x,,False,1x1x1x1,0.4244867487467305,0.0,0.5714285714285714
0.5480340675115282,0.3913116579628899,0.5480485224510144,0.0,True,xxxxxxxxxxxxxxxxxxxxxxxxxx,0.0,0.0039176522881063,False,10.599999999999994,0.0,False,xxxxxxxxxxxxxxxxxxxxxxxxxxxx,3.0,0.3,,10.0,148.21,True,24,0.0,0.0,False,xxxxxxxxxxxxxxxxxxxxxxxx,10.0,28,28,False,False,False,False,False,False,False,False,False,False,False,False,False,False,False,False,-1,False,unlabelled_window_x,unlabelled_window_x,False,xxxxxxx,0.0039175865793006,0.0,0.0
0.8546807722221038,0.1985139895356935,0.8561128716002939,0.0,False,xx1x1x1x1x1x1x1x1x1x1x1x1x,0.4615384615384615,0.4394666522723356,False,10.599999999999994,0.0,False,1x1x101010101010101010101010,10.0,0.3,,10.0,145.56,True,24,1.0,1.0,True,101010101010101010101010,10.0,2,28,False,False,False,False,True,True,True,True,True,True,True,True,True,False,True,True,4,True,unlabelled_window_x,,False,xx1x1x1,0.4400429167409256,0.0,0.4285714285714285
0.5457668942904872,0.3913278176979772,0.5457731627851194,0.0,True,xxxxxxxxxxxxxxxxxxxxxxxxxx,0.0,0.0017321048875726,False,10.599999999999994,0.0,False,xxxxxxxxxxxxxxxxxxxxxxxxxxxx,10.0,0.3,,10.0,147.89,True,24,0.0,0.0,False,xxxxxxxxxxxxxxxxxxxxxxxx,10.0,28,28,False,False,False,False,False,False,False,False,False,False,False,False,False,False,False,False,-1,False,unlabelled_window_x,unlabelled_window_x,False,xxxxxxx,0.0017320959874574,0.0,0.0
0.8552659985363733,0.1993321625429962,0.857029671387103,0.0,False,xx1x1x1x1x1x1x1x1x1x1x1x1x,0.4615384615384615,0.4434270327829762,False,10.599999999999994,0.0,False,1x1x1x1010101010101010101010,30.0,0.3,,10.0,150.84,True,24,1.0,0.0,False,1x1010101010101010101010,10.0,3,28,False,False,False,False,False,False,True,True,True,True,True,True,True,False,False,True,6,True,unlabelled_window_x,unlabelled_window_x,False,xx1x1x1,0.4448012864729666,0.0,0.4285714285714285
0.5448515160981112,0.3913328321092704,0.5448543772405983,0.0,True,xxxxxxxxxxxxxxxxxxxxxxxxxx,0.0,0.0006954956783579,False,10.599999999999994,0.0,False,xxxxxxxxxxxxxxxxxxxxxxxxxxxx,30.0,0.3,,10.0,150.64,True,24,0.0,0.0,False,xxxxxxxxxxxxxxxxxxxxxxxx,10.0,28,28,False,False,False,False,False,False,False,False,False,False,False,False,False,False,False,False,-1,False,unlabelled_window_x,unlabelled_window_x,False,xxxxxxx,0.0006955040799544,0.0,0.0
0.8570174602669992,0.2874329522113489,0.8570512108492617,0.0,False,xx1x1x1x1x1x1x1x1x1x1x1x1x,0.4615384615384615,0.3586202455925827,False,10.599999999999994,0.0,False,1x1x1x1010101010101010101010,1.0,1.0,,10.0,146.61,True,24,1.0,0.0,False,1x1010101010101010101010,10.0,3,28,False,False,False,False,False,False,True,True,True,True,True,True,True,False,False,True,6,True,unlabelled_window_x,unlabelled_window_x,False,xx1x1x1,0.2733634656067759,0.0,0.4285714285714285
0.5541471977539536,0.3911894048302785,0.554169828108232,0.0,True,xxxxxxxxxxxxxxxxxxxxxxxxxx,0.0,0.0049115337055793,False,10.599999999999994,0.0,False,xxxxxxxxxxxxxxxxxxxxxxxxxxxx,1.0,1.0,,10.0,147.62,True,24,0.0,0.0,False,xxxxxxxxxxxxxxxxxxxxxxxx,10.0,28,28,False,False,False,False,False,False,False,False,False,False,False,False,False,False,False,False,-1,False,unlabelled_window_x,unlabelled_window_x,False,xxxxxxx,0.0049076377408622,0.0,0.0
0.856912855363352,0.2483380350141512,0.8581588112243496,0.0,False,xx1x1x1x1x1x1x1x1x1x1x1x1x,0.4615384615384615,0.3944527325191254,False,10.599999999999994,0.0,False,1x1x1x1010101010101010101010,3.0,1.0,,10.0,148.77,True,24,1.0,0.0,False,1x1010101010101010101010,10.0,3,28,False,False,False,False,False,False,True,True,True,True,True,True,True,False,False,True,6,True,unlabelled_window_x,unlabelled_window_x,False,xx1x1x1,0.3966804088951218,0.0,0.4285714285714285
0.5502888539547935,0.3912603204586631,0.5503034006634424,0.0,True,xxxxxxxxxxxxxxxxxxxxxxxxxx,0.0,0.0033827393914608,False,10.599999999999994,0.0,False,xxxxxxxxxxxxxxxxxxxxxxxxxxxx,3.0,1.0,,10.0,149.2,True,24,0.0,0.0,False,xxxxxxxxxxxxxxxxxxxxxxxx,10.0,28,28,False,False,False,False,False,False,False,False,False,False,False,False,False,False,False,False,-1,False,unlabelled_window_x,unlabelled_window_x,False,xxxxxxx,0.0033823175502364,0.0,0.0
0.8555701204431907,0.2165010349076771,0.8574244854182287,0.0,False,xx1x1x1x1x1x1x1x1x1x1x1x1x,0.4615384615384615,0.4258963912683411,False,10.599999999999994,0.0,False,1x1x1x1010101010101010101010,10.0,1.0,,10.0,145.28,True,24,1.0,0.0,False,1x1010101010101010101010,10.0,3,28,False,False,False,False,False,False,True,True,True,True,True,True,True,False,False,True,6,True,unlabelled_window_x,unlabelled_window_x,False,xx1x1x1,0.42769380387144,0.0,0.4285714285714285
0.5468237100068982,0.3913127977752115,0.5468300580011823,0.0,True,xxxxxxxxxxxxxxxxxxxxxxxxxx,0.0,0.0016030418543871,False,10.599999999999994,0.0,False,xxxxxxxxxxxxxxxxxxxxxxxxxxxx,10.0,1.0,,10.0,148.03,True,24,0.0,0.0,False,xxxxxxxxxxxxxxxxxxxxxxxx,10.0,28,28,False,False,False,False,False,False,False,False,False,False,False,False,False,False,False,False,-1,False,unlabelled_window_x,unlabelled_window_x,False,xxxxxxx,0.0016030372587895,0.0,0.0
0.8554752186740774,0.2057425316739271,0.857379880197832,0.0,False,xx1x1x1x1x1x1x1x1x1x1x1x1x,0.4615384615384615,0.4382994938529168,False,10.599999999999994,0.0,False,1x1x1x1010101010101010101010,30.0,1.0,,10.0,154.37,True,24,1.0,0.0,False,1x1010101010101010101010,10.0,3,28,False,False,False,False,False,False,True,True,True,True,True,True,True,False,False,True,6,True,unlabelled_window_x,unlabelled_window_x,False,xx1x1x1,0.4400017351485833,0.0,0.4285714285714285
0.5452622939750669,0.3913287450701492,0.5452649994987888,0.0,True,xxxxxxxxxxxxxxxxxxxxxxxxxx,0.0,0.0006602311211005,False,10.599999999999994,0.0,False,xxxxxxxxxxxxxxxxxxxxxxxxxxxx,30.0,1.0,,10.0,155.75,True,24,0.0,0.0,False,xxxxxxxxxxxxxxxxxxxxxxxx,10.0,28,28,False,False,False,False,False,False,False,False,False,False,False,False,False,False,False,False,-1,False,unlabelled_window_x,unlabelled_window_x,False,xxxxxxx,0.0006602290622821,0.0,0.0
0.8310173172809111,0.5650808174119615,0.8318133669467733,0.0,False,xxxxxxxxxxxxxxxxxx1x1x1x1x,0.1538461538461538,0.0583291513207485,False,10.599999999999994,0.0,False,111111111x1x1x1x1x1x1x1x1x1x,1.0,3.0,,10.0,146.17,True,24,1.0,0.0,False,11111x1x1x1x1x1x1x1x1x1x,10.0,10,28,False,False,False,False,False,False,False,False,False,False,False,False,False,False,False,False,-1,False,unlabelled_window_x,unlabelled_window_x,False,xxxxxxx,0.0303706210706441,0.0,0.0
0.5612684722307025,0.3909455931241845,0.5612955297155522,0.0,True,xxxxxxxxxxxxxxxxxxxxxxxxxx,0.0,0.0030020709159587,False,10.599999999999994,0.0,False,xxxxxxxxxxxxxxxxxxxxxxxxxxxx,1.0,3.0,,10.0,148.89,True,24,0.0,0.0,False,xxxxxxxxxxxxxxxxxxxxxxxx,10.0,28,28,False,False,False,False,False,False,False,False,False,False,False,False,False,False,False,False,-1,False,unlabelled_window_x,unlabelled_window_x,False,xxxxxxx,0.0029866960423812,0.0,0.0
0.8595833020438759,0.359995290380883,0.8596101309676221,0.0,False,xxxx1x1x1x1x1x1x1x1x1x1x1x,0.4230769230769231,0.3139388251784063,False,10.599999999999994,0.0,False,1x1x1x1x1x1x1x1x1x1x1x1x1x1x,3.0,3.0,,10.0,146.24,True,24,0.5,0.0,False,1x1x1x1x1x1x1x1x1x1x1x1x,10.0,14,28,False,False,False,False,False,False,False,False,False,False,False,False,False,False,False,False,-1,False,unlabelled_window_x,unlabelled_window_x,False,xxxx1x1,0.142001091633565,0.0,0.2857142857142857
0.5556853766214723,0.3911277298305315,0.5557040195727517,0.0,True,xxxxxxxxxxxxxxxxxxxxxxxxxx,0.0,0.0024216857476093,False,10.599999999999994,0.0,False,xxxxxxxxxxxxxxxxxxxxxxxxxxxx,3.0,3.0,,10.0,150.0,True,24,0.0,0.0,False,xxxxxxxxxxxxxxxxxxxxxxxx,10.0,28,28,False,False,False,False,False,False,False,False,False,False,False,False,False,False,False,False,-1,False,unlabelled_window_x,unlabelled_window_x,False,xxxxxxx,0.0024158618939389,0.0,0.0
0.857028178207149,0.2642352196951079,0.8570719999821075,0.0,False,xx1x1x1x1x1x1x1x1x1x1x1x1x,0.4615384615384615,0.3861571074789989,False,10.599999999999994,0.0,False,1x1x1x1010101010101010101010,10.0,3.0,,10.0,147.19,True,24,1.0,0.0,False,1x1010101010101010101010,10.0,3,28,False,False,False,False,False,False,True,True,True,True,True,True,True,False,False,True,6,True,unlabelled_window_x,unlabelled_window_x,False,xx1x1x1,0.3584944699141383,0.0,0.4285714285714285
0.549628456296354,0.3912713664474633,0.5496369460470641,0.0,True,xxxxxxxxxxxxxxxxxxxxxxxxxx,0.0,0.0013461588230259,False,10.599999999999994,0.0,False,xxxxxxxxxxxxxxxxxxxxxxxxxxxx,10.0,3.0,,10.0,148.7,True,24,0.0,0.0,False,xxxxxxxxxxxxxxxxxxxxxxxx,10.0,28,28,False,False,False,False,False,False,False,False,False,False,False,False,False,False,False,False,-1,False,unlabelled_window_x,unlabelled_window_x,False,xxxxxxx,0.0013459710576866,0.0,0.0
0.8560560730363561,0.2234345351388901,0.858013168161663,0.0,False,xx1x1x1x1x1x1x1x1x1x1x1x1x,0.4615384615384615,0.4238344772619172,False,10.599999999999994,0.0,False,1x1x1x1010101010101010101010,30.0,3.0,,10.0,149.69,True,24,1.0,0.0,False,1x1010101010101010101010,10.0,3,28,False,False,False,False,False,False,True,True,True,True,True,True,True,False,False,True,6,True,unlabelled_window_x,unlabelled_window_x,False,xx1x1x1,0.4259215101102056,0.0,0.4285714285714285
0.546412994932481,0.3913171604233569,0.546415574258168,0.0,True,xxxxxxxxxxxxxxxxxxxxxxxxxx,0.0,0.0005849536192157,False,10.599999999999994,0.0,False,xxxxxxxxxxxxxxxxxxxxxxxxxxxx,30.0,3.0,,10.0,153.96,True,24,0.0,0.0,False,xxxxxxxxxxxxxxxxxxxxxxxx,10.0,28,28,False,False,False,False,False,False,False,False,False,False,False,False,False,False,False,False,-1,False,unlabelled_window_x,unlabelled_window_x,False,xxxxxxx,0.0005849383686183,0.0,0.0
0.8430809326857551,0.1821955522198808,0.8431361002912644,0.0,False,xx101010101010101010101010,0.9230769230769232,0.3625236551397124,True,10.599999999999994,0.0,False,1x1x101010101010101010101010,1.0,0.1,,20.0,153.61,True,24,1.0,1.0,True,101010101010101010101010,10.0,2,28,False,False,False,False,True,True,True,True,True,True,True,True,True,False,True,True,4,True,unlabelled_window_x,,False,xx10101,0.3627741425241456,0.6666666666666666,0.7142857142857143
0.5491014124970707,0.3114262101934111,0.5491264212480498,0.0,True,xxxxxxxxxxxxxxxxxxxxxxxxxx,0.0,0.0045968621173105,False,10.599999999999994,0.0,False,xxxxxxxxxxxxxxxxxxxxxxxxxxxx,1.0,0.1,,20.0,154.19,True,24,0.0,0.0,False,xxxxxxxxxxxxxxxxxxxxxxxx,10.0,28,28,False,False,False,False,False,False,False,False,False,False,False,False,False,False,False,False,-1,False,unlabelled_window_x,unlabelled_window_x,False,xxxxxxx,0.0045840237815961,0.0,0.0
0.8456102643417348,0.1863023744524407,0.8469988399249296,0.0,False,xx1x101x101x1x1x1x1x1x1x1x,0.5384615384615384,0.3688994165048774,False,10.599999999999994,0.0,False,1x1x101010101010101010101010,3.0,0.1,,20.0,153.04,True,24,1.0,1.0,True,101010101010101010101010,10.0,2,28,False,False,False,False,True,True,True,True,True,True,True,True,True,False,True,True,4,True,unlabelled_window_x,,False,xx1x101,0.3692635200819796,0.3333333333333333,0.5714285714285714
0.546992449526204,0.3114320276135546,0.5470081327398825,0.0,True,xxxxxxxxxxxxxxxxxxxxxxxxxx,0.0,0.0028520981429701,False,10.599999999999994,0.0,False,xxxxxxxxxxxxxxxxxxxxxxxxxxxx,3.0,0.1,,20.0,153.86,True,24,0.0,0.0,False,xxxxxxxxxxxxxxxxxxxxxxxx,10.0,28,28,False,False,False,False,False,False,False,False,False,False,False,False,False,False,False,False,-1,False,unlabelled_window_x,unlabelled_window_x,False,xxxxxxx,0.0028497646147195,0.0,0.0
0.8483075388594785,0.1888044781975317,0.8517495245649734,0.0,False,xx1x101x1x1x1x1x1x1x1x1x1x,0.5,0.3795147109051202,False,10.599999999999994,0.0,False,1x1x101010101010101010101010,10.0,0.1,,20.0,152.84,True,24,1.0,1.0,True,101010101010101010101010,10.0,2,28,False,False,False,False,True,True,True,True,True,True,True,True,True,False,True,True,4,True,unlabelled_window_x,,False,xx1x101,0.3842577961027824,0.3333333333333333,0.5714285714285714
0.5454520980104242,0.3114368559440273,0.5454587984732122,0.0,True,xxxxxxxxxxxxxxxxxxxxxxxxxx,0.0,0.0012234867657399,False,10.599999999999994,0.0,False,xxxxxxxxxxxxxxxxxxxxxxxxxxxx,10.0,0.1,,20.0,154.67,True,24,0.0,0.0,False,xxxxxxxxxxxxxxxxxxxxxxxx,10.0,28,28,False,False,False,False,False,False,False,False,False,False,False,False,False,False,False,False,-1,False,unlabelled_window_x,unlabelled_window_x,False,xxxxxxx,0.0012528909693233,0.0,0.0
0.8496407598728327,0.191119291291306,0.8536423003993313,0.0,False,xx1x1x1x1x1x1x1x1x1x1x1x1x,0.4615384615384615,0.3832782339619373,False,10.599999999999994,0.0,False,1x1x101010101010101010101010,30.0,0.1,,20.0,153.83,True,24,1.0,1.0,True,101010101010101010101010,10.0,2,28,False,False,False,False,True,True,True,True,True,True,True,True,True,False,True,True,4,True,unlabelled_window_x,,False,xx1x1x1,0.3895223856008109,0.0,0.4285714285714285
0.5448722141749501,0.3114387496829119,0.5448750565659329,0.0,True,xxxxxxxxxxxxxxxxxxxxxxxxxx,0.0,0.0004764286063218,False,10.599999999999994,0.0,False,xxxxxxxxxxxxxxxxxxxxxxxxxxxx,30.0,0.1,,20.0,149.42,True,24,0.0,0.0,False,xxxxxxxxxxxxxxxxxxxxxxxx,10.0,28,28,False,False,False,False,False,False,False,False,False,False,False,False,False,False,False,False,-1,False,unlabelled_window_x,unlabelled_window_x,False,xxxxxxx,0.0006154421901559,0.0,0.0
0.849939992296518,0.1729075557758196,0.8518849092399444,0.0,False,xx1x101x101x1x1x1x1x1x1x1x,0.5384615384615384,0.3498073075071725,False,10.599999999999994,0.0,False,1x1x101010101010101010101010,1.0,0.3,,20.0,154.39,True,24,1.0,1.0,True,101010101010101010101010,10.0,2,28,False,False,False,False,True,True,True,True,True,True,True,True,True,False,True,True,4,True,unlabelled_window_x,,False,xx1x101,0.3136901658250051,0.3333333333333333,0.5714285714285714
0.549993870557273,0.3113992840072723,0.5500183545270555,0.0,True,xxxxxxxxxxxxxxxxxxxxxxxxxx,0.0,0.004310846128851,False,10.599999999999994,0.0,False,xxxxxxxxxxxxxxxxxxxxxxxxxxxx,1.0,0.3,,20.0,153.29,True,24,0.0,0.0,False,xxxxxxxxxxxxxxxxxxxxxxxx,10.0,28,28,False,False,False,False,False,False,False,False,False,False,False,False,False,False,False,False,-1,False,unlabelled_window_x,unlabelled_window_x,False,xxxxxxx,0.0043051263195971,0.0,0.0
0.8482062870674799,0.1883028268804021,0.8509593863488945,0.0,False,xx1x101x1x1x1x1x1x1x1x1x1x,0.5,0.365069739976404,False,10.599999999999994,0.0,False,1x1x101010101010101010101010,3.0,0.3,,20.0,154.35,True,24,1.0,1.0,True,101010101010101010101010,10.0,2,28,False,False,False,False,True,True,True,True,True,True,True,True,True,False,True,True,4,True,unlabelled_window_x,,False,xx1x101,0.3697274951903733,0.3333333333333333,0.5714285714285714
0.5475829084643457,0.3114168265791062,0.547598015318741,0.0,True,xxxxxxxxxxxxxxxxxxxxxxxxxx,0.0,0.0027378269796382,False,10.599999999999994,0.0,False,xxxxxxxxxxxxxxxxxxxxxxxxxxxx,3.0,0.3,,20.0,153.44,True,24,0.0,0.0,False,xxxxxxxxxxxxxxxxxxxxxxxx,10.0,28,28,False,False,False,False,False,False,False,False,False,False,False,False,False,False,False,False,-1,False,unlabelled_window_x,unlabelled_window_x,False,xxxxxxx,0.0027341192408636,0.0,0.0
0.8494405072520907,0.1930428934102796,0.8528714477228586,0.0,False,xx1x101x1x1x1x1x1x1x1x1x1x,0.5,0.3775469791382801,False,10.599999999999994,0.0,False,1x1x101010101010101010101010,10.0,0.3,,20.0,150.97,True,24,1.0,1.0,True,101010101010101010101010,10.0,2,28,False,False,False,False,True,True,True,True,True,True,True,True,True,False,True,True,4,True,unlabelled_window_x,,False,xx1x101,0.3833317864853084,0.3333333333333333,0.5714285714285714
0.5457160867567482,0.3114312277544586,0.5457227744128765,0.0,True,xxxxxxxxxxxxxxxxxxxxxxxxxx,0.0,0.0011989223997291,False,10.599999999999994,0.0,False,xxxxxxxxxxxxxxxxxxxxxxxxxxxx,10.0,0.3,,20.0,153.47,True,24,0.0,0.0,False,xxxxxxxxxxxxxxxxxxxxxxxx,10.0,28,28,False,False,False,False,False,False,False,False,False,False,False,False,False,False,False,False,-1,False,unlabelled_window_x,unlabelled_window_x,False,xxxxxxx,0.0012332635198396,0.0,0.0
0.8500186547762786,0.1926040060447082,0.8539657661058891,0.0,False,xx1x1x1x1x1x1x1x1x1x1x1x1x,0.4615384615384615,0.3824883787388535,False,10.599999999999994,0.0,False,1x1x1x1010101010101010101010,30.0,0.3,,20.0,133.55,True,24,1.0,0.0,False,1x1010101010101010101010,10.0,3,28,False,False,False,False,False,False,True,True,True,True,True,True,True,False,False,True,6,True,unlabelled_window_x,unlabelled_window_x,False,xx1x1x1,0.3889939787931468,0.0,0.4285714285714285
0.5449731462313518,0.3114368038447548,0.544975936299519,0.0,True,xxxxxxxxxxxxxxxxxxxxxxxxxx,0.0,0.000470461694367,False,10.599999999999994,0.0,False,xxxxxxxxxxxxxxxxxxxxxxxxxxxx,30.0,0.3,,20.0,152.58,True,24,0.0,0.0,False,xxxxxxxxxxxxxxxxxxxxxxxx,10.0,28,28,False,False,False,False,False,False,False,False,False,False,False,False,False,False,False,False,-1,False,unlabelled_window_x,unlabelled_window_x,False,xxxxxxx,0.0006351360815416,0.0,0.0
0.8554044703916047,0.250043122975235,0.8569292317886037,0.0,False,xxxx1x1x1x1x1x1x1x1x1x1x1x,0.4230769230769231,0.2826811685105725,False,10.599999999999994,0.0,False,111x1x1x10101010101010101010,1.0,1.0,,20.0,158.96,True,24,1.0,0.0,False,1x1x10101010101010101010,10.0,3,28,False,False,False,False,False,False,False,False,True,True,True,True,True,False,False,False,8,True,unlabelled_window_x,unlabelled_window_x,False,xxxx1x1,0.1341004266361561,0.0,0.2857142857142857
0.5528181335544571,0.3113084906676142,0.5528433205770412,0.0,True,xxxxxxxxxxxxxxxxxxxxxxxxxx,0.0,0.0035098953834726,False,10.599999999999994,0.0,False,xxxxxxxxxxxxxxxxxxxxxxxxxxxx,1.0,1.0,,20.0,160.54,True,24,0.0,0.0,False,xxxxxxxxxxxxxxxxxxxxxxxx,10.0,28,28,False,False,False,False,False,False,False,False,False,False,False,False,False,False,False,False,-1,False,unlabelled_window_x,unlabelled_window_x,False,xxxxxxx,0.0034795520434711,0.0,0.0
0.8534334792083407,0.2091586996664153,0.8553060570442871,0.0,False,xx1x1x1x1x1x1x1x1x1x1x1x1x,0.4615384615384615,0.337328278157516,False,10.599999999999994,0.0,False,1x1x1x1010101010101010101010,3.0,1.0,,20.0,157.32,True,24,1.0,0.0,False,1x1010101010101010101010,10.0,3,28,False,False,False,False,False,False,True,True,True,True,True,True,True,False,False,True,6,True,unlabelled_window_x,unlabelled_window_x,False,xx1x1x1,0.227900693800219,0.0,0.4285714285714285
0.5495178482968883,0.3113648056215137,0.5495339041462406,0.0,True,xxxxxxxxxxxxxxxxxxxxxxxxxx,0.0,0.0023970244986917,False,10.599999999999994,0.0,False,xxxxxxxxxxxxxxxxxxxxxxxxxxxx,3.0,1.0,,20.0,158.13,True,24,0.0,0.0,False,xxxxxxxxxxxxxxxxxxxxxxxx,10.0,28,28,False,False,False,False,False,False,False,False,False,False,False,False,False,False,False,False,-1,False,unlabelled_window_x,unlabelled_window_x,False,xxxxxxx,0.0023848682698195,0.0,0.0
0.8526793535394706,0.1974571940615537,0.855840235364058,0.0,False,xx1x101x1x1x1x1x1x1x1x1x1x,0.5,0.3634063342064061,False,10.599999999999994,0.0,False,1x1x1x1010101010101010101010,10.0,1.0,,20.0,158.11,True,24,1.0,0.0,False,1x1010101010101010101010,10.0,3,28,False,False,False,False,False,False,True,True,True,True,True,True,True,False,False,True,6,True,unlabelled_window_x,unlabelled_window_x,False,xx1x101,0.3646248995963248,0.3333333333333333,0.5714285714285714
0.5466154277601917,0.3114116936696556,0.5466225041490734,0.0,True,xxxxxxxxxxxxxxxxxxxxxxxxxx,0.0,0.0011219897316298,False,10.599999999999994,0.0,False,xxxxxxxxxxxxxxxxxxxxxxxxxxxx,10.0,1.0,,20.0,160.95,True,24,0.0,0.0,False,xxxxxxxxxxxxxxxxxxxxxxxx,10.0,28,28,False,False,False,False,False,False,False,False,False,False,False,False,False,False,False,False,-1,False,unlabelled_window_x,unlabelled_window_x,False,xxxxxxx,0.0011765334000021,0.0,0.0
0.8512297646104721,0.1979139626039614,0.8549829183959703,0.0,False,xx1x1x1x1x1x1x1x1x1x1x1x1x,0.4615384615384615,0.3796068321910723,False,10.599999999999994,0.0,False,1x1x1x1010101010101010101010,30.0,1.0,,20.0,106.03,True,24,1.0,0.0,False,1x1010101010101010101010,10.0,3,28,False,False,False,False,False,False,True,True,True,True,True,True,True,False,False,True,6,True,unlabelled_window_x,unlabelled_window_x,False,xx1x1x1,0.3869176382352217,0.0,0.4285714285714285
0.545323414614264,0.3114300121856765,0.5453260918149866,0.0,True,xxxxxxxxxxxxxxxxxxxxxxxxxx,0.0,0.0004513187734745,False,10.599999999999994,0.0,False,xxxxxxxxxxxxxxxxxxxxxxxxxxxx,30.0,1.0,,20.0,122.34,True,24,0.0,0.0,False,xxxxxxxxxxxxxxxxxxxxxxxx,10.0,28,28,False,False,False,False,False,False,False,False,False,False,False,False,False,False,False,False,-1,False,unlabelled_window_x,unlabelled_window_x,False,xxxxxxx,0.0007058372837295,0.0,0.0
0.773845700688827,0.6966453471957178,0.775809083302009,0.0,False,xxxxxxxxxxxxxxxxxxxxxxxxxx,0.0,0.0178128578966071,False,10.599999999999994,0.0,False,11111111111111111111111111x1,1.0,3.0,,20.0,159.96,True,24,1.0,0.0,False,1111111111111111111111x1,10.0,1,28,False,False,False,False,False,False,False,False,False,False,False,False,False,False,False,False,-1,False,unlabelled_window_x,unlabelled_window_x,False,xxxxxxx,0.0098084383664943,0.0,0.0
0.5589456889807667,0.3110750480851275,0.5589813566774369,0.0,True,xxxxxxxxxxxxxxxxxxxxxxxxxx,0.0,0.0022002720875904,False,10.599999999999994,0.0,False,xxxxxxxxxxxxxxxxxxxxxxxxxxxx,1.0,3.0,,20.0,157.7,True,24,0.0,0.0,False,xxxxxxxxxxxxxxxxxxxxxxxx,10.0,28,28,False,False,False,False,False,False,False,False,False,False,False,False,False,False,False,False,-1,False,unlabelled_window_x,unlabelled_window_x,False,xxxxxxx,0.0047649427903847,0.0,0.0
0.8566757493376795,0.3327702979317571,0.857882568725902,0.0,False,xxxxxx1x1x1x1x1x1x1x1x1x1x,0.3846153846153846,0.2533797497277935,False,10.599999999999994,0.0,False,11111x1x1x1x1x1x1x1x1x1x1x1x,3.0,3.0,,20.0,158.44,True,24,0.5,0.0,False,1x1x1x1x1x1x1x1x1x1x1x1x,10.0,12,28,False,False,False,False,False,False,False,False,False,False,False,False,False,False,False,False,-1,False,unlabelled_window_x,unlabelled_window_x,False,xxxxxx1,0.044991304381545,0.0,0.1428571428571428
0.5541217761879023,0.3112254760810298,0.5541434262644332,0.0,True,xxxxxxxxxxxxxxxxxxxxxxxxxx,0.0,0.0017550149282934,False,10.599999999999994,0.0,False,xxxxxxxxxxxxxxxxxxxxxxxxxxxx,3.0,3.0,,20.0,158.15,True,24,0.0,0.0,False,xxxxxxxxxxxxxxxxxxxxxxxx,10.0,28,28,False,False,False,False,False,False,False,False,False,False,False,False,False,False,False,False,-1,False,unlabelled_window_x,unlabelled_window_x,False,xxxxxxx,0.0030905826705827,0.0,0.0
0.8512661763594895,0.2498012904793304,0.851487400578555,0.0,False,xxxx1x1x1x1x1x1x1x1x1x1x1x,0.4230769230769231,0.3342960928595994,False,10.599999999999994,0.0,False,1x1x1x1010101010101010101010,10.0,3.0,,20.0,155.97,True,24,1.0,0.0,False,1x1010101010101010101010,10.0,3,28,False,False,False,False,False,False,True,True,True,True,True,True,True,False,False,True,6,True,unlabelled_window_x,unlabelled_window_x,False,xxxx1x1,0.185348658253716,0.0,0.2857142857142857
0.5489888360772451,0.311357242759897,0.5489985882374346,0.0,True,xxxxxxxxxxxxxxxxxxxxxxxxxx,0.0,0.0009618581263228,False,10.599999999999994,0.0,False,xxxxxxxxxxxxxxxxxxxxxxxxxxxx,10.0,3.0,,20.0,158.66,True,24,0.0,0.0,False,xxxxxxxxxxxxxxxxxxxxxxxx,10.0,28,28,False,False,False,False,False,False,False,False,False,False,False,False,False,False,False,False,-1,False,unlabelled_window_x,unlabelled_window_x,False,xxxxxxx,0.0015335185664918,0.0,0.0
0.8532938301178313,0.206090691365416,0.8564839000410805,0.0,False,xx1x1x1x1x1x1x1x1x1x1x1x1x,0.4615384615384615,0.3606855737999523,False,10.599999999999994,0.0,False,1x1x1x1010101010101010101010,30.0,3.0,,20.0,48.21,True,24,1.0,0.0,False,1x1010101010101010101010,10.0,3,28,False,False,False,False,False,False,True,True,True,True,True,True,True,False,False,True,6,True,unlabelled_window_x,unlabelled_window_x,False,xx1x1x1,0.3389020583471359,0.0,0.4285714285714285
0.5463001084983586,0.3114107663950566,0.5463031765487216,0.0,True,xxxxxxxxxxxxxxxxxxxxxxxxxx,0.0,0.0004114806733197,False,10.599999999999994,0.0,False,xxxxxxxxxxxxxxxxxxxxxxxxxxxx,30.0,3.0,,20.0,51.85,True,24,0.0,0.0,False,xxxxxxxxxxxxxxxxxxxxxxxx,10.0,28,28,False,False,False,False,False,False,False,False,False,False,False,False,False,False,False,False,-1,False,unlabelled_window_x,unlabelled_window_x,False,xxxxxxx,0.0009215967899685,0.0,0.0
