solver_success,status,resolved_oscillation,period_generations,period_h,deterministic_period_cv,TetR_relative_amplitude,C31_flux_peak_uM_h,C31_flux_trough_fraction_of_peak,C31_flux_FWHM_h,C31_flux_dose_uM_per_cycle,resource_min,scenario_id,setting_id,setting_order,target_period_generations,period_error_generations,Td_min,oscillator_plasmid_copies,K_copies,hill_n,PLlacO1_leak,PLtetO1_leak,PR_leak,oscillator_RBS_multiplier,oscillator_mrna_half_life_multiplier,effective_sponge_sites,C31_RBS_multiplier,C31_mrna_half_life_multiplier,peak_load_fraction,period_tolerance_pass,amplitude_pass
True,resolved_oscillation,1.0,9.041814185070956,7.0600000000000005,0.0012190693566910347,0.9588615562370524,2.3697615162787735,0.004213323970240286,2.716666666666667,6.143646076039379,0.9317568178911575,0,Certified_T10,0,10.0,0.9581858149290436,46.84900522501456,8.246984121571332,10.309885744705197,3.189695368241325,0.0010455507991637856,0.002916736149940122,0.012322359369387251,1.0624502070978947,0.8808417247619311,99.3484350627743,1.0865269003139288,1.1303739255109573,0.07093860705421859,False,True
True,resolved_oscillation,1.0,9.612441740660106,7.5055555555555555,0.0011102886750555144,0.9666949481460179,2.4043213747722523,0.0040706666452289,2.808333333333333,6.4365881259782975,0.932089393589353,0,Certified_T11,1,11.0,1.3875582593398939,46.84900522501456,8.246984121571332,10.309885744705197,3.189695368241325,0.0010455507991637856,0.002916736149940122,0.012322359369387251,1.0624502070978947,0.8808417247619311,99.3484350627743,1.0865269003139288,1.1303739255109573,0.07093860705421859,False,True
True,resolved_oscillation,1.0,9.583981513448677,7.483333333333333,0.0,0.9590033377352059,2.240829900345161,0.004411328407058645,2.683333333333333,5.735512749602019,0.9367816270706314,0,Certified_T12,2,12.0,2.416018486551323,46.84900522501456,8.246984121571332,10.309885744705197,3.189695368241325,0.0010455507991637856,0.002916736149940122,0.012322359369387251,1.0624502070978947,0.8808417247619311,99.3484350627743,1.0865269003139288,1.1303739255109573,0.07093860705421859,False,True
True,resolved_oscillation,1.0,8.553009782714666,6.678333333333333,0.0012055050949329872,0.8835134678623122,1.599868199462054,0.008218528422659688,2.283333333333333,3.63585774673832,0.953857117760132,0,Certified_T13,3,13.0,4.446990217285334,46.84900522501456,8.246984121571332,10.309885744705197,3.189695368241325,0.0010455507991637856,0.002916736149940122,0.012322359369387251,1.0624502070978947,0.8808417247619311,99.3484350627743,1.0865269003139288,1.1303739255109573,0.07093860705421859,False,True
True,resolved_oscillation,1.0,11.94284107546495,9.852380952380951,0.0006393792438532119,0.9868382696261274,3.586397883553018,0.002641684743992968,3.566666666666667,12.057978413178898,0.870288415721938,1,Certified_T10,0,10.0,1.9428410754649494,49.497674247485804,11.876910696964423,15.942031622460814,3.406274124136351,0.004473242907899104,0.0020994300807442518,0.001929382515952671,0.9561085133736325,1.1957283053955479,66.39459475797364,1.0113652942172568,1.1596994224480546,0.08750528216323436,False,True
True,resolved_oscillation,1.0,12.990509347672242,10.716666666666667,0.0,0.9909432487970858,3.6269582988109823,0.002608579359909713,3.816666666666667,12.980702032169066,0.8713371045001235,1,Certified_T11,1,11.0,1.9905093476722424,49.497674247485804,11.876910696964423,15.942031622460814,3.406274124136351,0.004473242907899104,0.0020994300807442518,0.001929382515952671,0.9561085133736325,1.1957283053955479,66.39459475797364,1.0113652942172568,1.1596994224480546,0.08750528216323436,False,True
True,resolved_oscillation,1.0,14.40067661434024,11.879999999999999,0.0006274040340908501,0.9942466727602808,3.6357988527348573,0.0026009465746021083,4.116666666666666,14.046433378739145,0.8711750629652708,1,Certified_T12,2,12.0,2.40067661434024,49.497674247485804,11.876910696964423,15.942031622460814,3.406274124136351,0.004473242907899104,0.0020994300807442518,0.001929382515952671,0.9561085133736325,1.1957283053955479,66.39459475797364,1.0113652942172568,1.1596994224480546,0.08750528216323436,False,True
True,resolved_oscillation,1.0,15.952264667063769,13.16,0.0006936709188261982,0.9960850648582289,3.60249441268872,0.002624693822098425,4.466666666666667,15.114357981599131,0.8695063148621341,1,Certified_T13,3,13.0,2.952264667063769,49.497674247485804,11.876910696964423,15.942031622460814,3.406274124136351,0.004473242907899104,0.0020994300807442518,0.001929382515952671,0.9561085133736325,1.1957283053955479,66.39459475797364,1.0113652942172568,1.1596994224480546,0.08750528216323436,False,True
True,resolved_oscillation,1.0,10.226666937163216,8.2,0.0,0.9772274420583595,2.001317139441539,0.007933390307914918,3.05,5.820435786281086,0.8219457818778024,2,Certified_T10,0,10.0,0.22666693716321618,48.1095163285406,9.793537271376458,14.647293172416543,3.0604682458084955,0.002781643084166562,0.0054148227195217925,0.008736258512074404,1.0850925478531013,1.1800918537236398,93.90113788725641,1.0738131868311966,0.8557954827342862,0.19087021277132143,True,True
True,resolved_oscillation,1.0,10.847274773942285,8.697619047619048,0.0007242680840581961,0.9818512040076313,2.0184295567229356,0.007833333730828784,3.125,6.006705614302259,0.8238671293841116,2,Certified_T11,1,11.0,0.152725226057715,48.1095163285406,9.793537271376458,14.647293172416543,3.0604682458084955,0.002781643084166562,0.0054148227195217925,0.008736258512074404,1.0850925478531013,1.1800918537236398,93.90113788725641,1.0738131868311966,0.8557954827342862,0.19087021277132143,True,True
True,resolved_oscillation,1.0,11.167971646536254,8.954761904761906,0.0009081760849029157,0.9821725554181387,1.9652883110859984,0.008037217241627832,3.0166666666666666,5.6796836287959325,0.8287058941338025,2,Certified_T12,2,12.0,0.8320283534637465,48.1095163285406,9.793537271376458,14.647293172416543,3.0604682458084955,0.002781643084166562,0.0054148227195217925,0.008736258512074404,1.0850925478531013,1.1800918537236398,93.90113788725641,1.0738131868311966,0.8557954827342862,0.19087021277132143,False,True
True,resolved_oscillation,1.0,10.998714963778324,8.819047619047618,0.000714295710330613,0.973793366829486,1.818508468786186,0.008721652759105422,2.7666666666666666,4.862537148546919,0.8379617420732257,2,Certified_T13,3,13.0,2.0012850362216756,48.1095163285406,9.793537271376458,14.647293172416543,3.0604682458084955,0.002781643084166562,0.0054148227195217925,0.008736258512074404,1.0850925478531013,1.1800918537236398,93.90113788725641,1.0738131868311966,0.8557954827342862,0.19087021277132143,False,True
True,resolved_oscillation,1.0,9.652896581502343,7.916666666666667,0.0,0.9707662696117659,2.1381601635929215,0.002746216221136985,2.8,5.736584542103729,0.9645302486163232,3,Certified_T10,0,10.0,0.3471034184976567,49.20802745470548,9.982015064016988,14.594213093135147,2.858898120594762,0.006119490032978442,0.0019611759179246724,0.0048533749576286506,0.9602567963140591,0.9365875091362422,60.14501785812105,0.9476062983940574,0.9012822449914674,0.042131546156787686,True,True
True,resolved_oscillation,1.0,10.613831549465434,8.704761904761906,0.0009342588225710793,0.9802616164888937,2.19776863763458,0.0025401701984420163,3.0,6.279189915308274,0.964240589852324,3,Certified_T11,1,11.0,0.3861684505345657,49.20802745470548,9.982015064016988,14.594213093135147,2.858898120594762,0.006119490032978442,0.0019611759179246724,0.0048533749576286506,0.9602567963140591,0.9365875091362422,60.14501785812105,0.9476062983940574,0.9012822449914674,0.042131546156787686,True,True
True,resolved_oscillation,1.0,11.853466689405735,9.721428571428572,0.0008365540669409419,0.9872603897163683,2.2342584361497257,0.0024449016094712575,3.25,6.896334828599934,0.9636895932977568,3,Certified_T12,2,12.0,0.14653331059426478,49.20802745470548,9.982015064016988,14.594213093135147,2.858898120594762,0.006119490032978442,0.0019611759179246724,0.0048533749576286506,0.9602567963140591,0.9365875091362422,60.14501785812105,0.9476062983940574,0.9012822449914674,0.042131546156787686,True,True
True,resolved_oscillation,1.0,13.121165388329851,10.761111111111111,0.0007997900560056619,0.9906515367914812,2.2367197647549433,0.0024277045508693837,3.55,7.501980889838167,0.962838317237207,3,Certified_T13,3,13.0,0.12116538832985135,49.20802745470548,9.982015064016988,14.594213093135147,2.858898120594762,0.006119490032978442,0.0019611759179246724,0.0048533749576286506,0.9602567963140591,0.9365875091362422,60.14501785812105,0.9476062983940574,0.9012822449914674,0.042131546156787686,True,True
True,resolved_oscillation,1.0,7.812659361982807,6.733333333333333,0.0,0.9111958697912389,1.7765989647216864,0.019373117507004538,2.3583333333333334,4.287879926357417,0.9567938192457566,4,Certified_T10,0,10.0,2.1873406380171927,51.71094518287908,9.566625053803419,13.601388972380263,2.5026691606409734,0.006226900651069672,0.007430327742617658,0.01697146857858445,0.9737485014380723,1.197271474123876,66.78559545057203,1.0206489311311595,1.0616848716929272,0.06057615049932158,False,True
True,resolved_oscillation,1.0,7.719835686394893,6.653333333333333,0.0010562049633160919,0.8944878375890182,1.5656409357427434,0.022989023062760235,2.2333333333333334,3.644497437940451,0.9626544288492696,4,Certified_T11,1,11.0,3.2801643136051073,51.71094518287908,9.566625053803419,13.601388972380263,2.5026691606409734,0.006226900651069672,0.007430327742617658,0.01697146857858445,0.9737485014380723,1.197271474123876,66.78559545057203,1.0206489311311595,1.0616848716929272,0.06057615049932158,False,True
True,resolved_oscillation,1.0,6.9891715455691905,6.023611111111111,0.001849825935222102,0.7824705883889301,0.9609714139507171,0.05650372815247002,2.0,2.1853478751534396,0.9771046788990976,4,Certified_T12,2,12.0,5.0108284544308095,51.71094518287908,9.566625053803419,13.601388972380263,2.5026691606409734,0.006226900651069672,0.007430327742617658,0.01697146857858445,0.9737485014380723,1.197271474123876,66.78559545057203,1.0206489311311595,1.0616848716929272,0.06057615049932158,False,True
True,resolved_oscillation,1.0,7.062334650980498,6.086666666666667,0.0012245717291893702,0.17721940410785836,0.29375135799383645,0.6638995221124365,3.5416666666666665,1.419904812186196,0.9928451218473344,4,Certified_T13,3,13.0,5.937665349019502,51.71094518287908,9.566625053803419,13.601388972380263,2.5026691606409734,0.006226900651069672,0.007430327742617658,0.01697146857858445,0.9737485014380723,1.197271474123876,66.78559545057203,1.0206489311311595,1.0616848716929272,0.06057615049932158,False,False
True,resolved_oscillation,1.0,10.406994642587307,8.158333333333333,0.0010919764735951966,0.9796367937514582,2.5983816213156743,0.00914038898913919,2.975,7.37039515245992,0.8311377198776457,5,Certified_T10,0,10.0,0.406994642587307,47.035673295811776,10.277795602287743,13.064523154031509,3.3026118348246696,0.002599444574437999,0.006560860938020717,0.0036961403666564674,1.046307721141472,0.9332307374609247,79.70851357125352,1.0488617202632455,1.0373240653422395,0.14698412844266853,True,True
True,resolved_oscillation,1.0,11.374345523563246,8.916666666666666,0.0,0.9864546990104609,2.652054245144658,0.008940154885913093,3.1333333333333333,7.915598269930202,0.8309549023589149,5,Certified_T11,1,11.0,0.374345523563246,47.035673295811776,10.277795602287743,13.064523154031509,3.3026118348246696,0.002599444574437999,0.006560860938020717,0.0036961403666564674,1.046307721141472,0.9332307374609247,79.70851357125352,1.0488617202632455,1.0373240653422395,0.14698412844266853,True,True
True,resolved_oscillation,1.0,12.534559139050872,9.826190476190476,0.0009066288797610714,0.9914664177761856,2.6715958074023116,0.008869571375271465,3.2583333333333333,8.290327022478147,0.8299094196068975,5,Certified_T12,2,12.0,0.5345591390508719,47.035673295811776,10.277795602287743,13.064523154031509,3.3026118348246696,0.002599444574437999,0.006560860938020717,0.0036961403666564674,1.046307721141472,0.9332307374609247,79.70851357125352,1.0488617202632455,1.0373240653422395,0.14698412844266853,False,True
True,resolved_oscillation,1.0,13.528738694381458,10.605555555555556,0.0008115208687705432,0.9938608498219024,2.641383233441452,0.008969609919721126,3.283333333333333,8.247346564551778,0.8280797571924488,5,Certified_T13,3,13.0,0.5287386943814578,47.035673295811776,10.277795602287743,13.064523154031509,3.3026118348246696,0.002599444574437999,0.006560860938020717,0.0036961403666564674,1.046307721141472,0.9332307374609247,79.70851357125352,1.0488617202632455,1.0373240653422395,0.14698412844266853,False,True
True,resolved_oscillation,1.0,7.894605490663339,6.342424242424243,0.0013723274358667054,0.9379305976210475,2.1813534079294845,0.023429148153294818,2.2333333333333334,4.941946645663062,0.9396248833501816,6,Certified_T10,0,10.0,2.1053945093366613,48.20322624043871,10.071966566401217,14.871779499129337,2.6561151705042954,0.005451097372949047,0.013060246543213304,0.010459326120915659,1.0507077507160962,0.8330048378591065,82.96633002947068,1.059773356567644,1.0483483615057325,0.06836903957921674,False,True
True,resolved_oscillation,1.0,8.40815089799913,6.755,0.0011918230731301454,0.9529048117569117,2.183729275929455,0.022475229000875663,2.2333333333333334,4.919425206055909,0.9407182233340778,6,Certified_T11,1,11.0,2.59184910200087,48.20322624043871,10.071966566401217,14.871779499129337,2.6561151705042954,0.005451097372949047,0.013060246543213304,0.010459326120915659,1.0507077507160962,0.8330048378591065,82.96633002947068,1.059773356567644,1.0483483615057325,0.06836903957921674,False,True
True,resolved_oscillation,1.0,8.78571898668303,7.058333333333334,0.001244501243671145,0.958802239458304,2.045263569740822,0.02361427406225882,2.1166666666666667,4.430617755292451,0.9445424053217849,6,Certified_T12,2,12.0,3.2142810133169704,48.20322624043871,10.071966566401217,14.871779499129337,2.6561151705042954,0.005451097372949047,0.013060246543213304,0.010459326120915659,1.0507077507160962,0.8330048378591065,82.96633002947068,1.059773356567644,1.0483483615057325,0.06836903957921674,False,True
True,resolved_oscillation,1.0,8.97358100883039,7.209259259259259,0.0012184475957494397,0.9529444707854197,1.7984284211057142,0.026881282799415474,1.975,3.7268361865039568,0.9501470350003978,6,Certified_T13,3,13.0,4.02641899116961,48.20322624043871,10.071966566401217,14.871779499129337,2.6561151705042954,0.005451097372949047,0.013060246543213304,0.010459326120915659,1.0507077507160962,0.8330048378591065,82.96633002947068,1.059773356567644,1.0483483615057325,0.06836903957921674,False,True
True,resolved_oscillation,1.0,10.887755185613203,9.895238095238094,0.0008218600229354828,0.9849176281810632,2.3348195143098427,0.0029089570732906884,3.6666666666666665,8.068294587378292,0.7993412228143721,7,Certified_T10,0,10.0,0.8877551856132033,54.53045881292448,11.317765576454171,14.717881572757701,2.9969536601348796,0.003770229788996389,0.0020076903718627783,0.00105658414850415,0.9282771913111698,1.091653154827933,82.18403409977483,1.0378622891909717,0.8805384695900185,0.1855819916581205,False,True
True,resolved_oscillation,1.0,11.935225697735682,10.847222222222223,0.0006272701005846806,0.9900645552421515,2.3840953618585865,0.002826853805331033,3.9166666666666665,8.790427292284033,0.7990356910673581,7,Certified_T11,1,11.0,0.9352256977356816,54.53045881292448,11.317765576454171,14.717881572757701,2.9969536601348796,0.003770229788996389,0.0020076903718627783,0.00105658414850415,0.9282771913111698,1.091653154827933,82.18403409977483,1.0378622891909717,0.8805384695900185,0.1855819916581205,False,True
True,resolved_oscillation,1.0,13.343001614861686,12.126666666666667,0.0007527797656750497,0.9940760701188237,2.4139542613980627,0.002783338878850246,4.25,9.630552512408718,0.7967578968881335,7,Certified_T12,2,12.0,1.3430016148616861,54.53045881292448,11.317765576454171,14.717881572757701,2.9969536601348796,0.003770229788996389,0.0020076903718627783,0.00105658414850415,0.9282771913111698,1.091653154827933,82.18403409977483,1.0378622891909717,0.8805384695900185,0.1855819916581205,False,True
True,resolved_oscillation,1.0,14.87700667957194,13.520833333333334,0.0006163328197226503,0.9962757766429512,2.4144760673467314,0.002780643284235488,4.616666666666666,10.469179520653427,0.7921769867247422,7,Certified_T13,3,13.0,1.8770066795719398,54.53045881292448,11.317765576454171,14.717881572757701,2.9969536601348796,0.003770229788996389,0.0020076903718627783,0.00105658414850415,0.9282771913111698,1.091653154827933,82.18403409977483,1.0378622891909717,0.8805384695900185,0.1855819916581205,False,True
True,resolved_oscillation,1.0,10.646077917831589,9.426190476190476,0.0009451016384879873,0.983846628332504,1.957182518601612,0.027455579224598344,2.5,4.967189302858573,0.9015818783953805,8,Certified_T10,0,10.0,0.6460779178315885,53.12486278389226,9.509875684155668,11.089157199597766,3.4541409527653686,0.011754690197015185,0.018001102029958367,0.002552292723389699,1.0058289794751052,1.1908695663983864,87.99634518103764,1.0256380632794388,0.9487940423081431,0.11764433959917087,False,True
True,resolved_oscillation,1.0,10.941877001176241,9.688095238095238,0.0008394323556942409,0.9870494629621908,1.7766078246330865,0.030245885556588935,2.1666666666666665,4.043920086918393,0.9123754544317881,8,Certified_T11,1,11.0,0.05812299882375882,53.12486278389226,9.509875684155668,11.089157199597766,3.4541409527653686,0.011754690197015185,0.018001102029958367,0.002552292723389699,1.0058289794751052,1.1908695663983864,87.99634518103764,1.0256380632794388,0.9487940423081431,0.11764433959917087,True,True
True,resolved_oscillation,1.0,10.756330303441867,9.523809523809524,0.0009354143466934853,0.9882017461428485,1.2329827971377079,0.04358059400225108,1.5,2.1976308297707248,0.9392591930169547,8,Certified_T12,2,12.0,1.2436696965581326,53.12486278389226,9.509875684155668,11.089157199597766,3.4541409527653686,0.011754690197015185,0.018001102029958367,0.002552292723389699,1.0058289794751052,1.1908695663983864,87.99634518103764,1.0256380632794388,0.9487940423081431,0.11764433959917087,False,True
True,resolved_oscillation,1.0,8.91191844335446,7.890740740740741,0.0021413151362232644,0.9565410769391701,0.22435328582951256,0.23950671201597293,0.8166666666666667,0.5716672857951544,0.9887009465255776,8,Certified_T13,3,13.0,4.088081556645539,53.12486278389226,9.509875684155668,11.089157199597766,3.4541409527653686,0.011754690197015185,0.018001102029958367,0.002552292723389699,1.0058289794751052,1.1908695663983864,87.99634518103764,1.0256380632794388,0.9487940423081431,0.11764433959917087,False,True
True,resolved_oscillation,1.0,7.856287745069721,5.9944444444444445,0.0013689507801223286,0.9236060111459926,1.7852739154526303,0.03149804619269214,2.25,4.070387458525681,0.8439502872904778,9,Certified_T10,0,10.0,2.1437122549302794,45.780740005657066,8.66964755373303,11.06118013210076,3.125792117292688,0.004217385854910588,0.016169236439825766,0.01712567615786008,1.0447301366087829,0.9222600973103875,98.23746638608972,1.0644481753039208,1.1346030617360288,0.18815467876448497,False,True
True,resolved_oscillation,1.0,7.803499898775229,5.954166666666667,0.0012659678568695465,0.9137601379235203,1.6274768723992457,0.03466860467899888,2.1166666666666667,3.5399473049986248,0.8604713462875782,9,Certified_T11,1,11.0,3.196500101224771,45.780740005657066,8.66964755373303,11.06118013210076,3.125792117292688,0.004217385854910588,0.016169236439825766,0.01712567615786008,1.0447301366087829,0.9222600973103875,98.23746638608972,1.0644481753039208,1.1346030617360288,0.18815467876448497,False,True
True,resolved_oscillation,1.0,6.737801495201307,5.1410256410256405,0.0016821368532708278,0.7559698202169121,0.9441771826178597,0.07526822843275134,1.8333333333333333,1.9733381553103144,0.9191478801396358,9,Certified_T12,2,12.0,5.262198504798693,45.780740005657066,8.66964755373303,11.06118013210076,3.125792117292688,0.004217385854910588,0.016169236439825766,0.01712567615786008,1.0447301366087829,0.9222600973103875,98.23746638608972,1.0644481753039208,1.1346030617360288,0.18815467876448497,False,True
True,steady_state,0.0,,,,,0.5317129631793523,0.9999983390941437,,,0.9534519761593303,9,Certified_T13,3,13.0,,45.780740005657066,8.66964755373303,11.06118013210076,3.125792117292688,0.004217385854910588,0.016169236439825766,0.01712567615786008,1.0447301366087829,0.9222600973103875,98.23746638608972,1.0644481753039208,1.1346030617360288,0.18815467876448497,False,False
True,resolved_oscillation,1.0,9.006636717459514,7.585185185185185,0.000732421875,0.9675440879752265,1.87027151134905,0.004437147931356332,2.675,4.829413222937177,0.9586230444038256,10,Certified_T10,0,10.0,0.9933632825404857,50.53063928168332,9.404052890325008,11.31189977669439,2.5507141910323803,0.003803450384205754,0.002670213502768156,0.006828647720717766,0.9421913685892841,1.0066469069128383,72.90318857423945,1.0769106870813736,0.819078598979003,0.05540911834486931,False,True
True,resolved_oscillation,1.0,9.72182436207712,8.1875,0.0009423105341196452,0.9763692025424209,1.917837958983687,0.004025056715532491,2.783333333333333,5.130048649115947,0.9583843915036262,10,Certified_T11,1,11.0,1.27817563792288,50.53063928168332,9.404052890325008,11.31189977669439,2.5507141910323803,0.003803450384205754,0.002670213502768156,0.006828647720717766,0.9421913685892841,1.0066469069128383,72.90318857423945,1.0769106870813736,0.819078598979003,0.05540911834486931,False,True
True,resolved_oscillation,1.0,10.454760157313324,8.804761904761905,0.0009236479868360913,0.9816129221114145,1.9201131137831313,0.003883838930551953,2.85,5.25645221642601,0.9583839856278468,10,Certified_T12,2,12.0,1.5452398426866765,50.53063928168332,9.404052890325008,11.31189977669439,2.5507141910323803,0.003803450384205754,0.002670213502768156,0.006828647720717766,0.9421913685892841,1.0066469069128383,72.90318857423945,1.0769106870813736,0.819078598979003,0.05540911834486931,False,True
True,resolved_oscillation,1.0,11.06824932825356,9.321428571428573,0.0008724521724954958,0.9823985815084731,1.8853829599478051,0.003929422021499537,2.9,5.258053405471387,0.9582247230267057,10,Certified_T13,3,13.0,1.9317506717464408,50.53063928168332,9.404052890325008,11.31189977669439,2.5507141910323803,0.003803450384205754,0.002670213502768156,0.006828647720717766,0.9421913685892841,1.0066469069128383,72.90318857423945,1.0769106870813736,0.819078598979003,0.05540911834486931,False,True
True,resolved_oscillation,1.0,8.86894118846164,7.975,0.0011170793810341667,0.9667784241640653,2.5545967040713373,0.013784251625684123,2.7,6.78194856116406,0.9477763398368182,11,Certified_T10,0,10.0,1.1310588115383595,53.952325292507446,11.284296795670869,14.202251435825328,2.782775997906049,0.0010832230847186589,0.009326504211982403,0.006327057606255256,1.0219329233516743,0.8178842604440828,95.09058723252585,0.9170552436200882,1.1048868578804376,0.05141668319185484,False,True
True,resolved_oscillation,1.0,9.585181997979141,8.619047619047619,0.0007308705279183952,0.9765280750004848,2.607532957845587,0.013335289860182063,2.7666666666666666,7.069800731282097,0.9477164305283386,11,Certified_T11,1,11.0,1.4148180020208585,53.952325292507446,11.284296795670869,14.202251435825328,2.782775997906049,0.0010832230847186589,0.009326504211982403,0.006327057606255256,1.0219329233516743,0.8178842604440828,95.09058723252585,0.9170552436200882,1.1048868578804376,0.05141668319185484,False,True
True,resolved_oscillation,1.0,10.276268324352777,9.24047619047619,0.0009640962089085137,0.9825009702567927,2.5712827814471106,0.013453407270105548,2.725,6.898802510847289,0.9485038694514142,11,Certified_T12,2,12.0,1.7237316756472225,53.952325292507446,11.284296795670869,14.202251435825328,2.782775997906049,0.0010832230847186589,0.009326504211982403,0.006327057606255256,1.0219329233516743,0.8178842604440828,95.09058723252585,0.9170552436200882,1.1048868578804376,0.05141668319185484,False,True
True,resolved_oscillation,1.0,10.678740054654662,9.602380952380951,0.0006560256164305952,0.9833947122716867,2.4303687740089734,0.014217612787962476,2.5833333333333335,6.245732300039359,0.9502396964028098,11,Certified_T13,3,13.0,2.3212599453453375,53.952325292507446,11.284296795670869,14.202251435825328,2.782775997906049,0.0010832230847186589,0.009326504211982403,0.006327057606255256,1.0219329233516743,0.8178842604440828,95.09058723252585,0.9170552436200882,1.1048868578804376,0.05141668319185484,False,True
True,resolved_oscillation,1.0,9.530883763833472,7.353703703703704,0.0009994024091153075,0.9791397746661021,2.7869257538647263,0.014546796059533441,2.316666666666667,6.366678036622796,0.957273079055197,12,Certified_T10,0,10.0,0.46911623616652776,46.29394641203301,11.820194197762707,10.029989600586033,2.5668920068558867,0.015163019757159626,0.009478720438193724,0.0018285921812986037,1.0329025995316163,0.9298670296095789,80.77595808765915,0.9628122021216788,1.1500073691125319,0.039062061065033196,True,True
True,resolved_oscillation,1.0,10.236219564915457,7.897916666666666,0.0007460899827871776,0.9850237266930214,2.75775356595719,0.014605991921286234,2.3333333333333335,6.335856089910529,0.9585311380129609,12,Certified_T11,1,11.0,0.7637804350845432,46.29394641203301,11.820194197762707,10.029989600586033,2.5668920068558867,0.015163019757159626,0.009478720438193724,0.0018285921812986037,1.0329025995316163,0.9298670296095789,80.77595808765915,0.9628122021216788,1.1500073691125319,0.039062061065033196,False,True
True,resolved_oscillation,1.0,10.951755883750222,8.45,0.0,0.9892051683333942,2.5679586439757127,0.015639072352785437,2.216666666666667,5.687007718369592,0.9614304990180341,12,Certified_T12,2,12.0,1.0482441162497782,46.29394641203301,11.820194197762707,10.029989600586033,2.5668920068558867,0.015163019757159626,0.009478720438193724,0.0018285921812986037,1.0329025995316163,0.9298670296095789,80.77595808765915,0.9628122021216788,1.1500073691125319,0.039062061065033196,False,True
True,resolved_oscillation,1.0,11.534985487026862,8.9,0.0,0.991125478427584,2.2318283451625627,0.017977825163659537,2.033333333333333,4.61641017775857,0.9657308862647017,12,Certified_T13,3,13.0,1.4650145129731378,46.29394641203301,11.820194197762707,10.029989600586033,2.5668920068558867,0.015163019757159626,0.009478720438193724,0.0018285921812986037,1.0329025995316163,0.9298670296095789,80.77595808765915,0.9628122021216788,1.1500073691125319,0.039062061065033196,False,True
True,resolved_oscillation,1.0,9.001804287631511,7.879166666666666,0.000979185721599737,0.9687694571074339,2.1205574840316066,0.005568696595156067,2.716666666666667,5.577273693088378,0.9890083779166944,13,Certified_T10,0,10.0,0.9981957123684886,52.51724930851463,10.832158921497232,10.994933093973874,2.6350467386975294,0.0010055538204915408,0.0036758685304032973,0.008115366204326286,1.0977300737967688,0.8306497277500476,87.46508030568836,0.9090703629310404,0.9393748965717479,0.013557115585233905,False,True
True,resolved_oscillation,1.0,9.553323761626311,8.361904761904762,0.0009725655624487089,0.9749887955795237,2.147115862179994,0.005341736783098911,2.783333333333333,5.764160874489991,0.9890841468929126,13,Certified_T11,1,11.0,1.4466762383736889,52.51724930851463,10.832158921497232,10.994933093973874,2.6350467386975294,0.0010055538204915408,0.0036758685304032973,0.008115366204326286,1.0977300737967688,0.8306497277500476,87.46508030568836,0.9090703629310404,0.9393748965717479,0.013557115585233905,False,True
True,resolved_oscillation,1.0,9.860705761929207,8.630952380952381,0.0007298624306385077,0.9755295713131241,2.0620898279695363,0.0055205072594354115,2.716666666666667,5.421701815079496,0.9895287358705213,13,Certified_T12,2,12.0,2.139294238070793,52.51724930851463,10.832158921497232,10.994933093973874,2.6350467386975294,0.0010055538204915408,0.0036758685304032973,0.008115366204326286,1.0977300737967688,0.8306497277500476,87.46508030568836,0.9090703629310404,0.9393748965717479,0.013557115585233905,False,True
True,resolved_oscillation,1.0,9.801541527357632,8.579166666666667,0.0008992910148349212,0.9663703970376472,1.8546885732559166,0.0062805781648660654,2.558333333333333,4.645642993180488,0.9903717220269268,13,Certified_T13,3,13.0,3.1984584726423684,52.51724930851463,10.832158921497232,10.994933093973874,2.6350467386975294,0.0010055538204915408,0.0036758685304032973,0.008115366204326286,1.0977300737967688,0.8306497277500476,87.46508030568836,0.9090703629310404,0.9393748965717479,0.013557115585233905,False,True
True,resolved_oscillation,1.0,10.16522693464366,9.195238095238095,0.0008844252344173657,0.9806001278090002,2.5158848721262697,0.017031220565103634,3.0,7.367124423218978,0.8704135543307121,14,Certified_T10,0,10.0,0.16522693464366078,54.27466492007302,10.131122518939568,13.404784727688721,3.0528885139858097,0.007263598256005896,0.011706942886606727,0.0022076475576358434,0.9086996571364006,1.1502310112046732,97.93775697849709,0.9786608750011498,1.1418242515224468,0.12015907817589422,True,True
True,resolved_oscillation,1.0,10.91274750674071,9.871428571428572,0.0008238423191799002,0.9862995766058378,2.5111635679249518,0.017043047369968627,2.9833333333333334,7.354134461983135,0.87313720348053,14,Certified_T11,1,11.0,0.08725249325929063,54.27466492007302,10.131122518939568,13.404784727688721,3.0528885139858097,0.007263598256005896,0.011706942886606727,0.0022076475576358434,0.9086996571364006,1.1502310112046732,97.93775697849709,0.9786608750011498,1.1418242515224468,0.12015907817589422,True,True
True,resolved_oscillation,1.0,11.641404590222633,10.530555555555557,0.0006461328786027902,0.9904936595154326,2.3921118307112375,0.017883000579792294,2.7666666666666666,6.5850003480245585,0.8792936577638514,14,Certified_T12,2,12.0,0.3585954097773669,54.27466492007302,10.131122518939568,13.404784727688721,3.0528885139858097,0.007263598256005896,0.011706942886606727,0.0022076475576358434,0.9086996571364006,1.1502310112046732,97.93775697849709,0.9786608750011498,1.1418242515224468,0.12015907817589422,True,True
True,resolved_oscillation,1.0,12.154228269084983,10.994444444444444,0.0007828162397589524,0.9925387902845004,2.136651993548878,0.0200179211504348,2.4,5.217419344765008,0.8897779479141243,14,Certified_T13,3,13.0,0.8457717309150166,54.27466492007302,10.131122518939568,13.404784727688721,3.0528885139858097,0.007263598256005896,0.011706942886606727,0.0022076475576358434,0.9086996571364006,1.1502310112046732,97.93775697849709,0.9786608750011498,1.1418242515224468,0.12015907817589422,False,True
True,resolved_oscillation,1.0,8.814064165662497,7.538888888888889,0.001105379513633014,0.964799392110035,2.4779810663134065,0.015776203673659898,2.566666666666667,6.262143165434089,0.9439073709694555,15,Certified_T10,0,10.0,1.1859358343375028,51.31949629950695,11.058020375385345,10.159974536351065,2.870619912236358,0.002617194598884468,0.010281600202166247,0.009080883781767201,0.9223417325424703,0.8262730276211775,81.40869944807845,0.9215660710341027,1.1376361360418044,0.05662101196303431,False,True
True,resolved_oscillation,1.0,9.265484548502249,7.925,0.001124127200472868,0.9709842870274383,2.454629624425176,0.015821607020749383,2.55,6.177922721716825,0.9455015378369344,15,Certified_T11,1,11.0,1.7345154514977512,51.31949629950695,11.058020375385345,10.159974536351065,2.870619912236358,0.002617194598884468,0.010281600202166247,0.009080883781767201,0.9223417325424703,0.8262730276211775,81.40869944807845,0.9215660710341027,1.1376361360418044,0.05662101196303431,False,True
True,resolved_oscillation,1.0,9.338556193206525,7.9875,0.0009659051640819524,0.9687098285692853,2.226324627718538,0.01743208567374215,2.3666666666666667,5.256213541788315,0.950628525382582,15,Certified_T12,2,12.0,2.661443806793475,51.31949629950695,11.058020375385345,10.159974536351065,2.870619912236358,0.002617194598884468,0.010281600202166247,0.009080883781767201,0.9223417325424703,0.8262730276211775,81.40869944807845,0.9215660710341027,1.1376361360418044,0.05662101196303431,False,True
True,resolved_oscillation,1.0,8.992683741606283,7.691666666666666,0.0011582285673344503,0.9481285601241968,1.789621723525165,0.02193483681048103,2.1166666666666667,3.9014878175433245,0.9594272037129687,15,Certified_T13,3,13.0,4.0073162583937165,51.31949629950695,11.058020375385345,10.159974536351065,2.870619912236358,0.002617194598884468,0.010281600202166247,0.009080883781767201,0.9223417325424703,0.8262730276211775,81.40869944807845,0.9215660710341027,1.1376361360418044,0.05662101196303431,False,True
True,resolved_oscillation,1.0,9.968735241741651,8.00625,0.0010773857288717474,0.9709471640535404,2.072458204251038,0.0030044543286843303,3.15,6.163438242096904,0.8588485796315732,16,Certified_T10,0,10.0,0.031264758258348735,48.18815911456317,8.351431219062956,12.586281820652552,3.2102926180079474,0.0020294317985414144,0.002120692888650551,0.011600199368447976,0.9462692415627008,1.184927621773556,90.15983117146385,0.939823048085365,1.1230532813223753,0.15296272460775184,True,True
True,resolved_oscillation,1.0,10.598335672049783,8.511904761904763,0.0009554266448447178,0.976398023778075,2.1003306085725044,0.002925973265947698,3.275,6.489835842316057,0.8596935624965102,16,Certified_T11,1,11.0,0.40166432795021656,48.18815911456317,8.351431219062956,12.586281820652552,3.2102926180079474,0.0020294317985414144,0.002120692888650551,0.011600199368447976,0.9462692415627008,1.184927621773556,90.15983117146385,0.939823048085365,1.1230532813223753,0.15296272460775184,True,True
True,resolved_oscillation,1.0,10.755457851243808,8.63809523809524,0.0009414691993715176,0.9734339926888341,2.0395326797855127,0.0030219463549471725,3.183333333333333,6.144955583261007,0.8639151005401204,16,Certified_T12,2,12.0,1.2445421487561923,48.18815911456317,8.351431219062956,12.586281820652552,3.2102926180079474,0.0020294317985414144,0.002120692888650551,0.011600199368447976,0.9462692415627008,1.184927621773556,90.15983117146385,0.939823048085365,1.1230532813223753,0.15296272460775184,False,True
True,resolved_oscillation,1.0,10.103623150295011,8.114583333333334,0.0007261687098193043,0.945326766965045,1.794478464348015,0.003724683577425357,2.808333333333333,4.83607870933757,0.8775937457666413,16,Certified_T13,3,13.0,2.896376849704989,48.18815911456317,8.351431219062956,12.586281820652552,3.2102926180079474,0.0020294317985414144,0.002120692888650551,0.011600199368447976,0.9462692415627008,1.184927621773556,90.15983117146385,0.939823048085365,1.1230532813223753,0.15296272460775184,False,True
True,resolved_oscillation,1.0,9.619388717630647,8.619047619047619,0.0007308705279183952,0.9693111937069862,2.843347963531001,0.0026142529551009368,3.0,8.214640390335115,0.9986736239944651,17,Certified_T10,0,10.0,0.3806112823693528,53.760469851376854,9.465648516553154,12.520696201189264,2.6991036104783057,0.012994091560318301,0.001695325612348076,0.008024738126072583,0.9521035697165667,1.033390357452816,64.44694563286114,1.0948944824417237,1.14977177068317,0.0012353312638212926,True,True
True,resolved_oscillation,1.0,10.310284039891414,9.238095238095239,0.0008803222307525427,0.9755656125598785,2.8463457796076823,0.002466872581772106,3.1333333333333333,8.561881910632012,0.9986976888229868,17,Certified_T11,1,11.0,0.689715960108586,53.760469851376854,9.465648516553154,12.520696201189264,2.6991036104783057,0.012994091560318301,0.001695325612348076,0.008024738126072583,0.9521035697165667,1.033390357452816,64.44694563286114,1.0948944824417237,1.14977177068317,0.0012353312638212926,False,True
True,resolved_oscillation,1.0,10.910831512318078,9.776190476190475,0.0009112658029162059,0.977633083175305,2.7211402859905367,0.0025209868833949854,3.2,8.349410490594328,0.998756438196281,17,Certified_T12,2,12.0,1.0891684876819223,53.760469851376854,9.465648516553154,12.520696201189264,2.6991036104783057,0.012994091560318301,0.001695325612348076,0.008024738126072583,0.9521035697165667,1.033390357452816,64.44694563286114,1.0948944824417237,1.14977177068317,0.0012353312638212926,False,True
True,resolved_oscillation,1.0,11.235020855840437,10.066666666666666,0.0,0.9731783852531736,2.4697870255367875,0.002805384948199679,3.183333333333333,7.566999680885685,0.9988461163060629,17,Certified_T13,3,13.0,1.7649791441595628,53.760469851376854,9.465648516553154,12.520696201189264,2.6991036104783057,0.012994091560318301,0.001695325612348076,0.008024738126072583,0.9521035697165667,1.033390357452816,64.44694563286114,1.0948944824417237,1.14977177068317,0.0012353312638212926,False,True
True,resolved_oscillation,1.0,9.183691580467165,7.235185185185185,0.0007678525723061174,0.9682181318545499,2.0141654075918245,0.006343308898412946,2.6,5.034564464276025,0.9053204919255579,18,Certified_T10,0,10.0,0.8163084195328345,47.26978332269171,8.471378528962182,14.405623839889834,2.8262252756911277,0.0020149086337454413,0.004346555067886415,0.0015314895369598566,1.0929236630959465,0.9168748731361002,74.75194510872382,0.9016071495876776,1.1314199013983206,0.11082363399260094,False,True
True,resolved_oscillation,1.0,10.172989300950688,8.014583333333333,0.0007352293019875722,0.980005800800418,2.089755601580629,0.005910597939186173,2.7666666666666666,5.524472192288956,0.9036510863581232,18,Certified_T11,1,11.0,0.8270106990493122,47.26978332269171,8.471378528962182,14.405623839889834,2.8262252756911277,0.0020149086337454413,0.004346555067886415,0.0015314895369598566,1.0929236630959465,0.9168748731361002,74.75194510872382,0.9016071495876776,1.1314199013983206,0.11082363399260094,False,True
True,resolved_oscillation,1.0,11.511431170060876,9.069047619047618,0.0006946052273732188,0.9887363459131132,2.1558405340677647,0.005655682364365345,2.9833333333333334,6.116374243678801,0.900721023877687,18,Certified_T12,2,12.0,0.4885688299391244,47.26978332269171,8.471378528962182,14.405623839889834,2.8262252756911277,0.0020149086337454413,0.004346555067886415,0.0015314895369598566,1.0929236630959465,0.9168748731361002,74.75194510872382,0.9016071495876776,1.1314199013983206,0.11082363399260094,True,True
True,resolved_oscillation,1.0,12.977181791609716,10.223809523809525,0.000871368744008836,0.9933819154135959,2.2008007468903585,0.0055229020373127385,3.225,6.749233556974056,0.8963886170829889,18,Certified_T13,3,13.0,0.0228182083902837,47.26978332269171,8.471378528962182,14.405623839889834,2.8262252756911277,0.0020149086337454413,0.004346555067886415,0.0015314895369598566,1.0929236630959465,0.9168748731361002,74.75194510872382,0.9016071495876776,1.1314199013983206,0.11082363399260094,True,True
True,resolved_oscillation,1.0,9.137874082578708,7.056666666666667,0.001219645204285126,0.9766431837892697,2.3558292767295206,0.036276639971929404,2.1666666666666665,5.262279290230274,0.7814037181411119,19,Certified_T10,0,10.0,0.8621259174212916,46.33462840193969,10.646967398209732,10.733466253349391,2.897442554197182,0.003471294608869912,0.019805874043482694,0.0012102116596152328,0.9793186857386393,1.0048897034523427,98.72378466788064,1.078618289494213,1.1686594548653613,0.1974490999559485,False,True
True,resolved_oscillation,1.0,9.666396480049015,7.464814814814815,0.0007442322004465394,0.9832044324183931,2.2860001619047785,0.03733965113407975,2.0166666666666666,4.821632619279417,0.7919509786778292,19,Certified_T11,1,11.0,1.3336035199509855,46.33462840193969,10.646967398209732,10.733466253349391,2.897442554197182,0.003471294608869912,0.019805874043482694,0.0012102116596152328,0.9793186857386393,1.0048897034523427,98.72378466788064,1.078618289494213,1.1686594548653613,0.1974490999559485,False,True
True,resolved_oscillation,1.0,10.062668377426364,7.770833333333333,0.0009928365681206985,0.9874596929728666,1.9789351593990627,0.04311228490571868,1.625,3.5899863362342512,0.8201086350493639,19,Certified_T12,2,12.0,1.9373316225736357,46.33462840193969,10.646967398209732,10.733466253349391,2.897442554197182,0.003471294608869912,0.019805874043482694,0.0012102116596152328,0.9793186857386393,1.0048897034523427,98.72378466788064,1.078618289494213,1.1686594548653613,0.1974490999559485,False,True
True,resolved_oscillation,1.0,10.22723212300894,7.897916666666666,0.0007460899827871776,0.9879726264252375,1.3428826112727592,0.06351402969281772,1.1333333333333333,2.064373972317907,0.8752033601891551,19,Certified_T13,3,13.0,2.7727678769910593,46.33462840193969,10.646967398209732,10.733466253349391,2.897442554197182,0.003471294608869912,0.019805874043482694,0.0012102116596152328,0.9793186857386393,1.0048897034523427,98.72378466788064,1.078618289494213,1.1686594548653613,0.1974490999559485,False,True
True,resolved_oscillation,1.0,10.41151309847723,8.457142857142857,0.0010533945345647358,0.9738425107014661,2.0798595484682245,0.008186699934524951,3.05,6.082149929897577,0.9148363031871459,20,Certified_T10,0,10.0,0.4115130984772293,48.73725525089981,8.720414053581282,13.28766145190136,3.211913911848574,0.018561939646927324,0.005949391409311988,0.00847322194071347,1.0671183651493186,1.0870471827452535,76.31470536928646,0.9779969452942863,1.032714792982078,0.09793581733041581,True,True
True,resolved_oscillation,1.0,11.153098913205477,9.059523809523808,0.0009833527954727836,0.9791355086302715,2.058597437832246,0.0082469015181537,3.175,6.245269357160816,0.9173234417533768,20,Certified_T11,1,11.0,0.15309891320547742,48.73725525089981,8.720414053581282,13.28766145190136,3.211913911848574,0.018561939646927324,0.005949391409311988,0.00847322194071347,1.0671183651493186,1.0870471827452535,76.31470536928646,0.9779969452942863,1.032714792982078,0.09793581733041581,True,True
True,resolved_oscillation,1.0,11.69243405118966,9.497619047619049,0.0006632617977098496,0.980279389415608,1.9311997495143933,0.008782748543846964,3.15,5.8410095934976844,0.9225310821103005,20,Certified_T12,2,12.0,0.30756594881034083,48.73725525089981,8.720414053581282,13.28766145190136,3.211913911848574,0.018561939646927324,0.005949391409311988,0.00847322194071347,1.0671183651493186,1.0870471827452535,76.31470536928646,0.9779969452942863,1.032714792982078,0.09793581733041581,True,True
True,resolved_oscillation,1.0,11.68070937427696,9.488095238095239,0.0008571267892898033,0.9728874883113064,1.6768337890608132,0.010126078758599198,2.95,4.7885922711727575,0.9312335825821639,20,Certified_T13,3,13.0,1.3192906257230401,48.73725525089981,8.720414053581282,13.28766145190136,3.211913911848574,0.018561939646927324,0.005949391409311988,0.00847322194071347,1.0671183651493186,1.0870471827452535,76.31470536928646,0.9779969452942863,1.032714792982078,0.09793581733041581,False,True
True,resolved_oscillation,1.0,10.139643455846633,8.691666666666666,0.0010249712058002854,0.9723609160083959,2.3253974191617868,0.005851013400353251,3.2,7.091217746248065,0.8999399493193815,21,Certified_T10,0,10.0,0.13964345584663285,51.431788728162545,10.661785184987995,11.756711429216278,3.1782463471527427,0.005555066030644092,0.004146917181979626,0.011349983130512886,0.9957016544701077,1.160819563013446,99.80309263023172,0.9341411440312756,1.0087234721408527,0.1024063569749121,True,True
True,resolved_oscillation,1.0,10.125061034769194,8.679166666666667,0.0008889295245055703,0.9682019350367411,2.2230512824124578,0.0061354153847443275,3.066666666666667,6.536013543585315,0.9061782610853354,21,Certified_T11,1,11.0,0.8749389652308057,51.431788728162545,10.661785184987995,11.756711429216278,3.1782463471527427,0.005555066030644092,0.004146917181979626,0.011349983130512886,0.9957016544701077,1.160819563013446,99.80309263023172,0.9341411440312756,1.0087234721408527,0.1024063569749121,False,True
True,resolved_oscillation,1.0,9.016797032883751,7.729166666666667,0.000998188786816767,0.9268872234685466,1.7212668340152013,0.008434427298259821,2.55,4.302418484626175,0.9274409597726401,21,Certified_T12,2,12.0,2.9832029671162488,51.431788728162545,10.661785184987995,11.756711429216278,3.1782463471527427,0.005555066030644092,0.004146917181979626,0.011349983130512886,0.9957016544701077,1.160819563013446,99.80309263023172,0.9341411440312756,1.0087234721408527,0.1024063569749121,False,True
True,resolved_oscillation,1.0,7.135664713893988,6.116666666666666,0.0,0.08473208143819859,0.20820918708851396,0.7829223377233903,3.35,1.1022291633061525,0.9910271727493293,21,Certified_T13,3,13.0,5.864335286106012,51.431788728162545,10.661785184987995,11.756711429216278,3.1782463471527427,0.005555066030644092,0.004146917181979626,0.011349983130512886,0.9957016544701077,1.160819563013446,99.80309263023172,0.9341411440312756,1.0087234721408527,0.1024063569749121,False,False
True,resolved_oscillation,1.0,11.893602465312709,9.092857142857143,0.0009797479410248602,0.9872443090725709,2.9550920851688818,0.00913137799700419,3.075,8.651227459531098,0.8949803465159019,22,Certified_T10,0,10.0,1.8936024653127088,45.87099914954862,11.381711113382023,10.481737754688158,3.318947659836484,0.01722273355976013,0.006751949051950982,0.0019181780684792123,1.0536242720934947,1.0677768838147463,68.18155194187528,1.014983052971859,1.070324219144073,0.08611426096212686,False,True
True,resolved_oscillation,1.0,12.746927177408985,9.745238095238095,0.0008345102016417948,0.9905257943047773,2.9019307236506093,0.009296595684781576,3.1333333333333333,8.681348987574053,0.8988473960748756,22,Certified_T11,1,11.0,1.7469271774089847,45.87099914954862,11.381711113382023,10.481737754688158,3.318947659836484,0.01722273355976013,0.006751949051950982,0.0019181780684792123,1.0536242720934947,1.0677768838147463,68.18155194187528,1.014983052971859,1.070324219144073,0.08611426096212686,False,True
True,resolved_oscillation,1.0,13.62516647963946,10.416666666666666,0.0,0.9931226344020103,2.707752877607635,0.009962393052490063,3.033333333333333,7.880662274370561,0.9057267705361353,22,Certified_T12,2,12.0,1.6251664796394607,45.87099914954862,11.381711113382023,10.481737754688158,3.318947659836484,0.01722273355976013,0.006751949051950982,0.0019181780684792123,1.0536242720934947,1.0677768838147463,68.18155194187528,1.014983052971859,1.070324219144073,0.08611426096212686,False,True
True,resolved_oscillation,1.0,14.213773671559885,10.866666666666667,0.0,0.9944082698104567,2.346261694870077,0.01149683815760779,2.716666666666667,6.215861963886497,0.916489343407852,22,Certified_T13,3,13.0,1.2137736715598848,45.87099914954862,11.381711113382023,10.481737754688158,3.318947659836484,0.01722273355976013,0.006751949051950982,0.0019181780684792123,1.0536242720934947,1.0677768838147463,68.18155194187528,1.014983052971859,1.070324219144073,0.08611426096212686,False,True
True,resolved_oscillation,1.0,9.762499101275163,8.23125,0.0007158762654381651,0.977871477418319,2.5699906357127107,0.01300536953739439,2.808333333333333,7.022846158758624,0.8447141715935435,23,Certified_T10,0,10.0,0.23750089872483748,50.58899313347858,10.293772144825496,12.2156945481605,2.8452618318794807,0.0014829303385708143,0.008708203876204149,0.0025005537831626966,0.9358557039203421,0.9501172916750346,61.37180918591332,1.0893656206562305,1.051281541642565,0.1380855023628534,True,True
True,resolved_oscillation,1.0,10.595190115481623,8.933333333333334,0.0,0.9849789019337502,2.6177729910252445,0.0126983409326617,2.8916666666666666,7.334653941578732,0.8448603779175518,23,Certified_T11,1,11.0,0.40480988451837696,50.58899313347858,10.293772144825496,12.2156945481605,2.8452618318794807,0.0014829303385708143,0.008708203876204149,0.0025005537831626966,0.9358557039203421,0.9501172916750346,61.37180918591332,1.0893656206562305,1.051281541642565,0.1380855023628534,True,True
True,resolved_oscillation,1.0,11.555308622748083,9.742857142857142,0.0009143835256045801,0.9903149595091015,2.613557051510981,0.01268995733875592,2.875,7.3136451095055675,0.8452922523056923,23,Certified_T12,2,12.0,0.44469137725191743,50.58899313347858,10.293772144825496,12.2156945481605,2.8452618318794807,0.0014829303385708143,0.008708203876204149,0.0025005537831626966,0.9358557039203421,0.9501172916750346,61.37180918591332,1.0893656206562305,1.051281541642565,0.1380855023628534,True,True
True,resolved_oscillation,1.0,12.403883950493878,10.458333333333334,0.0008728646334743682,0.9931118846792819,2.546525294565525,0.013015576871992418,2.7583333333333333,6.896355621305028,0.845895911031844,23,Certified_T13,3,13.0,0.5961160495061222,50.58899313347858,10.293772144825496,12.2156945481605,2.8452618318794807,0.0014829303385708143,0.008708203876204149,0.0025005537831626966,0.9358557039203421,0.9501172916750346,61.37180918591332,1.0893656206562305,1.051281541642565,0.1380855023628534,False,True
True,resolved_oscillation,1.0,7.462207901601007,5.670833333333333,0.001329219740974711,0.902197201022543,1.6606715766376643,0.016528619576635133,2.1666666666666665,3.6279239473730076,0.9844466719736809,24,Certified_T10,0,10.0,2.5377920983989926,45.59642460872737,9.068049752674384,15.985793861777381,2.59653588151061,0.004686924662917198,0.006245914733689672,0.015388734798910732,0.9476209078363942,0.9428175927902525,86.32489506641144,0.9807776653307883,0.9410773074177009,0.024230938707228505,False,True
True,resolved_oscillation,1.0,7.947194094123737,6.03939393939394,0.0013923168013559063,0.9262115784167322,1.6898180356231403,0.013154790769382585,2.183333333333333,3.6887367470525723,0.9844772027723708,24,Certified_T11,1,11.0,3.052805905876263,45.59642460872737,9.068049752674384,15.985793861777381,2.59653588151061,0.004686924662917198,0.006245914733689672,0.015388734798910732,0.9476209078363942,0.9428175927902525,86.32489506641144,0.9807776653307883,0.9410773074177009,0.024230938707228505,False,True
True,resolved_oscillation,1.0,8.306073907706846,6.3121212121212125,0.001233339661897756,0.9333138948515369,1.6116217438007001,0.012727179078211671,2.1333333333333333,3.454321730190238,0.9852129175774779,24,Certified_T12,2,12.0,3.693926092293154,45.59642460872737,9.068049752674384,15.985793861777381,2.59653588151061,0.004686924662917198,0.006245914733689672,0.015388734798910732,0.9476209078363942,0.9428175927902525,86.32489506641144,0.9807776653307883,0.9410773074177009,0.024230938707228505,False,True
True,resolved_oscillation,1.0,8.557289777215022,6.503030303030303,0.0010367472255958523,0.9195799541398327,1.4556883392825304,0.01476909242366418,2.1,3.10697128211867,0.9863455608059034,24,Certified_T13,3,13.0,4.442710222784978,45.59642460872737,9.068049752674384,15.985793861777381,2.59653588151061,0.004686924662917198,0.006245914733689672,0.015388734798910732,0.9476209078363942,0.9428175927902525,86.32489506641144,0.9807776653307883,0.9410773074177009,0.024230938707228505,False,True
True,resolved_oscillation,1.0,7.067259332606171,5.975757575757576,0.0014565321111911836,0.8901840040115643,1.4463534871827708,0.033707845548929305,2.283333333333333,3.4367449400840284,0.9277649505105774,25,Certified_T10,0,10.0,2.932740667393829,50.733309430324084,9.204637696029833,15.106119387665792,2.5448139965418313,0.013260482987323397,0.013205090811928284,0.012659833024176444,0.9151787552276655,0.8026571396211274,78.77008231161014,0.9196392488736627,1.0039272735236824,0.11693625918550239,False,True
True,resolved_oscillation,1.0,7.540321316330316,6.375757575757576,0.0013651527201848927,0.920193355630686,1.4599700455368139,0.02871012916045862,2.2666666666666666,3.4059239979895293,0.9284832224812452,25,Certified_T11,1,11.0,3.459678683669684,50.733309430324084,9.204637696029833,15.106119387665792,2.5448139965418313,0.013260482987323397,0.013205090811928284,0.012659833024176444,0.9151787552276655,0.8026571396211274,78.77008231161014,0.9196392488736627,1.0039272735236824,0.11693625918550239,False,True
True,resolved_oscillation,1.0,7.957296784559894,6.7283333333333335,0.0011965466721318998,0.9336752273886455,1.3709731910778573,0.028649835421877403,2.1666666666666665,3.09496337582673,0.932921663100744,25,Certified_T12,2,12.0,4.042703215440106,50.733309430324084,9.204637696029833,15.106119387665792,2.5448139965418313,0.013260482987323397,0.013205090811928284,0.012659833024176444,0.9151787552276655,0.8026571396211274,78.77008231161014,0.9196392488736627,1.0039272735236824,0.11693625918550239,False,True
True,resolved_oscillation,1.0,8.26872925717829,6.991666666666666,0.0012563677632770678,0.9298189746884826,1.2098812730491346,0.03216706486270195,2.066666666666667,2.6711221792155326,0.9394823343089852,25,Certified_T13,3,13.0,4.73127074282171,50.733309430324084,9.204637696029833,15.106119387665792,2.5448139965418313,0.013260482987323397,0.013205090811928284,0.012659833024176444,0.9151787552276655,0.8026571396211274,78.77008231161014,0.9196392488736627,1.0039272735236824,0.11693625918550239,False,True
True,resolved_oscillation,1.0,7.738221380613217,5.829166666666667,0.0012931151304264345,0.9315290085187059,2.0590991848713696,0.03101448793621245,2.05,4.362541243736894,0.9360862519568666,26,Certified_T10,0,10.0,2.2617786193867833,45.19772474799422,11.176050275383687,15.452087353151638,2.614437207083509,0.010616847459881035,0.01644193084294481,0.009701690513228368,0.958282000789198,0.8841152403406128,88.85436536829553,0.9116231391497958,1.0900179774385754,0.07604189243022437,False,True
True,resolved_oscillation,1.0,8.226480069324337,6.196969696969697,0.0010879508783025423,0.9486856380356739,2.0423482067622922,0.029965850379086275,2.0166666666666666,4.260930347942339,0.9378219250173445,26,Certified_T11,1,11.0,2.773519930675663,45.19772474799422,11.176050275383687,15.452087353151638,2.614437207083509,0.010616847459881035,0.01644193084294481,0.009701690513228368,0.958282000789198,0.8841152403406128,88.85436536829553,0.9116231391497958,1.0900179774385754,0.07604189243022437,False,True
True,resolved_oscillation,1.0,8.60461656150844,6.481818181818182,0.0007752746120512856,0.956155730782785,1.8740237054867595,0.032094726569581365,1.8916666666666666,3.7275136813393543,0.9430135115571605,26,Certified_T12,2,12.0,3.39538343849156,45.19772474799422,11.176050275383687,15.452087353151638,2.614437207083509,0.010616847459881035,0.01644193084294481,0.009701690513228368,0.958282000789198,0.8841152403406128,88.85436536829553,0.9116231391497958,1.0900179774385754,0.07604189243022437,False,True
True,resolved_oscillation,1.0,8.872128016085489,6.683333333333334,0.0,0.952451682507072,1.6078672112008507,0.0373197168885542,1.75,3.0651255019528727,0.9500157610405108,26,Certified_T13,3,13.0,4.1278719839145115,45.19772474799422,11.176050275383687,15.452087353151638,2.614437207083509,0.010616847459881035,0.01644193084294481,0.009701690513228368,0.958282000789198,0.8841152403406128,88.85436536829553,0.9116231391497958,1.0900179774385754,0.07604189243022437,False,True
True,resolved_oscillation,1.0,11.320185440892663,9.819047619047618,0.0006415497844482518,0.9863875695839588,2.787550529740363,0.003262628558731051,3.7,9.688975728358885,0.8258792777781151,27,Certified_T10,0,10.0,1.3201854408926632,52.04356944672098,11.689435062974288,10.059025838458703,3.230905246638181,0.010725092040192175,0.002321701139145018,0.003562002210097233,1.0107013021407372,0.8679784101098714,79.68118239258769,0.961038375065849,1.0760580867753546,0.14208706498784285,False,True
True,resolved_oscillation,1.0,12.348627765138005,10.71111111111111,0.0008035235158106675,0.9904041949827869,2.8190092714582478,0.0032209111512098592,3.966666666666667,10.493368279819874,0.827291115228372,27,Certified_T11,1,11.0,1.348627765138005,52.04356944672098,11.689435062974288,10.059025838458703,3.230905246638181,0.010725092040192175,0.002321701139145018,0.003562002210097233,1.0107013021407372,0.8679784101098714,79.68118239258769,0.961038375065849,1.0760580867753546,0.14208706498784285,False,True
True,resolved_oscillation,1.0,13.580928585683933,11.78,0.0006327300445670034,0.9932219013940983,2.7967430444424872,0.0032445584514892247,4.266666666666667,11.163762062055383,0.8288566320152099,27,Certified_T12,2,12.0,1.5809285856839335,52.04356944672098,11.689435062974288,10.059025838458703,3.230905246638181,0.010725092040192175,0.002321701139145018,0.003562002210097233,1.0107013021407372,0.8679784101098714,79.68118239258769,0.961038375065849,1.0760580867753546,0.14208706498784285,False,True
True,resolved_oscillation,1.0,14.580091413153607,12.646666666666667,0.0005893695249076938,0.9941018332600087,2.7041868548282673,0.003355124297852907,4.466666666666667,11.295252312938096,0.8308272947113242,27,Certified_T13,3,13.0,1.5800914131536068,52.04356944672098,11.689435062974288,10.059025838458703,3.230905246638181,0.010725092040192175,0.002321701139145018,0.003562002210097233,1.0107013021407372,0.8679784101098714,79.68118239258769,0.961038375065849,1.0760580867753546,0.14208706498784285,False,True
True,resolved_oscillation,1.0,9.782353679928557,8.607142857142858,0.00103503662151423,0.9774109321061858,2.4302680739540277,0.0018380713781437292,3.0416666666666665,7.049976928035492,0.9538268753960939,28,Certified_T10,0,10.0,0.21764632007144336,52.79185238294748,10.051736085121235,11.940782932928105,2.7373737167267223,0.004858741711710896,0.001270935324181914,0.004171275921646351,1.0916672452779368,0.8418701332779102,78.22166089268492,0.9140407006500202,1.0809424917048651,0.04795944495677955,True,True
True,resolved_oscillation,1.0,10.751117889448452,9.459523809523809,0.0009417713029886589,0.9848018548007778,2.509733333291423,0.001687850046288811,3.275,7.789370285263417,0.953231533890578,28,Certified_T11,1,11.0,0.2488821105515484,52.79185238294748,10.051736085121235,11.940782932928105,2.7373737167267223,0.004858741711710896,0.001270935324181914,0.004171275921646351,1.0916672452779368,0.8418701332779102,78.22166089268492,0.9140407006500202,1.0809424917048651,0.04795944495677955,True,True
True,resolved_oscillation,1.0,11.955759045699681,10.519444444444444,0.0006468153532567146,0.9900745153784312,2.5629395988341197,0.001613945607683736,3.558333333333333,8.606595158618907,0.9522961697609035,28,Certified_T12,2,12.0,0.044240954300319046,52.79185238294748,10.051736085121235,11.940782932928105,2.7373737167267223,0.004858741711710896,0.001270935324181914,0.004171275921646351,1.0916672452779368,0.8418701332779102,78.22166089268492,0.9140407006500202,1.0809424917048651,0.04795944495677955,True,True
True,resolved_oscillation,1.0,13.092929473019732,11.520000000000001,0.0006470104101561892,0.9924243568610362,2.5734277499390585,0.0015966202161394117,3.841666666666667,9.317330971985317,0.951031934362282,28,Certified_T13,3,13.0,0.09292947301973165,52.79185238294748,10.051736085121235,11.940782932928105,2.7373737167267223,0.004858741711710896,0.001270935324181914,0.004171275921646351,1.0916672452779368,0.8418701332779102,78.22166089268492,0.9140407006500202,1.0809424917048651,0.04795944495677955,True,True
True,resolved_oscillation,1.0,8.876108357238142,7.401851851851851,0.0007505629221916439,0.9646415646568267,2.344408301344545,0.022659202676853958,2.45,5.752717044099145,0.8967627961809861,29,Certified_T10,0,10.0,1.1238916427618584,50.034440008717866,9.281995300348397,13.967639756372002,2.9116863062420872,0.0032063330123434917,0.014952822800785965,0.002846247813807178,1.0076360703906886,0.8538184341619375,69.35529353098815,1.06744652415446,1.099072943269833,0.10455084124781676,False,True
True,resolved_oscillation,1.0,9.643357653566833,8.041666666666666,0.0011078186193261114,0.9760948390865499,2.3731691756723503,0.022222214102495953,2.466666666666667,5.863747690311338,0.8975004058659358,29,Certified_T11,1,11.0,1.3566423464331674,50.034440008717866,9.281995300348397,13.967639756372002,2.9116863062420872,0.0032063330123434917,0.014952822800785965,0.002846247813807178,1.0076360703906886,0.8538184341619375,69.35529353098815,1.06744652415446,1.099072943269833,0.10455084124781676,False,True
True,resolved_oscillation,1.0,10.484207047786057,8.742857142857142,0.0010189698765724242,0.9843531523299595,2.3111551915776416,0.022756104373836232,2.35,5.515204121427101,0.9002961593516533,29,Certified_T12,2,12.0,1.5157929522139426,50.034440008717866,9.281995300348397,13.967639756372002,2.9116863062420872,0.0032063330123434917,0.014952822800785965,0.002846247813807178,1.0076360703906886,0.8538184341619375,69.35529353098815,1.06744652415446,1.099072943269833,0.10455084124781676,False,True
True,resolved_oscillation,1.0,11.155173457434675,9.302380952380952,0.0006771823166277426,0.9884497519075289,2.135695327714727,0.024608075631509716,2.125,4.70680293201745,0.905809269339579,29,Certified_T13,3,13.0,1.8448265425653254,50.034440008717866,9.281995300348397,13.967639756372002,2.9116863062420872,0.0032063330123434917,0.014952822800785965,0.002846247813807178,1.0076360703906886,0.8538184341619375,69.35529353098815,1.06744652415446,1.099072943269833,0.10455084124781676,False,True
True,resolved_oscillation,1.0,10.765704040616198,9.588095238095239,0.0008481872995579503,0.9820025665073185,2.242546242714328,0.005681715600173962,3.316666666666667,7.089960980463895,0.9293004228919945,30,Certified_T10,0,10.0,0.7657040406161979,53.43688737079444,8.93433987538361,14.112038545680445,3.0243259247112335,0.009897747822885475,0.004377452986824699,0.0011450045790512334,0.9920237001964561,1.1878636233585194,85.83844113344662,0.9601329326225715,1.0433120339323585,0.07714249375298175,False,True
True,resolved_oscillation,1.0,11.764657291963829,10.477777777777778,0.0008214174647311597,0.9876754336604745,2.26699922644252,0.0055982254209840454,3.5166666666666666,7.568989374992819,0.9299001247582539,30,Certified_T11,1,11.0,0.7646572919638288,53.43688737079444,8.93433987538361,14.112038545680445,3.0243259247112335,0.009897747822885475,0.004377452986824699,0.0011450045790512334,0.9920237001964561,1.1878636233585194,85.83844113344662,0.9601329326225715,1.0433120339323585,0.07714249375298175,False,True
True,resolved_oscillation,1.0,13.0509098548498,11.623333333333333,0.000785377914403737,0.9921091856833045,2.2469669542968482,0.005639450988794268,3.7083333333333335,7.920440154202142,0.9306012112464254,30,Certified_T12,2,12.0,1.0509098548498006,53.43688737079444,8.93433987538361,14.112038545680445,3.0243259247112335,0.009897747822885475,0.004377452986824699,0.0011450045790512334,0.9920237001964561,1.1878636233585194,85.83844113344662,0.9601329326225715,1.0433120339323585,0.07714249375298175,False,True
True,resolved_oscillation,1.0,14.387065523958311,12.813333333333333,0.0005817034280696644,0.9945808351984188,2.1731108526069804,0.005828928584023636,3.875,8.000297029021485,0.9313843510482464,30,Certified_T13,3,13.0,1.3870655239583112,53.43688737079444,8.93433987538361,14.112038545680445,3.0243259247112335,0.009897747822885475,0.004377452986824699,0.0011450045790512334,0.9920237001964561,1.1878636233585194,85.83844113344662,0.9601329326225715,1.0433120339323585,0.07714249375298175,False,True
True,resolved_oscillation,1.0,7.433959040686604,6.738333333333333,0.0011947709412308879,0.9104045228191452,1.714028738555404,0.02726954940013767,2.466666666666667,4.316033167501717,0.8737263077549211,31,Certified_T10,0,10.0,2.566040959313396,54.38555657722035,10.80260452803656,12.542948507925267,2.5363808103423335,0.0024889097476016725,0.010468957917410196,0.015989081660102777,0.9329674603595132,0.9648201828581546,72.70810276593753,0.9506772983010215,1.084822931752742,0.16341391443447287,False,True
True,resolved_oscillation,1.0,7.376958612721903,6.6866666666666665,0.001050939734186899,0.8979712244028245,1.5439051113686277,0.030774914607509512,2.316666666666667,3.7258500810508877,0.8884406823072951,31,Certified_T11,1,11.0,3.6230413872780973,54.38555657722035,10.80260452803656,12.542948507925267,2.5363808103423335,0.0024889097476016725,0.010468957917410196,0.015989081660102777,0.9329674603595132,0.9648201828581546,72.70810276593753,0.9506772983010215,1.084822931752742,0.16341391443447287,False,True
True,resolved_oscillation,1.0,6.71635541238027,6.087878787878788,0.001770375235816699,0.7933945603929169,0.9968773877196402,0.06430786924306003,2.066666666666667,2.345107658930486,0.9280523983477271,31,Certified_T12,2,12.0,5.28364458761973,54.38555657722035,10.80260452803656,12.542948507925267,2.5363808103423335,0.0024889097476016725,0.010468957917410196,0.015989081660102777,0.9329674603595132,0.9648201828581546,72.70810276593753,0.9506772983010215,1.084822931752742,0.16341391443447287,False,True
True,resolved_oscillation,1.0,6.8584385905914,6.216666666666667,0.0,0.15222122972938718,0.32302771139144154,0.7189203111745014,3.941666666666667,1.6584953563899776,0.9761658073027862,31,Certified_T13,3,13.0,6.1415614094086,54.38555657722035,10.80260452803656,12.542948507925267,2.5363808103423335,0.0024889097476016725,0.010468957917410196,0.015989081660102777,0.9329674603595132,0.9648201828581546,72.70810276593753,0.9506772983010215,1.084822931752742,0.16341391443447287,False,False
True,resolved_oscillation,1.0,10.877227764837267,8.923809523809524,0.0009983077339311476,0.9841011487182938,1.8490066203972928,0.003042880668555121,3.3333333333333335,5.8061363425385535,0.846141238170495,32,Certified_T10,0,10.0,0.8772277648372668,49.22472738499118,8.782526327351171,12.130755034285462,3.0970631946369975,0.0016581614200742148,0.002247636296774117,0.0035363467679601617,1.0697612876345004,1.117905107052208,85.4707961137839,1.0554734475948098,0.8280945698838582,0.18075188461903047,False,True
True,resolved_oscillation,1.0,11.892977422706275,9.757142857142858,0.0009130447503108691,0.9894646379500315,1.8922032124940649,0.0029565690555806733,3.5833333333333335,6.355193270502474,0.8455663248430417,32,Certified_T11,1,11.0,0.8929774227062754,49.22472738499118,8.782526327351171,12.130755034285462,3.0970631946369975,0.0016581614200742148,0.002247636296774117,0.0035363467679601617,1.0697612876345004,1.117905107052208,85.4707961137839,1.0554734475948098,0.8280945698838582,0.18075188461903047,False,True
True,resolved_oscillation,1.0,13.184430559139729,10.816666666666666,0.0,0.9934698188197889,1.9229439361259046,0.002902936737455157,3.8666666666666667,6.979591220203637,0.8432418296452046,32,Certified_T12,2,12.0,1.184430559139729,49.22472738499118,8.782526327351171,12.130755034285462,3.0970631946369975,0.0016581614200742148,0.002247636296774117,0.0035363467679601617,1.0697612876345004,1.117905107052208,85.4707961137839,1.0554734475948098,0.8280945698838582,0.18075188461903047,False,True
True,resolved_oscillation,1.0,14.476464123949107,11.876666666666667,0.0007686255367740193,0.9954428250852599,1.934653313680715,0.0028838105708596314,4.183333333333334,7.586956981278358,0.8387674197446022,32,Certified_T13,3,13.0,1.476464123949107,49.22472738499118,8.782526327351171,12.130755034285462,3.0970631946369975,0.0016581614200742148,0.002247636296774117,0.0035363467679601617,1.0697612876345004,1.117905107052208,85.4707961137839,1.0554734475948098,0.8280945698838582,0.18075188461903047,False,True
True,resolved_oscillation,1.0,9.215832185205764,7.8875,0.0009781511883492355,0.9694250028515549,2.6123775897341925,0.005659425146968556,2.8666666666666667,7.189851022008656,0.8452035707413288,33,Certified_T10,0,10.0,0.7841678147942357,51.35184652772989,10.994664391227694,15.242692819400995,2.7597925682835145,0.005858752296255255,0.0035141568087031557,0.002067488930991234,0.9871011621328385,0.8146583017418348,60.80529513681331,1.0474626001564031,1.058510619285606,0.13577922007001852,False,True
True,resolved_oscillation,1.0,10.184638632567596,8.716666666666667,0.0,0.9801429566126759,2.693482471811694,0.0052643334300823685,3.033333333333333,7.831227115793073,0.8434584582180079,33,Certified_T11,1,11.0,0.8153613674324038,51.35184652772989,10.994664391227694,15.242692819400995,2.7597925682835145,0.005858752296255255,0.0035141568087031557,0.002067488930991234,0.9871011621328385,0.8146583017418348,60.80529513681331,1.0474626001564031,1.058510619285606,0.13577922007001852,False,True
True,resolved_oscillation,1.0,11.486580965274953,9.83095238095238,0.0006407729016867499,0.9882065277050983,2.7484441888497053,0.005069940202455578,3.2666666666666666,8.559997514909618,0.8404518739059088,33,Certified_T12,2,12.0,0.5134190347250467,51.35184652772989,10.994664391227694,15.242692819400995,2.7597925682835145,0.005858752296255255,0.0035141568087031557,0.002067488930991234,0.9871011621328385,0.8146583017418348,60.80529513681331,1.0474626001564031,1.058510619285606,0.13577922007001852,False,True
True,resolved_oscillation,1.0,12.865489974346064,11.011111111111111,0.0007816313514041206,0.9925097623484341,2.7593747772263186,0.0050267330866476815,3.5166666666666666,9.23478968433684,0.8362423622904247,33,Certified_T13,3,13.0,0.13451002565393644,51.35184652772989,10.994664391227694,15.242692819400995,2.7597925682835145,0.005858752296255255,0.0035141568087031557,0.002067488930991234,0.9871011621328385,0.8146583017418348,60.80529513681331,1.0474626001564031,1.058510619285606,0.13577922007001852,True,True
True,resolved_oscillation,1.0,9.564709152598212,7.791666666666667,0.0011433636017643824,0.9734398495654919,2.0555950584223868,0.013062700058811121,2.8,5.5578690118174885,0.8433858930107854,34,Certified_T10,0,10.0,0.43529084740178803,48.87759706451771,8.048284719654141,11.157239274074147,3.2695827624522074,0.0022953553432621876,0.009015970194170669,0.0024022686465617993,1.0496861859426567,0.9027664787678277,96.04315412283566,1.027412157818553,1.1120468170748867,0.16806147330174898,True,True
True,resolved_oscillation,1.0,10.54529278000744,8.59047619047619,0.001037044730258853,0.9832171184257873,2.1138914184006623,0.012670460365552652,2.95,5.984671749904618,0.842032969785485,34,Certified_T11,1,11.0,0.45470721999256014,48.87759706451771,8.048284719654141,11.157239274074147,3.2695827624522074,0.0022953553432621876,0.009015970194170669,0.0024022686465617993,1.0496861859426567,0.9027664787678277,96.04315412283566,1.027412157818553,1.1120468170748867,0.16806147330174898,True,True
True,resolved_oscillation,1.0,11.714393975130216,9.542857142857143,0.0009335472521891072,0.990068864922493,2.1357051522592045,0.012531698783947953,3.0166666666666666,6.205848662316483,0.8405904245074927,34,Certified_T12,2,12.0,0.28560602486978404,48.87759706451771,8.048284719654141,11.157239274074147,3.2695827624522074,0.0022953553432621876,0.009015970194170669,0.0024022686465617993,1.0496861859426567,0.9027664787678277,96.04315412283566,1.027412157818553,1.1120468170748867,0.16806147330174898,True,True
True,resolved_oscillation,1.0,12.742715901340292,10.380555555555556,0.000655469559214123,0.9934478102006901,2.103897433795418,0.01271883052238588,2.966666666666667,6.014992509121212,0.8394598135464844,34,Certified_T13,3,13.0,0.25728409865970825,48.87759706451771,8.048284719654141,11.157239274074147,3.2695827624522074,0.0022953553432621876,0.009015970194170669,0.0024022686465617993,1.0496861859426567,0.9027664787678277,96.04315412283566,1.027412157818553,1.1120468170748867,0.16806147330174898,True,True
True,resolved_oscillation,1.0,10.558650970541688,8.507142857142858,0.0010472032988452116,0.9761363210367818,2.4323003239824823,0.010034956908362145,3.183333333333333,7.391864487465004,0.7952107356929428,35,Certified_T10,0,10.0,0.558650970541688,48.34221463069965,9.350092023515446,15.135001779231057,3.445893417731578,0.013790601270733496,0.006833392047895194,0.004544572172883735,0.9036946796336809,1.1720772071521106,75.69514125725888,1.0798610825977701,1.0936616485978845,0.1824994836420709,False,True
True,resolved_oscillation,1.0,11.530886114484654,9.290476190476191,0.0009589075824638497,0.9833061518630699,2.4503764003582025,0.009945884460885557,3.35,7.81913788020068,0.7976453197689514,35,Certified_T11,1,11.0,0.5308861144846535,48.34221463069965,9.350092023515446,15.135001779231057,3.445893417731578,0.013790601270733496,0.006833392047895194,0.004544572172883735,0.9036946796336809,1.1720772071521106,75.69514125725888,1.0798610825977701,1.0936616485978845,0.1824994836420709,False,True
True,resolved_oscillation,1.0,12.709979799692078,10.24047619047619,0.0008699505665598562,0.9886368343927867,2.4117665840516893,0.010099947123042446,3.4833333333333334,8.007108519583221,0.8010678125636064,35,Certified_T12,2,12.0,0.7099797996920785,48.34221463069965,9.350092023515446,15.135001779231057,3.445893417731578,0.013790601270733496,0.006833392047895194,0.004544572172883735,0.9036946796336809,1.1720772071521106,75.69514125725888,1.0798610825977701,1.0936616485978845,0.1824994836420709,False,True
True,resolved_oscillation,1.0,13.762988278795453,11.08888888888889,0.0007761489671758349,0.9910844677857259,2.3015065744464587,0.010582227702848907,3.5083333333333333,7.729179478106761,0.8059256708416966,35,Certified_T13,3,13.0,0.7629882787954525,48.34221463069965,9.350092023515446,15.135001779231057,3.445893417731578,0.013790601270733496,0.006833392047895194,0.004544572172883735,0.9036946796336809,1.1720772071521106,75.69514125725888,1.0798610825977701,1.0936616485978845,0.1824994836420709,False,True
True,resolved_oscillation,1.0,8.516760489048897,7.683333333333334,0.0,0.96319125861573,1.8264325585533072,0.01339699962170116,2.658333333333333,4.775442672026935,0.926338482782444,36,Certified_T10,0,10.0,1.483239510951103,54.12856221479605,8.321866311798999,12.46954462400719,2.6617179198517875,0.003907591693033819,0.008532483763795623,0.0010441419455389101,0.9850284499724025,0.8573982225337956,86.66269643614135,0.9918187030995124,1.0294036668202602,0.09660474144049268,False,True
True,resolved_oscillation,1.0,9.414095030814197,8.492857142857142,0.0010489647846296443,0.9769607835996925,1.8964871159340204,0.012534711326934834,2.7666666666666666,5.132942787864977,0.9249799446370616,36,Certified_T11,1,11.0,1.585904969185803,54.12856221479605,8.321866311798999,12.46954462400719,2.6617179198517875,0.003907591693033819,0.008532483763795623,0.0010441419455389101,0.9850284499724025,0.8573982225337956,86.66269643614135,0.9918187030995124,1.0294036668202602,0.09660474144049268,False,True
True,resolved_oscillation,1.0,10.57271227738763,9.53809523809524,0.0008526336134098517,0.9867220575835846,1.937531593133231,0.01213529174062484,2.8583333333333334,5.408614314972942,0.9234464017620138,36,Certified_T12,2,12.0,1.4272877226123697,54.12856221479605,8.321866311798999,12.46954462400719,2.6617179198517875,0.003907591693033819,0.008532483763795623,0.0010441419455389101,0.9850284499724025,0.8573982225337956,86.66269643614135,0.9918187030995124,1.0294036668202602,0.09660474144049268,False,True
True,resolved_oscillation,1.0,11.734408613074962,10.58611111111111,0.0006427419949575383,0.9917549135128089,1.9358815407101355,0.012112739908085188,2.9,5.491516663534048,0.9218045139008247,36,Certified_T13,3,13.0,1.2655913869250384,54.12856221479605,8.321866311798999,12.46954462400719,2.6617179198517875,0.003907591693033819,0.008532483763795623,0.0010441419455389101,0.9850284499724025,0.8573982225337956,86.66269643614135,0.9918187030995124,1.0294036668202602,0.09660474144049268,False,True
True,resolved_oscillation,1.0,9.142070977418605,7.527777777777778,0.001107011070110701,0.9615564118148322,2.123146701128056,0.007804802259949682,2.65,5.460033330783741,0.973237813618525,37,Certified_T10,0,10.0,0.8579290225813949,49.40528987166115,10.87939478949279,14.021779868250926,2.803203467883307,0.016343718721575508,0.005191723079260713,0.008993391659982346,0.967630429585467,0.9072345871184231,69.5862847541627,0.9489646534951476,0.9081270795302047,0.03234057483520889,False,True
True,resolved_oscillation,1.0,9.819292655911882,8.085416666666667,0.0007287882310606004,0.9700090583233085,2.119213090779327,0.007620853196967703,2.75,5.623575498748017,0.9737996749105998,37,Certified_T11,1,11.0,1.180707344088118,49.40528987166115,10.87939478949279,14.021779868250926,2.803203467883307,0.016343718721575508,0.005191723079260713,0.008993391659982346,0.967630429585467,0.9072345871184231,69.5862847541627,0.9489646534951476,0.9081270795302047,0.03234057483520889,False,True
True,resolved_oscillation,1.0,10.380611958544899,8.547619047619047,0.0007369780810764875,0.9730941158066422,2.0021004361899615,0.00798611880343156,2.7333333333333334,5.331545627698985,0.9752766541394846,37,Certified_T12,2,12.0,1.6193880414551014,49.40528987166115,10.87939478949279,14.021779868250926,2.803203467883307,0.016343718721575508,0.005191723079260713,0.008993391659982346,0.967630429585467,0.9072345871184231,69.5862847541627,0.9489646534951476,0.9081270795302047,0.03234057483520889,False,True
True,resolved_oscillation,1.0,10.60615171697568,8.733333333333333,0.0,0.9677332030921024,1.7712186197857689,0.009052000280213527,2.65,4.6042203351309094,0.9776395961840745,37,Certified_T13,3,13.0,2.3938482830243206,49.40528987166115,10.87939478949279,14.021779868250926,2.803203467883307,0.016343718721575508,0.005191723079260713,0.008993391659982346,0.967630429585467,0.9072345871184231,69.5862847541627,0.9489646534951476,0.9081270795302047,0.03234057483520889,False,True
True,resolved_oscillation,1.0,10.438060909299665,9.428571428571427,0.0008625379432625925,0.9850906871262416,2.361278014394412,0.0021556118022744908,3.3,7.382093532247009,0.9438324252914712,38,Certified_T10,0,10.0,0.438060909299665,54.19725853585213,10.118879439385383,10.96082091786957,2.7039072025446775,0.0015932286097848334,0.0016288703593986525,0.0015806813482403736,0.9192844485470992,1.0947154799364338,93.41986935709798,0.9274914151749388,0.9958171704076242,0.059328086516751644,True,True
True,resolved_oscillation,1.0,11.470444879705987,10.36111111111111,0.0008306666694278644,0.990415322914677,2.4408140268961813,0.0020426056138401,3.55,8.1845659729806,0.9430539371757437,38,Certified_T11,1,11.0,0.4704448797059868,54.19725853585213,10.118879439385383,10.96082091786957,2.7039072025446775,0.0015932286097848334,0.0016288703593986525,0.0015806813482403736,0.9192844485470992,1.0947154799364338,93.41986935709798,0.9274914151749388,0.9958171704076242,0.059328086516751644,True,True
True,resolved_oscillation,1.0,12.83828774364519,11.596666666666666,0.0006427329627765997,0.9944261988713824,2.5103627839738003,0.0019682606769875224,3.8833333333333333,9.161595131200647,0.9415001392311753,38,Certified_T12,2,12.0,0.8382877436451892,54.19725853585213,10.118879439385383,10.96082091786957,2.7039072025446775,0.0015932286097848334,0.0016288703593986525,0.0015806813482403736,0.9192844485470992,1.0947154799364338,93.41986935709798,0.9274914151749388,0.9958171704076242,0.059328086516751644,False,True
True,resolved_oscillation,1.0,14.310686941608521,12.926666666666668,0.0007061920545450828,0.9965784268330717,2.5589546738629574,0.0019260927842247304,4.266666666666667,10.234711649678536,0.9390369022094551,38,Certified_T13,3,13.0,1.3106869416085214,54.19725853585213,10.118879439385383,10.96082091786957,2.7039072025446775,0.0015932286097848334,0.0016288703593986525,0.0015806813482403736,0.9192844485470992,1.0947154799364338,93.41986935709798,0.9274914151749388,0.9958171704076242,0.059328086516751644,False,True
True,resolved_oscillation,1.0,9.272414870681263,7.216666666666667,0.0,0.9661071602318176,1.753319455722819,0.009177699904548486,2.55,4.3373705802997415,0.9323890837696666,39,Certified_T10,0,10.0,0.7275851293187365,46.69765169471829,8.98985801902456,14.551574102775827,2.7740490261053474,0.0014021997021056857,0.006370683350206362,0.007657336490250013,0.9388650349805214,1.136934457517455,68.48826677884956,0.9051942083164161,0.9185183145704157,0.09276016189637123,False,True
True,resolved_oscillation,1.0,10.011210050908755,7.791666666666667,0.0011433636017643824,0.975741303179437,1.7910957387482607,0.008764212718795949,2.6333333333333333,4.567163663944234,0.932256905037408,39,Certified_T11,1,11.0,0.9887899490912453,46.69765169471829,8.98985801902456,14.551574102775827,2.7740490261053474,0.0014021997021056857,0.006370683350206362,0.007657336490250013,0.9388650349805214,1.136934457517455,68.48826677884956,0.9051942083164161,0.9185183145704157,0.09276016189637123,False,True
True,resolved_oscillation,1.0,10.787480348973872,8.395833333333334,0.000918928138732061,0.9819572517427315,1.7933478247576407,0.00865798247096397,2.6666666666666665,4.637380104813017,0.9322514357278155,39,Certified_T12,2,12.0,1.2125196510261276,46.69765169471829,8.98985801902456,14.551574102775827,2.7740490261053474,0.0014021997021056857,0.006370683350206362,0.007657336490250013,0.9388650349805214,1.136934457517455,68.48826677884956,0.9051942083164161,0.9185183145704157,0.09276016189637123,False,True
True,resolved_oscillation,1.0,11.453619688495762,8.914285714285715,0.0007066643459040038,0.98364812257113,1.7670098963982113,0.00876472662847692,2.675,4.600089170470757,0.9317566030088741,39,Certified_T13,3,13.0,1.5463803115042385,46.69765169471829,8.98985801902456,14.551574102775827,2.7740490261053474,0.0014021997021056857,0.006370683350206362,0.007657336490250013,0.9388650349805214,1.136934457517455,68.48826677884956,0.9051942083164161,0.9185183145704157,0.09276016189637123,False,True
True,resolved_oscillation,1.0,10.899949395706413,9.6,0.0,0.9819512612433563,2.043557487335647,0.005875757466722104,3.5166666666666666,6.798220683553732,0.886995835377832,40,Certified_T10,0,10.0,0.8999493957064129,52.84428203188646,8.890111765940963,11.584394944010704,3.3604840685610866,0.002188763119821216,0.004596378772232505,0.005788929429209581,0.9164174766423184,1.0648144498779366,71.99555141111496,1.003957878845788,0.9035676213664325,0.1278709672112683,False,True
True,resolved_oscillation,1.0,11.83981771744267,10.427777777777777,0.0008253560673857043,0.9874539892255373,2.0811138560168883,0.0057612982247590774,3.7333333333333334,7.335645560538988,0.8871260054363557,40,Certified_T11,1,11.0,0.8398177174426706,52.84428203188646,8.890111765940963,11.584394944010704,3.3604840685610866,0.002188763119821216,0.004596378772232505,0.005788929429209581,0.9164174766423184,1.0648144498779366,71.99555141111496,1.003957878845788,0.9035676213664325,0.1278709672112683,False,True
True,resolved_oscillation,1.0,12.861687973290147,11.327777777777778,0.0007597809408940494,0.9910962420519349,2.0926489037711673,0.005726551701811206,3.9,7.72215255520501,0.8866337564148284,40,Certified_T12,2,12.0,0.861687973290147,52.84428203188646,8.890111765940963,11.584394944010704,3.3604840685610866,0.002188763119821216,0.004596378772232505,0.005788929429209581,0.9164174766423184,1.0648144498779366,71.99555141111496,1.003957878845788,0.9035676213664325,0.1278709672112683,False,True
True,resolved_oscillation,1.0,13.488687377186684,11.879999999999999,0.0006274040340908501,0.991597412419717,2.0609721729625474,0.005814043400525347,3.908333333333333,7.629409647354653,0.8858579670323943,40,Certified_T13,3,13.0,0.4886873771866842,52.84428203188646,8.890111765940963,11.584394944010704,3.3604840685610866,0.002188763119821216,0.004596378772232505,0.005788929429209581,0.9164174766423184,1.0648144498779366,71.99555141111496,1.003957878845788,0.9035676213664325,0.1278709672112683,True,True
True,resolved_oscillation,1.0,10.405635098609851,8.41875,0.0006999324733348652,0.9842784165849137,2.1142981413452597,0.0019414896043201226,2.966666666666667,5.934025886831404,0.9004274447116628,41,Certified_T10,0,10.0,0.40563509860985114,48.54340895227842,9.668815422069564,10.770126370021533,2.617740053074061,0.003112618163699806,0.0013464825519402725,0.001240456661382883,1.0435876959189987,1.049592750991875,67.59893380527366,0.9243372572998299,0.991284984253596,0.11100813979344848,True,True
True,resolved_oscillation,1.0,11.406580165365513,9.228571428571428,0.0008812307160267973,0.989704141909331,2.175708403920532,0.0018177214399409617,3.1666666666666665,6.506909332732568,0.8995003433740861,41,Certified_T11,1,11.0,0.4065801653655132,48.54340895227842,9.668815422069564,10.770126370021533,2.617740053074061,0.003112618163699806,0.0013464825519402725,0.001240456661382883,1.0435876959189987,1.049592750991875,67.59893380527366,0.9243372572998299,0.991284984253596,0.11100813979344848,True,True
True,resolved_oscillation,1.0,12.751473647195246,10.316666666666666,0.0,0.993892884866919,2.224536132758564,0.0017472069819807236,3.433333333333333,7.2027081451887245,0.8973656620816512,41,Certified_T12,2,12.0,0.7514736471952457,48.54340895227842,9.668815422069564,10.770126370021533,2.617740053074061,0.003112618163699806,0.0013464825519402725,0.001240456661382883,1.0435876959189987,1.049592750991875,67.59893380527366,0.9243372572998299,0.991284984253596,0.11100813979344848,False,True
True,resolved_oscillation,1.0,14.26214903889312,11.53888888888889,0.0007458802785185204,0.9962115926121723,2.2525907839409984,0.0017166361780657864,3.783333333333333,8.001413166019804,0.8937517922288796,41,Certified_T13,3,13.0,1.2621490388931207,48.54340895227842,9.668815422069564,10.770126370021533,2.617740053074061,0.003112618163699806,0.0013464825519402725,0.001240456661382883,1.0435876959189987,1.049592750991875,67.59893380527366,0.9243372572998299,0.991284984253596,0.11100813979344848,False,True
True,resolved_oscillation,1.0,9.371936271088128,7.661111111111111,0.0010877447425670776,0.972459601570164,2.1383716679306723,0.008969180131723263,2.825,5.809766658157033,0.8191910702564363,42,Certified_T10,0,10.0,0.6280637289118722,49.047139606007704,9.698161583314493,13.246381347801567,2.7934105301230865,0.0056756278476708475,0.005569866686794502,0.005694768707970186,1.0590337478869782,0.9796869700936466,87.53853118690901,0.9652298394488502,1.1089146798077936,0.18313473669381275,False,True
True,resolved_oscillation,1.0,10.168788720533438,8.3125,0.0009281404508998009,0.980695151518847,2.183076856727977,0.00864767404734382,2.933333333333333,6.149683669637246,0.8189509819323727,42,Certified_T11,1,11.0,0.8312112794665616,49.047139606007704,9.698161583314493,13.246381347801567,2.7934105301230865,0.0056756278476708475,0.005569866686794502,0.005694768707970186,1.0590337478869782,0.9796869700936466,87.53853118690901,0.9652298394488502,1.1089146798077936,0.18313473669381275,False,True
True,resolved_oscillation,1.0,11.038942857378226,9.023809523809524,0.0009872446930801956,0.9861336924544956,2.181174012861538,0.008597341771673586,3.0,6.27699687291199,0.8193213674613338,42,Certified_T12,2,12.0,0.9610571426217742,49.047139606007704,9.698161583314493,13.246381347801567,2.7934105301230865,0.0056756278476708475,0.005569866686794502,0.005694768707970186,1.0590337478869782,0.9796869700936466,87.53853118690901,0.9652298394488502,1.1089146798077936,0.18313473669381275,False,True
True,resolved_oscillation,1.0,11.735066166854056,9.592857142857143,0.0009286814064963866,0.9878293271048605,2.127451950923194,0.008799348976509995,3.0,6.140017576082054,0.8198383586981897,42,Certified_T13,3,13.0,1.2649338331459443,49.047139606007704,9.698161583314493,13.246381347801567,2.7934105301230865,0.0056756278476708475,0.005569866686794502,0.005694768707970186,1.0590337478869782,0.9796869700936466,87.53853118690901,0.9652298394488502,1.1089146798077936,0.18313473669381275,False,True
True,resolved_oscillation,1.0,9.463141667984278,7.283333333333333,0.0,0.9691148949495879,2.4248946481947162,0.005428027363777599,2.783333333333333,6.398858010196409,0.8475781375175478,43,Certified_T10,0,10.0,0.5368583320157221,46.17916706018038,8.848529085796274,12.961030232003544,3.3089795261629944,0.0019386348691065299,0.003840924320049333,0.0014486086548588972,0.9832337768886498,0.8913380910689437,93.10314327976306,1.0920483636485363,1.081868629694159,0.14285411352077573,False,True
True,resolved_oscillation,1.0,10.575656320599133,8.139583333333333,0.0010597372296017725,0.9814073749958157,2.5151666959658283,0.0051775417700463235,3.0166666666666666,7.158426719228408,0.8449357699264339,43,Certified_T11,1,11.0,0.4243436794008666,46.17916706018038,8.848529085796274,12.961030232003544,3.3089795261629944,0.0019386348691065299,0.003840924320049333,0.0014486086548588972,0.9832337768886498,0.8913380910689437,93.10314327976306,1.0920483636485363,1.081868629694159,0.14285411352077573,True,True
True,resolved_oscillation,1.0,12.083370825481069,9.3,0.0,0.9900027430748789,2.5879918506543462,0.005017035203649968,3.316666666666667,8.095140035176039,0.8406334797776086,43,Certified_T12,2,12.0,0.08337082548106878,46.17916706018038,8.848529085796274,12.961030232003544,3.3089795261629944,0.0019386348691065299,0.003840924320049333,0.0014486086548588972,0.9832337768886498,0.8913380910689437,93.10314327976306,1.0920483636485363,1.081868629694159,0.14285411352077573,True,True
True,resolved_oscillation,1.0,13.700261545258702,10.544444444444444,0.0008162240982523536,0.9943109712204615,2.6271394326002313,0.004939685954124468,3.6666666666666665,9.050657008586303,0.8346122275743455,43,Certified_T13,3,13.0,0.7002615452587015,46.17916706018038,8.848529085796274,12.961030232003544,3.3089795261629944,0.0019386348691065299,0.003840924320049333,0.0014486086548588972,0.9832337768886498,0.8913380910689437,93.10314327976306,1.0920483636485363,1.081868629694159,0.14285411352077573,False,True
True,resolved_oscillation,1.0,9.930896449807808,8.391666666666667,0.001061613671946075,0.9724996498688883,1.844452228372368,0.002555352326997796,3.2666666666666666,5.671201494682162,0.8307522067950939,44,Certified_T10,0,10.0,0.06910355019219239,50.70035746971707,8.963775835555339,15.177788059908801,3.383222338635739,0.0029333340644708515,0.001822856810090419,0.00402681935731758,0.9367672690042821,0.9856978667609544,87.03043588894232,1.0845801869991976,0.8063458842581137,0.195687845288828,True,True
True,resolved_oscillation,1.0,11.025563287870039,9.316666666666666,0.0,0.982671254473092,1.8977446426195759,0.002447873770798462,3.55,6.307637907700982,0.8292015828331775,44,Certified_T11,1,11.0,0.02556328787003892,50.70035746971707,8.963775835555339,15.177788059908801,3.383222338635739,0.0029333340644708515,0.001822856810090419,0.00402681935731758,0.9367672690042821,0.9856978667609544,87.03043588894232,1.0845801869991976,0.8063458842581137,0.195687845288828,True,True
True,resolved_oscillation,1.0,12.49498093535898,10.558333333333334,0.0008645975651225984,0.9900821686911702,1.9382833463372309,0.0023860571074360575,3.9166666666666665,7.120092691986543,0.8257580735751463,44,Certified_T12,2,12.0,0.4949809353589796,50.70035746971707,8.963775835555339,15.177788059908801,3.383222338635739,0.0029333340644708515,0.001822856810090419,0.00402681935731758,0.9367672690042821,0.9856978667609544,87.03043588894232,1.0845801869991976,0.8063458842581137,0.195687845288828,True,True
True,resolved_oscillation,1.0,14.055127726182809,11.876666666666667,0.0007686255367740193,0.9938119480412335,1.9557474922171905,0.002362727179556453,4.366666666666666,7.997488747171793,0.820264331634446,44,Certified_T13,3,13.0,1.0551277261828087,50.70035746971707,8.963775835555339,15.177788059908801,3.383222338635739,0.0029333340644708515,0.001822856810090419,0.00402681935731758,0.9367672690042821,0.9856978667609544,87.03043588894232,1.0845801869991976,0.8063458842581137,0.195687845288828,False,True
True,resolved_oscillation,1.0,11.395145820872093,9.040476190476191,0.0009854246475570032,0.982338423382884,2.863032122378144,0.001614408662174604,3.283333333333333,8.866428602726838,0.9981088852503273,45,Certified_T10,0,10.0,1.3951458208720933,47.60172269450241,9.764451395315872,15.025206198493304,3.344275920127039,0.002406336314175934,0.0014430757996763432,0.007164542304344633,1.027906257066045,1.178014774255324,71.2985505306651,0.9939126813705288,1.011421401374581,0.0017482975016141198,False,True
True,resolved_oscillation,1.0,12.343490850999977,9.792857142857143,0.0009097149007473721,0.9873159064544462,2.909248957428012,0.001580250677288059,3.533333333333333,9.656308635580585,0.9981152098093216,45,Certified_T11,1,11.0,1.3434908509999772,47.60172269450241,9.764451395315872,15.025206198493304,3.344275920127039,0.002406336314175934,0.0014430757996763432,0.007164542304344633,1.027906257066045,1.178014774255324,71.2985505306651,0.9939126813705288,1.011421401374581,0.0017482975016141198,False,True
True,resolved_oscillation,1.0,13.413380101761343,10.641666666666667,0.0008578270281991637,0.9903729478051404,2.932695900561752,0.0015645254109074495,3.8,10.492207329306138,0.9981022522303138,45,Certified_T12,2,12.0,1.4133801017613425,47.60172269450241,9.764451395315872,15.025206198493304,3.344275920127039,0.002406336314175934,0.0014430757996763432,0.007164542304344633,1.027906257066045,1.178014774255324,71.2985505306651,0.9939126813705288,1.011421401374581,0.0017482975016141198,False,True
True,resolved_oscillation,1.0,14.169655252369656,11.241666666666667,0.000812042338777118,0.9898531297957227,2.917552438559725,0.0015729252274055792,4.016666666666667,11.034228004099903,0.9980699159694221,45,Certified_T13,3,13.0,1.1696552523696564,47.60172269450241,9.764451395315872,15.025206198493304,3.344275920127039,0.002406336314175934,0.0014430757996763432,0.007164542304344633,1.027906257066045,1.178014774255324,71.2985505306651,0.9939126813705288,1.011421401374581,0.0017482975016141198,False,True
True,resolved_oscillation,1.0,10.240286246240588,9.135416666666666,0.0006450232895658358,0.9733079732085227,2.3138917139475974,0.0027524053734963284,3.566666666666667,7.799434679239254,0.8351319759465161,46,Certified_T10,0,10.0,0.24028624624058814,53.526335770274734,9.337636477113685,11.452870514035988,3.283438327945397,0.014272271702853202,0.0018717524113230223,0.010272130816773388,0.9651191675997782,0.9100164849305371,70.77359863656217,1.087646344124288,1.018513751150458,0.15890023204776765,True,True
True,resolved_oscillation,1.0,10.958557505017456,9.776190476190475,0.0009112658029162059,0.9780212100032638,2.3220464583449667,0.0027205130358783636,3.75,8.215946457583803,0.8377238218013876,46,Certified_T11,1,11.0,0.04144249498254382,53.526335770274734,9.337636477113685,11.452870514035988,3.283438327945397,0.014272271702853202,0.0018717524113230223,0.010272130816773388,0.9651191675997782,0.9100164849305371,70.77359863656217,1.087646344124288,1.018513751150458,0.15890023204776765,True,True
True,resolved_oscillation,1.0,11.308185131212609,10.088095238095239,0.0008061482783384154,0.9760976236098469,2.228069092400562,0.002835692278787378,3.75,7.871071942991449,0.8444744117609736,46,Certified_T12,2,12.0,0.6918148687873913,53.526335770274734,9.337636477113685,11.452870514035988,3.283438327945397,0.014272271702853202,0.0018717524113230223,0.010272130816773388,0.9651191675997782,0.9100164849305371,70.77359863656217,1.087646344124288,1.018513751150458,0.15890023204776765,False,True
True,resolved_oscillation,1.0,10.737037711321292,9.578571428571427,0.0008490306376634021,0.956575966285663,1.952893462695307,0.003326222324583606,3.3333333333333335,6.21847382625821,0.8606400957315539,46,Certified_T13,3,13.0,2.2629622886787075,53.526335770274734,9.337636477113685,11.452870514035988,3.283438327945397,0.014272271702853202,0.0018717524113230223,0.010272130816773388,0.9651191675997782,0.9100164849305371,70.77359863656217,1.087646344124288,1.018513751150458,0.15890023204776765,False,True
True,resolved_oscillation,1.0,10.043953541686774,8.40625,0.0010261197908436493,0.972814375256665,2.3973380240741595,0.0037037074645902327,3.3,7.488869623771186,0.8029800683178011,47,Certified_T10,0,10.0,0.04395354168677379,50.21677946902327,10.31696812972054,15.63429132554618,3.2399828915868083,0.0023341074503198836,0.00250781897951898,0.01111909439601666,1.0410522265124877,0.9936262017347591,83.59396867481257,0.9684719716052441,1.0741498902120168,0.17891698629930128,True,True
True,resolved_oscillation,1.0,10.747688151670776,8.995238095238095,0.0009040895329062643,0.9786128826876439,2.4350605037085398,0.0036102848059062064,3.4583333333333335,7.94707475169479,0.8037177122502752,47,Certified_T11,1,11.0,0.2523118483292244,50.21677946902327,10.31696812972054,15.63429132554618,3.2399828915868083,0.0023341074503198836,0.00250781897951898,0.01111909439601666,1.0410522265124877,0.9936262017347591,83.59396867481257,0.9684719716052441,1.0741498902120168,0.17891698629930128,True,True
True,resolved_oscillation,1.0,11.126047739858233,9.311904761904762,0.000873344478476059,0.9784700263166393,2.402389356873028,0.0036555078203934616,3.45,7.818048920601103,0.8065787961796924,47,Certified_T12,2,12.0,0.8739522601417669,50.21677946902327,10.31696812972054,15.63429132554618,3.2399828915868083,0.0023341074503198836,0.00250781897951898,0.01111909439601666,1.0410522265124877,0.9936262017347591,83.59396867481257,0.9684719716052441,1.0741498902120168,0.17891698629930128,False,True
True,resolved_oscillation,1.0,10.678701535027574,8.9375,0.0008632355242634512,0.9633898863958363,2.221594287559601,0.004040389908600476,3.1,6.568472165769602,0.8171430270701439,47,Certified_T13,3,13.0,2.3212984649724255,50.21677946902327,10.31696812972054,15.63429132554618,3.2399828915868083,0.0023341074503198836,0.00250781897951898,0.01111909439601666,1.0410522265124877,0.9936262017347591,83.59396867481257,0.9684719716052441,1.0741498902120168,0.17891698629930128,False,True
True,resolved_oscillation,1.0,9.884342843438802,9.022916666666667,0.0009559901537876069,0.9658332525976119,3.229967191159016,0.002092363038273062,3.3666666666666667,10.32413778638347,0.9555662805062186,48,Certified_T10,0,10.0,0.11565715656119835,54.770965412168316,11.533937232960168,11.659649826543449,3.2741633012657494,0.002259791634085802,0.0015272027259602484,0.013128399018009879,1.0951288744928818,0.8741531264780361,91.1333858829539,0.973868455872878,1.1713381601182806,0.035191618574317275,True,True
True,resolved_oscillation,1.0,9.615039575019088,8.777083333333334,0.0009827660470102361,0.9539702308560372,2.9872458216523334,0.002338209978299133,3.158333333333333,9.029597718141039,0.9596934167753605,48,Certified_T11,1,11.0,1.3849604249809122,54.770965412168316,11.533937232960168,11.659649826543449,3.2741633012657494,0.002259791634085802,0.0015272027259602484,0.013128399018009879,1.0951288744928818,0.8741531264780361,91.1333858829539,0.973868455872878,1.1713381601182806,0.035191618574317275,False,True
True,resolved_oscillation,1.0,7.613522910577659,6.95,0.0,0.8096659310649617,1.5922746577879363,0.011295294717492105,2.4166666666666665,3.907827936284883,0.978540858794167,48,Certified_T12,2,12.0,4.386477089422341,54.770965412168316,11.533937232960168,11.659649826543449,3.2741633012657494,0.002259791634085802,0.0015272027259602484,0.013128399018009879,1.0951288744928818,0.8741531264780361,91.1333858829539,0.973868455872878,1.1713381601182806,0.035191618574317275,False,True
True,steady_state,0.0,,,,,1.0896802749654253,0.9999988781287354,,,0.9849865834880658,48,Certified_T13,3,13.0,,54.770965412168316,11.533937232960168,11.659649826543449,3.2741633012657494,0.002259791634085802,0.0015272027259602484,0.013128399018009879,1.0951288744928818,0.8741531264780361,91.1333858829539,0.973868455872878,1.1713381601182806,0.035191618574317275,False,False
True,resolved_oscillation,1.0,8.586709859675887,6.6899999999999995,0.0012864917276888947,0.9620440271581623,1.5564175332599965,0.004512271325368335,2.45,3.6725552602387608,0.9243719583609863,49,Certified_T10,0,10.0,1.4132901403241132,46.74665926294046,8.58186209767621,12.673711017624893,2.528187713191623,0.0032893394931826957,0.0023544555211647998,0.003021885166678139,1.017582287808214,0.9577065372192827,83.16382723902208,0.9666994972893724,0.8609368307751615,0.11413245225271934,False,True
True,resolved_oscillation,1.0,9.493251170776032,7.396296296296296,0.0009936472124679233,0.9761847869331672,1.6285398768032133,0.003700294391498805,2.5833333333333335,4.035449204759554,0.9223850107539224,49,Certified_T11,1,11.0,1.5067488292239677,46.74665926294046,8.58186209767621,12.673711017624893,2.528187713191623,0.0032893394931826957,0.0023544555211647998,0.003021885166678139,1.017582287808214,0.9577065372192827,83.16382723902208,0.9666994972893724,0.8609368307751615,0.11413245225271934,False,True
True,resolved_oscillation,1.0,10.73606131246845,8.364583333333334,0.000704465037296685,0.986293682149354,1.6951381271747332,0.0033124090985305974,2.783333333333333,4.506009552163642,0.919305928523269,49,Certified_T12,2,12.0,1.2639386875315495,46.74665926294046,8.58186209767621,12.673711017624893,2.528187713191623,0.0032893394931826957,0.0023544555211647998,0.003021885166678139,1.017582287808214,0.9577065372192827,83.16382723902208,0.9666994972893724,0.8609368307751615,0.11413245225271934,False,True
True,resolved_oscillation,1.0,12.157731531927743,9.472222222222223,0.0009086177938316519,0.9916364019278283,1.751046409256015,0.0031407068654538428,3.0833333333333335,5.112524237433701,0.9147841692100218,49,Certified_T13,3,13.0,0.8422684680722572,46.74665926294046,8.58186209767621,12.673711017624893,2.528187713191623,0.0032893394931826957,0.0023544555211647998,0.003021885166678139,1.017582287808214,0.9577065372192827,83.16382723902208,0.9666994972893724,0.8609368307751615,0.11413245225271934,False,True
True,resolved_oscillation,1.0,9.281254179907036,7.025,0.0012504063504026807,0.9721564355582057,2.4859213783893632,0.007878475135799054,2.716666666666667,6.429390764625372,0.7836962085616236,50,Certified_T10,0,10.0,0.7187458200929644,45.41412096142182,11.520935830362294,10.355654565565649,2.9525738342638874,0.0064449379488186,0.00476373582876067,0.006403388908792762,0.9396835805067033,0.8189719426457513,82.69772668147291,1.0995534143129142,0.985950769510642,0.18745877106812797,False,True
True,resolved_oscillation,1.0,10.114328398506837,7.655555555555555,0.0010885341074020319,0.9808598063931139,2.5497087906553624,0.007590093342189322,2.85,6.901350607480727,0.7824005525014884,50,Certified_T11,1,11.0,0.8856716014931632,45.41412096142182,11.520935830362294,10.355654565565649,2.9525738342638874,0.0064449379488186,0.00476373582876067,0.006403388908792762,0.9396835805067033,0.8189719426457513,82.69772668147291,1.0995534143129142,0.985950769510642,0.18745877106812797,False,True
True,resolved_oscillation,1.0,10.971257165216324,8.304166666666667,0.0009290718512519332,0.9859972104838636,2.555133937926992,0.007540898813715899,2.933333333333333,7.115136338744776,0.78219381430731,50,Certified_T12,2,12.0,1.0287428347836762,45.41412096142182,11.520935830362294,10.355654565565649,2.9525738342638874,0.0064449379488186,0.00476373582876067,0.006403388908792762,0.9396835805067033,0.8189719426457513,82.69772668147291,1.0995534143129142,0.985950769510642,0.18745877106812797,False,True
True,resolved_oscillation,1.0,11.494222258390208,8.7,0.0,0.986382572162898,2.4824429360667994,0.00775664093316669,2.9,6.869377130568413,0.7836674335475219,50,Certified_T13,3,13.0,1.5057777416097924,45.41412096142182,11.520935830362294,10.355654565565649,2.9525738342638874,0.0064449379488186,0.00476373582876067,0.006403388908792762,0.9396835805067033,0.8189719426457513,82.69772668147291,1.0995534143129142,0.985950769510642,0.18745877106812797,False,True
True,resolved_oscillation,1.0,10.265851052855368,8.960416666666667,0.0009626583018028657,0.9830331025794243,1.9452684053691185,0.019820022586984884,2.7083333333333335,5.210236154466581,0.8813173193693588,51,Certified_T10,0,10.0,0.2658510528553677,52.370231871858664,11.276704413361053,11.975377491726485,3.0911510416970023,0.0027352378420580086,0.01368674801918314,0.0017258496895858095,1.079342494209041,0.8973021859849778,79.09339269626088,0.9545716265328242,0.8103726606987582,0.13924261961033926,True,True
True,resolved_oscillation,1.0,10.894957081105215,9.50952380952381,0.0009368195760575717,0.987696654769905,1.9177585040422942,0.02009388018554057,2.6166666666666667,4.987926955426217,0.8852395624660926,51,Certified_T11,1,11.0,0.10504291889478523,52.370231871858664,11.276704413361053,11.975377491726485,3.0911510416970023,0.0027352378420580086,0.01368674801918314,0.0017258496895858095,1.079342494209041,0.8973021859849778,79.09339269626088,0.9545716265328242,0.8103726606987582,0.13924261961033926,True,True
True,resolved_oscillation,1.0,11.402333650230295,9.952380952380953,0.0006329548591063614,0.9910717792424232,1.761220481437447,0.021875152425341444,2.2666666666666666,4.0650527886204015,0.8947307963638096,51,Certified_T12,2,12.0,0.597666349769705,52.370231871858664,11.276704413361053,11.975377491726485,3.0911510416970023,0.0027352378420580086,0.01368674801918314,0.0017258496895858095,1.079342494209041,0.8973021859849778,79.09339269626088,0.9545716265328242,0.8103726606987582,0.13924261961033926,False,True
True,resolved_oscillation,1.0,11.600101398948404,10.125,0.0009016009177039771,0.9924508988247072,1.430128843122995,0.026936740908175473,1.7583333333333333,2.7187427027021442,0.9126125905454683,51,Certified_T13,3,13.0,1.3998986010515964,52.370231871858664,11.276704413361053,11.975377491726485,3.0911510416970023,0.0027352378420580086,0.01368674801918314,0.0017258496895858095,1.079342494209041,0.8973021859849778,79.09339269626088,0.9545716265328242,0.8103726606987582,0.13924261961033926,False,True
True,resolved_oscillation,1.0,9.831290503926533,8.939583333333333,0.000964901737602919,0.9749183689786055,2.3066432546985762,0.025782622081194143,2.6416666666666666,6.136527030829334,0.938836168677203,52,Certified_T10,0,10.0,0.16870949607346652,54.55794432946279,8.815071172656495,13.867657314574057,3.493340823698976,0.0015166938722283598,0.019091762630565834,0.0020270583475676856,1.0674963126897463,0.9152710792349084,89.50453515400127,1.0370377865831333,1.0547777400059206,0.06568853051684556,True,True
True,resolved_oscillation,1.0,10.481647537961292,9.530952380952382,0.0006609421211752661,0.9821590139796781,2.26136824307258,0.026290488245534687,2.5166666666666666,5.795126750603541,0.9411866383548374,52,Certified_T11,1,11.0,0.5183524620387079,54.55794432946279,8.815071172656495,13.867657314574057,3.493340823698976,0.0015166938722283598,0.019091762630565834,0.0020270583475676856,1.0674963126897463,0.9152710792349084,89.50453515400127,1.0370377865831333,1.0547777400059206,0.06568853051684556,False,True
True,resolved_oscillation,1.0,10.945112842537645,9.952380952380953,0.0006329548591063614,0.9871758772722641,2.004439664902578,0.02965732035834879,2.075,4.418246177476525,0.9479300650908923,52,Certified_T12,2,12.0,1.054887157462355,54.55794432946279,8.815071172656495,13.867657314574057,3.493340823698976,0.0015166938722283598,0.019091762630565834,0.0020270583475676856,1.0674963126897463,0.9152710792349084,89.50453515400127,1.0370377865831333,1.0547777400059206,0.06568853051684556,False,True
True,resolved_oscillation,1.0,10.968678874973731,9.973809523809525,0.0008932101663341946,0.9887806011619261,1.4056969123473118,0.042287293375126066,1.4333333333333333,2.4493713238258734,0.962668810632208,52,Certified_T13,3,13.0,2.0313211250262686,54.55794432946279,8.815071172656495,13.867657314574057,3.493340823698976,0.0015166938722283598,0.019091762630565834,0.0020270583475676856,1.0674963126897463,0.9152710792349084,89.50453515400127,1.0370377865831333,1.0547777400059206,0.06568853051684556,False,True
True,resolved_oscillation,1.0,8.568433745134536,7.290740740740741,0.0012048301981845487,0.9578828970869799,1.6773485685334681,0.00525394814337203,2.683333333333333,4.361257632727766,0.8913327829522044,53,Certified_T10,0,10.0,1.431566254865464,51.05302292765479,9.938058971295783,14.822839779127264,2.5130778985144,0.015088521553937726,0.0024600779909428844,0.005609739795291242,0.9708442865849916,0.9816980513372996,84.60734205881339,0.9578068064144794,0.8835120931566807,0.1465935204983391,False,True
True,resolved_oscillation,1.0,9.355469521889496,7.960416666666666,0.0010835889442695958,0.9705685104677007,1.713338080304612,0.00444492859412921,2.8,4.624377897143532,0.8911298667647585,53,Certified_T11,1,11.0,1.6445304781105037,51.05302292765479,9.938058971295783,14.822839779127264,2.5130778985144,0.015088521553937726,0.0024600779909428844,0.005609739795291242,0.9708442865849916,0.9816980513372996,84.60734205881339,0.9578068064144794,0.8835120931566807,0.1465935204983391,False,True
True,resolved_oscillation,1.0,10.317004861018154,8.778571428571428,0.000926403649395136,0.9791759467045565,1.7034460860476537,0.004149421045002495,2.933333333333333,4.797968682785423,0.8918856325499164,53,Certified_T12,2,12.0,1.6829951389818465,51.05302292765479,9.938058971295783,14.822839779127264,2.5130778985144,0.015088521553937726,0.0024600779909428844,0.005609739795291242,0.9708442865849916,0.9816980513372996,84.60734205881339,0.9578068064144794,0.8835120931566807,0.1465935204983391,False,True
True,resolved_oscillation,1.0,11.301975219325284,9.616666666666667,0.0,0.9828270763971324,1.648081962555036,0.004185236216220103,3.0833333333333335,4.891319842247053,0.893064989970142,53,Certified_T13,3,13.0,1.6980247806747162,51.05302292765479,9.938058971295783,14.822839779127264,2.5130778985144,0.015088521553937726,0.0024600779909428844,0.005609739795291242,0.9708442865849916,0.9816980513372996,84.60734205881339,0.9578068064144794,0.8835120931566807,0.1465935204983391,False,True
True,resolved_oscillation,1.0,10.200527037827571,8.108333333333333,0.0010987101414693706,0.9742680897924748,2.279531477983882,0.01565330923459748,2.8833333333333333,6.367491838873713,0.8199142356727716,54,Certified_T10,0,10.0,0.20052703782757142,47.69361408443568,8.704098220631797,15.845713327120865,3.4621685081138254,0.012446834994929497,0.010766496945614046,0.002319300332329001,1.0803777328590003,1.07592084336124,91.46279530471148,0.9862794372677994,1.195304907054499,0.17319010364203735,True,True
True,resolved_oscillation,1.0,11.130570686409413,8.847619047619048,0.0007119890503403095,0.9824171549571532,2.295621936485609,0.01552778541262508,2.9833333333333334,6.617055993275236,0.8221210242235271,54,Certified_T11,1,11.0,0.13057068640941338,47.69361408443568,8.704098220631797,15.845713327120865,3.4621685081138254,0.012446834994929497,0.010766496945614046,0.002319300332329001,1.0803777328590003,1.07592084336124,91.46279530471148,0.9862794372677994,1.195304907054499,0.17319010364203735,True,True
True,resolved_oscillation,1.0,12.20588685336877,9.702380952380953,0.0006492641254146234,0.9885490211973129,2.244515550041727,0.01587618954772417,2.95,6.4495365248753815,0.8262854463982655,54,Certified_T12,2,12.0,0.20588685336877077,47.69361408443568,8.704098220631797,15.845713327120865,3.4621685081138254,0.012446834994929497,0.010766496945614046,0.002319300332329001,1.0803777328590003,1.07592084336124,91.46279530471148,0.9862794372677994,1.195304907054499,0.17319010364203735,True,True
True,resolved_oscillation,1.0,13.100985222615815,10.41388888888889,0.0006533714971414184,0.9917837019203697,2.1022590106086465,0.01694843304608644,2.7416666666666667,5.684440771686197,0.833664136163519,54,Certified_T13,3,13.0,0.10098522261581522,47.69361408443568,8.704098220631797,15.845713327120865,3.4621685081138254,0.012446834994929497,0.010766496945614046,0.002319300332329001,1.0803777328590003,1.07592084336124,91.46279530471148,0.9862794372677994,1.195304907054499,0.17319010364203735,True,True
True,resolved_oscillation,1.0,8.04765606116635,6.833333333333333,0.0,0.9216959374540994,2.157252846991756,0.0054244526169341094,2.55,5.414494562987312,0.9429708380037728,55,Certified_T10,0,10.0,1.9523439388336499,50.94651124299894,11.758384049791838,11.847216681602106,2.6951466401364867,0.004101615465406285,0.0015020194593721148,0.01581196919753924,0.9105937381885466,1.0834743329047953,89.93313713225466,1.0337823554586898,0.9649513095281681,0.06550247511437766,False,True
True,resolved_oscillation,1.0,7.751266776962418,6.581666666666666,0.000800779351777255,0.8893752892582577,1.8372960164833398,0.008739159206755462,2.4,4.399098375183977,0.9523606818530169,55,Certified_T11,1,11.0,3.248733223037582,50.94651124299894,11.758384049791838,11.847216681602106,2.6951466401364867,0.004101615465406285,0.0015020194593721148,0.01581196919753924,0.9105937381885466,1.0834743329047953,89.93313713225466,1.0337823554586898,0.9649513095281681,0.06550247511437766,False,True
True,resolved_oscillation,1.0,6.201073816737373,5.265384615384615,0.011446466300017687,0.49108152463083926,0.6062935575241004,0.19768401143342443,2.475,1.5978741120557782,0.9842978656475664,55,Certified_T12,2,12.0,5.798926183262627,50.94651124299894,11.758384049791838,11.847216681602106,2.6951466401364867,0.004101615465406285,0.0015020194593721148,0.01581196919753924,0.9105937381885466,1.0834743329047953,89.93313713225466,1.0337823554586898,0.9649513095281681,0.06550247511437766,False,True
True,steady_state,0.0,,,,,0.7213559461029441,0.9999974690467892,,,0.9809009642862205,55,Certified_T13,3,13.0,,50.94651124299894,11.758384049791838,11.847216681602106,2.6951466401364867,0.004101615465406285,0.0015020194593721148,0.01581196919753924,0.9105937381885466,1.0834743329047953,89.93313713225466,1.0337823554586898,0.9649513095281681,0.06550247511437766,False,False
True,resolved_oscillation,1.0,7.182008534200657,5.797222222222222,0.0016598474437650957,0.8386492963518805,1.5054553233038246,0.017624870214671223,2.25,3.456758773163918,0.9955066639735848,56,Certified_T10,0,10.0,2.8179914657993432,48.431205793888196,11.016139887343419,10.83469446432525,2.6839492258430817,0.001440341642766746,0.0017370708554396617,0.018205094924215372,1.0160534694989751,0.9883902260428049,93.6908625585051,1.07041201531937,0.8581907509954521,0.007851655825423548,False,True
True,resolved_oscillation,1.0,6.437362557026707,5.196153846153846,0.0029727394640887933,0.6368584014070493,0.8631405063067542,0.0939138328852234,2.15,2.0603233459668986,0.9974731876640461,56,Certified_T11,1,11.0,4.562637442973293,48.431205793888196,11.016139887343419,10.83469446432525,2.6839492258430817,0.001440341642766746,0.0017370708554396617,0.018205094924215372,1.0160534694989751,0.9883902260428049,93.6908625585051,1.07041201531937,0.8581907509954521,0.007851655825423548,False,True
True,steady_state,0.0,,,,,0.4871385548821307,0.9997838215929344,,,0.998575595536462,56,Certified_T12,2,12.0,,48.431205793888196,11.016139887343419,10.83469446432525,2.6839492258430817,0.001440341642766746,0.0017370708554396617,0.018205094924215372,1.0160534694989751,0.9883902260428049,93.6908625585051,1.07041201531937,0.8581907509954521,0.007851655825423548,False,False
True,steady_state,0.0,,,,,1.5837299932162634,0.9999999657182955,,,0.9952657841690897,56,Certified_T13,3,13.0,,48.431205793888196,11.016139887343419,10.83469446432525,2.6839492258430817,0.001440341642766746,0.0017370708554396617,0.018205094924215372,1.0160534694989751,0.9883902260428049,93.6908625585051,1.07041201531937,0.8581907509954521,0.007851655825423548,False,False
True,resolved_oscillation,1.0,8.579923071504547,7.438888888888888,0.0011202389843166542,0.9470485126184669,2.279659363448387,0.004018547168291454,2.7666666666666666,6.106258780030102,0.98440255627593,57,Certified_T10,0,10.0,1.4200769284954529,52.02066843882153,11.869204765475946,14.32213380021029,2.933722188988358,0.0040337811323418035,0.002387690935403207,0.014485657684444209,0.9174897406632346,0.8369913972958294,92.2874622645974,0.9181285464015498,0.9108596708487242,0.017818004111094157,False,True
True,resolved_oscillation,1.0,8.989215518250145,7.79375,0.001106761121639702,0.9528513614682327,2.2678371426362847,0.00383970074560123,2.816666666666667,6.165014017763505,0.984781011185311,57,Certified_T11,1,11.0,2.0107844817498552,52.02066843882153,11.869204765475946,14.32213380021029,2.933722188988358,0.0040337811323418035,0.002387690935403207,0.014485657684444209,0.9174897406632346,0.8369913972958294,92.2874622645974,0.9181285464015498,0.9108596708487242,0.017818004111094157,False,True
True,resolved_oscillation,1.0,8.811401578568104,7.639583333333333,0.001129095542965401,0.9363346654587009,2.003815717856996,0.004676966828142187,2.6333333333333333,5.1544622304935395,0.986568607362744,57,Certified_T12,2,12.0,3.1885984214318963,52.02066843882153,11.869204765475946,14.32213380021029,2.933722188988358,0.0040337811323418035,0.002387690935403207,0.014485657684444209,0.9174897406632346,0.8369913972958294,92.2874622645974,0.9181285464015498,0.9108596708487242,0.017818004111094157,False,True
True,resolved_oscillation,1.0,7.802667904534046,6.765,0.0007790780143307168,0.82575977492617,1.2557521943646714,0.01590589616699601,2.283333333333333,2.957777953010391,0.9913949519239834,57,Certified_T13,3,13.0,5.197332095465954,52.02066843882153,11.869204765475946,14.32213380021029,2.933722188988358,0.0040337811323418035,0.002387690935403207,0.014485657684444209,0.9174897406632346,0.8369913972958294,92.2874622645974,0.9181285464015498,0.9108596708487242,0.017818004111094157,False,True
True,resolved_oscillation,1.0,9.149305844777718,7.852083333333334,0.0007504449787068693,0.9648536034889484,2.327726115672163,0.005488738008528056,2.716666666666667,6.1434680880283405,0.9754349215281342,58,Certified_T10,0,10.0,0.850694155222282,51.49297749937071,11.248134227395152,14.050354967733615,2.586291953368593,0.01090959382118472,0.0033648425177940926,0.008312200718036811,0.9255211531092475,1.0552791589315742,74.08301010425936,0.9701614076689482,0.958081193235764,0.0272197808177368,False,True
True,resolved_oscillation,1.0,9.741619621940298,8.360416666666667,0.001031745167220066,0.9717648445686011,2.326723264631954,0.005229873126903444,2.783333333333333,6.283492680215592,0.9759163962401599,58,Certified_T11,1,11.0,1.2583803780597016,51.49297749937071,11.248134227395152,14.050354967733615,2.586291953368593,0.01090959382118472,0.0033648425177940926,0.008312200718036811,0.9255211531092475,1.0552791589315742,74.08301010425936,0.9701614076689482,0.958081193235764,0.0272197808177368,False,True
True,resolved_oscillation,1.0,10.206662230356587,8.75952380952381,0.001017031091811346,0.9737695965075481,2.2097245011931594,0.00539838910663172,2.7666666666666666,5.936898721083208,0.9771543139583517,58,Certified_T12,2,12.0,1.7933377696434132,51.49297749937071,11.248134227395152,14.050354967733615,2.586291953368593,0.01090959382118472,0.0033648425177940926,0.008312200718036811,0.9255211531092475,1.0552791589315742,74.08301010425936,0.9701614076689482,0.958081193235764,0.0272197808177368,False,True
True,resolved_oscillation,1.0,10.475769660730219,8.99047619047619,0.000990905028276997,0.9689149828956871,2.002775118485669,0.00600480814612329,2.7,5.296784972789002,0.9788317795542818,58,Certified_T13,3,13.0,2.5242303392697814,51.49297749937071,11.248134227395152,14.050354967733615,2.586291953368593,0.01090959382118472,0.0033648425177940926,0.008312200718036811,0.9255211531092475,1.0552791589315742,74.08301010425936,0.9701614076689482,0.958081193235764,0.0272197808177368,False,True
True,resolved_oscillation,1.0,9.285855455852412,7.068333333333333,0.0007456443433549586,0.9723573703822894,2.3443466651416456,0.006926637820333441,2.6166666666666667,5.897640590646982,0.7888960570894659,59,Certified_T10,0,10.0,0.7141445441475884,45.671613349603774,11.421696300281717,15.605955642138463,2.6421346091390463,0.00703737992177372,0.003977342857866757,0.0016514373523368584,1.0904389768261364,0.9250349457629531,77.06963409948848,1.0825978512778063,0.9594519452371539,0.19273989525906104,False,True
True,resolved_oscillation,1.0,10.205707154313936,7.768518518518518,0.0007151370679380215,0.9818905653378688,2.407044660218582,0.00648632223840582,2.75,6.338874181216865,0.7874069194647755,59,Certified_T11,1,11.0,0.7942928456860638,45.671613349603774,11.421696300281717,15.605955642138463,2.6421346091390463,0.00703737992177372,0.003977342857866757,0.0016514373523368584,1.0904389768261364,0.9250349457629531,77.06963409948848,1.0825978512778063,0.9594519452371539,0.19273989525906104,False,True
True,resolved_oscillation,1.0,11.438802641577885,8.707142857142857,0.0010231494084697679,0.9890820269040216,2.4405158557581745,0.0062884024069994665,2.9166666666666665,6.791969401200091,0.784704009242905,59,Certified_T12,2,12.0,0.561197358422115,45.671613349603774,11.421696300281717,15.605955642138463,2.6421346091390463,0.00703737992177372,0.003977342857866757,0.0016514373523368584,1.0904389768261364,0.9250349457629531,77.06963409948848,1.0825978512778063,0.9594519452371539,0.19273989525906104,False,True
True,resolved_oscillation,1.0,12.796319826823934,9.74047619047619,0.0009146070366105943,0.9930253295010858,2.436378107997826,0.006268732728307053,3.1,7.218879056713815,0.7802721599044042,59,Certified_T13,3,13.0,0.2036801731760658,45.671613349603774,11.421696300281717,15.605955642138463,2.6421346091390463,0.00703737992177372,0.003977342857866757,0.0016514373523368584,1.0904389768261364,0.9250349457629531,77.06963409948848,1.0825978512778063,0.9594519452371539,0.19273989525906104,True,True
True,resolved_oscillation,1.0,10.276053512960736,7.8,0.0,0.9717419472757093,1.6586850216439557,0.010360334552226564,2.825,4.507954881705958,0.9102414056183681,60,Certified_T10,0,10.0,0.2760535129607362,45.5427756783995,8.402138992310096,11.386981501395132,3.3258742584368335,0.008844156927586824,0.0076584794805467414,0.01183125933374325,1.0377031478935168,1.142561524115207,72.49861183569732,0.9230475022911965,0.8918553322806279,0.12547771895975754,True,True
True,resolved_oscillation,1.0,10.635605599017858,8.072916666666666,0.0010684886080139678,0.9735538273193695,1.6263755262893376,0.010554179543178149,2.816666666666667,4.407246908584501,0.9136776182243976,60,Certified_T11,1,11.0,0.3643944009821425,45.5427756783995,8.402138992310096,11.386981501395132,3.3258742584368335,0.008844156927586824,0.0076584794805467414,0.01183125933374325,1.0377031478935168,1.142561524115207,72.49861183569732,0.9230475022911965,0.8918553322806279,0.12547771895975754,True,True
True,resolved_oscillation,1.0,10.24311744400894,7.775,0.0011458145419610906,0.9613643397109065,1.4414617665106964,0.011944745436544947,2.5083333333333333,3.5310176406436455,0.9235821096549132,60,Certified_T12,2,12.0,1.7568825559910604,45.5427756783995,8.402138992310096,11.386981501395132,3.3258742584368335,0.008844156927586824,0.0076584794805467414,0.01183125933374325,1.0377031478935168,1.142561524115207,72.49861183569732,0.9230475022911965,0.8918553322806279,0.12547771895975754,False,True
True,resolved_oscillation,1.0,9.151835692739391,6.946666666666667,0.001011605137609846,0.8918769101480506,1.0133189806468896,0.01810728681875735,2.1,2.1742793195537993,0.9450808024099392,60,Certified_T13,3,13.0,3.8481643072606087,45.5427756783995,8.402138992310096,11.386981501395132,3.3258742584368335,0.008844156927586824,0.0076584794805467414,0.01183125933374325,1.0377031478935168,1.142561524115207,72.49861183569732,0.9230475022911965,0.8918553322806279,0.12547771895975754,False,True
True,resolved_oscillation,1.0,10.411030187447167,8.619047619047619,0.0007308705279183952,0.9798859858500425,1.9997164358684805,0.01981589922393685,2.7666666666666666,5.428237465304968,0.8624269086820738,61,Certified_T10,0,10.0,0.41103018744716735,49.67259222496433,9.9225927404298,13.664663214926799,3.4430711333265878,0.0035625923111981014,0.014245913386489725,0.001273264362502102,0.9507964119759019,1.0969658408100054,89.07604885419826,1.0246238139428603,0.8478503820765024,0.15426968545615016,True,True
True,resolved_oscillation,1.0,11.16165971201173,9.24047619047619,0.0009640962089085137,0.9859267328785183,1.994167924239826,0.019865151544136594,2.716666666666667,5.343387653129173,0.8654395996010938,61,Certified_T11,1,11.0,0.1616597120117298,49.67259222496433,9.9225927404298,13.664663214926799,3.4430711333265878,0.0035625923111981014,0.014245913386489725,0.001273264362502102,0.9507964119759019,1.0969658408100054,89.07604885419826,1.0246238139428603,0.8478503820765024,0.15426968545615016,True,True
True,resolved_oscillation,1.0,11.846141807208532,9.807142857142857,0.0009083897515838654,0.9903749491884768,1.8867749022892504,0.020993610291524474,2.4166666666666665,4.564949971942417,0.872835769652631,61,Certified_T12,2,12.0,0.15385819279146773,49.67259222496433,9.9225927404298,13.664663214926799,3.4430711333265878,0.0035625923111981014,0.014245913386489725,0.001273264362502102,0.9507964119759019,1.0969658408100054,89.07604885419826,1.0246238139428603,0.8478503820765024,0.15426968545615016,True,True
True,resolved_oscillation,1.0,12.25453028417469,10.145238095238094,0.000801607663769037,0.9925955524067029,1.6229448581890236,0.024404423642149762,1.9,3.2348785604864476,0.8881760754823597,61,Certified_T13,3,13.0,0.7454697158253101,49.67259222496433,9.9225927404298,13.664663214926799,3.4430711333265878,0.0035625923111981014,0.014245913386489725,0.001273264362502102,0.9507964119759019,1.0969658408100054,89.07604885419826,1.0246238139428603,0.8478503820765024,0.15426968545615016,False,True
True,resolved_oscillation,1.0,9.085397685674064,7.138333333333334,0.0011278213671250244,0.9623022856959447,2.347577373905483,0.004391277314781756,2.525,5.708667673415287,0.9954957868422392,62,Certified_T10,0,10.0,0.9146023143259363,47.14157979846576,10.172647831287017,15.431271999424892,2.925528875897231,0.011626680785406872,0.003155698281972954,0.0016863604797997787,0.949398900219344,0.8519406466106573,73.71451249270041,0.9444596086658984,0.9780490202865942,0.005061495726061216,False,True
True,resolved_oscillation,1.0,10.121107566605737,7.952083333333333,0.0007410078922573199,0.9759379842586683,2.4240187576174894,0.004049066048405056,2.716666666666667,6.298550378519161,0.9954383132372089,62,Certified_T11,1,11.0,0.8788924333942632,47.14157979846576,10.172647831287017,15.431271999424892,2.925528875897231,0.011626680785406872,0.003155698281972954,0.0016863604797997787,0.949398900219344,0.8519406466106573,73.71451249270041,0.9444596086658984,0.9780490202865942,0.005061495726061216,False,True
True,resolved_oscillation,1.0,11.542736995007672,9.069047619047618,0.0006946052273732188,0.9858436803383168,2.4652374603432126,0.003911227888510362,2.9833333333333334,6.9852072060695205,0.9953661969123777,62,Certified_T12,2,12.0,0.45726300499232764,47.14157979846576,10.172647831287017,15.431271999424892,2.925528875897231,0.011626680785406872,0.003155698281972954,0.0016863604797997787,0.949398900219344,0.8519406466106573,73.71451249270041,0.9444596086658984,0.9780490202865942,0.005061495726061216,True,True
True,resolved_oscillation,1.0,13.082172645693914,10.278571428571428,0.0007912092321797235,0.9909721884204119,2.449706307613046,0.003920295806822827,3.283333333333333,7.628247157070291,0.9952926235980831,62,Certified_T13,3,13.0,0.08217264569391425,47.14157979846576,10.172647831287017,15.431271999424892,2.925528875897231,0.011626680785406872,0.003155698281972954,0.0016863604797997787,0.949398900219344,0.8519406466106573,73.71451249270041,0.9444596086658984,0.9780490202865942,0.005061495726061216,True,True
True,resolved_oscillation,1.0,8.720691069007263,6.6899999999999995,0.0012864917276888947,0.9427873305871162,1.734211181298827,0.011718546579372501,2.5166666666666666,4.268012861280805,0.8995500028377961,63,Certified_T10,0,10.0,1.2793089309927375,46.02846228856197,9.636198358442424,14.165652444343742,3.0085442169779997,0.008372743846511446,0.007220893983048677,0.017423539535494144,0.9003818188148638,1.0624675270675672,67.95051595992021,1.057731043414841,0.8006054147210205,0.1331325522461137,False,True
True,resolved_oscillation,1.0,8.959673634425997,6.873333333333333,0.0012521769628863297,0.9441551305243923,1.682309121601151,0.011941599515720054,2.4833333333333334,4.089988690456402,0.9044250211011237,63,Certified_T11,1,11.0,2.0403263655740034,46.02846228856197,9.636198358442424,14.165652444343742,3.0085442169779997,0.008372743846511446,0.007220893983048677,0.017423539535494144,0.9003818188148638,1.0624675270675672,67.95051595992021,1.057731043414841,0.8006054147210205,0.1331325522461137,False,True
True,resolved_oscillation,1.0,8.532270104206047,6.545454545454546,0.0011893733869134378,0.9133735992206958,1.4098494621680726,0.015120349885376637,2.216666666666667,3.136417580735741,0.91999806595398,63,Certified_T12,2,12.0,3.467729895793953,46.02846228856197,9.636198358442424,14.165652444343742,3.0085442169779997,0.008372743846511446,0.007220893983048677,0.017423539535494144,0.9003818188148638,1.0624675270675672,67.95051595992021,1.057731043414841,0.8006054147210205,0.1331325522461137,False,True
True,resolved_oscillation,1.0,7.39843228747368,5.675641025641026,0.0015236884530417934,0.7195263037511986,0.7208075651020406,0.056955166236997104,1.9,1.5629462625866097,0.9581848972291253,63,Certified_T13,3,13.0,5.60156771252632,46.02846228856197,9.636198358442424,14.165652444343742,3.0085442169779997,0.008372743846511446,0.007220893983048677,0.017423539535494144,0.9003818188148638,1.0624675270675672,67.95051595992021,1.057731043414841,0.8006054147210205,0.1331325522461137,False,True
True,resolved_oscillation,1.0,11.781661810104149,9.883333333333333,0.0,0.9866974997362387,2.4964849673404577,0.0015484163708642932,3.816666666666667,8.91824458087154,0.8884519476308069,64,Certified_T10,0,10.0,1.7816618101041488,50.3324581504651,10.757095145685781,11.594238966108065,3.47572182461462,0.0012974679237937677,0.0012573365606615974,0.006735471973853365,0.9883438370064538,1.1124473881260364,94.09693559773856,0.9585434764035783,0.9196797190049851,0.10592328416127934,False,True
True,resolved_oscillation,1.0,12.669094459094568,10.627777777777776,0.0008098240138436838,0.9900618457913597,2.5343361864194827,0.0015230506703521906,4.083333333333333,9.671794966636467,0.8889323135453243,64,Certified_T11,1,11.0,1.669094459094568,50.3324581504651,10.757095145685781,11.594238966108065,3.47572182461462,0.0012974679237937677,0.0012573365606615974,0.006735471973853365,0.9883438370064538,1.1124473881260364,94.09693559773856,0.9585434764035783,0.9196797190049851,0.10592328416127934,False,True
True,resolved_oscillation,1.0,13.374404736090685,11.219444444444443,0.0006064594559997966,0.9909991920721485,2.5375140482619547,0.001520656374236839,4.25,10.101942651818637,0.8889237297943909,64,Certified_T12,2,12.0,1.3744047360906855,50.3324581504651,10.757095145685781,11.594238966108065,3.47572182461462,0.0012974679237937677,0.0012573365606615974,0.006735471973853365,0.9883438370064538,1.1124473881260364,94.09693559773856,0.9585434764035783,0.9196797190049851,0.10592328416127934,False,True
True,resolved_oscillation,1.0,13.155857889697522,11.03611111111111,0.0006165340404689601,0.9857067228278774,2.4550866133416496,0.0015747208960267274,4.033333333333333,9.265590109347436,0.8901333858974138,64,Certified_T13,3,13.0,0.155857889697522,50.3324581504651,10.757095145685781,11.594238966108065,3.47572182461462,0.0012974679237937677,0.0012573365606615974,0.006735471973853365,0.9883438370064538,1.1124473881260364,94.09693559773856,0.9585434764035783,0.9196797190049851,0.10592328416127934,True,True
True,resolved_oscillation,1.0,10.60858422136094,9.49047619047619,0.0009386997959794133,0.9851263365754445,2.688626642419448,0.0016297749929488718,3.4833333333333334,8.835799716458244,0.8294822600446077,65,Certified_T10,0,10.0,0.6085842213609407,53.67620782818476,10.601676121365772,13.79467346681598,2.7483712753706553,0.0016214026881388398,0.001095866357781297,0.0020102580147180853,1.011451415189715,1.1309925589110483,91.95476949770428,1.042984094631509,1.06587299266699,0.14395287962191092,False,True
True,resolved_oscillation,1.0,11.619052312022431,10.394444444444444,0.0008280028532779086,0.9902610079061647,2.7628101898879405,0.0015402267631393221,3.7333333333333334,9.703153639765212,0.8281377143165769,65,Certified_T11,1,11.0,0.6190523120224309,53.67620782818476,10.601676121365772,13.79467346681598,2.7483712753706553,0.0016214026881388398,0.001095866357781297,0.0020102580147180853,1.011451415189715,1.1309925589110483,91.95476949770428,1.042984094631509,1.06587299266699,0.14395287962191092,False,True
True,resolved_oscillation,1.0,12.959186726204388,11.593333333333334,0.00078741023218109,0.9942162035005179,2.822921112653326,0.0014877503334845756,4.066666666666666,10.771889496650628,0.8246048386657889,65,Certified_T12,2,12.0,0.959186726204388,53.67620782818476,10.601676121365772,13.79467346681598,2.7483712753706553,0.0016214026881388398,0.001095866357781297,0.0020102580147180853,1.011451415189715,1.1309925589110483,91.95476949770428,1.042984094631509,1.06587299266699,0.14395287962191092,False,True
True,resolved_oscillation,1.0,14.42724870726377,12.906666666666666,0.0007072863604147291,0.9963737555777713,2.8575708405788123,0.0014642239503496236,4.466666666666667,11.98055116769201,0.8184894130297963,65,Certified_T13,3,13.0,1.4272487072637698,53.67620782818476,10.601676121365772,13.79467346681598,2.7483712753706553,0.0016214026881388398,0.001095866357781297,0.0020102580147180853,1.011451415189715,1.1309925589110483,91.95476949770428,1.042984094631509,1.06587299266699,0.14395287962191092,False,True
True,resolved_oscillation,1.0,8.1293257154674,7.081666666666666,0.0007442404472036666,0.9339252349465597,1.902233829829964,0.008317478034821389,2.4833333333333334,4.724963039654028,0.9914778445762835,66,Certified_T10,0,10.0,1.8706742845325994,52.26755758986957,8.01887268288256,15.769353479182312,2.5197608018518802,0.0017538440528188093,0.0033890204921769623,0.01419130931718275,1.0711155690031762,1.0431158841758537,61.96986509831717,1.0076767330985268,1.1140000726377897,0.011739259651160827,False,True
True,resolved_oscillation,1.0,8.545772698459494,7.444444444444445,0.0011194029850746267,0.9442066193775133,1.9007160645589978,0.0072318464180591,2.5,4.725679934109392,0.9916479466647521,66,Certified_T11,1,11.0,2.454227301540506,52.26755758986957,8.01887268288256,15.769353479182312,2.5197608018518802,0.0017538440528188093,0.0033890204921769623,0.01419130931718275,1.0711155690031762,1.0431158841758537,61.96986509831717,1.0076767330985268,1.1140000726377897,0.011739259651160827,False,True
True,resolved_oscillation,1.0,8.728592711411613,7.603703703703704,0.0009665433430581797,0.9421180153178134,1.769443208870134,0.007547541322878619,2.408333333333333,4.262340405830113,0.9922339179592945,66,Certified_T12,2,12.0,3.271407288588387,52.26755758986957,8.01887268288256,15.769353479182312,2.5197608018518802,0.0017538440528188093,0.0033890204921769623,0.01419130931718275,1.0711155690031762,1.0431158841758537,61.96986509831717,1.0076767330985268,1.1140000726377897,0.011739259651160827,False,True
True,resolved_oscillation,1.0,8.766857365285311,7.637037037037037,0.0009623246766723776,0.9219226737150549,1.5441462810909168,0.00986513134946219,2.3,3.6243155932674824,0.9930714895731896,66,Certified_T13,3,13.0,4.233142634714689,52.26755758986957,8.01887268288256,15.769353479182312,2.5197608018518802,0.0017538440528188093,0.0033890204921769623,0.01419130931718275,1.0711155690031762,1.0431158841758537,61.96986509831717,1.0076767330985268,1.1140000726377897,0.011739259651160827,False,True
True,resolved_oscillation,1.0,9.586838199657457,8.135416666666666,0.000724309122854338,0.9707431403219587,2.263561849506836,0.020017767755685173,2.6,5.835747513448678,0.9707877208945949,67,Certified_T10,0,10.0,0.413161800342543,50.91616128636039,11.078201915312704,13.62710525321711,3.2563478819230207,0.004294818886990809,0.014588994142620597,0.00932302628289439,1.0964646911303475,0.8643074412757062,92.70780702740885,1.0505636401492162,0.8239541318361577,0.033086020257345757,True,True
True,resolved_oscillation,1.0,10.005243100780243,8.49047619047619,0.001049258941888374,0.9754307030451023,2.198835814441304,0.02058643037747506,2.533333333333333,5.55147352766464,0.9721672356789861,67,Certified_T11,1,11.0,0.9947568992197571,50.91616128636039,11.078201915312704,13.62710525321711,3.2563478819230207,0.004294818886990809,0.014588994142620597,0.00932302628289439,1.0964646911303475,0.8643074412757062,92.70780702740885,1.0505636401492162,0.8239541318361577,0.033086020257345757,False,True
True,resolved_oscillation,1.0,9.921071117318828,8.41904761904762,0.0007482328368395335,0.9723241654752385,1.9066825515996155,0.023739075717173534,2.225,4.339934096612984,0.9758936607328711,67,Certified_T12,2,12.0,2.078928882681172,50.91616128636039,11.078201915312704,13.62710525321711,3.2563478819230207,0.004294818886990809,0.014588994142620597,0.00932302628289439,1.0964646911303475,0.8643074412757062,92.70780702740885,1.0505636401492162,0.8239541318361577,0.033086020257345757,False,True
True,resolved_oscillation,1.0,9.297146289911087,7.889583333333333,0.0010933174956572816,0.9481352135589626,1.3837297253274576,0.03279574059530399,1.8833333333333333,2.799541078075136,0.9821149469789471,67,Certified_T13,3,13.0,3.702853710088913,50.91616128636039,11.078201915312704,13.62710525321711,3.2563478819230207,0.004294818886990809,0.014588994142620597,0.00932302628289439,1.0964646911303475,0.8643074412757062,92.70780702740885,1.0505636401492162,0.8239541318361577,0.033086020257345757,False,True
True,resolved_oscillation,1.0,10.982138384810353,8.507142857142858,0.0010472032988452116,0.9839841707588656,2.3879110146204163,0.002047862107613172,3.125,7.025724937036669,0.9162175461250439,68,Certified_T10,0,10.0,0.9821383848103533,46.47806770806648,10.951061798432546,10.853454339866655,3.0169164107932316,0.010192115536250566,0.0015603805964360998,0.00409078429720278,1.0090224571681454,1.020596948563333,80.43736391509404,1.0052476248115918,0.8689836026864581,0.08511122703305722,False,True
True,resolved_oscillation,1.0,11.974926153714282,9.276190476190475,0.0009603843395210323,0.9886643370343892,2.4192141993999687,0.0020051953423819635,3.3583333333333334,7.628825704061224,0.9167470321399795,68,Certified_T11,1,11.0,0.9749261537142822,46.47806770806648,10.951061798432546,10.853454339866655,3.0169164107932316,0.010192115536250566,0.0015603805964360998,0.00409078429720278,1.0090224571681454,1.020596948563333,80.43736391509404,1.0052476248115918,0.8689836026864581,0.08511122703305722,False,True
True,resolved_oscillation,1.0,13.170574581279697,10.202380952380953,0.0006174448800617481,0.9918801817800607,2.4042692187922774,0.002011099778782597,3.6333333333333333,8.173263906103061,0.9173585687533273,68,Certified_T12,2,12.0,1.1705745812796966,46.47806770806648,10.951061798432546,10.853454339866655,3.0169164107932316,0.010192115536250566,0.0015603805964360998,0.00409078429720278,1.0090224571681454,1.020596948563333,80.43736391509404,1.0052476248115918,0.8689836026864581,0.08511122703305722,False,True
True,resolved_oscillation,1.0,14.25044899657871,11.03888888888889,0.0007796644884161887,0.9928517441033688,2.3328682998618606,0.0020710671981724075,3.8833333333333333,8.479438491274806,0.9180231842819034,68,Certified_T13,3,13.0,1.2504489965787098,46.47806770806648,10.951061798432546,10.853454339866655,3.0169164107932316,0.010192115536250566,0.0015603805964360998,0.00409078429720278,1.0090224571681454,1.020596948563333,80.43736391509404,1.0052476248115918,0.8689836026864581,0.08511122703305722,False,True
True,resolved_oscillation,1.0,10.29102228397857,9.238095238095239,0.0008803222307525427,0.9823449205593229,2.166744585712241,0.0015618677179624135,3.5,7.1354404487601055,0.8231700626702678,69,Certified_T10,0,10.0,0.29102228397857033,53.861093581406976,10.929148144622369,11.79519076682258,2.8426359152649385,0.003002604191420811,0.0010166779277403447,0.006041401687691299,1.073404315086706,0.9774762101434096,99.5359586723302,1.0130660977779251,0.8856119475081365,0.17789339606489274,True,True
True,resolved_oscillation,1.0,11.08406755792434,9.95,0.0,0.9868588936215417,2.212583858204918,0.0014926439687473524,3.691666666666667,7.6807594093317695,0.8228919599613626,69,Certified_T11,1,11.0,0.08406755792434062,53.861093581406976,10.929148144622369,11.79519076682258,2.8426359152649385,0.003002604191420811,0.0010166779277403447,0.006041401687691299,1.073404315086706,0.9774762101434096,99.5359586723302,1.0130660977779251,0.8856119475081365,0.17789339606489274,True,True
True,resolved_oscillation,1.0,11.801963614160645,10.594444444444443,0.000812371965643926,0.9889997246886282,2.2161004820991987,0.0014763053643051017,3.816666666666667,7.948697249002786,0.8228189310066636,69,Certified_T12,2,12.0,0.19803638583935523,53.861093581406976,10.929148144622369,11.79519076682258,2.8426359152649385,0.003002604191420811,0.0010166779277403447,0.006041401687691299,1.073404315086706,0.9774762101434096,99.5359586723302,1.0130660977779251,0.8856119475081365,0.17789339606489274,True,True
True,resolved_oscillation,1.0,12.095929671671202,10.858333333333333,0.0008407099884960339,0.9872579599004688,2.1585144607313707,0.0015220240317561954,3.783333333333333,7.67281354929914,0.8235714271230499,69,Certified_T13,3,13.0,0.9040703283287979,53.861093581406976,10.929148144622369,11.79519076682258,2.8426359152649385,0.003002604191420811,0.0010166779277403447,0.006041401687691299,1.073404315086706,0.9774762101434096,99.5359586723302,1.0130660977779251,0.8856119475081365,0.17789339606489274,False,True
True,resolved_oscillation,1.0,10.01519210033808,8.014583333333333,0.0007352293019875722,0.9813558249964229,1.962590356372974,0.011764872516690656,2.566666666666667,4.905545337357981,0.9596490228787379,70,Certified_T10,0,10.0,0.015192100338079939,48.01455580505213,9.745158038841948,10.460283788874598,2.5841371630745713,0.019355477506843768,0.007853288831251496,0.0018641970074200903,1.0602715814059542,1.1627677337247306,90.4416300125173,1.0688446332553494,0.8645195201178023,0.05169584798610025,True,True
True,resolved_oscillation,1.0,10.734839941481612,8.59047619047619,0.001037044730258853,0.9862763151003349,1.925037473500528,0.011925747570064716,2.591666666666667,4.867248086750765,0.9611801325904495,70,Certified_T11,1,11.0,0.2651600585183882,48.01455580505213,9.745158038841948,10.460283788874598,2.5841371630745713,0.019355477506843768,0.007853288831251496,0.0018641970074200903,1.0602715814059542,1.1627677337247306,90.4416300125173,1.0688446332553494,0.8645195201178023,0.05169584798610025,True,True
True,resolved_oscillation,1.0,11.469736134814747,9.178571428571427,0.0008860311946355036,0.9897820620542104,1.7689515608907425,0.012942972685354456,2.5,4.351000969157229,0.9643696463842847,70,Certified_T12,2,12.0,0.5302638651852529,48.01455580505213,9.745158038841948,10.460283788874598,2.5841371630745713,0.019355477506843768,0.007853288831251496,0.0018641970074200903,1.0602715814059542,1.1627677337247306,90.4416300125173,1.0688446332553494,0.8645195201178023,0.05169584798610025,False,True
True,resolved_oscillation,1.0,12.088596087095286,9.673809523809524,0.0009209100139734043,0.9913034695905198,1.5081210959033937,0.015168432878078902,2.316666666666667,3.5127991800186162,0.9689453602199426,70,Certified_T13,3,13.0,0.9114039129047136,48.01455580505213,9.745158038841948,10.460283788874598,2.5841371630745713,0.019355477506843768,0.007853288831251496,0.0018641970074200903,1.0602715814059542,1.1627677337247306,90.4416300125173,1.0688446332553494,0.8645195201178023,0.05169584798610025,False,True
True,resolved_oscillation,1.0,12.48636024613031,10.455555555555556,0.0008231633041886115,0.9891665456006704,2.3955325788820097,0.0016353913724569719,3.783333333333333,8.499223204487036,0.9598818067333756,71,Certified_T10,0,10.0,2.4863602461303103,50.241489190394965,11.211327612701226,10.687173978904136,3.2901508535377624,0.012622934794803729,0.0013626124611280789,0.002678131725782294,1.0131800665453894,1.126075195312643,77.8543590751657,0.971844781808979,0.8145985403190686,0.04251619008519755,False,True
True,resolved_oscillation,1.0,13.527996037119925,11.327777777777778,0.0007597809408940496,0.9920207526650844,2.383509318500293,0.0016418592523953395,4.066666666666666,9.056789988129792,0.9608486625037302,71,Certified_T11,1,11.0,2.527996037119925,50.241489190394965,11.211327612701226,10.687173978904136,3.2901508535377624,0.012622934794803729,0.0013626124611280789,0.002678131725782294,1.0131800665453894,1.126075195312643,77.8543590751657,0.971844781808979,0.8145985403190686,0.04251619008519755,False,True
True,resolved_oscillation,1.0,14.852266762479974,12.436666666666667,0.0005993213555346528,0.9941909401259001,2.30830494226956,0.001694640553063602,4.383333333333334,9.487487690911058,0.96212852130887,71,Certified_T12,2,12.0,2.8522667624799745,50.241489190394965,11.211327612701226,10.687173978904136,3.2901508535377624,0.012622934794803729,0.0013626124611280789,0.002678131725782294,1.0131800665453894,1.126075195312643,77.8543590751657,0.971844781808979,0.8145985403190686,0.04251619008519755,False,True
True,resolved_oscillation,1.0,16.122133580285148,13.5,0.0,0.9950541668647208,2.1595175089726535,0.0018112210842022869,4.733333333333333,9.561932890636463,0.9637788779329705,71,Certified_T13,3,13.0,3.1221335802851478,50.241489190394965,11.211327612701226,10.687173978904136,3.2901508535377624,0.012622934794803729,0.0013626124611280789,0.002678131725782294,1.0131800665453894,1.126075195312643,77.8543590751657,0.971844781808979,0.8145985403190686,0.04251619008519755,False,True
True,resolved_oscillation,1.0,9.692479041817355,7.648148148148149,0.0007263922518159807,0.9616786093896627,2.229771676064286,0.0277342155968575,2.45,5.504556230076781,0.8436005312206288,72,Certified_T10,0,10.0,0.3075209581826446,47.344842006782045,11.371253602337072,14.893798804246167,3.483613566487639,0.008626103093994267,0.017018560410927742,0.014919763788044684,1.0736397412783742,1.1325060621643055,63.90685903595213,1.0464713799625835,0.9466571831077149,0.15681310169372972,True,True
True,resolved_oscillation,1.0,9.31463663849227,7.35,0.0,0.9481440686459086,1.9607967381014322,0.03158383509647049,2.1666666666666665,4.386218947398331,0.8651043580591244,72,Certified_T11,1,11.0,1.6853633615077293,47.344842006782045,11.371253602337072,14.893798804246167,3.483613566487639,0.008626103093994267,0.017018560410927742,0.014919763788044684,1.0736397412783742,1.1325060621643055,63.90685903595213,1.0464713799625835,0.9466571831077149,0.15681310169372972,False,True
True,resolved_oscillation,1.0,7.8054005226697765,6.159090909090909,0.001413176542813783,0.8406308506924384,1.118236565895388,0.057719299356271646,1.7,2.182690299386173,0.9231598215210631,72,Certified_T12,2,12.0,4.1945994773302235,47.344842006782045,11.371253602337072,14.893798804246167,3.483613566487639,0.008626103093994267,0.017018560410927742,0.014919763788044684,1.0736397412783742,1.1325060621643055,63.90685903595213,1.0464713799625835,0.9466571831077149,0.15681310169372972,False,True
True,steady_state,0.0,,,,,0.29689075706676377,0.9999580935002913,,,0.979143691510416,72,Certified_T13,3,13.0,,47.344842006782045,11.371253602337072,14.893798804246167,3.483613566487639,0.008626103093994267,0.017018560410927742,0.014919763788044684,1.0736397412783742,1.1325060621643055,63.90685903595213,1.0464713799625835,0.9466571831077149,0.15681310169372972,False,False
True,resolved_oscillation,1.0,9.387011411861598,7.675925925925926,0.00114437068522378,0.9703225547827462,2.3643011387243122,0.005786033115902209,2.7333333333333334,6.19645678393599,0.9860313383758891,73,Certified_T10,0,10.0,0.6129885881384016,49.063065479348325,9.815592374259829,12.198410160375529,3.06553624608772,0.0019021805206504451,0.004501037121734438,0.004326282319138167,0.9210621014082554,0.8892623249287531,98.93121749054482,1.010709422807966,0.9298776409573304,0.015423575174759414,False,True
True,resolved_oscillation,1.0,10.42390169533623,8.523809523809524,0.0010451556946295926,0.9814591480309072,2.465228113576282,0.005477490112857169,2.95,6.934264685207508,0.9857143639406081,73,Certified_T11,1,11.0,0.5760983046637698,49.063065479348325,9.815592374259829,12.198410160375529,3.06553624608772,0.0019021805206504451,0.004501037121734438,0.004326282319138167,0.9210621014082554,0.8892623249287531,98.93121749054482,1.010709422807966,0.9298776409573304,0.015423575174759414,False,True
True,resolved_oscillation,1.0,11.728345259445344,9.59047619047619,0.0009289119629528156,0.989097297797699,2.544948368554931,0.005283501406114713,3.2083333333333335,7.744886935613683,0.9852697276031123,73,Certified_T12,2,12.0,0.27165474055465566,49.063065479348325,9.815592374259829,12.198410160375529,3.06553624608772,0.0019021805206504451,0.004501037121734438,0.004326282319138167,0.9210621014082554,0.8892623249287531,98.93121749054482,1.010709422807966,0.9298776409573304,0.015423575174759414,True,True
True,resolved_oscillation,1.0,12.966304906782527,10.602777777777778,0.0006417316590996013,0.9926477548709318,2.586055857017924,0.005194804959364042,3.433333333333333,8.418372354383484,0.9846977323983094,73,Certified_T13,3,13.0,0.03369509321747266,49.063065479348325,9.815592374259829,12.198410160375529,3.06553624608772,0.0019021805206504451,0.004501037121734438,0.004326282319138167,0.9210621014082554,0.8892623249287531,98.93121749054482,1.010709422807966,0.9298776409573304,0.015423575174759414,True,True
True,resolved_oscillation,1.0,9.223189305917769,8.191666666666666,0.0010875330291451654,0.9740022966817454,1.6978674002241458,0.030900830940374907,2.3666666666666667,4.1538331384002305,0.9118735303845314,74,Certified_T10,0,10.0,0.776810694082231,53.28959253656916,10.215833404777522,10.925695685955365,2.7197483776985405,0.01813784379833881,0.01743785791821787,0.0039482251720369295,1.0010880265445985,1.0150259837031208,75.37304847691722,0.9291105815386468,0.9785164997088488,0.12097299584425998,False,True
True,resolved_oscillation,1.0,9.578391335574535,8.507142857142858,0.0010472032988452116,0.9784519185638674,1.5688635517550884,0.03336804981282419,2.2,3.642365295054889,0.9201310011843413,74,Certified_T11,1,11.0,1.4216086644254649,53.28959253656916,10.215833404777522,10.925695685955365,2.7197483776985405,0.01813784379833881,0.01743785791821787,0.0039482251720369295,1.0010880265445985,1.0150259837031208,75.37304847691722,0.9291105815386468,0.9785164997088488,0.12097299584425998,False,True
True,resolved_oscillation,1.0,9.591795185750263,8.519047619047619,0.0007394497795037983,0.9785913497947337,1.2156995578096659,0.043022170935757484,1.8083333333333333,2.4875987022553243,0.9381828956634279,74,Certified_T12,2,12.0,2.4082048142497374,53.28959253656916,10.215833404777522,10.925695685955365,2.7197483776985405,0.01813784379833881,0.01743785791821787,0.0039482251720369295,1.0010880265445985,1.0150259837031208,75.37304847691722,0.9291105815386468,0.9785164997088488,0.12097299584425998,False,True
True,resolved_oscillation,1.0,9.117633985783918,8.097916666666666,0.0007276632685223026,0.9666657622891738,0.6868399725454423,0.07617310598010554,1.3666666666666667,1.2965138316924418,0.9642954099900208,74,Certified_T13,3,13.0,3.882366014216082,53.28959253656916,10.215833404777522,10.925695685955365,2.7197483776985405,0.01813784379833881,0.01743785791821787,0.0039482251720369295,1.0010880265445985,1.0150259837031208,75.37304847691722,0.9291105815386468,0.9785164997088488,0.12097299584425998,False,True
True,resolved_oscillation,1.0,7.9099516931567,6.846666666666667,0.0010263802856762022,0.9309424254234261,1.8266129819192787,0.014620006401419987,2.5833333333333335,4.675940612897375,0.9032316229624441,75,Certified_T10,0,10.0,2.0900483068432996,51.93457759740858,8.607835351090023,15.690779209906951,2.834842818276218,0.00460501896522134,0.008032839452777158,0.013869991484158765,1.0254607051763929,0.8070674482521095,76.13716927100631,1.0320963596816861,1.014305541295004,0.12316527336545205,False,True
True,resolved_oscillation,1.0,8.502149742671406,7.359259259259259,0.0011936126044923424,0.9484395715138316,1.8604286328930761,0.013397748095165831,2.6333333333333333,4.832442553278203,0.9033302942695092,75,Certified_T11,1,11.0,2.4978502573285937,51.93457759740858,8.607835351090023,15.690779209906951,2.834842818276218,0.00460501896522134,0.008032839452777158,0.013869991484158765,1.0254607051763929,0.8070674482521095,76.13716927100631,1.0320963596816861,1.014305541295004,0.12316527336545205,False,True
True,resolved_oscillation,1.0,8.95838613739327,7.754166666666666,0.0009949705532214417,0.9548232519705697,1.8031545629378054,0.013492309550841448,2.6,4.6232539010043645,0.9064164169695863,75,Certified_T12,2,12.0,3.041613862606731,51.93457759740858,8.607835351090023,15.690779209906951,2.834842818276218,0.00460501896522134,0.008032839452777158,0.013869991484158765,1.0254607051763929,0.8070674482521095,76.13716927100631,1.0320963596816861,1.014305541295004,0.12316527336545205,False,True
True,resolved_oscillation,1.0,9.059474857911946,7.841666666666667,0.0011360732918700293,0.9441816641156152,1.6339810701284525,0.015087991675429272,2.4583333333333335,4.0335720753853606,0.913303847576932,75,Certified_T13,3,13.0,3.9405251420880543,51.93457759740858,8.607835351090023,15.690779209906951,2.834842818276218,0.00460501896522134,0.008032839452777158,0.013869991484158765,1.0254607051763929,0.8070674482521095,76.13716927100631,1.0320963596816861,1.014305541295004,0.12316527336545205,False,True
True,resolved_oscillation,1.0,10.30588789456856,8.21875,0.0007169650506327478,0.9757319723309927,2.622222009002065,0.004493793231004942,3.033333333333333,7.52020510507164,0.9115330587594378,76,Certified_T10,0,10.0,0.3058878945685599,47.84886125725162,11.923583612724016,15.38213890062141,3.4142190939561283,0.00510379548434444,0.0035450547194317574,0.004433825586680937,0.9826266646298926,0.8455776702231327,80.14536951596128,1.017443102585075,0.8426740812910604,0.08210822226517772,True,True
True,resolved_oscillation,1.0,11.378088362469898,9.073809523809524,0.000981804614739948,0.9840939141621963,2.684901520023873,0.004371029646657319,3.275,8.292653841583785,0.9111555345761548,76,Certified_T11,1,11.0,0.37808836246989763,47.84886125725162,11.923583612724016,15.38213890062141,3.4142190939561283,0.00510379548434444,0.0035450547194317574,0.004433825586680937,0.9826266646298926,0.8455776702231327,80.14536951596128,1.017443102585075,0.8426740812910604,0.08210822226517772,True,True
True,resolved_oscillation,1.0,12.769373898263908,10.183333333333334,0.0,0.9902208715176707,2.722002405475752,0.004305855288728838,3.5833333333333335,9.171299835364042,0.9100337010917733,76,Certified_T12,2,12.0,0.7693738982639076,47.84886125725162,11.923583612724016,15.38213890062141,3.4142190939561283,0.00510379548434444,0.0035450547194317574,0.004433825586680937,0.9826266646298926,0.8455776702231327,80.14536951596128,1.017443102585075,0.8426740812910604,0.08210822226517772,False,True
True,resolved_oscillation,1.0,14.124334740169163,11.26388888888889,0.0006040665210316099,0.9931459665373523,2.718833642560787,0.004309730163312108,3.875,9.918691335832472,0.9081328857681761,76,Certified_T13,3,13.0,1.1243347401691626,47.84886125725162,11.923583612724016,15.38213890062141,3.4142190939561283,0.00510379548434444,0.0035450547194317574,0.004433825586680937,0.9826266646298926,0.8455776702231327,80.14536951596128,1.017443102585075,0.8426740812910604,0.08210822226517772,False,True
True,resolved_oscillation,1.0,8.942640936173511,7.518518518518518,0.0007389162561576356,0.9692571176426675,2.1564014244913645,0.03161733162155035,2.3583333333333334,5.223981911367593,0.837359507425444,77,Certified_T10,0,10.0,1.057359063826489,50.444954050021174,9.613682851963622,13.11133963123883,2.7538960721338155,0.003373054417968254,0.018466798280967343,0.0026272357329235976,0.9809166904280782,0.9687267188947837,63.35508352843249,1.023251993563429,1.1568540687852973,0.16665153776986075,False,True
True,resolved_oscillation,1.0,9.515322375435854,8.0,0.0,0.9776095733937596,2.120039077885308,0.03200091706683506,2.2666666666666666,4.980827114703171,0.8431684620372673,77,Certified_T11,1,11.0,1.4846776245641458,50.444954050021174,9.613682851963622,13.11133963123883,2.7538960721338155,0.003373054417968254,0.018466798280967343,0.0026272357329235976,0.9809166904280782,0.9687267188947837,63.35508352843249,1.023251993563429,1.1568540687852973,0.16665153776986075,False,True
True,resolved_oscillation,1.0,10.008080141306639,8.414285714285715,0.0007486562849645135,0.9832854970836271,1.9276118223954346,0.03511997597004125,1.9833333333333334,4.110054105905614,0.8575709923159857,77,Certified_T12,2,12.0,1.991919858693361,50.444954050021174,9.613682851963622,13.11133963123883,2.7538960721338155,0.003373054417968254,0.018466798280967343,0.0026272357329235976,0.9809166904280782,0.9687267188947837,63.35508352843249,1.023251993563429,1.1568540687852973,0.16665153776986075,False,True
True,resolved_oscillation,1.0,10.305433965539011,8.664285714285715,0.0007270544960331383,0.985176895721882,1.5618844741288893,0.04331281614150429,1.6,2.9251333303461005,0.8820185133258405,77,Certified_T13,3,13.0,2.6945660344609887,50.444954050021174,9.613682851963622,13.11133963123883,2.7538960721338155,0.003373054417968254,0.018466798280967343,0.0026272357329235976,0.9809166904280782,0.9687267188947837,63.35508352843249,1.023251993563429,1.1568540687852973,0.16665153776986075,False,True
True,resolved_oscillation,1.0,9.903625152940602,8.825,0.0010094853330025473,0.9806136178098369,2.6147816174468588,0.00765949343550963,3.25,8.102029313981157,0.7970050203270213,78,Certified_T10,0,10.0,0.0963748470593977,53.46527072894918,10.847800129669219,10.19232785288294,2.8622674695681307,0.005196563332492436,0.004827013232124031,0.005151155493888167,0.9130346930493596,0.9615136725469347,88.31596861334116,0.990547676643043,1.18374739280535,0.17070379246388875,True,True
True,resolved_oscillation,1.0,10.677157995723903,9.514285714285714,0.0006620999276938414,0.986005096055567,2.660475017418635,0.007484881394205124,3.3833333333333333,8.545032151837033,0.7974186207252577,78,Certified_T11,1,11.0,0.3228420042760973,53.46527072894918,10.847800129669219,10.19232785288294,2.8622674695681307,0.005196563332492436,0.004827013232124031,0.005151155493888167,0.9130346930493596,0.9615136725469347,88.31596861334116,0.990547676643043,1.18374739280535,0.17070379246388875,True,True
True,resolved_oscillation,1.0,11.403931512950354,10.161904761904761,0.0008002929370477663,0.9891256245087697,2.638752463287164,0.007528820197572802,3.4,8.53850719350587,0.7993088034022514,78,Certified_T12,2,12.0,0.5960684870496458,53.46527072894918,10.847800129669219,10.19232785288294,2.8622674695681307,0.005196563332492436,0.004827013232124031,0.005151155493888167,0.9130346930493596,0.9615136725469347,88.31596861334116,0.990547676643043,1.18374739280535,0.17070379246388875,False,True
True,resolved_oscillation,1.0,11.792701905437298,10.508333333333333,0.0008687114314118416,0.9888971558257057,2.5335944098020273,0.007838832897121312,3.283333333333333,7.951727436860781,0.803006066530066,78,Certified_T13,3,13.0,1.2072980945627023,53.46527072894918,10.847800129669219,10.19232785288294,2.8622674695681307,0.005196563332492436,0.004827013232124031,0.005151155493888167,0.9130346930493596,0.9615136725469347,88.31596861334116,0.990547676643043,1.18374739280535,0.17070379246388875,False,True
True,resolved_oscillation,1.0,10.814951903398331,8.46904761904762,0.000743815381238288,0.9855792206474747,2.4839142558651526,0.01335429406299038,2.7,6.496919634306365,0.902110101893592,79,Certified_T10,0,10.0,0.814951903398331,46.98521654850687,11.58086291894408,11.225660625330809,3.105609389067754,0.005300682864037567,0.009870045763584627,0.0010140582724702022,1.03242549811373,1.0177134029118615,83.97767468486258,0.9995578213569191,0.8981021312612928,0.09460675423152702,False,True
True,resolved_oscillation,1.0,11.590271761527815,9.076190476190476,0.0009815470584401736,0.9898598894305232,2.4818837857288814,0.01335783916037595,2.7,6.5017233234132386,0.9040658609223773,79,Certified_T11,1,11.0,0.5902717615278146,46.98521654850687,11.58086291894408,11.225660625330809,3.105609389067754,0.005300682864037567,0.009870045763584627,0.0010140582724702022,1.03242549811373,1.0177134029118615,83.97767468486258,0.9995578213569191,0.8981021312612928,0.09460675423152702,False,True
True,resolved_oscillation,1.0,12.36255114962542,9.680952380952382,0.0006507012570252312,0.9931236564137362,2.380155070151165,0.013925766280625166,2.5166666666666666,5.848190475432726,0.9081061757171115,79,Certified_T12,2,12.0,0.36255114962541946,46.98521654850687,11.58086291894408,11.225660625330809,3.105609389067754,0.005300682864037567,0.009870045763584627,0.0010140582724702022,1.03242549811373,1.0177134029118615,83.97767468486258,0.9995578213569191,0.8981021312612928,0.09460675423152702,True,True
True,resolved_oscillation,1.0,12.937199985650802,10.130952380952381,0.0006217981929646511,0.99487760606769,2.1534280838477575,0.015390758299308832,2.1666666666666665,4.64487977840145,0.9150041865479139,79,Certified_T13,3,13.0,0.06280001434919846,46.98521654850687,11.58086291894408,11.225660625330809,3.105609389067754,0.005300682864037567,0.009870045763584627,0.0010140582724702022,1.03242549811373,1.0177134029118615,83.97767468486258,0.9995578213569191,0.8981021312612928,0.09460675423152702,True,True
True,resolved_oscillation,1.0,7.533632703582483,6.295454545454546,0.0012366048210507945,0.890726495710317,1.3144117776256852,0.03939973043271302,2.25,3.1222728048065838,0.9746437760331284,80,Certified_T10,0,10.0,2.466367296417517,50.138795928775686,8.467674651797987,14.440596493974148,2.8157460608914566,0.0021145369897937424,0.01896330032374967,0.01991127830699148,0.9246740577743937,1.1657112563895538,97.15356299989423,0.9067647160540774,0.9813347430112537,0.04866004331184648,False,True
True,resolved_oscillation,1.0,7.442975270326375,6.21969696969697,0.0010839754183331054,0.8699482638674637,1.1368160858704082,0.04650743960572788,2.1333333333333333,2.625266264454208,0.9784903268183123,80,Certified_T11,1,11.0,3.557024729673625,50.138795928775686,8.467674651797987,14.440596493974148,2.8157460608914566,0.0021145369897937424,0.01896330032374967,0.01991127830699148,0.9246740577743937,1.1657112563895538,97.15356299989423,0.9067647160540774,0.9813347430112537,0.04866004331184648,False,True
True,resolved_oscillation,1.0,6.524964153877613,5.452564102564102,0.004109700985880211,0.6453084516251397,0.5617780392958615,0.14544926261110927,2.0166666666666666,1.4151701155769973,0.9893831008582997,80,Certified_T12,2,12.0,5.475035846122387,50.138795928775686,8.467674651797987,14.440596493974148,2.8157460608914566,0.0021145369897937424,0.01896330032374967,0.01991127830699148,0.9246740577743937,1.1657112563895538,97.15356299989423,0.9067647160540774,0.9813347430112537,0.04866004331184648,False,True
True,steady_state,0.0,,,,,0.3272193698478767,0.9995930128373961,,,0.9936779485356936,80,Certified_T13,3,13.0,,50.138795928775686,8.467674651797987,14.440596493974148,2.8157460608914566,0.0021145369897937424,0.01896330032374967,0.01991127830699148,0.9246740577743937,1.1657112563895538,97.15356299989423,0.9067647160540774,0.9813347430112537,0.04866004331184648,False,False
True,resolved_oscillation,1.0,9.124512622633844,8.360416666666667,0.001031745167220066,0.9623137623886965,2.276144191256699,0.0021304598391033705,3.2083333333333335,6.956722006499235,0.835321234817119,81,Certified_T10,0,10.0,0.8754873773661558,54.97553905023839,11.152613868189107,14.230872164288314,2.882504642813597,0.003625788614679524,0.001109602816522571,0.01219000248290206,0.9076466507165175,0.8612185412484747,60.33964595409833,0.943321193397931,1.0211523766260415,0.16095569303085175,False,True
True,resolved_oscillation,1.0,9.70041810410228,8.88809523809524,0.0009149880137476202,0.9690813292775099,2.3064554900535934,0.0019291473615716034,3.316666666666667,7.262684638575638,0.8363283828448947,81,Certified_T11,1,11.0,1.2995818958977203,54.97553905023839,11.152613868189107,14.230872164288314,2.882504642813597,0.003625788614679524,0.001109602816522571,0.01219000248290206,0.9076466507165175,0.8612185412484747,60.33964595409833,0.943321193397931,1.0211523766260415,0.16095569303085175,False,True
True,resolved_oscillation,1.0,9.968069608180109,9.133333333333333,0.0,0.9676799313309138,2.2372975312302246,0.0019787199636444965,3.25,6.925841501090523,0.8414225715213419,81,Certified_T12,2,12.0,2.031930391819891,54.97553905023839,11.152613868189107,14.230872164288314,2.882504642813597,0.003625788614679524,0.001109602816522571,0.01219000248290206,0.9076466507165175,0.8612185412484747,60.33964595409833,0.943321193397931,1.0211523766260415,0.16095569303085175,False,True
True,resolved_oscillation,1.0,9.624735093847262,8.81875,0.0006681850046648217,0.9484542654767328,2.002343860480096,0.0026210494658223784,2.9583333333333335,5.715673550296888,0.8549083641208466,81,Certified_T13,3,13.0,3.375264906152738,54.97553905023839,11.152613868189107,14.230872164288314,2.882504642813597,0.003625788614679524,0.001109602816522571,0.01219000248290206,0.9076466507165175,0.8612185412484747,60.33964595409833,0.943321193397931,1.0211523766260415,0.16095569303085175,False,True
True,resolved_oscillation,1.0,10.565117098797566,8.358333333333333,0.0010658474253735768,0.9793023448757421,2.14576075076051,0.001464607483550653,2.966666666666667,6.026032440622838,0.9688074175900362,82,Certified_T10,0,10.0,0.5651170987975664,47.46752878461485,9.102731912639312,13.175858339851992,2.9639749272926426,0.009516724830822021,0.0011330028132023923,0.0024901302183840367,1.020782120803008,1.0736830666321744,67.26515614535752,0.9725614976529269,0.926580422081785,0.0371132396061084,False,True
True,resolved_oscillation,1.0,11.598906508692727,9.176190476190476,0.0009708503857742453,0.9859227677575294,2.181084921485927,0.0014002606925207902,3.191666666666667,6.568267625221957,0.9689019560018721,82,Certified_T11,1,11.0,0.5989065086927265,47.46752878461485,9.102731912639312,13.175858339851992,2.9639749272926426,0.009516724830822021,0.0011330028132023923,0.0024901302183840367,1.020782120803008,1.0736830666321744,67.26515614535752,0.9725614976529269,0.926580422081785,0.0371132396061084,False,True
True,resolved_oscillation,1.0,12.986321117023643,10.273809523809524,0.0008671280154748416,0.9909873379792412,2.1827464339661584,0.0013829548475580097,3.4916666666666667,7.174306204856589,0.9689148392338105,82,Certified_T12,2,12.0,0.9863211170236426,47.46752878461485,9.102731912639312,13.175858339851992,2.9639749272926426,0.009516724830822021,0.0011330028132023923,0.0024901302183840367,1.020782120803008,1.0736830666321744,67.26515614535752,0.9725614976529269,0.926580422081785,0.0371132396061084,False,True
True,resolved_oscillation,1.0,14.51167463254581,11.480555555555556,0.0005926662818251096,0.9936758019974523,2.1400050395143566,0.0014063874513548294,3.8583333333333334,7.760871333527769,0.9688433528625726,82,Certified_T13,3,13.0,1.5116746325458106,47.46752878461485,9.102731912639312,13.175858339851992,2.9639749272926426,0.009516724830822021,0.0011330028132023923,0.0024901302183840367,1.020782120803008,1.0736830666321744,67.26515614535752,0.9725614976529269,0.926580422081785,0.0371132396061084,False,True
True,resolved_oscillation,1.0,10.453235364415203,9.08125,0.000648870641143884,0.9805759212335896,1.7462638929488565,0.0031366197651295806,3.1666666666666665,5.251038566656856,0.9821157069113892,83,Certified_T10,0,10.0,0.4532353644152032,52.12501020065595,8.272513452144295,12.382230537315275,2.97226961764304,0.0011192427578667241,0.002581067793272747,0.0032717408392465147,1.0200597168996544,1.0456344547310605,70.04723418924172,0.9530787334562056,0.8172775996915121,0.026436846485277145,True,True
True,resolved_oscillation,1.0,11.464197825018529,9.959523809523809,0.0008944913666684059,0.9872388207886226,1.7973628996597761,0.003012073752458552,3.4,5.778171181279534,0.9819453887609453,83,Certified_T11,1,11.0,0.4641978250185286,52.12501020065595,8.272513452144295,12.382230537315275,2.97226961764304,0.0011192427578667241,0.002581067793272747,0.0032717408392465147,1.0200597168996544,1.0456344547310605,70.04723418924172,0.9530787334562056,0.8172775996915121,0.026436846485277145,True,True
True,resolved_oscillation,1.0,12.77697591686263,11.1,0.0,0.9923049281441092,1.8418874048245468,0.002925480597064939,3.683333333333333,6.40621851518563,0.9815198803522748,83,Certified_T12,2,12.0,0.7769759168626305,52.12501020065595,8.272513452144295,12.382230537315275,2.97226961764304,0.0011192427578667241,0.002581067793272747,0.0032717408392465147,1.0200597168996544,1.0456344547310605,70.04723418924172,0.9530787334562056,0.8172775996915121,0.026436846485277145,False,True
True,resolved_oscillation,1.0,14.1275751729394,12.273333333333333,0.0007437840270303723,0.9949589729847941,1.8727920062537275,0.0028737661752012054,4.0,7.059855892891942,0.9807904435626265,83,Certified_T13,3,13.0,1.1275751729394,52.12501020065595,8.272513452144295,12.382230537315275,2.97226961764304,0.0011192427578667241,0.002581067793272747,0.0032717408392465147,1.0200597168996544,1.0456344547310605,70.04723418924172,0.9530787334562056,0.8172775996915121,0.026436846485277145,False,True
True,resolved_oscillation,1.0,10.359940905063299,8.523809523809524,0.0010451556946295926,0.9798815586740476,2.445279280702966,0.01698878480072685,2.95,7.002027573435995,0.7764567876430485,84,Certified_T10,0,10.0,0.3599409050632989,49.365973813481574,9.856246338770752,14.748553363306597,3.1976101716471335,0.001061997722778,0.011251201548836897,0.0027917702088002135,0.9729924294941618,1.1050899346205336,65.29261097478661,1.0398471806825538,1.1160649185822118,0.1951004677912981,True,True
True,resolved_oscillation,1.0,11.161534097996968,9.183333333333334,0.0,0.9860070168360431,2.469846885563009,0.01679990958192007,2.966666666666667,7.15016069155469,0.7785409082433467,84,Certified_T11,1,11.0,0.16153409799696838,49.365973813481574,9.856246338770752,14.748553363306597,3.1976101716471335,0.001061997722778,0.011251201548836897,0.0027917702088002135,0.9729924294941618,1.1050899346205336,65.29261097478661,1.0398471806825538,1.1160649185822118,0.1951004677912981,True,True
True,resolved_oscillation,1.0,12.000747188071928,9.873809523809523,0.0009022564231429808,0.9906088771533229,2.4317226220757133,0.017055415932900914,2.841666666666667,6.7763834297740955,0.7822155583305999,84,Certified_T12,2,12.0,0.0007471880719283064,49.365973813481574,9.856246338770752,14.748553363306597,3.1976101716471335,0.001061997722778,0.011251201548836897,0.0027917702088002135,0.9729924294941618,1.1050899346205336,65.29261097478661,1.0398471806825538,1.1160649185822118,0.1951004677912981,True,True
True,resolved_oscillation,1.0,12.660542307165345,10.416666666666666,0.0,0.9929382733185602,2.3086050864587104,0.017961566236835837,2.55,5.863424285189093,0.7886274662661996,84,Certified_T13,3,13.0,0.3394576928346549,49.365973813481574,9.856246338770752,14.748553363306597,3.1976101716471335,0.001061997722778,0.011251201548836897,0.0027917702088002135,0.9729924294941618,1.1050899346205336,65.29261097478661,1.0398471806825538,1.1160649185822118,0.1951004677912981,True,True
True,resolved_oscillation,1.0,8.831527669971099,6.855,0.0011744368867971017,0.9377097399148373,1.771714718365809,0.004235011471326609,2.6666666666666665,4.5438357636031785,0.9851641168549374,85,Certified_T10,0,10.0,1.1684723300289015,46.57178410916375,8.124849521892292,10.3897194056614,3.3313900074237295,0.009385914341658082,0.002826374678948301,0.018450158606318712,0.9305010531979719,0.9055318765724891,73.84692820412376,1.053543404331076,0.8724856854700134,0.021720321986368057,False,True
True,resolved_oscillation,1.0,8.983980493838823,6.973333333333333,0.0012342203142789731,0.9332637426801473,1.6918189407319193,0.004458030897722905,2.6416666666666666,4.317224568958923,0.986104827009685,85,Certified_T11,1,11.0,2.016019506161177,46.57178410916375,8.124849521892292,10.3897194056614,3.3313900074237295,0.009385914341658082,0.002826374678948301,0.018450158606318712,0.9305010531979719,0.9055318765724891,73.84692820412376,1.053543404331076,0.8724856854700134,0.021720321986368057,False,True
True,resolved_oscillation,1.0,7.868595813198395,6.107575757575757,0.0014250961663453308,0.8297928002888265,1.1384442931722345,0.01123795503247385,2.25,2.5798517524934663,0.9906607674055864,85,Certified_T12,2,12.0,4.131404186801605,46.57178410916375,8.124849521892292,10.3897194056614,3.3313900074237295,0.009385914341658082,0.002826374678948301,0.018450158606318712,0.9305010531979719,0.9055318765724891,73.84692820412376,1.053543404331076,0.8724856854700134,0.021720321986368057,False,True
True,steady_state,0.0,,,,,0.37819196128542754,0.9999957873822577,,,0.9968282584615238,85,Certified_T13,3,13.0,,46.57178410916375,8.124849521892292,10.3897194056614,3.3313900074237295,0.009385914341658082,0.002826374678948301,0.018450158606318712,0.9305010531979719,0.9055318765724891,73.84692820412376,1.053543404331076,0.8724856854700134,0.021720321986368057,False,False
True,resolved_oscillation,1.0,9.521545189557182,7.692592592592592,0.0011418913072346096,0.9730656210327806,2.556207211544351,0.007256937710396933,2.716666666666667,6.649070905075634,0.9231875525549581,86,Certified_T10,0,10.0,0.4784548104428179,48.47485847798839,9.423835966362072,11.91740916665366,2.976932828575271,0.0025202424777873954,0.005349189901729589,0.0016236697845638552,1.0045069141550749,0.8111247150384878,67.1529032888817,1.0522825596533618,1.0638036707951464,0.07379489732724509,True,True
True,resolved_oscillation,1.0,10.53859998558045,8.514285714285714,0.0007398633420202993,0.9829472413764357,2.644573744123662,0.006934103959617623,2.8833333333333333,7.302847441103105,0.9220561787638571,86,Certified_T11,1,11.0,0.46140001441954936,48.47485847798839,9.423835966362072,11.91740916665366,2.976932828575271,0.0025202424777873954,0.005349189901729589,0.0016236697845638552,1.0045069141550749,0.8111247150384878,67.1529032888817,1.0522825596533618,1.0638036707951464,0.07379489732724509,True,True
True,resolved_oscillation,1.0,11.873607198518913,9.592857142857143,0.0009286814064963866,0.9902118507030168,2.711845870278658,0.006734450473123855,3.1,7.999066224509135,0.920167386668406,86,Certified_T12,2,12.0,0.1263928014810869,48.47485847798839,9.423835966362072,11.91740916665366,2.976932828575271,0.0025202424777873954,0.005349189901729589,0.0016236697845638552,1.0045069141550749,0.8111247150384878,67.1529032888817,1.0522825596533618,1.0638036707951464,0.07379489732724509,True,True
True,resolved_oscillation,1.0,13.226787798829974,10.68611111111111,0.0006367272531279382,0.9939997871387422,2.740291726318286,0.006658391826827301,3.275,8.545295441146655,0.9175295750374495,86,Certified_T13,3,13.0,0.22678779882997446,48.47485847798839,9.423835966362072,11.91740916665366,2.976932828575271,0.0025202424777873954,0.005349189901729589,0.0016236697845638552,1.0045069141550749,0.8111247150384878,67.1529032888817,1.0522825596533618,1.0638036707951464,0.07379489732724509,True,True
True,resolved_oscillation,1.0,11.287052454285329,9.614285714285716,0.0006552133014028208,0.9859749219223115,2.5840720306254106,0.0038449678251905304,3.4,8.321237431023452,0.9277103721440312,87,Certified_T10,0,10.0,1.2870524542853286,51.10786409414877,10.373247374435572,13.506646741191062,3.1676835707647886,0.0034289138995784994,0.0031352969985333494,0.0017631886095359007,1.024567034127652,1.124609391281689,94.70488034322868,0.9009589997746397,1.0453848340254932,0.06905261446266578,False,True
True,resolved_oscillation,1.0,12.333392218703557,10.505555555555556,0.000819245551815424,0.990666331674411,2.632820243830395,0.0037656937511357283,3.65,9.043702038242122,0.9277591168656709,87,Certified_T11,1,11.0,1.3333922187035565,51.10786409414877,10.373247374435572,13.506646741191062,3.1676835707647886,0.0034289138995784994,0.0031352969985333494,0.0017631886095359007,1.024567034127652,1.124609391281689,94.70488034322868,0.9009589997746397,1.0453848340254932,0.06905261446266578,False,True
True,resolved_oscillation,1.0,13.692609002615676,11.663333333333332,0.0006390591533294626,0.9942977831262754,2.660218857876783,0.00372394451057182,3.9166666666666665,9.810605147029204,0.9270931158854904,87,Certified_T12,2,12.0,1.6926090026156757,51.10786409414877,10.373247374435572,13.506646741191062,3.1676835707647886,0.0034289138995784994,0.0031352969985333494,0.0017631886095359007,1.024567034127652,1.124609391281689,94.70488034322868,0.9009589997746397,1.0453848340254932,0.06905261446266578,False,True
True,resolved_oscillation,1.0,15.105307445011864,12.866666666666667,0.0,0.9962574433470479,2.657596387209746,0.0037269256449153076,4.183333333333334,10.466691332343439,0.9255394424209777,87,Certified_T13,3,13.0,2.1053074450118636,51.10786409414877,10.373247374435572,13.506646741191062,3.1676835707647886,0.0034289138995784994,0.0031352969985333494,0.0017631886095359007,1.024567034127652,1.124609391281689,94.70488034322868,0.9009589997746397,1.0453848340254932,0.06905261446266578,False,True
True,resolved_oscillation,1.0,10.222512481521608,8.05,0.0,0.9764064388485963,2.3567568033005912,0.005133589270526668,2.85,6.410842149154871,0.9228943256384279,88,Certified_T10,0,10.0,0.2225124815216084,47.24865837758371,9.4757042821144,15.528574512293911,3.137410130297988,0.0011661645439464356,0.004052719456650753,0.0029820506009667755,1.0573089336162744,0.9722513135998535,62.660066233105056,1.0438045703275702,0.9221501896831448,0.07982274875529542,True,True
True,resolved_oscillation,1.0,11.235390825594292,8.847619047619048,0.0007119890503403095,0.9846132050709625,2.419676762820619,0.004958727006905937,3.05,7.000632079731825,0.9223539462073961,88,Certified_T11,1,11.0,0.23539082559429225,47.24865837758371,9.4757042821144,15.528574512293911,3.137410130297988,0.0011661645439464356,0.004052719456650753,0.0029820506009667755,1.0573089336162744,0.9722513135998535,62.660066233105056,1.0438045703275702,0.9221501896831448,0.07982274875529542,True,True
True,resolved_oscillation,1.0,12.574809053726225,9.902380952380952,0.0006361508321867253,0.9909477438736528,2.472285307622717,0.004838289137409922,3.283333333333333,7.6955793279042615,0.9207589986996153,88,Certified_T12,2,12.0,0.5748090537262254,47.24865837758371,9.4757042821144,15.528574512293911,3.137410130297988,0.0011661645439464356,0.004052719456650753,0.0029820506009667755,1.0573089336162744,0.9722513135998535,62.660066233105056,1.0438045703275702,0.9221501896831448,0.07982274875529542,False,True
True,resolved_oscillation,1.0,13.989815217982988,11.016666666666667,0.0,0.9943712274047821,2.5048109684253035,0.004772067055161828,3.5416666666666665,8.400851526073787,0.9179247125548757,88,Certified_T13,3,13.0,0.9898152179829882,47.24865837758371,9.4757042821144,15.528574512293911,3.137410130297988,0.0011661645439464356,0.004052719456650753,0.0029820506009667755,1.0573089336162744,0.9722513135998535,62.660066233105056,1.0438045703275702,0.9221501896831448,0.07982274875529542,False,True
True,resolved_oscillation,1.0,11.056053428285669,9.807142857142857,0.0009083897515838654,0.9812185107650371,2.810119788810289,0.007640837188254591,3.575,9.552809309349875,0.865511931034163,89,Certified_T10,0,10.0,1.0560534282856686,53.22229810532058,10.448396539000953,11.475347823465581,3.4356576184833467,0.001716549546630829,0.005748583983741265,0.009988798493002833,0.9768567521340749,1.0894489177000188,73.24955827948753,1.002633279017562,1.1020880521244945,0.11260542410555992,False,True
True,resolved_oscillation,1.0,11.292259473852344,10.016666666666667,0.0,0.9812617001031149,2.77141527386255,0.0077462890032425685,3.5166666666666666,9.27416836230971,0.8699078788194146,89,Certified_T11,1,11.0,0.29225947385234363,53.22229810532058,10.448396539000953,11.475347823465581,3.4356576184833467,0.001716549546630829,0.005748583983741265,0.009988798493002833,0.9768567521340749,1.0894489177000188,73.24955827948753,1.002633279017562,1.1020880521244945,0.11260542410555992,True,True
True,resolved_oscillation,1.0,10.519221506543223,9.33095238095238,0.0006751087805727457,0.9672358714724999,2.462471772427755,0.008742857322828335,2.9833333333333334,7.0936222178717765,0.8845457347372224,89,Certified_T12,2,12.0,1.4807784934567767,53.22229810532058,10.448396539000953,11.475347823465581,3.4356576184833467,0.001716549546630829,0.005748583983741265,0.009988798493002833,0.9768567521340749,1.0894489177000188,73.24955827948753,1.002633279017562,1.1020880521244945,0.11260542410555992,False,True
True,resolved_oscillation,1.0,8.652388498683868,7.675,0.0011607437216609095,0.8622900674841659,1.4755485859602535,0.01655570701932942,2.2666666666666666,3.4355275267503353,0.9292741257539914,89,Certified_T13,3,13.0,4.347611501316132,53.22229810532058,10.448396539000953,11.475347823465581,3.4356576184833467,0.001716549546630829,0.005748583983741265,0.009988798493002833,0.9768567521340749,1.0894489177000188,73.24955827948753,1.002633279017562,1.1020880521244945,0.11260542410555992,False,True
True,resolved_oscillation,1.0,8.753913330293713,6.683333333333334,0.0,0.9576523051280014,1.773993517818799,0.018944558526486608,2.4,4.17099726601431,0.8768146987951566,90,Certified_T10,0,10.0,1.246086669706287,45.80808432410486,8.546425300851558,14.546130370683322,3.2441410466857894,0.006630443284902301,0.012814221726826388,0.0021148427141837894,1.0758582215102042,0.8395989662243936,97.72343556325959,1.0760490558393014,0.8757147570949273,0.1554878261446407,False,True
True,resolved_oscillation,1.0,9.697463423251389,7.4037037037037035,0.0009926530681833132,0.9735733683592867,1.8259037901044755,0.018279788666701692,2.5,4.4498558372723815,0.8756415742842094,90,Certified_T11,1,11.0,1.3025365767486115,45.80808432410486,8.546425300851558,14.546130370683322,3.2441410466857894,0.006630443284902301,0.012814221726826388,0.0021148427141837894,1.0758582215102042,0.8395989662243936,97.72343556325959,1.0760490558393014,0.8757147570949273,0.1554878261446407,False,True
True,resolved_oscillation,1.0,10.86052838359382,8.291666666666666,0.001074417052914269,0.9845061983371198,1.8352045545418407,0.018152762418042364,2.525,4.546952308240718,0.8751550051030847,90,Certified_T12,2,12.0,1.1394716164061798,45.80808432410486,8.546425300851558,14.546130370683322,3.2441410466857894,0.006630443284902301,0.012814221726826388,0.0021148427141837894,1.0758582215102042,0.8395989662243936,97.72343556325959,1.0760490558393014,0.8757147570949273,0.1554878261446407,False,True
True,resolved_oscillation,1.0,11.90370045661956,9.088095238095239,0.0008948520448833812,0.9898928327565167,1.7822064193759333,0.018685448624674687,2.433333333333333,4.302545047093096,0.8760545038032779,90,Certified_T13,3,13.0,1.0962995433804394,45.80808432410486,8.546425300851558,14.546130370683322,3.2441410466857894,0.006630443284902301,0.012814221726826388,0.0021148427141837894,1.0758582215102042,0.8395989662243936,97.72343556325959,1.0760490558393014,0.8757147570949273,0.1554878261446407,False,True
True,resolved_oscillation,1.0,9.872725838110842,8.21875,0.0007169650506327478,0.9765848613684917,2.1748219054761426,0.004226331733185189,2.8666666666666667,5.95666040793299,0.9917095074732762,91,Certified_T10,0,10.0,0.12727416188915797,49.948211677916916,10.237960501154488,12.016799308326874,2.7289904602594626,0.015471052880536693,0.0030425497010578427,0.004737113202326441,1.0148462910482339,1.0382479121559758,96.48030802016831,0.9260178653231106,0.9518372646327917,0.010006280866548582,True,True
True,resolved_oscillation,1.0,10.731114928724788,8.933333333333334,0.0,0.9830554426868026,2.195091857727539,0.004106119383025479,3.033333333333333,6.337306489528572,0.9917927096727439,91,Certified_T11,1,11.0,0.26888507127521244,49.948211677916916,10.237960501154488,12.016799308326874,2.7289904602594626,0.015471052880536693,0.0030425497010578427,0.004737113202326441,1.0148462910482339,1.0382479121559758,96.48030802016831,0.9260178653231106,0.9518372646327917,0.010006280866548582,True,True
True,resolved_oscillation,1.0,11.686390084959882,9.728571428571428,0.0008359398569064774,0.9871596740324272,2.1382607490584316,0.004179020590997893,3.1666666666666665,6.46078201870866,0.9920145923085464,91,Certified_T12,2,12.0,0.3136099150401179,49.948211677916916,10.237960501154488,12.016799308326874,2.7289904602594626,0.015471052880536693,0.0030425497010578427,0.004737113202326441,1.0148462910482339,1.0382479121559758,96.48030802016831,0.9260178653231106,0.9518372646327917,0.010006280866548582,True,True
True,resolved_oscillation,1.0,12.482929399365494,10.391666666666667,0.0008784644065840674,0.9879741693369022,2.000069380545323,0.004458145920889563,3.2666666666666666,6.242254020179881,0.9923639708028782,91,Certified_T13,3,13.0,0.517070600634506,49.948211677916916,10.237960501154488,12.016799308326874,2.7289904602594626,0.015471052880536693,0.0030425497010578427,0.004737113202326441,1.0148462910482339,1.0382479121559758,96.48030802016831,0.9260178653231106,0.9518372646327917,0.010006280866548582,False,True
True,resolved_oscillation,1.0,9.77252482453073,7.514814814814815,0.0007392804337111878,0.9787198043738359,2.0575949069084483,0.025106990523217017,2.35,4.841148705048265,0.8415611098433472,92,Certified_T10,0,10.0,0.22747517546926943,46.13842348674108,11.100516831321823,13.466025645614415,2.8863626498992976,0.006937204203359334,0.01554262268603676,0.0033909306922373433,1.035405973016149,1.158980262044788,94.44500050212406,0.9043799413351169,1.025162355046636,0.16955039775236816,True,True
True,resolved_oscillation,1.0,10.303234572733283,7.922916666666667,0.00108871768499977,0.9839294808216408,2.0062993199719226,0.025710928099058464,2.25,4.5506107210392255,0.8484736696865786,92,Certified_T11,1,11.0,0.6967654272667172,46.13842348674108,11.100516831321823,13.466025645614415,2.8863626498992976,0.006937204203359334,0.01554262268603676,0.0033909306922373433,1.035405973016149,1.158980262044788,94.44500050212406,0.9043799413351169,1.025162355046636,0.16955039775236816,False,True
True,resolved_oscillation,1.0,10.666272551367587,8.202083333333333,0.0007184219265293853,0.9871535075331763,1.7980471138331955,0.028670252922630635,1.9333333333333333,3.6342149902718757,0.8643615622696136,92,Certified_T12,2,12.0,1.3337274486324127,46.13842348674108,11.100516831321823,13.466025645614415,2.8863626498992976,0.006937204203359334,0.01554262268603676,0.0033909306922373433,1.035405973016149,1.158980262044788,94.44500050212406,0.9043799413351169,1.025162355046636,0.16955039775236816,False,True
True,resolved_oscillation,1.0,10.850500779331263,8.34375,0.0010338060814117666,0.9873719832156619,1.433481968415109,0.03595256536335696,1.5583333333333333,2.5016900073750543,0.8894496720293543,92,Certified_T13,3,13.0,2.149499220668737,46.13842348674108,11.100516831321823,13.466025645614415,2.8863626498992976,0.006937204203359334,0.01554262268603676,0.0033909306922373433,1.035405973016149,1.158980262044788,94.44500050212406,0.9043799413351169,1.025162355046636,0.16955039775236816,False,True
True,resolved_oscillation,1.0,10.627427646949045,8.466666666666667,0.0,0.9816387023966212,2.465389491607519,0.009184891501664913,3.1666666666666665,7.433277658798043,0.769798098466005,93,Certified_T10,0,10.0,0.6274276469490445,47.8008429580641,10.720670074133459,10.58306011689428,3.1537230207879206,0.007424429177138812,0.005907822672027986,0.007360188645832229,0.9025053881203825,1.1382050456638777,74.68638381874436,0.9557531785543346,1.155790994485335,0.1984450545616362,False,True
True,resolved_oscillation,1.0,11.216179965972938,8.935714285714285,0.0007049697071848096,0.9850106243176824,2.4683464240942428,0.009161501843511883,3.216666666666667,7.5483363253640015,0.7739419682922463,93,Certified_T11,1,11.0,0.21617996597293754,47.8008429580641,10.720670074133459,10.58306011689428,3.1537230207879206,0.007424429177138812,0.005907822672027986,0.007360188645832229,0.9025053881203825,1.1382050456638777,74.68638381874436,0.9557531785543346,1.155790994485335,0.1984450545616362,True,True
True,resolved_oscillation,1.0,11.430237757090127,9.10625,0.000947241673771248,0.9845521312537269,2.3671726520229424,0.009550625610509789,3.0416666666666665,6.877087869748269,0.783462510496489,93,Certified_T12,2,12.0,0.5697622429098725,47.8008429580641,10.720670074133459,10.58306011689428,3.1537230207879206,0.007424429177138812,0.005907822672027986,0.007360188645832229,0.9025053881203825,1.1382050456638777,74.68638381874436,0.9557531785543346,1.155790994485335,0.1984450545616362,False,True
True,resolved_oscillation,1.0,11.087670576541326,8.833333333333334,0.0,0.975572278625774,2.1282297462034294,0.010642638869085178,2.7,5.547384788593354,0.8009749412266975,93,Certified_T13,3,13.0,1.912329423458674,47.8008429580641,10.720670074133459,10.58306011689428,3.1537230207879206,0.007424429177138812,0.005907822672027986,0.007360188645832229,0.9025053881203825,1.1382050456638777,74.68638381874436,0.9557531785543346,1.155790994485335,0.1984450545616362,False,True
True,resolved_oscillation,1.0,10.35340209050842,8.597619047619048,0.0007326921382067544,0.9772955385139136,3.185847686960561,0.001600877654768033,3.033333333333333,9.208986592381626,0.9908528172172774,94,Certified_T10,0,10.0,0.3534020905084194,49.824892180132736,10.012383176924182,10.102627552265771,2.8120515907601282,0.0018284713752716136,0.001174359807748523,0.009487353438759973,1.0653090505302585,1.1082538863020703,66.03022499358919,1.041821583394297,1.1897382421924156,0.007555309808455033,True,True
True,resolved_oscillation,1.0,10.620050219674102,8.819047619047618,0.000714295710330613,0.9773853562152767,3.136345196250077,0.0016156089313150346,3.033333333333333,9.067036522726804,0.9911676418854031,94,Certified_T11,1,11.0,0.379949780325898,49.824892180132736,10.012383176924182,10.102627552265771,2.8120515907601282,0.0018284713752716136,0.001174359807748523,0.009487353438759973,1.0653090505302585,1.1082538863020703,66.03022499358919,1.041821583394297,1.1897382421924156,0.007555309808455033,True,True
True,resolved_oscillation,1.0,10.22724598638702,8.492857142857142,0.0010489647846296443,0.965964864761781,2.80722942596332,0.0019339187585859863,2.7583333333333333,7.452933490620421,0.9921037652209812,94,Certified_T12,2,12.0,1.77275401361298,49.824892180132736,10.012383176924182,10.102627552265771,2.8120515907601282,0.0018284713752716136,0.001174359807748523,0.009487353438759973,1.0653090505302585,1.1082538863020703,66.03022499358919,1.041821583394297,1.1897382421924156,0.007555309808455033,False,True
True,resolved_oscillation,1.0,9.290035156053335,7.714583333333334,0.000763820449566889,0.91449266079988,2.058682782488998,0.004353037079124384,2.3666666666666667,4.853666049400602,0.9940800550694735,94,Certified_T13,3,13.0,3.709964843946665,49.824892180132736,10.012383176924182,10.102627552265771,2.8120515907601282,0.0018284713752716136,0.001174359807748523,0.009487353438759973,1.0653090505302585,1.1082538863020703,66.03022499358919,1.041821583394297,1.1897382421924156,0.007555309808455033,False,True
True,resolved_oscillation,1.0,10.501312119450064,9.504761904761905,0.0008556238114528723,0.9820225394516935,2.4496012575897796,0.0020977755388589554,3.216666666666667,7.526298818717856,0.9563116169408253,95,Certified_T10,0,10.0,0.5013121194500645,54.30613887091847,10.592428634970512,13.016862004555517,2.628142226647575,0.011373584000158199,0.0014756392035634046,0.0013613529452268219,0.9276634567224673,1.1126542609207317,63.585878220167665,0.9821528652938125,0.9738917728396059,0.04515313588556491,False,True
True,resolved_oscillation,1.0,11.46893051656205,10.380555555555556,0.000655469559214123,0.987442781798658,2.4751139767714356,0.002003462534592741,3.433333333333333,8.062909989109684,0.9567031558847855,95,Certified_T11,1,11.0,0.4689305165620503,54.30613887091847,10.592428634970512,13.016862004555517,2.628142226647575,0.011373584000158199,0.0014756392035634046,0.0013613529452268219,0.9276634567224673,1.1126542609207317,63.585878220167665,0.9821528652938125,0.9738917728396059,0.04515313588556491,True,True
True,resolved_oscillation,1.0,12.74871216638982,11.53888888888889,0.0007458802785185202,0.9916771107754183,2.4412530018692307,0.0019965941448237766,3.683333333333333,8.525308054517717,0.9573456663425892,95,Certified_T12,2,12.0,0.7487121663898204,54.30613887091847,10.592428634970512,13.016862004555517,2.628142226647575,0.011373584000158199,0.0014756392035634046,0.0013613529452268219,0.9276634567224673,1.1126542609207317,63.585878220167665,0.9821528652938125,0.9738917728396059,0.04515313588556491,False,True
True,resolved_oscillation,1.0,14.13836475881671,12.796666666666665,0.0005824610517061188,0.9940165623618789,2.3359489948807264,0.0020756188242472724,3.9833333333333334,8.807351423707148,0.9582746665023925,95,Certified_T13,3,13.0,1.13836475881671,54.30613887091847,10.592428634970512,13.016862004555517,2.628142226647575,0.011373584000158199,0.0014756392035634046,0.0013613529452268219,0.9276634567224673,1.1126542609207317,63.585878220167665,0.9821528652938125,0.9738917728396059,0.04515313588556491,False,True
True,resolved_oscillation,1.0,10.173816557331982,8.404166666666667,0.0009180169556495304,0.9771962422888986,2.2036098269593687,0.015194153790189648,2.7333333333333334,5.87653351815645,0.9450400940559356,96,Certified_T10,0,10.0,0.17381655733198187,49.563504232499774,8.778283346341256,15.257554193881251,3.160036589596076,0.0074890587371133025,0.01159456434519272,0.0014171025066036028,1.053116640771717,1.1552216596817129,95.80337940834374,1.0168839709795523,0.998800207948987,0.062027597104906546,True,True
True,resolved_oscillation,1.0,11.016170233620748,9.1,0.0,0.9843005074731891,2.212461027882178,0.01510963378566161,2.783333333333333,5.997094726635892,0.9458775591976593,96,Certified_T11,1,11.0,0.01617023362074832,49.563504232499774,8.778283346341256,15.257554193881251,3.160036589596076,0.0074890587371133025,0.01159456434519272,0.0014171025066036028,1.053116640771717,1.1552216596817129,95.80337940834374,1.0168839709795523,0.998800207948987,0.062027597104906546,True,True
True,resolved_oscillation,1.0,11.93274326718731,9.857142857142858,0.0009037819774816284,0.9896754658719947,2.141591491123228,0.015600926931999798,2.6666666666666665,5.622854564516164,0.9476727743434731,96,Certified_T12,2,12.0,0.06725673281268918,49.563504232499774,8.778283346341256,15.257554193881251,3.160036589596076,0.0074890587371133025,0.01159456434519272,0.0014171025066036028,1.053116640771717,1.1552216596817129,95.80337940834374,1.0168839709795523,0.998800207948987,0.062027597104906546,True,True
True,resolved_oscillation,1.0,12.697514896871779,10.488888888888889,0.0008205473191117409,0.9925727654204072,1.9722924282517298,0.016937727183706713,2.4,4.744078128615987,0.950733867167474,96,Certified_T13,3,13.0,0.3024851031282214,49.563504232499774,8.778283346341256,15.257554193881251,3.160036589596076,0.0074890587371133025,0.01159456434519272,0.0014171025066036028,1.053116640771717,1.1552216596817129,95.80337940834374,1.0168839709795523,0.998800207948987,0.062027597104906546,True,True
True,resolved_oscillation,1.0,9.41604202580224,7.11,0.001210496435757905,0.9644452264311587,2.8036043685465666,0.02105290338613083,2.341666666666667,6.550684810534179,0.9163393616432028,97,Certified_T10,0,10.0,0.5839579741977605,45.30566015221815,10.700877595771003,14.924274599823567,3.007640419242645,0.01006935354415998,0.01398780692954122,0.010765044106539666,1.0865700368079267,0.9944660158629088,61.769084070159614,1.0589698016216438,1.143978337519358,0.07331927971029926,False,True
True,resolved_oscillation,1.0,9.785385133862304,7.388888888888888,0.0011278195488721805,0.9687790673556813,2.7051473011026053,0.02174607434984038,2.283333333333333,6.183589560870309,0.920825408980522,97,Certified_T11,1,11.0,1.2146148661376959,45.30566015221815,10.700877595771003,14.924274599823567,3.007640419242645,0.01006935354415998,0.01398780692954122,0.010765044106539666,1.0865700368079267,0.9944660158629088,61.769084070159614,1.0589698016216438,1.143978337519358,0.07331927971029926,False,True
True,resolved_oscillation,1.0,9.719168241979027,7.338888888888889,0.0011355034065102195,0.9641511763555501,2.3442928043211144,0.025089678207800486,2.0166666666666666,4.883215011298831,0.9314675754001365,97,Certified_T12,2,12.0,2.280831758020973,45.30566015221815,10.700877595771003,14.924274599823567,3.007640419242645,0.01006935354415998,0.01398780692954122,0.010765044106539666,1.0865700368079267,0.9944660158629088,61.769084070159614,1.0589698016216438,1.143978337519358,0.07331927971029926,False,True
True,resolved_oscillation,1.0,9.310094998788994,7.03,0.0009996136115594688,0.9399263893441174,1.7662962143344692,0.03353041208946409,1.75,3.340513779217226,0.9472121626593841,97,Certified_T13,3,13.0,3.689905001211006,45.30566015221815,10.700877595771003,14.924274599823567,3.007640419242645,0.01006935354415998,0.01398780692954122,0.010765044106539666,1.0865700368079267,0.9944660158629088,61.769084070159614,1.0589698016216438,1.143978337519358,0.07331927971029926,False,True
True,resolved_oscillation,1.0,10.378007075482003,7.785185185185185,0.00071360608943863,0.9779837137123949,3.660690299653985,0.0026500464049205763,2.9833333333333334,10.285375355578822,0.84516846768883,98,Certified_T10,0,10.0,0.3780070754820031,45.00971214547146,11.801978235540957,13.79777998543349,3.112350158223658,0.0018551166988510707,0.0018957380557671163,0.0077256030695368755,0.9412917492152526,1.0109093760761199,68.78230058567134,1.0926243615001199,1.1989021777556734,0.1008366974428885,True,True
True,resolved_oscillation,1.0,11.247572487551114,8.4375,0.0009143902219975816,0.9842224180942747,3.740375330961932,0.002558716695169803,3.1666666666666665,11.149359458813786,0.8448320324008474,98,Certified_T11,1,11.0,0.24757248755111405,45.00971214547146,11.801978235540957,13.79777998543349,3.112350158223658,0.0018551166988510707,0.0018957380557671163,0.0077256030695368755,0.9412917492152526,1.0109093760761199,68.78230058567134,1.0926243615001199,1.1989021777556734,0.1008366974428885,True,True
True,resolved_oscillation,1.0,12.143410888852362,9.10952380952381,0.000977955406893346,0.98781066912481,3.773295680597063,0.002523489816285567,3.3333333333333335,11.847682335045967,0.8436502978346606,98,Certified_T12,2,12.0,0.14341088885236175,45.00971214547146,11.801978235540957,13.79777998543349,3.112350158223658,0.0018551166988510707,0.0018957380557671163,0.0077256030695368755,0.9412917492152526,1.0109093760761199,68.78230058567134,1.0926243615001199,1.1989021777556734,0.1008366974428885,True,True
True,resolved_oscillation,1.0,12.670281303789503,9.504761904761905,0.0008556238114528723,0.9869903407885916,3.732514635584381,0.002552663005285802,3.4,11.963260639656495,0.8418883654505114,98,Certified_T13,3,13.0,0.329718696210497,45.00971214547146,11.801978235540957,13.79777998543349,3.112350158223658,0.0018551166988510707,0.0018957380557671163,0.0077256030695368755,0.9412917492152526,1.0109093760761199,68.78230058567134,1.0926243615001199,1.1989021777556734,0.1008366974428885,True,True
True,resolved_oscillation,1.0,11.312652582963134,8.838095238095239,0.0009201644006788432,0.9860872523302323,1.7348561703980117,0.0019160391409510553,3.283333333333333,5.336100495518349,0.8471348762325966,99,Certified_T10,0,10.0,1.3126525829631337,46.87545298476903,9.132519157411386,11.187289998219892,3.038581190267581,0.008493774318887879,0.0013949656815703058,0.0012994164121507522,1.0635112317696853,1.145745883119482,75.00208355893427,0.9377058535242532,0.8514213289156405,0.18938415550176432,False,True
True,resolved_oscillation,1.0,12.373213762615926,9.666666666666666,0.0,0.9905399586974367,1.7584670850292672,0.0018770124032838028,3.5166666666666666,5.787177699858419,0.8480258772803403,99,Certified_T11,1,11.0,1.3732137626159258,46.87545298476903,9.132519157411386,11.187289998219892,3.038581190267581,0.008493774318887879,0.0013949656815703058,0.0012994164121507522,1.0635112317696853,1.145745883119482,75.00208355893427,0.9377058535242532,0.8514213289156405,0.18938415550176432,False,True
True,resolved_oscillation,1.0,13.802533283469835,10.783333333333333,0.0,0.9940097099703042,1.7578223989179529,0.0018725019585371944,3.816666666666667,6.281111177829687,0.8482601229959867,99,Certified_T12,2,12.0,1.8025332834698347,46.87545298476903,9.132519157411386,11.187289998219892,3.038581190267581,0.008493774318887879,0.0013949656815703058,0.0012994164121507522,1.0635112317696853,1.145745883119482,75.00208355893427,0.9377058535242532,0.8514213289156405,0.18938415550176432,False,True
True,resolved_oscillation,1.0,15.393984570868367,12.026666666666667,0.00075903902093288,0.9959234677695663,1.7264325741520974,0.0019052631611323509,4.183333333333334,6.752402866243622,0.847643690436595,99,Certified_T13,3,13.0,2.3939845708683674,46.87545298476903,9.132519157411386,11.187289998219892,3.038581190267581,0.008493774318887879,0.0013949656815703058,0.0012994164121507522,1.0635112317696853,1.145745883119482,75.00208355893427,0.9377058535242532,0.8514213289156405,0.18938415550176432,False,True
True,resolved_oscillation,1.0,8.192998030192644,7.187037037037038,0.0010225784505531784,0.9511516213346185,1.5520999210694375,0.003267744956830334,2.716666666666667,4.061457330038409,0.9122871175746164,100,Certified_T10,0,10.0,1.8070019698073558,52.6330191503882,8.170553872407643,14.981863082131271,2.672858816179117,0.0012643300211293178,0.0013182996152551556,0.0022480616549019157,0.9617643517760204,0.8713025647249447,90.75209830916083,0.9360462454913563,0.9315267809855221,0.1303136674586175,False,True
True,resolved_oscillation,1.0,9.174373953739618,8.047916666666667,0.0007321840861367305,0.9710483409269972,1.6424504155365112,0.002243527520466329,2.9,4.556040701383359,0.9089612181711689,100,Certified_T11,1,11.0,1.825626046260382,52.6330191503882,8.170553872407643,14.981863082131271,2.672858816179117,0.0012643300211293178,0.0013182996152551556,0.0022480616549019157,0.9617643517760204,0.8713025647249447,90.75209830916083,0.9360462454913563,0.9315267809855221,0.1303136674586175,False,True
True,resolved_oscillation,1.0,10.589043576255166,9.28888888888889,0.0009265510397625398,0.9848039623512407,1.735481544640042,0.001841593235342495,3.216666666666667,5.283636747947175,0.9039176752837927,100,Certified_T12,2,12.0,1.4109564237448335,52.6330191503882,8.170553872407643,14.981863082131271,2.672858816179117,0.0012643300211293178,0.0013182996152551556,0.0022480616549019157,0.9617643517760204,0.8713025647249447,90.75209830916083,0.9360462454913563,0.9315267809855221,0.1303136674586175,False,True
True,resolved_oscillation,1.0,12.188166484750639,10.691666666666666,0.0008538153663369697,0.9916994329568823,1.8119006972340568,0.0017008207969473731,3.625,6.201681760638551,0.8974480355497023,100,Certified_T13,3,13.0,0.8118335152493614,52.6330191503882,8.170553872407643,14.981863082131271,2.672858816179117,0.0012643300211293178,0.0013182996152551556,0.0022480616549019157,0.9617643517760204,0.8713025647249447,90.75209830916083,0.9360462454913563,0.9315267809855221,0.1303136674586175,False,True
True,resolved_oscillation,1.0,9.849524467140826,7.440740740740741,0.0011805416849807288,0.9766704636345924,2.389517548909561,0.017169877221622082,2.433333333333333,5.692723126464007,0.91158939427535,101,Certified_T10,0,10.0,0.1504755328591738,45.32649732825536,11.596501653570567,11.50217387360795,3.0417911971296996,0.008151174391932645,0.01207109089854113,0.003793106310557141,0.953337002965569,0.8965210260101689,65.90643924217147,0.9350164532822276,0.9678177103653478,0.0893377652534955,True,True
True,resolved_oscillation,1.0,10.581558873313034,7.99375,0.001079070460269514,0.9833558820169618,2.3852735515797945,0.017167828620855315,2.433333333333333,5.712387397642377,0.9134388936441031,101,Certified_T11,1,11.0,0.4184411266869663,45.32649732825536,11.596501653570567,11.50217387360795,3.0417911971296996,0.008151174391932645,0.01207109089854113,0.003793106310557141,0.953337002965569,0.8965210260101689,65.90643924217147,0.9350164532822276,0.9678177103653478,0.0893377652534955,True,True
True,resolved_oscillation,1.0,11.267455369773735,8.511904761904763,0.0009554266448447177,0.9879905306626571,2.2660344823627954,0.018057911898921822,2.3,5.159464831531982,0.9178626944017153,101,Certified_T12,2,12.0,0.7325446302262648,45.32649732825536,11.596501653570567,11.50217387360795,3.0417911971296996,0.008151174391932645,0.01207109089854113,0.003793106310557141,0.953337002965569,0.8965210260101689,65.90643924217147,0.9350164532822276,0.9678177103653478,0.0893377652534955,False,True
True,resolved_oscillation,1.0,11.686636226886996,8.828571428571427,0.000921157026785293,0.9896678300179952,2.0148048888498744,0.020305280191376587,2.0166666666666666,4.142468885600513,0.9253391339578304,101,Certified_T13,3,13.0,1.3133637731130037,45.32649732825536,11.596501653570567,11.50217387360795,3.0417911971296996,0.008151174391932645,0.01207109089854113,0.003793106310557141,0.953337002965569,0.8965210260101689,65.90643924217147,0.9350164532822276,0.9678177103653478,0.0893377652534955,False,True
True,resolved_oscillation,1.0,8.448750849202893,6.75,0.0,0.950110618308654,2.2747281821583156,0.0068070558769538075,2.6166666666666667,5.760183416794649,0.8485336557348329,102,Certified_T10,0,10.0,1.5512491507971067,47.93608040154364,11.994327789169018,12.325530012671717,2.9043924537326173,0.00125584495030625,0.0037626315587899876,0.013694540498881852,0.9050622378094587,0.8242643601220134,81.13712152071186,0.998015689387546,0.953273698358941,0.15005811401477004,False,True
True,resolved_oscillation,1.0,8.822164775624453,7.048333333333333,0.0007477601466465783,0.9562503898881919,2.2722052659725143,0.006581500554595194,2.65,5.76560973962295,0.851603157069299,102,Certified_T11,1,11.0,2.1778352243755474,47.93608040154364,11.994327789169018,12.325530012671717,2.9043924537326173,0.00125584495030625,0.0037626315587899876,0.013694540498881852,0.9050622378094587,0.8242643601220134,81.13712152071186,0.998015689387546,0.953273698358941,0.15005811401477004,False,True
True,resolved_oscillation,1.0,8.649017535998814,6.91,0.0012455325120461222,0.9428569863249984,2.0554722604639584,0.00753762772521805,2.433333333333333,4.862228354789997,0.8659156620785128,102,Certified_T12,2,12.0,3.350982464001186,47.93608040154364,11.994327789169018,12.325530012671717,2.9043924537326173,0.00125584495030625,0.0037626315587899876,0.013694540498881852,0.9050622378094587,0.8242643601220134,81.13712152071186,0.998015689387546,0.953273698358941,0.15005811401477004,False,True
True,resolved_oscillation,1.0,7.750851789156504,6.192424242424242,0.0014055695244771294,0.8533677824407423,1.4196913057458114,0.01694644860155763,2.0833333333333335,3.0363412161592085,0.9053225736815924,102,Certified_T13,3,13.0,5.249148210843496,47.93608040154364,11.994327789169018,12.325530012671717,2.9043924537326173,0.00125584495030625,0.0037626315587899876,0.013694540498881852,0.9050622378094587,0.8242643601220134,81.13712152071186,0.998015689387546,0.953273698358941,0.15005811401477004,False,True
True,resolved_oscillation,1.0,10.508754793269086,9.077083333333333,0.0009502853697622505,0.9808593960991334,2.3450566231870433,0.011995192351025252,3.05,6.892641139136317,0.9193274649607245,103,Certified_T10,0,10.0,0.5087547932690857,51.8258357639894,9.175436063703259,12.290489386711265,3.2600300814034293,0.0050002300387992134,0.009199051390282749,0.003328748284857723,1.0365144219196187,1.0022660628572853,85.03294865795672,1.0624748327774114,0.9695008469419182,0.08358849746420702,False,True
True,resolved_oscillation,1.0,11.373257425365617,9.823809523809524,0.0009068486153111831,0.9867485951405103,2.3677463653485145,0.011869535763011533,3.1416666666666666,7.157360813352458,0.9201089712259474,103,Certified_T11,1,11.0,0.3732574253656171,51.8258357639894,9.175436063703259,12.290489386711265,3.2600300814034293,0.0050002300387992134,0.009199051390282749,0.003328748284857723,1.0365144219196187,1.0022660628572853,85.03294865795672,1.0624748327774114,0.9695008469419182,0.08358849746420702,True,True
True,resolved_oscillation,1.0,12.281519258050535,10.608333333333333,0.0008605224784056026,0.9910415876922474,2.323841854439395,0.012089884560810978,3.0833333333333335,6.924211124179978,0.9216825142636408,103,Certified_T12,2,12.0,0.281519258050535,51.8258357639894,9.175436063703259,12.290489386711265,3.2600300814034293,0.0050002300387992134,0.009199051390282749,0.003328748284857723,1.0365144219196187,1.0022660628572853,85.03294865795672,1.0624748327774114,0.9695008469419182,0.08358849746420702,True,True
True,resolved_oscillation,1.0,12.911835512195049,11.152777777777777,0.0006100846183768813,0.9929724180359337,2.1904047307880643,0.01282520653629267,2.8333333333333335,6.076054456351246,0.9245320374587447,103,Certified_T13,3,13.0,0.08816448780495101,51.8258357639894,9.175436063703259,12.290489386711265,3.2600300814034293,0.0050002300387992134,0.009199051390282749,0.003328748284857723,1.0365144219196187,1.0022660628572853,85.03294865795672,1.0624748327774114,0.9695008469419182,0.08358849746420702,True,True
True,resolved_oscillation,1.0,10.227697145763864,8.902380952380952,0.0007076093370057744,0.9749520383411131,3.1848955603593883,0.018516203708629084,3.033333333333333,9.44061034667366,0.8184881308934909,104,Certified_T10,0,10.0,0.22769714576386413,52.22513431228161,11.669112960451832,15.749872878290908,3.3935488473338657,0.01672810895837676,0.012241516134833976,0.00320206348892514,0.9906047078325327,0.8484341633539271,62.88562074211208,1.07281977026559,1.1923964042263697,0.1312733568326435,True,True
True,resolved_oscillation,1.0,11.064732536671526,9.630952380952381,0.0006540794341321608,0.9819769633005223,3.1605792586470054,0.018644068522054753,3.066666666666667,9.500711749205518,0.8233283018391726,104,Certified_T11,1,11.0,0.06473253667152612,52.22513431228161,11.669112960451832,15.749872878290908,3.3935488473338657,0.01672810895837676,0.012241516134833976,0.00320206348892514,0.9906047078325327,0.8484341633539271,62.88562074211208,1.07281977026559,1.1923964042263697,0.1312733568326435,True,True
True,resolved_oscillation,1.0,11.913165468305053,10.369444444444444,0.0006561719107375243,0.9872450110655191,2.9795210852940768,0.01977140210547646,2.9,8.583228168741321,0.8336449102194455,104,Certified_T12,2,12.0,0.08683453169494726,52.22513431228161,11.669112960451832,15.749872878290908,3.3935488473338657,0.01672810895837676,0.012241516134833976,0.00320206348892514,0.9906047078325327,0.8484341633539271,62.88562074211208,1.07281977026559,1.1923964042263697,0.1312733568326435,True,True
True,resolved_oscillation,1.0,12.37909693317849,10.775,0.0008472119992345956,0.9896136966706862,2.5782393034754056,0.02284561376340958,2.4833333333333334,6.571622398872035,0.8528368945566747,104,Certified_T13,3,13.0,0.6209030668215103,52.22513431228161,11.669112960451832,15.749872878290908,3.3935488473338657,0.01672810895837676,0.012241516134833976,0.00320206348892514,0.9906047078325327,0.8484341633539271,62.88562074211208,1.07281977026559,1.1923964042263697,0.1312733568326435,False,True
True,resolved_oscillation,1.0,10.365802555228031,8.945238095238095,0.000909143001149818,0.9800208003441732,2.744646113830021,0.006647312457240497,3.2,8.34908332614103,0.886910681968223,105,Certified_T10,0,10.0,0.36580255522803107,51.777398117967415,10.51529611387939,13.359345640076137,3.12283402646385,0.005982281793370525,0.004939161666341058,0.0029217870466109294,0.9941678415852455,0.9400288927258987,84.91534624962588,0.930012865892537,1.1626548806600525,0.09848943911735468,True,True
True,resolved_oscillation,1.0,11.364583637206351,9.807142857142857,0.0009083897515838654,0.9866517310017516,2.801381707893413,0.00648972633957596,3.3916666666666666,9.033938257437276,0.8867865611838841,105,Certified_T11,1,11.0,0.36458363720635134,51.777398117967415,10.51529611387939,13.359345640076137,3.12283402646385,0.005982281793370525,0.004939161666341058,0.0029217870466109294,0.9941678415852455,0.9400288927258987,84.91534624962588,0.930012865892537,1.1626548806600525,0.09848943911735468,True,True
True,resolved_oscillation,1.0,12.608461550075301,10.880555555555556,0.0006253484153135507,0.9915939584588501,2.8186074982443166,0.006441748365567056,3.591666666666667,9.615554824517611,0.8862242705332934,105,Certified_T12,2,12.0,0.608461550075301,51.777398117967415,10.51529611387939,13.359345640076137,3.12283402646385,0.005982281793370525,0.004939161666341058,0.0029217870466109294,0.9941678415852455,0.9400288927258987,84.91534624962588,0.930012865892537,1.1626548806600525,0.09848943911735468,False,True
True,resolved_oscillation,1.0,13.774349927261227,11.886666666666667,0.0006270521529724594,0.9940872025891335,2.7811573916593786,0.006526455187313359,3.716666666666667,9.83592770179938,0.885230449112333,105,Certified_T13,3,13.0,0.7743499272612269,51.777398117967415,10.51529611387939,13.359345640076137,3.12283402646385,0.005982281793370525,0.004939161666341058,0.0029217870466109294,0.9941678415852455,0.9400288927258987,84.91534624962588,0.930012865892537,1.1626548806600525,0.09848943911735468,False,True
True,resolved_oscillation,1.0,10.825005298242669,8.295833333333333,0.0009300051228252651,0.9840436377874534,2.5752384719071184,0.004231441585591587,3.033333333333333,7.364124721322688,0.856741746290799,106,Certified_T10,0,10.0,0.8250052982426688,45.9815017440042,11.475647987760798,10.542798840843368,2.9853523631128924,0.017473039580602194,0.0029466407581056923,0.0011852045837132728,0.9925271790423656,0.9702622666230829,82.36776698210114,1.0004543475364325,0.9900830489308426,0.12853870509066043,False,True
True,resolved_oscillation,1.0,11.877447156542075,9.102380952380951,0.0006920615514163198,0.9890464488189464,2.5947586657196045,0.004181483616192699,3.2333333333333334,7.9147888336627625,0.858424000452561,106,Certified_T11,1,11.0,0.8774471565420754,45.9815017440042,11.475647987760798,10.542798840843368,2.9853523631128924,0.017473039580602194,0.0029466407581056923,0.0011852045837132728,0.9925271790423656,0.9702622666230829,82.36776698210114,1.0004543475364325,0.9900830489308426,0.12853870509066043,False,True
True,resolved_oscillation,1.0,13.244456507543518,10.15,0.0,0.9928491452953675,2.5444061146294543,0.004257199378239801,3.4833333333333334,8.318139115557683,0.8613344980294122,106,Certified_T12,2,12.0,1.2444565075435179,45.9815017440042,11.475647987760798,10.542798840843368,2.9853523631128924,0.017473039580602194,0.0029466407581056923,0.0011852045837132728,0.9925271790423656,0.9702622666230829,82.36776698210114,1.0004543475364325,0.9900830489308426,0.12853870509066043,False,True
True,resolved_oscillation,1.0,14.661693096062814,11.23611111111111,0.0006055598869674112,0.9949046948782309,2.409207003481216,0.0044942772425194955,3.683333333333333,8.36701038109298,0.8657722829392354,106,Certified_T13,3,13.0,1.6616930960628142,45.9815017440042,11.475647987760798,10.542798840843368,2.9853523631128924,0.017473039580602194,0.0029466407581056923,0.0011852045837132728,0.9925271790423656,0.9702622666230829,82.36776698210114,1.0004543475364325,0.9900830489308426,0.12853870509066043,False,True
True,resolved_oscillation,1.0,9.643770193749523,7.997916666666667,0.0007367614286913754,0.9588244025153264,1.8292794512617767,0.0027054846028781603,3.033333333333333,5.279989722438268,0.9710123544253947,107,Certified_T10,0,10.0,0.35622980625047695,49.76010319190563,8.653412769210277,14.28173662803216,3.3802643171656883,0.018763182276584356,0.002027867145628164,0.013069030394991384,1.0770648421997573,0.8058325674646895,65.3688222302554,0.9406994010403346,0.8896655351076119,0.040321997923420394,True,True
True,resolved_oscillation,1.0,10.487461025644182,8.697619047619048,0.0007242680840581961,0.9679325782673831,1.8371991538739993,0.002632706563963441,3.25,5.662226541663838,0.9714451694180429,107,Certified_T11,1,11.0,0.5125389743558184,49.76010319190563,8.653412769210277,14.28173662803216,3.3802643171656883,0.018763182276584356,0.002027867145628164,0.013069030394991384,1.0770648421997573,0.8058325674646895,65.3688222302554,0.9406994010403346,0.8896655351076119,0.040321997923420394,False,True
True,resolved_oscillation,1.0,11.173610268767355,9.266666666666667,0.0,0.969208555339861,1.763088625985105,0.0027290402433727007,3.4,5.683822165000648,0.9726292418695497,107,Certified_T12,2,12.0,0.8263897312326449,49.76010319190563,8.653412769210277,14.28173662803216,3.3802643171656883,0.018763182276584356,0.002027867145628164,0.013069030394991384,1.0770648421997573,0.8058325674646895,65.3688222302554,0.9406994010403346,0.8896655351076119,0.040321997923420394,False,True
True,resolved_oscillation,1.0,11.063079951360484,9.175,0.0009709763557217962,0.9527555535025138,1.5578707916992292,0.0031548592821376196,3.2583333333333333,4.855700601245479,0.9752753468791613,107,Certified_T13,3,13.0,1.9369200486395162,49.76010319190563,8.653412769210277,14.28173662803216,3.3802643171656883,0.018763182276584356,0.002027867145628164,0.013069030394991384,1.0770648421997573,0.8058325674646895,65.3688222302554,0.9406994010403346,0.8896655351076119,0.040321997923420394,False,True
True,resolved_oscillation,1.0,9.26216564568563,8.177083333333334,0.0010548772881666562,0.9473492528248565,2.1209455209951327,0.006757826770035271,3.15,6.409344928351875,0.8476208319540648,108,Certified_T10,0,10.0,0.7378343543143693,52.97087298676588,9.27811123903616,13.735323864867198,3.3392271104056794,0.009233192126440116,0.004234152611834849,0.01910189124004298,1.0883431063493776,0.9482954883225045,62.3927540396534,1.0833629462286674,1.0001816774191814,0.16001207096407,False,True
True,resolved_oscillation,1.0,8.934155193519949,7.8875,0.0009781511883492355,0.9276062624830311,1.9417989464997591,0.007663452776585214,2.9,5.472796072248002,0.8631670121441773,108,Certified_T11,1,11.0,2.065844806480051,52.97087298676588,9.27811123903616,13.735323864867198,3.3392271104056794,0.009233192126440116,0.004234152611834849,0.01910189124004298,1.0883431063493776,0.9482954883225045,62.3927540396534,1.0833629462286674,1.0001816774191814,0.16001207096407,False,True
True,resolved_oscillation,1.0,6.966092480525856,6.15,0.00121196096341452,0.7160870061143052,0.9641431849304012,0.037193586746866215,2.183333333333333,2.2662107613664144,0.9321394434749694,108,Certified_T12,2,12.0,5.033907519474144,52.97087298676588,9.27811123903616,13.735323864867198,3.3392271104056794,0.009233192126440116,0.004234152611834849,0.01910189124004298,1.0883431063493776,0.9482954883225045,62.3927540396534,1.0833629462286674,1.0001816774191814,0.16001207096407,False,True
True,steady_state,0.0,,,,,0.6188524680215488,0.9999973672085137,,,0.9554703688552438,108,Certified_T13,3,13.0,,52.97087298676588,9.27811123903616,13.735323864867198,3.3392271104056794,0.009233192126440116,0.004234152611834849,0.01910189124004298,1.0883431063493776,0.9482954883225045,62.3927540396534,1.0833629462286674,1.0001816774191814,0.16001207096407,False,False
True,resolved_oscillation,1.0,10.151152072502256,8.65952380952381,0.0010287757456073528,0.9846427777038834,3.015663570767088,0.00420420547630233,3.1333333333333333,8.945722128732587,0.8199414249183609,109,Certified_T10,0,10.0,0.15115207250225637,51.18349374145021,11.939850598698332,12.090780957437856,2.6698851364994445,0.0013315449064927715,0.0027581720514227516,0.0011164899592639285,1.0834379156597667,0.918904249016205,97.20745459054486,0.9884743134922847,1.177543203967863,0.13667493755643614,True,True
True,resolved_oscillation,1.0,11.1475670545983,9.50952380952381,0.0009368195760575717,0.990148092701308,3.1105711448013142,0.004017461075222059,3.3333333333333335,9.799049770349471,0.8178364326980486,109,Certified_T11,1,11.0,0.14756705459829966,51.18349374145021,11.939850598698332,12.090780957437856,2.6698851364994445,0.0013315449064927715,0.0027581720514227516,0.0011164899592639285,1.0834379156597667,0.918904249016205,97.20745459054486,0.9884743134922847,1.177543203967863,0.13667493755643614,True,True
True,resolved_oscillation,1.0,12.451931018089104,10.622222222222224,0.0008102475619680787,0.9942997051817195,3.184702456032915,0.003899557491125428,3.5833333333333335,10.746450360831984,0.8137142741129391,109,Certified_T12,2,12.0,0.45193101808910363,51.18349374145021,11.939850598698332,12.090780957437856,2.6698851364994445,0.0013315449064927715,0.0027581720514227516,0.0011164899592639285,1.0834379156597667,0.918904249016205,97.20745459054486,0.9884743134922847,1.177543203967863,0.13667493755643614,True,True
True,resolved_oscillation,1.0,13.820861928132162,11.79,0.000774275597264866,0.9965374810792452,3.2225145300016433,0.003847150612329697,3.8333333333333335,11.636227640479332,0.8072955742115546,109,Certified_T13,3,13.0,0.8208619281321621,51.18349374145021,11.939850598698332,12.090780957437856,2.6698851364994445,0.0013315449064927715,0.0027581720514227516,0.0011164899592639285,1.0834379156597667,0.918904249016205,97.20745459054486,0.9884743134922847,1.177543203967863,0.13667493755643614,False,True
True,resolved_oscillation,1.0,9.813143058354926,7.983333333333333,0.0,0.9754217787854333,2.4165774370541167,0.014452876960275146,2.5833333333333335,6.096036002526356,0.956257082841878,110,Certified_T10,0,10.0,0.1868569416450736,48.81208774309864,10.537375997100126,15.30685986423729,2.9579240276117176,0.0016800181358031369,0.011008614231267649,0.00134648753384503,0.9451949410876306,1.0263493168485378,71.2338590377689,1.0663700085682972,0.8681782977294059,0.04579643550598614,True,True
True,resolved_oscillation,1.0,10.653098936001173,8.666666666666666,0.0,0.9834095216127348,2.4536980167758613,0.01417624795883465,2.6333333333333333,6.316179699114937,0.9564369175513185,110,Certified_T11,1,11.0,0.3469010639988266,48.81208774309864,10.537375997100126,15.30685986423729,2.9579240276117176,0.0016800181358031369,0.011008614231267649,0.00134648753384503,0.9451949410876306,1.0263493168485378,71.2338590377689,1.0663700085682972,0.8681782977294059,0.04579643550598614,True,True
True,resolved_oscillation,1.0,11.630608563645236,9.46190476190476,0.000859499309340681,0.9894848786913827,2.431555236327803,0.014282780966089217,2.5833333333333335,6.1702261967077865,0.9568807734636061,110,Certified_T12,2,12.0,0.3693914363547641,48.81208774309864,10.537375997100126,15.30685986423729,2.9579240276117176,0.0016800181358031369,0.011008614231267649,0.00134648753384503,0.9451949410876306,1.0263493168485378,71.2338590377689,1.0663700085682972,0.8681782977294059,0.04579643550598614,True,True
True,resolved_oscillation,1.0,12.511537898737641,10.178571428571427,0.0007989825158642962,0.9927903011306843,2.3359069887037647,0.014861788270514872,2.4166666666666665,5.611478018489586,0.9576524336066239,110,Certified_T13,3,13.0,0.48846210126235867,48.81208774309864,10.537375997100126,15.30685986423729,2.9579240276117176,0.0016800181358031369,0.011008614231267649,0.00134648753384503,0.9451949410876306,1.0263493168485378,71.2338590377689,1.0663700085682972,0.8681782977294059,0.04579643550598614,True,True
True,resolved_oscillation,1.0,10.643548512210202,9.695238095238095,0.0008388139133889653,0.9793639207649425,2.571897240146845,0.0014659710804049238,3.683333333333333,8.88512821967575,0.8618710424544804,111,Certified_T10,0,10.0,0.6435485122102023,54.654167738038424,8.284409027410467,11.328161503408221,3.3543790333978976,0.014730257438206095,0.0010675371534523887,0.0023655621311304623,1.0392493638820532,0.8773090397199675,78.54590769288183,1.0971122722460431,1.1871096063706628,0.12465105301417059,False,True
True,resolved_oscillation,1.0,11.777082943643197,10.727777777777778,0.0008022751623422925,0.9861520233894654,2.607835118702387,0.0014332329983243466,4.0,9.772060719523711,0.8626268946770249,111,Certified_T11,1,11.0,0.7770829436431974,54.654167738038424,8.284409027410467,11.328161503408221,3.3543790333978976,0.014730257438206095,0.0010675371534523887,0.0023655621311304623,1.0392493638820532,0.8773090397199675,78.54590769288183,1.0971122722460431,1.1871096063706628,0.12465105301417059,False,True
True,resolved_oscillation,1.0,13.298162428958895,12.113333333333333,0.0006153186509355503,0.9912001992404063,2.5924843738089702,0.0014376791091637036,4.433333333333334,10.729402386726075,0.8635960127160452,111,Certified_T12,2,12.0,1.2981624289588947,54.654167738038424,8.284409027410467,11.328161503408221,3.3543790333978976,0.014730257438206095,0.0010675371534523887,0.0023655621311304623,1.0392493638820532,0.8773090397199675,78.54590769288183,1.0971122722460431,1.1871096063706628,0.12465105301417059,False,True
True,resolved_oscillation,1.0,14.879926520845931,13.554166666666667,0.0006148170919151552,0.9938040676328045,2.5091317733951235,0.0014846088677755464,4.883333333333334,11.45830732632594,0.8650352118186749,111,Certified_T13,3,13.0,1.879926520845931,54.654167738038424,8.284409027410467,11.328161503408221,3.3543790333978976,0.014730257438206095,0.0010675371534523887,0.0023655621311304623,1.0392493638820532,0.8773090397199675,78.54590769288183,1.0971122722460431,1.1871096063706628,0.12465105301417059,False,True
True,resolved_oscillation,1.0,10.045837912795722,7.95625,0.0010841564168772258,0.9748305073345617,2.2616444841424252,0.013637333321116047,2.7,5.927239893614992,0.927119482936939,112,Certified_T10,0,10.0,0.045837912795722247,47.519679706553035,8.511323606473574,12.85886381909345,3.1482215099589737,0.011979268218018367,0.010082040317213574,0.003087015850608696,0.9694816966923427,1.1023340984874757,77.69788284499512,0.9453373217675807,1.1725630404127256,0.0787162062954316,True,True
True,resolved_oscillation,1.0,10.915778240036289,8.645238095238094,0.0009406913399393739,0.9825692351542002,2.272089431085529,0.013541831681683877,2.783333333333333,6.129120937232849,0.9281870126576338,112,Certified_T11,1,11.0,0.08422175996371095,47.519679706553035,8.511323606473574,12.85886381909345,3.1482215099589737,0.011979268218018367,0.010082040317213574,0.003087015850608696,0.9694816966923427,1.1023340984874757,77.69788284499512,0.9453373217675807,1.1725630404127256,0.0787162062954316,True,True
True,resolved_oscillation,1.0,11.889810779218818,9.416666666666666,0.0,0.9883009824987348,2.203898006500527,0.013948721940897031,2.75,5.92038538349841,0.9304241699983685,112,Certified_T12,2,12.0,0.11018922078118187,47.519679706553035,8.511323606473574,12.85886381909345,3.1482215099589737,0.011979268218018367,0.010082040317213574,0.003087015850608696,0.9694816966923427,1.1023340984874757,77.69788284499512,0.9453373217675807,1.1725630404127256,0.0787162062954316,True,True
True,resolved_oscillation,1.0,12.707517108409089,10.064285714285715,0.0006259170359745895,0.9911835839647667,2.0441607663208963,0.015035446517015256,2.6,5.240646024149884,0.9340267252810126,112,Certified_T13,3,13.0,0.292482891590911,47.519679706553035,8.511323606473574,12.85886381909345,3.1482215099589737,0.011979268218018367,0.010082040317213574,0.003087015850608696,0.9694816966923427,1.1023340984874757,77.69788284499512,0.9453373217675807,1.1725630404127256,0.0787162062954316,True,True
True,resolved_oscillation,1.0,9.076647517820497,7.041666666666667,0.001247446808744923,0.9688963282259204,2.0711482901177507,0.026091853992283368,2.25,4.688369582107525,0.9207956104024847,113,Certified_T10,0,10.0,0.9233524821795029,46.548023283981344,10.409703407240416,12.743566647295513,2.921144119583025,0.004402836438463776,0.01687155123796265,0.006643049332978696,0.9984464312837142,1.029195887580388,96.73690156380893,1.0358431380967956,0.9154500701964321,0.09206151123001755,False,True
True,resolved_oscillation,1.0,9.569567363298455,7.424074074074074,0.0011831919406965748,0.9760293068556491,2.02492491944862,0.026606887467984855,2.1666666666666665,4.468291311103788,0.9240483092628027,113,Certified_T11,1,11.0,1.4304326367015445,46.548023283981344,10.409703407240416,12.743566647295513,2.921144119583025,0.004402836438463776,0.01687155123796265,0.006643049332978696,0.9984464312837142,1.029195887580388,96.73690156380893,1.0358431380967956,0.9154500701964321,0.09206151123001755,False,True
True,resolved_oscillation,1.0,9.817817551820042,7.616666666666666,0.0,0.9786817335063388,1.8085516421173486,0.029755972322060332,1.925,3.6377171114541538,0.9322438427286835,113,Certified_T12,2,12.0,2.182182448179958,46.548023283981344,10.409703407240416,12.743566647295513,2.921144119583025,0.004402836438463776,0.01687155123796265,0.006643049332978696,0.9984464312837142,1.029195887580388,96.73690156380893,1.0358431380967956,0.9154500701964321,0.09206151123001755,False,True
True,resolved_oscillation,1.0,9.839300741211332,7.633333333333334,0.0,0.974272385361604,1.4527942401715053,0.03704225962408368,1.6333333333333333,2.6287247002759653,0.9443573184203077,113,Certified_T13,3,13.0,3.160699258788668,46.548023283981344,10.409703407240416,12.743566647295513,2.921144119583025,0.004402836438463776,0.01687155123796265,0.006643049332978696,0.9984464312837142,1.029195887580388,96.73690156380893,1.0358431380967956,0.9154500701964321,0.09206151123001755,False,True
True,resolved_oscillation,1.0,11.233733857494077,10.269444444444444,0.0006625614668063777,0.9827422281299785,2.730398431783854,0.0022473909833743864,3.9166666666666665,10.0402815683228,0.8196625367790262,114,Certified_T10,0,10.0,1.2337338574940766,54.849676383922784,10.405599808560149,14.483063996575119,3.4265171323989225,0.007839770866696452,0.0016365983751425047,0.004995755669759529,1.0303672846753955,0.9544989552963125,71.62509179405704,0.9844740568093335,1.1269688916652394,0.14902535555652674,False,True
True,resolved_oscillation,1.0,12.263821976966755,11.21111111111111,0.0007676874819043442,0.9878312968749079,2.76402290874726,0.002213293647987197,4.2,10.899150443836932,0.8209426994127235,114,Certified_T11,1,11.0,1.2638219769667547,54.849676383922784,10.405599808560149,14.483063996575119,3.4265171323989225,0.007839770866696452,0.0016365983751425047,0.004995755669759529,1.0303672846753955,0.9544989552963125,71.62509179405704,0.9844740568093335,1.1269688916652394,0.14902535555652674,False,True
True,resolved_oscillation,1.0,13.560699880774834,12.396666666666667,0.0006012551700725436,0.9914842821582447,2.759998524440568,0.0022140905444398224,4.566666666666666,11.818152517751738,0.8214135202448368,114,Certified_T12,2,12.0,1.560699880774834,54.849676383922784,10.405599808560149,14.483063996575119,3.4265171323989225,0.007839770866696452,0.0016365983751425047,0.004995755669759529,1.0303672846753955,0.9544989552963125,71.62509179405704,0.9844740568093335,1.1269688916652394,0.14902535555652674,False,True
True,resolved_oscillation,1.0,14.70838213070059,13.445833333333333,0.0006197706848466068,0.992640014140363,2.7041488719417717,0.002259300768716618,4.916666666666667,12.464277380657363,0.8211222130331389,114,Certified_T13,3,13.0,1.7083821307005902,54.849676383922784,10.405599808560149,14.483063996575119,3.4265171323989225,0.007839770866696452,0.0016365983751425047,0.004995755669759529,1.0303672846753955,0.9544989552963125,71.62509179405704,0.9844740568093335,1.1269688916652394,0.14902535555652674,False,True
True,resolved_oscillation,1.0,10.085084488663902,9.197916666666666,0.0006406403453558755,0.9807974502826509,2.029359945362693,0.00281539403797978,3.2583333333333333,6.305444607680261,0.8482010296986683,115,Certified_T10,0,10.0,0.08508448866390239,54.72190149922222,9.224595429156379,12.928148125471273,2.574592335992566,0.0013812798582749349,0.0017681787573714874,0.003798063185829037,0.9763521383471806,1.1831171931123314,64.09855604882254,1.0629393120126547,0.9355666003751563,0.16550690108399932,True,True
True,resolved_oscillation,1.0,10.935814637893698,9.973809523809525,0.0008932101663341946,0.9866562730896242,2.0822938932352133,0.0026206856268972253,3.433333333333333,6.785736438806056,0.8472285392720733,115,Certified_T11,1,11.0,0.06418536210630243,54.72190149922222,9.224595429156379,12.928148125471273,2.574592335992566,0.0013812798582749349,0.0017681787573714874,0.003798063185829037,0.9763521383471806,1.1831171931123314,64.09855604882254,1.0629393120126547,0.9355666003751563,0.16550690108399932,True,True
True,resolved_oscillation,1.0,11.981796112768228,10.927777777777777,0.0007875919361885953,0.9910810081063176,2.1195352436174053,0.002514537689896537,3.6166666666666667,7.274929084687823,0.8446789992056764,115,Certified_T12,2,12.0,0.018203887231772242,54.72190149922222,9.224595429156379,12.928148125471273,2.574592335992566,0.0013812798582749349,0.0017681787573714874,0.003798063185829037,0.9763521383471806,1.1831171931123314,64.09855604882254,1.0629393120126547,0.9355666003751563,0.16550690108399932,True,True
True,resolved_oscillation,1.0,13.062411583233445,11.913333333333332,0.0006256485667318943,0.9933917890023178,2.141133115465272,0.0024697327837908067,3.85,7.802435114778387,0.8395944851563607,115,Certified_T13,3,13.0,0.062411583233444645,54.72190149922222,9.224595429156379,12.928148125471273,2.574592335992566,0.0013812798582749349,0.0017681787573714874,0.003798063185829037,0.9763521383471806,1.1831171931123314,64.09855604882254,1.0629393120126547,0.9355666003751563,0.16550690108399932,True,True
True,resolved_oscillation,1.0,10.965561178029446,8.945238095238095,0.000909143001149818,0.9811796062253694,2.0082574565986797,0.005826319185738241,3.2,6.099916868652438,0.9767333939020693,116,Certified_T10,0,10.0,0.9655611780294464,48.945446293222474,9.535043602488424,12.637321646331909,3.488550576742999,0.001135782185625178,0.005055760374961042,0.005496488129631284,0.9113469822109828,1.1187973079387379,88.63908910040861,0.9318791704332047,0.8042456685893467,0.029802814242901255,False,True
True,resolved_oscillation,1.0,11.963757058488875,9.75952380952381,0.0009128220021405078,0.9873372935926596,2.050343779895918,0.005700769040396902,3.425,6.640207504496881,0.9767013477899503,116,Certified_T11,1,11.0,0.9637570584888753,48.945446293222474,9.535043602488424,12.637321646331909,3.488550576742999,0.001135782185625178,0.005055760374961042,0.005496488129631284,0.9113469822109828,1.1187973079387379,88.63908910040861,0.9318791704332047,0.8042456685893467,0.029802814242901255,False,True
True,resolved_oscillation,1.0,13.10302350684949,10.68888888888889,0.0008051940428705649,0.9915799046836354,2.072825142643535,0.005637028501157849,3.6166666666666667,7.101367231130894,0.9764735655083882,116,Certified_T12,2,12.0,1.1030235068494907,48.945446293222474,9.535043602488424,12.637321646331909,3.488550576742999,0.001135782185625178,0.005055760374961042,0.005496488129631284,0.9113469822109828,1.1187973079387379,88.63908910040861,0.9318791704332047,0.8042456685893467,0.029802814242901255,False,True
True,resolved_oscillation,1.0,13.93047535512507,11.363888888888889,0.0005987508537724708,0.9928062238362239,2.061664533914593,0.005667196384996416,3.7,7.20890077273715,0.9760779973151678,116,Certified_T13,3,13.0,0.9304753551250702,48.945446293222474,9.535043602488424,12.637321646331909,3.488550576742999,0.001135782185625178,0.005055760374961042,0.005496488129631284,0.9113469822109828,1.1187973079387379,88.63908910040861,0.9318791704332047,0.8042456685893467,0.029802814242901255,False,True
True,resolved_oscillation,1.0,8.8093714476766,7.464814814814815,0.0007442322004465394,0.9618808893095108,1.454365762359943,0.0024676488438671517,2.6666666666666665,3.737165902815993,0.9833082368355013,117,Certified_T10,0,10.0,1.1906285523233997,50.84232076591752,8.063230001776903,11.69131425029015,2.6079581565800987,0.006739794398159167,0.0012308643784794604,0.005348133630447968,0.9320198200904847,0.9447868782076627,64.82402742996656,0.9144691870306061,0.8450194786898375,0.02953203615756015,False,True
True,resolved_oscillation,1.0,9.699104851456143,8.21875,0.0007169650506327478,0.9746235396916729,1.510604208656191,0.0019376250821330284,2.8333333333333335,4.100646747934042,0.9829952705545898,117,Certified_T11,1,11.0,1.300895148543857,50.84232076591752,8.063230001776903,11.69131425029015,2.6079581565800987,0.006739794398159167,0.0012308643784794604,0.005348133630447968,0.9320198200904847,0.9447868782076627,64.82402742996656,0.9144691870306061,0.8450194786898375,0.02953203615756015,False,True
True,resolved_oscillation,1.0,10.845857606842864,9.190476190476192,0.0009693412919103475,0.9836051749199597,1.5506109115577102,0.0017031801369949862,3.05,4.51737108649051,0.9825654314687922,117,Certified_T12,2,12.0,1.1541423931571355,50.84232076591752,8.063230001776903,11.69131425029015,2.6079581565800987,0.006739794398159167,0.0012308643784794604,0.005348133630447968,0.9320198200904847,0.9447868782076627,64.82402742996656,0.9144691870306061,0.8450194786898375,0.02953203615756015,False,True
True,resolved_oscillation,1.0,12.03721605899348,10.2,0.0,0.9878808966330865,1.5684649104062969,0.0016306359138081095,3.325,4.966099172488926,0.9819710985571813,117,Certified_T13,3,13.0,0.9627839410065206,50.84232076591752,8.063230001776903,11.69131425029015,2.6079581565800987,0.006739794398159167,0.0012308643784794604,0.005348133630447968,0.9320198200904847,0.9447868782076627,64.82402742996656,0.9144691870306061,0.8450194786898375,0.02953203615756015,False,True
True,resolved_oscillation,1.0,9.394922730511643,8.454761904761904,0.000961884048245527,0.9616473427712402,1.842381888374938,0.008067892990936177,3.033333333333333,5.365585206322178,0.9524901379347791,118,Certified_T10,0,10.0,0.6050772694883566,53.99573033615442,8.149747179582633,15.878699698265212,3.4038187626957557,0.019981576065060448,0.006117178342443472,0.0011690276829891936,0.956817353712394,0.8873086513984659,86.17234862974652,1.0962176600537115,0.8329686923324013,0.06399773859005353,False,True
True,resolved_oscillation,1.0,10.479664583372745,9.430952380952382,0.0006679503436164075,0.9750159993765816,1.8740783164823838,0.007872859829811646,3.2666666666666666,5.843937312249011,0.9525995664472509,118,Certified_T11,1,11.0,0.5203354166272547,53.99573033615442,8.149747179582633,15.878699698265212,3.4038187626957557,0.019981576065060448,0.006117178342443472,0.0011690276829891936,0.956817353712394,0.8873086513984659,86.17234862974652,1.0962176600537115,0.8329686923324013,0.06399773859005353,False,True
True,resolved_oscillation,1.0,11.929955621608585,10.73611111111111,0.0006337618998145351,0.9847352541226921,1.85640889473572,0.007931195307504645,3.533333333333333,6.260615627519926,0.9531016513506632,118,Certified_T12,2,12.0,0.07004437839141531,53.99573033615442,8.149747179582633,15.878699698265212,3.4038187626957557,0.019981576065060448,0.006117178342443472,0.0011690276829891936,0.956817353712394,0.8873086513984659,86.17234862974652,1.0962176600537115,0.8329686923324013,0.06399773859005353,True,True
True,resolved_oscillation,1.0,13.401059592956232,12.06,0.0007569410689678913,0.9897955117540661,1.7721381112731711,0.008305293995167893,3.7666666666666666,6.383501971437198,0.9542314066448653,118,Certified_T13,3,13.0,0.4010595929562317,53.99573033615442,8.149747179582633,15.878699698265212,3.4038187626957557,0.019981576065060448,0.006117178342443472,0.0011690276829891936,0.956817353712394,0.8873086513984659,86.17234862974652,1.0962176600537115,0.8329686923324013,0.06399773859005353,True,True
True,resolved_oscillation,1.0,12.593671982484512,10.83888888888889,0.0007940509167006493,0.9906399211126101,3.584367474094972,0.003099032484633309,3.7,12.468120837390696,0.9952369757900191,119,Certified_T10,0,10.0,2.593671982484512,51.639691286054436,11.445999293371047,10.25900619449081,3.183020636885865,0.008013297099030313,0.0026967477731026568,0.001516280936030738,1.0478307368363333,1.0588620632384633,61.10628226257823,0.9936909543771222,1.1187918472808898,0.003510964207408062,False,True
True,resolved_oscillation,1.0,13.590321369514552,11.696666666666665,0.0006372379531204873,0.9932286709595431,3.579784096973338,0.003101184538947376,3.908333333333333,13.167068804143723,0.9953342919501573,119,Certified_T11,1,11.0,2.5903213695145517,51.639691286054436,11.445999293371047,10.25900619449081,3.183020636885865,0.008013297099030313,0.0026967477731026568,0.001516280936030738,1.0478307368363333,1.0588620632384633,61.10628226257823,0.9936909543771222,1.1187918472808898,0.003510964207408062,False,True
True,resolved_oscillation,1.0,14.852916059301313,12.783333333333333,0.0,0.9953341284073377,3.499091423807977,0.0031719496342001805,4.133333333333334,13.58877454301085,0.9954448220505795,119,Certified_T12,2,12.0,2.8529160593013128,51.639691286054436,11.445999293371047,10.25900619449081,3.183020636885865,0.008013297099030313,0.0026967477731026568,0.001516280936030738,1.0478307368363333,1.0588620632384633,61.10628226257823,0.9936909543771222,1.1187918472808898,0.003510964207408062,False,True
True,resolved_oscillation,1.0,16.058384148859993,13.820833333333333,0.0006029544769369913,0.996492606457451,3.3279794694323166,0.0033348451496224155,4.283333333333333,13.404557743811347,0.9955708867474471,119,Certified_T13,3,13.0,3.058384148859993,51.639691286054436,11.445999293371047,10.25900619449081,3.183020636885865,0.008013297099030313,0.0026967477731026568,0.001516280936030738,1.0478307368363333,1.0588620632384633,61.10628226257823,0.9936909543771222,1.1187918472808898,0.003510964207408062,False,True
True,resolved_oscillation,1.0,10.663806054009248,9.447619047619048,0.0006667720037965197,0.9818106565156219,2.8736627678749764,0.010236147393575165,3.1333333333333333,8.653933293476545,0.9376446314168849,120,Certified_T10,0,10.0,0.6638060540092479,53.157112946931626,9.898322106312113,12.804951691618927,3.0758060862051977,0.01344167711099404,0.007698963180996058,0.0010868514894180668,0.9640559341968545,1.0696603991632798,81.63486267287063,1.0091285525344478,1.1807026740176205,0.05440358069661621,False,True
True,resolved_oscillation,1.0,11.566341722642845,10.247222222222224,0.0006639983038176139,0.9872336837237248,2.8702957046806863,0.010232368971437245,3.2333333333333334,8.928343400079159,0.9389121057488168,120,Certified_T11,1,11.0,0.5663417226428447,53.157112946931626,9.898322106312113,12.804951691618927,3.0758060862051977,0.01344167711099404,0.007698963180996058,0.0010868514894180668,0.9640559341968545,1.0696603991632798,81.63486267287063,1.0091285525344478,1.1807026740176205,0.05440358069661621,False,True
True,resolved_oscillation,1.0,12.613551843370063,11.175,0.0008168867375170262,0.9914552606576071,2.7620279245450994,0.010627223590824015,3.216666666666667,8.599254761697644,0.941285426439975,120,Certified_T12,2,12.0,0.6135518433700629,53.157112946931626,9.898322106312113,12.804951691618927,3.0758060862051977,0.01344167711099404,0.007698963180996058,0.0010868514894180668,0.9640559341968545,1.0696603991632798,81.63486267287063,1.0091285525344478,1.1807026740176205,0.05440358069661621,False,True
True,resolved_oscillation,1.0,13.499604478452433,11.96,0.0007632700076716363,0.9937819378501096,2.528646624807167,0.011606316457099114,3.05,7.509945501122917,0.9450469151971608,120,Certified_T13,3,13.0,0.49960447845243294,53.157112946931626,9.898322106312113,12.804951691618927,3.0758060862051977,0.01344167711099404,0.007698963180996058,0.0010868514894180668,0.9640559341968545,1.0696603991632798,81.63486267287063,1.0091285525344478,1.1807026740176205,0.05440358069661621,True,True
True,resolved_oscillation,1.0,10.848810781677948,8.164583333333333,0.0007217216444874178,0.985942864763316,2.5662451524188965,0.002697795784936753,2.783333333333333,6.7735741856063365,0.9839039281538762,121,Certified_T10,0,10.0,0.8488107816779475,45.15471878515267,11.642513452452766,12.418349997806276,2.714452938467403,0.0012280967566072418,0.0021874007751958727,0.001475190905777427,1.0021805824165164,1.148664651158928,77.31336103235316,0.9838865787757847,0.8351455100929224,0.01635845335908782,False,True
True,resolved_oscillation,1.0,11.835497724421595,8.907142857142857,0.0010001757248794282,0.9907477279926679,2.6363803501947696,0.0025898103474771214,2.9583333333333335,7.391020789616328,0.983781141300075,121,Certified_T11,1,11.0,0.8354977244215949,45.15471878515267,11.642513452452766,12.418349997806276,2.714452938467403,0.0012280967566072418,0.0021874007751958727,0.001475190905777427,1.0021805824165164,1.148664651158928,77.31336103235316,0.9838865787757847,0.8351455100929224,0.01635845335908782,False,True
True,resolved_oscillation,1.0,13.135788974017231,9.885714285714284,0.0006372233408151711,0.9944986291756679,2.6978689341827624,0.0025150152024059295,3.183333333333333,8.11411236052164,0.9834223714784396,121,Certified_T12,2,12.0,1.1357889740172311,45.15471878515267,11.642513452452766,12.418349997806276,2.714452938467403,0.0012280967566072418,0.0021874007751958727,0.001475190905777427,1.0021805824165164,1.148664651158928,77.31336103235316,0.9838865787757847,0.8351455100929224,0.01635845335908782,False,True
True,resolved_oscillation,1.0,14.6016485335776,10.988888888888889,0.0007832120012552915,0.9966098480668149,2.7477083572053034,0.002465006761298179,3.466666666666667,8.963603270419075,0.9827393049352564,121,Certified_T13,3,13.0,1.6016485335776007,45.15471878515267,11.642513452452766,12.418349997806276,2.714452938467403,0.0012280967566072418,0.0021874007751958727,0.001475190905777427,1.0021805824165164,1.148664651158928,77.31336103235316,0.9838865787757847,0.8351455100929224,0.01635845335908782,False,True
True,resolved_oscillation,1.0,9.72183027576148,7.885416666666667,0.000747272688176008,0.9720427705491081,1.9995657532483955,0.019837732816624484,2.4833333333333334,4.945506940641115,0.9853539722327118,122,Certified_T10,0,10.0,0.27816972423851993,48.66624766939182,9.05623592215173,15.564780542183875,3.2221649533203425,0.001548339684148071,0.015457665661144157,0.005074662831076975,1.0820759481587332,1.035449541186797,91.75211426826908,0.976480061857093,0.8953977653441022,0.01905084643219897,True,True
True,resolved_oscillation,1.0,10.435510588513171,8.464285714285714,0.0007442338427748497,0.980217193735451,2.0001611523286704,0.019800517043264267,2.4833333333333334,4.9452947262479885,0.985630567535705,122,Certified_T11,1,11.0,0.5644894114868286,48.66624766939182,9.05623592215173,15.564780542183875,3.2221649533203425,0.001548339684148071,0.015457665661144157,0.005074662831076975,1.0820759481587332,1.035449541186797,91.75211426826908,0.976480061857093,0.8953977653441022,0.01905084643219897,False,True
True,resolved_oscillation,1.0,11.066631482051942,8.976190476190476,0.000992482065457279,0.9857196910843573,1.898241492242223,0.02085195610645639,2.3,4.39891640547117,0.9863787983694882,122,Certified_T12,2,12.0,0.9333685179480575,48.66624766939182,9.05623592215173,15.564780542183875,3.2221649533203425,0.001548339684148071,0.015457665661144157,0.005074662831076975,1.0820759481587332,1.035449541186797,91.75211426826908,0.976480061857093,0.8953977653441022,0.01905084643219897,False,True
True,resolved_oscillation,1.0,11.401272327928316,9.247619047619049,0.0006811924075861458,0.9873945208122356,1.6698367520846082,0.02370108571330216,1.9833333333333334,3.4342069851964436,0.9877503391647753,122,Certified_T13,3,13.0,1.5987276720716839,48.66624766939182,9.05623592215173,15.564780542183875,3.2221649533203425,0.001548339684148071,0.015457665661144157,0.005074662831076975,1.0820759481587332,1.035449541186797,91.75211426826908,0.976480061857093,0.8953977653441022,0.01905084643219897,False,True
True,resolved_oscillation,1.0,9.085532486170665,7.941666666666666,0.0011217680667887698,0.9691083211993006,1.598658406183518,0.005660638077945163,2.85,4.40555040711168,0.8727648261775658,123,Certified_T10,0,10.0,0.9144675138293348,52.44601796595781,9.004505141179584,13.530986346429222,2.562251532568669,0.0021511744173139317,0.003283862402811745,0.007105132363451505,1.0990978324146683,1.0516912275804036,84.17886109027539,1.019878543914438,0.8303957805987866,0.17425361914558177,False,True
True,resolved_oscillation,1.0,9.751523399937335,8.523809523809524,0.0010451556946295926,0.9770326759971533,1.6325958754365457,0.005255964031743721,2.95,4.624673242877298,0.8725556252224199,123,Certified_T11,1,11.0,1.2484766000626646,52.44601796595781,9.004505141179584,13.530986346429222,2.562251532568669,0.0021511744173139317,0.003283862402811745,0.007105132363451505,1.0990978324146683,1.0516912275804036,84.17886109027539,1.019878543914438,0.8303957805987866,0.17425361914558177,False,True
True,resolved_oscillation,1.0,10.405256812223636,9.095238095238095,0.0008941492814973472,0.9815692178249582,1.627778535169942,0.005140136567387519,2.966666666666667,4.654457351298837,0.8730810047059692,123,Certified_T12,2,12.0,1.5947431877763645,52.44601796595781,9.004505141179584,13.530986346429222,2.562251532568669,0.0021511744173139317,0.003283862402811745,0.007105132363451505,1.0990978324146683,1.0516912275804036,84.17886109027539,1.019878543914438,0.8303957805987866,0.17425361914558177,False,True
True,resolved_oscillation,1.0,10.90917631752766,9.535714285714285,0.0006606120626877879,0.9817417080905773,1.5913355423843192,0.005239203882598391,2.966666666666667,4.556883609801045,0.8731533037905811,123,Certified_T13,3,13.0,2.0908236824723403,52.44601796595781,9.004505141179584,13.530986346429222,2.562251532568669,0.0021511744173139317,0.003283862402811745,0.007105132363451505,1.0990978324146683,1.0516912275804036,84.17886109027539,1.019878543914438,0.8303957805987866,0.17425361914558177,False,True
True,resolved_oscillation,1.0,10.84840611517095,9.569047619047618,0.0006583108512228391,0.9841771842595506,2.853384247037504,0.001593326830344672,3.6666666666666665,9.818982547611222,0.7712072735324176,124,Certified_T10,0,10.0,0.8484061151709508,52.92416702025445,11.74409541508197,13.230728094245755,2.941160217449952,0.0030599869909839566,0.0010318110563299098,0.006160841008831007,1.0550993092132288,0.9984378457104179,69.88143298892595,1.0281809501465637,1.093921961137763,0.17532651553934958,False,True
True,resolved_oscillation,1.0,11.658190099881397,10.283333333333333,0.0,0.9880811756018405,2.901058171065876,0.0015426275811975185,3.8583333333333334,10.516793415965841,0.7718455961519436,124,Certified_T11,1,11.0,0.6581900998813968,52.92416702025445,11.74409541508197,13.230728094245755,2.941160217449952,0.0030599869909839566,0.0010318110563299098,0.006160841008831007,1.0550993092132288,0.9984378457104179,69.88143298892595,1.0281809501465637,1.093921961137763,0.17532651553934958,False,True
True,resolved_oscillation,1.0,12.442330925076014,10.975,0.000831773056196152,0.9900849917302909,2.905160106474915,0.0015307063381711941,4.016666666666667,10.952778309931428,0.7717914967043507,124,Certified_T12,2,12.0,0.4423309250760141,52.92416702025445,11.74409541508197,13.230728094245755,2.941160217449952,0.0030599869909839566,0.0010318110563299098,0.006160841008831007,1.0550993092132288,0.9984378457104179,69.88143298892595,1.0281809501465637,1.093921961137763,0.17532651553934958,True,True
True,resolved_oscillation,1.0,12.823379277881429,11.31111111111111,0.0007609004609444828,0.9887567903110579,2.845180031342928,0.0015662672901227731,4.016666666666667,10.7516289452934,0.7715150536144122,124,Certified_T13,3,13.0,0.17662072211857094,52.92416702025445,11.74409541508197,13.230728094245755,2.941160217449952,0.0030599869909839566,0.0010318110563299098,0.006160841008831007,1.0550993092132288,0.9984378457104179,69.88143298892595,1.0281809501465637,1.093921961137763,0.17532651553934958,True,True
True,resolved_oscillation,1.0,7.7998952040031595,6.848333333333333,0.0007695978730027695,0.910319090573394,1.56193157666834,0.01820657325928483,2.566666666666667,4.0254582718539735,0.9290291237299096,125,Certified_T10,0,10.0,2.2001047959968405,52.680194958146714,8.215037295987505,13.914951510123291,2.7678062321667243,0.0011853955959215006,0.008405430691636196,0.018822868138000926,0.9669629630263249,1.1692549384790065,95.59075072558815,0.9963262777632913,1.0391354460677416,0.10752243398464212,False,True
True,resolved_oscillation,1.0,7.716372354410525,6.775,0.001296546806137097,0.8935401160876746,1.4066820407019074,0.021057901120035846,2.433333333333333,3.4935106868978645,0.9373090906202541,125,Certified_T11,1,11.0,3.2836276455894753,52.680194958146714,8.215037295987505,13.914951510123291,2.7678062321667243,0.0011853955959215006,0.008405430691636196,0.018822868138000926,0.9669629630263249,1.1692549384790065,95.59075072558815,0.9963262777632913,1.0391354460677416,0.10752243398464212,False,True
True,resolved_oscillation,1.0,6.72770225980073,5.906944444444445,0.001886361411017695,0.7164766193261336,0.7749978198140228,0.07231425413553949,2.1666666666666665,1.9049235172345917,0.9655016408040785,125,Certified_T12,2,12.0,5.27229774019927,52.680194958146714,8.215037295987505,13.914951510123291,2.7678062321667243,0.0011853955959215006,0.008405430691636196,0.018822868138000926,0.9669629630263249,1.1692549384790065,95.59075072558815,0.9963262777632913,1.0391354460677416,0.10752243398464212,False,True
True,steady_state,0.0,,,,,0.3397007315256932,0.9986489456562374,,,0.9845410308565675,125,Certified_T13,3,13.0,,52.680194958146714,8.215037295987505,13.914951510123291,2.7678062321667243,0.0011853955959215006,0.008405430691636196,0.018822868138000926,0.9669629630263249,1.1692549384790065,95.59075072558815,0.9963262777632913,1.0391354460677416,0.10752243398464212,False,False
True,resolved_oscillation,1.0,9.367409165451509,8.369047619047619,0.0007527030756940513,0.9467522207840329,1.6913595091127476,0.0022645007028462916,3.15,5.09100124850064,0.9216824743234552,126,Certified_T10,0,10.0,0.6325908345484912,53.60530839144293,10.48767876244608,12.883301282883144,3.0819310671805997,0.016033564573719933,0.0011896737422239757,0.016213657279837066,1.0293663714996668,1.0808753792466694,70.32491391591108,0.9106646819350296,0.8399491961448922,0.1093488629809094,False,True
True,resolved_oscillation,1.0,8.94267777548171,7.989583333333333,0.001079633208879824,0.9215219424581208,1.4814099887723382,0.003166288903898082,2.8833333333333333,4.1495701081643475,0.9327195695034172,126,Certified_T11,1,11.0,2.0573222245182894,53.60530839144293,10.48767876244608,12.883301282883144,3.0819310671805997,0.016033564573719933,0.0011896737422239757,0.016213657279837066,1.0293663714996668,1.0808753792466694,70.32491391591108,0.9106646819350296,0.8399491961448922,0.1093488629809094,False,True
True,resolved_oscillation,1.0,6.998967629140789,6.253030303030303,0.0010781970177507626,0.6977623032228526,0.6606706680551738,0.039169984064821285,2.216666666666667,1.5754974081781066,0.9700299235446724,126,Certified_T12,2,12.0,5.001032370859211,53.60530839144293,10.48767876244608,12.883301282883144,3.0819310671805997,0.016033564573719933,0.0011896737422239757,0.016213657279837066,1.0293663714996668,1.0808753792466694,70.32491391591108,0.9106646819350296,0.8399491961448922,0.1093488629809094,False,True
True,steady_state,0.0,,,,,0.3177662379758701,0.9999885848597169,,,0.9852634213346664,126,Certified_T13,3,13.0,,53.60530839144293,10.48767876244608,12.883301282883144,3.0819310671805997,0.016033564573719933,0.0011896737422239757,0.016213657279837066,1.0293663714996668,1.0808753792466694,70.32491391591108,0.9106646819350296,0.8399491961448922,0.1093488629809094,False,False
True,resolved_oscillation,1.0,10.803278390298113,8.977083333333333,0.0009608710503722732,0.9815602701749839,2.4219058240600932,0.008447407474089931,3.075,7.126340459121015,0.9788421960807012,127,Certified_T10,0,10.0,0.8032783902981127,49.85755069347397,8.432345987632331,10.648977865950243,3.370230527636258,0.0028130652589678133,0.007117570716204439,0.004628672103766932,0.9976883900544165,1.0240025333630236,76.63538768538757,1.0298531178165595,1.0223690801843273,0.02263873091160518,False,True
True,resolved_oscillation,1.0,11.72483245647976,9.742857142857142,0.0009143835256045801,0.9873205090025982,2.460327445385675,0.008308508990233058,3.2333333333333334,7.584137101427856,0.978918732843949,127,Certified_T11,1,11.0,0.7248324564797599,49.85755069347397,8.432345987632331,10.648977865950243,3.370230527636258,0.0028130652589678133,0.007117570716204439,0.004628672103766932,0.9976883900544165,1.0240025333630236,76.63538768538757,1.0298531178165595,1.0223690801843273,0.02263873091160518,False,True
True,resolved_oscillation,1.0,12.709542644051496,10.56111111111111,0.0008149360013061373,0.9913218333342434,2.4525740611982245,0.008332379852650132,3.283333333333333,7.703318776922994,0.9790098634638819,127,Certified_T12,2,12.0,0.7095426440514956,49.85755069347397,8.432345987632331,10.648977865950243,3.370230527636258,0.0028130652589678133,0.007117570716204439,0.004628672103766932,0.9976883900544165,1.0240025333630236,76.63538768538757,1.0298531178165595,1.0223690801843273,0.02263873091160518,False,True
True,resolved_oscillation,1.0,13.344685490545391,11.08888888888889,0.0007761489671758351,0.9926013096297467,2.376250671799086,0.008599483732090393,3.1666666666666665,7.230422298124721,0.9792091868817949,127,Certified_T13,3,13.0,0.3446854905453911,49.85755069347397,8.432345987632331,10.648977865950243,3.370230527636258,0.0028130652589678133,0.007117570716204439,0.004628672103766932,0.9976883900544165,1.0240025333630236,76.63538768538757,1.0298531178165595,1.0223690801843273,0.02263873091160518,True,True
