block,factor,sample_id,x__Td_min,x__K_copies,x__hill_n,x__shared_PLtetO1_leak,x__shared_PLtetO1_tx_scale,x__oscillator_translation_scale,x__oscillator_mrna_total_half_life_min,x__effective_sponge_sites,physical__Td_min,physical__oscillator_plasmid_copies,physical__K_copies,physical__hill_n,physical__oscillator_promoter_leak,physical__oscillator_tx_scale,physical__oscillator_translation_scale,physical__oscillator_mrna_total_half_life_min,physical__sponge_plasmid_copies,physical__sponge_accessible_fraction,physical__c31_promoter_leak,physical__c31_tx_scale,physical__c31_translation_scale,physical__c31_mrna_total_half_life_min,physical__peak_load_fraction,physical__effective_sponge_sites_target,run_id,Td_min,oscillator_plasmid_copies,K_copies,hill_n,oscillator_promoter_leak,oscillator_tx_scale,oscillator_translation_scale,oscillator_mrna_total_half_life_min,sponge_plasmid_copies,sponge_accessible_fraction,c31_promoter_leak,c31_tx_scale,c31_translation_scale,c31_mrna_total_half_life_min,peak_load_fraction,solver_success,error_message,status,resolved_oscillation,period_min,period_generations,deterministic_period_cv,TetR_relative_amplitude,TetR_free_peak,TetR_free_trough,CI_peak,LacI_peak,CI_phase_lag_fraction_cycle,PLtetO1_duty_activity_gt_0p5,C31_protein_peak_copies,C31_protein_trough_copies,C31_flux_peak_uM_h,C31_flux_trough_uM_h,C31_flux_trough_fraction_of_peak,C31_flux_residual_duty_above_0p5_uM_h,C31_flux_FWHM_h,C31_flux_dose_uM_per_cycle,resource_min,resource_mean,effective_functional_sites,effective_sponge_sites,C31_flux_trough_fraction_of_peak_when_resolved,C31_flux_residual_duty_above_0p5_uM_h_when_resolved
A,,0,0.6523163084985453,0.36929077709565117,0.476552141139271,0.7731966058510996,0.7192846536989712,0.7991515494535374,0.6932516039832075,0.976099650949025,53.046326169970904,10.0,11.692907770956513,2.953104282278542,0.010137992760460698,1.2192846536989712,1.2991515494535375,3.0518422183769376,78.087972075922,1.0,0.010137992760460698,1.2192846536989712,1.0,2.0,0.0,156.175944151844,0,53.046326169970904,10.0,11.692907770956513,2.953104282278542,0.010137992760460696,1.2192846536989712,1.2991515494535375,3.0518422183769376,78.087972075922,1.0,0.010137992760460698,1.2192846536989712,1.0,2.0,0.0,True,,unresolved_oscillation,0.0,,,,0.05212402499982384,32.80484978320939,31.09492897299392,156.88216923118253,27.392957598122884,,0.0,411.80086320212786,382.8192573444937,0.5462320434913442,0.4823943581084953,0.8831308303064418,0.985114419017996,4.083333333333333,3.5069896344326916,1.0,1.0,40.0,156.175944151844,,
A,,1,0.551410633705412,0.5182907415863287,0.4330535974015236,0.8524225710498768,0.26499487736458205,0.7192355361076039,0.13139037206848947,0.4556181454269522,51.02821267410824,10.0,13.182907415863287,2.866107194803047,0.012853675567217745,0.764994877364582,1.219235536107604,1.235486285642274,36.449451634156176,1.0,0.012853675567217745,0.764994877364582,1.0,2.0,0.0,72.89890326831235,1,51.02821267410824,10.0,13.182907415863287,2.866107194803047,0.012853675567217743,0.764994877364582,1.219235536107604,1.235486285642274,36.449451634156176,1.0,0.012853675567217745,0.764994877364582,1.0,2.0,0.0,True,,resolved_oscillation,1.0,427.6666666666667,8.380984640750805,0.0011691348402182384,0.9466168030094637,207.64997460901972,11.085019499633162,275.39975449394876,74.81142036672395,0.5995323460639127,0.21039768940235504,1901.6794246015088,142.73967838066355,3.4419447438899646,0.07268285642162262,0.021116799318364132,0.4574538991335259,2.3333333333333335,8.130668052808524,1.0,1.0,40.0,72.89890326831235,0.021116799318364132,0.4574538991335259
A,,2,0.527858875741076,0.7885110022666142,0.8313783726110382,0.8936092939302647,0.41701061288961905,0.10285973940458293,0.16799844493272076,0.8898534260437165,50.55717751482152,10.0,15.885110022666142,3.6627567452220764,0.014541610098533038,0.917010612889619,0.6028597394045829,1.3104663503609928,71.18827408349732,1.0,0.014541610098533038,0.917010612889619,1.0,2.0,0.0,142.37654816699464,2,50.55717751482152,10.0,15.885110022666142,3.6627567452220764,0.014541610098533038,0.917010612889619,0.6028597394045829,1.3104663503609928,71.18827408349732,1.0,0.01454161009853305,0.917010612889619,1.0,2.0,0.0,True,,resolved_oscillation,1.0,379.45454545454544,7.505453510400244,0.0013762727950498391,0.8940713391672054,123.88595343557121,13.12307314342401,184.7854332549669,53.090743857855436,0.5534259702922856,0.267940457676072,2433.0865670604962,266.13302656500633,4.431069170129004,0.099360102652445,0.022423505216812557,0.5503221506331927,2.3833333333333333,10.639167418790269,1.0,1.0,40.0,142.37654816699464,0.022423505216812557,0.5503221506331927
A,,3,0.13384197899943828,0.2102493009055516,0.002416419738390796,0.4342247396574749,0.8048933820835706,0.012133239297335785,0.6383509037943887,0.39924093577650477,42.676839579988766,10.0,10.102493009055516,2.004832839476782,0.003672310641606497,1.3048933820835706,0.5121332392973358,2.793753818007069,31.93927486212038,1.0,0.003672310641606497,1.3048933820835706,1.0,2.0,0.0,63.87854972424076,3,42.676839579988766,10.0,10.102493009055516,2.004832839476782,0.0036723106416064965,1.3048933820835706,0.5121332392973358,2.793753818007069,31.93927486212038,1.0,0.003672310641606497,1.3048933820835706,1.0,2.0,0.0,True,,resolved_oscillation,1.0,378.6,8.87132233141102,0.001363966665331015,0.9693028220115559,269.3377675464362,8.267909389383115,357.7874077746264,99.63148020843575,0.630216587427364,0.18151521884025773,2605.2162918751606,145.30466412770403,5.625847916043407,0.047395150747376956,0.008424534657650222,0.4767829371250833,1.9833333333333334,11.100982103405906,1.0,1.0,40.0,63.87854972424076,0.008424534657650222,0.4767829371250833
A,,4,0.29839124245100024,0.4014372245417077,0.7407632727886166,0.973170057651865,0.9917832957867231,0.8395727965599573,0.6163105529447619,0.23802648392585535,45.967824849020005,10.0,12.014372245417077,3.4815265455772333,0.01845539887005003,1.491783295786723,1.3395727965599573,2.696389267662793,19.04211871406843,1.0,0.01845539887005003,1.491783295786723,1.0,2.0,0.0,38.08423742813686,4,45.967824849020005,10.0,12.014372245417077,3.4815265455772333,0.01845539887005003,1.491783295786723,1.3395727965599573,2.696389267662793,19.04211871406843,1.0,0.01845539887005003,1.491783295786723,1.0,2.0,0.0,True,,steady_state,0.0,,,,,15.054577146874692,15.05457677714111,807.0791920947349,45.71324877982206,,0.0,2325.339238850669,2325.3379787531826,3.4934776438886397,3.4934774420022876,0.9999999422104926,1.0,5.3,,1.0,1.0,40.0,38.08423742813686,,
A,,5,0.43609826489132697,0.9283144976343863,0.4369071057473428,0.6793096803954553,0.4457193604870616,0.8902233596814232,0.30683681880373526,0.2464707225199041,48.72196529782654,10.0,17.283144976343863,2.8738142114946856,0.007652481186052526,0.9457193604870616,1.390223359681423,1.6385878586544742,19.717657801592328,1.0,0.007652481186052526,0.9457193604870616,1.0,2.0,0.0,39.435315603184655,5,48.72196529782654,10.0,17.283144976343863,2.8738142114946856,0.007652481186052526,0.9457193604870616,1.390223359681423,1.6385878586544742,19.717657801592328,1.0,0.007652481186052533,0.9457193604870616,1.0,2.0,0.0,True,,resolved_oscillation,1.0,527.5714285714286,10.828205006643342,0.0010131755718315574,0.9781007081575325,537.0250227791498,11.760467700548384,629.5866400298544,291.71796017859833,0.6274031952342269,0.25905354365696515,2875.455082920493,85.62682119567476,5.1173160583569866,0.05236045729254391,0.010232015512709068,0.43323705843145965,2.6166666666666667,13.145059965346087,1.0,1.0,40.0,39.435315603184655,0.010232015512709068,0.43323705843145965
A,,6,0.2794490958047151,0.8625034418378221,0.8867248432919269,0.4437347746393657,0.4617652819142606,0.17305191977008727,0.3697961343740416,0.12011926120459937,45.588981916094305,10.0,16.62503441837822,3.773449686583854,0.0037784375789652875,0.9617652819142606,0.6730519197700873,1.8133281586919776,9.60954089636795,1.0,0.0037784375789652875,0.9617652819142606,1.0,2.0,0.0,19.2190817927359,6,45.588981916094305,10.0,16.62503441837822,3.773449686583854,0.0037784375789652875,0.9617652819142606,0.6730519197700873,1.8133281586919776,9.60954089636795,1.0,0.0037784375789652875,0.9617652819142606,1.0,2.0,0.0,True,,resolved_oscillation,1.0,522.4285714285714,11.45953582359202,0.0010231494084697679,0.9799342901946947,412.66075866570714,8.280331031423193,426.3955479955462,352.258351901629,0.6255400601585999,0.3394801155298823,3635.3941489282397,69.88226894911098,6.446878513694782,0.026154860524883174,0.004056980516900344,0.46567429460119975,2.925,17.975341760872745,1.0,1.0,40.0,19.2190817927359,0.004056980516900344,0.46567429460119975
A,,7,0.9184594597167923,0.49622080261620993,0.0015575791320572296,0.7098664043105585,0.9560701223241277,0.3725144238776874,0.9611080662365922,0.35699789581469954,58.369189194335846,10.0,12.962208026162099,2.0031151582641145,0.008386050723346496,1.4560701223241277,0.8725144238776874,4.696623093566884,28.559831665175963,1.0,0.008386050723346496,1.4560701223241277,1.0,2.0,0.0,57.119663330351926,7,58.369189194335846,10.0,12.962208026162099,2.0031151582641145,0.008386050723346496,1.4560701223241277,0.8725144238776874,4.696623093566884,28.559831665175963,1.0,0.008386050723346496,1.4560701223241277,1.0,2.0,0.0,True,,resolved_oscillation,1.0,413.6666666666667,7.0870723471829375,0.011077942856460531,0.7466917608441739,148.14295029934914,37.52582988367719,282.29097453197363,94.75277196056976,0.6348106365834004,0.0,719.1433472522724,202.75577644030196,1.1890677354320207,0.16607703890038933,0.13966995651433517,0.3705843145967563,2.25,3.069461152589422,1.0,1.0,40.0,57.119663330351926,0.13966995651433517,0.3705843145967563
A,,8,0.30358690650228426,0.5048124943431317,0.9217794243662824,0.25378836310641073,0.48115780150084886,0.6166769025777588,0.9266438061402799,0.37517357399106444,46.07173813004569,10.0,13.048124943431317,3.843558848732565,0.002138879278054398,0.9811578015008489,1.1166769025777588,4.443203711646457,30.013885919285155,1.0,0.002138879278054398,0.9811578015008489,1.0,2.0,0.0,60.02777183857031,8,46.07173813004569,10.0,13.048124943431317,3.843558848732565,0.002138879278054398,0.9811578015008489,1.1166769025777588,4.443203711646457,30.013885919285155,1.0,0.002138879278054398,0.9811578015008489,1.0,2.0,0.0,True,,resolved_oscillation,1.0,797.75,17.31538753211803,0.0006267627702914447,0.9970872026100955,1921.220557374018,5.5961262249498605,2026.5904549202132,1561.8232126004577,0.6280162958320276,0.3554765607642746,4254.645944888586,14.985900951895895,6.789146259774133,0.015082417660450403,0.0022215484956943873,0.43212619417907133,4.516666666666667,28.76014669266072,1.0,1.0,40.0,60.02777183857031,0.0022215484956943873,0.43212619417907133
A,,9,0.932509762265573,0.6848542803973867,0.545033930508929,0.7217621395502537,0.9406082623381035,0.4715857368406461,0.9437489081058605,0.8804158591471485,58.650195245311465,10.0,14.848542803973867,3.0900678610178582,0.00869028847805224,1.4406082623381034,0.9715857368406461,4.567222593336356,70.43326873177188,1.0,0.00869028847805224,1.4406082623381034,1.0,2.0,0.0,140.86653746354375,9,58.650195245311465,10.0,14.848542803973867,3.0900678610178582,0.00869028847805224,1.4406082623381034,0.9715857368406461,4.567222593336356,70.43326873177188,1.0,0.00869028847805224,1.4406082623381034,1.0,2.0,0.0,True,,resolved_oscillation,1.0,469.0,7.996563319838089,0.0010660980810234541,0.7802759713224722,105.73753163445855,23.233076433140774,530.73678179359,49.798376500627164,0.5479744136460555,0.0,1248.2767154350609,165.87409628970576,2.1450869957792236,0.11376298542913353,0.05303420591005356,0.3845812041768496,2.183333333333333,5.456318587056979,1.0,1.0,40.0,140.86653746354375,0.05303420591005356,0.3845812041768496
A,,10,0.5589990905755731,0.4462819689375723,0.9938149577766761,0.9015922436254239,0.8793790695616299,0.4601942566664927,0.11453905085060889,0.29314213139177814,51.17998181151146,10.0,12.462819689375724,3.9876299155533523,0.014893561147698462,1.37937906956163,0.9601942566664927,1.2024287755036374,23.45137051134225,1.0,0.014893561147698462,1.37937906956163,1.0,2.0,0.0,46.9027410226845,10,51.17998181151146,10.0,12.462819689375724,3.9876299155533523,0.014893561147698462,1.37937906956163,0.9601942566664927,1.2024287755036374,23.45137051134225,1.0,0.014893561147698462,1.37937906956163,1.0,2.0,0.0,True,,resolved_oscillation,1.0,521.875,10.196857863724745,0.0006774675747895066,0.9562228650388355,239.30457422839928,10.476068642820639,422.23992486446036,78.54189171853398,0.5681437125748503,0.21395245500999777,3804.1746763816586,170.74578788254738,6.65223828298712,0.14772253510265881,0.02220644072243388,0.4276827371695179,2.566666666666667,17.22631116740923,1.0,1.0,40.0,46.9027410226845,0.02220644072243388,0.4276827371695179
A,,11,0.8825503300451477,0.7833164928346555,0.6936976459779453,0.6974159517909397,0.3326584954172609,0.6616409964329848,0.40307903288704905,0.6314419665790977,57.65100660090295,10.0,15.833164928346555,3.3873952919558903,0.00807902724545485,0.8326584954172609,1.1616409964329848,1.9131109319217572,50.515357326327816,1.0,0.00807902724545485,0.8326584954172609,1.0,2.0,0.0,101.03071465265563,11,57.65100660090295,10.0,15.833164928346555,3.3873952919558903,0.00807902724545485,0.8326584954172609,1.1616409964329848,1.9131109319217572,50.515357326327816,1.0,0.00807902724545485,0.8326584954172609,1.0,2.0,0.0,True,,resolved_oscillation,1.0,661.0,11.46554134910191,0.0,0.9831577969534285,598.4817910677596,10.079751844838896,731.4245496388598,254.99784081966862,0.6006051437216339,0.2759386802932682,3425.015635114095,80.89567556496462,4.925926582685157,0.04837410659600326,0.009820306044763298,0.4134636747389469,3.566666666666667,16.944319338072845,1.0,1.0,40.0,101.03071465265563,0.009820306044763298,0.4134636747389469
A,,12,0.4044568990688079,0.024031735423203138,0.3713608600938766,0.5394681067715948,0.3484344915921219,0.41869845356194746,0.0743758010283625,0.5957220289699944,48.089137981376155,10.0,8.240317354232031,2.7427217201877534,0.0050334318006715235,0.8484344915921219,0.9186984535619475,1.1271622984285814,47.65776231759955,1.0,0.0050334318006715235,0.8484344915921219,1.0,2.0,0.0,95.3155246351991,12,48.089137981376155,10.0,8.240317354232031,2.7427217201877534,0.005033431800671524,0.8484344915921219,0.9186984535619475,1.1271622984285814,47.65776231759955,1.0,0.0050334318006715235,0.8484344915921219,1.0,2.0,0.0,True,,resolved_oscillation,1.0,411.0,8.546628557974383,0.0,0.967115517307689,186.00447394127173,6.11666090401418,224.7036863469073,53.22255898330039,0.583941605839416,0.2546100866474117,2256.9320184853013,122.95593458012299,4.235848815681109,0.03187152449883674,0.007524235610309882,0.4738946900688736,2.3833333333333333,9.759839149383655,1.0,1.0,40.0,95.3155246351991,0.007524235610309882,0.4738946900688736
A,,13,0.8397119452496339,0.26008903724763854,0.8937767146418455,0.7360853102868091,0.6297901131894204,0.3533399201315356,0.54972461355271,0.24027480692021974,56.79423890499268,10.0,10.600890372476385,3.787553429283691,0.009071290353590626,1.1297901131894204,0.8533399201315356,2.422372990848222,19.22198455361758,1.0,0.009071290353590626,1.1297901131894204,1.0,2.0,0.0,38.44396910723516,13,56.79423890499268,10.0,10.600890372476385,3.787553429283691,0.009071290353590626,1.1297901131894204,0.8533399201315356,2.422372990848222,19.22198455361758,1.0,0.009071290353590626,1.1297901131894204,1.0,2.0,0.0,True,,resolved_oscillation,1.0,662.0,11.656111830416743,0.0,0.9730942529112515,318.75396656617875,8.57631360796499,726.165796591659,103.88498590177178,0.56797583081571,0.21417462786047545,3656.8017802638296,88.6796197864006,5.627246440325169,0.07367692582874835,0.013092891276411018,0.38080426571872916,3.066666666666667,16.921096318944358,1.0,1.0,40.0,38.44396910723516,0.013092891276411018,0.38080426571872916
A,,14,0.5050919744883469,0.29587452410599624,0.37675403278337516,0.07604663233161935,0.21428753930495725,0.20466249303767636,0.7919028093038489,0.04476630886248789,50.10183948976694,10.0,10.958745241059962,2.7535080655667503,0.0012558534116573618,0.7142875393049573,0.7046624930376764,3.576978337681357,3.5813047089990313,1.0,0.0012558534116573618,0.7142875393049573,1.0,2.0,0.0,7.162609417998063,14,50.10183948976694,10.0,10.958745241059962,2.7535080655667503,0.0012558534116573618,0.7142875393049573,0.7046624930376764,3.576978337681357,3.5813047089990313,1.0,0.0012558534116573618,0.7142875393049573,1.0,2.0,0.0,True,,resolved_oscillation,1.0,666.6666666666666,13.306231337131447,0.0007745966692414835,0.9928473732154384,683.6679268383187,4.890021525249547,701.74822407818,525.3606160820113,0.642375,0.2690513219284603,2900.2889163955615,25.448745833826994,4.630816879269394,0.006505586560290516,0.0014048464298845058,0.37947122861586313,3.433333333333333,15.11005017956693,1.0,1.0,40.0,7.162609417998063,0.0014048464298845058,0.37947122861586313
A,,15,0.9354066410283456,0.4956740475582503,0.6505030867783376,0.3678801652864846,0.44262136838463495,0.3567890580726589,0.7861953008443282,0.3266761862476052,58.70813282056692,10.0,12.956740475582503,3.301006173556675,0.0030103925452112375,0.942621368384635,0.8567890580726589,3.5442710945200737,26.134094899808417,1.0,0.0030103925452112375,0.942621368384635,1.0,2.0,0.0,52.268189799616835,15,58.70813282056692,10.0,12.956740475582503,3.301006173556675,0.0030103925452112375,0.942621368384635,0.8567890580726589,3.5442710945200737,26.134094899808417,1.0,0.0030103925452112375,0.942621368384635,1.0,2.0,0.0,True,,resolved_oscillation,1.0,880.75,15.002180408153798,0.0005676979846721544,0.9951115949195615,1264.273050019984,6.180278800779156,1392.4663478449884,861.368624316424,0.6278739710474028,0.30637636080870917,4774.4591368659685,31.66554060829709,6.234033157267464,0.020395968836459256,0.003271713242763587,0.4007998222617196,4.75,27.97849862058378,1.0,1.0,40.0,52.268189799616835,0.003271713242763587,0.4007998222617196
A,,16,0.4165039138534229,0.28577343400915445,0.19195520983891223,0.3853034399427899,0.5293155168028456,0.028087019400847124,0.24521803081693405,0.1709331898065073,48.33007827706846,10.0,10.857734340091545,2.3839104196778242,0.0031716943810267094,1.0293155168028456,0.5280870194008471,1.4838843279905287,13.674655184520583,1.0,0.0031716943810267094,1.0293155168028456,1.0,2.0,0.0,27.349310369041167,16,48.33007827706846,10.0,10.857734340091545,2.3839104196778242,0.0031716943810267094,1.0293155168028456,0.5280870194008471,1.4838843279905287,13.674655184520583,1.0,0.0031716943810267094,1.0293155168028456,1.0,2.0,0.0,True,,resolved_oscillation,1.0,401.8,8.313663340178058,0.0010493703866495368,0.9543711714303506,177.0693703343084,8.079467943919912,196.74716115395324,87.64640413372628,0.6306620209059233,0.2323928015996445,2611.7940153398995,176.40447069365422,4.953810862837774,0.03297316863459639,0.006656121831770505,0.4810042212841591,2.2333333333333334,10.984122384502117,1.0,1.0,40.0,27.349310369041167,0.006656121831770505,0.4810042212841591
A,,17,0.5474959190386707,0.32786926200840927,0.12153798541605187,0.8674324012996638,0.7705241825193797,0.8212992686047814,0.49428288340064575,0.17215494341127735,50.94991838077341,10.0,11.278692620084094,2.2430759708321037,0.013444837988443942,1.2705241825193796,1.3212992686047813,2.21558751476456,13.772395472902188,1.0,0.013444837988443942,1.2705241825193796,1.0,2.0,0.0,27.544790945804376,17,50.94991838077341,10.0,11.278692620084094,2.2430759708321037,0.013444837988443942,1.2705241825193796,1.3212992686047813,2.21558751476456,13.772395472902188,1.0,0.013444837988443942,1.2705241825193796,1.0,2.0,0.0,True,,resolved_oscillation,1.0,327.22222222222223,6.4224287814699155,0.003978055862091675,0.3621065074086776,63.46171127726314,40.4818126524755,110.39791815500602,47.8379030807326,0.6631578947368421,0.0,392.4791541887697,266.4725361420197,0.6073809747397949,0.30606525550217545,0.5039098493878498,0.06354143523661408,,2.369791423522047,1.0,1.0,40.0,27.544790945804376,0.5039098493878498,0.06354143523661408
A,,18,0.2557492081993019,0.011841787648559254,0.9901753778860107,0.5100265748839851,0.24386234796739392,0.9723548965289336,0.18530812723112733,0.07398357953597556,45.11498416398604,10.0,8.118417876485593,3.9803507557720215,0.004608502978467939,0.7438623479673939,1.4723548965289335,1.3474877400250016,5.918686362878045,1.0,0.004608502978467939,0.7438623479673939,1.0,2.0,0.0,11.83737272575609,18,45.11498416398604,10.0,8.118417876485593,3.9803507557720215,0.004608502978467939,0.7438623479673939,1.4723548965289335,1.3474877400250016,5.918686362878045,1.0,0.004608502978467943,0.7438623479673939,1.0,2.0,0.0,True,,resolved_oscillation,1.0,642.0,14.230305338608312,0.0,0.9920786239284,526.5444265201828,4.170956420871344,559.7414657536455,384.75519225464143,0.6199376947040498,0.3265940902021773,2935.360996596477,27.879230948697106,4.9940955017171405,0.024637867041560815,0.004933399257801433,0.41724061319706734,3.5833333333333335,16.892324621063203,1.0,1.0,40.0,11.83737272575609,0.004933399257801433,0.41724061319706734
A,,19,0.9255513500073052,0.7189310719243752,0.3595363148666204,0.008470141514244522,0.614501749387959,0.9187699952713662,0.5653192310309306,0.6859534039173187,58.5110270001461,10.0,15.189310719243753,2.719072629733241,0.0010256989434931972,1.114501749387959,1.4187699952713662,2.4839404815345145,54.8762723133855,1.0,0.0010256989434931972,1.114501749387959,1.0,2.0,0.0,109.752544626771,19,58.5110270001461,10.0,15.189310719243753,2.719072629733241,0.0010256989434931972,1.114501749387959,1.4187699952713662,2.4839404815345145,54.8762723133855,1.0,0.0010256989434931972,1.114501749387959,1.0,2.0,0.0,True,,resolved_oscillation,1.0,829.0,14.168269512649813,0.0,0.9962948902975531,1755.6559162834662,6.504897769580165,1849.819356570943,1069.8107768348352,0.6296743063932448,0.34081315263274825,5463.347011181692,31.28533339544115,7.2834428527650426,0.00823541870169736,0.0011307041008183259,0.45234392357253944,4.45,30.52757179007182,1.0,1.0,40.0,109.752544626771,0.0011307041008183259,0.45234392357253944
A,,20,0.0013435690855783111,0.46494735339945903,0.7029286016979912,0.6847519706450776,0.45656378171454903,0.066410428609471,0.5239147617457327,0.5455612958419926,40.026871381711565,10.0,12.649473533994591,3.4058572033959824,0.007778267117499566,0.956563781714549,0.566410428609471,2.323810465653857,43.644903667359415,1.0,0.007778267117499566,0.956563781714549,1.0,2.0,0.0,87.28980733471883,20,40.026871381711565,10.0,12.649473533994591,3.4058572033959824,0.007778267117499566,0.956563781714549,0.566410428609471,2.323810465653857,43.644903667359415,1.0,0.007778267117499566,0.956563781714549,1.0,2.0,0.0,True,,resolved_oscillation,1.0,415.1,10.370533236071527,0.0007618110479808189,0.9735240889472223,293.9132039598132,7.781619845276929,351.2388287786836,145.2856908814382,0.59082148879788,0.3234836702954899,2777.940526987647,94.08338821549405,5.776315981602849,0.053626119772994287,0.009283792635962025,0.47656076427460564,2.466666666666667,13.648682121533088,1.0,1.0,40.0,87.28980733471883,0.009283792635962025,0.47656076427460564
A,,21,0.07885095553436716,0.31896266985311017,0.43766206874156466,0.49990424355663865,0.7169457026455673,0.4357792480321784,0.5996465601993903,0.8802543008467651,41.577019110687345,10.0,11.189626698531102,2.8753241374831293,0.0044708532590794344,1.2169457026455675,0.9357792480321784,2.625034156727496,70.42034406774121,1.0,0.0044708532590794344,1.2169457026455675,1.0,2.0,0.0,140.84068813548242,21,41.577019110687345,10.0,11.189626698531102,2.8753241374831293,0.0044708532590794344,1.2169457026455675,0.9357792480321784,2.625034156727496,70.42034406774121,1.0,0.0044708532590794344,1.2169457026455675,1.0,2.0,0.0,True,,resolved_oscillation,1.0,495.625,11.920647766510994,0.0010442353987526168,0.9904910240394202,680.3503445202658,6.4694350708154325,867.8514619377052,220.04015504865768,0.5972257250945776,0.2943790268829149,3678.5212134305225,59.97379866587562,7.249514574147191,0.03916747312646998,0.005402771830564602,0.4452343923572539,2.725,18.7536564399082,1.0,1.0,40.0,140.84068813548242,0.005402771830564602,0.4452343923572539
A,,22,0.8675713022377077,0.6969107328092301,0.6335471684261575,0.5509199571228793,0.8481709139021257,0.3486284427256984,0.980574699729904,0.08487242491476177,57.351426044754156,10.0,14.969107328092301,3.267094336852315,0.005209108332360569,1.3481709139021256,0.8486284427256984,4.846099224439112,6.7897939931809415,1.0,0.005209108332360569,1.3481709139021256,1.0,2.0,0.0,13.579587986361883,22,57.351426044754156,10.0,14.969107328092301,3.267094336852315,0.005209108332360569,1.3481709139021256,0.8486284427256984,4.846099224439112,6.7897939931809415,1.0,0.005209108332360569,1.3481709139021256,1.0,2.0,0.0,True,,resolved_oscillation,1.0,798.0,13.91421373510889,0.0,0.9862917862029537,867.8142785915827,11.89618366706296,1750.8534175355362,452.8323410099248,0.6115288220551378,0.19217951566318595,4441.190138852919,57.10880402230514,6.595727965197327,0.05048906574880335,0.007654813238995198,0.37325038880248834,3.25,21.041574070594194,1.0,1.0,40.0,13.579587986361883,0.007654813238995198,0.37325038880248834
A,,23,0.8783796245132314,0.3287124873925278,0.08087632777524123,0.428318534017873,0.25608481486483725,0.8729212352329343,0.7929911185726779,0.12612542097333246,57.56759249026463,10.0,11.287124873925277,2.1617526555504822,0.0036079063863084983,0.7560848148648373,1.3729212352329343,3.5832491422890334,10.090033677866597,1.0,0.0036079063863084983,0.7560848148648373,1.0,2.0,0.0,20.180067355733193,23,57.56759249026463,10.0,11.287124873925277,2.1617526555504822,0.0036079063863084983,0.7560848148648373,1.3729212352329343,3.5832491422890334,10.090033677866597,1.0,0.0036079063863084983,0.7560848148648373,1.0,2.0,0.0,True,,resolved_oscillation,1.0,621.0,10.787319273513454,0.0,0.9818812416662257,572.5610360750231,10.37409504397871,852.1165205974097,266.37304397343274,0.6312399355877617,0.09331259720062209,1805.6300628538006,47.17474026735843,2.9706322370272833,0.02072145529838072,0.006975436083975415,0.3197067318373695,2.45,7.426686332662744,1.0,1.0,40.0,20.180067355733193,0.006975436083975415,0.3197067318373695
A,,24,0.39314986885056447,0.3402603413700579,0.283665563286857,0.32617748054883455,0.526312222726394,0.13956516709130617,0.18540594859632797,0.31633641727601725,47.86299737701129,10.0,11.402603413700579,2.567331126573714,0.002656847860839996,1.026312222726394,0.6395651670913062,1.3476999017105737,25.30691338208138,1.0,0.002656847860839996,1.026312222726394,1.0,2.0,0.0,50.61382676416276,24,47.86299737701129,10.0,11.402603413700579,2.567331126573714,0.002656847860839996,1.026312222726394,0.6395651670913062,1.3476999017105737,25.30691338208138,1.0,0.002656847860839996,1.026312222726394,1.0,2.0,0.0,True,,resolved_oscillation,1.0,416.9,8.710277726990789,0.0007585218661953418,0.9642531336814708,217.36390367225974,7.770078407045932,238.23410711266555,101.9305664230325,0.6188534420724394,0.25905354365696515,2874.98290515538,152.8549537227838,5.37121239060401,0.023408382863972736,0.004358119017025202,0.47656076427460564,2.3833333333333333,12.40890529376606,1.0,1.0,40.0,50.61382676416276,0.004358119017025202,0.47656076427460564
A,,25,0.07041119244804428,0.332130848458681,0.47799425521871675,0.9860244128897545,0.32422163560981,0.23806648353124005,0.9210385550297289,0.31793519788627744,41.40822384896089,10.0,11.32130848458681,2.9559885104374333,0.019179944123959267,0.82422163560981,0.73806648353124,4.403300482001121,25.434815830902195,1.0,0.019179944123959267,0.82422163560981,1.0,2.0,0.0,50.86963166180439,25,41.40822384896089,10.0,11.32130848458681,2.9559885104374333,0.019179944123959267,0.82422163560981,0.73806648353124,4.403300482001121,25.434815830902195,1.0,0.019179944123959274,0.82422163560981,1.0,2.0,0.0,True,,resolved_oscillation,1.0,304.53846153846155,7.3545405533278805,0.002167953723934282,0.5411015591675079,44.717875754065666,20.520963460881838,141.3408488076236,29.050006925884528,0.6101035615054305,0.0,454.0095748330647,171.65830833921567,0.9664273751013124,0.2122404483237389,0.21961344824435394,0.4212397245056654,1.8666666666666667,2.4703617786119376,1.0,1.0,40.0,50.86963166180439,0.21961344824435394,0.4212397245056654
A,,26,0.5453222821228122,0.15880740001429594,0.7315526222870028,0.9819235271006114,0.44424563520368043,0.8995501600465765,0.7702554738662177,0.8733172195768184,50.90644564245625,10.0,9.58807400014296,3.4631052445740056,0.018945756978259655,0.9442456352036804,1.3995501600465765,3.4545021865384595,69.86537756614547,1.0,0.018945756978259655,0.9442456352036804,1.0,2.0,0.0,139.73075513229094,26,50.90644564245625,10.0,9.58807400014296,3.4631052445740056,0.018945756978259655,0.9442456352036804,1.3995501600465765,3.4545021865384595,69.86537756614547,1.0,0.018945756978259655,0.9442456352036804,1.0,2.0,0.0,True,,steady_state,0.0,,,,,7.187358508838738,7.187358063587469,1709.932314880429,44.02952787825226,,1.0,3680.6460624440097,3680.644430920194,4.993176603087451,4.993176311383832,0.999999941579551,1.0,5.05,,1.0,1.0,40.0,139.73075513229094,,
A,,27,0.5842061138530887,0.17478857874816356,0.6751111745047766,0.21103105998534566,0.47372262078119953,0.27706809452061376,0.08242795025315841,0.20941401680263994,51.684122277061775,10.0,9.747885787481636,3.3502223490095533,0.001881731864134484,0.9737226207811995,0.7770680945206138,1.1418647460445446,16.753121344211195,1.0,0.001881731864134484,0.9737226207811995,1.0,2.0,0.0,33.50624268842239,27,51.684122277061775,10.0,9.747885787481636,3.3502223490095533,0.001881731864134484,0.9737226207811995,0.7770680945206138,1.1418647460445446,16.753121344211195,1.0,0.001881731864134484,0.9737226207811995,1.0,2.0,0.0,True,,resolved_oscillation,1.0,578.8571428571429,11.199902742936757,0.0006529494844680628,0.9841348487467682,321.3650074362937,5.09850445047277,340.32543934943794,217.43923920347976,0.6089585389930898,0.327482781604088,3990.0898936301664,72.92900043034236,6.281068553118129,0.01322598648885447,0.0021056905169883323,0.4527882692734948,3.3333333333333335,19.74942005598964,1.0,1.0,40.0,33.50624268842239,0.0021056905169883323,0.4527882692734948
A,,28,0.5150252250115483,0.5671990511643153,0.9824233046384001,0.9901042993929583,0.8684331197247117,0.5459952500686578,0.7216872091884045,0.610060609924768,50.30050450023097,10.0,13.671990511643154,3.9648466092768,0.01941580458771451,1.3684331197247117,1.0459952500686578,3.1947561271526923,48.804848793981435,1.0,0.01941580458771451,1.3684331197247117,1.0,2.0,0.0,97.60969758796287,28,50.30050450023097,10.0,13.671990511643154,3.9648466092768,0.01941580458771451,1.3684331197247117,1.0459952500686578,3.1947561271526923,48.804848793981435,1.0,0.019415804587714518,1.3684331197247117,1.0,2.0,0.0,True,,steady_state,0.0,,,,,12.148344702130334,12.148343675692693,1431.860841821436,44.66002402504086,,1.0,4459.153887572974,4459.14915513354,6.1221720111578115,6.122171220183,0.9999998708016027,1.0,4.133333333333334,,1.0,1.0,40.0,97.60969758796287,,
A,,29,0.04945339346089217,0.09762210073206024,0.7021926793540646,0.5344320235740077,0.12301565154377614,0.43951840096355876,0.716675164080167,0.8026172127841293,40.98906786921784,10.0,8.976221007320602,3.4043853587081294,0.0049580635987980255,0.6230156515437761,0.9395184009635588,3.169089047811621,64.20937702273035,1.0,0.0049580635987980255,0.6230156515437761,1.0,2.0,0.0,128.4187540454607,29,40.98906786921784,10.0,8.976221007320602,3.4043853587081294,0.0049580635987980255,0.6230156515437761,0.9395184009635588,3.169089047811621,64.20937702273035,1.0,0.0049580635987980255,0.6230156515437761,1.0,2.0,0.0,True,,resolved_oscillation,1.0,501.125,12.225820835909692,0.0007055193626206511,0.9892588936235613,465.89620525701287,5.004240701044704,579.4193497227724,169.96934076259518,0.5806934397605388,0.3319262386136414,2027.0700823548234,32.59336546768209,3.939725016963799,0.0222066184045184,0.005636590957211583,0.447900466562986,2.95,10.992618553910635,1.0,1.0,40.0,128.4187540454607,0.005636590957211583,0.447900466562986
A,,30,0.23529284243979742,0.8407494147148626,0.1627078196361389,0.18400605895795552,0.9153118394219858,0.6622785865219342,0.34201139629394184,0.761506421166632,44.705856848795946,10.0,16.407494147148626,2.325415639272278,0.001735391244881489,1.4153118394219857,1.1622785865219343,1.734026407844816,60.92051369333056,1.0,0.001735391244881489,1.4153118394219857,1.0,2.0,0.0,121.84102738666112,30,44.705856848795946,10.0,16.407494147148626,2.325415639272278,0.001735391244881489,1.4153118394219857,1.1622785865219343,1.734026407844816,60.92051369333056,1.0,0.001735391244881489,1.4153118394219857,1.0,2.0,0.0,True,,resolved_oscillation,1.0,460.44444444444446,10.299421080368925,0.0011446468364509092,0.9856746972842205,702.721208069999,10.066694030400962,768.8022063755851,291.94812131693317,0.6265685328185329,0.25438791379693404,3969.000180548681,101.42130026041883,7.698320359894767,0.01928578581768156,0.0025051939794754384,0.4385692068429238,2.425,17.962190825985104,1.0,1.0,40.0,121.84102738666112,0.0025051939794754384,0.4385692068429238
A,,31,0.3961908178200533,0.5858255229716866,0.8827516093406286,0.1975083502442333,0.42790177911939253,0.8533965863188613,0.9318053292379148,0.9537836951071544,47.92381635640106,10.0,13.858255229716866,3.765503218681257,0.0018070255285962528,0.9279017791193925,1.3533965863188613,4.48026781101067,76.30269560857235,1.0,0.0018070255285962528,0.9279017791193925,1.0,2.0,0.0,152.6053912171447,31,47.92381635640106,10.0,13.858255229716866,3.765503218681257,0.0018070255285962528,0.9279017791193925,1.3533965863188613,4.48026781101067,76.30269560857235,1.0,0.0018070255285962528,0.9279017791193925,1.0,2.0,0.0,True,,resolved_oscillation,1.0,815.0,17.006158147735714,0.0,0.9974704565770778,2272.3310298921133,5.7479600113656355,2449.055103430012,1619.991104800578,0.6147239263803681,0.3812486114196845,4206.692543531784,14.077018230926843,6.434522192319463,0.012050699912020763,0.001872819698470389,0.4652299489002444,4.833333333333333,29.122594732960124,1.0,1.0,40.0,152.6053912171447,0.001872819698470389,0.4652299489002444
A,,32,0.45544406973220386,0.8413148429729738,0.5906917281865809,0.2627126403874821,0.6550826693183404,0.7769402083886271,0.7903188624593088,0.30569927964458465,49.10888139464408,10.0,16.413148429729738,3.1813834563731618,0.00219683290709738,1.1550826693183405,1.276940208388627,3.567871288277414,24.45594237156677,1.0,0.00219683290709738,1.1550826693183405,1.0,2.0,0.0,48.91188474313354,32,49.10888139464408,10.0,16.413148429729738,3.1813834563731618,0.00219683290709738,1.1550826693183405,1.276940208388627,3.567871288277414,24.45594237156677,1.0,0.00219683290709738,1.1550826693183405,1.0,2.0,0.0,True,,resolved_oscillation,1.0,781.0,15.903436971487963,0.0,0.9963426079097543,2013.9390037833084,7.365764582674475,2171.410988617919,1542.2738277311857,0.6386043533930859,0.31437458342590535,4963.417069920129,23.588378561628403,7.6997845116481525,0.018238943470345385,0.0023687602481282048,0.40502110642079536,4.066666666666666,29.57420110715656,1.0,1.0,40.0,48.91188474313354,0.0023687602481282048,0.40502110642079536
A,,33,0.9227593837099817,0.2542365218699282,0.11984868902090784,0.21289201770014698,0.2844369626022776,0.215498302700181,0.5288499542686814,0.8553785018010519,58.455187674199635,10.0,10.542365218699281,2.2396973780418157,0.0018922516859940209,0.7844369626022776,0.715498302700181,2.34234172557057,68.43028014408415,1.0,0.0018922516859940209,0.7844369626022776,1.0,2.0,0.0,136.8605602881683,33,58.455187674199635,10.0,10.542365218699281,2.2396973780418157,0.0018922516859940209,0.7844369626022776,0.715498302700181,2.34234172557057,68.43028014408415,1.0,0.0018922516859940209,0.7844369626022776,1.0,2.0,0.0,True,,resolved_oscillation,1.0,527.125,9.01759144009484,0.0006707202098046455,0.9792501182423384,353.77803450542274,7.340852384445419,411.01874681777673,100.59821607620734,0.6113350723262984,0.24305709842257275,2552.782916670817,107.84615054083547,3.9040274403280626,0.012823101905533135,0.0032845829342981222,0.4445678738058209,2.95,11.10675729580018,1.0,1.0,40.0,136.8605602881683,0.0032845829342981222,0.4445678738058209
A,,34,0.07950435043954462,0.9662316694526888,0.37274283035622435,0.1750304734321343,0.9875008646722722,0.4630627884669968,0.38130948963773503,0.5292730561158066,41.590087008790896,10.0,17.662316694526886,2.7454856607124487,0.0016893510111593599,1.4875008646722723,0.9630627884669968,1.8472424305525734,42.341844489264524,1.0,0.0016893510111593599,1.4875008646722723,1.0,2.0,0.0,84.68368897852905,34,41.590087008790896,10.0,17.662316694526886,2.7454856607124487,0.0016893510111593599,1.4875008646722723,0.9630627884669968,1.8472424305525734,42.341844489264524,1.0,0.0016893510111593599,1.4875008646722723,1.0,2.0,0.0,True,,resolved_oscillation,1.0,479.375,11.526184109657537,0.001079633208879824,0.9880629615241425,761.4772830900997,9.08978362673791,795.7019241487199,463.1635488356635,0.6270664928292047,0.3105976449677849,4654.151150823674,77.3761674636191,9.20234428153151,0.018408281949352855,0.0020003904859653043,0.46234170184403467,2.6166666666666667,22.911382849834414,1.0,1.0,40.0,84.68368897852905,0.0020003904859653043,0.46234170184403467
A,,35,0.6334398631188464,0.44530082088652956,0.9710384632196135,0.6253248415770387,0.2880167805261743,0.12196760263835515,0.48354764822632257,0.8441290579269647,52.66879726237693,10.0,12.453008208865295,3.942076926439227,0.006509780962671258,0.7880167805261743,0.6219676026383552,2.1776360713907166,67.53032463415718,1.0,0.006509780962671258,0.7880167805261743,1.0,2.0,0.0,135.06064926831436,35,52.66879726237693,10.0,12.453008208865295,3.942076926439227,0.006509780962671259,0.7880167805261743,0.6219676026383552,2.1776360713907166,67.53032463415718,1.0,0.006509780962671258,0.7880167805261743,1.0,2.0,0.0,True,,resolved_oscillation,1.0,564.0,10.708427557028799,0.0,0.9768301997194732,332.01119983292597,7.692633191026983,411.8859750214763,156.45968197823578,0.5673758865248227,0.33570317707176184,3165.066566063745,87.28250196637782,4.928925565073552,0.03688125517267588,0.0074826155692058055,0.4738946900688736,3.3833333333333333,15.885068186473033,1.0,1.0,40.0,135.06064926831436,0.0074826155692058055,0.4738946900688736
A,,36,0.6761306877039921,0.05417488428145534,0.12327418220657027,0.9714779234866264,0.28757541677892484,0.6833932859140744,0.1868916785923901,0.42248977462753035,53.52261375407984,10.0,8.541748842814552,2.2465483644131403,0.018362081834339,0.7875754167789248,1.1833932859140743,1.3509263644912934,33.799181970202426,1.0,0.018362081834339,0.7875754167789248,1.0,2.0,0.0,67.59836394040485,36,53.52261375407984,10.0,8.541748842814552,2.2465483644131403,0.018362081834339,0.7875754167789248,1.1833932859140743,1.3509263644912934,33.799181970202426,1.0,0.018362081834339006,0.7875754167789248,1.0,2.0,0.0,True,,resolved_oscillation,1.0,330.3333333333333,6.171846069609281,0.003384563033551649,0.3024392608565705,28.92664898303498,20.178094645548413,88.64660657372093,18.85824074144926,0.66372351160444,0.0,578.1545493791284,403.8340210786814,0.8071499734446809,0.44105619777145955,0.5464364892303226,0.96756276383026,,3.391889510857766,1.0,1.0,40.0,67.59836394040485,0.5464364892303226,0.96756276383026
A,,37,0.9942080218192769,0.6593242047859554,0.2048195830433457,0.11408570344483138,0.7692102833324719,0.24995871660714786,0.24812270663075364,0.5441891502418968,59.88416043638554,10.0,14.593242047859555,2.4096391660866914,0.0014074368648072306,1.2692102833324719,0.7499587166071479,1.4908375721581986,43.53513201935175,1.0,0.0014074368648072306,1.2692102833324719,1.0,2.0,0.0,87.0702640387035,37,59.88416043638554,10.0,14.593242047859555,2.4096391660866914,0.0014074368648072306,1.2692102833324719,0.7499587166071479,1.4908375721581986,43.53513201935175,1.0,0.0014074368648072306,1.2692102833324719,1.0,2.0,0.0,True,,resolved_oscillation,1.0,578.8571428571429,9.666281344497735,0.0006529494844680628,0.9803424818044733,471.7130925259917,9.27270869939786,499.9834391990623,209.4120230199089,0.6253701875616979,0.26349700066651854,4652.722783477495,151.71296198469585,6.83150167192168,0.014940356802478804,0.0021869798940232312,0.45412130637636083,3.1083333333333334,20.47751611674372,1.0,1.0,40.0,87.0702640387035,0.0021869798940232312,0.45412130637636083
A,,38,0.4452386990402637,0.45484334849897157,0.3778401004807026,0.5335265915484285,0.7580538097473309,0.7955874573466426,0.7447623325657388,0.4984037620752796,48.904773980805274,10.0,12.548433484989715,2.755680200961405,0.004944633411198485,1.2580538097473308,1.2955874573466426,3.315633590675952,39.872300966022365,1.0,0.004944633411198485,1.2580538097473308,1.0,2.0,0.0,79.74460193204473,38,48.904773980805274,10.0,12.548433484989715,2.755680200961405,0.004944633411198485,1.2580538097473308,1.2955874573466426,3.315633590675952,39.872300966022365,1.0,0.00494463341119849,1.2580538097473308,1.0,2.0,0.0,True,,resolved_oscillation,1.0,597.0,12.20739718037175,0.0,0.9875082214440932,736.0041343355916,9.194000662352083,1480.5459513767196,250.7178706880363,0.5963149078726968,0.19351255276605198,3591.0132873340126,56.56562015567404,6.357405543632473,0.04482804459929203,0.007051311150692824,0.3521439680071095,2.691666666666667,16.63400447547281,1.0,1.0,40.0,79.74460193204473,0.007051311150692824,0.3521439680071095
A,,39,0.6660332596561213,0.9549278270831529,0.6069990404660162,0.752066943141399,0.9605213971708908,0.4830470007968839,0.4840801167323766,0.5658874191471764,53.32066519312242,10.0,17.54927827083153,3.2139980809320323,0.009516158166760644,1.4605213971708908,0.9830470007968839,2.1795030509279187,45.27099353177412,1.0,0.009516158166760644,1.4605213971708908,1.0,2.0,0.0,90.54198706354823,39,53.32066519312242,10.0,17.54927827083153,3.2139980809320323,0.009516158166760644,1.4605213971708908,0.9830470007968839,2.1795030509279187,45.27099353177412,1.0,0.009516158166760644,1.4605213971708908,1.0,2.0,0.0,True,,resolved_oscillation,1.0,584.7142857142857,10.965997584548235,0.0008345102016417948,0.9753312876507121,549.8023568604408,13.562916190350782,916.8514810299557,197.8985401773431,0.5917419985340826,0.20884247944901133,4453.851457258622,132.46724344283717,7.331691889663442,0.10005034714462396,0.013646283647800253,0.40146634081315263,2.816666666666667,20.364155963933378,1.0,1.0,40.0,90.54198706354823,0.013646283647800253,0.40146634081315263
A,,40,0.07938517308078696,0.022029308983154694,0.46089644750850756,0.321935567576238,0.7521861907367888,0.6828149072520601,0.16781697286928776,0.6518343044389883,41.58770346161574,10.0,8.220293089831546,2.921792895017015,0.002623299219812042,1.2521861907367888,1.1828149072520602,1.3100836609385509,52.14674435511906,1.0,0.002623299219812042,1.2521861907367888,1.0,2.0,0.0,104.29348871023812,40,41.58770346161574,10.0,8.220293089831546,2.921792895017015,0.002623299219812042,1.2521861907367888,1.1828149072520602,1.3100836609385509,52.14674435511906,1.0,0.002623299219812042,1.2521861907367888,1.0,2.0,0.0,True,,resolved_oscillation,1.0,488.25,11.740249144813701,0.0009481004605965709,0.9915113693420503,525.2810566032027,4.458916881122177,586.8715342243485,191.11883890340138,0.5960061443932412,0.32192846034214617,3939.7616569656025,57.95631782334905,7.708372658237586,0.023655860291459992,0.003068852706048151,0.46211952899355696,2.7666666666666666,20.036957921232876,1.0,1.0,40.0,104.29348871023812,0.003068852706048151,0.46211952899355696
A,,41,0.9815064036168787,0.6484862657754508,0.8948493318150219,0.4999552130251841,0.7789299613558915,0.5872141849970318,0.30968064225549496,0.899810359527491,59.63012807233757,10.0,14.484862657754508,3.789698663630044,0.004471535969726869,1.2789299613558915,1.0872141849970318,1.6461047945070326,71.98482876219929,1.0,0.004471535969726869,1.2789299613558915,1.0,2.0,0.0,143.96965752439857,41,59.63012807233757,10.0,14.484862657754508,3.789698663630044,0.004471535969726869,1.2789299613558915,1.0872141849970318,1.6461047945070326,71.98482876219929,1.0,0.004471535969726869,1.2789299613558915,1.0,2.0,0.0,True,,resolved_oscillation,1.0,798.5,13.390881854745242,0.0007230435431304017,0.9920666409792448,979.8658048029374,7.773627221663017,1108.0836060969266,498.7381625522062,0.5973700688791485,0.3532548322594979,6442.886897174653,71.10360001179428,8.399799278001733,0.04110168211906131,0.004893174319855793,0.47100644301266387,4.583333333333333,36.33019932620366,1.0,1.0,40.0,143.96965752439857,0.004893174319855793,0.47100644301266387
A,,42,0.2634626562834709,0.9747032019221333,0.7824072395318442,0.7109816588766164,0.952904028663561,0.31261461683648606,0.3711782882929373,0.5177094697691266,45.269253125669415,10.0,17.747032019221333,3.5648144790636884,0.008414115409178519,1.452904028663561,0.8126146168364861,1.8173663805408415,41.41675758153013,1.0,0.008414115409178519,1.452904028663561,1.0,2.0,0.0,82.83351516306026,42,45.269253125669415,10.0,17.747032019221333,3.5648144790636884,0.008414115409178519,1.452904028663561,0.8126146168364861,1.8173663805408415,41.41675758153013,1.0,0.008414115409178519,1.452904028663561,1.0,2.0,0.0,True,,resolved_oscillation,1.0,533.5714285714286,11.786618769481596,0.0010017824328712025,0.9826054468626855,617.0536842540808,10.73337309933339,706.9429103032448,336.0453139731373,0.6100401606425703,0.31215285492112865,4981.131824368546,113.4408121991982,8.95999747786877,0.08789309811521567,0.009809500318757007,0.46078649189069093,2.95,25.36002844112847,1.0,1.0,40.0,82.83351516306026,0.009809500318757007,0.46078649189069093
A,,43,0.11902604624430946,0.7238209620991736,0.5130660887379298,0.037791826390061733,0.20526307490198326,0.9864411902014837,0.42542350137029605,0.8698764918089886,42.38052092488619,10.0,15.238209620991736,3.0261321774758594,0.0011198717770689508,0.7052630749019833,1.4864411902014836,1.9831623398000462,69.59011934471908,1.0,0.0011198717770689508,0.7052630749019833,1.0,2.0,0.0,139.18023868943817,43,42.38052092488619,10.0,15.238209620991736,3.0261321774758594,0.0011198717770689508,0.7052630749019833,1.4864411902014836,1.9831623398000462,69.59011934471908,1.0,0.0011198717770689508,0.7052630749019833,1.0,2.0,0.0,True,,resolved_oscillation,1.0,477.75,11.272867571560719,0.000968937833356935,0.9870677011912565,603.7787745938003,7.808247527423994,662.7295979962926,336.4665630613004,0.6011512297226583,0.34259053543656964,2339.614419160515,40.41657414475557,4.4753770349367885,0.005750410499065241,0.0012848996753066775,0.4643412574983337,2.816666666666667,11.83234654116056,1.0,1.0,40.0,139.18023868943817,0.0012848996753066775,0.4643412574983337
A,,44,0.5856463892471487,0.31809303652452925,0.05540641720968964,0.35037645481237045,0.920254666357244,0.26509542561439037,0.43310533966908604,0.5024287034658289,51.71292778494298,10.0,11.180930365245292,2.110812834419379,0.0028566055621725706,1.420254666357244,0.7650954256143904,2.00783324636286,40.19429627726631,1.0,0.0028566055621725706,1.420254666357244,1.0,2.0,0.0,80.38859255453262,44,51.71292778494298,10.0,11.180930365245292,2.110812834419379,0.0028566055621725706,1.420254666357244,0.7650954256143904,2.00783324636286,40.19429627726631,1.0,0.0028566055621725706,1.420254666357244,1.0,2.0,0.0,True,,resolved_oscillation,1.0,491.25,9.49955883455191,0.0009423105341196452,0.9808336728808177,442.42149545114063,8.479595106374402,547.9324766158767,153.09470996452626,0.6274809160305344,0.19551210842035102,3711.9765295570355,135.4032870390574,6.557949161805489,0.033489193384639744,0.0051066564498068985,0.44145745389913355,2.441666666666667,15.703160617029415,1.0,1.0,40.0,80.38859255453262,0.0051066564498068985,0.44145745389913355
A,,45,0.5735089914149888,0.2349033339983554,0.05175284264692048,0.5805394677833117,0.9703789917660842,0.9217209976436966,0.7921983999214777,0.4085949628878395,51.47017982829978,10.0,10.349033339983553,2.103505685293841,0.0056924504797607675,1.470378991766084,1.4217209976436966,3.578680435405739,32.68759703102716,1.0,0.0056924504797607675,1.470378991766084,1.0,2.0,0.0,65.37519406205432,45,51.47017982829978,10.0,10.349033339983553,2.103505685293841,0.0056924504797607675,1.470378991766084,1.4217209976436966,3.578680435405739,32.68759703102716,1.0,0.005692450479760773,1.470378991766084,1.0,2.0,0.0,True,,resolved_oscillation,1.0,433.3333333333333,8.419114422737538,0.001153846153846154,0.9257129602500702,241.68947926894396,17.954395953591874,602.6426554033355,102.84446709991208,0.6013846153846154,0.0,1236.323356813792,108.02086939932899,2.564913099793192,0.07406030336218848,0.0288743908587624,0.3608087091757387,1.6333333333333333,4.765339810196366,1.0,1.0,40.0,65.37519406205432,0.0288743908587624,0.3608087091757387
A,,46,0.9964774922142574,0.7068669270486545,0.375212687785102,0.3997873384363825,0.13524852246151498,0.06723370737678591,0.5138327539551703,0.3768147788965731,59.92954984428515,10.0,15.068669270486545,2.750425375570204,0.003312343127026481,0.635248522461515,0.5672337073767859,2.286407743300906,30.145182311725847,1.0,0.003312343127026481,0.635248522461515,1.0,2.0,0.0,60.290364623451694,46,59.92954984428515,10.0,15.068669270486545,2.750425375570204,0.003312343127026481,0.635248522461515,0.5672337073767859,2.286407743300906,30.145182311725847,1.0,0.003312343127026481,0.635248522461515,1.0,2.0,0.0,True,,resolved_oscillation,1.0,548.375,9.150327366463488,0.0009437869514597961,0.9654937724964053,277.6071508350765,9.579175503339863,302.93715741686515,152.744553400388,0.6181901071347162,0.28482559431237503,2431.203620511409,112.94367748800784,3.5474373870059934,0.016630795475616012,0.004688115295997447,0.4496778493668074,3.15,10.826708953104086,1.0,1.0,40.0,60.290364623451694,0.004688115295997447,0.4496778493668074
A,,47,0.36135447392295206,0.6878005187327936,0.4760701006722087,0.3537843335240982,0.035015686851467165,0.6317049050261032,0.22250865784072882,0.07781224274133436,47.22708947845904,10.0,14.878005187327936,2.9521402013444176,0.002885918285406689,0.5350156868514672,1.1317049050261032,1.4306285165506754,6.224979419306749,1.0,0.002885918285406689,0.5350156868514672,1.0,2.0,0.0,12.449958838613497,47,47.22708947845904,10.0,14.878005187327936,2.9521402013444176,0.002885918285406689,0.5350156868514672,1.1317049050261032,1.4306285165506754,6.224979419306749,1.0,0.002885918285406689,0.5350156868514672,1.0,2.0,0.0,True,,resolved_oscillation,1.0,453.0,9.591952521372715,0.0,0.96644545840258,261.63405575257883,8.779010807051616,269.02777853973686,189.81995478507432,0.6335540838852097,0.2890468784714508,1728.4890362768772,67.36428333463962,3.175815398999529,0.011908072984416014,0.003749611198486975,0.43345923128193736,2.4833333333333334,7.686468022986219,1.0,1.0,40.0,12.449958838613497,0.003749611198486975,0.43345923128193736
A,,48,0.14462614962212772,0.2012148931522557,0.5951396450376651,0.09776566282190036,0.303708843795952,0.5655754693836429,0.46791123586759553,0.8616507708534276,42.89252299244255,10.0,10.012148931522557,3.1902792900753303,0.0013402816137012632,0.803708843795952,1.065575469383643,2.123517862719327,68.9320616682742,1.0,0.0013402816137012632,0.803708843795952,1.0,2.0,0.0,137.8641233365484,48,42.89252299244255,10.0,10.012148931522557,3.1902792900753303,0.0013402816137012632,0.803708843795952,1.065575469383643,2.123517862719327,68.9320616682742,1.0,0.0013402816137012632,0.803708843795952,1.0,2.0,0.0,True,,resolved_oscillation,1.0,513.7142857142857,11.976779398236834,0.0009498471232813867,0.9906908749891089,537.5493435111287,5.00411403826756,611.4885648646218,263.6072285491691,0.5867074527252504,0.35036658520328817,2812.5492204414277,36.67902556784595,5.205335147202255,0.00775926401897976,0.0014906367792956005,0.4694512330593201,3.066666666666667,14.981477079212517,1.0,1.0,40.0,137.8641233365484,0.0014906367792956005,0.4694512330593201
A,,49,0.40497024324456166,0.8760220927708037,0.29672674234775864,0.5899843875985493,0.0475287430060467,0.30095928254761795,0.4587922640517281,0.5060696597871368,48.099404864891234,10.0,16.760220927708037,2.5934534846955173,0.005855815504724595,0.5475287430060467,0.800959282547618,2.0925798101307733,40.48557278297095,1.0,0.005855815504724595,0.5475287430060467,1.0,2.0,0.0,80.9711455659419,49,48.099404864891234,10.0,16.760220927708037,2.5934534846955173,0.005855815504724596,0.5475287430060467,0.800959282547618,2.0925798101307733,40.48557278297095,1.0,0.005855815504724595,0.5475287430060467,1.0,2.0,0.0,True,,resolved_oscillation,1.0,382.1818181818182,7.945666256273801,0.0010584488801754037,0.9349623374413378,191.2864767609987,12.44082532761721,230.64069459725258,95.0127501438796,0.6164605137963843,0.2701621861808487,1432.1650206568922,125.6494866971102,2.6971018128888287,0.030133785365691897,0.011172654002785313,0.491890690957565,2.316666666666667,6.2018191310931,1.0,1.0,40.0,80.9711455659419,0.011172654002785313,0.491890690957565
A,,50,0.9975856292646897,0.5657544237723552,0.30706557444850346,0.4275679161838194,0.3166776682977941,0.5557163730357745,0.7210217811166746,0.015263045840949063,59.95171258529379,10.0,13.657544237723553,2.614131148897007,0.003599802582082945,0.8166776682977941,1.0557163730357746,3.1913364861096727,1.221043667275925,1.0,0.003599802582082945,0.8166776682977941,1.0,2.0,0.0,2.44208733455185,50,59.95171258529379,10.0,13.657544237723553,2.614131148897007,0.003599802582082945,0.8166776682977941,1.0557163730357746,3.1913364861096727,1.221043667275925,1.0,0.003599802582082945,0.8166776682977941,1.0,2.0,0.0,True,,resolved_oscillation,1.0,767.4,12.800301557828123,0.0007137380212472846,0.989629313107211,849.020520650684,8.804925985220935,1011.3085116676167,553.7874399692803,0.6434063070106855,0.22195067762719395,3126.1042461118805,42.65121394581523,4.4587204723008025,0.02124875399088638,0.0047656618356973456,0.37147300599866695,3.3333333333333335,14.584843710848418,1.0,1.0,40.0,2.44208733455185,0.0047656618356973456,0.37147300599866695
A,,51,0.9268934724441079,0.6010086289668761,0.8318839924281232,0.564140076180349,0.1552169247113192,0.37544963365442785,0.22895891173032745,0.47424948218286234,58.53786944888216,10.0,14.010086289668761,3.6637679848562463,0.005419549169964642,0.6552169247113192,0.8754496336544279,1.4455576338904512,37.93995857462899,1.0,0.005419549169964642,0.6552169247113192,1.0,2.0,0.0,75.87991714925798,51,58.53786944888216,10.0,14.010086289668761,3.6637679848562463,0.005419549169964642,0.6552169247113192,0.8754496336544279,1.4455576338904512,37.93995857462899,1.0,0.005419549169964642,0.6552169247113192,1.0,2.0,0.0,True,,resolved_oscillation,1.0,598.7142857142857,10.227811352736527,0.0008149964818229221,0.9729768336487837,310.68903088834435,8.395801365193906,349.4694476597978,187.8383754983406,0.5929372464805536,0.3054876694067985,2873.188361021213,89.39849920155018,4.085511038836569,0.025575748360658308,0.006260109963609721,0.4314596756276383,3.533333333333333,13.756664242468807,1.0,1.0,40.0,75.87991714925798,0.006260109963609721,0.4314596756276383
A,,52,0.14798006523291785,0.030678042283148188,0.974311847035165,0.29119072017962766,0.04515025280363083,0.5388037075942974,0.6223009687936307,0.9397471766847376,42.95960130465836,10.0,8.306780422831482,3.94862369407033,0.0023924774959076765,0.5451502528036308,1.0388037075942975,2.7225114244397233,75.17977413477901,1.0,0.0023924774959076765,0.5451502528036308,1.0,2.0,0.0,150.35954826955802,52,42.95960130465836,10.0,8.306780422831482,3.94862369407033,0.0023924774959076765,0.5451502528036308,1.0388037075942975,2.7225114244397233,75.17977413477901,1.0,0.0023924774959076765,0.5451502528036308,1.0,2.0,0.0,True,,resolved_oscillation,1.0,542.8571428571429,12.636456726107413,0.0006962503450169974,0.9901685001825908,439.3185944264066,4.319160680887645,548.3381397362647,224.88233582629383,0.5641447368421053,0.3468118195956454,2018.6109448318387,23.666022886692527,3.6421886150805274,0.009374268895770454,0.0025738010538378427,0.4441235281048656,3.3666666666666667,11.456942388119812,1.0,1.0,40.0,150.35954826955802,0.0025738010538378427,0.4441235281048656
A,,53,0.9465837550526778,0.5897803298867728,0.4516407049781953,0.47750599276686445,0.03580917778042536,0.1308974079005698,0.5193037732229046,0.09603869403120302,58.93167510105356,10.0,13.897803298867728,2.9032814099563904,0.004180705922869558,0.5358091777804254,0.6308974079005698,2.306629067691836,7.683095522496242,1.0,0.004180705922869558,0.5358091777804254,1.0,2.0,0.0,15.366191044992483,53,58.93167510105356,10.0,13.897803298867728,2.9032814099563904,0.004180705922869558,0.5358091777804254,0.6308974079005698,2.306629067691836,7.683095522496242,1.0,0.004180705922869558,0.5358091777804254,1.0,2.0,0.0,True,,resolved_oscillation,1.0,592.0,10.045531524173771,0.0,0.9718805534587862,291.7701158145717,8.204414173971609,304.01321638876834,200.51703467523578,0.6317567567567568,0.267940457676072,2174.475302386284,74.67222082619189,3.167152258563045,0.016656582193331035,0.005259166858270408,0.40213285936458565,3.2333333333333334,9.907814682581442,1.0,1.0,40.0,15.366191044992483,0.005259166858270408,0.40213285936458565
A,,54,0.26707177914853697,0.4436206392795494,0.17817196494572562,0.8842841371519518,0.8781615463568023,0.5249468382666946,0.10848811210481324,0.5642563382340674,45.34143558297074,10.0,12.436206392795494,2.3563439298914512,0.014141002111708297,1.3781615463568024,1.0249468382666946,1.190775625181259,45.14050705872539,1.0,0.014141002111708297,1.3781615463568024,1.0,2.0,0.0,90.28101411745078,54,45.34143558297074,10.0,12.436206392795494,2.3563439298914512,0.014141002111708297,1.3781615463568024,1.0249468382666946,1.190775625181259,45.14050705872539,1.0,0.014141002111708297,1.3781615463568024,1.0,2.0,0.0,True,,resolved_oscillation,1.0,307.7857142857143,6.788177531840477,0.001383479784351005,0.8640094516015905,113.76345060516964,15.470754035492387,207.29276490111803,43.29577937725774,0.6108145741471339,0.0,1766.224007303939,314.30841429004664,3.787272689627345,0.19297493364774304,0.05095353555508862,0.5587647189513442,1.7583333333333333,7.328324113785176,1.0,1.0,40.0,90.28101411745078,0.05095353555508862,0.5587647189513442
A,,55,0.03934806720952966,0.7974544171486171,0.9613679503326873,0.09528084265622816,0.8506665333513728,0.9500335252854892,0.896934550896485,0.9868204735962427,40.786961344190594,10.0,15.974544171486171,3.9227359006653746,0.0013303417916171554,1.3506665333513728,1.4500335252854892,4.235750267397727,78.94563788769942,1.0,0.0013303417916171554,1.3506665333513728,1.0,2.0,0.0,157.89127577539884,55,40.786961344190594,10.0,15.974544171486171,3.9227359006653746,0.0013303417916171554,1.3506665333513728,1.4500335252854892,4.235750267397727,78.94563788769942,1.0,0.0013303417916171554,1.3506665333513728,1.0,2.0,0.0,True,,resolved_oscillation,1.0,727.8,17.843937768697316,0.0006144732007419045,0.9979413527892212,3000.445946757398,6.176859679384681,3139.8735052318857,2435.086712290887,0.619126133553174,0.37080648744723393,5324.59023906694,12.721835493192318,9.47849286465246,0.012913877356195574,0.0013624399512241522,0.4441235281048656,4.316666666666666,38.2892024276866,1.0,1.0,40.0,157.89127577539884,0.0013624399512241522,0.4441235281048656
A,,56,0.8516256211406352,0.03206752876612384,0.37451105081748515,0.9271816890983423,0.27187136671284284,0.5778246572201604,0.8284226050920022,0.9634675135066714,57.0325124228127,10.0,8.320675287661238,2.7490221016349703,0.016080190480456714,0.7718713667128428,1.0778246572201604,3.7935215181454067,77.0774010805337,1.0,0.016080190480456714,0.7718713667128428,1.0,2.0,0.0,154.1548021610674,56,57.0325124228127,10.0,8.320675287661238,2.7490221016349703,0.016080190480456714,0.7718713667128428,1.0778246572201604,3.7935215181454067,77.0774010805337,1.0,0.016080190480456714,0.7718713667128428,1.0,2.0,0.0,True,,steady_state,0.0,,,,,7.169648080611711,7.169633624233183,1093.1876226596282,28.946042323775174,,1.0,2782.4213752269347,2782.372860144586,3.3691442239820795,3.3691367201888323,0.9999977727895428,1.0,,,1.0,1.0,40.0,154.1548021610674,,
A,,57,0.8296311980119584,0.33407868225380877,0.1063301011098382,0.7176518981589709,0.6864182526670649,0.11947963965489417,0.2941963935788431,0.10802242958869912,56.592623960239166,10.0,11.340786822538089,2.212660202219676,0.008583939458666817,1.1864182526670648,0.6194796396548942,1.6055892602211639,8.64179436709593,1.0,0.008583939458666817,1.1864182526670648,1.0,2.0,0.0,17.28358873419186,57,56.592623960239166,10.0,11.340786822538089,2.212660202219676,0.008583939458666817,1.1864182526670648,0.6194796396548942,1.6055892602211639,8.64179436709593,1.0,0.008583939458666817,1.1864182526670648,1.0,2.0,0.0,True,,resolved_oscillation,1.0,436.77777777777777,7.717927659347427,0.0010095718561681215,0.9245060905387689,163.32688257156477,12.330184885442838,214.80273571873937,80.43619173473509,0.6330450267107606,0.0,2246.7592581540152,237.2318003478978,3.905721502866517,0.09628792435975471,0.024653044076257444,0.4850033325927572,2.15,8.946671969025534,1.0,1.0,40.0,17.28358873419186,0.024653044076257444,0.4850033325927572
A,,58,0.8175887117605869,0.1733204554271618,0.2545619395517319,0.5238700721010965,0.44611669420234423,0.8290791619985357,0.35620338254456996,0.08649524189862356,56.351774235211735,10.0,9.733204554271618,2.5091238791034636,0.004803642489653149,0.9461166942023442,1.3290791619985356,1.774089313421555,6.919619351889885,1.0,0.004803642489653149,0.9461166942023442,1.0,2.0,0.0,13.83923870377977,58,56.351774235211735,10.0,9.733204554271618,2.5091238791034636,0.004803642489653149,0.9461166942023442,1.3290791619985356,1.774089313421555,6.919619351889885,1.0,0.004803642489653149,0.9461166942023442,1.0,2.0,0.0,True,,resolved_oscillation,1.0,631.1666666666666,11.20047549935488,0.0006468153532567146,0.9844664978933502,474.65685957499664,7.373083328143978,647.3969786872792,217.05672575636214,0.6267758119883814,0.18462563874694513,2856.962875462627,63.97942055113522,4.5469470121107,0.033057211495758326,0.007270199412421372,0.37547211730726504,2.7666666666666666,12.437359693039927,1.0,1.0,40.0,13.83923870377977,0.007270199412421372,0.37547211730726504
A,,59,0.7632201581925808,0.41076796078383804,0.9080229332326699,0.6981208695971955,0.883495417972424,0.0023260163113936194,0.593721283602114,0.15498968034379434,55.26440316385162,10.0,12.107679607838381,3.81604586646534,0.008096106117791232,1.3834954179724241,0.5023260163113936,2.6001198581367975,12.399174427503548,1.0,0.008096106117791232,1.3834954179724241,1.0,2.0,0.0,24.798348855007095,59,55.26440316385162,10.0,12.107679607838381,3.81604586646534,0.008096106117791232,1.3834954179724241,0.5023260163113936,2.6001198581367975,12.399174427503548,1.0,0.008096106117791232,1.3834954179724241,1.0,2.0,0.0,True,,resolved_oscillation,1.0,740.8,13.404650328053417,0.0006036900587202456,0.9869935223420182,583.3344505933702,7.587126498773707,740.7801695085349,330.5384116829034,0.6145383369330454,0.29171295267718284,5903.940689001396,94.56927655424333,8.52219438614211,0.08050428305872967,0.009446426520103463,0.4259053543656965,3.85,31.52161930460448,1.0,1.0,40.0,24.798348855007095,0.009446426520103463,0.4259053543656965
A,,60,0.8280144790383384,0.1290319770518289,0.27037002179377156,0.05826084057960823,0.6204055522340386,0.6363897540415864,0.7583621634069664,0.7263645287172044,56.560289580766764,10.0,9.29031977051829,2.540740043587543,0.0011906910828021757,1.1204055522340386,1.1363897540415864,3.389006522197106,58.10916229737635,1.0,0.0011906910828021757,1.1204055522340386,1.0,2.0,0.0,116.2183245947527,60,56.560289580766764,10.0,9.29031977051829,2.540740043587543,0.0011906910828021757,1.1204055522340386,1.1363897540415864,3.389006522197106,58.10916229737635,1.0,0.0011906910828021757,1.1204055522340386,1.0,2.0,0.0,True,,resolved_oscillation,1.0,828.5,14.648086248160407,0.0006968621233429399,0.9975999258497886,1670.4034788565702,4.009092210026963,1937.1689750878988,717.2168177771654,0.6228123114061557,0.33014885580982006,5237.189483214459,25.179829482846287,7.200854505322327,0.009602837401027155,0.0013335691470962876,0.4399022439457898,4.433333333333334,29.957276868538905,1.0,1.0,40.0,116.2183245947527,0.0013335691470962876,0.4399022439457898
A,,61,0.9131071740257232,0.3467664824287139,0.6967110274247541,0.42067994138386644,0.8075253340418616,0.5978871921920309,0.8383470861435001,0.23413978590216944,58.26214348051447,10.0,11.467664824287139,3.393422054849508,0.003526283478046295,1.3075253340418616,1.0978871921920308,3.854601325732817,18.731182872173555,1.0,0.003526283478046295,1.3075253340418616,1.0,2.0,0.0,37.46236574434711,61,58.26214348051447,10.0,11.467664824287139,3.393422054849508,0.003526283478046295,1.3075253340418616,1.0978871921920308,3.854601325732817,18.731182872173555,1.0,0.003526283478046295,1.3075253340418616,1.0,2.0,0.0,True,,resolved_oscillation,1.0,894.5,15.353022504212564,0.0006454446832751546,0.9937773742891057,1181.8385729852969,7.354139090384978,2291.496618275697,559.6474340344117,0.6059250978200111,0.24950011108642525,5639.827486993639,38.043354697995966,7.69785540222033,0.033138309331283464,0.004304875526984466,0.36747389469006886,4.15,30.417275811213926,1.0,1.0,40.0,37.46236574434711,0.004304875526984466,0.36747389469006886
A,,62,0.6035793947217766,0.801443232262474,0.719759264994655,0.17571134764486795,0.9266508551756341,0.7688117586288268,0.1640253001230495,0.2529447290764799,52.07158789443553,10.0,16.014432322624742,3.43951852998931,0.0016928003255044007,1.426650855175634,1.2688117586288268,1.302113269591462,20.235578326118393,1.0,0.0016928003255044007,1.426650855175634,1.0,2.0,0.0,40.471156652236786,62,52.07158789443553,10.0,16.014432322624742,3.43951852998931,0.0016928003255044007,1.426650855175634,1.2688117586288268,1.302113269591462,20.235578326118393,1.0,0.0016928003255044007,1.426650855175634,1.0,2.0,0.0,True,,resolved_oscillation,1.0,716.0,13.750300863717527,0.0,0.9931253291235891,1016.043990005881,6.984968027245853,1030.717783009692,835.4836279033174,0.6298882681564246,0.33059320151077537,6491.049972569832,47.04729814517803,9.693770551668763,0.017363225536545082,0.0017911735628564098,0.43723616974005775,3.8833333333333333,35.483528165537614,1.0,1.0,40.0,40.471156652236786,0.0017911735628564098,0.43723616974005775
A,,63,0.23882183258880485,0.795319499099534,0.45777040814547443,0.27872231544097936,0.37067281232794935,0.47539633003037374,0.4496059197472574,0.48745477977191454,44.776436651776095,10.0,15.95319499099534,2.9155408162909486,0.0023047620424185957,0.8706728123279494,0.9753963300303737,2.0618689172619074,38.996382381753165,1.0,0.0023047620424185957,0.8706728123279494,1.0,2.0,0.0,77.99276476350633,63,44.776436651776095,10.0,15.95319499099534,2.9155408162909486,0.0023047620424185957,0.8706728123279494,0.9753963300303737,2.0618689172619074,38.996382381753165,1.0,0.0023047620424185957,0.8706728123279494,1.0,2.0,0.0,True,,resolved_oscillation,1.0,493.125,11.013046970106313,0.0007169650506327478,0.984037199171694,532.8271291542188,8.505413338606893,565.661234625526,324.441932398383,0.6190114068441065,0.32059542323928014,2927.201287896937,61.692870350770676,5.394617324072158,0.014647971855159961,0.0027152939634470415,0.45856476338591423,2.783333333333333,14.29408284946473,1.0,1.0,40.0,77.99276476350633,0.0027152939634470415,0.45856476338591423
B,,0,0.9802780672764386,0.9365605507301817,0.47786896203179285,0.7927272840441534,0.3994382610594617,0.19973009557989685,0.7254448090198692,0.3997538771305864,59.60556134552877,10.0,17.365605507301815,2.9557379240635857,0.010748849321003838,0.8994382610594617,0.6997300955798968,3.214135349852953,31.980310170446913,1.0,0.010748849321003838,0.8994382610594617,1.0,2.0,0.0,63.960620340893826,64,59.60556134552877,10.0,17.365605507301815,2.9557379240635857,0.010748849321003838,0.8994382610594617,0.6997300955798968,3.214135349852953,31.980310170446913,1.0,0.010748849321003838,0.8994382610594617,1.0,2.0,0.0,True,,resolved_oscillation,1.0,622.1666666666666,10.43806404338708,0.0006561719107375243,0.9703513076251068,449.29870606069693,13.321119120431128,649.6643364621153,193.23535703984024,0.6085186177337263,0.21506331926238614,3008.631007117991,114.87250656828896,4.457245478957824,0.06990999254851597,0.015684573102054514,0.41257498333703624,3.066666666666667,13.632476601925738,1.0,1.0,40.0,63.960620340893826,0.015684573102054514,0.41257498333703624
B,,1,0.665254330522999,0.02079818871577932,0.15468014876605174,0.41520101595177894,0.45687872511067984,0.691664712700726,0.43958862874636206,0.05770173552839242,53.30508661045998,10.0,8.207981887157793,2.3093602975321037,0.003468877600268939,0.9568787251106798,1.191664712700726,2.0288935698426727,4.616138842271393,1.0,0.003468877600268939,0.9568787251106798,1.0,2.0,0.0,9.232277684542787,65,53.30508661045998,10.0,8.207981887157793,2.3093602975321037,0.003468877600268939,0.9568787251106798,1.191664712700726,2.0288935698426727,4.616138842271393,1.0,0.003468877600268939,0.9568787251106798,1.0,2.0,0.0,True,,resolved_oscillation,1.0,597.2857142857143,11.205041624836415,0.000816945767835414,0.9867065860843042,464.91828665283913,6.180351221452318,621.8779972756175,210.39176348294623,0.6311887108347285,0.16729615640968673,2676.836029735946,54.90822261384511,4.531529161182468,0.02446935735263727,0.005399801365562034,0.3421461897356143,2.566666666666667,11.540863081099861,1.0,1.0,40.0,9.232277684542787,0.005399801365562034,0.3421461897356143
B,,2,0.7096989007563954,0.748374936637534,0.9324933130897892,0.07415943126075175,0.11546543112722196,0.331031166249669,0.21573573669677326,0.3276081090327728,54.19397801512791,10.0,15.483749366375338,3.8649866261795784,0.0012487734150757493,0.615465431127222,0.831031166249669,1.4151185007569655,26.208648722621824,1.0,0.0012487734150757493,0.615465431127222,1.0,2.0,0.0,52.41729744524365,66,54.19397801512791,10.0,15.483749366375338,3.8649866261795784,0.0012487734150757493,0.615465431127222,0.831031166249669,1.4151185007569655,26.208648722621824,1.0,0.0012487734150757493,0.615465431127222,1.0,2.0,0.0,True,,resolved_oscillation,1.0,534.4285714285714,9.861401413998232,0.0010001757248794282,0.9666178170868617,260.6706370950375,8.701754887590864,293.2743504723353,205.73254587463487,0.5983025928896017,0.3365918684736725,2594.491879918232,80.20437063249304,3.9918298884207775,0.005604503661752202,0.001403993611553778,0.464785603199289,3.2,12.094303997148907,1.0,1.0,40.0,52.41729744524365,0.001403993611553778,0.464785603199289
B,,3,0.6840908365294572,0.5483415903196364,0.9623145717884646,0.5463243052771948,0.5113272658778146,0.47792693670353503,0.10034101852976296,0.7915956721715188,53.68181673058915,10.0,13.483415903196363,3.9246291435769294,0.005137884162311859,1.0113272658778145,0.977926936703535,1.1752638074727677,63.32765377372151,1.0,0.005137884162311859,1.0113272658778145,1.0,2.0,0.0,126.65530754744302,67,53.68181673058915,10.0,13.483415903196363,3.9246291435769294,0.005137884162311859,1.0113272658778145,0.977926936703535,1.1752638074727677,63.32765377372151,1.0,0.005137884162311859,1.0113272658778145,1.0,2.0,0.0,True,,resolved_oscillation,1.0,584.1428571428571,10.881577649923292,0.0006470411619135707,0.9798343378455944,399.32983900904753,8.05275062162964,466.64721295356657,210.02930273800217,0.5756297383223282,0.3225949788935792,4224.0171277234795,101.20649524833033,6.421565391716448,0.03735616587140211,0.00581729899061528,0.4565652077316152,3.466666666666667,21.105993100924177,1.0,1.0,40.0,126.65530754744302,0.00581729899061528,0.4565652077316152
B,,4,0.7004350141589082,0.9107167545926377,0.04245012290957495,0.5087196443573747,0.7714507301125303,0.5398995554855364,0.009376855696073272,0.8388465496092739,54.008700283178165,10.0,17.107167545926377,2.08490024581915,0.004590494978871055,1.2714507301125302,1.0398995554855364,1.015205918266401,67.10772396874191,1.0,0.004590494978871055,1.2714507301125302,1.0,2.0,0.0,134.21544793748382,68,54.008700283178165,10.0,17.107167545926377,2.08490024581915,0.004590494978871055,1.2714507301125302,1.0398995554855364,1.015205918266401,67.10772396874191,1.0,0.004590494978871055,1.2714507301125302,1.0,2.0,0.0,True,,resolved_oscillation,1.0,361.3333333333333,6.69028011114491,0.0013626364315055283,0.9009654877461841,181.6052218675384,17.985184570397678,248.45548400091505,69.43403804404286,0.6303044280442804,0.0,2447.6572264992974,383.74283174219914,4.348384640904986,0.10768348489972632,0.02476402015745213,0.5632081759608976,2.183333333333333,9.874602075558089,1.0,1.0,40.0,134.21544793748382,0.02476402015745213,0.5632081759608976
B,,5,0.8085897594519936,0.1475792402480388,0.7769191629275235,0.6918561179733094,0.7150879301443966,0.27376950690605395,0.6087485979261583,0.5197929957531398,56.17179518903987,10.0,9.475792402480389,3.5538383258550468,0.00794557922178029,1.2150879301443966,0.773769506906054,2.6637717581656335,41.58343966025118,1.0,0.00794557922178029,1.2150879301443966,1.0,2.0,0.0,83.16687932050236,69,56.17179518903987,10.0,9.475792402480389,3.5538383258550468,0.00794557922178029,1.2150879301443966,0.773769506906054,2.6637717581656335,41.58343966025118,1.0,0.00794557922178029,1.2150879301443966,1.0,2.0,0.0,True,,resolved_oscillation,1.0,616.1666666666666,10.96932481137601,0.0006625614668063777,0.972728960264637,286.360882728391,7.809359011539609,729.5957355201896,68.15549510353475,0.5479037057073304,0.21106420795378805,3685.2846521275637,94.06307663338987,5.8308345060318,0.06943460489068987,0.01190817623427009,0.41368584758942456,2.95,16.835382979243825,1.0,1.0,40.0,83.16687932050236,0.01190817623427009,0.41368584758942456
B,,6,0.37320422566866895,0.09958024283173095,0.363467990504595,0.5494008121557732,0.7361033186425251,0.002820966787455248,0.10061605529634232,0.35616403306702693,47.46408451337338,10.0,8.99580242831731,2.72693598100919,0.005185455794029979,1.2361033186425252,0.5028209667874552,1.175784158562113,28.493122645362156,1.0,0.005185455794029979,1.2361033186425252,1.0,2.0,0.0,56.98624529072431,70,47.46408451337338,10.0,8.99580242831731,2.72693598100919,0.005185455794029979,1.2361033186425252,0.5028209667874552,1.175784158562113,28.493122645362156,1.0,0.005185455794029979,1.2361033186425252,1.0,2.0,0.0,True,,resolved_oscillation,1.0,400.3,8.433745306668927,0.0012067096965766872,0.9597046754271694,161.80762076543567,6.520090597100695,188.1809985575173,62.27588577582746,0.6005495878091431,0.2614974450122195,3310.562171438359,201.53756450165682,6.283317988805364,0.049418996189105016,0.00786511143907599,0.4976671850699845,2.3333333333333335,14.276325337946995,1.0,1.0,40.0,56.98624529072431,0.00786511143907599,0.4976671850699845
B,,7,0.5788677178703376,0.08481535090608328,0.5375745800731083,0.01990500536566875,0.20306399052740443,0.6930610959975307,0.6547970952093067,0.9068625485334565,51.577354357406755,10.0,8.848153509060833,3.075149160146217,0.0010614438107915405,0.7030639905274044,1.1930610959975307,2.8686893987406066,72.54900388267652,1.0,0.0010614438107915405,0.7030639905274044,1.0,2.0,0.0,145.09800776535303,71,51.577354357406755,10.0,8.848153509060833,3.075149160146217,0.0010614438107915405,0.7030639905274044,1.1930610959975307,2.8686893987406066,72.54900388267652,1.0,0.0010614438107915405,0.7030639905274044,1.0,2.0,0.0,True,,resolved_oscillation,1.0,716.0,13.882061399242339,0.0,0.9959878470565265,950.7730929603202,3.8146470634960226,1040.263780463575,475.7794361757479,0.5977653631284916,0.37147300599866695,3164.125093796271,19.910107288090856,4.698958776397402,0.005366223294565397,0.0011420026329065976,0.464119084647856,4.266666666666667,18.654397454905673,1.0,1.0,40.0,145.09800776535303,0.0011420026329065976,0.464119084647856
B,,8,0.7148681274164026,0.5200085828287254,0.384855064065732,0.25917585793441733,0.9888775449978552,0.25749265166909796,0.9671001400155134,0.6348097497618232,54.29736254832805,10.0,13.200085828287254,2.769710128131464,0.0021736797791269804,1.4888775449978553,0.757492651669098,4.74213582618855,50.784779980945856,1.0,0.0021736797791269804,1.4888775449978553,1.0,2.0,0.0,101.56955996189171,72,54.29736254832805,10.0,13.200085828287254,2.769710128131464,0.0021736797791269804,1.4888775449978553,0.757492651669098,4.74213582618855,50.784779980945856,1.0,0.0021736797791269804,1.4888775449978553,1.0,2.0,0.0,True,,resolved_oscillation,1.0,819.5,15.092814117271233,0.0007045152766194335,0.9966565442079196,1850.7559673426094,6.187920758738932,2301.868642829621,958.1213411078872,0.6252593044539353,0.3257053988002666,6677.272625771707,36.93769597743344,9.532313633954429,0.023271556725443295,0.0024413335124170914,0.44834481226394135,4.3,38.55152250776605,1.0,1.0,40.0,101.56955996189171,0.0024413335124170914,0.44834481226394135
B,,9,0.913681446634874,0.1899719645774942,0.24797138248978323,0.6308310704408406,0.35743486819742876,0.7916621458442011,0.8514637314705688,0.30098271445862734,58.27362893269748,10.0,9.899719645774942,2.4959427649795662,0.006618051537086916,0.8574348681974288,1.2916621458442012,3.936838580520831,24.078617156690186,1.0,0.006618051537086916,0.8574348681974288,1.0,2.0,0.0,48.15723431338037,73,58.27362893269748,10.0,9.899719645774942,2.4959427649795662,0.006618051537086916,0.8574348681974288,1.2916621458442012,3.936838580520831,24.078617156690186,1.0,0.006618051537086916,0.8574348681974288,1.0,2.0,0.0,True,,resolved_oscillation,1.0,561.5714285714286,9.636802081092455,0.0009518334741220915,0.9552495878168532,258.38524295644555,11.56284612434344,714.5155342222864,93.174932043988,0.5830068684813025,0.0,1465.7581979297606,66.4695946567,2.5132039167033073,0.04256658816734566,0.01693718041916087,0.3225949788935792,2.216666666666667,5.846411607118887,1.0,1.0,40.0,48.15723431338037,0.01693718041916087,0.3225949788935792
B,,10,0.02318134055244625,0.2571126544608392,0.7634478664401391,0.20057062470370945,0.7913746337574993,0.09570569937334283,0.3062416523778422,0.5991570948108222,40.463626811048925,10.0,10.571126544608392,3.526895732880278,0.0018236790077128045,1.2913746337574992,0.5957056993733428,1.637019034024274,47.93256758486578,1.0,0.0018236790077128045,1.2913746337574992,1.0,2.0,0.0,95.86513516973156,74,40.463626811048925,10.0,10.571126544608392,3.526895732880278,0.0018236790077128045,1.2913746337574992,0.5957056993733428,1.637019034024274,47.93256758486578,1.0,0.0018236790077128045,1.2913746337574992,1.0,2.0,0.0,True,,resolved_oscillation,1.0,444.8888888888889,10.994785291154582,0.0007492507492507493,0.9827465227637768,333.10561214664375,5.747230096430302,389.34165506005576,195.2687856887465,0.5821678321678322,0.3481448566985114,4153.833811383595,83.13183847546458,8.309606207477428,0.016973886771547646,0.0020426824506164488,0.48811375249944455,2.7,20.99857201443496,1.0,1.0,40.0,95.86513516973156,0.0020426824506164488,0.48811375249944455
B,,11,0.3134177590478612,0.9865957083484826,0.13225541791154705,0.9272630392492941,0.16134576387323452,0.3013812263476363,0.8525769204732426,0.05121083123259895,46.26835518095722,10.0,17.865957083484826,2.264510835823094,0.016084109753052262,0.6613457638732345,0.8013812263476363,3.94389817644588,4.096866498607916,1.0,0.016084109753052262,0.6613457638732345,1.0,2.0,0.0,8.193732997215832,75,46.26835518095722,10.0,17.865957083484826,2.264510835823094,0.016084109753052262,0.6613457638732345,0.8013812263476363,3.94389817644588,4.096866498607916,1.0,0.016084109753052262,0.6613457638732345,1.0,2.0,0.0,True,,resolved_oscillation,1.0,362.8181818181818,7.841605356386383,0.0011149383844293154,0.8446939190074837,162.8822102746643,25.296597741157097,223.54073820144123,106.76411716245289,0.6401277875219243,0.0,738.5151495708461,131.8207687320758,1.5362116143747035,0.10766782158279771,0.07008658219696028,0.3899133525883137,1.7833333333333334,3.335983217897304,1.0,1.0,40.0,8.193732997215832,0.07008658219696028,0.3899133525883137
B,,12,0.30124927776650634,0.3423950060306923,0.7198462530358413,0.919223597732741,0.8688052552887857,0.6035006516923996,0.5906802403714907,0.07186662466793137,46.024985555330126,10.0,11.423950060306922,3.4396925060716823,0.01570136730951798,1.3688052552887857,1.1035006516923995,2.5874250008161033,5.749329973434509,1.0,0.01570136730951798,1.3688052552887857,1.0,2.0,0.0,11.498659946869019,76,46.024985555330126,10.0,11.423950060306922,3.4396925060716823,0.01570136730951798,1.3688052552887857,1.1035006516923995,2.5874250008161033,5.749329973434509,1.0,0.01570136730951798,1.3688052552887857,1.0,2.0,0.0,True,,resolved_oscillation,1.0,339.0,7.365564506097724,0.0,0.03289130987610594,33.485312255405375,32.38393647371467,76.56988378983465,31.246541005240385,0.6656833824975418,0.0,279.0088839309596,263.3087491230441,0.4160308763269653,0.38833120417911315,0.9334191914013552,0.0,3.283333333333333,2.2863773478045317,1.0,1.0,40.0,11.498659946869019,0.9334191914013552,0.0
B,,13,0.9236104707096142,0.9531958405877187,0.14102031458813258,0.18190918659667188,0.7481705491920402,0.7056082297905188,0.17340260889187442,0.7907605266364194,58.472209414192285,10.0,17.531958405877187,2.282040629176265,0.0017245242600035275,1.2481705491920403,1.2056082297905188,1.3219140614718856,63.26084213091355,1.0,0.0017245242600035275,1.2481705491920403,1.0,2.0,0.0,126.5216842618271,77,58.472209414192285,10.0,17.531958405877187,2.282040629176265,0.0017245242600035275,1.2481705491920403,1.2056082297905188,1.3219140614718856,63.26084213091355,1.0,0.0017245242600035275,1.2481705491920403,1.0,2.0,0.0,True,,resolved_oscillation,1.0,545.8571428571429,9.335326103218074,0.0006924237924796101,0.9791237051727372,577.4428528253231,12.054867241477172,627.8478025366771,227.36729610051165,0.6269955509029049,0.23305932015107753,4098.423981549508,152.45071807634906,6.294686307638692,0.018554872680149496,0.002947704106816712,0.4410131081981782,2.875,17.544319672629694,1.0,1.0,40.0,126.5216842618271,0.002947704106816712,0.4410131081981782
B,,14,0.2951833778023464,0.8875223159977081,0.1709903108192089,0.6395807765362228,0.4498605311776427,0.941200002394911,0.12115695723142272,0.8081000264592635,45.903667556046926,10.0,16.875223159977082,2.3419806216384176,0.00679381591278564,0.9498605311776427,1.441200002394911,1.2153044242211628,64.64800211674108,1.0,0.00679381591278564,0.9498605311776427,1.0,2.0,0.0,129.29600423348217,78,45.903667556046926,10.0,16.875223159977082,2.3419806216384176,0.00679381591278564,0.9498605311776427,1.441200002394911,1.2153044242211628,64.64800211674108,1.0,0.00679381591278564,0.9498605311776427,1.0,2.0,0.0,True,,resolved_oscillation,1.0,353.3636363636364,7.697939079316278,0.0014277784332916497,0.9430581212103718,257.78741228230353,14.678899583670832,327.82722133262075,93.11099973259033,0.6169282222793928,0.18440346589646744,1946.5362961698788,177.89203337923124,3.9805807907992645,0.057834051083947575,0.014529048428718118,0.5025549877804932,2.0166666666666666,8.063546275794065,1.0,1.0,40.0,129.29600423348217,0.014529048428718118,0.5025549877804932
B,,15,0.4460490341746831,0.37070593599952484,0.555785112724198,0.1671308193529456,0.23139429147905755,0.7656043262613,0.3432568450670147,0.3386597329322474,48.92098068349366,10.0,11.707059359995249,3.111570225448396,0.0016498414451408374,0.7313942914790575,1.2656043262613,1.7375057019571316,27.09277863457979,1.0,0.0016498414451408374,0.7313942914790575,1.0,2.0,0.0,54.18555726915958,79,48.92098068349366,10.0,11.707059359995249,3.111570225448396,0.0016498414451408376,0.7313942914790575,1.2656043262613,1.7375057019571316,27.09277863457979,1.0,0.0016498414451408374,0.7313942914790575,1.0,2.0,0.0,True,,resolved_oscillation,1.0,604.4285714285714,12.355201449027996,0.0008843435090460746,0.9905359364510065,593.2832792195846,5.614870657089506,619.3900129319643,395.85222823393735,0.6183526353108012,0.3037102866029771,2930.9380075094855,34.78635384054177,4.770914142985088,0.008698459929324621,0.0018232270941438756,0.4059097978227061,3.4166666666666665,15.326752914138163,1.0,1.0,40.0,54.18555726915958,0.0018232270941438756,0.4059097978227061
B,,16,0.8485639473755167,0.22533698425051674,0.2582235806854113,0.804895963470704,0.6173619000491285,0.9656125780873874,0.7851462654148967,0.057302385115948984,56.971278947510335,10.0,10.253369842505167,2.516447161370823,0.011147918675668068,1.1173619000491284,1.4656125780873874,3.538292146940203,4.584190809275919,1.0,0.011147918675668068,1.1173619000491284,1.0,2.0,0.0,9.168381618551837,80,56.971278947510335,10.0,10.253369842505167,2.516447161370823,0.011147918675668068,1.1173619000491284,1.4656125780873874,3.538292146940203,4.584190809275919,1.0,0.011147918675668068,1.1173619000491284,1.0,2.0,0.0,True,,unresolved_oscillation,0.0,,,,0.062262192393487674,52.70507064347346,49.42353739495716,96.4227911205436,49.84699596393862,,0.0,193.5110037242532,181.4990015784213,0.23836418741601867,0.21619810444427115,0.9070074946574885,0.0,4.15,1.6815383090140053,1.0,1.0,40.0,9.168381618551837,,
B,,17,0.14176045233543655,0.20746810818249695,0.9645578474083332,0.6215121286396251,0.8729900824691754,0.8853328332739676,0.4546634412779692,0.41261675467445547,42.835209046708734,10.0,10.07468108182497,3.9291156948166663,0.006435850126875818,1.3729900824691754,1.3853328332739676,2.0787205407156915,33.009340373956434,1.0,0.006435850126875818,1.3729900824691754,1.0,2.0,0.0,66.01868074791287,81,42.835209046708734,10.0,10.07468108182497,3.9291156948166663,0.006435850126875817,1.3729900824691754,1.3853328332739676,2.0787205407156915,33.009340373956434,1.0,0.006435850126875818,1.3729900824691754,1.0,2.0,0.0,True,,resolved_oscillation,1.0,555.8571428571429,12.976641301108637,0.0006799669265136444,0.9850542854636819,486.46822928387985,7.270615285865017,1103.6654070095938,143.50781784235008,0.5638139295810846,0.24816707398355922,3988.693842550253,56.69756979811782,7.733093683053301,0.06350888468971137,0.008212610281560147,0.3908020439902244,2.7,20.02850583193888,1.0,1.0,40.0,66.01868074791287,0.008212610281560147,0.3908020439902244
B,,18,0.06469307434621363,0.8065255922693085,0.3420358318316574,0.4638268686678979,0.37237180504774037,0.36211819417897295,0.29985948407586593,0.2679041471882355,41.29386148692427,10.0,16.065255922693083,2.684071663663315,0.004012847623364352,0.8723718050477404,0.862118194178973,1.6202901239610275,21.43233177505884,1.0,0.004012847623364352,0.8723718050477404,1.0,2.0,0.0,42.86466355011768,82,41.29386148692427,10.0,16.065255922693083,2.684071663663315,0.004012847623364352,0.8723718050477404,0.862118194178973,1.6202901239610275,21.43233177505884,1.0,0.004012847623364352,0.8723718050477404,1.0,2.0,0.0,True,,resolved_oscillation,1.0,375.72727272727275,9.09886504187183,0.0012431872807805594,0.9624710331993966,278.1858193410439,10.440026378448708,299.69494856444834,163.72462097199875,0.6281151705782724,0.27993779160186627,2231.8679464860943,111.33103087695413,4.771174049550853,0.028130837809196344,0.005895999080529145,0.475672072872695,2.1166666666666667,9.831647133480072,1.0,1.0,40.0,42.86466355011768,0.005895999080529145,0.475672072872695
B,,19,0.9211279934052016,0.771983960119892,0.8482779207361689,0.9669988305911175,0.11635908913161286,0.6694719155660247,0.5596588598124299,0.8695028981475801,58.42255986810403,10.0,15.71983960119892,3.696555841472338,0.018117342075685442,0.6163590891316129,1.1694719155660247,2.461414505702241,69.5602318518064,1.0,0.018117342075685442,0.6163590891316129,1.0,2.0,0.0,139.1204637036128,83,58.42255986810403,10.0,15.71983960119892,3.696555841472338,0.018117342075685442,0.6163590891316129,1.1694719155660247,2.461414505702241,69.5602318518064,1.0,0.018117342075685456,0.6163590891316129,1.0,2.0,0.0,True,,resolved_oscillation,1.0,464.6666666666667,7.9535485558268535,0.0010760401721664275,0.8548547666775491,117.98391062041095,17.124802235294734,323.8431712204701,39.22249356067464,0.543400286944046,0.0,1171.134301408487,132.99891909480925,1.9122474709286803,0.08278606850307783,0.043292549610680305,0.43168184847811597,2.55,5.227756994819165,1.0,1.0,40.0,139.1204637036128,0.043292549610680305,0.43168184847811597
B,,20,0.21333075616474662,0.5149117045763686,0.3392785329075354,0.6350116725887508,0.7559727314723682,0.5594185109581522,0.06584243989361571,0.680756433492964,44.26661512329493,10.0,13.149117045763685,2.678557065815071,0.006701456974639787,1.2559727314723683,1.0594185109581522,1.1117877652361088,54.46051467943712,1.0,0.006701456974639787,1.2559727314723683,1.0,2.0,0.0,108.92102935887424,84,44.26661512329493,10.0,13.149117045763685,2.678557065815071,0.006701456974639787,1.2559727314723683,1.0594185109581522,1.1117877652361088,54.46051467943712,1.0,0.006701456974639787,1.2559727314723683,1.0,2.0,0.0,True,,resolved_oscillation,1.0,388.54545454545456,8.777392476547993,0.0013440717469672505,0.9664693879723492,291.0780965203342,9.760026724170398,346.9738916534918,99.38196857121072,0.602246139447824,0.2466118640302155,3063.5909449216183,165.312458907634,6.237833097720693,0.06273525124006578,0.010057218629813815,0.4785603199289047,2.183333333333333,13.277625097426702,1.0,1.0,40.0,108.92102935887424,0.010057218629813815,0.4785603199289047
B,,21,0.8219258454434447,0.551202541840573,0.7688011802685706,0.9808370020079306,0.2087434045727422,0.03588457734213568,0.4061747243651417,0.5435657608721537,56.43851690886889,10.0,13.512025418405731,3.537602360537141,0.0188841899612876,0.7087434045727422,0.5358845773421357,1.9226664535413691,43.4852608697723,1.0,0.0188841899612876,0.7087434045727422,1.0,2.0,0.0,86.9705217395446,85,56.43851690886889,10.0,13.512025418405731,3.537602360537141,0.0188841899612876,0.7087434045727422,0.5358845773421357,1.9226664535413691,43.4852608697723,1.0,0.018884189961287608,0.7087434045727422,1.0,2.0,0.0,True,,resolved_oscillation,1.0,470.375,8.334290583140467,0.0011002905543593211,0.9270496888390566,151.73616417924518,11.069200391243928,212.61919493323165,56.31001797653827,0.5750730799893702,0.2650522106198622,2147.47931042825,186.8384387560647,3.439369772155238,0.0971544333783868,0.028247742992026762,0.5038880248833593,2.7666666666666666,9.65246902995898,1.0,1.0,40.0,86.9705217395446,0.028247742992026762,0.5038880248833593
B,,22,0.17988736384263693,0.35847125396396795,0.8926450621023228,0.024579134368412636,0.9762191652072145,0.18150932226137295,0.088420945524749,0.9938276337972217,43.597747276852736,10.0,11.584712539639678,3.7852901242046455,0.001076411158249357,1.4762191652072145,0.681509322261373,1.1529317221617459,79.50621070377774,1.0,0.001076411158249357,1.4762191652072145,1.0,2.0,0.0,159.01242140755548,86,43.597747276852736,10.0,11.584712539639678,3.7852901242046455,0.001076411158249357,1.4762191652072145,0.681509322261373,1.1529317221617459,79.50621070377774,1.0,0.001076411158249357,1.4762191652072145,1.0,2.0,0.0,True,,resolved_oscillation,1.0,434.1111111111111,9.957191328130682,0.0007678525723061174,0.9742629419799795,275.3344211340087,7.086297971634764,361.45503963962625,140.66683521058684,0.5482467366265678,0.33059320151077537,4784.6741536810005,132.5830749927395,9.176994545973853,0.011486022367957939,0.0012516104603110074,0.49633414796711844,2.6333333333333333,22.757952006554056,1.0,1.0,40.0,159.01242140755548,0.0012516104603110074,0.49633414796711844
B,,23,0.9779841357746459,0.13951520962370778,0.2952708891667314,0.23148635367058323,0.2832990918645446,0.12880927764630468,0.7669995719725586,0.3049669992990578,59.55968271549292,10.0,9.395152096237078,2.5905417783334626,0.002000648024998137,0.7832990918645446,0.6288092776463047,3.436447347635063,24.397359943924624,1.0,0.002000648024998137,0.7832990918645446,1.0,2.0,0.0,48.79471988784925,87,59.55968271549292,10.0,9.395152096237078,2.5905417783334626,0.002000648024998137,0.7832990918645446,0.6288092776463047,3.436447347635063,24.397359943924624,1.0,0.002000648024998137,0.7832990918645446,1.0,2.0,0.0,True,,resolved_oscillation,1.0,749.2,12.578979031483573,0.0005969215102775734,0.9930261729230201,673.0959438236222,4.694054718442524,737.4359411017739,347.5267012635175,0.6273358248798718,0.2950455454343479,3553.8314262413714,40.48581678595737,4.829804262493388,0.011350661892652129,0.0023501287579700686,0.41612974894467897,3.9833333333333334,18.269350239708817,1.0,1.0,40.0,48.79471988784925,0.0023501287579700686,0.41612974894467897
B,,24,0.47192587140961706,0.8255929495320141,0.9417555466480453,0.6501179355120146,0.7517784134885256,0.5725293493814034,0.33057227988794047,0.383564533264663,49.43851742819234,10.0,16.25592949532014,3.8835110932960903,0.007011693680253169,1.2517784134885255,1.0725293493814034,1.7023941095125257,30.685162661173038,1.0,0.007011693680253169,1.2517784134885255,1.0,2.0,0.0,61.370325322346076,88,49.43851742819234,10.0,16.25592949532014,3.8835110932960903,0.007011693680253169,1.2517784134885255,1.0725293493814034,1.7023941095125257,30.685162661173038,1.0,0.007011693680253169,1.2517784134885255,1.0,2.0,0.0,True,,resolved_oscillation,1.0,654.8333333333334,13.245407981427743,0.0006234384685118804,0.9882648600477942,793.2747000494379,9.309189625624214,890.0573945971898,497.3364923939126,0.6154237719521506,0.30104421239724505,5072.415315679003,75.11412225521877,8.074691285584835,0.0630830058601145,0.007812435624967118,0.4207953788047101,3.6,27.644887722456716,1.0,1.0,40.0,61.370325322346076,0.007812435624967118,0.4207953788047101
B,,25,0.0037393730201488173,0.3936284981324186,0.4958756929428063,0.6903046404162181,0.7625801878670802,0.7007133598249771,0.5805965225282806,0.5983829674903776,40.07478746040297,10.0,11.936284981324185,2.9917513858856126,0.00790873535617198,1.2625801878670802,1.200713359824977,2.545772283339466,47.870637399230205,1.0,0.00790873535617198,1.2625801878670802,1.0,2.0,0.0,95.74127479846041,89,40.07478746040297,10.0,11.936284981324185,2.9917513858856126,0.00790873535617198,1.2625801878670802,1.200713359824977,2.545772283339466,47.870637399230205,1.0,0.00790873535617198,1.2625801878670802,1.0,2.0,0.0,True,,resolved_oscillation,1.0,436.55555555555554,10.893521418844868,0.0012072834029657848,0.9773710230408099,410.77762189482377,9.295477341208892,824.3840560077313,119.20141986054298,0.5786205141257317,0.21173072650522107,2808.5229422818616,76.78874585227857,6.176236030731258,0.0719927426082195,0.011656410514430365,0.41324150188846925,2.125,12.883240260885104,1.0,1.0,40.0,95.74127479846041,0.011656410514430365,0.41324150188846925
B,,26,0.7326152812239027,0.20696044785468648,0.6682647438950065,0.4233624376936185,0.4389299987489875,0.04511847330977248,0.38752401195551645,0.6719022985853372,54.65230562447805,10.0,10.069604478546864,3.336529487790013,0.0035547350015279937,0.9389299987489875,0.5451184733097725,1.8658110479476975,53.75218388682698,1.0,0.0035547350015279937,0.9389299987489875,1.0,2.0,0.0,107.50436777365395,90,54.65230562447805,10.0,10.069604478546864,3.336529487790013,0.0035547350015279937,0.9389299987489875,0.5451184733097725,1.8658110479476975,53.75218388682698,1.0,0.0035547350015279937,0.9389299987489875,1.0,2.0,0.0,True,,resolved_oscillation,1.0,572.8571428571429,10.481847678912336,0.0006597883568739627,0.9811275588966485,315.9832400554033,5.963375087591785,370.07243243356703,139.81783356645604,0.5778054862842893,0.3257053988002666,3786.3532724377674,96.36100036370206,5.748789478131756,0.024055878583667128,0.004184512004688127,0.46678515885358807,3.3833333333333333,18.44229296432149,1.0,1.0,40.0,107.50436777365395,0.004184512004688127,0.46678515885358807
B,,27,0.5451087663799189,0.37890653826247933,0.487859781414667,0.6428282659747564,0.6016244368617147,0.7547003893236502,0.7601715237004689,0.8735725878368755,50.90217532759838,10.0,11.789065382624793,2.975719562829334,0.006860232839180728,1.1016244368617147,1.2547003893236504,3.398889872424623,69.88580702695005,1.0,0.006860232839180728,1.1016244368617147,1.0,2.0,0.0,139.7716140539001,91,50.90217532759838,10.0,11.789065382624793,2.975719562829334,0.0068602328391807275,1.1016244368617147,1.2547003893236504,3.398889872424623,69.88580702695005,1.0,0.006860232839180728,1.1016244368617147,1.0,2.0,0.0,True,,resolved_oscillation,1.0,528.5,10.382660399062658,0.0010113954282400166,0.9687340468674261,337.9398456453606,10.566011375577096,1047.0909397935975,82.04386524165096,0.5520340586565752,0.13952455009997777,2558.644477537815,75.32377677387112,4.617350402022319,0.05467735806781495,0.011841717285278419,0.3792490557653855,2.466666666666667,11.248800157203156,1.0,1.0,40.0,139.7716140539001,0.011841717285278419,0.3792490557653855
B,,28,0.0052234488683921,0.21778878314752326,0.37866499743193893,0.9247304818483281,0.03750123264512628,0.3227224572323808,0.7896283595376765,0.4528600903712745,40.104468977367844,10.0,10.177887831475232,2.757329994863878,0.015962543537036054,0.5375012326451263,0.8227224572323808,3.5639084383257056,36.22880722970196,1.0,0.015962543537036054,0.5375012326451263,1.0,2.0,0.0,72.45761445940391,92,40.104468977367844,10.0,10.177887831475232,2.757329994863878,0.015962543537036054,0.5375012326451263,0.8227224572323808,3.5639084383257056,36.22880722970196,1.0,0.015962543537036054,0.5375012326451263,1.0,2.0,0.0,True,,resolved_oscillation,1.0,347.5833333333333,8.666947654374505,0.0014814538016143,0.9206227949928408,120.28141856687282,9.547602820134585,261.9677495211908,42.17919843649929,0.5840326060896668,0.14196845145523218,931.9924975733335,81.61741685752956,2.1266260372745376,0.06586636761646006,0.03097223793087464,0.43968007109531215,1.9333333333333333,4.285353914378338,1.0,1.0,40.0,72.45761445940391,0.03097223793087464,0.43968007109531215
B,,29,0.896103369156208,0.1377220149227505,0.9771446869204592,0.46133132990824877,0.005456539972113261,0.567374183756537,0.2705632930731807,0.43697653780424917,57.92206738312416,10.0,9.377220149227504,3.9542893738409184,0.003982959571194714,0.5054565399721133,1.0673741837565371,1.5456659013203946,34.95812302433993,1.0,0.003982959571194714,0.5054565399721133,1.0,2.0,0.0,69.91624604867987,93,57.92206738312416,10.0,9.377220149227504,3.9542893738409184,0.003982959571194714,0.5054565399721133,1.0673741837565371,1.5456659013203946,34.95812302433993,1.0,0.003982959571194714,0.5054565399721133,1.0,2.0,0.0,True,,resolved_oscillation,1.0,673.6666666666666,11.630570128146744,0.0007665479161222004,0.9844222958009355,334.139796498263,5.205130910985544,381.3012200231695,201.37389455131623,0.5833745670460169,0.342368362586092,2404.8603473537405,42.86619883084564,3.3104391399903195,0.014471516695360082,0.0043714794573756766,0.43901355254387914,4.025,12.544491657662991,1.0,1.0,40.0,69.91624604867987,0.0043714794573756766,0.43901355254387914
B,,30,0.6419335007157295,0.781894956053658,0.6724067720205014,0.06637948108900138,0.39536289254803336,0.6126517415141606,0.6528716408859221,0.30982702946218554,52.83867001431459,10.0,15.81894956053658,3.3448135440410027,0.0012200052399782594,0.8953628925480334,1.1126517415141606,2.859813379543409,24.78616235697484,1.0,0.0012200052399782594,0.8953628925480334,1.0,2.0,0.0,49.57232471394968,94,52.83867001431459,10.0,15.81894956053658,3.3448135440410027,0.0012200052399782594,0.8953628925480334,1.1126517415141606,2.859813379543409,24.78616235697484,1.0,0.0012200052399782594,0.8953628925480334,1.0,2.0,0.0,True,,resolved_oscillation,1.0,772.4,14.618081791058483,0.0007091177595872167,0.9950341194738272,1275.0895718854547,6.3319424741519015,1298.3220651438746,1065.789605378917,0.6308259968928016,0.32881581870695403,4247.626625070024,22.038865612858622,6.146866229744733,0.007853356402509648,0.0012776195396130789,0.4119084647856032,4.233333333333333,24.488564409068243,1.0,1.0,40.0,49.57232471394968,0.0012776195396130789,0.4119084647856032
B,,31,0.17026803937209145,0.3189951647510263,0.4223884267218966,0.353636620404131,0.19012612261259598,0.1030477274706203,0.2592700036940565,0.7289966617684358,43.40536078744183,10.0,11.189951647510263,2.8447768534437934,0.0028846415232157024,0.690126122612596,0.6030477274706203,1.5178258870806183,58.31973294147487,1.0,0.0028846415232157024,0.690126122612596,1.0,2.0,0.0,116.63946588294974,95,43.40536078744183,10.0,11.189951647510263,2.8447768534437934,0.0028846415232157024,0.690126122612596,0.6030477274706203,1.5178258870806185,58.31973294147487,1.0,0.0028846415232157024,0.690126122612596,1.0,2.0,0.0,True,,resolved_oscillation,1.0,304.92857142857144,7.025136201996374,0.0008764716296027037,0.8807854135798096,78.43920668813813,9.351097584454218,127.32513231290142,34.37186054199586,0.5648863902553292,0.23217062874916686,1447.0161589474442,186.79735666024735,3.1011670476638376,0.033766191341136155,0.010888220731796053,0.5529882248389247,2.0,6.225220157164227,1.0,1.0,40.0,116.63946588294974,0.010888220731796053,0.5529882248389247
B,,32,0.7438735016866733,0.4685959696905484,0.6949382016413029,0.977439747737267,0.17892215636555375,0.4524839948841627,0.3746404967574479,0.204631456667827,54.877470033733466,10.0,12.685959696905485,3.3898764032826056,0.018692975241526855,0.6789221563655538,0.9524839948841627,1.8275213935214842,16.370516533426162,1.0,0.018692975241526855,0.6789221563655538,1.0,2.0,0.0,32.741033066852324,96,54.877470033733466,10.0,12.685959696905485,3.3898764032826056,0.018692975241526855,0.6789221563655538,0.9524839948841627,1.8275213935214842,16.370516533426162,1.0,0.018692975241526855,0.6789221563655538,1.0,2.0,0.0,True,,resolved_oscillation,1.0,487.0,8.874315811217947,0.0,0.9283930096914375,164.2637381516112,11.762431905870672,274.0381067613973,64.28902370408915,0.5872689938398358,0.14530104421239726,1638.1571400888934,127.13807282716267,2.788131667304251,0.09202452637431034,0.03300580365463361,0.39968895800933124,2.433333333333333,7.117566133737546,1.0,1.0,40.0,32.741033066852324,0.03300580365463361,0.39968895800933124
B,,33,0.09819015861955549,0.31396327316417694,0.1864217517954616,0.4293318672542126,0.8355668240669498,0.892833975106123,0.16063485842371594,0.8386788417528678,41.96380317239111,10.0,11.139632731641768,2.372843503590923,0.003618875458662438,1.3355668240669498,1.392833975106123,1.2950273714793359,67.09430734022942,1.0,0.003618875458662438,1.3355668240669498,1.0,2.0,0.0,134.18861468045884,97,41.96380317239111,10.0,11.139632731641768,2.372843503590923,0.003618875458662438,1.3355668240669498,1.392833975106123,1.2950273714793359,67.09430734022942,1.0,0.003618875458662438,1.3355668240669498,1.0,2.0,0.0,True,,resolved_oscillation,1.0,403.2,9.608280697143151,0.0010457267394736705,0.9830069956356076,458.2294981028329,7.786695861154757,550.7170112208985,127.36612097485165,0.6081349206349207,0.24016885136636304,3175.4515588992263,106.68788958395884,6.728024595593723,0.036153930741229,0.0053736323682447166,0.4456787380582093,2.15,13.957453428507574,1.0,1.0,40.0,134.18861468045884,0.0053736323682447166,0.4456787380582093
B,,34,0.23660133531883532,0.26753205511875555,0.4730561834042769,0.6237509638521684,0.740455434691546,0.04585705792459993,0.7921451734282049,0.425192083084163,44.73202670637671,10.0,10.675320551187555,2.9461123668085536,0.006479160134380648,1.240455434691546,0.5458570579245999,3.578373881820831,34.01536664673304,1.0,0.006479160134380648,1.240455434691546,1.0,2.0,0.0,68.03073329346608,98,44.73202670637671,10.0,10.675320551187555,2.9461123668085536,0.006479160134380648,1.240455434691546,0.5458570579245999,3.578373881820831,34.01536664673304,1.0,0.006479160134380648,1.240455434691546,1.0,2.0,0.0,True,,resolved_oscillation,1.0,538.8571428571429,12.046338664559702,0.0007014186932832953,0.9870391421314915,513.1109855082262,6.650358553942434,724.9413071375936,199.084955565216,0.604984093319194,0.26527438347033994,3867.7684971321605,73.45559975827044,7.151415681196843,0.05786082516716259,0.00809082113899428,0.4221284159075761,2.8333333333333335,19.456001883543536,1.0,1.0,40.0,68.03073329346608,0.00809082113899428,0.4221284159075761
B,,35,0.7190142190790719,0.003423925032744468,0.13759569382084302,0.2916752934096738,0.8421563648231983,0.5530772328579547,0.62528081979759,0.4738910100621101,54.38028438158144,10.0,8.034239250327445,2.2751913876416863,0.0023959530618912874,1.3421563648231984,1.0530772328579547,2.735599636324743,37.91128080496881,1.0,0.0023959530618912874,1.3421563648231984,1.0,2.0,0.0,75.82256160993762,99,54.38028438158144,10.0,8.034239250327445,2.2751913876416863,0.0023959530618912874,1.3421563648231984,1.0530772328579547,2.735599636324743,37.91128080496881,1.0,0.0023959530618912874,1.3421563648231984,1.0,2.0,0.0,True,,resolved_oscillation,1.0,663.3333333333334,12.198048260998132,0.0007784891148155612,0.9939246868470006,834.8865548698906,5.072197268063405,1255.796011904629,253.34583503397425,0.615075376884422,0.21506331926238614,4538.6048726820045,53.22755983223628,7.141891221451807,0.023360015342883643,0.003270844461018689,0.3681404132415019,3.091666666666667,21.168808863340434,1.0,1.0,40.0,75.82256160993762,0.003270844461018689,0.3681404132415019
B,,36,0.9115632583109372,0.2869589109337868,0.1859938181047599,0.9204377408637088,0.5876327190536634,0.0730887879415244,0.9547223728797435,0.038117691161798084,58.23126516621875,10.0,10.869589109337868,2.3719876362095196,0.015758581059843867,1.0876327190536634,0.5730887879415244,4.648601319103264,3.0494152929438467,1.0,0.015758581059843867,1.0876327190536634,1.0,2.0,0.0,6.0988305858876934,100,58.23126516621875,10.0,10.869589109337868,2.3719876362095196,0.015758581059843867,1.0876327190536634,0.5730887879415244,4.648601319103264,3.0494152929438467,1.0,0.015758581059843867,1.0876327190536634,1.0,2.0,0.0,True,,resolved_oscillation,1.0,415.2857142857143,7.1316622281913045,0.0033233291471596008,0.28205677874925456,54.03214487465549,38.79201214239712,93.32374277986702,46.899590710883096,0.6633986928104575,0.0,364.8294987684631,253.14104223301126,0.4817830288387372,0.2909619556308762,0.6039273660846762,0.0,4.566666666666666,2.487492386105095,1.0,1.0,40.0,6.0988305858876934,0.6039273660846762,0.0
B,,37,0.7651514012971702,0.11948244979919653,0.6446447953133618,0.26098713542435736,0.953321643366449,0.7320165468055979,0.1599217123837603,0.850602557737576,55.303028025943405,10.0,9.194824497991965,3.2892895906267237,0.002185506445599579,1.4533216433664489,1.232016546805598,1.2935418380129524,68.04820461900607,1.0,0.002185506445599579,1.4533216433664489,1.0,2.0,0.0,136.09640923801214,101,55.303028025943405,10.0,9.194824497991965,3.2892895906267237,0.002185506445599579,1.4533216433664489,1.232016546805598,1.2935418380129524,68.04820461900607,1.0,0.002185506445599579,1.4533216433664489,1.0,2.0,0.0,True,,resolved_oscillation,1.0,754.6,13.644822479629992,0.0007258448946530164,0.9952820644308209,943.8911672907567,4.453217711594986,1045.802845419835,415.66890250896694,0.596342433077127,0.33459231281937346,6828.052990400789,52.1817446089176,9.564282132812592,0.02283004554224609,0.002387010883328303,0.4401244167962675,4.35,38.94822607766421,1.0,1.0,40.0,136.09640923801214,0.002387010883328303,0.4401244167962675
B,,38,0.5665715777612217,0.6673449773465154,0.2624923198028516,0.5669001837871434,0.8226526425718126,0.5757437099998371,0.8123640919183479,0.10689620875269645,51.331431555224434,10.0,14.673449773465155,2.5249846396057034,0.005464546723424721,1.3226526425718126,1.0757437099998373,3.696733412579597,8.551696700215716,1.0,0.005464546723424721,1.3226526425718126,1.0,2.0,0.0,17.103393400431433,102,51.331431555224434,10.0,14.673449773465155,2.5249846396057034,0.005464546723424722,1.3226526425718126,1.0757437099998373,3.696733412579597,8.551696700215716,1.0,0.005464546723424721,1.3226526425718126,1.0,2.0,0.0,True,,resolved_oscillation,1.0,583.2857142857143,11.363129696825071,0.0008365540669409419,0.9777295287533878,626.5215296491193,13.952929711434164,1057.5803261560402,312.4135174872625,0.6219079108498652,0.08264830037769384,2773.8740786289227,72.20317292605053,5.074149487150502,0.05266897813110226,0.01037986331787786,0.35125527660519884,2.2333333333333334,11.628572934818752,1.0,1.0,40.0,17.103393400431433,0.01037986331787786,0.35125527660519884
B,,39,0.626792887973555,0.41096419565086695,0.1378795629698708,0.07388965705981543,0.455903676713026,0.8634116840620544,0.9423226135772548,0.5546152639226781,52.5358577594711,10.0,12.10964195650867,2.2757591259397416,0.001247764599968668,0.955903676713026,1.3634116840620543,4.556750409707966,44.36922111381425,1.0,0.001247764599968668,0.955903676713026,1.0,2.0,0.0,88.7384422276285,103,52.5358577594711,10.0,12.10964195650867,2.2757591259397416,0.001247764599968668,0.955903676713026,1.3634116840620543,4.556750409707966,44.36922111381425,1.0,0.001247764599968668,0.955903676713026,1.0,2.0,0.0,True,,resolved_oscillation,1.0,741.4,14.112266014469732,0.0007387679491572245,0.9967907277663904,1817.8234088772952,5.833890191715546,2244.2689875161022,843.1071719197286,0.6349473968168331,0.27504998889135746,3765.410028778999,22.98043160578847,5.774104001376466,0.008648742248473697,0.0014978500987186856,0.3930237724950011,3.6166666666666667,19.779060752357957,1.0,1.0,40.0,88.7384422276285,0.0014978500987186856,0.3930237724950011
B,,40,0.34128078667817463,0.021556177997846704,0.7881543639175074,0.2267442868893934,0.6456566044921718,0.9734007290070525,0.5696106995719685,0.25068820561051863,46.825615733563495,10.0,8.215561779978467,3.5763087278350145,0.0019724278163827423,1.1456566044921717,1.4734007290070525,2.5011560755824767,20.05505644884149,1.0,0.0019724278163827423,1.1456566044921717,1.0,2.0,0.0,40.11011289768298,104,46.825615733563495,10.0,8.215561779978467,3.5763087278350145,0.0019724278163827423,1.1456566044921717,1.4734007290070525,2.5011560755824767,20.05505644884149,1.0,0.0019724278163827423,1.1456566044921717,1.0,2.0,0.0,True,,resolved_oscillation,1.0,805.5,17.20212297011263,0.0007167601107257923,0.9976176889661891,1549.1956239849862,3.6906658285510097,1742.7469611096128,1071.452664068163,0.6249534450651769,0.34970006665185516,4922.13702854513,16.550533471737893,7.788487327621904,0.01624060019874088,0.0020852059604877984,0.4383470339924461,4.466666666666667,32.58086123435462,1.0,1.0,40.0,40.11011289768298,0.0020852059604877984,0.4383470339924461
B,,41,0.7772036990357192,0.4680935386909004,0.8698032295184877,0.534105994549196,0.14747383147621906,0.21738323359940437,0.5460994556731844,0.5850679036899411,55.54407398071439,10.0,12.680935386909004,3.7396064590369753,0.004953223443604933,0.6474738314762191,0.7173832335994044,2.408280886641182,46.80543229519529,1.0,0.004953223443604933,0.6474738314762191,1.0,2.0,0.0,93.61086459039058,105,55.54407398071439,10.0,12.680935386909004,3.7396064590369753,0.004953223443604933,0.6474738314762191,0.7173832335994044,2.408280886641182,46.80543229519529,1.0,0.004953223443604933,0.6474738314762191,1.0,2.0,0.0,True,,resolved_oscillation,1.0,641.1666666666666,11.5433856524332,0.0006367272531279382,0.983338364495208,423.4830813065042,7.0559207431751885,481.812564985192,249.2784360856703,0.5914998700285937,0.3412574983337036,2902.80387047137,57.82202255003584,4.18720626851204,0.023058454035001594,0.005506882765342156,0.45478782492779385,3.816666666666667,15.096376510278082,1.0,1.0,40.0,93.61086459039058,0.005506882765342156,0.45478782492779385
B,,42,0.6291733621119081,0.5620296082702935,0.821760701088823,0.2832060319549595,0.537741096995794,0.45221418877906305,0.2974351594006245,0.8362800471105234,52.583467242238164,10.0,13.620296082702936,3.643521402177646,0.002335928484516994,1.037741096995794,0.952214188779063,1.6139803935416235,66.90240376884188,1.0,0.002335928484516994,1.037741096995794,1.0,2.0,0.0,133.80480753768376,106,52.583467242238164,10.0,13.620296082702936,3.643521402177646,0.002335928484516994,1.037741096995794,0.952214188779063,1.6139803935416235,66.90240376884188,1.0,0.002335928484516994,1.037741096995794,1.0,2.0,0.0,True,,resolved_oscillation,1.0,630.8333333333334,11.99679987679874,0.0006471571315147101,0.9882220726783952,599.1854694652128,7.057162911522886,670.9773556834081,361.57481436475166,0.5887450462351387,0.3377027327260609,4542.867562063407,63.71746028849381,6.83517487405831,0.017429485459266817,0.0025499692078716713,0.4583425905354366,3.7583333333333333,24.11253507214079,1.0,1.0,40.0,133.80480753768376,0.0025499692078716713,0.4583425905354366
B,,43,0.9294705266265637,0.5547703278895101,0.6720519998969829,0.06062504848939321,0.8529476254915114,0.2530063987005956,0.256509519573614,0.6159831436337478,58.589410532531275,10.0,13.547703278895101,3.344103999793966,0.0011991541273272083,1.3529476254915114,0.7530063987005956,1.511097405843143,49.27865149069983,1.0,0.0011991541273272083,1.3529476254915114,1.0,2.0,0.0,98.55730298139966,107,58.589410532531275,10.0,13.547703278895101,3.344103999793966,0.0011991541273272083,1.3529476254915114,0.7530063987005956,1.511097405843143,49.27865149069983,1.0,0.0011991541273272083,1.3529476254915114,1.0,2.0,0.0,True,,resolved_oscillation,1.0,720.2,12.292323705836145,0.0006209575055539543,0.9904385474574439,681.6987813707437,6.518030546394713,725.4908783170139,450.60732989969097,0.6050402665926131,0.36214174627860474,6634.323682365317,75.27396022478837,8.947992759497701,0.011679885203175089,0.0013053078513924439,0.476338591424128,4.183333333333334,35.13890884147447,1.0,1.0,40.0,98.55730298139966,0.0013053078513924439,0.476338591424128
B,,44,0.08482906605516505,0.6770339215816964,0.47954290604757543,0.8430079133831939,0.7992000062318403,0.44065595311405026,0.43099992654470154,0.08222968208283765,41.6965813211033,10.0,14.770339215816964,2.959085812095151,0.01249621768079283,1.2992000062318403,0.9406559531140503,2.001041153861146,6.578374566627012,1.0,0.01249621768079283,1.2992000062318403,1.0,2.0,0.0,13.156749133254024,108,41.6965813211033,10.0,14.770339215816964,2.959085812095151,0.012496217680792829,1.2992000062318403,0.9406559531140503,2.001041153861146,6.578374566627012,1.0,0.01249621768079283,1.2992000062318403,1.0,2.0,0.0,True,,resolved_oscillation,1.0,418.0,10.024802675811783,0.0,0.956381442993742,302.49089479366916,13.194216338431653,447.0449709514051,151.97047950025055,0.6160287081339714,0.14041324150188847,2471.633420856496,124.95120888972764,5.482421970155719,0.11789957612333778,0.02150501671800156,0.4059097978227061,1.8666666666666667,10.685090913688212,1.0,1.0,40.0,13.156749133254024,0.02150501671800156,0.4059097978227061
B,,45,0.9148720865562727,0.5150487007124877,0.9919531034086785,0.722293646027783,0.20305587426584715,0.8844593357278694,0.06365939737963755,0.7386041045009121,58.29744173112545,10.0,13.150487007124877,3.983906206817357,0.0087041366214483,0.7030558742658471,1.3844593357278694,1.107888384927033,59.088328360072964,1.0,0.0087041366214483,0.7030558742658471,1.0,2.0,0.0,118.17665672014593,109,58.29744173112545,10.0,13.150487007124877,3.983906206817357,0.0087041366214483,0.7030558742658471,1.3844593357278694,1.107888384927033,59.088328360072964,1.0,0.008704136621448307,0.7030558742658471,1.0,2.0,0.0,True,,resolved_oscillation,1.0,623.8333333333334,10.700869794776327,0.0006544188465891472,0.9771570249859703,374.49624218021427,8.554608302970635,443.87601499828884,156.66970799954242,0.5748330216403954,0.3197067318373695,3010.7763456792354,88.52900376320324,4.286263193618497,0.043988579858183434,0.010262687537171026,0.45945345478782496,3.6,14.799812395170234,1.0,1.0,40.0,118.17665672014593,0.010262687537171026,0.45945345478782496
B,,46,0.7956061962700218,0.049192464843080264,0.24914041170713708,0.926338172463639,0.2760036913057786,0.5990317568302236,0.04330771889028384,0.560700683227424,55.91212392540044,10.0,8.491924648430803,2.498280823414274,0.01603960793964866,0.7760036913057786,1.0990317568302235,1.0721876400410233,44.85605465819391,1.0,0.01603960793964866,0.7760036913057786,1.0,2.0,0.0,89.71210931638782,110,55.91212392540044,10.0,8.491924648430803,2.498280823414274,0.01603960793964866,0.7760036913057786,1.0990317568302235,1.0721876400410233,44.85605465819391,1.0,0.01603960793964866,0.7760036913057786,1.0,2.0,0.0,True,,resolved_oscillation,1.0,337.8333333333333,6.042219640664702,0.004694394441630543,0.7294174140041454,45.94473736315681,12.431845848623336,113.21454400940215,18.131295561935342,0.6127281697089295,0.0,999.4458584394858,294.02967903692365,1.615859731597155,0.16930969243431077,0.1047799441520589,0.5514330148855809,2.283333333333333,4.176940083600086,1.0,1.0,40.0,89.71210931638782,0.1047799441520589,0.5514330148855809
B,,47,0.8724654939500409,0.8939783531468125,0.8381136693269748,0.9277879113508174,0.4380355721817345,0.11294606132724794,0.921882303225169,0.6740256066152932,57.44930987900082,10.0,16.939783531468123,3.6762273386539497,0.016109419919276426,0.9380355721817345,0.6129460613272479,4.409284051200947,53.92204852922346,1.0,0.016109419919276426,0.9380355721817345,1.0,2.0,0.0,107.84409705844692,111,57.44930987900082,10.0,16.939783531468123,3.6762273386539497,0.016109419919276426,0.9380355721817345,0.6129460613272479,4.409284051200947,53.92204852922346,1.0,0.016109419919276426,0.9380355721817345,1.0,2.0,0.0,True,,resolved_oscillation,1.0,517.125,9.00141361296008,0.0006836903854837298,0.8777055811185904,145.41796667701092,17.78380572968124,493.5110198115344,54.29528616565971,0.5419386028523084,0.0,1904.4506934576057,152.47524000313211,3.127150467047155,0.11105668579843263,0.035513700721698585,0.418129304598978,2.5833333333333335,8.64429896766941,1.0,1.0,40.0,107.84409705844692,0.035513700721698585,0.418129304598978
B,,48,0.8744195883992163,0.6702017847095065,0.3857855035556662,0.7082565732821555,0.42573084007812745,0.6034069552075657,0.7989984655054873,0.6345216018789176,57.488391767984325,10.0,14.702017847095066,2.7715710071113326,0.008345705327711703,0.9257308400781274,1.1034069552075656,3.61806163455912,50.76172815031341,1.0,0.008345705327711703,0.9257308400781274,1.0,2.0,0.0,101.52345630062682,112,57.488391767984325,10.0,14.702017847095066,2.7715710071113326,0.008345705327711703,0.9257308400781274,1.1034069552075656,3.61806163455912,50.76172815031341,1.0,0.008345705327711703,0.9257308400781274,1.0,2.0,0.0,True,,resolved_oscillation,1.0,583.7142857142857,10.153602627641432,0.0008359398569064774,0.9672358749301567,404.0990180762809,13.239950768852134,910.8764783038143,128.60104780652574,0.5820484581497798,0.1268606976227505,2377.825204513776,87.30535166989866,3.8274092751249698,0.056203665713376406,0.014684519389827021,0.358586980670962,2.6666666666666665,10.25164020735166,1.0,1.0,40.0,101.52345630062682,0.014684519389827021,0.358586980670962
B,,49,0.7335389263388301,0.2301265554468096,0.5766664444281188,0.5652661980937161,0.30005671350206164,0.8109838830866913,0.6182417392133033,0.43325799927552955,54.6707785267766,10.0,10.301265554468095,3.1533328888562373,0.00543786321735832,0.8000567135020616,1.3109838830866913,2.7047830185819763,34.660639942042366,1.0,0.00543786321735832,0.8000567135020616,1.0,2.0,0.0,69.32127988408473,113,54.6707785267766,10.0,10.301265554468095,3.1533328888562373,0.00543786321735832,0.8000567135020616,1.3109838830866913,2.7047830185819763,34.660639942042366,1.0,0.00543786321735832,0.8000567135020616,1.0,2.0,0.0,True,,resolved_oscillation,1.0,696.6,12.741724533130984,0.0007862798700906779,0.989810449564547,650.9649942819835,6.633040640950608,1039.7205326845597,228.40136609242552,0.5957507895492391,0.27993779160186627,3052.5331765524415,42.549984891447124,4.606364175942275,0.03127957446807809,0.006790512706624972,0.40746500777604977,3.4833333333333334,15.341979645082509,1.0,1.0,40.0,69.32127988408473,0.006790512706624972,0.40746500777604977
B,,50,0.08712409931186638,0.6199723532772395,0.731607286018138,0.8502880899900352,0.26759457377091833,0.7567833804925578,0.7486800542462877,0.1635011975121965,41.74248198623733,10.0,14.199723532772396,3.463214572036276,0.01277174709326552,0.7675945737709183,1.2567833804925579,3.3366058028454555,13.08009580097572,1.0,0.01277174709326552,0.7675945737709183,1.0,2.0,0.0,26.16019160195144,114,41.74248198623733,10.0,14.199723532772396,3.463214572036276,0.01277174709326552,0.7675945737709183,1.2567833804925579,3.3366058028454555,13.08009580097572,1.0,0.01277174709326552,0.7675945737709183,1.0,2.0,0.0,True,,resolved_oscillation,1.0,450.44444444444446,10.791031654345755,0.0011700583350401008,0.9519710504491316,268.11233800764876,12.877153956134741,599.7865799673262,114.02953752962992,0.5833127775037,0.14596756276383027,1491.4893161993584,62.14864013854137,3.2465024182773106,0.07066553079724794,0.021766665072975717,0.36680737613863584,2.0,6.684468456665363,1.0,1.0,40.0,26.16019160195144,0.021766665072975717,0.36680737613863584
B,,51,0.44905312128436226,0.04826374467679506,0.5528494591703504,0.668957050737573,0.8285814688945923,0.7008561450373402,0.45996821847350866,0.4437697318007716,48.98106242568724,10.0,8.482637446767951,3.1056989183407007,0.0074187918948396565,1.3285814688945923,1.2008561450373403,2.0965440305208625,35.50157854406173,1.0,0.0074187918948396565,1.3285814688945923,1.0,2.0,0.0,71.00315708812346,115,48.98106242568724,10.0,8.482637446767951,3.1056989183407007,0.007418791894839656,1.3285814688945923,1.2008561450373403,2.0965440305208625,35.50157854406173,1.0,0.0074187918948396565,1.3285814688945923,1.0,2.0,0.0,True,,resolved_oscillation,1.0,485.875,9.91965008389021,0.0007276632685223026,0.9605516796203292,207.2549931402891,8.175861369684599,635.6986502492634,52.2214386902819,0.5479804476459995,0.08998000444345701,2627.954579727899,92.2346560809178,5.075350086785203,0.07130231435075769,0.014048747994036714,0.3774716729615641,2.183333333333333,11.110905863525522,1.0,1.0,40.0,71.00315708812346,0.014048747994036714,0.3774716729615641
B,,52,0.2622049141017654,0.20447014629775118,0.2781763042355281,0.45979260448635406,0.4805175463400232,0.40247651790960104,0.028326043068800266,0.19732363730208957,45.24409828203531,10.0,10.044701462977512,2.556352608471056,0.0039646419343004405,0.9805175463400232,0.902476517909601,1.0466441597781388,15.785890984167166,1.0,0.0039646419343004405,0.9805175463400232,1.0,2.0,0.0,31.57178196833433,116,45.24409828203531,10.0,10.044701462977512,2.556352608471056,0.0039646419343004405,0.9805175463400232,0.902476517909601,1.0466441597781388,15.785890984167166,1.0,0.0039646419343004405,0.9805175463400232,1.0,2.0,0.0,True,,resolved_oscillation,1.0,403.9,8.927131169290496,0.0007829357910790739,0.9670867044972475,212.30444768392354,6.987639023169636,231.34471554417888,99.55050775299873,0.6224312948749692,0.2534992223950233,2546.9954710297493,126.58312038026892,5.053367266263902,0.030824673421852054,0.0060998284505534486,0.4612308375916463,2.216666666666667,10.952375333655583,1.0,1.0,40.0,31.57178196833433,0.0060998284505534486,0.4612308375916463
B,,53,0.6256199393320314,0.9232449710378651,0.17409165468435095,0.3258443585814851,0.01576438431416216,0.8922941822452797,0.2375870968282664,0.10833129733756575,52.51239878664063,10.0,17.232449710378653,2.348183309368702,0.0026541977973786528,0.5157643843141622,1.3922941822452797,1.4657714356927702,8.66650378700526,1.0,0.0026541977973786528,0.5157643843141622,1.0,2.0,0.0,17.33300757401052,117,52.51239878664063,10.0,17.232449710378653,2.348183309368702,0.0026541977973786528,0.5157643843141622,1.3922941822452797,1.4657714356927702,8.66650378700526,1.0,0.002654197797378655,0.5157643843141622,1.0,2.0,0.0,True,,resolved_oscillation,1.0,433.6666666666667,8.25836710352286,0.0011529592621060721,0.9449208521265089,244.02302584565487,13.440580325089572,262.18201453625875,152.11691554135572,0.645196003074558,0.20395467673850257,1336.4344873628,97.58652591784553,2.3806923621472404,0.017169739286765805,0.0072120781163340815,0.4207953788047101,2.2666666666666666,5.488983745034854,1.0,1.0,40.0,17.33300757401052,0.0072120781163340815,0.4207953788047101
B,,54,0.7754121372860688,0.7942726670254013,0.5427034241171419,0.8082517553126966,0.6697570516959428,0.2825237843104127,0.6703550080423818,0.7991470081324397,55.508242745721375,10.0,15.942726670254014,3.0854068482342836,0.011260554521760033,1.1697570516959428,0.7825237843104127,2.941426785243939,63.93176065059517,1.0,0.011260554521760033,1.1697570516959428,1.0,2.0,0.0,127.86352130119035,118,55.508242745721375,10.0,15.942726670254014,3.0854068482342836,0.011260554521760033,1.1697570516959428,0.7825237843104127,2.941426785243939,63.93176065059517,1.0,0.011260554521760033,1.1697570516959428,1.0,2.0,0.0,True,,resolved_oscillation,1.0,536.75,9.669735042033432,0.0008624313924290185,0.9582464825882062,333.88501605504746,13.940873831391476,683.4418569960026,98.19298998343108,0.5719608756404285,0.16818484781159743,3092.302391086539,144.46385300496414,5.095757062211668,0.09536638498759084,0.018714860976162744,0.40902021772939345,2.6666666666666665,13.677856045186418,1.0,1.0,40.0,127.86352130119035,0.018714860976162744,0.40902021772939345
B,,55,0.3654095612402771,0.31048865029933304,0.3960083405727435,0.793890962821361,0.7522871001986658,0.016977720311515898,0.7231251491683003,0.6191559400144643,47.30819122480554,10.0,11.104886502993331,2.792016681145487,0.010786385952546862,1.2522871001986657,0.5169777203115159,3.2021582337222756,49.53247520115714,1.0,0.010786385952546862,1.2522871001986657,1.0,2.0,0.0,99.06495040231428,119,47.30819122480554,10.0,11.104886502993331,2.792016681145487,0.010786385952546862,1.2522871001986657,0.5169777203115159,3.2021582337222756,49.53247520115714,1.0,0.010786385952546862,1.2522871001986657,1.0,2.0,0.0,True,,resolved_oscillation,1.0,445.44444444444446,9.415799524604958,0.0011831919406965748,0.9594912936053445,234.3177935327484,9.491910701261629,455.0687586810311,67.75217396395142,0.58144175604889,0.1926238613641413,2864.354720711068,146.41758745738164,5.503925914223207,0.09886947892257221,0.01796344654041843,0.46078649189069093,2.316666666666667,12.813891226961688,1.0,1.0,40.0,99.06495040231428,0.01796344654041843,0.46078649189069093
B,,56,0.041377316730994984,0.6544331922337097,0.34569090194941465,0.6716009496173991,0.18434652626386017,0.8158273705588795,0.3593400345228098,0.20502734838734193,40.827546334619896,10.0,14.544331922337097,2.691381803898829,0.007477785109023773,0.6843465262638602,1.3158273705588797,1.7830679980259747,16.402187870987355,1.0,0.007477785109023773,0.6843465262638602,1.0,2.0,0.0,32.80437574197471,120,40.827546334619896,10.0,14.544331922337097,2.691381803898829,0.007477785109023773,0.6843465262638602,1.3158273705588797,1.7830679980259747,16.402187870987355,1.0,0.007477785109023773,0.6843465262638602,1.0,2.0,0.0,True,,resolved_oscillation,1.0,400.72727272727275,9.815120150570358,0.00116562909062297,0.9698014343738133,331.38151721660967,10.00724649497112,376.7524646180412,178.47532858154116,0.6288566243194192,0.24616751832926018,1670.730661327509,70.19937803405003,3.608011629269674,0.03786533050677726,0.010494791701777823,0.4190179960008887,2.1,7.466831730185563,1.0,1.0,40.0,32.80437574197471,0.010494791701777823,0.4190179960008887
B,,57,0.05230069463158471,0.20332183146745508,0.014881200588171772,0.9716657455337966,0.35440096908058727,0.7122315784877248,0.40261719914025096,0.6122080081366711,41.04601389263169,10.0,10.033218314674551,2.0297624011763435,0.018372416434373078,0.8544009690805873,1.212231578487725,1.9116894588034554,48.97664065093369,1.0,0.018372416434373078,0.8544009690805873,1.0,2.0,0.0,97.95328130186738,121,41.04601389263169,10.0,10.033218314674551,2.0297624011763435,0.018372416434373078,0.8544009690805873,1.212231578487725,1.9116894588034554,48.97664065093369,1.0,0.018372416434373078,0.8544009690805873,1.0,2.0,0.0,True,,resolved_oscillation,1.0,278.8,6.792376982799987,0.0016040659809898059,0.10891012973910641,29.915635442658125,26.65751970537042,107.94313998968063,22.37784744146343,0.6649928263988522,0.0,484.73887832282554,438.0494533097231,0.8417590231797373,0.7048444627396803,0.837347083108342,1.0,2.908333333333333,3.6264844112346806,1.0,1.0,40.0,97.95328130186738,0.837347083108342,1.0
B,,58,0.35724945589380774,0.605413984732837,0.8983131522888456,0.8353760829602679,0.37460195343172786,0.9796385404701368,0.9020553927410472,0.37886277999280726,47.14498911787616,10.0,14.05413984732837,3.796626304577691,0.012213758867219614,0.8746019534317279,1.4796385404701367,4.270804206189408,30.30902239942458,1.0,0.012213758867219614,0.8746019534317279,1.0,2.0,0.0,60.61804479884916,122,47.14498911787616,10.0,14.05413984732837,3.796626304577691,0.012213758867219614,0.8746019534317279,1.4796385404701367,4.270804206189408,30.30902239942458,1.0,0.012213758867219614,0.8746019534317279,1.0,2.0,0.0,True,,unresolved_oscillation,0.0,,,,0.012843724935443472,34.73220711037258,34.2861161958461,115.49485715382593,32.75183326136307,,0.0,190.20875496336794,185.65114845459385,0.28003934913446954,0.2704443825297294,0.9657370771843466,0.0,4.1,1.8369681384242684,1.0,1.0,40.0,60.61804479884916,,
B,,59,0.007432380397225491,0.18158072947161719,0.836134206891161,0.8243533577716446,0.8698285977066468,0.6102443970668706,0.5288727345928682,0.6733799326734268,40.14864760794451,10.0,9.815807294716173,3.672268413782322,0.011817032922588806,1.3698285977066469,1.1102443970668707,2.3424276056315136,53.87039461387414,1.0,0.011817032922588806,1.3698285977066469,1.0,2.0,0.0,107.74078922774828,123,40.14864760794451,10.0,9.815807294716173,3.672268413782322,0.011817032922588806,1.3698285977066469,1.1102443970668707,2.3424276056315136,53.87039461387414,1.0,0.011817032922588806,1.3698285977066469,1.0,2.0,0.0,True,,resolved_oscillation,1.0,268.22222222222223,6.68072869705198,0.0016440045429150314,0.1350777142567335,24.472003585023103,21.166381277475594,88.3560939367586,17.85427414252277,0.6626967688483845,0.0,353.6027133489137,279.96480648925325,0.6623145784620803,0.4447526079059087,0.6715126351871058,0.9286825149966674,3.716666666666667,2.3727407345759985,1.0,1.0,40.0,107.74078922774828,0.6715126351871058,0.9286825149966674
B,,60,0.9755608868652299,0.1805564538747726,0.23832624745731035,0.27934794533964935,0.4730665189224943,0.03495684183628822,0.32030225979711835,0.12430596358562007,59.5112177373046,10.0,9.805564538747726,2.476652494914621,0.002309085723291563,0.9730665189224943,0.5349568418362882,1.6744865824588635,9.944477086849606,1.0,0.002309085723291563,0.9730665189224943,1.0,2.0,0.0,19.88895417369921,124,59.5112177373046,10.0,9.805564538747726,2.476652494914621,0.002309085723291563,0.9730665189224943,0.5349568418362882,1.6744865824588635,9.944477086849606,1.0,0.002309085723291563,0.9730665189224943,1.0,2.0,0.0,True,,resolved_oscillation,1.0,588.7142857142857,9.89249267781745,0.0008288401493132411,0.978632359121247,290.90880077744913,6.216034783481248,308.278894625415,152.94212040318976,0.632734773113322,0.23772495001110863,3580.935047756668,115.13893552431801,5.286066550698111,0.017725901711153867,0.0033533254909196846,0.4163519217951566,3.0833333333333335,15.813151472323092,1.0,1.0,40.0,19.88895417369921,0.0033533254909196846,0.4163519217951566
B,,61,0.6588913370561946,0.05226072020310857,0.9605134421172272,0.5443491627426504,0.872484066189242,0.2672530081216734,0.16117802496200928,0.5450715140691681,53.177826741123894,10.0,8.522607202031086,3.9210268842344544,0.005107573074549868,1.3724840661892421,0.7672530081216734,1.2961599700911905,43.60572112553345,1.0,0.005107573074549868,1.3724840661892421,1.0,2.0,0.0,87.2114422510669,125,53.177826741123894,10.0,8.522607202031086,3.9210268842344544,0.005107573074549869,1.3724840661892421,0.7672530081216734,1.2961599700911905,43.60572112553345,1.0,0.005107573074549868,1.3724840661892421,1.0,2.0,0.0,True,,resolved_oscillation,1.0,679.0,12.768479676791875,0.0,0.9902815878114133,496.72682896414466,4.827396069003145,575.5161801604287,219.41945309790881,0.5846833578792342,0.33414796711841815,6021.224755071045,81.49970574544624,8.90810216879022,0.050382175109367495,0.0056557697874057644,0.44901133081537437,3.933333333333333,33.03660922596065,1.0,1.0,40.0,87.2114422510669,0.0056557697874057644,0.44901133081537437
B,,62,0.377592786932909,0.12173572714394054,0.8964569421349174,0.7134255333389391,0.6756414713726576,0.6988194616566518,0.5911242814374551,0.7808445449833764,47.551855738658176,10.0,9.217357271439406,3.7929138842698347,0.008475942826139,1.1756414713726575,1.1988194616566519,2.589274781879421,62.46756359867011,1.0,0.008475942826139,1.1756414713726575,1.0,2.0,0.0,124.93512719734022,126,47.551855738658176,10.0,9.217357271439406,3.7929138842698347,0.008475942826139,1.1756414713726575,1.1988194616566519,2.589274781879421,62.46756359867011,1.0,0.008475942826139,1.1756414713726575,1.0,2.0,0.0,True,,resolved_oscillation,1.0,407.9,8.578003816334554,0.000775258068195239,0.8476742133826356,73.34819321066746,11.172821227777352,406.276674943922,23.076354286052823,0.5050257416033341,0.0,1362.8423007688061,102.00938355944068,2.792909935589358,0.07483212603671602,0.026793605151082322,0.43168184847811597,2.066666666666667,6.049926708824681,1.0,1.0,40.0,124.93512719734022,0.026793605151082322,0.43168184847811597
B,,63,0.36108253238588683,0.6999533468420251,0.6750538317755055,0.6890075408384903,0.9945140096130656,0.13998506101124197,0.6630543483491107,0.3112186038020406,47.22165064771774,10.0,14.999533468420251,3.350107663551011,0.007878063514765686,1.4945140096130656,0.639985061011242,2.907067398589687,24.897488304163247,1.0,0.007878063514765686,1.4945140096130656,1.0,2.0,0.0,49.79497660832649,127,47.22165064771774,10.0,14.999533468420251,3.350107663551011,0.007878063514765686,1.4945140096130656,0.639985061011242,2.907067398589687,24.897488304163247,1.0,0.007878063514765686,1.4945140096130656,1.0,2.0,0.0,True,,resolved_oscillation,1.0,597.5714285714286,12.654606951997975,0.0008944913666684059,0.9855403822843384,667.2591111867837,9.648311665053049,902.2573063449385,334.40115057465215,0.6124790819985656,0.253054876694068,5050.136572559453,93.58361001949957,8.758464991849724,0.08465044222967186,0.009664986080145797,0.4007998222617196,3.033333333333333,25.691838237340832,1.0,1.0,40.0,49.79497660832649,0.009664986080145797,0.4007998222617196
AB,Td_min,0,0.9802780672764386,0.36929077709565117,0.476552141139271,0.7731966058510996,0.7192846536989712,0.7991515494535374,0.6932516039832075,0.976099650949025,59.60556134552877,10.0,11.692907770956513,2.953104282278542,0.010137992760460698,1.2192846536989712,1.2991515494535375,3.0518422183769376,78.087972075922,1.0,0.010137992760460698,1.2192846536989712,1.0,2.0,0.0,156.175944151844,128,59.60556134552877,10.0,11.692907770956513,2.953104282278542,0.010137992760460696,1.2192846536989712,1.2991515494535375,3.0518422183769376,78.087972075922,1.0,0.010137992760460698,1.2192846536989712,1.0,2.0,0.0,True,,steady_state,0.0,,,,,25.666467225917923,25.654256767485325,284.3702421276674,29.443668134650736,,0.0,746.4169060918234,745.5580658231178,0.8647863553685251,0.8637699382353403,0.9988246609964705,1.0,,,1.0,1.0,40.0,156.175944151844,,
AB,Td_min,1,0.665254330522999,0.5182907415863287,0.4330535974015236,0.8524225710498768,0.26499487736458205,0.7192355361076039,0.13139037206848947,0.4556181454269522,53.30508661045998,10.0,13.182907415863287,2.866107194803047,0.012853675567217745,0.764994877364582,1.219235536107604,1.235486285642274,36.449451634156176,1.0,0.012853675567217745,0.764994877364582,1.0,2.0,0.0,72.89890326831235,129,53.30508661045998,10.0,13.182907415863287,2.866107194803047,0.012853675567217743,0.764994877364582,1.219235536107604,1.235486285642274,36.449451634156176,1.0,0.012853675567217745,0.764994877364582,1.0,2.0,0.0,True,,resolved_oscillation,1.0,448.22222222222223,8.40862009094397,0.000983794488496997,0.9472545668252994,212.04146529684675,11.184218938080413,284.3116350600782,75.38098951249616,0.5990332176499752,0.2003999111308598,1963.3001524150156,145.41368286173523,3.409452013576862,0.07256516386143415,0.021283526963415424,0.4527882692734948,2.433333333333333,8.371843966718995,1.0,1.0,40.0,72.89890326831235,0.021283526963415424,0.4527882692734948
AB,Td_min,2,0.7096989007563954,0.7885110022666142,0.8313783726110382,0.8936092939302647,0.41701061288961905,0.10285973940458293,0.16799844493272076,0.8898534260437165,54.19397801512791,10.0,15.885110022666142,3.6627567452220764,0.014541610098533038,0.917010612889619,0.6028597394045829,1.3104663503609928,71.18827408349732,1.0,0.014541610098533038,0.917010612889619,1.0,2.0,0.0,142.37654816699464,130,54.19397801512791,10.0,15.885110022666142,3.6627567452220764,0.014541610098533038,0.917010612889619,0.6028597394045829,1.3104663503609928,71.18827408349732,1.0,0.01454161009853305,0.917010612889619,1.0,2.0,0.0,True,,resolved_oscillation,1.0,416.7,7.689046186712494,0.0011592174023029708,0.9081393156476733,141.14793682961607,12.965946072087515,201.7803019003294,57.41872453067204,0.5561555075593952,0.26127527216174184,2657.009060188396,265.0643952120733,4.494637158198049,0.09802030767365869,0.021808280451487243,0.5312152854921128,2.5833333333333335,11.62146851345451,1.0,1.0,40.0,142.37654816699464,0.021808280451487243,0.5312152854921128
AB,Td_min,3,0.6840908365294572,0.2102493009055516,0.002416419738390796,0.4342247396574749,0.8048933820835706,0.012133239297335785,0.6383509037943887,0.39924093577650477,53.68181673058915,10.0,10.102493009055516,2.004832839476782,0.003672310641606497,1.3048933820835706,0.5121332392973358,2.793753818007069,31.93927486212038,1.0,0.003672310641606497,1.3048933820835706,1.0,2.0,0.0,63.87854972424076,131,53.68181673058915,10.0,10.102493009055516,2.004832839476782,0.0036723106416064965,1.3048933820835706,0.5121332392973358,2.793753818007069,31.93927486212038,1.0,0.003672310641606497,1.3048933820835706,1.0,2.0,0.0,True,,resolved_oscillation,1.0,480.75,8.955546389436137,0.0009628914194202303,0.9722704907213315,313.8833152694053,8.7038303031822,424.90683309739273,112.32905562783813,0.6297451898075923,0.15685403243723617,3092.9517538857485,156.57015577591378,5.394623812317184,0.04396582135605889,0.008149932763740573,0.4583425905354366,2.375,12.827853221314331,1.0,1.0,40.0,63.87854972424076,0.008149932763740573,0.4583425905354366
AB,Td_min,4,0.7004350141589082,0.4014372245417077,0.7407632727886166,0.973170057651865,0.9917832957867231,0.8395727965599573,0.6163105529447619,0.23802648392585535,54.008700283178165,10.0,12.014372245417077,3.4815265455772333,0.01845539887005003,1.491783295786723,1.3395727965599573,2.696389267662793,19.04211871406843,1.0,0.01845539887005003,1.491783295786723,1.0,2.0,0.0,38.08423742813686,132,54.008700283178165,10.0,12.014372245417077,3.4815265455772333,0.01845539887005003,1.491783295786723,1.3395727965599573,2.696389267662793,19.04211871406843,1.0,0.01845539887005003,1.491783295786723,1.0,2.0,0.0,True,,steady_state,0.0,,,,,15.154506241751097,15.154501763968291,934.1711069004598,53.70909814736395,,0.0,2691.513572149991,2691.498122882773,3.441568878930588,3.441566488186434,0.9999993053330506,1.0,,,1.0,1.0,40.0,38.08423742813686,,
AB,Td_min,5,0.8085897594519936,0.9283144976343863,0.4369071057473428,0.6793096803954553,0.4457193604870616,0.8902233596814232,0.30683681880373526,0.2464707225199041,56.17179518903987,10.0,17.283144976343863,2.8738142114946856,0.007652481186052526,0.9457193604870616,1.390223359681423,1.6385878586544742,19.717657801592328,1.0,0.007652481186052526,0.9457193604870616,1.0,2.0,0.0,39.435315603184655,133,56.17179518903987,10.0,17.283144976343863,2.8738142114946856,0.007652481186052526,0.9457193604870616,1.390223359681423,1.6385878586544742,19.717657801592328,1.0,0.007652481186052533,0.9457193604870616,1.0,2.0,0.0,True,,resolved_oscillation,1.0,615.0,10.94855519447592,0.0,0.9788613800054945,576.1907524613943,12.179877360629533,702.8201403992191,300.5033776669595,0.6260162601626016,0.22217285047767163,3210.090117482134,91.86138436871494,4.9879890329186765,0.052296583292189884,0.010484502461223138,0.3874694512330593,2.95,14.545482769876475,1.0,1.0,40.0,39.435315603184655,0.010484502461223138,0.3874694512330593
AB,Td_min,6,0.37320422566866895,0.8625034418378221,0.8867248432919269,0.4437347746393657,0.4617652819142606,0.17305191977008727,0.3697961343740416,0.12011926120459937,47.46408451337338,10.0,16.62503441837822,3.773449686583854,0.0037784375789652875,0.9617652819142606,0.6730519197700873,1.8133281586919776,9.60954089636795,1.0,0.0037784375789652875,0.9617652819142606,1.0,2.0,0.0,19.2190817927359,134,47.46408451337338,10.0,16.62503441837822,3.773449686583854,0.0037784375789652875,0.9617652819142606,0.6730519197700873,1.8133281586919776,9.60954089636795,1.0,0.0037784375789652875,0.9617652819142606,1.0,2.0,0.0,True,,resolved_oscillation,1.0,550.0,11.587709014908592,0.0,0.9809314292801223,432.23023499776787,8.24201280332425,445.4674038052097,368.6973198358418,0.6272727272727273,0.3163741390802044,3798.059929415643,69.69129709092694,6.454578103452764,0.026148806410323758,0.004051203036234996,0.43257053988002664,3.066666666666667,18.86652916237286,1.0,1.0,40.0,19.2190817927359,0.004051203036234996,0.43257053988002664
AB,Td_min,7,0.5788677178703376,0.49622080261620993,0.0015575791320572296,0.7098664043105585,0.9560701223241277,0.3725144238776874,0.9611080662365922,0.35699789581469954,51.577354357406755,10.0,12.962208026162099,2.0031151582641145,0.008386050723346496,1.4560701223241277,0.8725144238776874,4.696623093566884,28.559831665175963,1.0,0.008386050723346496,1.4560701223241277,1.0,2.0,0.0,57.119663330351926,135,51.577354357406755,10.0,12.962208026162099,2.0031151582641145,0.008386050723346496,1.4560701223241277,0.8725144238776874,4.696623093566884,28.559831665175963,1.0,0.008386050723346496,1.4560701223241277,1.0,2.0,0.0,True,,resolved_oscillation,1.0,394.9,7.656460958883798,0.003669631994476941,0.8317749576104245,179.2567938127669,30.155481737772114,355.3802790739088,99.88481212871505,0.6259812610787542,0.0,906.7786120608753,175.68114737302906,1.715729729659774,0.14136533631054113,0.08239370914122565,0.3961341924016885,1.7833333333333334,3.8581242002861416,1.0,1.0,40.0,57.119663330351926,0.08239370914122565,0.3961341924016885
AB,Td_min,8,0.7148681274164026,0.5048124943431317,0.9217794243662824,0.25378836310641073,0.48115780150084886,0.6166769025777588,0.9266438061402799,0.37517357399106444,54.29736254832805,10.0,13.048124943431317,3.843558848732565,0.002138879278054398,0.9811578015008489,1.1166769025777588,4.443203711646457,30.013885919285155,1.0,0.002138879278054398,0.9811578015008489,1.0,2.0,0.0,60.02777183857031,136,54.29736254832805,10.0,13.048124943431317,3.843558848732565,0.002138879278054398,0.9811578015008489,1.1166769025777588,4.443203711646457,30.013885919285155,1.0,0.002138879278054398,0.9811578015008489,1.0,2.0,0.0,True,,resolved_oscillation,1.0,958.3333333333334,17.649721613648484,0.000602452454806566,0.9973671922709169,2207.6000688416607,5.8121865239711035,2376.563961783706,1744.5743996957608,0.6292173913043478,0.3505887580537658,4988.093359245117,16.67504365544125,6.7500826802919836,0.015082404103957938,0.002234402868574275,0.43212619417907133,5.35,33.919975868706935,1.0,1.0,40.0,60.02777183857031,0.002234402868574275,0.43212619417907133
AB,Td_min,9,0.913681446634874,0.6848542803973867,0.545033930508929,0.7217621395502537,0.9406082623381035,0.4715857368406461,0.9437489081058605,0.8804158591471485,58.27362893269748,10.0,14.848542803973867,3.0900678610178582,0.00869028847805224,1.4406082623381034,0.9715857368406461,4.567222593336356,70.43326873177188,1.0,0.00869028847805224,1.4406082623381034,1.0,2.0,0.0,140.86653746354375,137,58.27362893269748,10.0,14.848542803973867,3.0900678610178582,0.00869028847805224,1.4406082623381034,0.9715857368406461,4.567222593336356,70.43326873177188,1.0,0.00869028847805224,1.4406082623381034,1.0,2.0,0.0,True,,resolved_oscillation,1.0,469.77777777777777,8.06158439729818,0.0014191106906338697,0.7890450142183116,108.34431941884752,22.855774362529687,548.0279648541477,50.26835338623481,0.546535004730369,0.0,1288.9988642984051,163.14806724734663,2.2294481381971423,0.11204246533475319,0.05025569485790195,0.3856920684292379,2.183333333333333,5.617591976290087,1.0,1.0,40.0,140.86653746354375,0.05025569485790195,0.3856920684292379
AB,Td_min,10,0.02318134055244625,0.4462819689375723,0.9938149577766761,0.9015922436254239,0.8793790695616299,0.4601942566664927,0.11453905085060889,0.29314213139177814,40.463626811048925,10.0,12.462819689375724,3.9876299155533523,0.014893561147698462,1.37937906956163,0.9601942566664927,1.2024287755036374,23.45137051134225,1.0,0.014893561147698462,1.37937906956163,1.0,2.0,0.0,46.9027410226845,138,40.463626811048925,10.0,12.462819689375724,3.9876299155533523,0.014893561147698462,1.37937906956163,0.9601942566664927,1.2024287755036374,23.45137051134225,1.0,0.014893561147698462,1.37937906956163,1.0,2.0,0.0,True,,resolved_oscillation,1.0,432.1111111111111,10.679000998326714,0.0007714065312419646,0.9666181677801864,280.1162572952526,9.350793903072258,395.5077096572486,107.89214542299783,0.5850347132939059,0.25883137080648744,3562.7316117568175,140.27929665257338,7.550897686391603,0.14768776606146983,0.019558967979083602,0.4432348367029549,2.283333333333333,16.99954334967419,1.0,1.0,40.0,46.9027410226845,0.019558967979083602,0.4432348367029549
AB,Td_min,11,0.3134177590478612,0.7833164928346555,0.6936976459779453,0.6974159517909397,0.3326584954172609,0.6616409964329848,0.40307903288704905,0.6314419665790977,46.26835518095722,10.0,15.833164928346555,3.3873952919558903,0.00807902724545485,0.8326584954172609,1.1616409964329848,1.9131109319217572,50.515357326327816,1.0,0.00807902724545485,0.8326584954172609,1.0,2.0,0.0,101.03071465265563,139,46.26835518095722,10.0,15.833164928346555,3.3873952919558903,0.00807902724545485,0.8326584954172609,1.1616409964329848,1.9131109319217572,50.515357326327816,1.0,0.00807902724545485,0.8326584954172609,1.0,2.0,0.0,True,,resolved_oscillation,1.0,514.8571428571429,11.12763012308343,0.0007341152361444479,0.9808275734339746,511.11625865239637,9.799338935714657,597.8513684022115,238.34785184178594,0.602108768035516,0.31393023772495,2799.468729389969,73.86362485881698,5.005533126691262,0.048393195488275795,0.009667940309939468,0.4583425905354366,2.8833333333333333,13.880424333064393,1.0,1.0,40.0,101.03071465265563,0.009667940309939468,0.4583425905354366
AB,Td_min,12,0.30124927776650634,0.024031735423203138,0.3713608600938766,0.5394681067715948,0.3484344915921219,0.41869845356194746,0.0743758010283625,0.5957220289699944,46.024985555330126,10.0,8.240317354232031,2.7427217201877534,0.0050334318006715235,0.8484344915921219,0.9186984535619475,1.1271622984285814,47.65776231759955,1.0,0.0050334318006715235,0.8484344915921219,1.0,2.0,0.0,95.3155246351991,140,46.024985555330126,10.0,8.240317354232031,2.7427217201877534,0.005033431800671524,0.8484344915921219,0.9186984535619475,1.1271622984285814,47.65776231759955,1.0,0.0050334318006715235,0.8484344915921219,1.0,2.0,0.0,True,,resolved_oscillation,1.0,387.90909090909093,8.428228411777685,0.0007772732107699554,0.9646502726146521,174.49366137072343,6.168303359926271,212.91355633931263,50.494540094568755,0.5845441762362314,0.24527882692734948,2138.4289713774674,123.4266539718385,4.205569379553522,0.032097666516220376,0.0076321809532548905,0.4658964674516774,2.2666666666666666,9.227882928080232,1.0,1.0,40.0,95.3155246351991,0.0076321809532548905,0.4658964674516774
AB,Td_min,13,0.9236104707096142,0.26008903724763854,0.8937767146418455,0.7360853102868091,0.6297901131894204,0.3533399201315356,0.54972461355271,0.24027480692021974,58.472209414192285,10.0,10.600890372476385,3.787553429283691,0.009071290353590626,1.1297901131894204,0.8533399201315356,2.422372990848222,19.22198455361758,1.0,0.009071290353590626,1.1297901131894204,1.0,2.0,0.0,38.44396910723516,141,58.472209414192285,10.0,10.600890372476385,3.787553429283691,0.009071290353590626,1.1297901131894204,0.8533399201315356,2.422372990848222,19.22198455361758,1.0,0.009071290353590626,1.1297901131894204,1.0,2.0,0.0,True,,resolved_oscillation,1.0,673.6,11.52000252339541,0.0008131273122107573,0.9712324720066606,304.2026014871442,8.751156853928064,723.6322335549886,97.5002939199468,0.5641330166270784,0.20862030659853367,3643.9986387221716,91.44747994845918,5.494024673951788,0.07368085703074824,0.013411089575203974,0.3930237724950011,3.075,16.666231449132372,1.0,1.0,40.0,38.44396910723516,0.013411089575203974,0.3930237724950011
AB,Td_min,14,0.2951833778023464,0.29587452410599624,0.37675403278337516,0.07604663233161935,0.21428753930495725,0.20466249303767636,0.7919028093038489,0.04476630886248789,45.903667556046926,10.0,10.958745241059962,2.7535080655667503,0.0012558534116573618,0.7142875393049573,0.7046624930376764,3.576978337681357,3.5813047089990313,1.0,0.0012558534116573618,0.7142875393049573,1.0,2.0,0.0,7.162609417998063,142,45.903667556046926,10.0,10.958745241059962,2.7535080655667503,0.0012558534116573618,0.7142875393049573,0.7046624930376764,3.576978337681357,3.5813047089990313,1.0,0.0012558534116573618,0.7142875393049573,1.0,2.0,0.0,True,,resolved_oscillation,1.0,602.0,13.114420525657934,0.0,0.9921649331308176,625.1027918699534,4.897722174413691,641.5245570802045,481.21539290832334,0.6411960132890365,0.2779382359475672,2651.90994031761,25.228303054950985,4.628566633181292,0.006522002091416296,0.0014090759857838787,0.38258164852255055,3.125,13.77212557712866,1.0,1.0,40.0,7.162609417998063,0.0014090759857838787,0.38258164852255055
AB,Td_min,15,0.4460490341746831,0.4956740475582503,0.6505030867783376,0.3678801652864846,0.44262136838463495,0.3567890580726589,0.7861953008443282,0.3266761862476052,48.92098068349366,10.0,12.956740475582503,3.301006173556675,0.0030103925452112375,0.942621368384635,0.8567890580726589,3.5442710945200737,26.134094899808417,1.0,0.0030103925452112375,0.942621368384635,1.0,2.0,0.0,52.268189799616835,143,48.92098068349366,10.0,12.956740475582503,3.301006173556675,0.0030103925452112375,0.942621368384635,0.8567890580726589,3.5442710945200737,26.134094899808417,1.0,0.0030103925452112375,0.942621368384635,1.0,2.0,0.0,True,,resolved_oscillation,1.0,716.4,14.644023688628122,0.000764548516897217,0.9944462912016767,1083.8040338170508,6.019131998267964,1166.9458364225684,764.405794724661,0.6273031825795645,0.3350366585203288,4002.091604245819,29.073052151204084,6.2754229614916,0.020397185105429424,0.0032503283413077284,0.433681404132415,3.95,23.356105782033865,1.0,1.0,40.0,52.268189799616835,0.0032503283413077284,0.433681404132415
AB,Td_min,16,0.8485639473755167,0.28577343400915445,0.19195520983891223,0.3853034399427899,0.5293155168028456,0.028087019400847124,0.24521803081693405,0.1709331898065073,56.971278947510335,10.0,10.857734340091545,2.3839104196778242,0.0031716943810267094,1.0293155168028456,0.5280870194008471,1.4838843279905287,13.674655184520583,1.0,0.0031716943810267094,1.0293155168028456,1.0,2.0,0.0,27.349310369041167,144,56.971278947510335,10.0,10.857734340091545,2.3839104196778242,0.0031716943810267094,1.0293155168028456,0.5280870194008471,1.4838843279905287,13.674655184520583,1.0,0.0031716943810267094,1.0293155168028456,1.0,2.0,0.0,True,,resolved_oscillation,1.0,494.125,8.673229899845762,0.0007155140715269897,0.9631292934642589,215.31297101033866,7.938741367460708,235.94152113138566,104.97646960868684,0.6314191753098912,0.23061541879582315,3132.4207515596718,174.943215331381,5.0229764334138505,0.029427079603631775,0.005858494459157108,0.464119084647856,2.658333333333333,13.176193298701696,1.0,1.0,40.0,27.349310369041167,0.005858494459157108,0.464119084647856
AB,Td_min,17,0.14176045233543655,0.32786926200840927,0.12153798541605187,0.8674324012996638,0.7705241825193797,0.8212992686047814,0.49428288340064575,0.17215494341127735,42.835209046708734,10.0,11.278692620084094,2.2430759708321037,0.013444837988443942,1.2705241825193796,1.3212992686047813,2.21558751476456,13.772395472902188,1.0,0.013444837988443942,1.2705241825193796,1.0,2.0,0.0,27.544790945804376,145,42.835209046708734,10.0,11.278692620084094,2.2430759708321037,0.013444837988443942,1.2705241825193796,1.3212992686047813,2.21558751476456,13.772395472902188,1.0,0.013444837988443942,1.2705241825193796,1.0,2.0,0.0,True,,resolved_oscillation,1.0,274.125,6.399525206030541,0.011293008433504613,0.5925132292148737,75.48212261169853,30.757966395047998,132.03399501670535,49.93850257863888,0.6402188782489739,0.0,469.4768555932003,210.75357600158065,0.9796624723951693,0.24792871544548986,0.2530756484315775,0.43034881137524994,1.9,2.253212308843759,1.0,1.0,40.0,27.544790945804376,0.2530756484315775,0.43034881137524994
AB,Td_min,18,0.06469307434621363,0.011841787648559254,0.9901753778860107,0.5100265748839851,0.24386234796739392,0.9723548965289336,0.18530812723112733,0.07398357953597556,41.29386148692427,10.0,8.118417876485593,3.9803507557720215,0.004608502978467939,0.7438623479673939,1.4723548965289335,1.3474877400250016,5.918686362878045,1.0,0.004608502978467939,0.7438623479673939,1.0,2.0,0.0,11.83737272575609,146,41.29386148692427,10.0,8.118417876485593,3.9803507557720215,0.004608502978467939,0.7438623479673939,1.4723548965289335,1.3474877400250016,5.918686362878045,1.0,0.004608502978467943,0.7438623479673939,1.0,2.0,0.0,True,,resolved_oscillation,1.0,577.1428571428571,13.976480676809791,0.0006548889383823244,0.9914535322131837,484.23671859572636,4.138513516672074,512.1800775017076,358.878741971359,0.6189108910891089,0.33636969562319485,2685.795644428839,26.935350482343594,5.003891947852299,0.024637996704104083,0.004923766732149134,0.4305709842257276,3.25,15.32499540734871,1.0,1.0,40.0,11.83737272575609,0.004923766732149134,0.4305709842257276
AB,Td_min,19,0.9211279934052016,0.7189310719243752,0.3595363148666204,0.008470141514244522,0.614501749387959,0.9187699952713662,0.5653192310309306,0.6859534039173187,58.42255986810403,10.0,15.189310719243753,2.719072629733241,0.0010256989434931972,1.114501749387959,1.4187699952713662,2.4839404815345145,54.8762723133855,1.0,0.0010256989434931972,1.114501749387959,1.0,2.0,0.0,109.752544626771,147,58.42255986810403,10.0,15.189310719243753,2.719072629733241,0.0010256989434931972,1.114501749387959,1.4187699952713662,2.4839404815345145,54.8762723133855,1.0,0.0010256989434931972,1.114501749387959,1.0,2.0,0.0,True,,resolved_oscillation,1.0,827.25,14.159769819528904,0.0006044122091266244,0.9962887906282974,1752.9631583856394,6.505613301650043,1846.8920056712652,1068.1401487359685,0.629555757026292,0.34103532548322596,5454.706461177457,31.282204113212433,7.2832423406667655,0.008235501162652457,0.0011307465518027118,0.45412130637636083,4.45,30.475504708777688,1.0,1.0,40.0,109.752544626771,0.0011307465518027118,0.45412130637636083
AB,Td_min,20,0.21333075616474662,0.46494735339945903,0.7029286016979912,0.6847519706450776,0.45656378171454903,0.066410428609471,0.5239147617457327,0.5455612958419926,44.26661512329493,10.0,12.649473533994591,3.4058572033959824,0.007778267117499566,0.956563781714549,0.566410428609471,2.323810465653857,43.644903667359415,1.0,0.007778267117499566,0.956563781714549,1.0,2.0,0.0,87.28980733471883,148,44.26661512329493,10.0,12.649473533994591,3.4058572033959824,0.007778267117499566,0.956563781714549,0.566410428609471,2.323810465653857,43.644903667359415,1.0,0.007778267117499566,0.956563781714549,1.0,2.0,0.0,True,,resolved_oscillation,1.0,469.25,10.600539451525878,0.0009864891846271193,0.976477909093,330.3511768141329,7.7705504122564415,389.9084309573117,158.02746370630572,0.59286094832179,0.32926016440790934,3083.597910504419,95.63760437462457,5.781532620327778,0.05357605434324568,0.009266756388240916,0.47878249277938234,2.75,15.211518660164973,1.0,1.0,40.0,87.28980733471883,0.009266756388240916,0.47878249277938234
AB,Td_min,21,0.8219258454434447,0.31896266985311017,0.43766206874156466,0.49990424355663865,0.7169457026455673,0.4357792480321784,0.5996465601993903,0.8802543008467651,56.43851690886889,10.0,11.189626698531102,2.8753241374831293,0.0044708532590794344,1.2169457026455675,0.9357792480321784,2.625034156727496,70.42034406774121,1.0,0.0044708532590794344,1.2169457026455675,1.0,2.0,0.0,140.84068813548242,149,56.43851690886889,10.0,11.189626698531102,2.8753241374831293,0.0044708532590794344,1.2169457026455675,0.9357792480321784,2.625034156727496,70.42034406774121,1.0,0.0044708532590794344,1.2169457026455675,1.0,2.0,0.0,True,,resolved_oscillation,1.0,680.8,12.062684090357756,0.0006568942354582228,0.9911296914344176,779.8057920293886,6.917117996528936,1121.4491319371234,220.74036813320964,0.5931257344300823,0.2779382359475672,4752.471274890953,70.42395291823925,6.99791870354153,0.039146402478433574,0.0055940064663257995,0.41946234170184404,3.533333333333333,23.5631501042125,1.0,1.0,40.0,140.84068813548242,0.0055940064663257995,0.41946234170184404
AB,Td_min,22,0.17988736384263693,0.6969107328092301,0.6335471684261575,0.5509199571228793,0.8481709139021257,0.3486284427256984,0.980574699729904,0.08487242491476177,43.597747276852736,10.0,14.969107328092301,3.267094336852315,0.005209108332360569,1.3481709139021256,0.8486284427256984,4.846099224439112,6.7897939931809415,1.0,0.005209108332360569,1.3481709139021256,1.0,2.0,0.0,13.579587986361883,150,43.597747276852736,10.0,14.969107328092301,3.267094336852315,0.005209108332360569,1.3481709139021256,0.8486284427256984,4.846099224439112,6.7897939931809415,1.0,0.005209108332360569,1.3481709139021256,1.0,2.0,0.0,True,,resolved_oscillation,1.0,646.1666666666666,14.821102167582282,0.0006318002947596539,0.9904924886081267,1053.851738904921,10.019507412984055,1627.075305539905,648.3819150185595,0.6267732783079701,0.238835814263497,4129.435732762324,43.58683648729052,7.6404219813765115,0.05048120492910221,0.006607122623874686,0.3743612530548767,2.933333333333333,21.65926150679991,1.0,1.0,40.0,13.579587986361883,0.006607122623874686,0.3743612530548767
AB,Td_min,23,0.9779841357746459,0.3287124873925278,0.08087632777524123,0.428318534017873,0.25608481486483725,0.8729212352329343,0.7929911185726779,0.12612542097333246,59.55968271549292,10.0,11.287124873925277,2.1617526555504822,0.0036079063863084983,0.7560848148648373,1.3729212352329343,3.5832491422890334,10.090033677866597,1.0,0.0036079063863084983,0.7560848148648373,1.0,2.0,0.0,20.180067355733193,151,59.55968271549292,10.0,11.287124873925277,2.1617526555504822,0.0036079063863084983,0.7560848148648373,1.3729212352329343,3.5832491422890334,10.090033677866597,1.0,0.0036079063863084983,0.7560848148648373,1.0,2.0,0.0,True,,resolved_oscillation,1.0,639.8333333333334,10.742725685590283,0.0006380541137752482,0.9814837636723214,571.8153654218983,10.587868441949833,861.5087463647702,264.6890585632811,0.6306329773378484,0.08398133748055987,1825.394245643741,48.32225006671468,2.911449379029037,0.02072447937543897,0.007118268833631771,0.33059320151077537,2.5,7.442907124628461,1.0,1.0,40.0,20.180067355733193,0.007118268833631771,0.33059320151077537
AB,Td_min,24,0.47192587140961706,0.3402603413700579,0.283665563286857,0.32617748054883455,0.526312222726394,0.13956516709130617,0.18540594859632797,0.31633641727601725,49.43851742819234,10.0,11.402603413700579,2.567331126573714,0.002656847860839996,1.026312222726394,0.6395651670913062,1.3476999017105737,25.30691338208138,1.0,0.002656847860839996,1.026312222726394,1.0,2.0,0.0,50.61382676416276,152,49.43851742819234,10.0,11.402603413700579,2.567331126573714,0.002656847860839996,1.026312222726394,0.6395651670913062,1.3476999017105737,25.30691338208138,1.0,0.002656847860839996,1.026312222726394,1.0,2.0,0.0,True,,resolved_oscillation,1.0,434.8888888888889,8.796560081328273,0.0007664793050587634,0.9659770810757647,226.95045542534677,7.721516944754855,247.58751300346165,106.21110634668979,0.618548799182422,0.2732726060875361,2987.944714876088,152.08972587889863,5.3949344682110105,0.02300824313336375,0.004264786397116962,0.48700288824705623,2.466666666666667,12.915569913476547,1.0,1.0,40.0,50.61382676416276,0.004264786397116962,0.48700288824705623
AB,Td_min,25,0.0037393730201488173,0.332130848458681,0.47799425521871675,0.9860244128897545,0.32422163560981,0.23806648353124005,0.9210385550297289,0.31793519788627744,40.07478746040297,10.0,11.32130848458681,2.9559885104374333,0.019179944123959267,0.82422163560981,0.73806648353124,4.403300482001121,25.434815830902195,1.0,0.019179944123959267,0.82422163560981,1.0,2.0,0.0,50.86963166180439,153,40.07478746040297,10.0,11.32130848458681,2.9559885104374333,0.019179944123959267,0.82422163560981,0.73806648353124,4.403300482001121,25.434815830902195,1.0,0.019179944123959274,0.82422163560981,1.0,2.0,0.0,True,,resolved_oscillation,1.0,304.7857142857143,7.605423100169063,0.0013970973496059246,0.6272229567637603,50.06437657247378,18.662850270152447,163.13082422466837,30.160032896702038,0.5971408483712211,0.0,524.3862592800041,154.2433493248796,1.1910244967289314,0.1846166216830686,0.15500656971381002,0.433014885580982,1.7333333333333334,2.742637003907532,1.0,1.0,40.0,50.86963166180439,0.15500656971381002,0.433014885580982
AB,Td_min,26,0.7326152812239027,0.15880740001429594,0.7315526222870028,0.9819235271006114,0.44424563520368043,0.8995501600465765,0.7702554738662177,0.8733172195768184,54.65230562447805,10.0,9.58807400014296,3.4631052445740056,0.018945756978259655,0.9442456352036804,1.3995501600465765,3.4545021865384595,69.86537756614547,1.0,0.018945756978259655,0.9442456352036804,1.0,2.0,0.0,139.73075513229094,154,54.65230562447805,10.0,9.58807400014296,3.4631052445740056,0.018945756978259655,0.9442456352036804,1.3995501600465765,3.4545021865384595,69.86537756614547,1.0,0.018945756978259655,0.9442456352036804,1.0,2.0,0.0,True,,steady_state,0.0,,,,,7.264464400313906,7.264463432050062,1817.8045080186498,47.26935548873726,,1.0,3912.8419618757575,3912.8379549465208,4.944350419483986,4.944349781980096,0.999999871064177,1.0,,,1.0,1.0,40.0,139.73075513229094,,
AB,Td_min,27,0.5451087663799189,0.17478857874816356,0.6751111745047766,0.21103105998534566,0.47372262078119953,0.27706809452061376,0.08242795025315841,0.20941401680263994,50.90217532759838,10.0,9.747885787481636,3.3502223490095533,0.001881731864134484,0.9737226207811995,0.7770680945206138,1.1418647460445446,16.753121344211195,1.0,0.001881731864134484,0.9737226207811995,1.0,2.0,0.0,33.50624268842239,155,50.90217532759838,10.0,9.747885787481636,3.3502223490095533,0.001881731864134484,0.9737226207811995,0.7770680945206138,1.1418647460445446,16.753121344211195,1.0,0.001881731864134484,0.9737226207811995,1.0,2.0,0.0,True,,resolved_oscillation,1.0,567.2857142857143,11.144626150744106,0.0008601486414807016,0.9837718750043947,315.2990334002523,5.1167121250128655,334.36372532681713,213.01091950452073,0.6092168219592041,0.32992668295934235,3920.1421216549234,73.23095578890039,6.273283217567283,0.013229778166328539,0.0021089081598102814,0.45945345478782496,3.2666666666666666,19.356876134523517,1.0,1.0,40.0,33.50624268842239,0.0021089081598102814,0.45945345478782496
AB,Td_min,28,0.0052234488683921,0.5671990511643153,0.9824233046384001,0.9901042993929583,0.8684331197247117,0.5459952500686578,0.7216872091884045,0.610060609924768,40.104468977367844,10.0,13.671990511643154,3.9648466092768,0.01941580458771451,1.3684331197247117,1.0459952500686578,3.1947561271526923,48.804848793981435,1.0,0.01941580458771451,1.3684331197247117,1.0,2.0,0.0,97.60969758796287,156,40.104468977367844,10.0,13.671990511643154,3.9648466092768,0.01941580458771451,1.3684331197247117,1.0459952500686578,3.1947561271526923,48.804848793981435,1.0,0.019415804587714518,1.3684331197247117,1.0,2.0,0.0,True,,steady_state,0.0,,,,,13.01672736993334,13.01672736280077,1022.042029884341,35.60737683983727,,1.0,3182.8810888481967,3182.881050261086,5.480919820758848,5.480919815319611,0.9999999990076052,1.0,7.066666666666666,,1.0,1.0,40.0,97.60969758796287,,
AB,Td_min,29,0.896103369156208,0.09762210073206024,0.7021926793540646,0.5344320235740077,0.12301565154377614,0.43951840096355876,0.716675164080167,0.8026172127841293,57.92206738312416,10.0,8.976221007320602,3.4043853587081294,0.0049580635987980255,0.6230156515437761,0.9395184009635588,3.169089047811621,64.20937702273035,1.0,0.0049580635987980255,0.6230156515437761,1.0,2.0,0.0,128.4187540454607,157,57.92206738312416,10.0,8.976221007320602,3.4043853587081294,0.0049580635987980255,0.6230156515437761,0.9395184009635588,3.169089047811621,64.20937702273035,1.0,0.0049580635987980255,0.6230156515437761,1.0,2.0,0.0,True,,resolved_oscillation,1.0,732.6,12.64802920714543,0.0007476420386365904,0.991377468053251,606.006863758851,5.225313542709867,799.589781990451,184.0346363701019,0.5818318318318318,0.314596756276383,2796.093852118069,37.77954463999693,3.8671459574986153,0.022202790857713848,0.005741389412691129,0.43501444123528105,4.1,14.989985927845746,1.0,1.0,40.0,128.4187540454607,0.005741389412691129,0.43501444123528105
AB,Td_min,30,0.6419335007157295,0.8407494147148626,0.1627078196361389,0.18400605895795552,0.9153118394219858,0.6622785865219342,0.34201139629394184,0.761506421166632,52.83867001431459,10.0,16.407494147148626,2.325415639272278,0.001735391244881489,1.4153118394219857,1.1622785865219343,1.734026407844816,60.92051369333056,1.0,0.001735391244881489,1.4153118394219857,1.0,2.0,0.0,121.84102738666112,158,52.83867001431459,10.0,16.407494147148626,2.325415639272278,0.001735391244881489,1.4153118394219857,1.1622785865219343,1.734026407844816,60.92051369333056,1.0,0.001735391244881489,1.4153118394219857,1.0,2.0,0.0,True,,resolved_oscillation,1.0,564.5,10.683463452942147,0.0009702791098408611,0.9881870560011965,839.6537987071661,9.918783302510455,920.8714147688738,347.1292464362407,0.6281665190434012,0.25949788935792045,4754.32372115907,101.71761981094855,7.763679632454074,0.01873121693028446,0.002412672574996965,0.4394578982448345,2.9,21.657714286535587,1.0,1.0,40.0,121.84102738666112,0.002412672574996965,0.4394578982448345
AB,Td_min,31,0.17026803937209145,0.5858255229716866,0.8827516093406286,0.1975083502442333,0.42790177911939253,0.8533965863188613,0.9318053292379148,0.9537836951071544,43.40536078744183,10.0,13.858255229716866,3.765503218681257,0.0018070255285962528,0.9279017791193925,1.3533965863188613,4.48026781101067,76.30269560857235,1.0,0.0018070255285962528,0.9279017791193925,1.0,2.0,0.0,152.6053912171447,159,43.40536078744183,10.0,13.858255229716866,3.765503218681257,0.0018070255285962528,0.9279017791193925,1.3533965863188613,4.48026781101067,76.30269560857235,1.0,0.0018070255285962528,0.9279017791193925,1.0,2.0,0.0,True,,resolved_oscillation,1.0,728.4,16.78133729994805,0.0007519529894359778,0.9972467051559809,2065.4997226328815,5.686929736647818,2218.7499742192826,1496.7513917094784,0.613673805601318,0.3725838702510553,3811.8075478423057,13.408539504165462,6.443268770746543,0.012050713363322835,0.0018702794795764186,0.44767829371250834,4.35,26.243686473250293,1.0,1.0,40.0,152.6053912171447,0.0018702794795764186,0.44767829371250834
AB,Td_min,32,0.7438735016866733,0.8413148429729738,0.5906917281865809,0.2627126403874821,0.6550826693183404,0.7769402083886271,0.7903188624593088,0.30569927964458465,54.877470033733466,10.0,16.413148429729738,3.1813834563731618,0.00219683290709738,1.1550826693183405,1.276940208388627,3.567871288277414,24.45594237156677,1.0,0.00219683290709738,1.1550826693183405,1.0,2.0,0.0,48.91188474313354,160,54.877470033733466,10.0,16.413148429729738,3.1813834563731618,0.00219683290709738,1.1550826693183405,1.276940208388627,3.567871288277414,24.45594237156677,1.0,0.00219683290709738,1.1550826693183405,1.0,2.0,0.0,True,,resolved_oscillation,1.0,883.5,16.09950311952989,0.000653480780067488,0.9965635979412004,2196.235784697844,7.5471491721451756,2411.8529197228863,1650.6959547304136,0.6380871533672892,0.29260164407909356,5512.29554226177,25.081006526904034,7.65546823420577,0.01823849085766748,0.002382413498389973,0.38769162408353697,4.55,32.84513748815154,1.0,1.0,40.0,48.91188474313354,0.002382413498389973,0.38769162408353697
AB,Td_min,33,0.09819015861955549,0.2542365218699282,0.11984868902090784,0.21289201770014698,0.2844369626022776,0.215498302700181,0.5288499542686814,0.8553785018010519,41.96380317239111,10.0,10.542365218699281,2.2396973780418157,0.0018922516859940209,0.7844369626022776,0.715498302700181,2.34234172557057,68.43028014408415,1.0,0.0018922516859940209,0.7844369626022776,1.0,2.0,0.0,136.8605602881683,161,41.96380317239111,10.0,10.542365218699281,2.2396973780418157,0.0018922516859940209,0.7844369626022776,0.715498302700181,2.34234172557057,68.43028014408415,1.0,0.0018922516859940209,0.7844369626022776,1.0,2.0,0.0,True,,resolved_oscillation,1.0,351.0,8.364351499745153,0.0,0.9656877182286071,223.62060195417538,7.672933104140153,284.0925330269102,68.2136443202061,0.6068376068376068,0.2599422350588758,1764.7149477941446,111.23084723534615,3.7811123701031004,0.01669558950702164,0.004415523230420787,0.4996667407242835,2.1,7.730058505699244,1.0,1.0,40.0,136.8605602881683,0.004415523230420787,0.4996667407242835
AB,Td_min,34,0.23660133531883532,0.9662316694526888,0.37274283035622435,0.1750304734321343,0.9875008646722722,0.4630627884669968,0.38130948963773503,0.5292730561158066,44.73202670637671,10.0,17.662316694526886,2.7454856607124487,0.0016893510111593599,1.4875008646722723,0.9630627884669968,1.8472424305525734,42.341844489264524,1.0,0.0016893510111593599,1.4875008646722723,1.0,2.0,0.0,84.68368897852905,162,44.73202670637671,10.0,17.662316694526886,2.7454856607124487,0.0016893510111593599,1.4875008646722723,0.9630627884669968,1.8472424305525734,42.341844489264524,1.0,0.0016893510111593599,1.4875008646722723,1.0,2.0,0.0,True,,resolved_oscillation,1.0,524.7142857142857,11.730170178931012,0.0009299347278300753,0.9890934871856069,825.970771343598,9.008460801973127,861.4685279729418,503.2024408770825,0.6273890552681731,0.3157076205287714,5038.91397619723,77.0702616818951,9.234343334264352,0.018338529029678925,0.0019859050466136748,0.47100644301266387,2.85,24.952172642841546,1.0,1.0,40.0,84.68368897852905,0.0019859050466136748,0.47100644301266387
AB,Td_min,35,0.7190142190790719,0.44530082088652956,0.9710384632196135,0.6253248415770387,0.2880167805261743,0.12196760263835515,0.48354764822632257,0.8441290579269647,54.38028438158144,10.0,12.453008208865295,3.942076926439227,0.006509780962671258,0.7880167805261743,0.6219676026383552,2.1776360713907166,67.53032463415718,1.0,0.006509780962671258,0.7880167805261743,1.0,2.0,0.0,135.06064926831436,163,54.38028438158144,10.0,12.453008208865295,3.942076926439227,0.006509780962671259,0.7880167805261743,0.6219676026383552,2.1776360713907166,67.53032463415718,1.0,0.006509780962671258,0.7880167805261743,1.0,2.0,0.0,True,,resolved_oscillation,1.0,588.1428571428571,10.815369280085278,0.0006426405904941925,0.9779279947402478,347.1036827039379,7.661274310320675,427.1409052629366,162.30211073261313,0.5678892397376731,0.31193068207065094,3282.2689895762483,87.29126711343021,4.939259800706263,0.036879083603023256,0.007466520306899007,0.44656742946011996,3.5166666666666666,16.540886415017933,1.0,1.0,40.0,135.06064926831436,0.007466520306899007,0.44656742946011996
AB,Td_min,36,0.9115632583109372,0.05417488428145534,0.12327418220657027,0.9714779234866264,0.28757541677892484,0.6833932859140744,0.1868916785923901,0.42248977462753035,58.23126516621875,10.0,8.541748842814552,2.2465483644131403,0.018362081834339,0.7875754167789248,1.1833932859140743,1.3509263644912934,33.799181970202426,1.0,0.018362081834339,0.7875754167789248,1.0,2.0,0.0,67.59836394040485,164,58.23126516621875,10.0,8.541748842814552,2.2465483644131403,0.018362081834339,0.7875754167789248,1.1833932859140743,1.3509263644912934,33.799181970202426,1.0,0.018362081834339006,0.7875754167789248,1.0,2.0,0.0,True,,resolved_oscillation,1.0,367.5,6.311042683874142,0.0022766259225417023,0.26020167189912563,27.49723285456607,20.342406893208413,91.9935622004035,19.73482874584758,0.663265306122449,0.0,598.7891705915052,450.7807418877779,0.796081010029768,0.4788574738246241,0.6015185236069356,0.9835592090646523,3.5166666666666666,3.679455771364254,1.0,1.0,40.0,67.59836394040485,0.6015185236069356,0.9835592090646523
AB,Td_min,37,0.7651514012971702,0.6593242047859554,0.2048195830433457,0.11408570344483138,0.7692102833324719,0.24995871660714786,0.24812270663075364,0.5441891502418968,55.303028025943405,10.0,14.593242047859555,2.4096391660866914,0.0014074368648072306,1.2692102833324719,0.7499587166071479,1.4908375721581986,43.53513201935175,1.0,0.0014074368648072306,1.2692102833324719,1.0,2.0,0.0,87.0702640387035,165,55.303028025943405,10.0,14.593242047859555,2.4096391660866914,0.0014074368648072306,1.2692102833324719,0.7499587166071479,1.4908375721581986,43.53513201935175,1.0,0.0014074368648072306,1.2692102833324719,1.0,2.0,0.0,True,,resolved_oscillation,1.0,522.1428571428571,9.441487668594073,0.0007238717677331301,0.9779537886768667,427.18196933324134,9.41774396935292,455.2992000412588,189.40570774278225,0.6243502051983585,0.2763830259942235,4236.71606764743,153.47955572811168,6.766161570195361,0.015508383153218813,0.0022920503733656833,0.4821150855365474,2.8333333333333335,18.53938969886928,1.0,1.0,40.0,87.0702640387035,0.0022920503733656833,0.4821150855365474
AB,Td_min,38,0.5665715777612217,0.45484334849897157,0.3778401004807026,0.5335265915484285,0.7580538097473309,0.7955874573466426,0.7447623325657388,0.4984037620752796,51.331431555224434,10.0,12.548433484989715,2.755680200961405,0.004944633411198485,1.2580538097473308,1.2955874573466426,3.315633590675952,39.872300966022365,1.0,0.004944633411198485,1.2580538097473308,1.0,2.0,0.0,79.74460193204473,166,51.331431555224434,10.0,12.548433484989715,2.755680200961405,0.004944633411198485,1.2580538097473308,1.2955874573466426,3.315633590675952,39.872300966022365,1.0,0.00494463341119849,1.2580538097473308,1.0,2.0,0.0,True,,resolved_oscillation,1.0,620.1666666666666,12.081616426369605,0.0006582880254725015,0.986758839010841,714.7754564375186,9.464456889788723,1503.049996113993,238.66530866073657,0.5933888739586133,0.1917351699622306,3645.4428450325463,59.11570736668752,6.204811180685991,0.044838170157686354,0.007226355299457983,0.3625860919795601,2.75,16.64637096804369,1.0,1.0,40.0,79.74460193204473,0.007226355299457983,0.3625860919795601
AB,Td_min,39,0.626792887973555,0.9549278270831529,0.6069990404660162,0.752066943141399,0.9605213971708908,0.4830470007968839,0.4840801167323766,0.5658874191471764,52.5358577594711,10.0,17.54927827083153,3.2139980809320323,0.009516158166760644,1.4605213971708908,0.9830470007968839,2.1795030509279187,45.27099353177412,1.0,0.009516158166760644,1.4605213971708908,1.0,2.0,0.0,90.54198706354823,167,52.5358577594711,10.0,17.54927827083153,3.2139980809320323,0.009516158166760644,1.4605213971708908,0.9830470007968839,2.1795030509279187,45.27099353177412,1.0,0.009516158166760644,1.4605213971708908,1.0,2.0,0.0,True,,resolved_oscillation,1.0,577.5714285714286,10.99385168917899,0.0009254655915839579,0.9756938775643276,553.8253231765008,13.461346113103893,912.1384794123786,200.8381625426475,0.5921345535493445,0.2257276160853144,4431.001942771379,130.83981055181619,7.384587150017912,0.10004660294609609,0.013548029282294193,0.4145745389913353,2.783333333333333,20.329669067950043,1.0,1.0,40.0,90.54198706354823,0.013548029282294193,0.4145745389913353
AB,Td_min,40,0.34128078667817463,0.022029308983154694,0.46089644750850756,0.321935567576238,0.7521861907367888,0.6828149072520601,0.16781697286928776,0.6518343044389883,46.825615733563495,10.0,8.220293089831546,2.921792895017015,0.002623299219812042,1.2521861907367888,1.1828149072520602,1.3100836609385509,52.14674435511906,1.0,0.002623299219812042,1.2521861907367888,1.0,2.0,0.0,104.29348871023812,168,46.825615733563495,10.0,8.220293089831546,2.921792895017015,0.002623299219812042,1.2521861907367888,1.1828149072520602,1.3100836609385509,52.14674435511906,1.0,0.002623299219812042,1.2521861907367888,1.0,2.0,0.0,True,,resolved_oscillation,1.0,565.4285714285714,12.075197785883798,0.0009453404211151949,0.9926324746092148,597.1071095758757,4.399201790818621,668.2351620140689,216.233585423206,0.5981303688731682,0.31215285492112865,4486.393214648285,58.24614641840699,7.752129832532286,0.023640935486593677,0.0030496052049313015,0.4445678738058209,3.1666666666666665,23.094734087360326,1.0,1.0,40.0,104.29348871023812,0.0030496052049313015,0.4445678738058209
AB,Td_min,41,0.7772036990357192,0.6484862657754508,0.8948493318150219,0.4999552130251841,0.7789299613558915,0.5872141849970318,0.30968064225549496,0.899810359527491,55.54407398071439,10.0,14.484862657754508,3.789698663630044,0.004471535969726869,1.2789299613558915,1.0872141849970318,1.6461047945070326,71.98482876219929,1.0,0.004471535969726869,1.2789299613558915,1.0,2.0,0.0,143.96965752439857,169,55.54407398071439,10.0,14.484862657754508,3.789698663630044,0.004471535969726869,1.2789299613558915,1.0872141849970318,1.6461047945070326,71.98482876219929,1.0,0.004471535969726869,1.2789299613558915,1.0,2.0,0.0,True,,resolved_oscillation,1.0,733.6,13.207529578307765,0.0007466228973625493,0.991529043939376,916.1069260742905,7.760301517608611,1030.8601156091806,475.3234169194572,0.5960332606324973,0.34881137524994443,5993.787799088832,69.57876374123506,8.404253671392395,0.041101990626336564,0.004890617565036789,0.4581204176849589,4.25,33.5960333198311,1.0,1.0,40.0,143.96965752439857,0.004890617565036789,0.4581204176849589
AB,Td_min,42,0.6291733621119081,0.9747032019221333,0.7824072395318442,0.7109816588766164,0.952904028663561,0.31261461683648606,0.3711782882929373,0.5177094697691266,52.583467242238164,10.0,17.747032019221333,3.5648144790636884,0.008414115409178519,1.452904028663561,0.8126146168364861,1.8173663805408415,41.41675758153013,1.0,0.008414115409178519,1.452904028663561,1.0,2.0,0.0,82.83351516306026,170,52.583467242238164,10.0,17.747032019221333,3.5648144790636884,0.008414115409178519,1.452904028663561,0.8126146168364861,1.8173663805408415,41.41675758153013,1.0,0.008414115409178519,1.452904028663561,1.0,2.0,0.0,True,,resolved_oscillation,1.0,632.1666666666666,12.022156389087877,0.0006457921810659579,0.9838983087013052,683.0347312888904,10.998014389500721,809.3531517528196,349.91036589002636,0.6080674927498023,0.29082426127527217,5702.868663632836,121.7823620700886,8.847481197707303,0.08788296865423423,0.009933106009539509,0.4399022439457898,3.408333333333333,28.992484124660002,1.0,1.0,40.0,82.83351516306026,0.009933106009539509,0.4399022439457898
AB,Td_min,43,0.9294705266265637,0.7238209620991736,0.5130660887379298,0.037791826390061733,0.20526307490198326,0.9864411902014837,0.42542350137029605,0.8698764918089886,58.589410532531275,10.0,15.238209620991736,3.0261321774758594,0.0011198717770689508,0.7052630749019833,1.4864411902014836,1.9831623398000462,69.59011934471908,1.0,0.0011198717770689508,0.7052630749019833,1.0,2.0,0.0,139.18023868943817,171,58.589410532531275,10.0,15.238209620991736,3.0261321774758594,0.0011198717770689508,0.7052630749019833,1.4864411902014836,1.9831623398000462,69.59011934471908,1.0,0.0011198717770689508,0.7052630749019833,1.0,2.0,0.0,True,,resolved_oscillation,1.0,722.8,12.336700325712807,0.0006187238454620339,0.9919461559841345,902.6243359296764,7.269595606501714,957.4279636744463,522.543173608435,0.6087437742114001,0.3532548322594979,3380.00036487409,37.48164285581099,4.580479607456182,0.005698210452955703,0.0012440204828507609,0.4572317262830482,4.166666666666667,17.870241414311742,1.0,1.0,40.0,139.18023868943817,0.0012440204828507609,0.4572317262830482
AB,Td_min,44,0.08482906605516505,0.31809303652452925,0.05540641720968964,0.35037645481237045,0.920254666357244,0.26509542561439037,0.43310533966908604,0.5024287034658289,41.6965813211033,10.0,11.180930365245292,2.110812834419379,0.0028566055621725706,1.420254666357244,0.7650954256143904,2.00783324636286,40.19429627726631,1.0,0.0028566055621725706,1.420254666357244,1.0,2.0,0.0,80.38859255453262,172,41.6965813211033,10.0,11.180930365245292,2.110812834419379,0.0028566055621725706,1.420254666357244,0.7650954256143904,2.00783324636286,40.19429627726631,1.0,0.0028566055621725706,1.420254666357244,1.0,2.0,0.0,True,,resolved_oscillation,1.0,385.2,9.238167441920332,0.0010945924749630944,0.9773471765474968,368.1918045141739,8.340583944318134,449.4860950819397,131.05763404089313,0.6277258566978192,0.21817373916907354,3045.060995035631,129.72308108668338,6.636753255012866,0.035545275256638885,0.005355822928898383,0.4716729615640969,2.0,13.031827158359631,1.0,1.0,40.0,80.38859255453262,0.005355822928898383,0.4716729615640969
AB,Td_min,45,0.9148720865562727,0.2349033339983554,0.05175284264692048,0.5805394677833117,0.9703789917660842,0.9217209976436966,0.7921983999214777,0.4085949628878395,58.29744173112545,10.0,10.349033339983553,2.103505685293841,0.0056924504797607675,1.470378991766084,1.4217209976436966,3.578680435405739,32.68759703102716,1.0,0.0056924504797607675,1.470378991766084,1.0,2.0,0.0,65.37519406205432,173,58.29744173112545,10.0,10.349033339983553,2.103505685293841,0.0056924504797607675,1.470378991766084,1.4217209976436966,3.578680435405739,32.68759703102716,1.0,0.005692450479760773,1.470378991766084,1.0,2.0,0.0,True,,resolved_oscillation,1.0,455.625,7.81552305676457,0.0023279235594618848,0.8930770864613993,205.28192614808248,21.949341640568825,484.8563088047002,94.97532914225732,0.6035665294924554,0.0,994.0890661830399,124.00505481494275,1.8491404352117964,0.07953998426101991,0.04301457193104405,0.326816263052655,1.75,3.8116380594974686,1.0,1.0,40.0,65.37519406205432,0.04301457193104405,0.326816263052655
AB,Td_min,46,0.7956061962700218,0.7068669270486545,0.375212687785102,0.3997873384363825,0.13524852246151498,0.06723370737678591,0.5138327539551703,0.3768147788965731,55.91212392540044,10.0,15.068669270486545,2.750425375570204,0.003312343127026481,0.635248522461515,0.5672337073767859,2.286407743300906,30.145182311725847,1.0,0.003312343127026481,0.635248522461515,1.0,2.0,0.0,60.290364623451694,174,55.91212392540044,10.0,15.068669270486545,2.750425375570204,0.003312343127026481,0.635248522461515,0.5672337073767859,2.286407743300906,30.145182311725847,1.0,0.003312343127026481,0.635248522461515,1.0,2.0,0.0,True,,resolved_oscillation,1.0,501.625,8.97166776689225,0.001031745167220066,0.9618368002083312,253.567787128031,9.67695812089842,279.96784851673914,140.44530887880595,0.6169947670072264,0.2946011997333926,2246.9277052580264,113.84472836359623,3.525008445905339,0.017057912792160696,0.004839112601836521,0.4694512330593201,2.9166666666666665,9.976876982676716,1.0,1.0,40.0,60.290364623451694,0.004839112601836521,0.4694512330593201
AB,Td_min,47,0.8724654939500409,0.6878005187327936,0.4760701006722087,0.3537843335240982,0.035015686851467165,0.6317049050261032,0.22250865784072882,0.07781224274133436,57.44930987900082,10.0,14.878005187327936,2.9521402013444176,0.002885918285406689,0.5350156868514672,1.1317049050261032,1.4306285165506754,6.224979419306749,1.0,0.002885918285406689,0.5350156868514672,1.0,2.0,0.0,12.449958838613497,175,57.44930987900082,10.0,14.878005187327936,2.9521402013444176,0.002885918285406689,0.5350156868514672,1.1317049050261032,1.4306285165506754,6.224979419306749,1.0,0.002885918285406689,0.5350156868514672,1.0,2.0,0.0,True,,resolved_oscillation,1.0,584.2857142857143,10.17045662543782,0.0008351223118141482,0.9742089135552169,330.15055524181207,8.514941510034685,336.0449134964893,239.8469067961251,0.6353911980440097,0.28215952010664297,2159.4064550207577,65.59139373735592,3.224817333653878,0.011504582309028151,0.003567514410496203,0.41146411908464786,3.1333333333333333,9.75872340018739,1.0,1.0,40.0,12.449958838613497,0.003567514410496203,0.41146411908464786
AB,Td_min,48,0.8744195883992163,0.2012148931522557,0.5951396450376651,0.09776566282190036,0.303708843795952,0.5655754693836429,0.46791123586759553,0.8616507708534276,57.488391767984325,10.0,10.012148931522557,3.1902792900753303,0.0013402816137012632,0.803708843795952,1.065575469383643,2.123517862719327,68.9320616682742,1.0,0.0013402816137012632,0.803708843795952,1.0,2.0,0.0,137.8641233365484,176,57.488391767984325,10.0,10.012148931522557,3.1902792900753303,0.0013402816137012632,0.803708843795952,1.065575469383643,2.123517862719327,68.9320616682742,1.0,0.0013402816137012632,0.803708843795952,1.0,2.0,0.0,True,,resolved_oscillation,1.0,745.6,12.969574849286873,0.000734606434422165,0.9939492627483492,776.6548636769559,4.699334515325982,850.2463546470673,395.45914766721734,0.595158261802575,0.3412574983337036,3910.5687998261064,34.61555293643633,5.301238640849608,0.007747165610220589,0.0014613878255778695,0.447233948011553,4.4,21.79040176757194,1.0,1.0,40.0,137.8641233365484,0.0014613878255778695,0.447233948011553
AB,Td_min,49,0.7335389263388301,0.8760220927708037,0.29672674234775864,0.5899843875985493,0.0475287430060467,0.30095928254761795,0.4587922640517281,0.5060696597871368,54.6707785267766,10.0,16.760220927708037,2.5934534846955173,0.005855815504724595,0.5475287430060467,0.800959282547618,2.0925798101307733,40.48557278297095,1.0,0.005855815504724595,0.5475287430060467,1.0,2.0,0.0,80.9711455659419,177,54.6707785267766,10.0,16.760220927708037,2.5934534846955173,0.005855815504724596,0.5475287430060467,0.800959282547618,2.0925798101307733,40.48557278297095,1.0,0.005855815504724595,0.5475287430060467,1.0,2.0,0.0,True,,resolved_oscillation,1.0,447.3333333333333,8.18231138073585,0.0011177347242921013,0.945620510384938,226.34510611926248,12.308531347632552,264.6841187438266,108.88447601282512,0.61698956780924,0.26571872917129524,1643.5425887415856,125.06214242041153,2.7209967239241646,0.027625296935117397,0.010152638807766285,0.4712286158631415,2.6333333333333333,7.081182432904012,1.0,1.0,40.0,80.9711455659419,0.010152638807766285,0.4712286158631415
AB,Td_min,50,0.08712409931186638,0.5657544237723552,0.30706557444850346,0.4275679161838194,0.3166776682977941,0.5557163730357745,0.7210217811166746,0.015263045840949063,41.74248198623733,10.0,13.657544237723553,2.614131148897007,0.003599802582082945,0.8166776682977941,1.0557163730357746,3.1913364861096727,1.221043667275925,1.0,0.003599802582082945,0.8166776682977941,1.0,2.0,0.0,2.44208733455185,178,41.74248198623733,10.0,13.657544237723553,2.614131148897007,0.003599802582082945,0.8166776682977941,1.0557163730357746,3.1913364861096727,1.221043667275925,1.0,0.003599802582082945,0.8166776682977941,1.0,2.0,0.0,True,,resolved_oscillation,1.0,522.8571428571429,12.525779924383295,0.0007228828718755711,0.9883768286618776,682.8254088866637,7.936596721513223,758.7955883806686,478.5376177792575,0.6464480874316939,0.25660964230171074,2346.988291589023,35.58355658609884,4.7269568053385,0.02134113194506276,0.004514771939731002,0.4065763163741391,2.441666666666667,11.266858627058294,1.0,1.0,40.0,2.44208733455185,0.004514771939731002,0.4065763163741391
AB,Td_min,51,0.44905312128436226,0.6010086289668761,0.8318839924281232,0.564140076180349,0.1552169247113192,0.37544963365442785,0.22895891173032745,0.47424948218286234,48.98106242568724,10.0,14.010086289668761,3.6637679848562463,0.005419549169964642,0.6552169247113192,0.8754496336544279,1.4455576338904512,37.93995857462899,1.0,0.005419549169964642,0.6552169247113192,1.0,2.0,0.0,75.87991714925798,179,48.98106242568724,10.0,14.010086289668761,3.6637679848562463,0.005419549169964642,0.6552169247113192,0.8754496336544279,1.4455576338904512,37.93995857462899,1.0,0.005419549169964642,0.6552169247113192,1.0,2.0,0.0,True,,resolved_oscillation,1.0,470.25,9.600649245072026,0.0009843913873179707,0.9640882142876622,242.223992369695,8.69869610836742,282.5696397713797,147.7934734258563,0.5873471557682084,0.3441457453899133,2322.8941249535537,92.16729748832658,4.011277871108343,0.025657843820541117,0.006396426436907917,0.48766940679848925,2.8333333333333335,10.841885027628402,1.0,1.0,40.0,75.87991714925798,0.006396426436907917,0.48766940679848925
AB,Td_min,52,0.2622049141017654,0.030678042283148188,0.974311847035165,0.29119072017962766,0.04515025280363083,0.5388037075942974,0.6223009687936307,0.9397471766847376,45.24409828203531,10.0,8.306780422831482,3.94862369407033,0.0023924774959076765,0.5451502528036308,1.0388037075942975,2.7225114244397233,75.17977413477901,1.0,0.0023924774959076765,0.5451502528036308,1.0,2.0,0.0,150.35954826955802,180,45.24409828203531,10.0,8.306780422831482,3.94862369407033,0.0023924774959076765,0.5451502528036308,1.0388037075942975,2.7225114244397233,75.17977413477901,1.0,0.0023924774959076765,0.5451502528036308,1.0,2.0,0.0,True,,resolved_oscillation,1.0,579.7142857142857,12.813036566682287,0.0008417078007195333,0.9909319827826495,472.0805648737415,4.280834690251652,580.7787408550145,241.3859641871389,0.5657959586002957,0.35880915352143966,2137.9266516645,23.521287342038885,3.6511811551893127,0.009374117039181442,0.002567420415680634,0.4527882692734948,3.5833333333333335,12.231936162547788,1.0,1.0,40.0,150.35954826955802,0.002567420415680634,0.4527882692734948
AB,Td_min,53,0.6256199393320314,0.5897803298867728,0.4516407049781953,0.47750599276686445,0.03580917778042536,0.1308974079005698,0.5193037732229046,0.09603869403120302,52.51239878664063,10.0,13.897803298867728,2.9032814099563904,0.004180705922869558,0.5358091777804254,0.6308974079005698,2.306629067691836,7.683095522496242,1.0,0.004180705922869558,0.5358091777804254,1.0,2.0,0.0,15.366191044992483,181,52.51239878664063,10.0,13.897803298867728,2.9032814099563904,0.004180705922869558,0.5358091777804254,0.6308974079005698,2.306629067691836,7.683095522496242,1.0,0.004180705922869558,0.5358091777804254,1.0,2.0,0.0,True,,resolved_oscillation,1.0,512.1428571428571,9.752798748038689,0.0007380059445089513,0.9676267683611993,255.79326852788003,8.280854733699027,268.39751105795693,177.01240115997976,0.6318549511854952,0.3019329037991557,1919.8155685135687,74.79218639237348,3.151546209575999,0.01691630759163207,0.005367621626562775,0.4481226394134637,2.8333333333333335,8.698534394273537,1.0,1.0,40.0,15.366191044992483,0.005367621626562775,0.4481226394134637
AB,Td_min,54,0.7754121372860688,0.4436206392795494,0.17817196494572562,0.8842841371519518,0.8781615463568023,0.5249468382666946,0.10848811210481324,0.5642563382340674,55.508242745721375,10.0,12.436206392795494,2.3563439298914512,0.014141002111708297,1.3781615463568024,1.0249468382666946,1.190775625181259,45.14050705872539,1.0,0.014141002111708297,1.3781615463568024,1.0,2.0,0.0,90.28101411745078,182,55.508242745721375,10.0,12.436206392795494,2.3563439298914512,0.014141002111708297,1.3781615463568024,1.0249468382666946,1.190775625181259,45.14050705872539,1.0,0.014141002111708297,1.3781615463568024,1.0,2.0,0.0,True,,resolved_oscillation,1.0,365.27272727272725,6.580513257211386,0.0021524886321990697,0.8395153521135588,108.34543816020877,17.387779493243293,214.67827564595964,43.00739205433974,0.6105027376804381,0.0,1829.5704942665973,361.95731570627663,3.1850225556268343,0.1993105401792202,0.06257743444457162,0.5485447678293712,2.0416666666666665,7.3632286734385195,1.0,1.0,40.0,90.28101411745078,0.06257743444457162,0.5485447678293712
AB,Td_min,55,0.3654095612402771,0.7974544171486171,0.9613679503326873,0.09528084265622816,0.8506665333513728,0.9500335252854892,0.896934550896485,0.9868204735962427,47.30819122480554,10.0,15.974544171486171,3.9227359006653746,0.0013303417916171554,1.3506665333513728,1.4500335252854892,4.235750267397727,78.94563788769942,1.0,0.0013303417916171554,1.3506665333513728,1.0,2.0,0.0,157.89127577539884,183,47.30819122480554,10.0,15.974544171486171,3.9227359006653746,0.0013303417916171554,1.3506665333513728,1.4500335252854892,4.235750267397727,78.94563788769942,1.0,0.0013303417916171554,1.3506665333513728,1.0,2.0,0.0,True,,resolved_oscillation,1.0,861.75,18.21566155224617,0.0005802146794313896,0.9981861463779084,3470.9005243801334,6.295705488066552,3641.9152209632425,2776.939010799707,0.6202494923121555,0.34903354810042214,6174.53218133037,13.749377639861777,9.461514513554926,0.012913872190678643,0.00136488425528257,0.4290157742723839,5.066666666666666,44.88972950809619,1.0,1.0,40.0,157.89127577539884,0.00136488425528257,0.4290157742723839
AB,Td_min,56,0.041377316730994984,0.03206752876612384,0.37451105081748515,0.9271816890983423,0.27187136671284284,0.5778246572201604,0.8284226050920022,0.9634675135066714,40.827546334619896,10.0,8.320675287661238,2.7490221016349703,0.016080190480456714,0.7718713667128428,1.0778246572201604,3.7935215181454067,77.0774010805337,1.0,0.016080190480456714,0.7718713667128428,1.0,2.0,0.0,154.1548021610674,184,40.827546334619896,10.0,8.320675287661238,2.7490221016349703,0.016080190480456714,0.7718713667128428,1.0778246572201604,3.7935215181454067,77.0774010805337,1.0,0.016080190480456714,0.7718713667128428,1.0,2.0,0.0,True,,steady_state,0.0,,,,,8.971341606602966,8.971341524473717,589.2480197245692,20.729936460440268,,0.0,1499.776503668487,1499.7763293863466,2.536874794693646,2.5368747589703706,0.9999999859183923,1.0,4.166666666666667,,1.0,1.0,40.0,154.1548021610674,,
AB,Td_min,57,0.05230069463158471,0.33407868225380877,0.1063301011098382,0.7176518981589709,0.6864182526670649,0.11947963965489417,0.2941963935788431,0.10802242958869912,41.04601389263169,10.0,11.340786822538089,2.212660202219676,0.008583939458666817,1.1864182526670648,0.6194796396548942,1.6055892602211639,8.64179436709593,1.0,0.008583939458666817,1.1864182526670648,1.0,2.0,0.0,17.28358873419186,185,41.04601389263169,10.0,11.340786822538089,2.212660202219676,0.008583939458666817,1.1864182526670648,0.6194796396548942,1.6055892602211639,8.64179436709593,1.0,0.008583939458666817,1.1864182526670648,1.0,2.0,0.0,True,,resolved_oscillation,1.0,314.84615384615387,7.670565884174028,0.0011927533606870923,0.9192815161425033,139.39322749374165,11.25160998329796,177.25925920050187,70.70239403028934,0.6358661128756413,0.05465452121750722,1853.6326668780916,209.6771543245978,4.329348353137983,0.10600962016698422,0.024486276344601998,0.5083314818929127,1.675,7.676777364734802,1.0,1.0,40.0,17.28358873419186,0.024486276344601998,0.5083314818929127
AB,Td_min,58,0.35724945589380774,0.1733204554271618,0.2545619395517319,0.5238700721010965,0.44611669420234423,0.8290791619985357,0.35620338254456996,0.08649524189862356,47.14498911787616,10.0,9.733204554271618,2.5091238791034636,0.004803642489653149,0.9461166942023442,1.3290791619985356,1.774089313421555,6.919619351889885,1.0,0.004803642489653149,0.9461166942023442,1.0,2.0,0.0,13.83923870377977,186,47.14498911787616,10.0,9.733204554271618,2.5091238791034636,0.004803642489653149,0.9461166942023442,1.3290791619985356,1.774089313421555,6.919619351889885,1.0,0.004803642489653149,0.9461166942023442,1.0,2.0,0.0,True,,resolved_oscillation,1.0,526.8571428571429,11.175252189365175,0.0007173946071216351,0.9845456698311333,449.4376332798702,6.945757575021111,575.8633465076002,215.01606224879717,0.6287283080260303,0.21950677627193957,2541.1146504983535,57.90523358056347,4.765044947649016,0.03311536573601389,0.006949643938270172,0.39924461230837593,2.4,11.287359050730776,1.0,1.0,40.0,13.83923870377977,0.006949643938270172,0.39924461230837593
AB,Td_min,59,0.007432380397225491,0.41076796078383804,0.9080229332326699,0.6981208695971955,0.883495417972424,0.0023260163113936194,0.593721283602114,0.15498968034379434,40.14864760794451,10.0,12.107679607838381,3.81604586646534,0.008096106117791232,1.3834954179724241,0.5023260163113936,2.6001198581367975,12.399174427503548,1.0,0.008096106117791232,1.3834954179724241,1.0,2.0,0.0,24.798348855007095,187,40.14864760794451,10.0,12.107679607838381,3.81604586646534,0.008096106117791232,1.3834954179724241,0.5023260163113936,2.6001198581367975,12.399174427503548,1.0,0.008096106117791232,1.3834954179724241,1.0,2.0,0.0,True,,resolved_oscillation,1.0,527.1428571428571,13.129778673754068,0.0007170057753562575,0.9862218255486205,503.5241522019426,6.937643609521308,567.8000520405695,333.11264342983935,0.6195663956639568,0.3308153743612531,4526.181010847695,76.58275447862785,8.887417456968594,0.08050710983538018,0.009058549373333964,0.4601199733392579,2.9,24.678012667745246,1.0,1.0,40.0,24.798348855007095,0.009058549373333964,0.4601199733392579
AB,Td_min,60,0.9755608868652299,0.1290319770518289,0.27037002179377156,0.05826084057960823,0.6204055522340386,0.6363897540415864,0.7583621634069664,0.7263645287172044,59.5112177373046,10.0,9.29031977051829,2.540740043587543,0.0011906910828021757,1.1204055522340386,1.1363897540415864,3.389006522197106,58.10916229737635,1.0,0.0011906910828021757,1.1204055522340386,1.0,2.0,0.0,116.2183245947527,188,59.5112177373046,10.0,9.29031977051829,2.540740043587543,0.0011906910828021757,1.1204055522340386,1.1363897540415864,3.389006522197106,58.10916229737635,1.0,0.0011906910828021757,1.1204055522340386,1.0,2.0,0.0,True,,resolved_oscillation,1.0,876.75,14.732516546210906,0.0005702879954376961,0.9976881577254412,1740.2994002743446,4.0232977239436245,2036.4240895481237,741.4111137636327,0.6227544910179641,0.2954898911353033,5505.2755174218655,25.598216056186224,7.194112145806329,0.009601349429418388,0.0013346121432114889,0.39813374805598756,4.666666666666667,31.49142198792224,1.0,1.0,40.0,116.2183245947527,0.0013346121432114889,0.39813374805598756
AB,Td_min,61,0.6588913370561946,0.3467664824287139,0.6967110274247541,0.42067994138386644,0.8075253340418616,0.5978871921920309,0.8383470861435001,0.23413978590216944,53.177826741123894,10.0,11.467664824287139,3.393422054849508,0.003526283478046295,1.3075253340418616,1.0978871921920308,3.854601325732817,18.731182872173555,1.0,0.003526283478046295,1.3075253340418616,1.0,2.0,0.0,37.46236574434711,189,53.177826741123894,10.0,11.467664824287139,3.393422054849508,0.003526283478046295,1.3075253340418616,1.0978871921920308,3.854601325732817,18.731182872173555,1.0,0.003526283478046295,1.3075253340418616,1.0,2.0,0.0,True,,resolved_oscillation,1.0,829.75,15.60330782300156,0.0006025911419102139,0.9944077819240117,1253.5130681987266,7.0099184384684685,2177.6239884157267,635.1600002719288,0.6116300090388671,0.28615863141524106,5359.9436370859075,34.820065419440276,7.912239117634017,0.03313805917572456,0.004188202439669666,0.40435458786936235,3.966666666666667,29.842357163783323,1.0,1.0,40.0,37.46236574434711,0.004188202439669666,0.40435458786936235
AB,Td_min,62,0.377592786932909,0.801443232262474,0.719759264994655,0.17571134764486795,0.9266508551756341,0.7688117586288268,0.1640253001230495,0.2529447290764799,47.551855738658176,10.0,16.014432322624742,3.43951852998931,0.0016928003255044007,1.426650855175634,1.2688117586288268,1.302113269591462,20.235578326118393,1.0,0.0016928003255044007,1.426650855175634,1.0,2.0,0.0,40.471156652236786,190,47.551855738658176,10.0,16.014432322624742,3.43951852998931,0.0016928003255044007,1.426650855175634,1.2688117586288268,1.302113269591462,20.235578326118393,1.0,0.0016928003255044007,1.426650855175634,1.0,2.0,0.0,True,,resolved_oscillation,1.0,639.8333333333334,13.455486087647444,0.0006380541137752482,0.9923357836423983,920.8761810180783,7.057794289884549,935.4838238161076,755.1830826829653,0.628913779630112,0.31726283048211507,5890.97126126589,47.191280958624255,9.674182647106276,0.017365837211869937,0.0017950702240529203,0.4274605643190402,3.4833333333333334,31.833998676113584,1.0,1.0,40.0,40.471156652236786,0.0017950702240529203,0.4274605643190402
AB,Td_min,63,0.36108253238588683,0.795319499099534,0.45777040814547443,0.27872231544097936,0.37067281232794935,0.47539633003037374,0.4496059197472574,0.48745477977191454,47.22165064771774,10.0,15.95319499099534,2.9155408162909486,0.0023047620424185957,0.8706728123279494,0.9753963300303737,2.0618689172619074,38.996382381753165,1.0,0.0023047620424185957,0.8706728123279494,1.0,2.0,0.0,77.99276476350633,191,47.22165064771774,10.0,15.95319499099534,2.9155408162909486,0.0023047620424185957,0.8706728123279494,0.9753963300303737,2.0618689172619074,38.996382381753165,1.0,0.0023047620424185957,0.8706728123279494,1.0,2.0,0.0,True,,resolved_oscillation,1.0,527.2857142857143,11.166185574904263,0.0009253996898726269,0.9851145379795223,567.2350900234646,8.443556389226492,599.8886699705901,345.44740921321386,0.6193985369818477,0.32881581870695403,3104.3065981443933,61.42228013762025,5.41058607732734,0.014610234770474474,0.0027003053942155322,0.4674516774050211,2.966666666666667,15.229401120321954,1.0,1.0,40.0,77.99276476350633,0.0027003053942155322,0.4674516774050211
AB,K_copies,0,0.6523163084985453,0.9365605507301817,0.476552141139271,0.7731966058510996,0.7192846536989712,0.7991515494535374,0.6932516039832075,0.976099650949025,53.046326169970904,10.0,17.365605507301815,2.953104282278542,0.010137992760460698,1.2192846536989712,1.2991515494535375,3.0518422183769376,78.087972075922,1.0,0.010137992760460698,1.2192846536989712,1.0,2.0,0.0,156.175944151844,192,53.046326169970904,10.0,17.365605507301815,2.953104282278542,0.010137992760460696,1.2192846536989712,1.2991515494535375,3.0518422183769376,78.087972075922,1.0,0.010137992760460698,1.2192846536989712,1.0,2.0,0.0,True,,resolved_oscillation,1.0,477.0,8.992140162008539,0.0,0.9298983921881193,267.27466719095094,18.73638389747096,820.8094099483047,83.81047126133755,0.5576519916142557,0.0,2156.752225124646,131.52281189741117,3.9374877555912042,0.09154684269841332,0.023250064096940356,0.41146411908464786,2.216666666666667,9.096355651988363,1.0,1.0,40.0,156.175944151844,0.023250064096940356,0.41146411908464786
AB,K_copies,1,0.551410633705412,0.02079818871577932,0.4330535974015236,0.8524225710498768,0.26499487736458205,0.7192355361076039,0.13139037206848947,0.4556181454269522,51.02821267410824,10.0,8.207981887157793,2.866107194803047,0.012853675567217745,0.764994877364582,1.219235536107604,1.235486285642274,36.449451634156176,1.0,0.012853675567217745,0.764994877364582,1.0,2.0,0.0,72.89890326831235,193,51.02821267410824,10.0,8.207981887157793,2.866107194803047,0.012853675567217743,0.764994877364582,1.219235536107604,1.235486285642274,36.449451634156176,1.0,0.012853675567217745,0.764994877364582,1.0,2.0,0.0,True,,resolved_oscillation,1.0,400.5,7.848599412207397,0.0013159707283264168,0.9281950271348498,115.30735630406761,8.279641590565767,211.9915436544794,30.90833171272607,0.5752808988764044,0.0008886914019106865,1463.8329113911102,133.9660781682364,2.7476634429421236,0.07346379595052971,0.026736824751675797,0.45634303488113753,2.175,6.131110560830562,1.0,1.0,40.0,72.89890326831235,0.026736824751675797,0.45634303488113753
AB,K_copies,2,0.527858875741076,0.748374936637534,0.8313783726110382,0.8936092939302647,0.41701061288961905,0.10285973940458293,0.16799844493272076,0.8898534260437165,50.55717751482152,10.0,15.483749366375338,3.6627567452220764,0.014541610098533038,0.917010612889619,0.6028597394045829,1.3104663503609928,71.18827408349732,1.0,0.014541610098533038,0.917010612889619,1.0,2.0,0.0,142.37654816699464,194,50.55717751482152,10.0,15.483749366375338,3.6627567452220764,0.014541610098533038,0.917010612889619,0.6028597394045829,1.3104663503609928,71.18827408349732,1.0,0.01454161009853305,0.917010612889619,1.0,2.0,0.0,True,,resolved_oscillation,1.0,380.6363636363636,7.528829383815482,0.0013254776140923436,0.8959676618157522,123.26201299026754,12.823235420674658,184.20412408747282,51.59966204769673,0.5536780511105803,0.2650522106198622,2425.4368443441826,262.17581756322505,4.417962009081538,0.09910459212809149,0.022432196547723278,0.5456565207731615,2.3833333333333333,10.613625960732447,1.0,1.0,40.0,142.37654816699464,0.022432196547723278,0.5456565207731615
AB,K_copies,3,0.13384197899943828,0.5483415903196364,0.002416419738390796,0.4342247396574749,0.8048933820835706,0.012133239297335785,0.6383509037943887,0.39924093577650477,42.676839579988766,10.0,13.483415903196363,2.004832839476782,0.003672310641606497,1.3048933820835706,0.5121332392973358,2.793753818007069,31.93927486212038,1.0,0.003672310641606497,1.3048933820835706,1.0,2.0,0.0,63.87854972424076,195,42.676839579988766,10.0,13.483415903196363,2.004832839476782,0.0036723106416064965,1.3048933820835706,0.5121332392973358,2.793753818007069,31.93927486212038,1.0,0.003672310641606497,1.3048933820835706,1.0,2.0,0.0,True,,resolved_oscillation,1.0,362.54545454545456,8.495133616113707,0.0014404620477778405,0.9570533467963325,267.4550308007289,11.486298455375126,343.4130263001824,116.78468939860839,0.6364719157472417,0.1730726505221062,2500.723054526418,177.69285757085635,5.443738467846795,0.057855232864073666,0.010627849446808125,0.5078871361919574,1.9166666666666667,10.612680745357475,1.0,1.0,40.0,63.87854972424076,0.010627849446808125,0.5078871361919574
AB,K_copies,4,0.29839124245100024,0.9107167545926377,0.7407632727886166,0.973170057651865,0.9917832957867231,0.8395727965599573,0.6163105529447619,0.23802648392585535,45.967824849020005,10.0,17.107167545926377,3.4815265455772333,0.01845539887005003,1.491783295786723,1.3395727965599573,2.696389267662793,19.04211871406843,1.0,0.01845539887005003,1.491783295786723,1.0,2.0,0.0,38.08423742813686,196,45.967824849020005,10.0,17.107167545926377,3.4815265455772333,0.01845539887005003,1.491783295786723,1.3395727965599573,2.696389267662793,19.04211871406843,1.0,0.01845539887005003,1.491783295786723,1.0,2.0,0.0,True,,steady_state,0.0,,,,,41.471342280373456,41.46781376869669,152.31698945240217,46.91509935894473,,0.0,438.85059639145663,438.66540932347544,0.6591228885048351,0.6589839993095317,0.9997892817898972,1.0,,,1.0,1.0,40.0,38.08423742813686,,
AB,K_copies,5,0.43609826489132697,0.1475792402480388,0.4369071057473428,0.6793096803954553,0.4457193604870616,0.8902233596814232,0.30683681880373526,0.2464707225199041,48.72196529782654,10.0,9.475792402480389,2.8738142114946856,0.007652481186052526,0.9457193604870616,1.390223359681423,1.6385878586544742,19.717657801592328,1.0,0.007652481186052526,0.9457193604870616,1.0,2.0,0.0,39.435315603184655,197,48.72196529782654,10.0,9.475792402480389,2.8738142114946856,0.007652481186052526,0.9457193604870616,1.390223359681423,1.6385878586544742,19.717657801592328,1.0,0.007652481186052533,0.9457193604870616,1.0,2.0,0.0,True,,resolved_oscillation,1.0,521.7142857142857,10.707989353983614,0.0009352821071522088,0.9787766052131294,346.0411705166791,7.344168374386314,551.635721473617,119.28873356311951,0.5980284775465499,0.2159520106642968,2519.469439409047,72.22424816901385,4.603690766012936,0.052231072125486805,0.011345477961092932,0.40368806931792933,2.466666666666667,11.206467389079615,1.0,1.0,40.0,39.435315603184655,0.011345477961092932,0.40368806931792933
AB,K_copies,6,0.2794490958047151,0.09958024283173095,0.8867248432919269,0.4437347746393657,0.4617652819142606,0.17305191977008727,0.3697961343740416,0.12011926120459937,45.588981916094305,10.0,8.99580242831731,3.773449686583854,0.0037784375789652875,0.9617652819142606,0.6730519197700873,1.8133281586919776,9.60954089636795,1.0,0.0037784375789652875,0.9617652819142606,1.0,2.0,0.0,19.2190817927359,198,45.588981916094305,10.0,8.99580242831731,3.773449686583854,0.0037784375789652875,0.9617652819142606,0.6730519197700873,1.8133281586919776,9.60954089636795,1.0,0.0037784375789652875,0.9617652819142606,1.0,2.0,0.0,True,,resolved_oscillation,1.0,594.2857142857143,13.035731207586219,0.0008210697729134293,0.989448591360244,420.9680611137122,4.4418060370965495,443.16576824487083,318.04917438560227,0.6162860576923076,0.3141524105754277,3778.511580808647,44.15432037206553,6.461477815460633,0.02612061732078525,0.004042514431959423,0.4199066874027994,3.4,20.68963552779769,1.0,1.0,40.0,19.2190817927359,0.004042514431959423,0.4199066874027994
AB,K_copies,7,0.9184594597167923,0.08481535090608328,0.0015575791320572296,0.7098664043105585,0.9560701223241277,0.3725144238776874,0.9611080662365922,0.35699789581469954,58.369189194335846,10.0,8.848153509060833,2.0031151582641145,0.008386050723346496,1.4560701223241277,0.8725144238776874,4.696623093566884,28.559831665175963,1.0,0.008386050723346496,1.4560701223241277,1.0,2.0,0.0,57.119663330351926,199,58.369189194335846,10.0,8.848153509060833,2.0031151582641145,0.008386050723346496,1.4560701223241277,0.8725144238776874,4.696623093566884,28.559831665175963,1.0,0.008386050723346496,1.4560701223241277,1.0,2.0,0.0,True,,resolved_oscillation,1.0,403.8,6.918033393535383,0.008798357334967295,0.5071884481323806,73.49088509264466,36.21715713063111,180.7662092474556,55.774688017255116,0.6575037147102526,0.0,459.8207976409535,228.11626350555133,0.6693410920613734,0.235143065793717,0.35130528901123587,0.06620750944234614,4.7,2.4694165390325176,1.0,1.0,40.0,57.119663330351926,0.35130528901123587,0.06620750944234614
AB,K_copies,8,0.30358690650228426,0.5200085828287254,0.9217794243662824,0.25378836310641073,0.48115780150084886,0.6166769025777588,0.9266438061402799,0.37517357399106444,46.07173813004569,10.0,13.200085828287254,3.843558848732565,0.002138879278054398,0.9811578015008489,1.1166769025777588,4.443203711646457,30.013885919285155,1.0,0.002138879278054398,0.9811578015008489,1.0,2.0,0.0,60.02777183857031,200,46.07173813004569,10.0,13.200085828287254,3.843558848732565,0.002138879278054398,0.9811578015008489,1.1166769025777588,4.443203711646457,30.013885919285155,1.0,0.002138879278054398,0.9811578015008489,1.0,2.0,0.0,True,,resolved_oscillation,1.0,796.5,17.288255931472282,0.0007248590950277787,0.997062195851058,1923.9021227165279,5.6520476382747855,2026.545406873641,1569.2304675810417,0.6282485875706214,0.3545878693623639,4254.574153724433,15.041212686842968,6.790726936920093,0.015082419151628213,0.002221031605560153,0.43101532992668296,4.5,28.712265191344393,1.0,1.0,40.0,60.02777183857031,0.002221031605560153,0.43101532992668296
AB,K_copies,9,0.932509762265573,0.1899719645774942,0.545033930508929,0.7217621395502537,0.9406082623381035,0.4715857368406461,0.9437489081058605,0.8804158591471485,58.650195245311465,10.0,9.899719645774942,3.0900678610178582,0.00869028847805224,1.4406082623381034,0.9715857368406461,4.567222593336356,70.43326873177188,1.0,0.00869028847805224,1.4406082623381034,1.0,2.0,0.0,140.86653746354375,201,58.650195245311465,10.0,9.899719645774942,3.0900678610178582,0.00869028847805224,1.4406082623381034,0.9715857368406461,4.567222593336356,70.43326873177188,1.0,0.00869028847805224,1.4406082623381034,1.0,2.0,0.0,True,,steady_state,0.0,,,,,11.613926565079508,11.613863580920732,1441.6083343788432,32.58315836822143,,0.0,3380.8948050378694,3380.627037917389,3.9806883116664236,3.980646486740695,0.9999894930417923,1.0,,,1.0,1.0,40.0,140.86653746354375,,
AB,K_copies,10,0.5589990905755731,0.2571126544608392,0.9938149577766761,0.9015922436254239,0.8793790695616299,0.4601942566664927,0.11453905085060889,0.29314213139177814,51.17998181151146,10.0,10.571126544608392,3.9876299155533523,0.014893561147698462,1.37937906956163,0.9601942566664927,1.2024287755036374,23.45137051134225,1.0,0.014893561147698462,1.37937906956163,1.0,2.0,0.0,46.9027410226845,202,51.17998181151146,10.0,10.571126544608392,3.9876299155533523,0.014893561147698462,1.37937906956163,0.9601942566664927,1.2024287755036374,23.45137051134225,1.0,0.014893561147698462,1.37937906956163,1.0,2.0,0.0,True,,resolved_oscillation,1.0,478.125,9.34203145598734,0.0007394580718290694,0.933159177628399,149.5447395541627,9.995693373147134,337.4583590138939,43.77448848931504,0.54640522875817,0.12952677182848257,3040.1763616904254,176.43276946807026,5.568320045256324,0.14790043843141393,0.026561052028144638,0.4243501444123528,2.316666666666667,13.220813251701744,1.0,1.0,40.0,46.9027410226845,0.026561052028144638,0.4243501444123528
AB,K_copies,11,0.8825503300451477,0.9865957083484826,0.6936976459779453,0.6974159517909397,0.3326584954172609,0.6616409964329848,0.40307903288704905,0.6314419665790977,57.65100660090295,10.0,17.865957083484826,3.3873952919558903,0.00807902724545485,0.8326584954172609,1.1616409964329848,1.9131109319217572,50.515357326327816,1.0,0.00807902724545485,0.8326584954172609,1.0,2.0,0.0,101.03071465265563,203,57.65100660090295,10.0,17.865957083484826,3.3873952919558903,0.00807902724545485,0.8326584954172609,1.1616409964329848,1.9131109319217572,50.515357326327816,1.0,0.00807902724545485,0.8326584954172609,1.0,2.0,0.0,True,,resolved_oscillation,1.0,658.0,11.41350409638284,0.0,0.9823839135501011,632.8117491632206,11.147666479771056,741.9491533536584,301.2908858530272,0.6056231003039514,0.2788269273494779,3474.277178901892,84.2153130507196,4.9837329995429265,0.048380747523561,0.009707732642980303,0.4190179960008887,3.5833333333333335,17.2002920141839,1.0,1.0,40.0,101.03071465265563,0.009707732642980303,0.4190179960008887
AB,K_copies,12,0.4044568990688079,0.3423950060306923,0.3713608600938766,0.5394681067715948,0.3484344915921219,0.41869845356194746,0.0743758010283625,0.5957220289699944,48.089137981376155,10.0,11.423950060306922,2.7427217201877534,0.0050334318006715235,0.8484344915921219,0.9186984535619475,1.1271622984285814,47.65776231759955,1.0,0.0050334318006715235,0.8484344915921219,1.0,2.0,0.0,95.3155246351991,204,48.089137981376155,10.0,11.423950060306922,2.7427217201877534,0.005033431800671524,0.8484344915921219,0.9186984535619475,1.1271622984285814,47.65776231759955,1.0,0.0050334318006715235,0.8484344915921219,1.0,2.0,0.0,True,,resolved_oscillation,1.0,391.72727272727275,8.145857654570143,0.0011924096151000353,0.9543731676362384,186.655592546529,8.516503430879073,222.45836474147092,68.68963197889835,0.5948015780923648,0.251721839591202,2234.3386923237454,152.32812342881644,4.220334545455705,0.03355399632522462,0.007950553673844242,0.47411686291935123,2.316666666666667,9.548375279074547,1.0,1.0,40.0,95.3155246351991,0.007950553673844242,0.47411686291935123
AB,K_copies,13,0.8397119452496339,0.9531958405877187,0.8937767146418455,0.7360853102868091,0.6297901131894204,0.3533399201315356,0.54972461355271,0.24027480692021974,56.79423890499268,10.0,17.531958405877187,3.787553429283691,0.009071290353590626,1.1297901131894204,0.8533399201315356,2.422372990848222,19.22198455361758,1.0,0.009071290353590626,1.1297901131894204,1.0,2.0,0.0,38.44396910723516,205,56.79423890499268,10.0,17.531958405877187,3.787553429283691,0.009071290353590626,1.1297901131894204,0.8533399201315356,2.422372990848222,19.22198455361758,1.0,0.009071290353590626,1.1297901131894204,1.0,2.0,0.0,True,,resolved_oscillation,1.0,740.8,13.043576501469369,0.0006036900587202457,0.9844745639401687,737.9304843419817,11.456692551251757,944.5389937858363,425.61910527777553,0.617238120950324,0.2823816929571206,4756.158926222928,88.63838616098205,6.7791582510248825,0.07366229488601521,0.010865994295807866,0.41657409464563433,3.75,24.61503677840996,1.0,1.0,40.0,38.44396910723516,0.010865994295807866,0.41657409464563433
AB,K_copies,14,0.5050919744883469,0.8875223159977081,0.37675403278337516,0.07604663233161935,0.21428753930495725,0.20466249303767636,0.7919028093038489,0.04476630886248789,50.10183948976694,10.0,16.875223159977082,2.7535080655667503,0.0012558534116573618,0.7142875393049573,0.7046624930376764,3.576978337681357,3.5813047089990313,1.0,0.0012558534116573618,0.7142875393049573,1.0,2.0,0.0,7.162609417998063,206,50.10183948976694,10.0,16.875223159977082,2.7535080655667503,0.0012558534116573618,0.7142875393049573,0.7046624930376764,3.576978337681357,3.5813047089990313,1.0,0.0012558534116573618,0.7142875393049573,1.0,2.0,0.0,True,,resolved_oscillation,1.0,610.7142857142857,12.189458349907914,0.0007989825158642962,0.9879065832626277,660.6739480981636,7.989805381876185,669.4342327277797,539.0184557710651,0.6476023391812866,0.2694956676294157,2767.435727082461,37.92670322302506,4.551618446127931,0.0066584276426268005,0.0014628703441280618,0.38635858698067094,3.0833333333333335,13.496505413484705,1.0,1.0,40.0,7.162609417998063,0.0014628703441280618,0.38635858698067094
AB,K_copies,15,0.9354066410283456,0.37070593599952484,0.6505030867783376,0.3678801652864846,0.44262136838463495,0.3567890580726589,0.7861953008443282,0.3266761862476052,58.70813282056692,10.0,11.707059359995249,3.301006173556675,0.0030103925452112375,0.942621368384635,0.8567890580726589,3.5442710945200737,26.134094899808417,1.0,0.0030103925452112375,0.942621368384635,1.0,2.0,0.0,52.268189799616835,207,58.70813282056692,10.0,11.707059359995249,3.301006173556675,0.0030103925452112375,0.942621368384635,0.8567890580726589,3.5442710945200737,26.134094899808417,1.0,0.0030103925452112375,0.942621368384635,1.0,2.0,0.0,True,,resolved_oscillation,1.0,889.25,15.146964437071547,0.000562271577171774,0.995430919613493,1234.0121193382176,5.638300571180145,1391.4328460260672,799.1064323219678,0.6258082653921844,0.3092646078649189,4770.843964134974,30.50550877442732,6.218028814436618,0.020395556395256968,0.003280067848496276,0.4041324150188847,4.816666666666666,28.20047844624164,1.0,1.0,40.0,52.268189799616835,0.003280067848496276,0.4041324150188847
AB,K_copies,16,0.4165039138534229,0.22533698425051674,0.19195520983891223,0.3853034399427899,0.5293155168028456,0.028087019400847124,0.24521803081693405,0.1709331898065073,48.33007827706846,10.0,10.253369842505167,2.3839104196778242,0.0031716943810267094,1.0293155168028456,0.5280870194008471,1.4838843279905287,13.674655184520583,1.0,0.0031716943810267094,1.0293155168028456,1.0,2.0,0.0,27.349310369041167,208,48.33007827706846,10.0,10.253369842505167,2.3839104196778242,0.0031716943810267094,1.0293155168028456,0.5280870194008471,1.4838843279905287,13.674655184520583,1.0,0.0031716943810267094,1.0293155168028456,1.0,2.0,0.0,True,,resolved_oscillation,1.0,407.1,8.423325897925555,0.0007767815426598819,0.9577647645207165,178.92481039690105,7.556931500199295,198.8231546764305,86.13022005965446,0.6303119626627363,0.23705843145967562,2639.340713707679,167.93043185091335,4.990992476862148,0.03155693181419934,0.006322776874638625,0.4872250610975339,2.2666666666666666,11.1360527938112,1.0,1.0,40.0,27.349310369041167,0.006322776874638625,0.4872250610975339
AB,K_copies,17,0.5474959190386707,0.20746810818249695,0.12153798541605187,0.8674324012996638,0.7705241825193797,0.8212992686047814,0.49428288340064575,0.17215494341127735,50.94991838077341,10.0,10.07468108182497,2.2430759708321037,0.013444837988443942,1.2705241825193796,1.3212992686047813,2.21558751476456,13.772395472902188,1.0,0.013444837988443942,1.2705241825193796,1.0,2.0,0.0,27.544790945804376,209,50.94991838077341,10.0,10.07468108182497,2.2430759708321037,0.013444837988443942,1.2705241825193796,1.3212992686047813,2.21558751476456,13.772395472902188,1.0,0.013444837988443942,1.2705241825193796,1.0,2.0,0.0,True,,resolved_oscillation,1.0,337.1666666666667,6.617609554285385,0.0029160417605047203,0.24286494129921282,52.139866383052464,39.47692079458363,100.50808282885141,41.78358475119453,0.6643598615916955,0.0,357.31074762110643,280.83809011951206,0.524781327956185,0.3429007861020515,0.6534165143365789,0.0164407909353477,4.016666666666667,2.416861205638967,1.0,1.0,40.0,27.544790945804376,0.6534165143365789,0.0164407909353477
AB,K_copies,18,0.2557492081993019,0.8065255922693085,0.9901753778860107,0.5100265748839851,0.24386234796739392,0.9723548965289336,0.18530812723112733,0.07398357953597556,45.11498416398604,10.0,16.065255922693083,3.9803507557720215,0.004608502978467939,0.7438623479673939,1.4723548965289335,1.3474877400250016,5.918686362878045,1.0,0.004608502978467939,0.7438623479673939,1.0,2.0,0.0,11.83737272575609,210,45.11498416398604,10.0,16.065255922693083,3.9803507557720215,0.004608502978467939,0.7438623479673939,1.4723548965289335,1.3474877400250016,5.918686362878045,1.0,0.004608502978467943,0.7438623479673939,1.0,2.0,0.0,True,,resolved_oscillation,1.0,566.1666666666666,12.549415170107071,0.0007210744017613124,0.9854713718916724,539.080866205605,7.832105425416323,549.1449904103965,468.2209200757457,0.6302031204003533,0.3210397689402355,2879.4714841772734,40.885703119996265,5.056227466765242,0.024642051654394943,0.0048736042467171425,0.4212397245056654,3.0833333333333335,14.854370149093688,1.0,1.0,40.0,11.83737272575609,0.0048736042467171425,0.4212397245056654
AB,K_copies,19,0.9255513500073052,0.771983960119892,0.3595363148666204,0.008470141514244522,0.614501749387959,0.9187699952713662,0.5653192310309306,0.6859534039173187,58.5110270001461,10.0,15.71983960119892,2.719072629733241,0.0010256989434931972,1.114501749387959,1.4187699952713662,2.4839404815345145,54.8762723133855,1.0,0.0010256989434931972,1.114501749387959,1.0,2.0,0.0,109.752544626771,211,58.5110270001461,10.0,15.71983960119892,2.719072629733241,0.0010256989434931972,1.114501749387959,1.4187699952713662,2.4839404815345145,54.8762723133855,1.0,0.0010256989434931972,1.114501749387959,1.0,2.0,0.0,True,,resolved_oscillation,1.0,824.5,14.091360932665586,0.0007002428977436333,0.9961474561555133,1754.627367575156,6.7597788643198085,1844.8809750152027,1080.2533652843872,0.6299575500303214,0.33925794267940457,5448.783158138194,32.090608873404975,7.276032454305043,0.008237381035964173,0.0011321253839501944,0.45767607198400356,4.425,30.293532460363213,1.0,1.0,40.0,109.752544626771,0.0011321253839501944,0.45767607198400356
AB,K_copies,20,0.0013435690855783111,0.5149117045763686,0.7029286016979912,0.6847519706450776,0.45656378171454903,0.066410428609471,0.5239147617457327,0.5455612958419926,40.026871381711565,10.0,13.149117045763685,3.4058572033959824,0.007778267117499566,0.956563781714549,0.566410428609471,2.323810465653857,43.644903667359415,1.0,0.007778267117499566,0.956563781714549,1.0,2.0,0.0,87.28980733471883,212,40.026871381711565,10.0,13.149117045763685,3.4058572033959824,0.007778267117499566,0.956563781714549,0.566410428609471,2.323810465653857,43.644903667359415,1.0,0.007778267117499566,0.956563781714549,1.0,2.0,0.0,True,,resolved_oscillation,1.0,412.8,10.313071837750725,0.0010214075129742826,0.9726126412073626,294.9634285785112,8.078269249186205,351.1840673225366,149.93900737273293,0.5925387596899224,0.3263719173516996,2777.5146949622285,96.18627471059746,5.78042581021735,0.05364550520219441,0.00928054557976885,0.48300377693845814,2.45,13.61074914347564,1.0,1.0,40.0,87.28980733471883,0.00928054557976885,0.48300377693845814
AB,K_copies,21,0.07885095553436716,0.551202541840573,0.43766206874156466,0.49990424355663865,0.7169457026455673,0.4357792480321784,0.5996465601993903,0.8802543008467651,41.577019110687345,10.0,13.512025418405731,2.8753241374831293,0.0044708532590794344,1.2169457026455675,0.9357792480321784,2.625034156727496,70.42034406774121,1.0,0.0044708532590794344,1.2169457026455675,1.0,2.0,0.0,140.84068813548242,213,41.577019110687345,10.0,13.512025418405731,2.8753241374831293,0.0044708532590794344,1.2169457026455675,0.9357792480321784,2.625034156727496,70.42034406774121,1.0,0.0044708532590794344,1.2169457026455675,1.0,2.0,0.0,True,,resolved_oscillation,1.0,491.875,11.830453710270053,0.0007187870710917892,0.9895337006852409,729.6621182267162,7.636862128001908,879.4931827218529,280.2347958126926,0.6043202033036849,0.3099311264163519,3727.8857310148906,64.30778914261828,7.32854757684118,0.0391938159632217,0.005348101455611398,0.45412130637636083,2.7333333333333334,19.008258875287183,1.0,1.0,40.0,140.84068813548242,0.005348101455611398,0.45412130637636083
AB,K_copies,22,0.8675713022377077,0.35847125396396795,0.6335471684261575,0.5509199571228793,0.8481709139021257,0.3486284427256984,0.980574699729904,0.08487242491476177,57.351426044754156,10.0,11.584712539639678,3.267094336852315,0.005209108332360569,1.3481709139021256,0.8486284427256984,4.846099224439112,6.7897939931809415,1.0,0.005209108332360569,1.3481709139021256,1.0,2.0,0.0,13.579587986361883,214,57.351426044754156,10.0,11.584712539639678,3.267094336852315,0.005209108332360569,1.3481709139021256,0.8486284427256984,4.846099224439112,6.7897939931809415,1.0,0.005209108332360569,1.3481709139021256,1.0,2.0,0.0,True,,resolved_oscillation,1.0,741.6,12.930803140296684,0.0007385687129249813,0.9792196733409171,499.6168021023491,10.382200352053164,1442.8429899344703,214.34704655177043,0.5858953613807982,0.12641635192179515,3661.894516297632,57.81237482341649,5.720421209770706,0.05051633925929305,0.008830877553738377,0.32926016440790934,2.8333333333333335,16.15334980920425,1.0,1.0,40.0,13.579587986361883,0.008830877553738377,0.32926016440790934
AB,K_copies,23,0.8783796245132314,0.13951520962370778,0.08087632777524123,0.428318534017873,0.25608481486483725,0.8729212352329343,0.7929911185726779,0.12612542097333246,57.56759249026463,10.0,9.395152096237078,2.1617526555504822,0.0036079063863084983,0.7560848148648373,1.3729212352329343,3.5832491422890334,10.090033677866597,1.0,0.0036079063863084983,0.7560848148648373,1.0,2.0,0.0,20.180067355733193,215,57.56759249026463,10.0,9.395152096237078,2.1617526555504822,0.0036079063863084983,0.7560848148648373,1.3729212352329343,3.5832491422890334,10.090033677866597,1.0,0.0036079063863084983,0.7560848148648373,1.0,2.0,0.0,True,,resolved_oscillation,1.0,624.0,10.839431927008688,0.0,0.9829037569681711,513.6524206904965,8.78152661801194,835.7755756593731,217.8339380076625,0.625,0.08398133748055987,1771.022649985534,43.94251894239956,2.9218089224340957,0.020554548801432912,0.007034870981333496,0.31904021328593646,2.45,7.24558290079507,1.0,1.0,40.0,20.180067355733193,0.007034870981333496,0.31904021328593646
AB,K_copies,24,0.39314986885056447,0.8255929495320141,0.283665563286857,0.32617748054883455,0.526312222726394,0.13956516709130617,0.18540594859632797,0.31633641727601725,47.86299737701129,10.0,16.25592949532014,2.567331126573714,0.002656847860839996,1.026312222726394,0.6395651670913062,1.3476999017105737,25.30691338208138,1.0,0.002656847860839996,1.026312222726394,1.0,2.0,0.0,50.61382676416276,216,47.86299737701129,10.0,16.25592949532014,2.567331126573714,0.002656847860839996,1.026312222726394,0.6395651670913062,1.3476999017105737,25.30691338208138,1.0,0.002656847860839996,1.026312222726394,1.0,2.0,0.0,True,,resolved_oscillation,1.0,383.5,8.012452646440316,0.0013743058062444067,0.9424134418200247,203.3148836577022,11.70820437660916,224.22079200033605,112.1515845256795,0.6263363754889179,0.26882914907798267,2705.7689082591564,209.26438745990396,5.157080206481797,0.03083634797918875,0.005979419893534207,0.52099533437014,2.2416666666666667,11.399538097928174,1.0,1.0,40.0,50.61382676416276,0.005979419893534207,0.52099533437014
AB,K_copies,25,0.07041119244804428,0.3936284981324186,0.47799425521871675,0.9860244128897545,0.32422163560981,0.23806648353124005,0.9210385550297289,0.31793519788627744,41.40822384896089,10.0,11.936284981324185,2.9559885104374333,0.019179944123959267,0.82422163560981,0.73806648353124,4.403300482001121,25.434815830902195,1.0,0.019179944123959267,0.82422163560981,1.0,2.0,0.0,50.86963166180439,217,41.40822384896089,10.0,11.936284981324185,2.9559885104374333,0.019179944123959267,0.82422163560981,0.73806648353124,4.403300482001121,25.434815830902195,1.0,0.019179944123959274,0.82422163560981,1.0,2.0,0.0,True,,resolved_oscillation,1.0,319.6923076923077,7.720502788489687,0.0015026462941285846,0.6839335887254667,58.72140106390207,18.559862499280086,186.96842432253857,33.83085806083407,0.5911934552454283,0.0,601.1170902285699,148.40898628224366,1.3508092609462239,0.16560199455409522,0.12259465443558866,0.4254610086647412,1.7416666666666667,3.0228878071997607,1.0,1.0,40.0,50.86963166180439,0.12259465443558866,0.4254610086647412
AB,K_copies,26,0.5453222821228122,0.20696044785468648,0.7315526222870028,0.9819235271006114,0.44424563520368043,0.8995501600465765,0.7702554738662177,0.8733172195768184,50.90644564245625,10.0,10.069604478546864,3.4631052445740056,0.018945756978259655,0.9442456352036804,1.3995501600465765,3.4545021865384595,69.86537756614547,1.0,0.018945756978259655,0.9442456352036804,1.0,2.0,0.0,139.73075513229094,218,50.90644564245625,10.0,10.069604478546864,3.4631052445740056,0.018945756978259655,0.9442456352036804,1.3995501600465765,3.4545021865384595,69.86537756614547,1.0,0.018945756978259655,0.9442456352036804,1.0,2.0,0.0,True,,steady_state,0.0,,,,,7.650393259804092,7.650392737684924,1688.8395896385555,44.029536387704944,,1.0,3635.243757061067,3635.24186796948,4.931583343793049,4.931583015465281,0.9999999334234576,1.0,,,1.0,1.0,40.0,139.73075513229094,,
AB,K_copies,27,0.5842061138530887,0.37890653826247933,0.6751111745047766,0.21103105998534566,0.47372262078119953,0.27706809452061376,0.08242795025315841,0.20941401680263994,51.684122277061775,10.0,11.789065382624793,3.3502223490095533,0.001881731864134484,0.9737226207811995,0.7770680945206138,1.1418647460445446,16.753121344211195,1.0,0.001881731864134484,0.9737226207811995,1.0,2.0,0.0,33.50624268842239,219,51.684122277061775,10.0,11.789065382624793,3.3502223490095533,0.001881731864134484,0.9737226207811995,0.7770680945206138,1.1418647460445446,16.753121344211195,1.0,0.001881731864134484,0.9737226207811995,1.0,2.0,0.0,True,,resolved_oscillation,1.0,554.7142857142857,10.732779454793539,0.0008796420951119924,0.9800696150084277,316.3419259065449,6.3048163722928825,333.18228907142066,223.77849590930583,0.6129281483389133,0.3194845589868918,3906.2064730959537,86.42168883413989,6.231570300023879,0.01328306352106162,0.0021315756513267162,0.4521217507220618,3.183333333333333,18.774543483529687,1.0,1.0,40.0,33.50624268842239,0.0021315756513267162,0.4521217507220618
AB,K_copies,28,0.5150252250115483,0.21778878314752326,0.9824233046384001,0.9901042993929583,0.8684331197247117,0.5459952500686578,0.7216872091884045,0.610060609924768,50.30050450023097,10.0,10.177887831475232,3.9648466092768,0.01941580458771451,1.3684331197247117,1.0459952500686578,3.1947561271526923,48.804848793981435,1.0,0.01941580458771451,1.3684331197247117,1.0,2.0,0.0,97.60969758796287,220,50.30050450023097,10.0,10.177887831475232,3.9648466092768,0.01941580458771451,1.3684331197247117,1.0459952500686578,3.1947561271526923,48.804848793981435,1.0,0.019415804587714518,1.3684331197247117,1.0,2.0,0.0,True,,steady_state,0.0,,,,,8.322843535086177,8.32284320950402,1599.8461297623328,44.66000669794683,,1.0,4982.299955569452,4982.298393669588,6.8404272341618535,6.840426905215442,0.9999999519114231,1.0,5.95,,1.0,1.0,40.0,97.60969758796287,,
AB,K_copies,29,0.04945339346089217,0.1377220149227505,0.7021926793540646,0.5344320235740077,0.12301565154377614,0.43951840096355876,0.716675164080167,0.8026172127841293,40.98906786921784,10.0,9.377220149227504,3.4043853587081294,0.0049580635987980255,0.6230156515437761,0.9395184009635588,3.169089047811621,64.20937702273035,1.0,0.0049580635987980255,0.6230156515437761,1.0,2.0,0.0,128.4187540454607,221,40.98906786921784,10.0,9.377220149227504,3.4043853587081294,0.0049580635987980255,0.6230156515437761,0.9395184009635588,3.169089047811621,64.20937702273035,1.0,0.0049580635987980255,0.6230156515437761,1.0,2.0,0.0,True,,resolved_oscillation,1.0,499.75,12.19227530605312,0.000926283241393248,0.98896096537405,471.20454254267923,5.201643261033548,580.8588584143987,179.88771194517216,0.5827913956978489,0.3325927571650744,2032.115414509747,33.163659041515004,3.94772338003562,0.022207372118331112,0.005625361754229785,0.447900466562986,2.95,11.013996152495887,1.0,1.0,40.0,128.4187540454607,0.005625361754229785,0.447900466562986
AB,K_copies,30,0.23529284243979742,0.781894956053658,0.1627078196361389,0.18400605895795552,0.9153118394219858,0.6622785865219342,0.34201139629394184,0.761506421166632,44.705856848795946,10.0,15.81894956053658,2.325415639272278,0.001735391244881489,1.4153118394219857,1.1622785865219343,1.734026407844816,60.92051369333056,1.0,0.001735391244881489,1.4153118394219857,1.0,2.0,0.0,121.84102738666112,222,44.705856848795946,10.0,15.81894956053658,2.325415639272278,0.001735391244881489,1.4153118394219857,1.1622785865219343,1.734026407844816,60.92051369333056,1.0,0.001735391244881489,1.4153118394219857,1.0,2.0,0.0,True,,resolved_oscillation,1.0,463.55555555555554,10.36901176334439,0.0011369646429176818,0.9863194153514513,705.309194565066,9.649042139647177,772.9786286305033,287.7943380825498,0.6255992329817833,0.25905354365696515,3990.566034385817,98.56117081070856,7.723607091297801,0.019139975633389004,0.0024781135817944495,0.44034658964674517,2.45,18.123149712945715,1.0,1.0,40.0,121.84102738666112,0.0024781135817944495,0.44034658964674517
AB,K_copies,31,0.3961908178200533,0.3189951647510263,0.8827516093406286,0.1975083502442333,0.42790177911939253,0.8533965863188613,0.9318053292379148,0.9537836951071544,47.92381635640106,10.0,11.189951647510263,3.765503218681257,0.0018070255285962528,0.9279017791193925,1.3533965863188613,4.48026781101067,76.30269560857235,1.0,0.0018070255285962528,0.9279017791193925,1.0,2.0,0.0,152.6053912171447,223,47.92381635640106,10.0,11.189951647510263,3.765503218681257,0.0018070255285962528,0.9279017791193925,1.3533965863188613,4.48026781101067,76.30269560857235,1.0,0.0018070255285962528,0.9279017791193925,1.0,2.0,0.0,True,,resolved_oscillation,1.0,832.0,17.360887826890938,0.0,0.99785003582655,2197.3935835162397,4.724317479528846,2450.2476410016943,1398.9022715677522,0.6105769230769231,0.3803599200177738,4208.5014736422545,13.176518751844913,6.418997878976508,0.012050685193198823,0.0018773468102656974,0.4596756276383026,4.966666666666667,29.788544919494765,1.0,1.0,40.0,152.6053912171447,0.0018773468102656974,0.4596756276383026
AB,K_copies,32,0.45544406973220386,0.4685959696905484,0.5906917281865809,0.2627126403874821,0.6550826693183404,0.7769402083886271,0.7903188624593088,0.30569927964458465,49.10888139464408,10.0,12.685959696905485,3.1813834563731618,0.00219683290709738,1.1550826693183405,1.276940208388627,3.567871288277414,24.45594237156677,1.0,0.00219683290709738,1.1550826693183405,1.0,2.0,0.0,48.91188474313354,224,49.10888139464408,10.0,12.685959696905485,3.1813834563731618,0.00219683290709738,1.1550826693183405,1.276940208388627,3.567871288277414,24.45594237156677,1.0,0.00219683290709738,1.1550826693183405,1.0,2.0,0.0,True,,resolved_oscillation,1.0,801.5,16.320876738345202,0.0007203372042291026,0.9969234495523281,1899.9364047738507,5.845250196655152,2170.137814254227,1319.1972111962305,0.6330630068621336,0.3257053988002666,4960.2211625323125,21.435616308956778,7.651421515803963,0.018238062044690032,0.0023836174764413944,0.42479449011330817,4.216666666666667,30.331961513810008,1.0,1.0,40.0,48.91188474313354,0.0023836174764413944,0.42479449011330817
AB,K_copies,33,0.9227593837099817,0.31396327316417694,0.11984868902090784,0.21289201770014698,0.2844369626022776,0.215498302700181,0.5288499542686814,0.8553785018010519,58.455187674199635,10.0,11.139632731641768,2.2396973780418157,0.0018922516859940209,0.7844369626022776,0.715498302700181,2.34234172557057,68.43028014408415,1.0,0.0018922516859940209,0.7844369626022776,1.0,2.0,0.0,136.8605602881683,225,58.455187674199635,10.0,11.139632731641768,2.2396973780418157,0.0018922516859940209,0.7844369626022776,0.715498302700181,2.34234172557057,68.43028014408415,1.0,0.0018922516859940209,0.7844369626022776,1.0,2.0,0.0,True,,resolved_oscillation,1.0,522.375,8.936332612794956,0.0009907617506710038,0.9778120163576731,351.75868460084155,7.804815939969894,408.44375069731944,103.84922502977281,0.6125867432400096,0.2521661852921573,2536.749505047037,112.22880121046168,3.8873602396771374,0.013137604008410636,0.003379569476046751,0.45523217062874916,2.933333333333333,11.00528694186753,1.0,1.0,40.0,136.8605602881683,0.003379569476046751,0.45523217062874916
AB,K_copies,34,0.07950435043954462,0.26753205511875555,0.37274283035622435,0.1750304734321343,0.9875008646722722,0.4630627884669968,0.38130948963773503,0.5292730561158066,41.590087008790896,10.0,10.675320551187555,2.7454856607124487,0.0016893510111593599,1.4875008646722723,0.9630627884669968,1.8472424305525734,42.341844489264524,1.0,0.0016893510111593599,1.4875008646722723,1.0,2.0,0.0,84.68368897852905,226,41.590087008790896,10.0,10.675320551187555,2.7454856607124487,0.0016893510111593599,1.4875008646722723,0.9630627884669968,1.8472424305525734,42.341844489264524,1.0,0.0016893510111593599,1.4875008646722723,1.0,2.0,0.0,True,,resolved_oscillation,1.0,523.7142857142857,12.592286368710607,0.0009317103806109838,0.9933686894421845,779.4859880260278,5.169013662066288,835.9415807242286,395.19706623484933,0.6186579378068741,0.3263719173516996,4889.626133309054,52.387539650237265,9.404542384548554,0.01814207058098704,0.001929075316922814,0.464119084647856,2.9,25.70413969978684,1.0,1.0,40.0,84.68368897852905,0.001929075316922814,0.464119084647856
AB,K_copies,35,0.6334398631188464,0.003423925032744468,0.9710384632196135,0.6253248415770387,0.2880167805261743,0.12196760263835515,0.48354764822632257,0.8441290579269647,52.66879726237693,10.0,8.034239250327445,3.942076926439227,0.006509780962671258,0.7880167805261743,0.6219676026383552,2.1776360713907166,67.53032463415718,1.0,0.006509780962671258,0.7880167805261743,1.0,2.0,0.0,135.06064926831436,227,52.66879726237693,10.0,8.034239250327445,3.942076926439227,0.006509780962671259,0.7880167805261743,0.6219676026383552,2.1776360713907166,67.53032463415718,1.0,0.006509780962671258,0.7880167805261743,1.0,2.0,0.0,True,,resolved_oscillation,1.0,588.2857142857143,11.16953006075091,0.0008294439668090981,0.9833179363005758,309.7737069371889,5.167664711532935,402.09021356838076,91.37081757225538,0.5528776104905294,0.2937125083314819,3089.7696682343244,70.2442386163402,4.821324270315252,0.036870909492358855,0.0076474651828278666,0.433681404132415,3.425,15.719663359057124,1.0,1.0,40.0,135.06064926831436,0.0076474651828278666,0.433681404132415
AB,K_copies,36,0.6761306877039921,0.2869589109337868,0.12327418220657027,0.9714779234866264,0.28757541677892484,0.6833932859140744,0.1868916785923901,0.42248977462753035,53.52261375407984,10.0,10.869589109337868,2.2465483644131403,0.018362081834339,0.7875754167789248,1.1833932859140743,1.3509263644912934,33.799181970202426,1.0,0.018362081834339,0.7875754167789248,1.0,2.0,0.0,67.59836394040485,228,53.52261375407984,10.0,10.869589109337868,2.2465483644131403,0.018362081834339,0.7875754167789248,1.1833932859140743,1.3509263644912934,33.799181970202426,1.0,0.018362081834339006,0.7875754167789248,1.0,2.0,0.0,True,,resolved_oscillation,1.0,316.0,5.904046492421391,0.0130772892098961,0.6079101025845858,51.25880824005715,20.0980608644804,113.18722689306144,27.496941156108935,0.6368670886075949,0.0,736.5908738920298,325.4151750498861,1.2188822500168979,0.26957692028610525,0.22116731971637785,0.5872028438124861,2.475,3.3010532992319885,1.0,1.0,40.0,67.59836394040485,0.22116731971637785,0.5872028438124861
AB,K_copies,37,0.9942080218192769,0.11948244979919653,0.2048195830433457,0.11408570344483138,0.7692102833324719,0.24995871660714786,0.24812270663075364,0.5441891502418968,59.88416043638554,10.0,9.194824497991965,2.4096391660866914,0.0014074368648072306,1.2692102833324719,0.7499587166071479,1.4908375721581986,43.53513201935175,1.0,0.0014074368648072306,1.2692102833324719,1.0,2.0,0.0,87.0702640387035,229,59.88416043638554,10.0,9.194824497991965,2.4096391660866914,0.0014074368648072306,1.2692102833324719,0.7499587166071479,1.4908375721581986,43.53513201935175,1.0,0.0014074368648072306,1.2692102833324719,1.0,2.0,0.0,True,,resolved_oscillation,1.0,633.5,10.578757310507207,0.0008645975651225984,0.9892033022897676,500.76845275507304,5.406645607217366,537.7805147751797,177.53060413948523,0.6162588792423047,0.28371473005998665,5004.647124660742,104.07151529123574,7.136873007290239,0.013436238754770043,0.0018826506708253137,0.45078871361919576,3.4,23.08985043812944,1.0,1.0,40.0,87.0702640387035,0.0018826506708253137,0.45078871361919576
AB,K_copies,38,0.4452386990402637,0.6673449773465154,0.3778401004807026,0.5335265915484285,0.7580538097473309,0.7955874573466426,0.7447623325657388,0.4984037620752796,48.904773980805274,10.0,14.673449773465155,2.755680200961405,0.004944633411198485,1.2580538097473308,1.2955874573466426,3.315633590675952,39.872300966022365,1.0,0.004944633411198485,1.2580538097473308,1.0,2.0,0.0,79.74460193204473,230,48.904773980805274,10.0,14.673449773465155,2.755680200961405,0.004944633411198485,1.2580538097473308,1.2955874573466426,3.315633590675952,39.872300966022365,1.0,0.00494463341119849,1.2580538097473308,1.0,2.0,0.0,True,,resolved_oscillation,1.0,610.4285714285714,12.481983285888607,0.0008756511553414326,0.9887467350254903,905.2434053191064,10.186943906483384,1568.0411724456965,351.24065811723875,0.6069506201731805,0.2115085536547434,3803.0138144382463,57.15936529756993,6.628456773968531,0.04481235950771474,0.00676060220890376,0.3650299933348145,2.8,18.016630260514713,1.0,1.0,40.0,79.74460193204473,0.00676060220890376,0.3650299933348145
AB,K_copies,39,0.6660332596561213,0.41096419565086695,0.6069990404660162,0.752066943141399,0.9605213971708908,0.4830470007968839,0.4840801167323766,0.5658874191471764,53.32066519312242,10.0,12.10964195650867,3.2139980809320323,0.009516158166760644,1.4605213971708908,0.9830470007968839,2.1795030509279187,45.27099353177412,1.0,0.009516158166760644,1.4605213971708908,1.0,2.0,0.0,90.54198706354823,231,53.32066519312242,10.0,12.10964195650867,3.2139980809320323,0.009516158166760644,1.4605213971708908,0.9830470007968839,2.1795030509279187,45.27099353177412,1.0,0.009516158166760644,1.4605213971708908,1.0,2.0,0.0,True,,resolved_oscillation,1.0,515.5,9.667921398446692,0.0010369010355477184,0.9532446641253915,248.117027783433,11.60079497022397,657.4792994539483,68.71238476656931,0.5548011639185257,0.10686514107976006,3193.976293412257,137.82204776659628,5.651620149339464,0.10052267119534744,0.01778652289770325,0.40968673628082647,2.3833333333333333,13.604915388267708,1.0,1.0,40.0,90.54198706354823,0.01778652289770325,0.40968673628082647
AB,K_copies,40,0.07938517308078696,0.021556177997846704,0.46089644750850756,0.321935567576238,0.7521861907367888,0.6828149072520601,0.16781697286928776,0.6518343044389883,41.58770346161574,10.0,8.215561779978467,2.921792895017015,0.002623299219812042,1.2521861907367888,1.1828149072520602,1.3100836609385509,52.14674435511906,1.0,0.002623299219812042,1.2521861907367888,1.0,2.0,0.0,104.29348871023812,232,41.58770346161574,10.0,8.215561779978467,2.921792895017015,0.002623299219812042,1.2521861907367888,1.1828149072520602,1.3100836609385509,52.14674435511906,1.0,0.002623299219812042,1.2521861907367888,1.0,2.0,0.0,True,,resolved_oscillation,1.0,488.25,11.740249144813701,0.0009481004605965709,0.9915159584758186,525.260358176794,4.456330689778279,586.8801089056682,191.0308903279032,0.5960061443932412,0.3217062874916685,3939.8165448817062,57.936727080813164,7.708380612562888,0.023655785479827822,0.0030688398340468982,0.46211952899355696,2.7583333333333333,20.03757580633942,1.0,1.0,40.0,104.29348871023812,0.0030688398340468982,0.46211952899355696
AB,K_copies,41,0.9815064036168787,0.4680935386909004,0.8948493318150219,0.4999552130251841,0.7789299613558915,0.5872141849970318,0.30968064225549496,0.899810359527491,59.63012807233757,10.0,12.680935386909004,3.789698663630044,0.004471535969726869,1.2789299613558915,1.0872141849970318,1.6461047945070326,71.98482876219929,1.0,0.004471535969726869,1.2789299613558915,1.0,2.0,0.0,143.96965752439857,233,59.63012807233757,10.0,12.680935386909004,3.789698663630044,0.004471535969726869,1.2789299613558915,1.0872141849970318,1.6461047945070326,71.98482876219929,1.0,0.004471535969726869,1.2789299613558915,1.0,2.0,0.0,True,,resolved_oscillation,1.0,806.0,13.516657200907533,0.0,0.9926841768422309,945.1893521312277,6.914838150798435,1101.633985048097,424.5476934376435,0.5930521091811415,0.3532548322594979,6405.362130367398,67.87622719424535,8.355073556131895,0.04110135569115783,0.004919329005906001,0.47189513441457454,4.6,36.26216237598725,1.0,1.0,40.0,143.96965752439857,0.004919329005906001,0.47189513441457454
AB,K_copies,42,0.2634626562834709,0.5620296082702935,0.7824072395318442,0.7109816588766164,0.952904028663561,0.31261461683648606,0.3711782882929373,0.5177094697691266,45.269253125669415,10.0,13.620296082702936,3.5648144790636884,0.008414115409178519,1.452904028663561,0.8126146168364861,1.8173663805408415,41.41675758153013,1.0,0.008414115409178519,1.452904028663561,1.0,2.0,0.0,82.83351516306026,234,45.269253125669415,10.0,13.620296082702936,3.5648144790636884,0.008414115409178519,1.452904028663561,0.8126146168364861,1.8173663805408415,41.41675758153013,1.0,0.008414115409178519,1.452904028663561,1.0,2.0,0.0,True,,resolved_oscillation,1.0,538.8571428571429,11.903380454748216,0.0007014186932832953,0.9840995078733568,543.0756538711291,8.635170158549451,685.1537114780363,231.44673248133557,0.5975609756097561,0.28615863141524106,4827.612313846143,104.55015375384023,8.733937986426799,0.08788023763522343,0.010061925991665612,0.43812486114196847,2.933333333333333,24.54691861201292,1.0,1.0,40.0,82.83351516306026,0.010061925991665612,0.43812486114196847
AB,K_copies,43,0.11902604624430946,0.5547703278895101,0.5130660887379298,0.037791826390061733,0.20526307490198326,0.9864411902014837,0.42542350137029605,0.8698764918089886,42.38052092488619,10.0,13.547703278895101,3.0261321774758594,0.0011198717770689508,0.7052630749019833,1.4864411902014836,1.9831623398000462,69.59011934471908,1.0,0.0011198717770689508,0.7052630749019833,1.0,2.0,0.0,139.18023868943817,235,42.38052092488619,10.0,13.547703278895101,3.0261321774758594,0.0011198717770689508,0.7052630749019833,1.4864411902014836,1.9831623398000462,69.59011934471908,1.0,0.0011198717770689508,0.7052630749019833,1.0,2.0,0.0,True,,resolved_oscillation,1.0,488.375,11.523572371032895,0.0010597372296017725,0.988762761667774,608.82263796389,6.841485084854753,670.3777156663871,325.1249121173207,0.5994369081136423,0.3483670295489891,2366.616139301233,36.657066405700355,4.498149498660532,0.005726917223001659,0.0012731718287057891,0.464119084647856,2.8833333333333333,12.153261292770873,1.0,1.0,40.0,139.18023868943817,0.0012731718287057891,0.464119084647856
AB,K_copies,44,0.5856463892471487,0.6770339215816964,0.05540641720968964,0.35037645481237045,0.920254666357244,0.26509542561439037,0.43310533966908604,0.5024287034658289,51.71292778494298,10.0,14.770339215816964,2.110812834419379,0.0028566055621725706,1.420254666357244,0.7650954256143904,2.00783324636286,40.19429627726631,1.0,0.0028566055621725706,1.420254666357244,1.0,2.0,0.0,80.38859255453262,236,51.71292778494298,10.0,14.770339215816964,2.110812834419379,0.0028566055621725706,1.420254666357244,0.7650954256143904,2.00783324636286,40.19429627726631,1.0,0.0028566055621725706,1.420254666357244,1.0,2.0,0.0,True,,resolved_oscillation,1.0,469.375,9.076550489501889,0.0011026347153273303,0.9734886198546913,438.8711524184846,11.635079956576218,525.6148802153282,178.10372290475541,0.6340346205059919,0.1966229726727394,3560.7929398690267,164.59387035000336,6.368137903485743,0.03708516763426291,0.005823549708928808,0.46856254165740946,2.35,14.85625969893989,1.0,1.0,40.0,80.38859255453262,0.005823549708928808,0.46856254165740946
AB,K_copies,45,0.5735089914149888,0.5150487007124877,0.05175284264692048,0.5805394677833117,0.9703789917660842,0.9217209976436966,0.7921983999214777,0.4085949628878395,51.47017982829978,10.0,13.150487007124877,2.103505685293841,0.0056924504797607675,1.470378991766084,1.4217209976436966,3.578680435405739,32.68759703102716,1.0,0.0056924504797607675,1.470378991766084,1.0,2.0,0.0,65.37519406205432,237,51.47017982829978,10.0,13.150487007124877,2.103505685293841,0.0056924504797607675,1.470378991766084,1.4217209976436966,3.578680435405739,32.68759703102716,1.0,0.005692450479760773,1.470378991766084,1.0,2.0,0.0,True,,resolved_oscillation,1.0,451.8888888888889,8.779625219813735,0.0007376444553725104,0.9412632741555699,345.6012850405355,20.299487930908683,731.4983045347074,150.36833420925262,0.6091099090238504,0.0,1500.5172838632595,108.98992720782317,3.063256988124562,0.07100675595797622,0.02318014983178057,0.3539213508109309,1.7,5.801652133031097,1.0,1.0,40.0,65.37519406205432,0.02318014983178057,0.3539213508109309
AB,K_copies,46,0.9964774922142574,0.049192464843080264,0.375212687785102,0.3997873384363825,0.13524852246151498,0.06723370737678591,0.5138327539551703,0.3768147788965731,59.92954984428515,10.0,8.491924648430803,2.750425375570204,0.003312343127026481,0.635248522461515,0.5672337073767859,2.286407743300906,30.145182311725847,1.0,0.003312343127026481,0.635248522461515,1.0,2.0,0.0,60.290364623451694,238,59.92954984428515,10.0,8.491924648430803,2.750425375570204,0.003312343127026481,0.635248522461515,0.5672337073767859,2.286407743300906,30.145182311725847,1.0,0.003312343127026481,0.635248522461515,1.0,2.0,0.0,True,,resolved_oscillation,1.0,612.3333333333334,10.217552691858325,0.0008433278924784793,0.9823356540594093,289.216180240774,5.10881465938926,322.1336343100672,119.27627687898391,0.604899292324442,0.2921572983781382,2585.233140197729,72.61636860859048,3.662381260407274,0.015400750040707884,0.004205119277777008,0.43901355254387914,3.466666666666667,12.11327177478387,1.0,1.0,40.0,60.290364623451694,0.004205119277777008,0.43901355254387914
AB,K_copies,47,0.36135447392295206,0.8939783531468125,0.4760701006722087,0.3537843335240982,0.035015686851467165,0.6317049050261032,0.22250865784072882,0.07781224274133436,47.22708947845904,10.0,16.939783531468123,2.9521402013444176,0.002885918285406689,0.5350156868514672,1.1317049050261032,1.4306285165506754,6.224979419306749,1.0,0.002885918285406689,0.5350156868514672,1.0,2.0,0.0,12.449958838613497,239,47.22708947845904,10.0,16.939783531468123,2.9521402013444176,0.002885918285406689,0.5350156868514672,1.1317049050261032,1.4306285165506754,6.224979419306749,1.0,0.002885918285406689,0.5350156868514672,1.0,2.0,0.0,True,,resolved_oscillation,1.0,437.6666666666667,9.267280103430739,0.0011424219345011423,0.9603152166433654,256.6192428747659,10.183879058628685,263.65216167076665,191.45899837138253,0.6356435643564355,0.2892690513219285,1693.9382728487922,76.44203381664613,3.14476152789418,0.012356929029874588,0.003929369181182121,0.4387913796934015,2.4166666666666665,7.4161116388937325,1.0,1.0,40.0,12.449958838613497,0.003929369181182121,0.4387913796934015
AB,K_copies,48,0.14462614962212772,0.6702017847095065,0.5951396450376651,0.09776566282190036,0.303708843795952,0.5655754693836429,0.46791123586759553,0.8616507708534276,42.89252299244255,10.0,14.702017847095066,3.1902792900753303,0.0013402816137012632,0.803708843795952,1.065575469383643,2.123517862719327,68.9320616682742,1.0,0.0013402816137012632,0.803708843795952,1.0,2.0,0.0,137.8641233365484,240,42.89252299244255,10.0,14.702017847095066,3.1902792900753303,0.0013402816137012632,0.803708843795952,1.065575469383643,2.123517862719327,68.9320616682742,1.0,0.0013402816137012632,0.803708843795952,1.0,2.0,0.0,True,,resolved_oscillation,1.0,480.0,11.190761617929857,0.0,0.9854896548696425,526.408709285763,7.63837205136241,592.5064413408272,302.3290474217454,0.5954166666666667,0.35369917796045325,2725.273443075753,49.721237617388894,5.138394674015179,0.007805541336111497,0.0015190622424517248,0.4803377027327261,2.8666666666666667,13.843724111515456,1.0,1.0,40.0,137.8641233365484,0.0015190622424517248,0.4803377027327261
AB,K_copies,49,0.40497024324456166,0.2301265554468096,0.29672674234775864,0.5899843875985493,0.0475287430060467,0.30095928254761795,0.4587922640517281,0.5060696597871368,48.099404864891234,10.0,10.301265554468095,2.5934534846955173,0.005855815504724595,0.5475287430060467,0.800959282547618,2.0925798101307733,40.48557278297095,1.0,0.005855815504724595,0.5475287430060467,1.0,2.0,0.0,80.9711455659419,241,48.099404864891234,10.0,10.301265554468095,2.5934534846955173,0.005855815504724596,0.5475287430060467,0.800959282547618,2.0925798101307733,40.48557278297095,1.0,0.005855815504724595,0.5475287430060467,1.0,2.0,0.0,True,,resolved_oscillation,1.0,413.9,8.605096074735725,0.0007640197294439187,0.9614403713791562,193.61994173025397,7.465913046707998,237.96002883038037,70.50072997097725,0.6028026093259242,0.2559431237502777,1477.608756286752,89.01601204700358,2.749126763927684,0.02498915122042816,0.009089850474819902,0.4532326149744501,2.4166666666666665,6.502350160367181,1.0,1.0,40.0,80.9711455659419,0.009089850474819902,0.4532326149744501
AB,K_copies,50,0.9975856292646897,0.6199723532772395,0.30706557444850346,0.4275679161838194,0.3166776682977941,0.5557163730357745,0.7210217811166746,0.015263045840949063,59.95171258529379,10.0,14.199723532772396,2.614131148897007,0.003599802582082945,0.8166776682977941,1.0557163730357746,3.1913364861096727,1.221043667275925,1.0,0.003599802582082945,0.8166776682977941,1.0,2.0,0.0,2.44208733455185,242,59.95171258529379,10.0,14.199723532772396,2.614131148897007,0.003599802582082945,0.8166776682977941,1.0557163730357746,3.1913364861096727,1.221043667275925,1.0,0.003599802582082945,0.8166776682977941,1.0,2.0,0.0,True,,resolved_oscillation,1.0,764.4,12.750261285905417,0.0007165391908754137,0.9893810576851767,859.3831593296934,9.125740195252638,1012.4219450338081,569.5254255447031,0.6449502878074307,0.2217285047767163,3129.5657143045946,43.472815424844285,4.467466039292579,0.021257463135715207,0.004758281976572409,0.36991779604532327,3.316666666666667,14.578944527724477,1.0,1.0,40.0,2.44208733455185,0.004758281976572409,0.36991779604532327
AB,K_copies,51,0.9268934724441079,0.04826374467679506,0.8318839924281232,0.564140076180349,0.1552169247113192,0.37544963365442785,0.22895891173032745,0.47424948218286234,58.53786944888216,10.0,8.482637446767951,3.6637679848562463,0.005419549169964642,0.6552169247113192,0.8754496336544279,1.4455576338904512,37.93995857462899,1.0,0.005419549169964642,0.6552169247113192,1.0,2.0,0.0,75.87991714925798,243,58.53786944888216,10.0,8.482637446767951,3.6637679848562463,0.005419549169964642,0.6552169247113192,0.8754496336544279,1.4455576338904512,37.93995857462899,1.0,0.005419549169964642,0.6552169247113192,1.0,2.0,0.0,True,,resolved_oscillation,1.0,652.6666666666666,11.149477642615672,0.0007912121238421688,0.9836089939050173,308.79990110238634,5.061541061099287,356.9988910055303,136.9846337090019,0.5806945863125639,0.31504110197733837,2935.179982164855,64.55421582839685,4.094180047568852,0.02552967863720811,0.00623560232832647,0.44034658964674517,3.8,14.773764261005624,1.0,1.0,40.0,75.87991714925798,0.00623560232832647,0.44034658964674517
AB,K_copies,52,0.14798006523291785,0.20447014629775118,0.974311847035165,0.29119072017962766,0.04515025280363083,0.5388037075942974,0.6223009687936307,0.9397471766847376,42.95960130465836,10.0,10.044701462977512,3.94862369407033,0.0023924774959076765,0.5451502528036308,1.0388037075942975,2.7225114244397233,75.17977413477901,1.0,0.0023924774959076765,0.5451502528036308,1.0,2.0,0.0,150.35954826955802,244,42.95960130465836,10.0,10.044701462977512,3.94862369407033,0.0023924774959076765,0.5451502528036308,1.0388037075942975,2.7225114244397233,75.17977413477901,1.0,0.0023924774959076765,0.5451502528036308,1.0,2.0,0.0,True,,resolved_oscillation,1.0,527.0,12.267339174371116,0.0,0.9880011098798527,437.98040033284616,5.2552786983719715,544.0052097036187,249.89010741171407,0.5692599620493358,0.37391690735392136,2002.7235661103866,26.890211050103296,3.6357951937968758,0.009374970789107144,0.002578520045656594,0.4738946900688736,3.283333333333333,11.130846810541989,1.0,1.0,40.0,150.35954826955802,0.002578520045656594,0.4738946900688736
AB,K_copies,53,0.9465837550526778,0.9232449710378651,0.4516407049781953,0.47750599276686445,0.03580917778042536,0.1308974079005698,0.5193037732229046,0.09603869403120302,58.93167510105356,10.0,17.232449710378653,2.9032814099563904,0.004180705922869558,0.5358091777804254,0.6308974079005698,2.306629067691836,7.683095522496242,1.0,0.004180705922869558,0.5358091777804254,1.0,2.0,0.0,15.366191044992483,245,58.93167510105356,10.0,17.232449710378653,2.9032814099563904,0.004180705922869558,0.5358091777804254,0.6308974079005698,2.306629067691836,7.683095522496242,1.0,0.004180705922869558,0.5358091777804254,1.0,2.0,0.0,True,,resolved_oscillation,1.0,562.1428571428571,9.538891541415007,0.0006723637385170496,0.9634939634327011,285.3368081807608,10.41651595344319,295.65314963222403,207.58230246591302,0.6361372299872936,0.28793601421906245,2114.6722172817367,90.26530485689874,3.12763003362796,0.017209478128963254,0.0055024021204326265,0.4354587869362364,3.0833333333333335,9.401755820451301,1.0,1.0,40.0,15.366191044992483,0.0055024021204326265,0.4354587869362364
AB,K_copies,54,0.26707177914853697,0.7942726670254013,0.17817196494572562,0.8842841371519518,0.8781615463568023,0.5249468382666946,0.10848811210481324,0.5642563382340674,45.34143558297074,10.0,15.942726670254014,2.3563439298914512,0.014141002111708297,1.3781615463568024,1.0249468382666946,1.190775625181259,45.14050705872539,1.0,0.014141002111708297,1.3781615463568024,1.0,2.0,0.0,90.28101411745078,246,45.34143558297074,10.0,15.942726670254014,2.3563439298914512,0.014141002111708297,1.3781615463568024,1.0249468382666946,1.190775625181259,45.14050705872539,1.0,0.014141002111708297,1.3781615463568024,1.0,2.0,0.0,True,,resolved_oscillation,1.0,313.84615384615387,6.921839809677921,0.0011965538003167325,0.8772966151759538,148.93635488064038,18.274994867209937,233.34256412677863,61.457503514150766,0.6181372549019607,0.0,1988.1326716982935,328.15751070916923,4.242219451292195,0.19043587498749048,0.04489062321598734,0.5714285714285714,1.7833333333333334,8.234439245450826,1.0,1.0,40.0,90.28101411745078,0.04489062321598734,0.5714285714285714
AB,K_copies,55,0.03934806720952966,0.31048865029933304,0.9613679503326873,0.09528084265622816,0.8506665333513728,0.9500335252854892,0.896934550896485,0.9868204735962427,40.786961344190594,10.0,11.104886502993331,3.9227359006653746,0.0013303417916171554,1.3506665333513728,1.4500335252854892,4.235750267397727,78.94563788769942,1.0,0.0013303417916171554,1.3506665333513728,1.0,2.0,0.0,157.89127577539884,247,40.786961344190594,10.0,11.104886502993331,3.9227359006653746,0.0013303417916171554,1.3506665333513728,1.4500335252854892,4.235750267397727,78.94563788769942,1.0,0.0013303417916171554,1.3506665333513728,1.0,2.0,0.0,True,,resolved_oscillation,1.0,758.8,18.603984582148286,0.0005893695249076938,0.9984766727710584,2907.7253968394484,4.429417271290071,3150.25279939626,2079.2839631465336,0.6141275698471271,0.35014441235281046,5341.482912380271,11.316231857003721,9.449869696511742,0.01291386882376361,0.0013665658086831128,0.42390579871139744,4.566666666666666,40.391296768884146,1.0,1.0,40.0,157.89127577539884,0.0013665658086831128,0.42390579871139744
AB,K_copies,56,0.8516256211406352,0.6544331922337097,0.37451105081748515,0.9271816890983423,0.27187136671284284,0.5778246572201604,0.8284226050920022,0.9634675135066714,57.0325124228127,10.0,14.544331922337097,2.7490221016349703,0.016080190480456714,0.7718713667128428,1.0778246572201604,3.7935215181454067,77.0774010805337,1.0,0.016080190480456714,0.7718713667128428,1.0,2.0,0.0,154.1548021610674,248,57.0325124228127,10.0,14.544331922337097,2.7490221016349703,0.016080190480456714,0.7718713667128428,1.0778246572201604,3.7935215181454067,77.0774010805337,1.0,0.016080190480456714,0.7718713667128428,1.0,2.0,0.0,True,,resolved_oscillation,1.0,430.6666666666667,7.551248373452373,0.001340596600285509,0.08277367088590688,38.94289892523757,35.71945222625682,162.51219703249612,31.843755167159184,0.663312693498452,0.0,413.67276677622544,372.1548273571703,0.5148538552774762,0.430559302759566,0.8362747959370328,0.02866029771161964,4.15,3.4464337645756786,1.0,1.0,40.0,154.1548021610674,0.8362747959370328,0.02866029771161964
AB,K_copies,57,0.8296311980119584,0.20332183146745508,0.1063301011098382,0.7176518981589709,0.6864182526670649,0.11947963965489417,0.2941963935788431,0.10802242958869912,56.592623960239166,10.0,10.033218314674551,2.212660202219676,0.008583939458666817,1.1864182526670648,0.6194796396548942,1.6055892602211639,8.64179436709593,1.0,0.008583939458666817,1.1864182526670648,1.0,2.0,0.0,17.28358873419186,249,56.592623960239166,10.0,10.033218314674551,2.212660202219676,0.008583939458666817,1.1864182526670648,0.6194796396548942,1.6055892602211639,8.64179436709593,1.0,0.008583939458666817,1.1864182526670648,1.0,2.0,0.0,True,,resolved_oscillation,1.0,441.6666666666667,7.804315046020357,0.0011320754716981133,0.9299073505071624,156.41656466627038,10.963651442026636,213.15205466502348,72.56169762911458,0.6294339622641509,0.0,2229.471859277363,222.38292847889855,3.8824037781544476,0.09257954815276877,0.023845935003900517,0.4674516774050211,2.1416666666666666,8.858829361872637,1.0,1.0,40.0,17.28358873419186,0.023845935003900517,0.4674516774050211
AB,K_copies,58,0.8175887117605869,0.605413984732837,0.2545619395517319,0.5238700721010965,0.44611669420234423,0.8290791619985357,0.35620338254456996,0.08649524189862356,56.351774235211735,10.0,14.05413984732837,2.5091238791034636,0.004803642489653149,0.9461166942023442,1.3290791619985356,1.774089313421555,6.919619351889885,1.0,0.004803642489653149,0.9461166942023442,1.0,2.0,0.0,13.83923870377977,250,56.351774235211735,10.0,14.05413984732837,2.5091238791034636,0.004803642489653149,0.9461166942023442,1.3290791619985356,1.774089313421555,6.919619351889885,1.0,0.004803642489653149,0.9461166942023442,1.0,2.0,0.0,True,,resolved_oscillation,1.0,615.8571428571429,10.928797739119293,0.0006137210185721619,0.981383854791029,554.2210770998023,10.317460049162257,663.4227986792184,310.24729705372545,0.6373231268847135,0.18818040435458788,2927.657643210393,75.48188144946693,4.663411462685727,0.03333459773888159,0.0071481142090094926,0.3696956231948456,2.7333333333333334,12.72836856420227,1.0,1.0,40.0,13.83923870377977,0.0071481142090094926,0.3696956231948456
AB,K_copies,59,0.7632201581925808,0.18158072947161719,0.9080229332326699,0.6981208695971955,0.883495417972424,0.0023260163113936194,0.593721283602114,0.15498968034379434,55.26440316385162,10.0,9.815807294716173,3.81604586646534,0.008096106117791232,1.3834954179724241,0.5023260163113936,2.6001198581367975,12.399174427503548,1.0,0.008096106117791232,1.3834954179724241,1.0,2.0,0.0,24.798348855007095,251,55.26440316385162,10.0,9.815807294716173,3.81604586646534,0.008096106117791232,1.3834954179724241,0.5023260163113936,2.6001198581367975,12.399174427503548,1.0,0.008096106117791232,1.3834954179724241,1.0,2.0,0.0,True,,resolved_oscillation,1.0,726.2,13.140465804849343,0.0006158270386945166,0.9857936194879503,462.57739635952015,6.571550508956606,699.7723655116373,208.38081312088065,0.5993527953731754,0.2874916685181071,5577.237235318843,92.71231673459609,8.187024328987563,0.08050461190901112,0.00983319563665772,0.42946011997333927,3.6666666666666665,28.96657637402575,1.0,1.0,40.0,24.798348855007095,0.00983319563665772,0.42946011997333927
AB,K_copies,60,0.8280144790383384,0.1805564538747726,0.27037002179377156,0.05826084057960823,0.6204055522340386,0.6363897540415864,0.7583621634069664,0.7263645287172044,56.560289580766764,10.0,9.805564538747726,2.540740043587543,0.0011906910828021757,1.1204055522340386,1.1363897540415864,3.389006522197106,58.10916229737635,1.0,0.0011906910828021757,1.1204055522340386,1.0,2.0,0.0,116.2183245947527,252,56.560289580766764,10.0,9.805564538747726,2.540740043587543,0.0011906910828021757,1.1204055522340386,1.1363897540415864,3.389006522197106,58.10916229737635,1.0,0.0011906910828021757,1.1204055522340386,1.0,2.0,0.0,True,,resolved_oscillation,1.0,824.75,14.581785314629204,0.0006062443164595332,0.9974821536423345,1683.3254459333245,4.2383548428087545,1934.0595985342725,746.0874667813499,0.6234616550469838,0.3350366585203288,5228.82390882388,25.901061753327077,7.197678855904086,0.009604712826082917,0.001334418083713807,0.4450122195067763,4.416666666666667,29.78699517891498,1.0,1.0,40.0,116.2183245947527,0.001334418083713807,0.4450122195067763
AB,K_copies,61,0.9131071740257232,0.05226072020310857,0.6967110274247541,0.42067994138386644,0.8075253340418616,0.5978871921920309,0.8383470861435001,0.23413978590216944,58.26214348051447,10.0,8.522607202031086,3.393422054849508,0.003526283478046295,1.3075253340418616,1.0978871921920308,3.854601325732817,18.731182872173555,1.0,0.003526283478046295,1.3075253340418616,1.0,2.0,0.0,37.46236574434711,253,58.26214348051447,10.0,8.522607202031086,3.393422054849508,0.003526283478046295,1.3075253340418616,1.0978871921920308,3.854601325732817,18.731182872173555,1.0,0.003526283478046295,1.3075253340418616,1.0,2.0,0.0,True,,resolved_oscillation,1.0,825.5,14.168720041618192,0.000699394632573744,0.990161774911861,632.7840204528314,6.225471625392514,1982.3910368188342,214.62845933173392,0.5726832222895215,0.2223950233281493,4880.320658590407,39.16734699096674,6.995819046913395,0.03314113271637879,0.004737277007043356,0.3643634747833815,3.5833333333333335,23.924628237609895,1.0,1.0,40.0,37.46236574434711,0.004737277007043356,0.3643634747833815
AB,K_copies,62,0.6035793947217766,0.12173572714394054,0.719759264994655,0.17571134764486795,0.9266508551756341,0.7688117586288268,0.1640253001230495,0.2529447290764799,52.07158789443553,10.0,9.217357271439406,3.43951852998931,0.0016928003255044007,1.426650855175634,1.2688117586288268,1.302113269591462,20.235578326118393,1.0,0.0016928003255044007,1.426650855175634,1.0,2.0,0.0,40.471156652236786,254,52.07158789443553,10.0,9.217357271439406,3.43951852998931,0.0016928003255044007,1.426650855175634,1.2688117586288268,1.302113269591462,20.235578326118393,1.0,0.0016928003255044007,1.426650855175634,1.0,2.0,0.0,True,,resolved_oscillation,1.0,787.25,15.118609434303943,0.0006351222610352493,0.9961253977604465,1021.989752074047,3.959803782186816,1061.0393776613562,755.6875948190412,0.6231819625277866,0.34436791824039104,6682.39547928576,32.122416574839306,9.721112077360306,0.017357696090619518,0.0017855669137941744,0.4432348367029549,4.4,40.121133526503534,1.0,1.0,40.0,40.471156652236786,0.0017855669137941744,0.4432348367029549
AB,K_copies,63,0.23882183258880485,0.6999533468420251,0.45777040814547443,0.27872231544097936,0.37067281232794935,0.47539633003037374,0.4496059197472574,0.48745477977191454,44.776436651776095,10.0,14.999533468420251,2.9155408162909486,0.0023047620424185957,0.8706728123279494,0.9753963300303737,2.0618689172619074,38.996382381753165,1.0,0.0023047620424185957,0.8706728123279494,1.0,2.0,0.0,77.99276476350633,255,44.776436651776095,10.0,14.999533468420251,2.9155408162909486,0.0023047620424185957,0.8706728123279494,0.9753963300303737,2.0618689172619074,38.996382381753165,1.0,0.0023047620424185957,0.8706728123279494,1.0,2.0,0.0,True,,resolved_oscillation,1.0,499.25,11.149837667580384,0.0009272109161467715,0.9851617000203629,535.1230995644636,7.940317077370722,569.3882125574434,319.1523113799878,0.6179268903355033,0.3134858920239947,2946.484572938509,58.669377954092205,5.409950416521779,0.014608438133425923,0.0027002905773059064,0.45056654076871805,2.825,14.504083333950454,1.0,1.0,40.0,77.99276476350633,0.0027002905773059064,0.45056654076871805
AB,hill_n,0,0.6523163084985453,0.36929077709565117,0.47786896203179285,0.7731966058510996,0.7192846536989712,0.7991515494535374,0.6932516039832075,0.976099650949025,53.046326169970904,10.0,11.692907770956513,2.9557379240635857,0.010137992760460698,1.2192846536989712,1.2991515494535375,3.0518422183769376,78.087972075922,1.0,0.010137992760460698,1.2192846536989712,1.0,2.0,0.0,156.175944151844,256,53.046326169970904,10.0,11.692907770956513,2.9557379240635857,0.010137992760460696,1.2192846536989712,1.2991515494535375,3.0518422183769376,78.087972075922,1.0,0.010137992760460698,1.2192846536989712,1.0,2.0,0.0,True,,unresolved_oscillation,0.0,,,,0.049714397308699275,32.69890849417696,31.073301965736647,156.97198427871342,27.370596047767744,,0.0,412.0356020165243,384.33999391991875,0.5460084230691636,0.4850244372044939,0.8883094412319261,0.9853365918684737,4.133333333333334,3.522970426649027,1.0,1.0,40.0,156.175944151844,,
AB,hill_n,1,0.551410633705412,0.5182907415863287,0.15468014876605174,0.8524225710498768,0.26499487736458205,0.7192355361076039,0.13139037206848947,0.4556181454269522,51.02821267410824,10.0,13.182907415863287,2.3093602975321037,0.012853675567217745,0.764994877364582,1.219235536107604,1.235486285642274,36.449451634156176,1.0,0.012853675567217745,0.764994877364582,1.0,2.0,0.0,72.89890326831235,257,51.02821267410824,10.0,13.182907415863287,2.3093602975321037,0.012853675567217743,0.764994877364582,1.219235536107604,1.235486285642274,36.449451634156176,1.0,0.012853675567217745,0.764994877364582,1.0,2.0,0.0,True,,resolved_oscillation,1.0,348.0,6.819756792629649,0.0,0.8787927414495721,122.30838781406176,14.824664384664977,185.27747540642855,49.73752775517167,0.6206896551724138,0.0,1279.275132651836,215.29137625565156,2.4159164352995393,0.1022228774384795,0.04231225713972401,0.49700066651855146,2.033333333333333,5.282611262627079,1.0,1.0,40.0,72.89890326831235,0.04231225713972401,0.49700066651855146
AB,hill_n,2,0.527858875741076,0.7885110022666142,0.9324933130897892,0.8936092939302647,0.41701061288961905,0.10285973940458293,0.16799844493272076,0.8898534260437165,50.55717751482152,10.0,15.885110022666142,3.8649866261795784,0.014541610098533038,0.917010612889619,0.6028597394045829,1.3104663503609928,71.18827408349732,1.0,0.014541610098533038,0.917010612889619,1.0,2.0,0.0,142.37654816699464,258,50.55717751482152,10.0,15.885110022666142,3.8649866261795784,0.014541610098533038,0.917010612889619,0.6028597394045829,1.3104663503609928,71.18827408349732,1.0,0.01454161009853305,0.917010612889619,1.0,2.0,0.0,True,,resolved_oscillation,1.0,390.09090909090907,7.715836371137385,0.0007729258425437893,0.9017114209196323,130.61232607928844,12.837699940714915,193.44924619340952,57.303951255485124,0.5479491959916104,0.26416351921795156,2547.171469072755,252.46316471323857,4.605210359813508,0.09773280707340862,0.021222224271502416,0.5281048655854255,2.433333333333333,11.211896339497537,1.0,1.0,40.0,142.37654816699464,0.021222224271502416,0.5281048655854255
AB,hill_n,3,0.13384197899943828,0.2102493009055516,0.9623145717884646,0.4342247396574749,0.8048933820835706,0.012133239297335785,0.6383509037943887,0.39924093577650477,42.676839579988766,10.0,10.102493009055516,3.9246291435769294,0.003672310641606497,1.3048933820835706,0.5121332392973358,2.793753818007069,31.93927486212038,1.0,0.003672310641606497,1.3048933820835706,1.0,2.0,0.0,63.87854972424076,259,42.676839579988766,10.0,10.102493009055516,3.9246291435769294,0.0036723106416064965,1.3048933820835706,0.5121332392973358,2.793753818007069,31.93927486212038,1.0,0.003672310641606497,1.3048933820835706,1.0,2.0,0.0,True,,resolved_oscillation,1.0,595.1428571428571,13.945335760568375,0.0006350819277639439,0.9921474243522383,624.708710629032,4.9055724080301815,682.0984879704614,433.96480317503267,0.6048967834853577,0.3319262386136414,4963.395927294736,45.90526876101549,8.85802333016413,0.03444057156724858,0.0038880651228325935,0.43568095978671406,3.533333333333333,29.393786834946827,1.0,1.0,40.0,63.87854972424076,0.0038880651228325935,0.43568095978671406
AB,hill_n,4,0.29839124245100024,0.4014372245417077,0.04245012290957495,0.973170057651865,0.9917832957867231,0.8395727965599573,0.6163105529447619,0.23802648392585535,45.967824849020005,10.0,12.014372245417077,2.08490024581915,0.01845539887005003,1.491783295786723,1.3395727965599573,2.696389267662793,19.04211871406843,1.0,0.01845539887005003,1.491783295786723,1.0,2.0,0.0,38.08423742813686,260,45.967824849020005,10.0,12.014372245417077,2.08490024581915,0.01845539887005003,1.491783295786723,1.3395727965599573,2.696389267662793,19.04211871406843,1.0,0.01845539887005003,1.491783295786723,1.0,2.0,0.0,True,,steady_state,0.0,,,,,54.905826516316296,54.77758578983152,144.3990656581299,59.33675434775712,,0.0,416.03935801022965,414.82503911934305,0.6249348519345087,0.6228744357122843,0.9967029903743625,1.0,,,1.0,1.0,40.0,38.08423742813686,,
AB,hill_n,5,0.43609826489132697,0.9283144976343863,0.7769191629275235,0.6793096803954553,0.4457193604870616,0.8902233596814232,0.30683681880373526,0.2464707225199041,48.72196529782654,10.0,17.283144976343863,3.5538383258550468,0.007652481186052526,0.9457193604870616,1.390223359681423,1.6385878586544742,19.717657801592328,1.0,0.007652481186052526,0.9457193604870616,1.0,2.0,0.0,39.435315603184655,261,48.72196529782654,10.0,17.283144976343863,3.5538383258550468,0.007652481186052526,0.9457193604870616,1.390223359681423,1.6385878586544742,19.717657801592328,1.0,0.007652481186052533,0.9457193604870616,1.0,2.0,0.0,True,,resolved_oscillation,1.0,610.8571428571429,12.537612945682897,0.0006187444600244598,0.9852787769830902,696.4576452306702,10.252708317272594,776.1116303642964,450.58774534436355,0.624532273152479,0.2788269273494779,3544.950499531233,65.51760999737147,5.882919754286359,0.052026045455641476,0.008843575576181322,0.3979115752055099,3.216666666666667,18.180907901318964,1.0,1.0,40.0,39.435315603184655,0.008843575576181322,0.3979115752055099
AB,hill_n,6,0.2794490958047151,0.8625034418378221,0.363467990504595,0.4437347746393657,0.4617652819142606,0.17305191977008727,0.3697961343740416,0.12011926120459937,45.588981916094305,10.0,16.62503441837822,2.72693598100919,0.0037784375789652875,0.9617652819142606,0.6730519197700873,1.8133281586919776,9.60954089636795,1.0,0.0037784375789652875,0.9617652819142606,1.0,2.0,0.0,19.2190817927359,262,45.588981916094305,10.0,16.62503441837822,2.72693598100919,0.0037784375789652875,0.9617652819142606,0.6730519197700873,1.8133281586919776,9.60954089636795,1.0,0.0037784375789652875,0.9617652819142606,1.0,2.0,0.0,True,,resolved_oscillation,1.0,440.1111111111111,9.653892072455744,0.0007573844988639234,0.9676904531368637,318.58558928694913,10.293356026986542,332.1151402640873,216.69737107044114,0.6375662711436507,0.2714952232837147,2831.4895364655317,114.30164822677314,5.441787707426114,0.0283155019220796,0.005203345562973536,0.46145301044212395,2.3583333333333334,12.557862714027793,1.0,1.0,40.0,19.2190817927359,0.005203345562973536,0.46145301044212395
AB,hill_n,7,0.9184594597167923,0.49622080261620993,0.5375745800731083,0.7098664043105585,0.9560701223241277,0.3725144238776874,0.9611080662365922,0.35699789581469954,58.369189194335846,10.0,12.962208026162099,3.075149160146217,0.008386050723346496,1.4560701223241277,0.8725144238776874,4.696623093566884,28.559831665175963,1.0,0.008386050723346496,1.4560701223241277,1.0,2.0,0.0,57.119663330351926,263,58.369189194335846,10.0,12.962208026162099,3.075149160146217,0.008386050723346496,1.4560701223241277,0.8725144238776874,4.696623093566884,28.559831665175963,1.0,0.008386050723346496,1.4560701223241277,1.0,2.0,0.0,True,,resolved_oscillation,1.0,508.625,8.713929506654122,0.0010175456761007927,0.8552995889634873,132.47900148335893,19.16976596834881,543.0616489332506,62.04145567465735,0.5534529368395182,0.0,1384.5518831216946,126.82028350036857,2.480332837782077,0.09592192647482367,0.03867300590214232,0.3394801155298823,1.9833333333333334,5.691510840455863,1.0,1.0,40.0,57.119663330351926,0.03867300590214232,0.3394801155298823
AB,hill_n,8,0.30358690650228426,0.5048124943431317,0.384855064065732,0.25378836310641073,0.48115780150084886,0.6166769025777588,0.9266438061402799,0.37517357399106444,46.07173813004569,10.0,13.048124943431317,2.769710128131464,0.002138879278054398,0.9811578015008489,1.1166769025777588,4.443203711646457,30.013885919285155,1.0,0.002138879278054398,0.9811578015008489,1.0,2.0,0.0,60.02777183857031,264,46.07173813004569,10.0,13.048124943431317,2.769710128131464,0.002138879278054398,0.9811578015008489,1.1166769025777588,4.443203711646457,30.013885919285155,1.0,0.002138879278054398,0.9811578015008489,1.0,2.0,0.0,True,,resolved_oscillation,1.0,692.3333333333334,15.027289210993064,0.0007458802785185204,0.9961586067116698,1553.9300076873874,5.969256302065294,1788.2053270985923,970.5013873849502,0.6340876263842079,0.2863808042657187,3756.466737803477,21.89564698260545,6.326312648292772,0.015094930803052473,0.0023860551386321403,0.3892468340368807,3.6,21.52544808231661,1.0,1.0,40.0,60.02777183857031,0.0023860551386321403,0.3892468340368807
AB,hill_n,9,0.932509762265573,0.6848542803973867,0.24797138248978323,0.7217621395502537,0.9406082623381035,0.4715857368406461,0.9437489081058605,0.8804158591471485,58.650195245311465,10.0,14.848542803973867,2.4959427649795662,0.00869028847805224,1.4406082623381034,0.9715857368406461,4.567222593336356,70.43326873177188,1.0,0.00869028847805224,1.4406082623381034,1.0,2.0,0.0,140.86653746354375,265,58.650195245311465,10.0,14.848542803973867,2.4959427649795662,0.00869028847805224,1.4406082623381034,0.9715857368406461,4.567222593336356,70.43326873177188,1.0,0.00869028847805224,1.4406082623381034,1.0,2.0,0.0,True,,resolved_oscillation,1.0,478.1111111111111,8.15190996571033,0.0006971880083662562,0.8740303753516314,180.5203693102935,22.740083163402545,666.1845109425689,75.10744803318522,0.5751801069021613,0.0,1567.4571207318404,170.961974635892,2.7201381338393626,0.11007614603173324,0.04046711623294119,0.38413685847589424,2.1166666666666667,6.5257323974654575,1.0,1.0,40.0,140.86653746354375,0.04046711623294119,0.38413685847589424
AB,hill_n,10,0.5589990905755731,0.4462819689375723,0.7634478664401391,0.9015922436254239,0.8793790695616299,0.4601942566664927,0.11453905085060889,0.29314213139177814,51.17998181151146,10.0,12.462819689375724,3.526895732880278,0.014893561147698462,1.37937906956163,0.9601942566664927,1.2024287755036374,23.45137051134225,1.0,0.014893561147698462,1.37937906956163,1.0,2.0,0.0,46.9027410226845,266,51.17998181151146,10.0,12.462819689375724,3.526895732880278,0.014893561147698462,1.37937906956163,0.9601942566664927,1.2024287755036374,23.45137051134225,1.0,0.014893561147698462,1.37937906956163,1.0,2.0,0.0,True,,resolved_oscillation,1.0,485.375,9.483688403555252,0.0010662872408071403,0.9491520128331276,216.65380605004046,11.01640994968652,374.47284598618916,73.17890492930728,0.5763584857069277,0.17285047767162853,3373.6916392207013,187.13255473652433,6.071458089607426,0.1480617523938574,0.024386523007923936,0.4307931570762053,2.3833333333333333,14.719801143648047,1.0,1.0,40.0,46.9027410226845,0.024386523007923936,0.4307931570762053
AB,hill_n,11,0.8825503300451477,0.7833164928346555,0.13225541791154705,0.6974159517909397,0.3326584954172609,0.6616409964329848,0.40307903288704905,0.6314419665790977,57.65100660090295,10.0,15.833164928346555,2.264510835823094,0.00807902724545485,0.8326584954172609,1.1616409964329848,1.9131109319217572,50.515357326327816,1.0,0.00807902724545485,0.8326584954172609,1.0,2.0,0.0,101.03071465265563,267,57.65100660090295,10.0,15.833164928346555,2.264510835823094,0.00807902724545485,0.8326584954172609,1.1616409964329848,1.9131109319217572,50.515357326327816,1.0,0.00807902724545485,0.8326584954172609,1.0,2.0,0.0,True,,resolved_oscillation,1.0,468.375,8.124316080764913,0.001104988886056612,0.9494217450825916,295.636939288755,14.952800478349044,413.9541408085931,108.94864887327206,0.6191619962636776,0.11486336369695624,1938.3525529557512,153.5765325501445,3.2056907594634096,0.05620044864831892,0.01753146290933132,0.4556765163297045,2.4166666666666665,7.935637520076905,1.0,1.0,40.0,101.03071465265563,0.01753146290933132,0.4556765163297045
AB,hill_n,12,0.4044568990688079,0.024031735423203138,0.7198462530358413,0.5394681067715948,0.3484344915921219,0.41869845356194746,0.0743758010283625,0.5957220289699944,48.089137981376155,10.0,8.240317354232031,3.4396925060716823,0.0050334318006715235,0.8484344915921219,0.9186984535619475,1.1271622984285814,47.65776231759955,1.0,0.0050334318006715235,0.8484344915921219,1.0,2.0,0.0,95.3155246351991,268,48.089137981376155,10.0,8.240317354232031,3.4396925060716823,0.005033431800671524,0.8484344915921219,0.9186984535619475,1.1271622984285814,47.65776231759955,1.0,0.0050334318006715235,0.8484344915921219,1.0,2.0,0.0,True,,resolved_oscillation,1.0,478.75,9.955470613455562,0.0009669139423212025,0.9772017036782557,233.9434836390849,5.333512862545004,280.8890943170991,84.7679944111217,0.5671018276762402,0.3234836702954899,2821.5438521478054,89.31746255175932,4.984875024165211,0.030753195711500248,0.006169301248761059,0.4838924683403688,2.8,13.27857834991762,1.0,1.0,40.0,95.3155246351991,0.006169301248761059,0.4838924683403688
AB,hill_n,13,0.8397119452496339,0.26008903724763854,0.14102031458813258,0.7360853102868091,0.6297901131894204,0.3533399201315356,0.54972461355271,0.24027480692021974,56.79423890499268,10.0,10.600890372476385,2.282040629176265,0.009071290353590626,1.1297901131894204,0.8533399201315356,2.422372990848222,19.22198455361758,1.0,0.009071290353590626,1.1297901131894204,1.0,2.0,0.0,38.44396910723516,269,56.79423890499268,10.0,10.600890372476385,2.282040629176265,0.009071290353590626,1.1297901131894204,0.8533399201315356,2.422372990848222,19.22198455361758,1.0,0.009071290353590626,1.1297901131894204,1.0,2.0,0.0,True,,resolved_oscillation,1.0,467.625,8.233669629454122,0.001106761121639702,0.9331860386120497,195.75738110904337,13.07932610282589,352.16835755717347,80.1473866782613,0.6107457898957497,0.0,1773.7206398199928,153.53076580689248,3.146713183557786,0.08402670727484053,0.0267030079874763,0.4134636747389469,2.066666666666667,7.035919975123614,1.0,1.0,40.0,38.44396910723516,0.0267030079874763,0.4134636747389469
AB,hill_n,14,0.5050919744883469,0.29587452410599624,0.1709903108192089,0.07604663233161935,0.21428753930495725,0.20466249303767636,0.7919028093038489,0.04476630886248789,50.10183948976694,10.0,10.958745241059962,2.3419806216384176,0.0012558534116573618,0.7142875393049573,0.7046624930376764,3.576978337681357,3.5813047089990313,1.0,0.0012558534116573618,0.7142875393049573,1.0,2.0,0.0,7.162609417998063,270,50.10183948976694,10.0,10.958745241059962,2.3419806216384176,0.0012558534116573618,0.7142875393049573,0.7046624930376764,3.576978337681357,3.5813047089990313,1.0,0.0012558534116573618,0.7142875393049573,1.0,2.0,0.0,True,,resolved_oscillation,1.0,592.2857142857143,11.821636097945783,0.0008238423191799002,0.9890390493654122,549.1584248430315,6.019298385272433,588.0513669279358,355.47259888216945,0.6462252773757838,0.24061319706731837,2431.2953292410466,38.01936718464829,4.119954266904819,0.006983365318971648,0.0016950103973406509,0.38258164852255055,2.8583333333333334,11.431996561624784,1.0,1.0,40.0,7.162609417998063,0.0016950103973406509,0.38258164852255055
AB,hill_n,15,0.9354066410283456,0.4956740475582503,0.555785112724198,0.3678801652864846,0.44262136838463495,0.3567890580726589,0.7861953008443282,0.3266761862476052,58.70813282056692,10.0,12.956740475582503,3.111570225448396,0.0030103925452112375,0.942621368384635,0.8567890580726589,3.5442710945200737,26.134094899808417,1.0,0.0030103925452112375,0.942621368384635,1.0,2.0,0.0,52.268189799616835,271,58.70813282056692,10.0,12.956740475582503,3.111570225448396,0.0030103925452112375,0.942621368384635,0.8567890580726589,3.5442710945200737,26.134094899808417,1.0,0.0030103925452112375,0.942621368384635,1.0,2.0,0.0,True,,resolved_oscillation,1.0,854.75,14.559311613817155,0.000584966364434045,0.9947794778189426,1207.02370472048,6.301294023555309,1351.1330828723537,777.1613828150724,0.6288388417665984,0.30037769384581203,4632.967456017649,34.06917455925234,6.125542014568645,0.020399178896400888,0.0033301834919888928,0.41079760053321485,4.533333333333333,26.27649481847548,1.0,1.0,40.0,52.268189799616835,0.0033301834919888928,0.41079760053321485
AB,hill_n,16,0.4165039138534229,0.28577343400915445,0.2582235806854113,0.3853034399427899,0.5293155168028456,0.028087019400847124,0.24521803081693405,0.1709331898065073,48.33007827706846,10.0,10.857734340091545,2.516447161370823,0.0031716943810267094,1.0293155168028456,0.5280870194008471,1.4838843279905287,13.674655184520583,1.0,0.0031716943810267094,1.0293155168028456,1.0,2.0,0.0,27.349310369041167,272,48.33007827706846,10.0,10.857734340091545,2.516447161370823,0.0031716943810267094,1.0293155168028456,0.5280870194008471,1.4838843279905287,13.674655184520583,1.0,0.0031716943810267094,1.0293155168028456,1.0,2.0,0.0,True,,resolved_oscillation,1.0,423.0,8.75231357116804,0.0,0.9621355734693149,197.95232978479027,7.49535144771415,215.11325662421999,101.89334949180514,0.6288416075650118,0.24772272828260386,2855.712933199829,156.20304557390094,5.310974057477207,0.028427879883657123,0.005352667811215179,0.4652299489002444,2.3666666666666667,12.2581694554109,1.0,1.0,40.0,27.349310369041167,0.005352667811215179,0.4652299489002444
AB,hill_n,17,0.5474959190386707,0.32786926200840927,0.9645578474083332,0.8674324012996638,0.7705241825193797,0.8212992686047814,0.49428288340064575,0.17215494341127735,50.94991838077341,10.0,11.278692620084094,3.9291156948166663,0.013444837988443942,1.2705241825193796,1.3212992686047813,2.21558751476456,13.772395472902188,1.0,0.013444837988443942,1.2705241825193796,1.0,2.0,0.0,27.544790945804376,273,50.94991838077341,10.0,11.278692620084094,3.9291156948166663,0.013444837988443942,1.2705241825193796,1.3212992686047813,2.21558751476456,13.772395472902188,1.0,0.013444837988443942,1.2705241825193796,1.0,2.0,0.0,True,,steady_state,0.0,,,,,26.80976410945379,26.730298505575945,86.88498459723053,26.11501491966827,,0.0,308.8619730393259,305.5255003740191,0.416430895013111,0.4131308062058938,0.9920753026570873,0.0,,,1.0,1.0,40.0,27.544790945804376,,
AB,hill_n,18,0.2557492081993019,0.011841787648559254,0.3420358318316574,0.5100265748839851,0.24386234796739392,0.9723548965289336,0.18530812723112733,0.07398357953597556,45.11498416398604,10.0,8.118417876485593,2.684071663663315,0.004608502978467939,0.7438623479673939,1.4723548965289335,1.3474877400250016,5.918686362878045,1.0,0.004608502978467939,0.7438623479673939,1.0,2.0,0.0,11.83737272575609,274,45.11498416398604,10.0,8.118417876485593,2.684071663663315,0.004608502978467939,0.7438623479673939,1.4723548965289335,1.3474877400250016,5.918686362878045,1.0,0.004608502978467943,0.7438623479673939,1.0,2.0,0.0,True,,resolved_oscillation,1.0,509.85714285714283,11.301281654092806,0.0007413144609315187,0.9860515223958894,364.4298509580637,5.083241614357923,419.87393650322105,181.32119166033138,0.6268422527318578,0.2608309264607865,2201.444271590741,46.34949017849185,4.164524098203846,0.024833738629745156,0.005963163627857483,0.40924239057987116,2.5416666666666665,10.255711331268852,1.0,1.0,40.0,11.83737272575609,0.005963163627857483,0.40924239057987116
AB,hill_n,19,0.9255513500073052,0.7189310719243752,0.8482779207361689,0.008470141514244522,0.614501749387959,0.9187699952713662,0.5653192310309306,0.6859534039173187,58.5110270001461,10.0,15.189310719243753,3.696555841472338,0.0010256989434931972,1.114501749387959,1.4187699952713662,2.4839404815345145,54.8762723133855,1.0,0.0010256989434931972,1.114501749387959,1.0,2.0,0.0,109.752544626771,275,58.5110270001461,10.0,15.189310719243753,3.696555841472338,0.0010256989434931972,1.114501749387959,1.4187699952713662,2.4839404815345145,54.8762723133855,1.0,0.0010256989434931972,1.114501749387959,1.0,2.0,0.0,True,,resolved_oscillation,1.0,941.6666666666666,16.09383247818083,0.0006131153301128769,0.9970943775462582,2016.8265797054737,5.860136595295548,2078.224759387428,1653.3827055886395,0.6185840707964602,0.357253943568096,6137.645354299575,18.77285920590319,7.7793886118177165,0.008215832145634355,0.0010561025493897598,0.4416796267496112,5.416666666666667,39.48724372047749,1.0,1.0,40.0,109.752544626771,0.0010561025493897598,0.4416796267496112
AB,hill_n,20,0.0013435690855783111,0.46494735339945903,0.3392785329075354,0.6847519706450776,0.45656378171454903,0.066410428609471,0.5239147617457327,0.5455612958419926,40.026871381711565,10.0,12.649473533994591,2.678557065815071,0.007778267117499566,0.956563781714549,0.566410428609471,2.323810465653857,43.644903667359415,1.0,0.007778267117499566,0.956563781714549,1.0,2.0,0.0,87.28980733471883,276,40.026871381711565,10.0,12.649473533994591,2.678557065815071,0.007778267117499566,0.956563781714549,0.566410428609471,2.323810465653857,43.644903667359415,1.0,0.007778267117499566,0.956563781714549,1.0,2.0,0.0,True,,resolved_oscillation,1.0,357.54545454545456,8.932635557142707,0.001460605808934154,0.9605753176817561,226.2960973218565,8.921651746772604,283.6057185100248,91.51750637333816,0.6052377320111872,0.28327038435903135,2243.178423672444,130.13723971273458,4.946995555388592,0.056495083494661966,0.011420079695265506,0.5107753832481671,2.091666666666667,10.148086814510929,1.0,1.0,40.0,87.28980733471883,0.011420079695265506,0.5107753832481671
AB,hill_n,21,0.07885095553436716,0.31896266985311017,0.7688011802685706,0.49990424355663865,0.7169457026455673,0.4357792480321784,0.5996465601993903,0.8802543008467651,41.577019110687345,10.0,11.189626698531102,3.537602360537141,0.0044708532590794344,1.2169457026455675,0.9357792480321784,2.625034156727496,70.42034406774121,1.0,0.0044708532590794344,1.2169457026455675,1.0,2.0,0.0,140.84068813548242,277,41.577019110687345,10.0,11.189626698531102,3.537602360537141,0.0044708532590794344,1.2169457026455675,0.9357792480321784,2.625034156727496,70.42034406774121,1.0,0.0044708532590794344,1.2169457026455675,1.0,2.0,0.0,True,,resolved_oscillation,1.0,558.4285714285714,13.431183460793795,0.0009571904289521467,0.992659363190335,815.9435058422476,5.989544933592693,992.1325713825279,335.5752294839024,0.5923765668969045,0.3272606087536103,4204.77028397381,46.53883634683242,7.883501011064292,0.039104921397639894,0.004960349639425065,0.44190179960008885,3.216666666666667,23.913251043758017,1.0,1.0,40.0,140.84068813548242,0.004960349639425065,0.44190179960008885
AB,hill_n,22,0.8675713022377077,0.6969107328092301,0.8926450621023228,0.5509199571228793,0.8481709139021257,0.3486284427256984,0.980574699729904,0.08487242491476177,57.351426044754156,10.0,14.969107328092301,3.7852901242046455,0.005209108332360569,1.3481709139021256,0.8486284427256984,4.846099224439112,6.7897939931809415,1.0,0.005209108332360569,1.3481709139021256,1.0,2.0,0.0,13.579587986361883,278,57.351426044754156,10.0,14.969107328092301,3.7852901242046455,0.005209108332360569,1.3481709139021256,0.8486284427256984,4.846099224439112,6.7897939931809415,1.0,0.005209108332360569,1.3481709139021256,1.0,2.0,0.0,True,,resolved_oscillation,1.0,858.5,14.969113397983687,0.0006725105057537865,0.9877824674488275,929.8737211526385,11.360762456662345,1985.8627859007233,500.13111864137016,0.6059988351776354,0.20262163963563654,5034.909998324781,52.23757342378138,7.177576647396715,0.05047388903847564,0.00703216301518457,0.3390357698289269,3.683333333333333,25.61758759305372,1.0,1.0,40.0,13.579587986361883,0.00703216301518457,0.3390357698289269
AB,hill_n,23,0.8783796245132314,0.3287124873925278,0.2952708891667314,0.428318534017873,0.25608481486483725,0.8729212352329343,0.7929911185726779,0.12612542097333246,57.56759249026463,10.0,11.287124873925277,2.5905417783334626,0.0036079063863084983,0.7560848148648373,1.3729212352329343,3.5832491422890334,10.090033677866597,1.0,0.0036079063863084983,0.7560848148648373,1.0,2.0,0.0,20.180067355733193,279,57.56759249026463,10.0,11.287124873925277,2.5905417783334626,0.0036079063863084983,0.7560848148648373,1.3729212352329343,3.5832491422890334,10.090033677866597,1.0,0.0036079063863084983,0.7560848148648373,1.0,2.0,0.0,True,,resolved_oscillation,1.0,753.8,13.09417273490248,0.0005932788478375671,0.991405042479333,881.4635007360225,7.5761413448444905,1280.7546863007274,443.8640210804475,0.6288140090209605,0.2130637636080871,2712.2158272520337,32.26245044622767,4.0108686113594105,0.019672973079843895,0.004904915863892161,0.3508109309042435,3.2666666666666666,12.78215092526661,1.0,1.0,40.0,20.180067355733193,0.004904915863892161,0.3508109309042435
AB,hill_n,24,0.39314986885056447,0.3402603413700579,0.9417555466480453,0.32617748054883455,0.526312222726394,0.13956516709130617,0.18540594859632797,0.31633641727601725,47.86299737701129,10.0,11.402603413700579,3.8835110932960903,0.002656847860839996,1.026312222726394,0.6395651670913062,1.3476999017105737,25.30691338208138,1.0,0.002656847860839996,1.026312222726394,1.0,2.0,0.0,50.61382676416276,280,47.86299737701129,10.0,11.402603413700579,3.8835110932960903,0.002656847860839996,1.026312222726394,0.6395651670913062,1.3476999017105737,25.30691338208138,1.0,0.002656847860839996,1.026312222726394,1.0,2.0,0.0,True,,resolved_oscillation,1.0,525.8571428571429,10.98671566084813,0.0007187588457116518,0.9791744663029289,296.6651301693691,6.178209665088178,331.01616623648516,216.3545324499569,0.5947432762836186,0.3561430793157076,3995.223807062645,83.7037815677439,6.750311695859689,0.019620606225526884,0.0029066222582819702,0.4838924683403688,3.1333333333333333,19.93452124085961,1.0,1.0,40.0,50.61382676416276,0.0029066222582819702,0.4838924683403688
AB,hill_n,25,0.07041119244804428,0.332130848458681,0.4958756929428063,0.9860244128897545,0.32422163560981,0.23806648353124005,0.9210385550297289,0.31793519788627744,41.40822384896089,10.0,11.32130848458681,2.9917513858856126,0.019179944123959267,0.82422163560981,0.73806648353124,4.403300482001121,25.434815830902195,1.0,0.019179944123959267,0.82422163560981,1.0,2.0,0.0,50.86963166180439,281,41.40822384896089,10.0,11.32130848458681,2.9917513858856126,0.019179944123959267,0.82422163560981,0.73806648353124,4.403300482001121,25.434815830902195,1.0,0.019179944123959274,0.82422163560981,1.0,2.0,0.0,True,,resolved_oscillation,1.0,303.61538461538464,7.3322484374804615,0.0025293436587909696,0.5243820146422006,43.44165261113496,20.6616312955214,137.74307389980132,28.52642188127393,0.6119584494552825,0.0,442.42994062161966,172.8799615712318,0.9365706599622475,0.2159408886024568,0.23056550651625285,0.4159075760942013,1.8833333333333333,2.4205526081912554,1.0,1.0,40.0,50.86963166180439,0.23056550651625285,0.4159075760942013
AB,hill_n,26,0.5453222821228122,0.15880740001429594,0.6682647438950065,0.9819235271006114,0.44424563520368043,0.8995501600465765,0.7702554738662177,0.8733172195768184,50.90644564245625,10.0,9.58807400014296,3.336529487790013,0.018945756978259655,0.9442456352036804,1.3995501600465765,3.4545021865384595,69.86537756614547,1.0,0.018945756978259655,0.9442456352036804,1.0,2.0,0.0,139.73075513229094,282,50.90644564245625,10.0,9.58807400014296,3.336529487790013,0.018945756978259655,0.9442456352036804,1.3995501600465765,3.4545021865384595,69.86537756614547,1.0,0.018945756978259655,0.9442456352036804,1.0,2.0,0.0,True,,steady_state,0.0,,,,,7.251927988210849,7.2519275762569,1679.7259345218445,44.02956574388288,,1.0,3615.626529947334,3615.624839530291,4.904970762185323,4.904970497208731,0.9999999459779465,1.0,,,1.0,1.0,40.0,139.73075513229094,,
AB,hill_n,27,0.5842061138530887,0.17478857874816356,0.487859781414667,0.21103105998534566,0.47372262078119953,0.27706809452061376,0.08242795025315841,0.20941401680263994,51.684122277061775,10.0,9.747885787481636,2.975719562829334,0.001881731864134484,0.9737226207811995,0.7770680945206138,1.1418647460445446,16.753121344211195,1.0,0.001881731864134484,0.9737226207811995,1.0,2.0,0.0,33.50624268842239,283,51.684122277061775,10.0,9.747885787481636,2.975719562829334,0.001881731864134484,0.9737226207811995,0.7770680945206138,1.1418647460445446,16.753121344211195,1.0,0.001881731864134484,0.9737226207811995,1.0,2.0,0.0,True,,resolved_oscillation,1.0,544.0,10.525476220410455,0.0,0.9818830914809916,299.27292319028186,5.421900171654556,313.7722761125129,176.8384562552657,0.6158088235294118,0.299044656742946,3678.6164823132267,87.48795148756254,5.957623475434642,0.013431438885883827,0.0022544960992023633,0.4405687624972228,3.066666666666667,17.371257139940788,1.0,1.0,40.0,33.50624268842239,0.0022544960992023633,0.4405687624972228
AB,hill_n,28,0.5150252250115483,0.5671990511643153,0.37866499743193893,0.9901042993929583,0.8684331197247117,0.5459952500686578,0.7216872091884045,0.610060609924768,50.30050450023097,10.0,13.671990511643154,2.757329994863878,0.01941580458771451,1.3684331197247117,1.0459952500686578,3.1947561271526923,48.804848793981435,1.0,0.01941580458771451,1.3684331197247117,1.0,2.0,0.0,97.60969758796287,284,50.30050450023097,10.0,13.671990511643154,2.757329994863878,0.01941580458771451,1.3684331197247117,1.0459952500686578,3.1947561271526923,48.804848793981435,1.0,0.019415804587714518,1.3684331197247117,1.0,2.0,0.0,True,,steady_state,0.0,,,,,21.23501880025745,21.235003601589934,561.1398414325126,44.74035436616748,,0.0,1747.5224458750702,1747.5153243084578,2.39925405541064,2.399250434484043,0.9999984908115133,1.0,,,1.0,1.0,40.0,97.60969758796287,,
AB,hill_n,29,0.04945339346089217,0.09762210073206024,0.9771446869204592,0.5344320235740077,0.12301565154377614,0.43951840096355876,0.716675164080167,0.8026172127841293,40.98906786921784,10.0,8.976221007320602,3.9542893738409184,0.0049580635987980255,0.6230156515437761,0.9395184009635588,3.169089047811621,64.20937702273035,1.0,0.0049580635987980255,0.6230156515437761,1.0,2.0,0.0,128.4187540454607,285,40.98906786921784,10.0,8.976221007320602,3.9542893738409184,0.0049580635987980255,0.6230156515437761,0.9395184009635588,3.169089047811621,64.20937702273035,1.0,0.0049580635987980255,0.6230156515437761,1.0,2.0,0.0,True,,resolved_oscillation,1.0,536.8571428571429,13.097568955948724,0.0007040317485536429,0.9903622145630511,506.6455743412128,4.882941338080361,621.2561726789423,222.5441373801412,0.5779004789781799,0.34436791824039104,2173.141667896008,28.141985260743407,4.108231040150815,0.02220068065491317,0.005403951344980387,0.44834481226394135,3.25,12.550643429123271,1.0,1.0,40.0,128.4187540454607,0.005403951344980387,0.44834481226394135
AB,hill_n,30,0.23529284243979742,0.8407494147148626,0.6724067720205014,0.18400605895795552,0.9153118394219858,0.6622785865219342,0.34201139629394184,0.761506421166632,44.705856848795946,10.0,16.407494147148626,3.3448135440410027,0.001735391244881489,1.4153118394219857,1.1622785865219343,1.734026407844816,60.92051369333056,1.0,0.001735391244881489,1.4153118394219857,1.0,2.0,0.0,121.84102738666112,286,44.705856848795946,10.0,16.407494147148626,3.3448135440410027,0.001735391244881489,1.4153118394219857,1.1622785865219343,1.734026407844816,60.92051369333056,1.0,0.001735391244881489,1.4153118394219857,1.0,2.0,0.0,True,,resolved_oscillation,1.0,583.5714285714286,13.053578875474473,0.0009159504006790555,0.9923329784736596,991.8367815315852,7.604433954618853,1050.1238960624587,672.3015126347373,0.6108935128518973,0.34547878249277936,5421.750076511765,50.55124817965761,9.448718389102005,0.01766321790600386,0.0018693771132364705,0.4581204176849589,3.3833333333333333,29.92759106868198,1.0,1.0,40.0,121.84102738666112,0.0018693771132364705,0.4581204176849589
AB,hill_n,31,0.3961908178200533,0.5858255229716866,0.4223884267218966,0.1975083502442333,0.42790177911939253,0.8533965863188613,0.9318053292379148,0.9537836951071544,47.92381635640106,10.0,13.858255229716866,2.8447768534437934,0.0018070255285962528,0.9279017791193925,1.3533965863188613,4.48026781101067,76.30269560857235,1.0,0.0018070255285962528,0.9279017791193925,1.0,2.0,0.0,152.6053912171447,287,47.92381635640106,10.0,13.858255229716866,2.8447768534437934,0.0018070255285962528,0.9279017791193925,1.3533965863188613,4.48026781101067,76.30269560857235,1.0,0.0018070255285962528,0.9279017791193925,1.0,2.0,0.0,True,,resolved_oscillation,1.0,725.0,15.12817749338453,0.0,0.9969752149606727,1954.55227334183,5.912100474987722,2238.885704452816,1033.8922458605432,0.6206896551724138,0.34436791824039104,3847.2666339423813,19.67496668152299,6.12575202461274,0.012055791916682787,0.0019680509214613424,0.4387913796934015,4.05,23.25401020048593,1.0,1.0,40.0,152.6053912171447,0.0019680509214613424,0.4387913796934015
AB,hill_n,32,0.45544406973220386,0.8413148429729738,0.6949382016413029,0.2627126403874821,0.6550826693183404,0.7769402083886271,0.7903188624593088,0.30569927964458465,49.10888139464408,10.0,16.413148429729738,3.3898764032826056,0.00219683290709738,1.1550826693183405,1.276940208388627,3.567871288277414,24.45594237156677,1.0,0.00219683290709738,1.1550826693183405,1.0,2.0,0.0,48.91188474313354,288,49.10888139464408,10.0,16.413148429729738,3.3898764032826056,0.00219683290709738,1.1550826693183405,1.276940208388627,3.567871288277414,24.45594237156677,1.0,0.00219683290709738,1.1550826693183405,1.0,2.0,0.0,True,,resolved_oscillation,1.0,803.0,16.351421111529877,0.0,0.9965524844236578,2099.9602168136635,7.2396455571638185,2228.988108047894,1679.8668414326617,0.6363636363636364,0.33237058431459676,5094.700145167355,21.885427503226946,7.814124389959604,0.018237664077407078,0.002333935725522967,0.4254610086647412,4.266666666666667,31.362924781999784,1.0,1.0,40.0,48.91188474313354,0.002333935725522967,0.4254610086647412
AB,hill_n,33,0.9227593837099817,0.2542365218699282,0.1864217517954616,0.21289201770014698,0.2844369626022776,0.215498302700181,0.5288499542686814,0.8553785018010519,58.455187674199635,10.0,10.542365218699281,2.372843503590923,0.0018922516859940209,0.7844369626022776,0.715498302700181,2.34234172557057,68.43028014408415,1.0,0.0018922516859940209,0.7844369626022776,1.0,2.0,0.0,136.8605602881683,289,58.455187674199635,10.0,10.542365218699281,2.372843503590923,0.0018922516859940209,0.7844369626022776,0.715498302700181,2.34234172557057,68.43028014408415,1.0,0.0018922516859940209,0.7844369626022776,1.0,2.0,0.0,True,,resolved_oscillation,1.0,555.4285714285714,9.501784076449402,0.0009623604389850673,0.9826297632168476,393.51647317994326,6.83547431720664,446.3272406719958,117.99747317899535,0.606738683127572,0.26816263052654965,2771.987321794448,94.20676058223287,4.153389854699843,0.011716732085290846,0.0028210046480545443,0.44545656520773164,3.1166666666666667,12.405492588762533,1.0,1.0,40.0,136.8605602881683,0.0028210046480545443,0.44545656520773164
AB,hill_n,34,0.07950435043954462,0.9662316694526888,0.4730561834042769,0.1750304734321343,0.9875008646722722,0.4630627884669968,0.38130948963773503,0.5292730561158066,41.590087008790896,10.0,17.662316694526886,2.9461123668085536,0.0016893510111593599,1.4875008646722723,0.9630627884669968,1.8472424305525734,42.341844489264524,1.0,0.0016893510111593599,1.4875008646722723,1.0,2.0,0.0,84.68368897852905,290,41.590087008790896,10.0,17.662316694526886,2.9461123668085536,0.0016893510111593599,1.4875008646722723,0.9630627884669968,1.8472424305525734,42.341844489264524,1.0,0.0016893510111593599,1.4875008646722723,1.0,2.0,0.0,True,,resolved_oscillation,1.0,499.875,12.019090027254366,0.0007072836020870694,0.9892904540631015,806.6580885516161,8.638941854714256,839.9502055577384,533.9755414616703,0.6241560390097525,0.315263274827816,4913.0150933654,67.78106791341753,9.529092893141161,0.018198211674205416,0.001909752783216554,0.4527882692734948,2.783333333333333,25.04791467191712,1.0,1.0,40.0,84.68368897852905,0.001909752783216554,0.4527882692734948
AB,hill_n,35,0.6334398631188464,0.44530082088652956,0.13759569382084302,0.6253248415770387,0.2880167805261743,0.12196760263835515,0.48354764822632257,0.8441290579269647,52.66879726237693,10.0,12.453008208865295,2.2751913876416863,0.006509780962671258,0.7880167805261743,0.6219676026383552,2.1776360713907166,67.53032463415718,1.0,0.006509780962671258,0.7880167805261743,1.0,2.0,0.0,135.06064926831436,291,52.66879726237693,10.0,12.453008208865295,2.2751913876416863,0.006509780962671259,0.7880167805261743,0.6219676026383552,2.1776360713907166,67.53032463415718,1.0,0.006509780962671258,0.7880167805261743,1.0,2.0,0.0,True,,resolved_oscillation,1.0,393.27272727272725,7.466901613750254,0.0011877237705654304,0.9331375975429067,165.49922062695288,11.065675495894602,237.68163478377676,53.02151710283562,0.6096278317152104,0.17018440346589647,1826.4866623665193,197.38095403328273,3.2231844317060996,0.052496443239270496,0.01628713601457892,0.5018884692290602,2.4,7.777397801519121,1.0,1.0,40.0,135.06064926831436,0.01628713601457892,0.5018884692290602
AB,hill_n,36,0.6761306877039921,0.05417488428145534,0.1859938181047599,0.9714779234866264,0.28757541677892484,0.6833932859140744,0.1868916785923901,0.42248977462753035,53.52261375407984,10.0,8.541748842814552,2.3719876362095196,0.018362081834339,0.7875754167789248,1.1833932859140743,1.3509263644912934,33.799181970202426,1.0,0.018362081834339,0.7875754167789248,1.0,2.0,0.0,67.59836394040485,292,53.52261375407984,10.0,8.541748842814552,2.3719876362095196,0.018362081834339,0.7875754167789248,1.1833932859140743,1.3509263644912934,33.799181970202426,1.0,0.018362081834339006,0.7875754167789248,1.0,2.0,0.0,True,,resolved_oscillation,1.0,323.0,6.034832332443384,0.006061579011594804,0.36794016820625636,29.824026735172172,18.850569321645036,89.4678403487915,18.47385961074536,0.6609907120743034,0.0,583.6051168032973,365.15215528299774,0.8406066748033756,0.37639837185427405,0.44776990611253065,0.8978004887802711,,3.131132322279846,1.0,1.0,40.0,67.59836394040485,0.44776990611253065,0.8978004887802711
AB,hill_n,37,0.9942080218192769,0.6593242047859554,0.6446447953133618,0.11408570344483138,0.7692102833324719,0.24995871660714786,0.24812270663075364,0.5441891502418968,59.88416043638554,10.0,14.593242047859555,3.2892895906267237,0.0014074368648072306,1.2692102833324719,0.7499587166071479,1.4908375721581986,43.53513201935175,1.0,0.0014074368648072306,1.2692102833324719,1.0,2.0,0.0,87.0702640387035,293,59.88416043638554,10.0,14.593242047859555,3.2892895906267237,0.0014074368648072306,1.2692102833324719,0.7499587166071479,1.4908375721581986,43.53513201935175,1.0,0.0014074368648072306,1.2692102833324719,1.0,2.0,0.0,True,,resolved_oscillation,1.0,712.4,11.896301038682452,0.0007688413215962467,0.9886111928550869,633.2073167424275,7.211476013127381,668.2015170843985,423.6517282210723,0.6100505334081976,0.3521439680071095,6218.558203573456,83.82981760130683,8.303909096642228,0.012875813849791548,0.0015505725917686188,0.477005109975561,4.1,32.006912393622954,1.0,1.0,40.0,87.0702640387035,0.0015505725917686188,0.477005109975561
AB,hill_n,38,0.4452386990402637,0.45484334849897157,0.2624923198028516,0.5335265915484285,0.7580538097473309,0.7955874573466426,0.7447623325657388,0.4984037620752796,48.904773980805274,10.0,12.548433484989715,2.5249846396057034,0.004944633411198485,1.2580538097473308,1.2955874573466426,3.315633590675952,39.872300966022365,1.0,0.004944633411198485,1.2580538097473308,1.0,2.0,0.0,79.74460193204473,294,48.904773980805274,10.0,12.548433484989715,2.5249846396057034,0.004944633411198485,1.2580538097473308,1.2955874573466426,3.315633590675952,39.872300966022365,1.0,0.00494463341119849,1.2580538097473308,1.0,2.0,0.0,True,,resolved_oscillation,1.0,561.8571428571429,11.488799499976572,0.0006727056473594178,0.9852870346248401,671.0289547825057,9.872825777444733,1323.1040565582368,227.3416040167878,0.600508517670989,0.17951566318595868,3209.7440921290245,63.27138877962132,5.8607558404314215,0.045097430314976206,0.007694814720631067,0.37569429015774275,2.466666666666667,14.208680797904238,1.0,1.0,40.0,79.74460193204473,0.007694814720631067,0.37569429015774275
AB,hill_n,39,0.6660332596561213,0.9549278270831529,0.1378795629698708,0.752066943141399,0.9605213971708908,0.4830470007968839,0.4840801167323766,0.5658874191471764,53.32066519312242,10.0,17.54927827083153,2.2757591259397416,0.009516158166760644,1.4605213971708908,0.9830470007968839,2.1795030509279187,45.27099353177412,1.0,0.009516158166760644,1.4605213971708908,1.0,2.0,0.0,90.54198706354823,295,53.32066519312242,10.0,17.54927827083153,2.2757591259397416,0.009516158166760644,1.4605213971708908,0.9830470007968839,2.1795030509279187,45.27099353177412,1.0,0.009516158166760644,1.4605213971708908,1.0,2.0,0.0,True,,resolved_oscillation,1.0,437.0,8.195696704405828,0.0,0.9374344043852892,314.27720627241536,19.662940598560965,514.8380906224876,126.20688444247493,0.6151029748283753,0.0,2501.1034435358606,215.68891455509294,4.6239466952353725,0.11452517709488515,0.024767841119988403,0.4670073317040658,2.0416666666666665,10.070025935692533,1.0,1.0,40.0,90.54198706354823,0.024767841119988403,0.4670073317040658
AB,hill_n,40,0.07938517308078696,0.022029308983154694,0.7881543639175074,0.321935567576238,0.7521861907367888,0.6828149072520601,0.16781697286928776,0.6518343044389883,41.58770346161574,10.0,8.220293089831546,3.5763087278350145,0.002623299219812042,1.2521861907367888,1.1828149072520602,1.3100836609385509,52.14674435511906,1.0,0.002623299219812042,1.2521861907367888,1.0,2.0,0.0,104.29348871023812,296,41.58770346161574,10.0,8.220293089831546,3.5763087278350145,0.002623299219812042,1.2521861907367888,1.1828149072520602,1.3100836609385509,52.14674435511906,1.0,0.002623299219812042,1.2521861907367888,1.0,2.0,0.0,True,,resolved_oscillation,1.0,544.1428571428571,13.084224707072018,0.0006946052273732188,0.9929925676729247,590.0573055070149,4.1347866374368,661.0266687065433,293.22382212799954,0.5885402992911526,0.33103754721173073,4437.984226105758,43.898965696892844,8.288669164731601,0.02361020397281593,0.0028484915374928543,0.44301266385247723,3.225,25.002029048894556,1.0,1.0,40.0,104.29348871023812,0.0028484915374928543,0.44301266385247723
AB,hill_n,41,0.9815064036168787,0.6484862657754508,0.8698032295184877,0.4999552130251841,0.7789299613558915,0.5872141849970318,0.30968064225549496,0.899810359527491,59.63012807233757,10.0,14.484862657754508,3.7396064590369753,0.004471535969726869,1.2789299613558915,1.0872141849970318,1.6461047945070326,71.98482876219929,1.0,0.004471535969726869,1.2789299613558915,1.0,2.0,0.0,143.96965752439857,297,59.63012807233757,10.0,14.484862657754508,3.7396064590369753,0.004471535969726869,1.2789299613558915,1.0872141849970318,1.6461047945070326,71.98482876219929,1.0,0.004471535969726869,1.2789299613558915,1.0,2.0,0.0,True,,resolved_oscillation,1.0,793.75,13.311224135509123,0.0006299212598425197,0.99198939589739,972.5850387255055,7.790993701351733,1101.4706759254304,487.29564881100794,0.5976692913385826,0.3492557209508998,6404.431877854966,72.02015700096564,8.370755930243337,0.04110196865606416,0.004910186009314134,0.4676738502554988,4.55,35.89179393268273,1.0,1.0,40.0,143.96965752439857,0.004910186009314134,0.4676738502554988
AB,hill_n,42,0.2634626562834709,0.9747032019221333,0.821760701088823,0.7109816588766164,0.952904028663561,0.31261461683648606,0.3711782882929373,0.5177094697691266,45.269253125669415,10.0,17.747032019221333,3.643521402177646,0.008414115409178519,1.452904028663561,0.8126146168364861,1.8173663805408415,41.41675758153013,1.0,0.008414115409178519,1.452904028663561,1.0,2.0,0.0,82.83351516306026,298,45.269253125669415,10.0,17.747032019221333,3.643521402177646,0.008414115409178519,1.452904028663561,0.8126146168364861,1.8173663805408415,41.41675758153013,1.0,0.008414115409178519,1.452904028663561,1.0,2.0,0.0,True,,resolved_oscillation,1.0,540.0,11.928626224535591,0.0,0.9830404834110058,628.312539940704,10.655876944197372,717.1625056548774,349.03670252758684,0.6092592592592593,0.30348811375249946,5053.119865846364,111.02901477646033,9.04173717652602,0.08788338163562943,0.009719745212655654,0.45078871361919576,3.0,25.981700982361335,1.0,1.0,40.0,82.83351516306026,0.009719745212655654,0.45078871361919576
AB,hill_n,43,0.11902604624430946,0.7238209620991736,0.6720519998969829,0.037791826390061733,0.20526307490198326,0.9864411902014837,0.42542350137029605,0.8698764918089886,42.38052092488619,10.0,15.238209620991736,3.344103999793966,0.0011198717770689508,0.7052630749019833,1.4864411902014836,1.9831623398000462,69.59011934471908,1.0,0.0011198717770689508,0.7052630749019833,1.0,2.0,0.0,139.18023868943817,299,42.38052092488619,10.0,15.238209620991736,3.344103999793966,0.0011198717770689508,0.7052630749019833,1.4864411902014836,1.9831623398000462,69.59011934471908,1.0,0.0011198717770689508,0.7052630749019833,1.0,2.0,0.0,True,,resolved_oscillation,1.0,499.875,11.794923448108664,0.0007072836020870694,0.9880148484710924,628.8900631672572,7.537342702083794,699.0040330666955,398.1464767116076,0.5961490372593148,0.342368362586092,2467.6788689972195,34.894556088154985,4.627697104970217,0.00569636171458724,0.001230927950852544,0.4543434792268385,2.9833333333333334,12.961445096258728,1.0,1.0,40.0,139.18023868943817,0.001230927950852544,0.4543434792268385
AB,hill_n,44,0.5856463892471487,0.31809303652452925,0.47954290604757543,0.35037645481237045,0.920254666357244,0.26509542561439037,0.43310533966908604,0.5024287034658289,51.71292778494298,10.0,11.180930365245292,2.959085812095151,0.0028566055621725706,1.420254666357244,0.7650954256143904,2.00783324636286,40.19429627726631,1.0,0.0028566055621725706,1.420254666357244,1.0,2.0,0.0,80.38859255453262,300,51.71292778494298,10.0,11.180930365245292,2.959085812095151,0.0028566055621725706,1.420254666357244,0.7650954256143904,2.00783324636286,40.19429627726631,1.0,0.0028566055621725706,1.420254666357244,1.0,2.0,0.0,True,,resolved_oscillation,1.0,662.0,12.80144111648522,0.0,0.9927810580943874,785.1638253086786,5.668052041291802,862.247298634918,400.84324709580267,0.615558912386707,0.29082426127527217,5841.293718853912,65.35229763568215,9.002607432209325,0.029193276489507387,0.0032427579131197415,0.4212397245056654,3.6416666666666666,30.985805829971,1.0,1.0,40.0,80.38859255453262,0.0032427579131197415,0.4212397245056654
AB,hill_n,45,0.5735089914149888,0.2349033339983554,0.9919531034086785,0.5805394677833117,0.9703789917660842,0.9217209976436966,0.7921983999214777,0.4085949628878395,51.47017982829978,10.0,10.349033339983553,3.983906206817357,0.0056924504797607675,1.470378991766084,1.4217209976436966,3.578680435405739,32.68759703102716,1.0,0.0056924504797607675,1.470378991766084,1.0,2.0,0.0,65.37519406205432,301,51.47017982829978,10.0,10.349033339983553,3.983906206817357,0.0056924504797607675,1.470378991766084,1.4217209976436966,3.578680435405739,32.68759703102716,1.0,0.005692450479760773,1.470378991766084,1.0,2.0,0.0,True,,resolved_oscillation,1.0,483.625,9.396217413914865,0.0010701456076645452,0.836519795186545,82.0237317269086,13.409256462278902,690.243562674142,34.579555513269284,0.49294391315585423,0.0,1414.6695124590563,74.92536976997545,2.8163671656260174,0.0629109569196753,0.022337626175844,0.3359253499222395,1.95,5.872987777868834,1.0,1.0,40.0,65.37519406205432,0.022337626175844,0.3359253499222395
AB,hill_n,46,0.9964774922142574,0.7068669270486545,0.24914041170713708,0.3997873384363825,0.13524852246151498,0.06723370737678591,0.5138327539551703,0.3768147788965731,59.92954984428515,10.0,15.068669270486545,2.498280823414274,0.003312343127026481,0.635248522461515,0.5672337073767859,2.286407743300906,30.145182311725847,1.0,0.003312343127026481,0.635248522461515,1.0,2.0,0.0,60.290364623451694,302,59.92954984428515,10.0,15.068669270486545,2.498280823414274,0.003312343127026481,0.635248522461515,0.5672337073767859,2.286407743300906,30.145182311725847,1.0,0.003312343127026481,0.635248522461515,1.0,2.0,0.0,True,,resolved_oscillation,1.0,508.85714285714283,8.49092216075885,0.0007427712832859602,0.9560272850884384,240.2350210340528,10.563786091703415,268.4336344778293,121.44034913009563,0.6249298147108366,0.267940457676072,2154.368208825141,135.66401292336727,3.236672607927639,0.019632029875582453,0.0060654975815278254,0.4738946900688736,2.9166666666666665,9.270731245918387,1.0,1.0,40.0,60.290364623451694,0.0060654975815278254,0.4738946900688736
AB,hill_n,47,0.36135447392295206,0.6878005187327936,0.8381136693269748,0.3537843335240982,0.035015686851467165,0.6317049050261032,0.22250865784072882,0.07781224274133436,47.22708947845904,10.0,14.878005187327936,3.6762273386539497,0.002885918285406689,0.5350156868514672,1.1317049050261032,1.4306285165506754,6.224979419306749,1.0,0.002885918285406689,0.5350156868514672,1.0,2.0,0.0,12.449958838613497,303,47.22708947845904,10.0,14.878005187327936,3.6762273386539497,0.002885918285406689,0.5350156868514672,1.1317049050261032,1.4306285165506754,6.224979419306749,1.0,0.002885918285406689,0.5350156868514672,1.0,2.0,0.0,True,,resolved_oscillation,1.0,504.5,10.68242835989522,0.0010595093832008896,0.9747576411281895,303.9424919000631,7.67222545693376,314.92961494246,256.3560226959113,0.624380574826561,0.32770495445456566,2023.539998492176,48.82857030077013,3.534740675473858,0.01115541691457629,0.0031559364430831472,0.43679182403910244,2.85,9.593750568928062,1.0,1.0,40.0,12.449958838613497,0.0031559364430831472,0.43679182403910244
AB,hill_n,48,0.14462614962212772,0.2012148931522557,0.3857855035556662,0.09776566282190036,0.303708843795952,0.5655754693836429,0.46791123586759553,0.8616507708534276,42.89252299244255,10.0,10.012148931522557,2.7715710071113326,0.0013402816137012632,0.803708843795952,1.065575469383643,2.123517862719327,68.9320616682742,1.0,0.0013402816137012632,0.803708843795952,1.0,2.0,0.0,137.8641233365484,304,42.89252299244255,10.0,10.012148931522557,2.7715710071113326,0.0013402816137012632,0.803708843795952,1.065575469383643,2.123517862719327,68.9320616682742,1.0,0.0013402816137012632,0.803708843795952,1.0,2.0,0.0,True,,resolved_oscillation,1.0,475.875,11.094591010275773,0.0007429543274878357,0.9893045810121328,499.30033699267864,5.340226304920003,558.4451594455171,195.0955262299692,0.5946939847649068,0.3361475227727172,2568.6100260003714,45.85351964081429,4.913911932267451,0.007855618196111256,0.0015986485521905555,0.46967340590979784,2.7666666666666666,12.81540170650394,1.0,1.0,40.0,137.8641233365484,0.0015986485521905555,0.46967340590979784
AB,hill_n,49,0.40497024324456166,0.8760220927708037,0.5766664444281188,0.5899843875985493,0.0475287430060467,0.30095928254761795,0.4587922640517281,0.5060696597871368,48.099404864891234,10.0,16.760220927708037,3.1533328888562373,0.005855815504724595,0.5475287430060467,0.800959282547618,2.0925798101307733,40.48557278297095,1.0,0.005855815504724595,0.5475287430060467,1.0,2.0,0.0,80.9711455659419,305,48.099404864891234,10.0,16.760220927708037,3.1533328888562373,0.005855815504724596,0.5475287430060467,0.800959282547618,2.0925798101307733,40.48557278297095,1.0,0.005855815504724595,0.5475287430060467,1.0,2.0,0.0,True,,resolved_oscillation,1.0,433.1111111111111,9.004500415913627,0.0007696254489481787,0.9556543094905819,243.01712716274338,10.776762309646893,282.0799131073315,140.4894033468262,0.6012314007183172,0.30859808931348587,1751.581997507126,92.99559527104272,3.154576395884122,0.0238972837859232,0.007575433524799957,0.4698955787602755,2.6083333333333334,7.95590022435519,1.0,1.0,40.0,80.9711455659419,0.007575433524799957,0.4698955787602755
AB,hill_n,50,0.9975856292646897,0.5657544237723552,0.731607286018138,0.4275679161838194,0.3166776682977941,0.5557163730357745,0.7210217811166746,0.015263045840949063,59.95171258529379,10.0,13.657544237723553,3.463214572036276,0.003599802582082945,0.8166776682977941,1.0557163730357746,3.1913364861096727,1.221043667275925,1.0,0.003599802582082945,0.8166776682977941,1.0,2.0,0.0,2.44208733455185,306,59.95171258529379,10.0,13.657544237723553,3.463214572036276,0.003599802582082945,0.8166776682977941,1.0557163730357746,3.1913364861096727,1.221043667275925,1.0,0.003599802582082945,0.8166776682977941,1.0,2.0,0.0,True,,resolved_oscillation,1.0,927.6666666666666,15.473564084543334,0.0006223682384365352,0.9942363066053818,1228.5938964846891,7.08123852583715,1333.2093111046581,994.1355034314353,0.6427416457060726,0.29193512552766054,4119.8184176278755,28.386695111955206,5.323417586231782,0.021129772788383502,0.003969211966957557,0.39057987113974674,4.566666666666666,23.196592086117683,1.0,1.0,40.0,2.44208733455185,0.003969211966957557,0.39057987113974674
AB,hill_n,51,0.9268934724441079,0.6010086289668761,0.5528494591703504,0.564140076180349,0.1552169247113192,0.37544963365442785,0.22895891173032745,0.47424948218286234,58.53786944888216,10.0,14.010086289668761,3.1056989183407007,0.005419549169964642,0.6552169247113192,0.8754496336544279,1.4455576338904512,37.93995857462899,1.0,0.005419549169964642,0.6552169247113192,1.0,2.0,0.0,75.87991714925798,307,58.53786944888216,10.0,14.010086289668761,3.1056989183407007,0.005419549169964642,0.6552169247113192,0.8754496336544279,1.4455576338904512,37.93995857462899,1.0,0.005419549169964642,0.6552169247113192,1.0,2.0,0.0,True,,resolved_oscillation,1.0,546.875,9.3422429813158,0.0006464976285134149,0.9673826944811886,277.1269668873497,9.039134946466222,308.50135366694184,140.07064367524922,0.6016,0.2932681626305266,2536.283793811469,109.37049164752942,3.75161111771108,0.02596303961899715,0.006920503965996782,0.44901133081537437,3.1666666666666665,11.46512841751636,1.0,1.0,40.0,75.87991714925798,0.006920503965996782,0.44901133081537437
AB,hill_n,52,0.14798006523291785,0.030678042283148188,0.2781763042355281,0.29119072017962766,0.04515025280363083,0.5388037075942974,0.6223009687936307,0.9397471766847376,42.95960130465836,10.0,8.306780422831482,2.556352608471056,0.0023924774959076765,0.5451502528036308,1.0388037075942975,2.7225114244397233,75.17977413477901,1.0,0.0023924774959076765,0.5451502528036308,1.0,2.0,0.0,150.35954826955802,308,42.95960130465836,10.0,8.306780422831482,2.556352608471056,0.0023924774959076765,0.5451502528036308,1.0388037075942975,2.7225114244397233,75.17977413477901,1.0,0.0023924774959076765,0.5451502528036308,1.0,2.0,0.0,True,,resolved_oscillation,1.0,433.44444444444446,10.08958256783085,0.001215948856768154,0.9854342384737275,346.67023562721823,5.049515980402743,419.506233536164,93.72991790182223,0.5883106895667777,0.2961564096867363,1544.7025666988734,42.85611168365734,3.060618292023613,0.009655810435014848,0.003154856147915995,0.4463452566096423,2.5166666666666666,7.327531145928026,1.0,1.0,40.0,150.35954826955802,0.003154856147915995,0.4463452566096423
AB,hill_n,53,0.9465837550526778,0.5897803298867728,0.17409165468435095,0.47750599276686445,0.03580917778042536,0.1308974079005698,0.5193037732229046,0.09603869403120302,58.93167510105356,10.0,13.897803298867728,2.348183309368702,0.004180705922869558,0.5358091777804254,0.6308974079005698,2.306629067691836,7.683095522496242,1.0,0.004180705922869558,0.5358091777804254,1.0,2.0,0.0,15.366191044992483,309,58.93167510105356,10.0,13.897803298867728,2.348183309368702,0.004180705922869558,0.5358091777804254,0.6308974079005698,2.306629067691836,7.683095522496242,1.0,0.004180705922869558,0.5358091777804254,1.0,2.0,0.0,True,,resolved_oscillation,1.0,492.875,8.363498901988425,0.0007173287153807229,0.9462985107535974,200.15766809301746,10.748764860682213,221.86922802836756,117.6025828245471,0.6406289627187421,0.21106420795378805,1586.9880691021042,115.95363237795225,2.4932780033880038,0.023403200381990064,0.009386518611317512,0.42479449011330817,2.6333333333333333,6.648828611754592,1.0,1.0,40.0,15.366191044992483,0.009386518611317512,0.42479449011330817
AB,hill_n,54,0.26707177914853697,0.4436206392795494,0.5427034241171419,0.8842841371519518,0.8781615463568023,0.5249468382666946,0.10848811210481324,0.5642563382340674,45.34143558297074,10.0,12.436206392795494,3.0854068482342836,0.014141002111708297,1.3781615463568024,1.0249468382666946,1.190775625181259,45.14050705872539,1.0,0.014141002111708297,1.3781615463568024,1.0,2.0,0.0,90.28101411745078,310,45.34143558297074,10.0,12.436206392795494,3.0854068482342836,0.014141002111708297,1.3781615463568024,1.0249468382666946,1.190775625181259,45.14050705872539,1.0,0.014141002111708297,1.3781615463568024,1.0,2.0,0.0,True,,resolved_oscillation,1.0,384.3636363636364,8.477094547663485,0.0013126241178345892,0.9408091857248866,192.9946745109726,11.423511935064925,320.9162023184319,57.13513821167199,0.578228476821192,0.15396578538102643,2734.6321039661657,202.64626261058854,5.651994425937956,0.14213702507114087,0.02514811840911415,0.46545212175072204,2.033333333333333,11.718608665812193,1.0,1.0,40.0,90.28101411745078,0.02514811840911415,0.46545212175072204
AB,hill_n,55,0.03934806720952966,0.7974544171486171,0.3960083405727435,0.09528084265622816,0.8506665333513728,0.9500335252854892,0.896934550896485,0.9868204735962427,40.786961344190594,10.0,15.974544171486171,2.792016681145487,0.0013303417916171554,1.3506665333513728,1.4500335252854892,4.235750267397727,78.94563788769942,1.0,0.0013303417916171554,1.3506665333513728,1.0,2.0,0.0,157.89127577539884,311,40.786961344190594,10.0,15.974544171486171,2.792016681145487,0.0013303417916171554,1.3506665333513728,1.4500335252854892,4.235750267397727,78.94563788769942,1.0,0.0013303417916171554,1.3506665333513728,1.0,2.0,0.0,True,,resolved_oscillation,1.0,642.1666666666666,15.744410603368772,0.0006357357235357327,0.997561395949995,2591.7960428585898,6.3203643269017995,2868.661074053026,1565.9119448744339,0.6275629379704127,0.3234836702954899,4867.030724543645,19.32107920129493,9.027926164978549,0.01292041843316761,0.0014311612874381887,0.4225727616085314,3.566666666666667,30.214721101866296,1.0,1.0,40.0,157.89127577539884,0.0014311612874381887,0.4225727616085314
AB,hill_n,56,0.8516256211406352,0.03206752876612384,0.34569090194941465,0.9271816890983423,0.27187136671284284,0.5778246572201604,0.8284226050920022,0.9634675135066714,57.0325124228127,10.0,8.320675287661238,2.691381803898829,0.016080190480456714,0.7718713667128428,1.0778246572201604,3.7935215181454067,77.0774010805337,1.0,0.016080190480456714,0.7718713667128428,1.0,2.0,0.0,154.1548021610674,312,57.0325124228127,10.0,8.320675287661238,2.691381803898829,0.016080190480456714,0.7718713667128428,1.0778246572201604,3.7935215181454067,77.0774010805337,1.0,0.016080190480456714,0.7718713667128428,1.0,2.0,0.0,True,,steady_state,0.0,,,,,7.365639903463391,7.365624678682744,1058.450382359347,28.94722407364075,,1.0,2694.006769022397,2693.956289667092,3.262082081337889,3.262074436366601,0.9999976564135736,1.0,,,1.0,1.0,40.0,154.1548021610674,,
AB,hill_n,57,0.8296311980119584,0.33407868225380877,0.014881200588171772,0.7176518981589709,0.6864182526670649,0.11947963965489417,0.2941963935788431,0.10802242958869912,56.592623960239166,10.0,11.340786822538089,2.0297624011763435,0.008583939458666817,1.1864182526670648,0.6194796396548942,1.6055892602211639,8.64179436709593,1.0,0.008583939458666817,1.1864182526670648,1.0,2.0,0.0,17.28358873419186,313,56.592623960239166,10.0,11.340786822538089,2.0297624011763435,0.008583939458666817,1.1864182526670648,0.6194796396548942,1.6055892602211639,8.64179436709593,1.0,0.008583939458666817,1.1864182526670648,1.0,2.0,0.0,True,,resolved_oscillation,1.0,383.8181818181818,6.782123799169389,0.004485252672501264,0.8586943459908063,114.44927381396305,16.172329487159335,159.34935896583667,61.438954152548455,0.638323069635244,0.0,1666.7103779464335,308.89617142414534,2.8365508421508228,0.1501083628342945,0.052919327446454084,0.5076649633414797,2.033333333333333,6.528580869122281,1.0,1.0,40.0,17.28358873419186,0.052919327446454084,0.5076649633414797
AB,hill_n,58,0.8175887117605869,0.1733204554271618,0.8983131522888456,0.5238700721010965,0.44611669420234423,0.8290791619985357,0.35620338254456996,0.08649524189862356,56.351774235211735,10.0,9.733204554271618,3.796626304577691,0.004803642489653149,0.9461166942023442,1.3290791619985356,1.774089313421555,6.919619351889885,1.0,0.004803642489653149,0.9461166942023442,1.0,2.0,0.0,13.83923870377977,314,56.351774235211735,10.0,9.733204554271618,3.796626304577691,0.004803642489653149,0.9461166942023442,1.3290791619985356,1.774089313421555,6.919619351889885,1.0,0.004803642489653149,0.9461166942023442,1.0,2.0,0.0,True,,resolved_oscillation,1.0,849.25,15.070510405852335,0.0005887547836326171,0.9932783089882694,826.3789685657507,5.5546640852916225,1004.2410709762444,528.7275272970688,0.6234913158669414,0.2890468784714508,4432.037438376397,37.769053917740216,6.0796525375260035,0.032663638009737664,0.005372615919762661,0.3954676738502555,4.4,25.362111653564877,1.0,1.0,40.0,13.83923870377977,0.005372615919762661,0.3954676738502555
AB,hill_n,59,0.7632201581925808,0.41076796078383804,0.836134206891161,0.6981208695971955,0.883495417972424,0.0023260163113936194,0.593721283602114,0.15498968034379434,55.26440316385162,10.0,12.107679607838381,3.672268413782322,0.008096106117791232,1.3834954179724241,0.5023260163113936,2.6001198581367975,12.399174427503548,1.0,0.008096106117791232,1.3834954179724241,1.0,2.0,0.0,24.798348855007095,315,55.26440316385162,10.0,12.107679607838381,3.672268413782322,0.008096106117791232,1.3834954179724241,0.5023260163113936,2.6001198581367975,12.399174427503548,1.0,0.008096106117791232,1.3834954179724241,1.0,2.0,0.0,True,,resolved_oscillation,1.0,725.6,13.129608906635477,0.0007548546823389832,0.9864010618426264,563.4162345403097,7.661862530373923,722.6205852755352,310.88152858616303,0.6150082690187431,0.30504332370584314,5759.296520610245,97.4498142307979,8.392018820237265,0.08050796057953435,0.009593396095036186,0.4370139968895801,3.7333333333333334,30.15180035511137,1.0,1.0,40.0,24.798348855007095,0.009593396095036186,0.4370139968895801
AB,hill_n,60,0.8280144790383384,0.1290319770518289,0.23832624745731035,0.05826084057960823,0.6204055522340386,0.6363897540415864,0.7583621634069664,0.7263645287172044,56.560289580766764,10.0,9.29031977051829,2.476652494914621,0.0011906910828021757,1.1204055522340386,1.1363897540415864,3.389006522197106,58.10916229737635,1.0,0.0011906910828021757,1.1204055522340386,1.0,2.0,0.0,116.2183245947527,316,56.560289580766764,10.0,9.29031977051829,2.476652494914621,0.0011906910828021757,1.1204055522340386,1.1363897540415864,3.389006522197106,58.10916229737635,1.0,0.0011906910828021757,1.1204055522340386,1.0,2.0,0.0,True,,resolved_oscillation,1.0,813.25,14.378462451800182,0.0006148170919151552,0.9974697116004636,1620.7502262452933,4.100965496014443,1898.4771814249732,664.1521560137311,0.6231786043652013,0.3250388802488336,5132.744185448795,26.64773591641157,7.113444331630435,0.009610398712902889,0.0013510190373135513,0.44367918240391024,4.3,28.750260363057002,1.0,1.0,40.0,116.2183245947527,0.0013510190373135513,0.44367918240391024
AB,hill_n,61,0.9131071740257232,0.3467664824287139,0.9605134421172272,0.42067994138386644,0.8075253340418616,0.5978871921920309,0.8383470861435001,0.23413978590216944,58.26214348051447,10.0,11.467664824287139,3.9210268842344544,0.003526283478046295,1.3075253340418616,1.0978871921920308,3.854601325732817,18.731182872173555,1.0,0.003526283478046295,1.3075253340418616,1.0,2.0,0.0,37.46236574434711,317,58.26214348051447,10.0,11.467664824287139,3.9210268842344544,0.003526283478046295,1.3075253340418616,1.0978871921920308,3.854601325732817,18.731182872173555,1.0,0.003526283478046295,1.3075253340418616,1.0,2.0,0.0,True,,resolved_oscillation,1.0,953.75,16.36997787970121,0.0005242463958060288,0.9942847730628784,1270.073255290137,7.258756880751975,2472.171184567306,641.5547636681848,0.6028833551769331,0.2881581870695401,6083.538312712888,34.88093802051415,8.059783933593028,0.033137016972743516,0.004111402643764314,0.39524550099977784,4.65,35.40359977202843,1.0,1.0,40.0,37.46236574434711,0.004111402643764314,0.39524550099977784
AB,hill_n,62,0.6035793947217766,0.801443232262474,0.8964569421349174,0.17571134764486795,0.9266508551756341,0.7688117586288268,0.1640253001230495,0.2529447290764799,52.07158789443553,10.0,16.014432322624742,3.7929138842698347,0.0016928003255044007,1.426650855175634,1.2688117586288268,1.302113269591462,20.235578326118393,1.0,0.0016928003255044007,1.426650855175634,1.0,2.0,0.0,40.471156652236786,318,52.07158789443553,10.0,16.014432322624742,3.7929138842698347,0.0016928003255044007,1.426650855175634,1.2688117586288268,1.302113269591462,20.235578326118393,1.0,0.0016928003255044007,1.426650855175634,1.0,2.0,0.0,True,,resolved_oscillation,1.0,739.8,14.207363937120427,0.0006045060766422791,0.9935802738996046,1049.4285820155467,6.737044058466068,1066.523399025063,907.0685846166126,0.6268586104352528,0.33414796711841815,6716.6282339717,41.189732515932896,9.882072740265622,0.017358068886556402,0.001756521060184974,0.4312375027771606,4.066666666666666,37.89237551617375,1.0,1.0,40.0,40.471156652236786,0.001756521060184974,0.4312375027771606
AB,hill_n,63,0.23882183258880485,0.795319499099534,0.6750538317755055,0.27872231544097936,0.37067281232794935,0.47539633003037374,0.4496059197472574,0.48745477977191454,44.776436651776095,10.0,15.95319499099534,3.350107663551011,0.0023047620424185957,0.8706728123279494,0.9753963300303737,2.0618689172619074,38.996382381753165,1.0,0.0023047620424185957,0.8706728123279494,1.0,2.0,0.0,77.99276476350633,319,44.776436651776095,10.0,15.95319499099534,3.350107663551011,0.0023047620424185957,0.8706728123279494,0.9753963300303737,2.0618689172619074,38.996382381753165,1.0,0.0023047620424185957,0.8706728123279494,1.0,2.0,0.0,True,,resolved_oscillation,1.0,528.2857142857143,11.798297358813153,0.0009236479868360913,0.9862487814522445,578.6554626970178,7.957217731399257,616.6276417958755,408.51403966199535,0.6123580313683071,0.3508109309042435,3190.926612552336,49.93664658072003,5.701955023528271,0.014459323790681766,0.002535853708248752,0.47100644301266387,3.05,16.4528776443865,1.0,1.0,40.0,77.99276476350633,0.002535853708248752,0.47100644301266387
AB,shared_PLtetO1_leak,0,0.6523163084985453,0.36929077709565117,0.476552141139271,0.7927272840441534,0.7192846536989712,0.7991515494535374,0.6932516039832075,0.976099650949025,53.046326169970904,10.0,11.692907770956513,2.953104282278542,0.010748849321003838,1.2192846536989712,1.2991515494535375,3.0518422183769376,78.087972075922,1.0,0.010748849321003838,1.2192846536989712,1.0,2.0,0.0,156.175944151844,320,53.046326169970904,10.0,11.692907770956513,2.953104282278542,0.010748849321003838,1.2192846536989712,1.2991515494535375,3.0518422183769376,78.087972075922,1.0,0.010748849321003838,1.2192846536989712,1.0,2.0,0.0,True,,steady_state,0.0,,,,,26.79677586520925,26.782949526415326,229.53084786394078,27.950467870179605,,0.0,602.4739813488108,601.8083497257054,0.7844220658833723,0.7834299339383665,0.9987352064811071,1.0,,,1.0,1.0,40.0,156.175944151844,,
AB,shared_PLtetO1_leak,1,0.551410633705412,0.5182907415863287,0.4330535974015236,0.41520101595177894,0.26499487736458205,0.7192355361076039,0.13139037206848947,0.4556181454269522,51.02821267410824,10.0,13.182907415863287,2.866107194803047,0.003468877600268939,0.764994877364582,1.219235536107604,1.235486285642274,36.449451634156176,1.0,0.003468877600268939,0.764994877364582,1.0,2.0,0.0,72.89890326831235,321,51.02821267410824,10.0,13.182907415863287,2.866107194803047,0.003468877600268939,0.764994877364582,1.219235536107604,1.235486285642274,36.449451634156176,1.0,0.003468877600268939,0.764994877364582,1.0,2.0,0.0,True,,resolved_oscillation,1.0,502.625,9.84994326981459,0.0010296924536319636,0.9770507232941458,352.4688993758045,8.088906301983208,379.83926841362256,173.69184683898933,0.6107933349912957,0.29726727393912467,2623.089046369176,86.39950627976847,4.411791304440795,0.019517950555325334,0.004424042119961356,0.45523217062874916,2.8333333333333335,11.986028771932133,1.0,1.0,40.0,72.89890326831235,0.004424042119961356,0.45523217062874916
AB,shared_PLtetO1_leak,2,0.527858875741076,0.7885110022666142,0.8313783726110382,0.07415943126075175,0.41701061288961905,0.10285973940458293,0.16799844493272076,0.8898534260437165,50.55717751482152,10.0,15.885110022666142,3.6627567452220764,0.0012487734150757493,0.917010612889619,0.6028597394045829,1.3104663503609928,71.18827408349732,1.0,0.0012487734150757493,0.917010612889619,1.0,2.0,0.0,142.37654816699464,322,50.55717751482152,10.0,15.885110022666142,3.6627567452220764,0.0012487734150757493,0.917010612889619,0.6028597394045829,1.3104663503609928,71.18827408349732,1.0,0.0012487734150757493,0.917010612889619,1.0,2.0,0.0,True,,resolved_oscillation,1.0,401.9,7.949415290878878,0.000786831963216815,0.9250455110562064,150.83229476406504,11.305557570260138,218.66069684253998,87.39145519689335,0.5493903956208012,0.30793157076205285,2879.0471584396428,201.7321043063559,5.115747418460972,0.00996767668869736,0.001948430184947647,0.5305487669406799,2.5166666666666666,12.434360507955187,1.0,1.0,40.0,142.37654816699464,0.001948430184947647,0.5305487669406799
AB,shared_PLtetO1_leak,3,0.13384197899943828,0.2102493009055516,0.002416419738390796,0.5463243052771948,0.8048933820835706,0.012133239297335785,0.6383509037943887,0.39924093577650477,42.676839579988766,10.0,10.102493009055516,2.004832839476782,0.005137884162311859,1.3048933820835706,0.5121332392973358,2.793753818007069,31.93927486212038,1.0,0.005137884162311859,1.3048933820835706,1.0,2.0,0.0,63.87854972424076,323,42.676839579988766,10.0,10.102493009055516,2.004832839476782,0.005137884162311859,1.3048933820835706,0.5121332392973358,2.793753818007069,31.93927486212038,1.0,0.005137884162311859,1.3048933820835706,1.0,2.0,0.0,True,,resolved_oscillation,1.0,364.8181818181818,8.548387964258852,0.0011088260882774477,0.960722820847836,229.92849030496382,9.03094250589466,328.1177488251557,84.78109338043666,0.629080488412659,0.1379693401466341,2389.3123503059423,163.23392681377666,5.2285467660844835,0.0659401319268403,0.012611560128823533,0.4816707398355921,1.9,10.106857884375394,1.0,1.0,40.0,63.87854972424076,0.012611560128823533,0.4816707398355921
AB,shared_PLtetO1_leak,4,0.29839124245100024,0.4014372245417077,0.7407632727886166,0.5087196443573747,0.9917832957867231,0.8395727965599573,0.6163105529447619,0.23802648392585535,45.967824849020005,10.0,12.014372245417077,3.4815265455772333,0.004590494978871055,1.491783295786723,1.3395727965599573,2.696389267662793,19.04211871406843,1.0,0.004590494978871055,1.491783295786723,1.0,2.0,0.0,38.08423742813686,324,45.967824849020005,10.0,12.014372245417077,3.4815265455772333,0.004590494978871055,1.491783295786723,1.3395727965599573,2.696389267662793,19.04211871406843,1.0,0.004590494978871055,1.491783295786723,1.0,2.0,0.0,True,,resolved_oscillation,1.0,671.5,14.608043826426906,0.0008156702271111929,0.9918076041185141,960.3568227854604,7.86762327974455,1734.3427517926295,447.51625075988085,0.6046165301563663,0.23616974005776495,4999.122628359859,45.35334248042897,8.729422749797966,0.04921897390216688,0.005638285063385894,0.358586980670962,3.1666666666666665,26.43293557724672,1.0,1.0,40.0,38.08423742813686,0.005638285063385894,0.358586980670962
AB,shared_PLtetO1_leak,5,0.43609826489132697,0.9283144976343863,0.4369071057473428,0.6918561179733094,0.4457193604870616,0.8902233596814232,0.30683681880373526,0.2464707225199041,48.72196529782654,10.0,17.283144976343863,2.8738142114946856,0.00794557922178029,0.9457193604870616,1.390223359681423,1.6385878586544742,19.717657801592328,1.0,0.00794557922178029,0.9457193604870616,1.0,2.0,0.0,39.435315603184655,325,48.72196529782654,10.0,17.283144976343863,2.8738142114946856,0.00794557922178029,0.9457193604870616,1.390223359681423,1.6385878586544742,19.717657801592328,1.0,0.00794557922178029,0.9457193604870616,1.0,2.0,0.0,True,,resolved_oscillation,1.0,523.8571428571429,10.75197069032254,0.0007215029482041424,0.9772224134764564,524.153489667183,11.93895146251157,620.558988062896,280.95375946486166,0.6268884646850286,0.2534992223950233,2834.2165873739486,87.60969651697863,5.0626547774997235,0.05437759836038482,0.010740925611214617,0.4359031326371917,2.5833333333333335,12.900550655204535,1.0,1.0,40.0,39.435315603184655,0.010740925611214617,0.4359031326371917
AB,shared_PLtetO1_leak,6,0.2794490958047151,0.8625034418378221,0.8867248432919269,0.5494008121557732,0.4617652819142606,0.17305191977008727,0.3697961343740416,0.12011926120459937,45.588981916094305,10.0,16.62503441837822,3.773449686583854,0.005185455794029979,0.9617652819142606,0.6730519197700873,1.8133281586919776,9.60954089636795,1.0,0.005185455794029979,0.9617652819142606,1.0,2.0,0.0,19.2190817927359,326,45.588981916094305,10.0,16.62503441837822,3.773449686583854,0.005185455794029979,0.9617652819142606,0.6730519197700873,1.8133281586919776,9.60954089636795,1.0,0.005185455794029979,0.9617652819142606,1.0,2.0,0.0,True,,resolved_oscillation,1.0,521.0,11.428199931266091,0.0,0.9787970181728086,406.5063828046101,8.619147447243476,420.6731488965114,338.5964494147267,0.6257197696737045,0.3365918684736725,3586.606679843602,76.11949545091237,6.3777862326937935,0.03588254118306278,0.005626174956934394,0.464785603199289,2.9166666666666665,17.74560018043729,1.0,1.0,40.0,19.2190817927359,0.005626174956934394,0.464785603199289
AB,shared_PLtetO1_leak,7,0.9184594597167923,0.49622080261620993,0.0015575791320572296,0.01990500536566875,0.9560701223241277,0.3725144238776874,0.9611080662365922,0.35699789581469954,58.369189194335846,10.0,12.962208026162099,2.0031151582641145,0.0010614438107915405,1.4560701223241277,0.8725144238776874,4.696623093566884,28.559831665175963,1.0,0.0010614438107915405,1.4560701223241277,1.0,2.0,0.0,57.119663330351926,327,58.369189194335846,10.0,12.962208026162099,2.0031151582641145,0.0010614438107915405,1.4560701223241277,0.8725144238776874,4.696623093566884,28.559831665175963,1.0,0.0010614438107915405,1.4560701223241277,1.0,2.0,0.0,True,,resolved_oscillation,1.0,732.8,12.55456877360755,0.0006102805615447025,0.9942157270257931,1457.117458187894,8.428365133641421,1924.1721174086126,659.2579358000955,0.6417167030567686,0.21084203510331037,4898.016893854974,51.21044039050586,7.357953770584919,0.011923796795025957,0.00162053162697135,0.38835814263497,3.066666666666667,22.036496199007747,1.0,1.0,40.0,57.119663330351926,0.00162053162697135,0.38835814263497
AB,shared_PLtetO1_leak,8,0.30358690650228426,0.5048124943431317,0.9217794243662824,0.25917585793441733,0.48115780150084886,0.6166769025777588,0.9266438061402799,0.37517357399106444,46.07173813004569,10.0,13.048124943431317,3.843558848732565,0.0021736797791269804,0.9811578015008489,1.1166769025777588,4.443203711646457,30.013885919285155,1.0,0.0021736797791269804,0.9811578015008489,1.0,2.0,0.0,60.02777183857031,328,46.07173813004569,10.0,13.048124943431317,3.843558848732565,0.0021736797791269804,0.9811578015008489,1.1166769025777588,4.443203711646457,30.013885919285155,1.0,0.0021736797791269804,0.9811578015008489,1.0,2.0,0.0,True,,resolved_oscillation,1.0,797.25,17.30453489185973,0.0006271558482282847,0.9970643527732318,1915.7461717370093,5.623954936251591,2024.6397157762476,1551.6130196680526,0.62815929758545,0.35525438791379693,4250.560762293088,15.159054561767288,6.7843050875917035,0.015327814874103961,0.00225930506900966,0.4319040213285936,4.5,28.714245637338628,1.0,1.0,40.0,60.02777183857031,0.00225930506900966,0.4319040213285936
AB,shared_PLtetO1_leak,9,0.932509762265573,0.6848542803973867,0.545033930508929,0.6308310704408406,0.9406082623381035,0.4715857368406461,0.9437489081058605,0.8804158591471485,58.650195245311465,10.0,14.848542803973867,3.0900678610178582,0.006618051537086916,1.4406082623381034,0.9715857368406461,4.567222593336356,70.43326873177188,1.0,0.006618051537086916,1.4406082623381034,1.0,2.0,0.0,140.86653746354375,329,58.650195245311465,10.0,14.848542803973867,3.0900678610178582,0.006618051537086916,1.4406082623381034,0.9715857368406461,4.567222593336356,70.43326873177188,1.0,0.006618051537086916,1.4406082623381034,1.0,2.0,0.0,True,,resolved_oscillation,1.0,617.6666666666666,10.531365907363169,0.0008360460542271814,0.9585815833264286,348.6774397174961,14.44166748289329,1442.659862283759,99.85004860721786,0.5426875337290881,0.08287047322817152,3391.6723964902817,99.22702595070855,5.428040353446166,0.06911889038108629,0.01273367290595103,0.39413463674738947,2.683333333333333,14.564536332167654,1.0,1.0,40.0,140.86653746354375,0.01273367290595103,0.39413463674738947
AB,shared_PLtetO1_leak,10,0.5589990905755731,0.4462819689375723,0.9938149577766761,0.20057062470370945,0.8793790695616299,0.4601942566664927,0.11453905085060889,0.29314213139177814,51.17998181151146,10.0,12.462819689375724,3.9876299155533523,0.0018236790077128045,1.37937906956163,0.9601942566664927,1.2024287755036374,23.45137051134225,1.0,0.0018236790077128045,1.37937906956163,1.0,2.0,0.0,46.9027410226845,330,51.17998181151146,10.0,12.462819689375724,3.9876299155533523,0.0018236790077128045,1.37937906956163,0.9601942566664927,1.2024287755036374,23.45137051134225,1.0,0.0018236790077128045,1.37937906956163,1.0,2.0,0.0,True,,resolved_oscillation,1.0,688.1666666666666,13.446012333515199,0.0005932404317711742,0.9916123843860277,672.7574096876974,5.642830553912099,701.8521751824644,555.1510937070559,0.6128602567207557,0.3321484114641191,6324.633520762567,50.31241918155333,9.508976798411751,0.01808033146710701,0.0019013961071107988,0.4296822928238169,3.9583333333333335,35.3033085748818,1.0,1.0,40.0,46.9027410226845,0.0019013961071107988,0.4296822928238169
AB,shared_PLtetO1_leak,11,0.8825503300451477,0.7833164928346555,0.6936976459779453,0.9272630392492941,0.3326584954172609,0.6616409964329848,0.40307903288704905,0.6314419665790977,57.65100660090295,10.0,15.833164928346555,3.3873952919558903,0.016084109753052262,0.8326584954172609,1.1616409964329848,1.9131109319217572,50.515357326327816,1.0,0.016084109753052262,0.8326584954172609,1.0,2.0,0.0,101.03071465265563,331,57.65100660090295,10.0,15.833164928346555,3.3873952919558903,0.016084109753052262,0.8326584954172609,1.1616409964329848,1.9131109319217572,50.515357326327816,1.0,0.016084109753052262,0.8326584954172609,1.0,2.0,0.0,True,,resolved_oscillation,1.0,496.375,8.609997106142906,0.0010426576066618295,0.9230570305550645,200.91729350728588,15.459173175290218,410.631492575874,63.564362366270274,0.5644925711407707,0.09664518995778716,1922.8211233396846,149.26888623132476,3.1570289256822934,0.09733058023118621,0.030829803122615115,0.4232392801599644,2.525,8.292691842544118,1.0,1.0,40.0,101.03071465265563,0.030829803122615115,0.4232392801599644
AB,shared_PLtetO1_leak,12,0.4044568990688079,0.024031735423203138,0.3713608600938766,0.919223597732741,0.3484344915921219,0.41869845356194746,0.0743758010283625,0.5957220289699944,48.089137981376155,10.0,8.240317354232031,2.7427217201877534,0.01570136730951798,0.8484344915921219,0.9186984535619475,1.1271622984285814,47.65776231759955,1.0,0.01570136730951798,0.8484344915921219,1.0,2.0,0.0,95.3155246351991,332,48.089137981376155,10.0,8.240317354232031,2.7427217201877534,0.01570136730951798,0.8484344915921219,0.9186984535619475,1.1271622984285814,47.65776231759955,1.0,0.01570136730951798,0.8484344915921219,1.0,2.0,0.0,True,,resolved_oscillation,1.0,316.15384615384613,6.574329659980294,0.0011878198309713552,0.8288284353137756,57.195163674146336,9.790185658588339,120.68116222967458,18.32918370174093,0.5883211678832118,0.0,1212.1232905939858,238.77884855234862,2.3973471933072967,0.12526239772343706,0.05225041999470649,0.5432126194179071,2.025,5.212081398505554,1.0,1.0,40.0,95.3155246351991,0.05225041999470649,0.5432126194179071
AB,shared_PLtetO1_leak,13,0.8397119452496339,0.26008903724763854,0.8937767146418455,0.18190918659667188,0.6297901131894204,0.3533399201315356,0.54972461355271,0.24027480692021974,56.79423890499268,10.0,10.600890372476385,3.787553429283691,0.0017245242600035275,1.1297901131894204,0.8533399201315356,2.422372990848222,19.22198455361758,1.0,0.0017245242600035275,1.1297901131894204,1.0,2.0,0.0,38.44396910723516,333,56.79423890499268,10.0,10.600890372476385,3.787553429283691,0.0017245242600035275,1.1297901131894204,0.8533399201315356,2.422372990848222,19.22198455361758,1.0,0.0017245242600035275,1.1297901131894204,1.0,2.0,0.0,True,,resolved_oscillation,1.0,895.25,15.763042471571886,0.0005585032113934655,0.9961864029635069,1151.192798433862,4.390185444539672,1183.8409947066752,954.2352197899731,0.6241273387321977,0.3319262386136414,5960.651428612836,24.482378688870757,7.841340686829931,0.014002863921389625,0.0017857742037542628,0.41546323039324595,5.05,37.15443526112584,1.0,1.0,40.0,38.44396910723516,0.0017857742037542628,0.41546323039324595
AB,shared_PLtetO1_leak,14,0.5050919744883469,0.29587452410599624,0.37675403278337516,0.6395807765362228,0.21428753930495725,0.20466249303767636,0.7919028093038489,0.04476630886248789,50.10183948976694,10.0,10.958745241059962,2.7535080655667503,0.00679381591278564,0.7142875393049573,0.7046624930376764,3.576978337681357,3.5813047089990313,1.0,0.00679381591278564,0.7142875393049573,1.0,2.0,0.0,7.162609417998063,334,50.10183948976694,10.0,10.958745241059962,2.7535080655667503,0.00679381591278564,0.7142875393049573,0.7046624930376764,3.576978337681357,3.5813047089990313,1.0,0.00679381591278564,0.7142875393049573,1.0,2.0,0.0,True,,resolved_oscillation,1.0,588.4285714285714,11.744650045209521,0.0009083897515838654,0.982658198078036,427.15041831558875,7.407557945313007,543.1043173522122,239.00260947878957,0.6304928380674921,0.22150633192623861,2245.5803773123826,51.8585229502223,3.8374156213526875,0.03508923121608152,0.009143974663790152,0.372806043101533,2.7916666666666665,10.557867116075217,1.0,1.0,40.0,7.162609417998063,0.009143974663790152,0.372806043101533
AB,shared_PLtetO1_leak,15,0.9354066410283456,0.4956740475582503,0.6505030867783376,0.1671308193529456,0.44262136838463495,0.3567890580726589,0.7861953008443282,0.3266761862476052,58.70813282056692,10.0,12.956740475582503,3.301006173556675,0.0016498414451408374,0.942621368384635,0.8567890580726589,3.5442710945200737,26.134094899808417,1.0,0.0016498414451408374,0.942621368384635,1.0,2.0,0.0,52.268189799616835,335,58.70813282056692,10.0,12.956740475582503,3.301006173556675,0.0016498414451408376,0.942621368384635,0.8567890580726589,3.5442710945200737,26.134094899808417,1.0,0.0016498414451408374,0.942621368384635,1.0,2.0,0.0,True,,resolved_oscillation,1.0,903.5,15.389690603198362,0.0006390152398335647,0.9961898878401072,1403.4549359671223,5.347320717389935,1454.4542991718054,1097.1426582923082,0.630049806308799,0.3250388802488336,4986.767982994361,22.897245344390594,6.42825915450062,0.011178277914015983,0.0017389277011630327,0.4143523661408576,4.983333333333333,30.0966792336125,1.0,1.0,40.0,52.268189799616835,0.0017389277011630327,0.4143523661408576
AB,shared_PLtetO1_leak,16,0.4165039138534229,0.28577343400915445,0.19195520983891223,0.804895963470704,0.5293155168028456,0.028087019400847124,0.24521803081693405,0.1709331898065073,48.33007827706846,10.0,10.857734340091545,2.3839104196778242,0.011147918675668068,1.0293155168028456,0.5280870194008471,1.4838843279905287,13.674655184520583,1.0,0.011147918675668068,1.0293155168028456,1.0,2.0,0.0,27.349310369041167,336,48.33007827706846,10.0,10.857734340091545,2.3839104196778242,0.011147918675668068,1.0293155168028456,0.5280870194008471,1.4838843279905287,13.674655184520583,1.0,0.011147918675668068,1.0293155168028456,1.0,2.0,0.0,True,,resolved_oscillation,1.0,358.6363636363636,7.420562441061233,0.0014067870139935724,0.9119335226763358,117.09825290429357,10.312430634036676,151.8716840515515,53.977105339977605,0.6266793409378961,0.12286158631415241,2015.996108602734,247.80011576857225,3.9597689570614047,0.10769781024365736,0.027198003573314866,0.5187736058653633,2.0166666666666666,8.389787182590153,1.0,1.0,40.0,27.349310369041167,0.027198003573314866,0.5187736058653633
AB,shared_PLtetO1_leak,17,0.5474959190386707,0.32786926200840927,0.12153798541605187,0.6215121286396251,0.7705241825193797,0.8212992686047814,0.49428288340064575,0.17215494341127735,50.94991838077341,10.0,11.278692620084094,2.2430759708321037,0.006435850126875818,1.2705241825193796,1.3212992686047813,2.21558751476456,13.772395472902188,1.0,0.006435850126875818,1.2705241825193796,1.0,2.0,0.0,27.544790945804376,337,50.94991838077341,10.0,11.278692620084094,2.2430759708321037,0.006435850126875817,1.2705241825193796,1.3212992686047813,2.21558751476456,13.772395472902188,1.0,0.006435850126875818,1.2705241825193796,1.0,2.0,0.0,True,,resolved_oscillation,1.0,458.8888888888889,9.006665829361886,0.0013095222550111338,0.9544149133219026,300.91616506889187,13.717289467506049,509.54996343862547,131.17942960690186,0.6167070217917675,0.0,1811.9439983974303,108.0908293930085,3.6094539608692187,0.06451107996237153,0.017872808646889112,0.3765829815596534,1.8333333333333333,7.065695774302364,1.0,1.0,40.0,27.544790945804376,0.017872808646889112,0.3765829815596534
AB,shared_PLtetO1_leak,18,0.2557492081993019,0.011841787648559254,0.9901753778860107,0.4638268686678979,0.24386234796739392,0.9723548965289336,0.18530812723112733,0.07398357953597556,45.11498416398604,10.0,8.118417876485593,3.9803507557720215,0.004012847623364352,0.7438623479673939,1.4723548965289335,1.3474877400250016,5.918686362878045,1.0,0.004012847623364352,0.7438623479673939,1.0,2.0,0.0,11.83737272575609,338,45.11498416398604,10.0,8.118417876485593,3.9803507557720215,0.004012847623364352,0.7438623479673939,1.4723548965289335,1.3474877400250016,5.918686362878045,1.0,0.004012847623364352,0.7438623479673939,1.0,2.0,0.0,True,,resolved_oscillation,1.0,645.6666666666666,14.311579148953427,0.0007997900560056619,0.9925449152018735,539.8239737209992,4.024433500151669,566.5794064174919,410.8878775881753,0.6202891068662881,0.32548322594978896,2971.232606605664,25.670068170312906,5.037829205494095,0.021453400370941882,0.004258461233172711,0.4141301932903799,3.6166666666666667,17.19633230712225,1.0,1.0,40.0,11.83737272575609,0.004258461233172711,0.4141301932903799
AB,shared_PLtetO1_leak,19,0.9255513500073052,0.7189310719243752,0.3595363148666204,0.9669988305911175,0.614501749387959,0.9187699952713662,0.5653192310309306,0.6859534039173187,58.5110270001461,10.0,15.189310719243753,2.719072629733241,0.018117342075685442,1.114501749387959,1.4187699952713662,2.4839404815345145,54.8762723133855,1.0,0.018117342075685442,1.114501749387959,1.0,2.0,0.0,109.752544626771,339,58.5110270001461,10.0,15.189310719243753,2.719072629733241,0.018117342075685442,1.114501749387959,1.4187699952713662,2.4839404815345145,54.8762723133855,1.0,0.018117342075685456,1.114501749387959,1.0,2.0,0.0,True,,steady_state,0.0,,,,,34.68386808544536,34.665310716632,258.01914767396994,42.656431888837595,,0.0,761.9348617254794,761.4601265488545,0.8993461731692739,0.8983484789631715,0.9988906449642337,1.0,,,1.0,1.0,40.0,109.752544626771,,
AB,shared_PLtetO1_leak,20,0.0013435690855783111,0.46494735339945903,0.7029286016979912,0.6350116725887508,0.45656378171454903,0.066410428609471,0.5239147617457327,0.5455612958419926,40.026871381711565,10.0,12.649473533994591,3.4058572033959824,0.006701456974639787,0.956563781714549,0.566410428609471,2.323810465653857,43.644903667359415,1.0,0.006701456974639787,0.956563781714549,1.0,2.0,0.0,87.28980733471883,340,40.026871381711565,10.0,12.649473533994591,3.4058572033959824,0.006701456974639787,0.956563781714549,0.566410428609471,2.323810465653857,43.644903667359415,1.0,0.006701456974639787,0.956563781714549,1.0,2.0,0.0,True,,resolved_oscillation,1.0,419.1,10.470466102716399,0.000754540124115576,0.9749805902300972,302.89882649956036,7.578349859015195,357.9843998151719,157.64463599599912,0.5917442137914578,0.3194845589868918,2831.278132184919,89.17245245606965,5.855659428634183,0.046208588189767856,0.007891269762685957,0.46967340590979784,2.5,13.98399650467106,1.0,1.0,40.0,87.28980733471883,0.007891269762685957,0.46967340590979784
AB,shared_PLtetO1_leak,21,0.07885095553436716,0.31896266985311017,0.43766206874156466,0.9808370020079306,0.7169457026455673,0.4357792480321784,0.5996465601993903,0.8802543008467651,41.577019110687345,10.0,11.189626698531102,2.8753241374831293,0.0188841899612876,1.2169457026455675,0.9357792480321784,2.625034156727496,70.42034406774121,1.0,0.0188841899612876,1.2169457026455675,1.0,2.0,0.0,140.84068813548242,341,41.577019110687345,10.0,11.189626698531102,2.8753241374831293,0.0188841899612876,1.2169457026455675,0.9357792480321784,2.625034156727496,70.42034406774121,1.0,0.018884189961287608,1.2169457026455675,1.0,2.0,0.0,True,,steady_state,0.0,,,,,16.386894005348402,16.38689245542479,328.7128266020101,23.544290748499485,,0.0,1392.6031214026555,1392.6029009226625,2.3131289253457887,2.3131284720184744,0.999999804019867,1.0,,,1.0,1.0,40.0,140.84068813548242,,
AB,shared_PLtetO1_leak,22,0.8675713022377077,0.6969107328092301,0.6335471684261575,0.024579134368412636,0.8481709139021257,0.3486284427256984,0.980574699729904,0.08487242491476177,57.351426044754156,10.0,14.969107328092301,3.267094336852315,0.001076411158249357,1.3481709139021256,0.8486284427256984,4.846099224439112,6.7897939931809415,1.0,0.001076411158249357,1.3481709139021256,1.0,2.0,0.0,13.579587986361883,342,57.351426044754156,10.0,14.969107328092301,3.267094336852315,0.001076411158249357,1.3481709139021256,0.8486284427256984,4.846099224439112,6.7897939931809415,1.0,0.001076411158249357,1.3481709139021256,1.0,2.0,0.0,True,,resolved_oscillation,1.0,1015.6666666666666,17.709527673716284,0.0005684446365503372,0.9979724347807684,2763.454757881243,5.60308475200011,2823.756870693416,2489.5957428905335,0.646865769609452,0.267940457676072,7152.285698443874,16.066667367597585,9.313200482324808,0.010429991278647044,0.0011199148239578601,0.3610308820262164,5.1,44.892404822128825,1.0,1.0,40.0,13.579587986361883,0.0011199148239578601,0.3610308820262164
AB,shared_PLtetO1_leak,23,0.8783796245132314,0.3287124873925278,0.08087632777524123,0.23148635367058323,0.25608481486483725,0.8729212352329343,0.7929911185726779,0.12612542097333246,57.56759249026463,10.0,11.287124873925277,2.1617526555504822,0.002000648024998137,0.7560848148648373,1.3729212352329343,3.5832491422890334,10.090033677866597,1.0,0.002000648024998137,0.7560848148648373,1.0,2.0,0.0,20.180067355733193,343,57.56759249026463,10.0,11.287124873925277,2.1617526555504822,0.002000648024998137,0.7560848148648373,1.3729212352329343,3.5832491422890334,10.090033677866597,1.0,0.002000648024998137,0.7560848148648373,1.0,2.0,0.0,True,,resolved_oscillation,1.0,692.6666666666666,12.032232662566267,0.0007455213370947868,0.9908420615157282,870.2843494814099,7.970010536375285,1127.1437308872237,440.08644166238423,0.6406400384985563,0.18195956454121306,2387.5275605843754,34.3083419495176,3.69481432303248,0.011323720414498709,0.003064760343682138,0.343701399688958,2.875,10.497340858129412,1.0,1.0,40.0,20.180067355733193,0.003064760343682138,0.343701399688958
AB,shared_PLtetO1_leak,24,0.39314986885056447,0.3402603413700579,0.283665563286857,0.6501179355120146,0.526312222726394,0.13956516709130617,0.18540594859632797,0.31633641727601725,47.86299737701129,10.0,11.402603413700579,2.567331126573714,0.007011693680253169,1.026312222726394,0.6395651670913062,1.3476999017105737,25.30691338208138,1.0,0.007011693680253169,1.026312222726394,1.0,2.0,0.0,50.61382676416276,344,47.86299737701129,10.0,11.402603413700579,2.567331126573714,0.007011693680253169,1.026312222726394,0.6395651670913062,1.3476999017105737,25.30691338208138,1.0,0.007011693680253169,1.026312222726394,1.0,2.0,0.0,True,,resolved_oscillation,1.0,394.0,8.231828794517561,0.0,0.9512984359952104,180.422434931838,8.78685476273291,211.93773855222818,76.56120050459785,0.616751269035533,0.22906020884247946,2557.5951557164135,185.74541001048232,4.890731407983564,0.057839374476305654,0.011826324050813635,0.47500555432126196,2.25,10.866690295459057,1.0,1.0,40.0,50.61382676416276,0.011826324050813635,0.47500555432126196
AB,shared_PLtetO1_leak,25,0.07041119244804428,0.332130848458681,0.47799425521871675,0.6903046404162181,0.32422163560981,0.23806648353124005,0.9210385550297289,0.31793519788627744,41.40822384896089,10.0,11.32130848458681,2.9559885104374333,0.00790873535617198,0.82422163560981,0.73806648353124,4.403300482001121,25.434815830902195,1.0,0.00790873535617198,0.82422163560981,1.0,2.0,0.0,50.86963166180439,345,41.40822384896089,10.0,11.32130848458681,2.9559885104374333,0.00790873535617198,0.82422163560981,0.73806648353124,4.403300482001121,25.434815830902195,1.0,0.00790873535617198,0.82422163560981,1.0,2.0,0.0,True,,resolved_oscillation,1.0,500.125,12.077914808040005,0.000706930048674379,0.9835482989129787,454.12471166569213,7.471124012553737,709.9520817824927,190.10283609379653,0.6058485378655336,0.26171961786269715,2279.9671930096047,49.34451657589364,4.5901909573416,0.04695591729097862,0.01022962175808325,0.4105754276827372,2.55,11.394570920122408,1.0,1.0,40.0,50.86963166180439,0.01022962175808325,0.4105754276827372
AB,shared_PLtetO1_leak,26,0.5453222821228122,0.15880740001429594,0.7315526222870028,0.4233624376936185,0.44424563520368043,0.8995501600465765,0.7702554738662177,0.8733172195768184,50.90644564245625,10.0,9.58807400014296,3.4631052445740056,0.0035547350015279937,0.9442456352036804,1.3995501600465765,3.4545021865384595,69.86537756614547,1.0,0.0035547350015279937,0.9442456352036804,1.0,2.0,0.0,139.73075513229094,346,50.90644564245625,10.0,9.58807400014296,3.4631052445740056,0.0035547350015279937,0.9442456352036804,1.3995501600465765,3.4545021865384595,69.86537756614547,1.0,0.0035547350015279937,0.9442456352036804,1.0,2.0,0.0,True,,resolved_oscillation,1.0,735.2,14.442178995636642,0.0006082883507888437,0.9947279432996816,1040.107830406153,5.483507456346438,1787.3326195790778,304.41345253006426,0.5807943416757344,0.30904243501444123,3849.8482525510626,28.34336318711432,5.931556173757093,0.0241239270343381,0.004067048566625615,0.41835147744945567,3.9166666666666665,21.81608772319415,1.0,1.0,40.0,139.73075513229094,0.004067048566625615,0.41835147744945567
AB,shared_PLtetO1_leak,27,0.5842061138530887,0.17478857874816356,0.6751111745047766,0.6428282659747564,0.47372262078119953,0.27706809452061376,0.08242795025315841,0.20941401680263994,51.684122277061775,10.0,9.747885787481636,3.3502223490095533,0.006860232839180728,0.9737226207811995,0.7770680945206138,1.1418647460445446,16.753121344211195,1.0,0.006860232839180728,0.9737226207811995,1.0,2.0,0.0,33.50624268842239,347,51.684122277061775,10.0,9.747885787481636,3.3502223490095533,0.0068602328391807275,0.9737226207811995,0.7770680945206138,1.1418647460445446,16.753121344211195,1.0,0.006860232839180728,0.9737226207811995,1.0,2.0,0.0,True,,resolved_oscillation,1.0,554.2857142857143,10.724487325418217,0.0008803222307525427,0.9790207958986482,283.18015414616474,5.940894251284642,310.74972132808347,150.68538109020892,0.6069072164948454,0.3008220395467674,3643.2371304344056,101.60778388008478,5.884396260892283,0.0480959130000514,0.008173466039276961,0.4452343923572539,3.1,17.52729918729551,1.0,1.0,40.0,33.50624268842239,0.008173466039276961,0.4452343923572539
AB,shared_PLtetO1_leak,28,0.5150252250115483,0.5671990511643153,0.9824233046384001,0.9247304818483281,0.8684331197247117,0.5459952500686578,0.7216872091884045,0.610060609924768,50.30050450023097,10.0,13.671990511643154,3.9648466092768,0.015962543537036054,1.3684331197247117,1.0459952500686578,3.1947561271526923,48.804848793981435,1.0,0.015962543537036054,1.3684331197247117,1.0,2.0,0.0,97.60969758796287,348,50.30050450023097,10.0,13.671990511643154,3.9648466092768,0.015962543537036054,1.3684331197247117,1.0459952500686578,3.1947561271526923,48.804848793981435,1.0,0.015962543537036054,1.3684331197247117,1.0,2.0,0.0,True,,steady_state,0.0,,,,,13.528120313468198,13.52811778476503,1192.1870581304831,36.71689793402164,,1.0,3712.7527696370516,3712.741067330402,5.097395026125046,5.097393163773353,0.9999996346463864,1.0,,,1.0,1.0,40.0,97.60969758796287,,
AB,shared_PLtetO1_leak,29,0.04945339346089217,0.09762210073206024,0.7021926793540646,0.46133132990824877,0.12301565154377614,0.43951840096355876,0.716675164080167,0.8026172127841293,40.98906786921784,10.0,8.976221007320602,3.4043853587081294,0.003982959571194714,0.6230156515437761,0.9395184009635588,3.169089047811621,64.20937702273035,1.0,0.003982959571194714,0.6230156515437761,1.0,2.0,0.0,128.4187540454607,349,40.98906786921784,10.0,8.976221007320602,3.4043853587081294,0.003982959571194714,0.6230156515437761,0.9395184009635588,3.169089047811621,64.20937702273035,1.0,0.003982959571194714,0.6230156515437761,1.0,2.0,0.0,True,,resolved_oscillation,1.0,511.2857142857143,12.47370923186282,0.0009543588307683336,0.990430682439724,496.45418250423825,4.750727726510252,597.3334135234351,205.41665095199636,0.584409052808047,0.34792268384803376,2089.6431928649786,29.324991667816306,4.017447367916128,0.01783925392287261,0.0044404449614795895,0.4596756276383026,3.05,11.549727885309725,1.0,1.0,40.0,128.4187540454607,0.0044404449614795895,0.4596756276383026
AB,shared_PLtetO1_leak,30,0.23529284243979742,0.8407494147148626,0.1627078196361389,0.06637948108900138,0.9153118394219858,0.6622785865219342,0.34201139629394184,0.761506421166632,44.705856848795946,10.0,16.407494147148626,2.325415639272278,0.0012200052399782594,1.4153118394219857,1.1622785865219343,1.734026407844816,60.92051369333056,1.0,0.0012200052399782594,1.4153118394219857,1.0,2.0,0.0,121.84102738666112,350,44.705856848795946,10.0,16.407494147148626,2.325415639272278,0.0012200052399782594,1.4153118394219857,1.1622785865219343,1.734026407844816,60.92051369333056,1.0,0.0012200052399782594,1.4153118394219857,1.0,2.0,0.0,True,,resolved_oscillation,1.0,466.3333333333333,10.431146301715343,0.0010721944245889923,0.9866749683279995,731.6657770269846,9.74946965220338,787.2685357957038,313.43964861617314,0.6277698355968548,0.2661630748722506,4064.388637724583,96.23821746498946,7.833649491165101,0.013897736248279781,0.001774107491527907,0.4450122195067763,2.466666666666667,18.545421725820106,1.0,1.0,40.0,121.84102738666112,0.001774107491527907,0.4450122195067763
AB,shared_PLtetO1_leak,31,0.3961908178200533,0.5858255229716866,0.8827516093406286,0.353636620404131,0.42790177911939253,0.8533965863188613,0.9318053292379148,0.9537836951071544,47.92381635640106,10.0,13.858255229716866,3.765503218681257,0.0028846415232157024,0.9279017791193925,1.3533965863188613,4.48026781101067,76.30269560857235,1.0,0.0028846415232157024,0.9279017791193925,1.0,2.0,0.0,152.6053912171447,351,47.92381635640106,10.0,13.858255229716866,3.765503218681257,0.0028846415232157024,0.9279017791193925,1.3533965863188613,4.48026781101067,76.30269560857235,1.0,0.0028846415232157024,0.9279017791193925,1.0,2.0,0.0,True,,resolved_oscillation,1.0,788.5,16.453197177287866,0.0007322134041720047,0.9966478680417147,1964.5377474665122,6.585389766540336,2361.9132273316636,1110.5781829640653,0.6095117311350666,0.3570317707176183,4057.541992533458,19.731451595817052,6.287410797723522,0.019237114758395006,0.003059624283713126,0.44212397245056656,4.566666666666666,26.90811063874913,1.0,1.0,40.0,152.6053912171447,0.003059624283713126,0.44212397245056656
AB,shared_PLtetO1_leak,32,0.45544406973220386,0.8413148429729738,0.5906917281865809,0.977439747737267,0.6550826693183404,0.7769402083886271,0.7903188624593088,0.30569927964458465,49.10888139464408,10.0,16.413148429729738,3.1813834563731618,0.018692975241526855,1.1550826693183405,1.276940208388627,3.567871288277414,24.45594237156677,1.0,0.018692975241526855,1.1550826693183405,1.0,2.0,0.0,48.91188474313354,352,49.10888139464408,10.0,16.413148429729738,3.1813834563731618,0.018692975241526855,1.1550826693183405,1.276940208388627,3.567871288277414,24.45594237156677,1.0,0.018692975241526855,1.1550826693183405,1.0,2.0,0.0,True,,steady_state,0.0,,,,,39.28063389513398,39.27906302846979,196.98890178360386,49.244556505796744,,0.0,449.96748301443074,449.85806002235984,0.6327943168973633,0.6327371509348416,0.9999096610683832,1.0,3.1166666666666667,,1.0,1.0,40.0,48.91188474313354,,
AB,shared_PLtetO1_leak,33,0.9227593837099817,0.2542365218699282,0.11984868902090784,0.4293318672542126,0.2844369626022776,0.215498302700181,0.5288499542686814,0.8553785018010519,58.455187674199635,10.0,10.542365218699281,2.2396973780418157,0.003618875458662438,0.7844369626022776,0.715498302700181,2.34234172557057,68.43028014408415,1.0,0.003618875458662438,0.7844369626022776,1.0,2.0,0.0,136.8605602881683,353,58.455187674199635,10.0,10.542365218699281,2.2396973780418157,0.003618875458662438,0.7844369626022776,0.715498302700181,2.34234172557057,68.43028014408415,1.0,0.003618875458662438,0.7844369626022776,1.0,2.0,0.0,True,,resolved_oscillation,1.0,505.0,8.639096376092755,0.0,0.9733633081088873,301.77898627462946,8.03839387660961,378.09855338672224,81.29480552878118,0.6099009900990099,0.22906020884247946,2348.3298641816214,123.75785203798014,3.6546331627919297,0.023473367952457913,0.0064229067342358405,0.4601199733392579,2.816666666666667,10.055226709222305,1.0,1.0,40.0,136.8605602881683,0.0064229067342358405,0.4601199733392579
AB,shared_PLtetO1_leak,34,0.07950435043954462,0.9662316694526888,0.37274283035622435,0.6237509638521684,0.9875008646722722,0.4630627884669968,0.38130948963773503,0.5292730561158066,41.590087008790896,10.0,17.662316694526886,2.7454856607124487,0.006479160134380648,1.4875008646722723,0.9630627884669968,1.8472424305525734,42.341844489264524,1.0,0.006479160134380648,1.4875008646722723,1.0,2.0,0.0,84.68368897852905,354,41.590087008790896,10.0,17.662316694526886,2.7454856607124487,0.006479160134380648,1.4875008646722723,0.9630627884669968,1.8472424305525734,42.341844489264524,1.0,0.006479160134380648,1.4875008646722723,1.0,2.0,0.0,True,,resolved_oscillation,1.0,439.77777777777777,10.574100931426807,0.0010026849334504513,0.9799475005998446,574.1835855863078,11.513816005548518,675.8684090646896,268.0290950884744,0.6198585144012128,0.2577205065540991,3953.135855311254,118.06278662364076,8.177625555831996,0.07001833742504282,0.008562184334193217,0.4487891579648967,2.3,18.317259240556567,1.0,1.0,40.0,84.68368897852905,0.008562184334193217,0.4487891579648967
AB,shared_PLtetO1_leak,35,0.6334398631188464,0.44530082088652956,0.9710384632196135,0.2916752934096738,0.2880167805261743,0.12196760263835515,0.48354764822632257,0.8441290579269647,52.66879726237693,10.0,12.453008208865295,3.942076926439227,0.0023959530618912874,0.7880167805261743,0.6219676026383552,2.1776360713907166,67.53032463415718,1.0,0.0023959530618912874,0.7880167805261743,1.0,2.0,0.0,135.06064926831436,355,52.66879726237693,10.0,12.453008208865295,3.942076926439227,0.0023959530618912874,0.7880167805261743,0.6219676026383552,2.1776360713907166,67.53032463415718,1.0,0.0023959530618912874,0.7880167805261743,1.0,2.0,0.0,True,,resolved_oscillation,1.0,578.0,10.97423958858625,0.0,0.9800541440165966,351.84625311556863,7.0178746929432005,436.14954203745475,214.21731643758304,0.5692041522491349,0.34903354810042214,3351.498724397463,69.89519651477661,5.1283918919485,0.013580120752709302,0.0026480271084645254,0.4705620973117085,3.533333333333333,17.08825266808687,1.0,1.0,40.0,135.06064926831436,0.0026480271084645254,0.4705620973117085
AB,shared_PLtetO1_leak,36,0.6761306877039921,0.05417488428145534,0.12327418220657027,0.9204377408637088,0.28757541677892484,0.6833932859140744,0.1868916785923901,0.42248977462753035,53.52261375407984,10.0,8.541748842814552,2.2465483644131403,0.015758581059843867,0.7875754167789248,1.1833932859140743,1.3509263644912934,33.799181970202426,1.0,0.015758581059843867,0.7875754167789248,1.0,2.0,0.0,67.59836394040485,356,53.52261375407984,10.0,8.541748842814552,2.2465483644131403,0.015758581059843867,0.7875754167789248,1.1833932859140743,1.3509263644912934,33.799181970202426,1.0,0.015758581059843867,0.7875754167789248,1.0,2.0,0.0,True,,resolved_oscillation,1.0,318.6923076923077,5.954348738583696,0.010973756139675892,0.6506675425594358,44.87716524412028,15.677050417694812,111.0199567390831,22.136839022401702,0.6300748250060344,0.0,722.4651062525319,285.51879229751813,1.221980030773517,0.22034849232697523,0.18032086186178836,0.5281048655854255,2.283333333333333,3.1811785253468177,1.0,1.0,40.0,67.59836394040485,0.18032086186178836,0.5281048655854255
AB,shared_PLtetO1_leak,37,0.9942080218192769,0.6593242047859554,0.2048195830433457,0.26098713542435736,0.7692102833324719,0.24995871660714786,0.24812270663075364,0.5441891502418968,59.88416043638554,10.0,14.593242047859555,2.4096391660866914,0.002185506445599579,1.2692102833324719,0.7499587166071479,1.4908375721581986,43.53513201935175,1.0,0.002185506445599579,1.2692102833324719,1.0,2.0,0.0,87.0702640387035,357,59.88416043638554,10.0,14.593242047859555,2.4096391660866914,0.002185506445599579,1.2692102833324719,0.7499587166071479,1.4908375721581986,43.53513201935175,1.0,0.002185506445599579,1.2692102833324719,1.0,2.0,0.0,True,,resolved_oscillation,1.0,570.1428571428571,9.520762301552432,0.000662929418958805,0.9786438589904589,450.2386986731519,9.61536113681607,485.31915318883705,193.1622307278329,0.6251064896016036,0.2599422350588758,4516.246458156796,160.89991653453617,6.680291802984222,0.02228564154225899,0.0033360281555819974,0.46567429460119975,3.05,19.71570070918502,1.0,1.0,40.0,87.0702640387035,0.0033360281555819974,0.46567429460119975
AB,shared_PLtetO1_leak,38,0.4452386990402637,0.45484334849897157,0.3778401004807026,0.5669001837871434,0.7580538097473309,0.7955874573466426,0.7447623325657388,0.4984037620752796,48.904773980805274,10.0,12.548433484989715,2.755680200961405,0.005464546723424721,1.2580538097473308,1.2955874573466426,3.315633590675952,39.872300966022365,1.0,0.005464546723424721,1.2580538097473308,1.0,2.0,0.0,79.74460193204473,358,48.904773980805274,10.0,12.548433484989715,2.755680200961405,0.005464546723424722,1.2580538097473308,1.2955874573466426,3.315633590675952,39.872300966022365,1.0,0.005464546723424721,1.2580538097473308,1.0,2.0,0.0,True,,resolved_oscillation,1.0,572.7142857142857,11.710805287415731,0.0008519955737889415,0.9839424961072366,615.6887383880962,9.886424313397445,1358.4478331754526,201.7800133462786,0.5898228984784236,0.18995778715840925,3295.326634292033,62.33246847218319,5.967593615481902,0.04960551518386303,0.008312482112583872,0.38191512997111754,2.533333333333333,14.80618263693517,1.0,1.0,40.0,79.74460193204473,0.008312482112583872,0.38191512997111754
AB,shared_PLtetO1_leak,39,0.6660332596561213,0.9549278270831529,0.6069990404660162,0.07388965705981543,0.9605213971708908,0.4830470007968839,0.4840801167323766,0.5658874191471764,53.32066519312242,10.0,17.54927827083153,3.2139980809320323,0.001247764599968668,1.4605213971708908,0.9830470007968839,2.1795030509279187,45.27099353177412,1.0,0.001247764599968668,1.4605213971708908,1.0,2.0,0.0,90.54198706354823,359,53.32066519312242,10.0,17.54927827083153,3.2139980809320323,0.001247764599968668,1.4605213971708908,0.9830470007968839,2.1795030509279187,45.27099353177412,1.0,0.001247764599968668,1.4605213971708908,1.0,2.0,0.0,True,,resolved_oscillation,1.0,746.0,13.990823207063496,0.0,0.9945389367765126,1364.3778756310655,7.4509538395486725,1403.292647933173,1032.7350523754333,0.6246648793565683,0.3285936458564763,6816.521089902959,43.38941268055694,9.867055155864197,0.013106212059644082,0.0013282800037714177,0.4361253054876694,4.166666666666667,38.517597091393995,1.0,1.0,40.0,90.54198706354823,0.0013282800037714177,0.4361253054876694
AB,shared_PLtetO1_leak,40,0.07938517308078696,0.022029308983154694,0.46089644750850756,0.2267442868893934,0.7521861907367888,0.6828149072520601,0.16781697286928776,0.6518343044389883,41.58770346161574,10.0,8.220293089831546,2.921792895017015,0.0019724278163827423,1.2521861907367888,1.1828149072520602,1.3100836609385509,52.14674435511906,1.0,0.0019724278163827423,1.2521861907367888,1.0,2.0,0.0,104.29348871023812,360,41.58770346161574,10.0,8.220293089831546,2.921792895017015,0.0019724278163827423,1.2521861907367888,1.1828149072520602,1.3100836609385509,52.14674435511906,1.0,0.0019724278163827423,1.2521861907367888,1.0,2.0,0.0,True,,resolved_oscillation,1.0,496.25,11.932613698133743,0.0009328162214333012,0.9922057437834741,548.145603983264,4.272387281407882,602.0554612594849,217.38304846171357,0.5969773299748111,0.3163741390802044,4041.7574797713773,53.32285810852505,7.839478444458115,0.01779284225497466,0.0022696461736625827,0.4538991335258831,2.8333333333333335,20.864884525199432,1.0,1.0,40.0,104.29348871023812,0.0022696461736625827,0.4538991335258831
AB,shared_PLtetO1_leak,41,0.9815064036168787,0.6484862657754508,0.8948493318150219,0.534105994549196,0.7789299613558915,0.5872141849970318,0.30968064225549496,0.899810359527491,59.63012807233757,10.0,14.484862657754508,3.789698663630044,0.004953223443604933,1.2789299613558915,1.0872141849970318,1.6461047945070326,71.98482876219929,1.0,0.004953223443604933,1.2789299613558915,1.0,2.0,0.0,143.96965752439857,361,59.63012807233757,10.0,14.484862657754508,3.789698663630044,0.004953223443604933,1.2789299613558915,1.0872141849970318,1.6461047945070326,71.98482876219929,1.0,0.004953223443604933,1.2789299613558915,1.0,2.0,0.0,True,,resolved_oscillation,1.0,789.75,13.244143950889235,0.0006331117442228553,0.9915370720820101,945.5983131129273,8.002530363247518,1090.8253219145556,449.56795544121866,0.5956315289648624,0.34503443679182405,6342.523941964684,75.68914118859625,8.317030896361151,0.04552931889752209,0.0054742274574742745,0.46456343034881137,4.5,35.34143413956831,1.0,1.0,40.0,143.96965752439857,0.0054742274574742745,0.46456343034881137
AB,shared_PLtetO1_leak,42,0.2634626562834709,0.9747032019221333,0.7824072395318442,0.2832060319549595,0.952904028663561,0.31261461683648606,0.3711782882929373,0.5177094697691266,45.269253125669415,10.0,17.747032019221333,3.5648144790636884,0.002335928484516994,1.452904028663561,0.8126146168364861,1.8173663805408415,41.41675758153013,1.0,0.002335928484516994,1.452904028663561,1.0,2.0,0.0,82.83351516306026,362,45.269253125669415,10.0,17.747032019221333,3.5648144790636884,0.002335928484516994,1.452904028663561,0.8126146168364861,1.8173663805408415,41.41675758153013,1.0,0.002335928484516994,1.452904028663561,1.0,2.0,0.0,True,,resolved_oscillation,1.0,565.8333333333334,12.499285812437758,0.0007214991878595517,0.9887347060712193,755.024391957861,8.505571698804237,794.5812123286661,573.0010439534599,0.6143151693667157,0.3359253499222395,5598.710506245566,67.56383362252332,9.733321487692116,0.024407966395679815,0.0025076708322584367,0.4556765163297045,3.25,29.828345216543404,1.0,1.0,40.0,82.83351516306026,0.0025076708322584367,0.4556765163297045
AB,shared_PLtetO1_leak,43,0.11902604624430946,0.7238209620991736,0.5130660887379298,0.06062504848939321,0.20526307490198326,0.9864411902014837,0.42542350137029605,0.8698764918089886,42.38052092488619,10.0,15.238209620991736,3.0261321774758594,0.0011991541273272083,0.7052630749019833,1.4864411902014836,1.9831623398000462,69.59011934471908,1.0,0.0011991541273272083,0.7052630749019833,1.0,2.0,0.0,139.18023868943817,363,42.38052092488619,10.0,15.238209620991736,3.0261321774758594,0.0011991541273272083,0.7052630749019833,1.4864411902014836,1.9831623398000462,69.59011934471908,1.0,0.0011991541273272083,0.7052630749019833,1.0,2.0,0.0,True,,resolved_oscillation,1.0,477.375,11.264019166873465,0.0010841564168772258,0.9870076488862236,602.713847748509,7.830669931083749,661.7783001289301,334.1557163517615,0.6012045037968055,0.34147967118418127,2336.2554608302685,40.68634885717443,4.470873132927058,0.006152659637104815,0.0013761651145481509,0.463452566096423,2.808333333333333,11.808947222682143,1.0,1.0,40.0,139.18023868943817,0.0013761651145481509,0.463452566096423
AB,shared_PLtetO1_leak,44,0.5856463892471487,0.31809303652452925,0.05540641720968964,0.8430079133831939,0.920254666357244,0.26509542561439037,0.43310533966908604,0.5024287034658289,51.71292778494298,10.0,11.180930365245292,2.110812834419379,0.01249621768079283,1.420254666357244,0.7650954256143904,2.00783324636286,40.19429627726631,1.0,0.01249621768079283,1.420254666357244,1.0,2.0,0.0,80.38859255453262,364,51.71292778494298,10.0,11.180930365245292,2.110812834419379,0.012496217680792829,1.420254666357244,0.7650954256143904,2.00783324636286,40.19429627726631,1.0,0.01249621768079283,1.420254666357244,1.0,2.0,0.0,True,,resolved_oscillation,1.0,343.0833333333333,6.634382310746431,0.003614609888867075,0.812112157343518,99.16991336380077,18.632821078354755,210.44944703190853,44.590881876656745,0.6202574690308478,0.0,1425.695333013969,337.68547516785145,2.6827761212815213,0.22734486606094415,0.08474239212787721,0.5585425461008665,1.9166666666666667,6.056349581415705,1.0,1.0,40.0,80.38859255453262,0.08474239212787721,0.5585425461008665
AB,shared_PLtetO1_leak,45,0.5735089914149888,0.2349033339983554,0.05175284264692048,0.722293646027783,0.9703789917660842,0.9217209976436966,0.7921983999214777,0.4085949628878395,51.47017982829978,10.0,10.349033339983553,2.103505685293841,0.0087041366214483,1.470378991766084,1.4217209976436966,3.578680435405739,32.68759703102716,1.0,0.0087041366214483,1.470378991766084,1.0,2.0,0.0,65.37519406205432,365,51.47017982829978,10.0,10.349033339983553,2.103505685293841,0.0087041366214483,1.470378991766084,1.4217209976436966,3.578680435405739,32.68759703102716,1.0,0.008704136621448307,1.470378991766084,1.0,2.0,0.0,True,,resolved_oscillation,1.0,348.4166666666667,6.769291807974163,0.007687570337724102,0.42664646451788535,77.93650572774249,44.685171102123235,185.76193923390932,57.63265281344272,0.6601291557043769,0.0,378.709009730848,215.34794039562235,0.5532774577698524,0.23984129754827346,0.433491902082952,0.021550766496334146,,2.097399858743849,1.0,1.0,40.0,65.37519406205432,0.433491902082952,0.021550766496334146
AB,shared_PLtetO1_leak,46,0.9964774922142574,0.7068669270486545,0.375212687785102,0.926338172463639,0.13524852246151498,0.06723370737678591,0.5138327539551703,0.3768147788965731,59.92954984428515,10.0,15.068669270486545,2.750425375570204,0.01603960793964866,0.635248522461515,0.5672337073767859,2.286407743300906,30.145182311725847,1.0,0.01603960793964866,0.635248522461515,1.0,2.0,0.0,60.290364623451694,366,59.92954984428515,10.0,15.068669270486545,2.750425375570204,0.01603960793964866,0.635248522461515,0.5672337073767859,2.286407743300906,30.145182311725847,1.0,0.01603960793964866,0.635248522461515,1.0,2.0,0.0,True,,resolved_oscillation,1.0,471.875,7.873828540779499,0.000749252218475812,0.9192813917661626,163.14016570728424,13.168447122929601,219.81922530097103,71.65122268928408,0.6113907284768212,0.2028438124861142,1764.1789059381824,186.36849355773973,2.7292320858164123,0.07964797447336315,0.029183291112282798,0.48278160408798043,2.683333333333333,7.603428739691056,1.0,1.0,40.0,60.290364623451694,0.029183291112282798,0.48278160408798043
AB,shared_PLtetO1_leak,47,0.36135447392295206,0.6878005187327936,0.4760701006722087,0.9277879113508174,0.035015686851467165,0.6317049050261032,0.22250865784072882,0.07781224274133436,47.22708947845904,10.0,14.878005187327936,2.9521402013444176,0.016109419919276426,0.5350156868514672,1.1317049050261032,1.4306285165506754,6.224979419306749,1.0,0.016109419919276426,0.5350156868514672,1.0,2.0,0.0,12.449958838613497,367,47.22708947845904,10.0,14.878005187327936,2.9521402013444176,0.016109419919276426,0.5350156868514672,1.1317049050261032,1.4306285165506754,6.224979419306749,1.0,0.016109419919276426,0.5350156868514672,1.0,2.0,0.0,True,,resolved_oscillation,1.0,400.6,8.482419823536224,0.0012890608574496313,0.931804493004683,175.45645254947627,11.965341737211308,203.48105058086801,101.07144395404949,0.6270594108836745,0.21906243057098423,1307.2872277179338,110.96491055508444,2.5392418530637397,0.06454619914111365,0.02541947670846516,0.4243501444123528,2.15,5.637892976955024,1.0,1.0,40.0,12.449958838613497,0.02541947670846516,0.4243501444123528
AB,shared_PLtetO1_leak,48,0.14462614962212772,0.2012148931522557,0.5951396450376651,0.7082565732821555,0.303708843795952,0.5655754693836429,0.46791123586759553,0.8616507708534276,42.89252299244255,10.0,10.012148931522557,3.1902792900753303,0.008345705327711703,0.803708843795952,1.065575469383643,2.123517862719327,68.9320616682742,1.0,0.008345705327711703,0.803708843795952,1.0,2.0,0.0,137.8641233365484,368,42.89252299244255,10.0,10.012148931522557,3.1902792900753303,0.008345705327711703,0.803708843795952,1.065575469383643,2.123517862719327,68.9320616682742,1.0,0.008345705327711703,0.803708843795952,1.0,2.0,0.0,True,,resolved_oscillation,1.0,436.3333333333333,10.172713165187627,0.001145912910618793,0.9772976640761661,316.97609521104766,7.196097793306339,462.366375112748,76.89741394249742,0.5692895339954164,0.27571650744279047,2126.73176799367,71.70814740832012,4.292142351617394,0.048300420648364886,0.011253219649195465,0.45589868918018217,2.4166666666666665,10.039455786110027,1.0,1.0,40.0,137.8641233365484,0.011253219649195465,0.45589868918018217
AB,shared_PLtetO1_leak,49,0.40497024324456166,0.8760220927708037,0.29672674234775864,0.5652661980937161,0.0475287430060467,0.30095928254761795,0.4587922640517281,0.5060696597871368,48.099404864891234,10.0,16.760220927708037,2.5934534846955173,0.00543786321735832,0.5475287430060467,0.800959282547618,2.0925798101307733,40.48557278297095,1.0,0.00543786321735832,0.5475287430060467,1.0,2.0,0.0,80.9711455659419,369,48.099404864891234,10.0,16.760220927708037,2.5934534846955173,0.00543786321735832,0.5475287430060467,0.800959282547618,2.0925798101307733,40.48557278297095,1.0,0.00543786321735832,0.5475287430060467,1.0,2.0,0.0,True,,resolved_oscillation,1.0,383.3636363636364,7.970236584849339,0.0013160480839944611,0.9362729723999821,193.65790350704432,12.341242561755015,232.35826038019897,96.75100086954403,0.6156035096039839,0.27349477893801377,1442.8547770319533,124.02136206897683,2.7142051745021103,0.028269545701861874,0.010415404836536574,0.4896689624527883,2.316666666666667,6.248384867971632,1.0,1.0,40.0,80.9711455659419,0.010415404836536574,0.4896689624527883
AB,shared_PLtetO1_leak,50,0.9975856292646897,0.5657544237723552,0.30706557444850346,0.8502880899900352,0.3166776682977941,0.5557163730357745,0.7210217811166746,0.015263045840949063,59.95171258529379,10.0,13.657544237723553,2.614131148897007,0.01277174709326552,0.8166776682977941,1.0557163730357746,3.1913364861096727,1.221043667275925,1.0,0.01277174709326552,0.8166776682977941,1.0,2.0,0.0,2.44208733455185,370,59.95171258529379,10.0,13.657544237723553,2.614131148897007,0.01277174709326552,0.8166776682977941,1.0557163730357746,3.1913364861096727,1.221043667275925,1.0,0.01277174709326552,0.8166776682977941,1.0,2.0,0.0,True,,resolved_oscillation,1.0,450.75,7.518550856386534,0.0022963912124537578,0.8222960963931019,136.9735509354285,24.34073469212395,211.95754622267944,83.57497518142986,0.6220743205768164,0.0,655.5936004048244,124.05467924893276,1.1212116762108093,0.08874395727324673,0.0791500473605139,0.2906020884247945,1.95,2.751973337429093,1.0,1.0,40.0,2.44208733455185,0.0791500473605139,0.2906020884247945
AB,shared_PLtetO1_leak,51,0.9268934724441079,0.6010086289668761,0.8318839924281232,0.668957050737573,0.1552169247113192,0.37544963365442785,0.22895891173032745,0.47424948218286234,58.53786944888216,10.0,14.010086289668761,3.6637679848562463,0.0074187918948396565,0.6552169247113192,0.8754496336544279,1.4455576338904512,37.93995857462899,1.0,0.0074187918948396565,0.6552169247113192,1.0,2.0,0.0,75.87991714925798,371,58.53786944888216,10.0,14.010086289668761,3.6637679848562463,0.007418791894839656,0.6552169247113192,0.8754496336544279,1.4455576338904512,37.93995857462899,1.0,0.0074187918948396565,0.6552169247113192,1.0,2.0,0.0,True,,resolved_oscillation,1.0,591.4285714285714,10.103349797262998,0.0009037819774816284,0.9708639506574094,300.10991996082936,8.744017436179654,339.72135975426863,167.36796426629556,0.5926328502415459,0.2954898911353033,2793.040070811859,97.66851840970715,4.0020695616614566,0.03499752850796826,0.00874485762147499,0.43212619417907133,3.466666666666667,13.294981722639488,1.0,1.0,40.0,75.87991714925798,0.00874485762147499,0.43212619417907133
AB,shared_PLtetO1_leak,52,0.14798006523291785,0.030678042283148188,0.974311847035165,0.45979260448635406,0.04515025280363083,0.5388037075942974,0.6223009687936307,0.9397471766847376,42.95960130465836,10.0,8.306780422831482,3.94862369407033,0.0039646419343004405,0.5451502528036308,1.0388037075942975,2.7225114244397233,75.17977413477901,1.0,0.0039646419343004405,0.5451502528036308,1.0,2.0,0.0,150.35954826955802,372,42.95960130465836,10.0,8.306780422831482,3.94862369407033,0.0039646419343004405,0.5451502528036308,1.0388037075942975,2.7225114244397233,75.17977413477901,1.0,0.0039646419343004405,0.5451502528036308,1.0,2.0,0.0,True,,resolved_oscillation,1.0,533.2857142857143,12.413656041726046,0.0009149880137476202,0.9891140626333099,422.69689095678046,4.601451880050171,531.447296957354,176.37919774719262,0.5630190195553173,0.3474783381470784,1956.4716266956193,27.65914780534711,3.571497761252099,0.015534061905920778,0.004349453071048498,0.4527882692734948,3.25,10.89595548930931,1.0,1.0,40.0,150.35954826955802,0.004349453071048498,0.4527882692734948
AB,shared_PLtetO1_leak,53,0.9465837550526778,0.5897803298867728,0.4516407049781953,0.3258443585814851,0.03580917778042536,0.1308974079005698,0.5193037732229046,0.09603869403120302,58.93167510105356,10.0,13.897803298867728,2.9032814099563904,0.0026541977973786528,0.5358091777804254,0.6308974079005698,2.306629067691836,7.683095522496242,1.0,0.0026541977973786528,0.5358091777804254,1.0,2.0,0.0,15.366191044992483,373,58.93167510105356,10.0,13.897803298867728,2.9032814099563904,0.0026541977973786528,0.5358091777804254,0.6308974079005698,2.306629067691836,7.683095522496242,1.0,0.002654197797378655,0.5358091777804254,1.0,2.0,0.0,True,,resolved_oscillation,1.0,598.8571428571429,10.161889032175784,0.0006311429654257133,0.9740481838927607,302.78962423925844,7.857940647437338,312.32539495130146,215.75803458432475,0.6332895992366412,0.2763830259942235,2233.8996558090807,68.93475147928736,3.233714884098987,0.010722131811001533,0.003315731966267351,0.3994667851588536,3.275,10.225565838740753,1.0,1.0,40.0,15.366191044992483,0.003315731966267351,0.3994667851588536
AB,shared_PLtetO1_leak,54,0.26707177914853697,0.4436206392795494,0.17817196494572562,0.8082517553126966,0.8781615463568023,0.5249468382666946,0.10848811210481324,0.5642563382340674,45.34143558297074,10.0,12.436206392795494,2.3563439298914512,0.011260554521760033,1.3781615463568024,1.0249468382666946,1.190775625181259,45.14050705872539,1.0,0.011260554521760033,1.3781615463568024,1.0,2.0,0.0,90.28101411745078,374,45.34143558297074,10.0,12.436206392795494,2.3563439298914512,0.011260554521760033,1.3781615463568024,1.0249468382666946,1.190775625181259,45.14050705872539,1.0,0.011260554521760033,1.3781615463568024,1.0,2.0,0.0,True,,resolved_oscillation,1.0,333.75,7.3608167829019795,0.0013551071666416342,0.9188481339586144,162.74002274348592,13.206656525251422,256.07198013925364,56.133403182604326,0.6100374531835205,0.0,2181.7899205074095,258.872133498802,4.65511582500669,0.1344271643831279,0.028877297458637288,0.5334370139968896,1.8333333333333333,8.932781002140336,1.0,1.0,40.0,90.28101411745078,0.028877297458637288,0.5334370139968896
AB,shared_PLtetO1_leak,55,0.03934806720952966,0.7974544171486171,0.9613679503326873,0.793890962821361,0.8506665333513728,0.9500335252854892,0.896934550896485,0.9868204735962427,40.786961344190594,10.0,15.974544171486171,3.9227359006653746,0.010786385952546862,1.3506665333513728,1.4500335252854892,4.235750267397727,78.94563788769942,1.0,0.010786385952546862,1.3506665333513728,1.0,2.0,0.0,157.89127577539884,375,40.786961344190594,10.0,15.974544171486171,3.9227359006653746,0.010786385952546862,1.3506665333513728,1.4500335252854892,4.235750267397727,78.94563788769942,1.0,0.010786385952546862,1.3506665333513728,1.0,2.0,0.0,True,,steady_state,0.0,,,,,20.289135029183782,20.289134938998597,978.1286636523326,36.497047320204736,,0.0,1657.3211552978157,1657.3208900832308,2.806151210358492,2.806151174796844,0.9999999873272517,1.0,7.783333333333333,,1.0,1.0,40.0,157.89127577539884,,
AB,shared_PLtetO1_leak,56,0.8516256211406352,0.03206752876612384,0.37451105081748515,0.6716009496173991,0.27187136671284284,0.5778246572201604,0.8284226050920022,0.9634675135066714,57.0325124228127,10.0,8.320675287661238,2.7490221016349703,0.007477785109023773,0.7718713667128428,1.0778246572201604,3.7935215181454067,77.0774010805337,1.0,0.007477785109023773,0.7718713667128428,1.0,2.0,0.0,154.1548021610674,376,57.0325124228127,10.0,8.320675287661238,2.7490221016349703,0.007477785109023773,0.7718713667128428,1.0778246572201604,3.7935215181454067,77.0774010805337,1.0,0.007477785109023773,0.7718713667128428,1.0,2.0,0.0,True,,resolved_oscillation,1.0,490.0,8.591590641621508,0.0,0.922575843136874,124.74280859703855,9.658106780364008,518.9068435805109,31.42041736307669,0.5448979591836735,0.0,1322.7854602469033,87.20933543521504,2.23634438142552,0.04470863894884076,0.01999183995102847,0.3970228838035992,2.4833333333333334,5.719313338421574,1.0,1.0,40.0,154.1548021610674,0.01999183995102847,0.3970228838035992
AB,shared_PLtetO1_leak,57,0.8296311980119584,0.33407868225380877,0.1063301011098382,0.9716657455337966,0.6864182526670649,0.11947963965489417,0.2941963935788431,0.10802242958869912,56.592623960239166,10.0,11.340786822538089,2.212660202219676,0.018372416434373078,1.1864182526670648,0.6194796396548942,1.6055892602211639,8.64179436709593,1.0,0.018372416434373078,1.1864182526670648,1.0,2.0,0.0,17.28358873419186,377,56.592623960239166,10.0,11.340786822538089,2.212660202219676,0.018372416434373078,1.1864182526670648,0.6194796396548942,1.6055892602211639,8.64179436709593,1.0,0.018372416434373078,1.1864182526670648,1.0,2.0,0.0,True,,resolved_oscillation,1.0,341.4166666666667,6.032882781801019,0.01531941074678002,0.6367040230174293,62.40119561517098,22.670103325894043,103.35287723564566,38.74270900305438,0.6391017817915547,0.0,1082.181753261004,431.1314364681208,1.64160121231459,0.3449489921697082,0.21012959151226768,0.727393912463897,2.4583333333333335,4.527263220928257,1.0,1.0,40.0,17.28358873419186,0.21012959151226768,0.727393912463897
AB,shared_PLtetO1_leak,58,0.8175887117605869,0.1733204554271618,0.2545619395517319,0.8353760829602679,0.44611669420234423,0.8290791619985357,0.35620338254456996,0.08649524189862356,56.351774235211735,10.0,9.733204554271618,2.5091238791034636,0.012213758867219614,0.9461166942023442,1.3290791619985356,1.774089313421555,6.919619351889885,1.0,0.012213758867219614,0.9461166942023442,1.0,2.0,0.0,13.83923870377977,378,56.351774235211735,10.0,9.733204554271618,2.5091238791034636,0.012213758867219614,0.9461166942023442,1.3290791619985356,1.774089313421555,6.919619351889885,1.0,0.012213758867219614,0.9461166942023442,1.0,2.0,0.0,True,,resolved_oscillation,1.0,399.3,7.085846105454033,0.003134649529262641,0.8325002840726264,98.65584420028951,16.524825878123725,182.464975679341,51.27163082122661,0.609817180065114,0.0,805.1381004513291,148.2164199560397,1.4874612171503425,0.10312751123849519,0.06933122695868699,0.357253943568096,1.7833333333333334,3.1910899450920738,1.0,1.0,40.0,13.83923870377977,0.06933122695868699,0.357253943568096
AB,shared_PLtetO1_leak,59,0.7632201581925808,0.41076796078383804,0.9080229332326699,0.8243533577716446,0.883495417972424,0.0023260163113936194,0.593721283602114,0.15498968034379434,55.26440316385162,10.0,12.107679607838381,3.81604586646534,0.011817032922588806,1.3834954179724241,0.5023260163113936,2.6001198581367975,12.399174427503548,1.0,0.011817032922588806,1.3834954179724241,1.0,2.0,0.0,24.798348855007095,379,55.26440316385162,10.0,12.107679607838381,3.81604586646534,0.011817032922588806,1.3834954179724241,0.5023260163113936,2.6001198581367975,12.399174427503548,1.0,0.011817032922588806,1.3834954179724241,1.0,2.0,0.0,True,,resolved_oscillation,1.0,641.6666666666666,11.610849478717975,0.000804775760250892,0.9708766503002273,325.653486349853,9.484120363916945,576.7291587265556,133.18852723255614,0.5875324675324676,0.22839369029104645,4596.962771217803,135.78797324485734,7.163827316216509,0.11753262533032449,0.016406401235310338,0.40968673628082647,3.058333333333333,21.749761760828203,1.0,1.0,40.0,24.798348855007095,0.016406401235310338,0.40968673628082647
AB,shared_PLtetO1_leak,60,0.8280144790383384,0.1290319770518289,0.27037002179377156,0.27934794533964935,0.6204055522340386,0.6363897540415864,0.7583621634069664,0.7263645287172044,56.560289580766764,10.0,9.29031977051829,2.540740043587543,0.002309085723291563,1.1204055522340386,1.1363897540415864,3.389006522197106,58.10916229737635,1.0,0.002309085723291563,1.1204055522340386,1.0,2.0,0.0,116.2183245947527,380,56.560289580766764,10.0,9.29031977051829,2.540740043587543,0.002309085723291563,1.1204055522340386,1.1363897540415864,3.389006522197106,58.10916229737635,1.0,0.002309085723291563,1.1204055522340386,1.0,2.0,0.0,True,,resolved_oscillation,1.0,762.4,13.479421793117073,0.0007184188844506377,0.9958833890539797,1210.040924115548,4.981267713346572,1726.4329605896423,387.37725949639884,0.6105718782791185,0.27860475449900024,4668.206592218839,36.64531411051389,6.68262108945531,0.01862752442663328,0.0027874578219055633,0.4047989335703177,3.85,24.299068359974452,1.0,1.0,40.0,116.2183245947527,0.0027874578219055633,0.4047989335703177
AB,shared_PLtetO1_leak,61,0.9131071740257232,0.3467664824287139,0.6967110274247541,0.5443491627426504,0.8075253340418616,0.5978871921920309,0.8383470861435001,0.23413978590216944,58.26214348051447,10.0,11.467664824287139,3.393422054849508,0.005107573074549868,1.3075253340418616,1.0978871921920308,3.854601325732817,18.731182872173555,1.0,0.005107573074549868,1.3075253340418616,1.0,2.0,0.0,37.46236574434711,381,58.26214348051447,10.0,11.467664824287139,3.393422054849508,0.005107573074549869,1.3075253340418616,1.0978871921920308,3.854601325732817,18.731182872173555,1.0,0.005107573074549868,1.3075253340418616,1.0,2.0,0.0,True,,resolved_oscillation,1.0,742.8,12.749273466885514,0.0006020646142971972,0.9803545159649818,494.41465977562126,9.713015305300903,1605.0735185936337,175.580356506897,0.5687937533656435,0.16040879804487893,3952.8534094829906,57.257255645956754,6.002958645428463,0.04802306834683738,0.007999899913255145,0.34014663408131524,3.0166666666666666,17.73705234290202,1.0,1.0,40.0,37.46236574434711,0.007999899913255145,0.34014663408131524
AB,shared_PLtetO1_leak,62,0.6035793947217766,0.801443232262474,0.719759264994655,0.7134255333389391,0.9266508551756341,0.7688117586288268,0.1640253001230495,0.2529447290764799,52.07158789443553,10.0,16.014432322624742,3.43951852998931,0.008475942826139,1.426650855175634,1.2688117586288268,1.302113269591462,20.235578326118393,1.0,0.008475942826139,1.426650855175634,1.0,2.0,0.0,40.471156652236786,382,52.07158789443553,10.0,16.014432322624742,3.43951852998931,0.008475942826139,1.426650855175634,1.2688117586288268,1.302113269591462,20.235578326118393,1.0,0.008475942826139,1.426650855175634,1.0,2.0,0.0,True,,resolved_oscillation,1.0,634.1666666666666,12.178746458669735,0.0006437555171572085,0.9834132832229718,643.967026457251,10.681298681591498,817.2938158206435,336.04942465332556,0.615611038107753,0.2592757165074428,5146.509523701943,108.71427066565924,8.22762319767474,0.08693706718023439,0.010566486224697823,0.4159075760942013,3.15,25.194098958969153,1.0,1.0,40.0,40.471156652236786,0.010566486224697823,0.4159075760942013
AB,shared_PLtetO1_leak,63,0.23882183258880485,0.795319499099534,0.45777040814547443,0.6890075408384903,0.37067281232794935,0.47539633003037374,0.4496059197472574,0.48745477977191454,44.776436651776095,10.0,15.95319499099534,2.9155408162909486,0.007878063514765686,0.8706728123279494,0.9753963300303737,2.0618689172619074,38.996382381753165,1.0,0.007878063514765686,0.8706728123279494,1.0,2.0,0.0,77.99276476350633,383,44.776436651776095,10.0,15.95319499099534,2.9155408162909486,0.007878063514765686,0.8706728123279494,0.9753963300303737,2.0618689172619074,38.996382381753165,1.0,0.007878063514765686,0.8706728123279494,1.0,2.0,0.0,True,,resolved_oscillation,1.0,457.8888888888889,10.22611273089607,0.0007279786459597186,0.9751940430769284,420.09749415084906,10.420920343396306,490.43171113249207,197.28717294073408,0.6136859985440427,0.2726060875361031,2537.9319994963626,90.09429715057979,4.862584579829226,0.04974630595295933,0.010230424815501392,0.4387913796934015,2.5,11.836011481199145,1.0,1.0,40.0,77.99276476350633,0.010230424815501392,0.4387913796934015
AB,shared_PLtetO1_tx_scale,0,0.6523163084985453,0.36929077709565117,0.476552141139271,0.7731966058510996,0.3994382610594617,0.7991515494535374,0.6932516039832075,0.976099650949025,53.046326169970904,10.0,11.692907770956513,2.953104282278542,0.010137992760460698,0.8994382610594617,1.2991515494535375,3.0518422183769376,78.087972075922,1.0,0.010137992760460698,0.8994382610594617,1.0,2.0,0.0,156.175944151844,384,53.046326169970904,10.0,11.692907770956513,2.953104282278542,0.010137992760460696,0.8994382610594617,1.2991515494535375,3.0518422183769376,78.087972075922,1.0,0.010137992760460698,0.8994382610594617,1.0,2.0,0.0,True,,resolved_oscillation,1.0,421.3333333333333,7.942742952326201,0.0011867088607594937,0.8615228526874067,108.63708171714754,15.043753168555686,437.9846773541505,36.18715200779168,0.5487341772151899,0.0,1150.7417954993732,120.69969420721044,2.1242257283872505,0.07439556522252648,0.03502243863650446,0.4347922683848034,2.183333333333333,4.980992462837298,1.0,1.0,40.0,156.175944151844,0.03502243863650446,0.4347922683848034
AB,shared_PLtetO1_tx_scale,1,0.551410633705412,0.5182907415863287,0.4330535974015236,0.8524225710498768,0.45687872511067984,0.7192355361076039,0.13139037206848947,0.4556181454269522,51.02821267410824,10.0,13.182907415863287,2.866107194803047,0.012853675567217745,0.9568787251106798,1.219235536107604,1.235486285642274,36.449451634156176,1.0,0.012853675567217745,0.9568787251106798,1.0,2.0,0.0,72.89890326831235,385,51.02821267410824,10.0,13.182907415863287,2.866107194803047,0.012853675567217743,0.9568787251106798,1.219235536107604,1.235486285642274,36.449451634156176,1.0,0.012853675567217745,0.9568787251106798,1.0,2.0,0.0,True,,resolved_oscillation,1.0,437.44444444444446,8.572599774132481,0.0012048301981845487,0.9489329854968789,226.4220225000328,11.562696706835187,325.89253397172587,77.41065351705052,0.5961899923799848,0.1910686514107976,2250.3155963301638,157.45325969392292,4.109557030898199,0.0903604002290406,0.021987868655832018,0.46389691179737835,2.283333333333333,9.556758769974492,1.0,1.0,40.0,72.89890326831235,0.021987868655832018,0.46389691179737835
AB,shared_PLtetO1_tx_scale,2,0.527858875741076,0.7885110022666142,0.8313783726110382,0.8936092939302647,0.11546543112722196,0.10285973940458293,0.16799844493272076,0.8898534260437165,50.55717751482152,10.0,15.885110022666142,3.6627567452220764,0.014541610098533038,0.615465431127222,0.6028597394045829,1.3104663503609928,71.18827408349732,1.0,0.014541610098533038,0.615465431127222,1.0,2.0,0.0,142.37654816699464,386,50.55717751482152,10.0,15.885110022666142,3.6627567452220764,0.014541610098533038,0.615465431127222,0.6028597394045829,1.3104663503609928,71.18827408349732,1.0,0.01454161009853305,0.615465431127222,1.0,2.0,0.0,True,,resolved_oscillation,1.0,317.0769230769231,6.271650014164017,0.0008747091886132919,0.6149413023035489,42.13786196718838,16.22555025279837,88.01388360397436,24.56215097342389,0.5361475012130034,0.0,1158.941859700372,325.39366948848794,2.156535724062547,0.18379515272778696,0.08522703828970109,0.6349700066651855,2.1666666666666665,5.318837258275403,1.0,1.0,40.0,142.37654816699464,0.08522703828970109,0.6349700066651855
AB,shared_PLtetO1_tx_scale,3,0.13384197899943828,0.2102493009055516,0.002416419738390796,0.4342247396574749,0.5113272658778146,0.012133239297335785,0.6383509037943887,0.39924093577650477,42.676839579988766,10.0,10.102493009055516,2.004832839476782,0.003672310641606497,1.0113272658778145,0.5121332392973358,2.793753818007069,31.93927486212038,1.0,0.003672310641606497,1.0113272658778145,1.0,2.0,0.0,63.87854972424076,387,42.676839579988766,10.0,10.102493009055516,2.004832839476782,0.0036723106416064965,1.0113272658778145,0.5121332392973358,2.793753818007069,31.93927486212038,1.0,0.003672310641606497,1.0113272658778145,1.0,2.0,0.0,True,,resolved_oscillation,1.0,358.3636363636364,8.397145615526638,0.001407857628159473,0.9593370858929804,206.49623887121768,8.396738824642927,273.9125415867156,78.35774522186523,0.6312024353120244,0.1895134414574539,1994.4970662294627,143.44507857310634,4.306038628604848,0.04378323735276488,0.010167869155170725,0.5005554321261941,1.9833333333333334,8.541167385316575,1.0,1.0,40.0,63.87854972424076,0.010167869155170725,0.5005554321261941
AB,shared_PLtetO1_tx_scale,4,0.29839124245100024,0.4014372245417077,0.7407632727886166,0.973170057651865,0.7714507301125303,0.8395727965599573,0.6163105529447619,0.23802648392585535,45.967824849020005,10.0,12.014372245417077,3.4815265455772333,0.01845539887005003,1.2714507301125302,1.3395727965599573,2.696389267662793,19.04211871406843,1.0,0.01845539887005003,1.2714507301125302,1.0,2.0,0.0,38.08423742813686,388,45.967824849020005,10.0,12.014372245417077,3.4815265455772333,0.01845539887005003,1.2714507301125302,1.3395727965599573,2.696389267662793,19.04211871406843,1.0,0.01845539887005003,1.2714507301125302,1.0,2.0,0.0,True,,steady_state,0.0,,,,,15.96052524639358,15.960524715888514,600.809406134766,38.96313647821841,,0.0,1731.0391505574792,1731.0375516133065,2.6006288885436506,2.600628674203664,0.999999917581479,1.0,,,1.0,1.0,40.0,38.08423742813686,,
AB,shared_PLtetO1_tx_scale,5,0.43609826489132697,0.9283144976343863,0.4369071057473428,0.6793096803954553,0.7150879301443966,0.8902233596814232,0.30683681880373526,0.2464707225199041,48.72196529782654,10.0,17.283144976343863,2.8738142114946856,0.007652481186052526,1.2150879301443966,1.390223359681423,1.6385878586544742,19.717657801592328,1.0,0.007652481186052526,1.2150879301443966,1.0,2.0,0.0,39.435315603184655,389,48.72196529782654,10.0,17.283144976343863,2.8738142114946856,0.007652481186052526,1.2150879301443966,1.390223359681423,1.6385878586544742,19.717657801592328,1.0,0.007652481186052533,1.2150879301443966,1.0,2.0,0.0,True,,resolved_oscillation,1.0,542.2857142857143,11.130210182837295,0.0008998024908640321,0.9795384728965835,606.27645686717,12.405342154350969,771.3618946412431,309.9229146409253,0.6242096944151738,0.2159520106642968,3522.9545789038953,96.38524376264952,6.317035451646743,0.06714273053446479,0.010628835479617552,0.402577205065541,2.558333333333333,15.982270898138752,1.0,1.0,40.0,39.435315603184655,0.010628835479617552,0.402577205065541
AB,shared_PLtetO1_tx_scale,6,0.2794490958047151,0.8625034418378221,0.8867248432919269,0.4437347746393657,0.7361033186425251,0.17305191977008727,0.3697961343740416,0.12011926120459937,45.588981916094305,10.0,16.62503441837822,3.773449686583854,0.0037784375789652875,1.2361033186425252,0.6730519197700873,1.8133281586919776,9.60954089636795,1.0,0.0037784375789652875,1.2361033186425252,1.0,2.0,0.0,19.2190817927359,390,45.588981916094305,10.0,16.62503441837822,3.773449686583854,0.0037784375789652875,1.2361033186425252,0.6730519197700873,1.8133281586919776,9.60954089636795,1.0,0.0037784375789652875,1.2361033186425252,1.0,2.0,0.0,True,,resolved_oscillation,1.0,563.8333333333334,12.367754436171845,0.0007240584519016193,0.9854937324535635,549.9098142779761,7.97713889232746,562.4502346276411,471.1417772969806,0.6296186816435116,0.3217062874916685,4795.450341692384,68.27849570702726,8.359829218095015,0.03358333605995602,0.004017227527479177,0.4394578982448345,3.1,24.648475908393547,1.0,1.0,40.0,19.2190817927359,0.004017227527479177,0.4394578982448345
AB,shared_PLtetO1_tx_scale,7,0.9184594597167923,0.49622080261620993,0.0015575791320572296,0.7098664043105585,0.20306399052740443,0.3725144238776874,0.9611080662365922,0.35699789581469954,58.369189194335846,10.0,12.962208026162099,2.0031151582641145,0.008386050723346496,0.7030639905274044,0.8725144238776874,4.696623093566884,28.559831665175963,1.0,0.008386050723346496,0.7030639905274044,1.0,2.0,0.0,57.119663330351926,391,58.369189194335846,10.0,12.962208026162099,2.0031151582641145,0.008386050723346496,0.7030639905274044,0.8725144238776874,4.696623093566884,28.559831665175963,1.0,0.008386050723346496,0.7030639905274044,1.0,2.0,0.0,True,,resolved_oscillation,1.0,483.0,8.27491364308467,0.0011066718091611776,0.9243424975358467,231.80297850940173,17.537634417773106,417.63514709189246,106.74520170290931,0.6237060041407867,0.0,1064.4832289261753,108.71533071392098,1.809471918656936,0.057872170067709325,0.03198290588044296,0.3516996223061542,2.183333333333333,4.3940567873197525,1.0,1.0,40.0,57.119663330351926,0.03198290588044296,0.3516996223061542
AB,shared_PLtetO1_tx_scale,8,0.30358690650228426,0.5048124943431317,0.9217794243662824,0.25378836310641073,0.9888775449978552,0.6166769025777588,0.9266438061402799,0.37517357399106444,46.07173813004569,10.0,13.048124943431317,3.843558848732565,0.002138879278054398,1.4888775449978553,1.1166769025777588,4.443203711646457,30.013885919285155,1.0,0.002138879278054398,1.4888775449978553,1.0,2.0,0.0,60.02777183857031,392,46.07173813004569,10.0,13.048124943431317,3.843558848732565,0.002138879278054398,1.4888775449978553,1.1166769025777588,4.443203711646457,30.013885919285155,1.0,0.002138879278054398,1.4888775449978553,1.0,2.0,0.0,True,,resolved_oscillation,1.0,846.75,18.378946277431453,0.000590493061706525,0.9976698251990452,2637.608463370306,6.146088776130264,3037.619382809831,1989.055667380198,0.6303513433717154,0.3390357698289269,6376.669154273618,19.64603851303507,10.1391973267521,0.022887081815012877,0.0022572873450865485,0.4261275272161742,4.65,44.354089739441996,1.0,1.0,40.0,60.02777183857031,0.0022572873450865485,0.4261275272161742
AB,shared_PLtetO1_tx_scale,9,0.932509762265573,0.6848542803973867,0.545033930508929,0.7217621395502537,0.35743486819742876,0.4715857368406461,0.9437489081058605,0.8804158591471485,58.650195245311465,10.0,14.848542803973867,3.0900678610178582,0.00869028847805224,0.8574348681974288,0.9715857368406461,4.567222593336356,70.43326873177188,1.0,0.00869028847805224,0.8574348681974288,1.0,2.0,0.0,140.86653746354375,393,58.650195245311465,10.0,14.848542803973867,3.0900678610178582,0.00869028847805224,0.8574348681974288,0.9715857368406461,4.567222593336356,70.43326873177188,1.0,0.00869028847805224,0.8574348681974288,1.0,2.0,0.0,True,,resolved_oscillation,1.0,609.8333333333334,10.397805681338868,0.0006694424003233611,0.9633185848188693,356.39870525566516,13.073208877500452,1016.4994205880848,99.16286063783117,0.5585132549877015,0.16351921795156632,2389.1179525480043,80.5990079383856,3.699217763201317,0.053884744101000366,0.01456652393839294,0.3948011552988225,2.9,10.704351355950813,1.0,1.0,40.0,140.86653746354375,0.01456652393839294,0.3948011552988225
AB,shared_PLtetO1_tx_scale,10,0.5589990905755731,0.4462819689375723,0.9938149577766761,0.9015922436254239,0.7913746337574993,0.4601942566664927,0.11453905085060889,0.29314213139177814,51.17998181151146,10.0,12.462819689375724,3.9876299155533523,0.014893561147698462,1.2913746337574992,0.9601942566664927,1.2024287755036374,23.45137051134225,1.0,0.014893561147698462,1.2913746337574992,1.0,2.0,0.0,46.9027410226845,394,51.17998181151146,10.0,12.462819689375724,3.9876299155533523,0.014893561147698462,1.2913746337574992,0.9601942566664927,1.2024287755036374,23.45137051134225,1.0,0.014893561147698462,1.2913746337574992,1.0,2.0,0.0,True,,resolved_oscillation,1.0,530.0,10.355611339447405,0.0,0.9603705243270965,255.43420659560434,10.122723676307912,418.00406938671307,86.85425094667731,0.5735849056603773,0.2168407020662075,3766.0851945423883,161.1298379457087,6.4994288689412505,0.13828181860132097,0.02127599538201376,0.4199066874027994,2.65,17.301671650757424,1.0,1.0,40.0,46.9027410226845,0.02127599538201376,0.4199066874027994
AB,shared_PLtetO1_tx_scale,11,0.8825503300451477,0.7833164928346555,0.6936976459779453,0.6974159517909397,0.16134576387323452,0.6616409964329848,0.40307903288704905,0.6314419665790977,57.65100660090295,10.0,15.833164928346555,3.3873952919558903,0.00807902724545485,0.6613457638732345,1.1616409964329848,1.9131109319217572,50.515357326327816,1.0,0.00807902724545485,0.6613457638732345,1.0,2.0,0.0,101.03071465265563,395,57.65100660090295,10.0,15.833164928346555,3.3873952919558903,0.00807902724545485,0.6613457638732345,1.1616409964329848,1.9131109319217572,50.515357326327816,1.0,0.00807902724545485,0.6613457638732345,1.0,2.0,0.0,True,,resolved_oscillation,1.0,632.5,10.971187448270738,0.000865964517794729,0.9802480590007944,502.81497818709863,9.931571782668396,583.9768854169636,230.1447664700686,0.6004743083003953,0.30393245945345476,2734.541075422567,74.64446078046541,3.946445742296477,0.0384387419036256,0.009740091316004692,0.4432348367029549,3.525,13.386033466983347,1.0,1.0,40.0,101.03071465265563,0.009740091316004692,0.4432348367029549
AB,shared_PLtetO1_tx_scale,12,0.4044568990688079,0.024031735423203138,0.3713608600938766,0.5394681067715948,0.8688052552887857,0.41869845356194746,0.0743758010283625,0.5957220289699944,48.089137981376155,10.0,8.240317354232031,2.7427217201877534,0.0050334318006715235,1.3688052552887857,0.9186984535619475,1.1271622984285814,47.65776231759955,1.0,0.0050334318006715235,1.3688052552887857,1.0,2.0,0.0,95.3155246351991,396,48.089137981376155,10.0,8.240317354232031,2.7427217201877534,0.005033431800671524,1.3688052552887857,0.9186984535619475,1.1271622984285814,47.65776231759955,1.0,0.0050334318006715235,1.3688052552887857,1.0,2.0,0.0,True,,resolved_oscillation,1.0,478.125,9.942473915526769,0.0007394580718290694,0.9829694878195477,330.55794856373984,5.6295711693600605,399.3537478726998,89.15499352700691,0.5924183006535948,0.27860475449900024,4011.430452561449,122.8258402354194,7.286165080001867,0.049909459920523286,0.006849894199832005,0.4712286158631415,2.5833333333333335,18.16036259218961,1.0,1.0,40.0,95.3155246351991,0.006849894199832005,0.4712286158631415
AB,shared_PLtetO1_tx_scale,13,0.8397119452496339,0.26008903724763854,0.8937767146418455,0.7360853102868091,0.7481705491920402,0.3533399201315356,0.54972461355271,0.24027480692021974,56.79423890499268,10.0,10.600890372476385,3.787553429283691,0.009071290353590626,1.2481705491920403,0.8533399201315356,2.422372990848222,19.22198455361758,1.0,0.009071290353590626,1.2481705491920403,1.0,2.0,0.0,38.44396910723516,397,56.79423890499268,10.0,10.600890372476385,3.787553429283691,0.009071290353590626,1.2481705491920403,0.8533399201315356,2.422372990848222,19.22198455361758,1.0,0.009071290353590626,1.2481705491920403,1.0,2.0,0.0,True,,resolved_oscillation,1.0,638.0,11.233533758014927,0.0,0.9659499011614386,269.16721767390413,9.165170365897012,717.576562530048,84.29719612989913,0.5564263322884012,0.18195956454121306,3613.5740750184455,98.31419145546339,5.717599304303599,0.08141699897833528,0.014239717518688874,0.38413685847589424,2.85,16.151581690940613,1.0,1.0,40.0,38.44396910723516,0.014239717518688874,0.38413685847589424
AB,shared_PLtetO1_tx_scale,14,0.5050919744883469,0.29587452410599624,0.37675403278337516,0.07604663233161935,0.4498605311776427,0.20466249303767636,0.7919028093038489,0.04476630886248789,50.10183948976694,10.0,10.958745241059962,2.7535080655667503,0.0012558534116573618,0.9498605311776427,0.7046624930376764,3.576978337681357,3.5813047089990313,1.0,0.0012558534116573618,0.9498605311776427,1.0,2.0,0.0,7.162609417998063,398,50.10183948976694,10.0,10.958745241059962,2.7535080655667503,0.0012558534116573618,0.9498605311776427,0.7046624930376764,3.576978337681357,3.5813047089990313,1.0,0.0012558534116573618,0.9498605311776427,1.0,2.0,0.0,True,,resolved_oscillation,1.0,710.8,14.187103851649548,0.0006291693802756864,0.9948435244789818,920.510234715466,4.7465884921569605,951.5947193347188,715.4331125191716,0.6440630275745639,0.2992668295934237,3932.540155404405,25.38554669606712,6.205975498554628,0.00860756339974194,0.0013869799198766802,0.4103532548322595,3.5833333333333335,21.102724763154786,1.0,1.0,40.0,7.162609417998063,0.0013869799198766802,0.4103532548322595
AB,shared_PLtetO1_tx_scale,15,0.9354066410283456,0.4956740475582503,0.6505030867783376,0.3678801652864846,0.23139429147905755,0.3567890580726589,0.7861953008443282,0.3266761862476052,58.70813282056692,10.0,12.956740475582503,3.301006173556675,0.0030103925452112375,0.7313942914790575,0.8567890580726589,3.5442710945200737,26.134094899808417,1.0,0.0030103925452112375,0.7313942914790575,1.0,2.0,0.0,52.268189799616835,399,58.70813282056692,10.0,12.956740475582503,3.301006173556675,0.0030103925452112375,0.7313942914790575,0.8567890580726589,3.5442710945200737,26.134094899808417,1.0,0.0030103925452112375,0.7313942914790575,1.0,2.0,0.0,True,,resolved_oscillation,1.0,839.25,14.295293678731849,0.0005957700327673518,0.993974347669955,1008.9511321187789,6.079588740153137,1078.3597178555362,706.6468878899825,0.6261543044384867,0.3325927571650744,3697.597729486166,28.94118207282885,4.857450479663717,0.015827116156068174,0.0032583175520430403,0.4314596756276383,4.633333333333334,21.187859101571032,1.0,1.0,40.0,52.268189799616835,0.0032583175520430403,0.4314596756276383
AB,shared_PLtetO1_tx_scale,16,0.4165039138534229,0.28577343400915445,0.19195520983891223,0.3853034399427899,0.6173619000491285,0.028087019400847124,0.24521803081693405,0.1709331898065073,48.33007827706846,10.0,10.857734340091545,2.3839104196778242,0.0031716943810267094,1.1173619000491284,0.5280870194008471,1.4838843279905287,13.674655184520583,1.0,0.0031716943810267094,1.1173619000491284,1.0,2.0,0.0,27.349310369041167,400,48.33007827706846,10.0,10.857734340091545,2.3839104196778242,0.0031716943810267094,1.1173619000491284,0.5280870194008471,1.4838843279905287,13.674655184520583,1.0,0.0031716943810267094,1.1173619000491284,1.0,2.0,0.0,True,,resolved_oscillation,1.0,413.1,8.547472189715172,0.0007654993125558895,0.9596842101156291,196.9806680850493,7.941431225799836,217.36377742080137,97.18866400888346,0.6293875574921326,0.2341701844034659,2885.4390054328337,174.20667985285084,5.449859604404612,0.03347888031594063,0.006143072069027757,0.47944901133081536,2.2583333333333333,12.187416792228001,1.0,1.0,40.0,27.349310369041167,0.006143072069027757,0.47944901133081536
AB,shared_PLtetO1_tx_scale,17,0.5474959190386707,0.32786926200840927,0.12153798541605187,0.8674324012996638,0.8729900824691754,0.8212992686047814,0.49428288340064575,0.17215494341127735,50.94991838077341,10.0,11.278692620084094,2.2430759708321037,0.013444837988443942,1.3729900824691754,1.3212992686047813,2.21558751476456,13.772395472902188,1.0,0.013444837988443942,1.3729900824691754,1.0,2.0,0.0,27.544790945804376,401,50.94991838077341,10.0,11.278692620084094,2.2430759708321037,0.013444837988443942,1.3729900824691754,1.3212992686047813,2.21558751476456,13.772395472902188,1.0,0.013444837988443942,1.3729900824691754,1.0,2.0,0.0,True,,resolved_oscillation,1.0,336.0,6.59471125132938,0.0018823081310526068,0.2570307225964388,59.93459530746748,44.52956296706399,106.74996756952807,47.848631422717425,0.6636904761904762,0.0,379.50032467005417,294.22104797234454,0.5601208515926004,0.35718171640726487,0.6376868766654277,0.04376805154410131,3.8,2.547859150393618,1.0,1.0,40.0,27.544790945804376,0.6376868766654277,0.04376805154410131
AB,shared_PLtetO1_tx_scale,18,0.2557492081993019,0.011841787648559254,0.9901753778860107,0.5100265748839851,0.37237180504774037,0.9723548965289336,0.18530812723112733,0.07398357953597556,45.11498416398604,10.0,8.118417876485593,3.9803507557720215,0.004608502978467939,0.8723718050477404,1.4723548965289335,1.3474877400250016,5.918686362878045,1.0,0.004608502978467939,0.8723718050477404,1.0,2.0,0.0,11.83737272575609,402,45.11498416398604,10.0,8.118417876485593,3.9803507557720215,0.004608502978467939,0.8723718050477404,1.4723548965289335,1.3474877400250016,5.918686362878045,1.0,0.004608502978467943,0.8723718050477404,1.0,2.0,0.0,True,,resolved_oscillation,1.0,663.1666666666666,14.69947688014602,0.0006156043585783308,0.9929947174025642,605.6566938155717,4.242796297206698,656.1278121014883,430.2856095976175,0.6212616235234985,0.299711175294379,3440.8657618907087,29.90865497549107,5.830034888394023,0.02889413435261831,0.004956082580249818,0.39524550099977784,3.658333333333333,20.13583735413494,1.0,1.0,40.0,11.83737272575609,0.004956082580249818,0.39524550099977784
AB,shared_PLtetO1_tx_scale,19,0.9255513500073052,0.7189310719243752,0.3595363148666204,0.008470141514244522,0.11635908913161286,0.9187699952713662,0.5653192310309306,0.6859534039173187,58.5110270001461,10.0,15.189310719243753,2.719072629733241,0.0010256989434931972,0.6163590891316129,1.4187699952713662,2.4839404815345145,54.8762723133855,1.0,0.0010256989434931972,0.6163590891316129,1.0,2.0,0.0,109.752544626771,403,58.5110270001461,10.0,15.189310719243753,2.719072629733241,0.0010256989434931972,0.6163590891316129,1.4187699952713662,2.4839404815345145,54.8762723133855,1.0,0.0010256989434931972,0.6163590891316129,1.0,2.0,0.0,True,,resolved_oscillation,1.0,711.6,12.161810114839092,0.0007697056738408744,0.9919929196932524,913.8745826575006,7.31746717363401,956.8041690761727,513.7490970495907,0.6214165261382799,0.3290379915574317,2825.99883556462,33.799182594892294,3.8947208197490744,0.004607898421280699,0.0011831139212636998,0.4399022439457898,3.95,14.498748084651465,1.0,1.0,40.0,109.752544626771,0.0011831139212636998,0.4399022439457898
AB,shared_PLtetO1_tx_scale,20,0.0013435690855783111,0.46494735339945903,0.7029286016979912,0.6847519706450776,0.7559727314723682,0.066410428609471,0.5239147617457327,0.5455612958419926,40.026871381711565,10.0,12.649473533994591,3.4058572033959824,0.007778267117499566,1.2559727314723683,0.566410428609471,2.323810465653857,43.644903667359415,1.0,0.007778267117499566,1.2559727314723683,1.0,2.0,0.0,87.28980733471883,404,40.026871381711565,10.0,12.649473533994591,3.4058572033959824,0.007778267117499566,1.2559727314723683,0.566410428609471,2.323810465653857,43.644903667359415,1.0,0.007778267117499566,1.2559727314723683,1.0,2.0,0.0,True,,resolved_oscillation,1.0,448.0,11.192481064225593,0.0,0.9808873771528449,398.91268066240235,7.6242676144481205,473.23043157786344,186.62214618539167,0.5970982142857143,0.32015107753832484,3742.7001500914557,97.283996094224,7.666919789874966,0.07028205597567813,0.009166922036734169,0.4712286158631415,2.5833333333333335,18.946029850061407,1.0,1.0,40.0,87.28980733471883,0.009166922036734169,0.4712286158631415
AB,shared_PLtetO1_tx_scale,21,0.07885095553436716,0.31896266985311017,0.43766206874156466,0.49990424355663865,0.2087434045727422,0.4357792480321784,0.5996465601993903,0.8802543008467651,41.577019110687345,10.0,11.189626698531102,2.8753241374831293,0.0044708532590794344,0.7087434045727422,0.9357792480321784,2.625034156727496,70.42034406774121,1.0,0.0044708532590794344,0.7087434045727422,1.0,2.0,0.0,140.84068813548242,405,41.577019110687345,10.0,11.189626698531102,2.8753241374831293,0.0044708532590794344,0.7087434045727422,0.9357792480321784,2.625034156727496,70.42034406774121,1.0,0.0044708532590794344,0.7087434045727422,1.0,2.0,0.0,True,,resolved_oscillation,1.0,437.55555555555554,10.52397610301702,0.001204524248413552,0.9832693367432762,401.2637386411707,6.713408488339466,485.2483705739612,140.43513528432803,0.5896394108684612,0.3065985336591868,2056.93749821046,55.30281907622393,4.142293720126474,0.022945488283005383,0.005539319476916477,0.45767607198400356,2.55,10.042150033752558,1.0,1.0,40.0,140.84068813548242,0.005539319476916477,0.45767607198400356
AB,shared_PLtetO1_tx_scale,22,0.8675713022377077,0.6969107328092301,0.6335471684261575,0.5509199571228793,0.9762191652072145,0.3486284427256984,0.980574699729904,0.08487242491476177,57.351426044754156,10.0,14.969107328092301,3.267094336852315,0.005209108332360569,1.4762191652072145,0.8486284427256984,4.846099224439112,6.7897939931809415,1.0,0.005209108332360569,1.4762191652072145,1.0,2.0,0.0,13.579587986361883,406,57.351426044754156,10.0,14.969107328092301,3.267094336852315,0.005209108332360569,1.4762191652072145,0.8486284427256984,4.846099224439112,6.7897939931809415,1.0,0.005209108332360569,1.4762191652072145,1.0,2.0,0.0,True,,resolved_oscillation,1.0,780.75,13.613436558504093,0.0006404098623118795,0.9839886613288376,787.9260222793747,12.61575039053691,1758.9050319839332,393.8176668733018,0.6050592379122638,0.16263052654965562,4462.731336241087,62.36558904496287,6.766489068355494,0.05529128175780005,0.00817133984836805,0.358586980670962,3.05,20.49185215689779,1.0,1.0,40.0,13.579587986361883,0.00817133984836805,0.358586980670962
AB,shared_PLtetO1_tx_scale,23,0.8783796245132314,0.3287124873925278,0.08087632777524123,0.428318534017873,0.2832990918645446,0.8729212352329343,0.7929911185726779,0.12612542097333246,57.56759249026463,10.0,11.287124873925277,2.1617526555504822,0.0036079063863084983,0.7832990918645446,1.3729212352329343,3.5832491422890334,10.090033677866597,1.0,0.0036079063863084983,0.7832990918645446,1.0,2.0,0.0,20.180067355733193,407,57.56759249026463,10.0,11.287124873925277,2.1617526555504822,0.0036079063863084983,0.7832990918645446,1.3729212352329343,3.5832491422890334,10.090033677866597,1.0,0.0036079063863084983,0.7832990918645446,1.0,2.0,0.0,True,,resolved_oscillation,1.0,621.0,10.787319273513454,0.0,0.98172508901972,575.9456845627095,10.525356114859921,867.319806903027,267.1130950593075,0.6312399355877617,0.08398133748055987,1837.8943884554058,48.115973690397944,3.033888810549602,0.021452654978377412,0.007071008965055372,0.3188180404354588,2.433333333333333,7.533403630153007,1.0,1.0,40.0,20.180067355733193,0.007071008965055372,0.3188180404354588
AB,shared_PLtetO1_tx_scale,24,0.39314986885056447,0.3402603413700579,0.283665563286857,0.32617748054883455,0.7517784134885256,0.13956516709130617,0.18540594859632797,0.31633641727601725,47.86299737701129,10.0,11.402603413700579,2.567331126573714,0.002656847860839996,1.2517784134885255,0.6395651670913062,1.3476999017105737,25.30691338208138,1.0,0.002656847860839996,1.2517784134885255,1.0,2.0,0.0,50.61382676416276,408,47.86299737701129,10.0,11.402603413700579,2.567331126573714,0.002656847860839996,1.2517784134885255,0.6395651670913062,1.3476999017105737,25.30691338208138,1.0,0.002656847860839996,1.2517784134885255,1.0,2.0,0.0,True,,resolved_oscillation,1.0,448.22222222222223,9.364691866069892,0.000983794488496997,0.9740416211133415,284.0815158974182,7.37429562436148,305.7437360528509,134.15946999787684,0.620785820525533,0.27682737169517885,3689.7694653704357,146.44180853468632,6.782717857359012,0.026240478044618907,0.0038687261650060976,0.47789380137747167,2.4833333333333334,16.269235084667237,1.0,1.0,40.0,50.61382676416276,0.0038687261650060976,0.47789380137747167
AB,shared_PLtetO1_tx_scale,25,0.07041119244804428,0.332130848458681,0.47799425521871675,0.9860244128897545,0.7625801878670802,0.23806648353124005,0.9210385550297289,0.31793519788627744,41.40822384896089,10.0,11.32130848458681,2.9559885104374333,0.019179944123959267,1.2625801878670802,0.73806648353124,4.403300482001121,25.434815830902195,1.0,0.019179944123959267,1.2625801878670802,1.0,2.0,0.0,50.86963166180439,409,41.40822384896089,10.0,11.32130848458681,2.9559885104374333,0.019179944123959267,1.2625801878670802,0.73806648353124,4.403300482001121,25.434815830902195,1.0,0.019179944123959274,1.2625801878670802,1.0,2.0,0.0,True,,steady_state,0.0,,,,,21.91825388446415,21.918241362252267,239.64615696263175,32.789622368169624,,0.0,767.3893086916518,767.3887921737496,1.279837861643387,1.2798361957267423,0.999998698337739,1.0,,,1.0,1.0,40.0,50.86963166180439,,
AB,shared_PLtetO1_tx_scale,26,0.5453222821228122,0.15880740001429594,0.7315526222870028,0.9819235271006114,0.4389299987489875,0.8995501600465765,0.7702554738662177,0.8733172195768184,50.90644564245625,10.0,9.58807400014296,3.4631052445740056,0.018945756978259655,0.9389299987489875,1.3995501600465765,3.4545021865384595,69.86537756614547,1.0,0.018945756978259655,0.9389299987489875,1.0,2.0,0.0,139.73075513229094,410,50.90644564245625,10.0,9.58807400014296,3.4631052445740056,0.018945756978259655,0.9389299987489875,1.3995501600465765,3.4545021865384595,69.86537756614547,1.0,0.018945756978259655,0.9389299987489875,1.0,2.0,0.0,True,,steady_state,0.0,,,,,7.182528859882871,7.1825284405955125,1701.3442395799548,43.7816639140562,,1.0,3662.1601458860855,3662.1585335516315,4.9680985404238465,4.968098263996855,0.9999999443595997,1.0,4.333333333333333,,1.0,1.0,40.0,139.73075513229094,,
AB,shared_PLtetO1_tx_scale,27,0.5842061138530887,0.17478857874816356,0.6751111745047766,0.21103105998534566,0.6016244368617147,0.27706809452061376,0.08242795025315841,0.20941401680263994,51.684122277061775,10.0,9.747885787481636,3.3502223490095533,0.001881731864134484,1.1016244368617147,0.7770680945206138,1.1418647460445446,16.753121344211195,1.0,0.001881731864134484,1.1016244368617147,1.0,2.0,0.0,33.50624268842239,411,51.684122277061775,10.0,9.747885787481636,3.3502223490095533,0.001881731864134484,1.1016244368617147,0.7770680945206138,1.1418647460445446,16.753121344211195,1.0,0.001881731864134484,1.1016244368617147,1.0,2.0,0.0,True,,resolved_oscillation,1.0,603.4285714285714,11.675318160455296,0.0008858090404294369,0.9868200340397628,374.48845688786486,4.935745114283804,393.299491284857,257.85552937785457,0.6115056818181818,0.3065985336591868,4611.2853996439135,70.29880620488377,7.181896245343,0.014937200137432344,0.0020798407032290617,0.42346145301044213,3.45,23.34974276235509,1.0,1.0,40.0,33.50624268842239,0.0020798407032290617,0.42346145301044213
AB,shared_PLtetO1_tx_scale,28,0.5150252250115483,0.5671990511643153,0.9824233046384001,0.9901042993929583,0.03750123264512628,0.5459952500686578,0.7216872091884045,0.610060609924768,50.30050450023097,10.0,13.671990511643154,3.9648466092768,0.01941580458771451,0.5375012326451263,1.0459952500686578,3.1947561271526923,48.804848793981435,1.0,0.01941580458771451,0.5375012326451263,1.0,2.0,0.0,97.60969758796287,412,50.30050450023097,10.0,13.671990511643154,3.9648466092768,0.01941580458771451,0.5375012326451263,1.0459952500686578,3.1947561271526923,48.804848793981435,1.0,0.019415804587714518,0.5375012326451263,1.0,2.0,0.0,True,,resolved_oscillation,1.0,415.22222222222223,8.254832160188684,0.0010619820622416072,0.8151760819236495,81.65822178803882,15.092392494012943,273.59195796372654,31.72483877644075,0.5346534653465347,0.0,852.939462029577,99.93106462614081,1.6009551528645798,0.07817884238695783,0.04883262485340259,0.4203510331037547,2.2666666666666666,3.9724153097245036,1.0,1.0,40.0,97.60969758796287,0.04883262485340259,0.4203510331037547
AB,shared_PLtetO1_tx_scale,29,0.04945339346089217,0.09762210073206024,0.7021926793540646,0.5344320235740077,0.005456539972113261,0.43951840096355876,0.716675164080167,0.8026172127841293,40.98906786921784,10.0,8.976221007320602,3.4043853587081294,0.0049580635987980255,0.5054565399721133,0.9395184009635588,3.169089047811621,64.20937702273035,1.0,0.0049580635987980255,0.5054565399721133,1.0,2.0,0.0,128.4187540454607,413,40.98906786921784,10.0,8.976221007320602,3.4043853587081294,0.0049580635987980255,0.5054565399721133,0.9395184009635588,3.169089047811621,64.20937702273035,1.0,0.0049580635987980255,0.5054565399721133,1.0,2.0,0.0,True,,resolved_oscillation,1.0,474.625,11.579306987764806,0.0010904380711230248,0.9861024919776525,367.54824354563374,5.108004663275173,460.8982154063369,139.92906452902793,0.57687648143271,0.3528104865585425,1612.5585348986906,31.82117603607472,3.1687192127748105,0.018022886180605983,0.0056877510976504455,0.4681181959564541,2.85,8.522505353697955,1.0,1.0,40.0,128.4187540454607,0.0056877510976504455,0.4681181959564541
AB,shared_PLtetO1_tx_scale,30,0.23529284243979742,0.8407494147148626,0.1627078196361389,0.18400605895795552,0.39536289254803336,0.6622785865219342,0.34201139629394184,0.761506421166632,44.705856848795946,10.0,16.407494147148626,2.325415639272278,0.001735391244881489,0.8953628925480334,1.1622785865219343,1.734026407844816,60.92051369333056,1.0,0.001735391244881489,0.8953628925480334,1.0,2.0,0.0,121.84102738666112,414,44.705856848795946,10.0,16.407494147148626,2.325415639272278,0.001735391244881489,0.8953628925480334,1.1622785865219343,1.734026407844816,60.92051369333056,1.0,0.001735391244881489,0.8953628925480334,1.0,2.0,0.0,True,,resolved_oscillation,1.0,397.3636363636364,8.88840219990859,0.0012696807984911103,0.9714718585204594,394.0348351508919,11.241081525052087,440.06769266354286,160.12314342040884,0.6222260352322123,0.25038880248833595,2271.8411844486454,109.5421549367688,4.546747408522958,0.015135152303929885,0.0033287867004792872,0.45545434347922686,2.2333333333333334,9.843955804330813,1.0,1.0,40.0,121.84102738666112,0.0033287867004792872,0.45545434347922686
AB,shared_PLtetO1_tx_scale,31,0.3961908178200533,0.5858255229716866,0.8827516093406286,0.1975083502442333,0.19012612261259598,0.8533965863188613,0.9318053292379148,0.9537836951071544,47.92381635640106,10.0,13.858255229716866,3.765503218681257,0.0018070255285962528,0.690126122612596,1.3533965863188613,4.48026781101067,76.30269560857235,1.0,0.0018070255285962528,0.690126122612596,1.0,2.0,0.0,152.6053912171447,415,47.92381635640106,10.0,13.858255229716866,3.765503218681257,0.0018070255285962528,0.690126122612596,1.3533965863188613,4.48026781101067,76.30269560857235,1.0,0.0018070255285962528,0.690126122612596,1.0,2.0,0.0,True,,resolved_oscillation,1.0,767.4,16.01291504610109,0.0007137380212472846,0.9965903517167543,1683.4412888296893,5.73994270040326,1807.672530496571,1223.1220690846842,0.6098514464425332,0.35814263497000665,3105.3778881580033,12.848060530356971,4.786467106665771,0.008962744826949035,0.0018725177938582842,0.4267940457676072,4.616666666666666,20.654555812922386,1.0,1.0,40.0,152.6053912171447,0.0018725177938582842,0.4267940457676072
AB,shared_PLtetO1_tx_scale,32,0.45544406973220386,0.8413148429729738,0.5906917281865809,0.2627126403874821,0.17892215636555375,0.7769402083886271,0.7903188624593088,0.30569927964458465,49.10888139464408,10.0,16.413148429729738,3.1813834563731618,0.00219683290709738,0.6789221563655538,1.276940208388627,3.567871288277414,24.45594237156677,1.0,0.00219683290709738,0.6789221563655538,1.0,2.0,0.0,48.91188474313354,416,49.10888139464408,10.0,16.413148429729738,3.1813834563731618,0.00219683290709738,0.6789221563655538,1.276940208388627,3.567871288277414,24.45594237156677,1.0,0.00219683290709738,0.6789221563655538,1.0,2.0,0.0,True,,resolved_oscillation,1.0,704.8,14.351782813706421,0.0006345255327751957,0.9941300831159692,1221.0089109707203,7.167220822059073,1265.724968353344,957.5247393998774,0.6339387060158911,0.31548544767829373,2893.5538855362634,20.15676814890288,4.552959498345107,0.010724609516756769,0.0023555249109189114,0.40613197067318374,3.816666666666667,16.387194773528776,1.0,1.0,40.0,48.91188474313354,0.0023555249109189114,0.40613197067318374
AB,shared_PLtetO1_tx_scale,33,0.9227593837099817,0.2542365218699282,0.11984868902090784,0.21289201770014698,0.8355668240669498,0.215498302700181,0.5288499542686814,0.8553785018010519,58.455187674199635,10.0,10.542365218699281,2.2396973780418157,0.0018922516859940209,1.3355668240669498,0.715498302700181,2.34234172557057,68.43028014408415,1.0,0.0018922516859940209,1.3355668240669498,1.0,2.0,0.0,136.8605602881683,417,58.455187674199635,10.0,10.542365218699281,2.2396973780418157,0.0018922516859940209,1.3355668240669498,0.715498302700181,2.34234172557057,68.43028014408415,1.0,0.0018922516859940209,1.3355668240669498,1.0,2.0,0.0,True,,resolved_oscillation,1.0,618.0,10.572201109753115,0.0,0.9902806456739047,671.2413537963783,6.524032555874929,779.379036758038,193.95377623928178,0.616504854368932,0.24794490113308154,4840.406519008925,102.18118324783073,7.1577277001174595,0.019037308291427434,0.002659686018946352,0.4296822928238169,3.2333333333333334,22.107685324924432,1.0,1.0,40.0,136.8605602881683,0.002659686018946352,0.4296822928238169
AB,shared_PLtetO1_tx_scale,34,0.07950435043954462,0.9662316694526888,0.37274283035622435,0.1750304734321343,0.740455434691546,0.4630627884669968,0.38130948963773503,0.5292730561158066,41.590087008790896,10.0,17.662316694526886,2.7454856607124487,0.0016893510111593599,1.240455434691546,0.9630627884669968,1.8472424305525734,42.341844489264524,1.0,0.0016893510111593599,1.240455434691546,1.0,2.0,0.0,84.68368897852905,418,41.590087008790896,10.0,17.662316694526886,2.7454856607124487,0.0016893510111593599,1.240455434691546,0.9630627884669968,1.8472424305525734,42.341844489264524,1.0,0.0016893510111593599,1.240455434691546,1.0,2.0,0.0,True,,resolved_oscillation,1.0,453.55555555555554,10.905376453280502,0.001162032457190732,0.9845569695622367,613.5165239607979,9.47455435359738,644.1406131019187,365.6194717113772,0.6250612444879962,0.29815596534103533,3767.6159670551583,80.151330576598,7.547307704964682,0.015586163898705417,0.0020651289847971495,0.45545434347922686,2.5166666666666666,18.08570113671659,1.0,1.0,40.0,84.68368897852905,0.0020651289847971495,0.45545434347922686
AB,shared_PLtetO1_tx_scale,35,0.6334398631188464,0.44530082088652956,0.9710384632196135,0.6253248415770387,0.8421563648231983,0.12196760263835515,0.48354764822632257,0.8441290579269647,52.66879726237693,10.0,12.453008208865295,3.942076926439227,0.006509780962671258,1.3421563648231984,0.6219676026383552,2.1776360713907166,67.53032463415718,1.0,0.006509780962671258,1.3421563648231984,1.0,2.0,0.0,135.06064926831436,419,52.66879726237693,10.0,12.453008208865295,3.942076926439227,0.006509780962671259,1.3421563648231984,0.6219676026383552,2.1776360713907166,67.53032463415718,1.0,0.006509780962671258,1.3421563648231984,1.0,2.0,0.0,True,,resolved_oscillation,1.0,658.5,12.502658770041602,0.000831773056196152,0.9880683097676469,614.8686223908016,7.336421935960752,742.0864733028711,256.40840510654283,0.5827638572513287,0.3123750277716063,5702.277047470924,93.22136236582993,8.585022915966594,0.06279547978451966,0.007314538400093423,0.44123528104865584,3.8,30.96380793331946,1.0,1.0,40.0,135.06064926831436,0.007314538400093423,0.44123528104865584
AB,shared_PLtetO1_tx_scale,36,0.6761306877039921,0.05417488428145534,0.12327418220657027,0.9714779234866264,0.5876327190536634,0.6833932859140744,0.1868916785923901,0.42248977462753035,53.52261375407984,10.0,8.541748842814552,2.2465483644131403,0.018362081834339,1.0876327190536634,1.1833932859140743,1.3509263644912934,33.799181970202426,1.0,0.018362081834339,1.0876327190536634,1.0,2.0,0.0,67.59836394040485,420,53.52261375407984,10.0,8.541748842814552,2.2465483644131403,0.018362081834339,1.0876327190536634,1.1833932859140743,1.3509263644912934,33.799181970202426,1.0,0.018362081834339006,1.0876327190536634,1.0,2.0,0.0,True,,unresolved_oscillation,0.0,,,,0.0676158659499346,25.169287279051062,23.46744412433535,99.46073592176387,21.331179452247312,,0.0,647.4385767817606,605.4825421786014,0.8616576125421022,0.7657258829510369,0.888666068523386,1.0,3.75,5.00458497525497,1.0,1.0,40.0,67.59836394040485,,
AB,shared_PLtetO1_tx_scale,37,0.9942080218192769,0.6593242047859554,0.2048195830433457,0.11408570344483138,0.953321643366449,0.24995871660714786,0.24812270663075364,0.5441891502418968,59.88416043638554,10.0,14.593242047859555,2.4096391660866914,0.0014074368648072306,1.4533216433664489,0.7499587166071479,1.4908375721581986,43.53513201935175,1.0,0.0014074368648072306,1.4533216433664489,1.0,2.0,0.0,87.0702640387035,421,59.88416043638554,10.0,14.593242047859555,2.4096391660866914,0.0014074368648072306,1.4533216433664489,0.7499587166071479,1.4908375721581986,43.53513201935175,1.0,0.0014074368648072306,1.4533216433664489,1.0,2.0,0.0,True,,resolved_oscillation,1.0,605.7142857142857,10.114766263738991,0.0008055778904056289,0.9839905861789187,558.9068539598696,8.947771112482224,590.9707739052645,251.7440939727814,0.6265330188679246,0.25083314818929126,5499.4385442910725,147.61949816637699,7.987538382676532,0.016300089240292526,0.0020406899421784755,0.42879360142190626,3.2,24.606367548589773,1.0,1.0,40.0,87.0702640387035,0.0020406899421784755,0.42879360142190626
AB,shared_PLtetO1_tx_scale,38,0.4452386990402637,0.45484334849897157,0.3778401004807026,0.5335265915484285,0.8226526425718126,0.7955874573466426,0.7447623325657388,0.4984037620752796,48.904773980805274,10.0,12.548433484989715,2.755680200961405,0.004944633411198485,1.3226526425718126,1.2955874573466426,3.315633590675952,39.872300966022365,1.0,0.004944633411198485,1.3226526425718126,1.0,2.0,0.0,79.74460193204473,422,48.904773980805274,10.0,12.548433484989715,2.755680200961405,0.004944633411198485,1.3226526425718126,1.2955874573466426,3.315633590675952,39.872300966022365,1.0,0.00494463341119849,1.3226526425718126,1.0,2.0,0.0,True,,resolved_oscillation,1.0,593.4285714285714,12.134368960819394,0.000900736010297049,0.986856840397582,716.8755712925685,9.422010048572794,1514.3324775057158,240.63326973142074,0.5935844968704862,0.18462563874694513,3673.1307198245463,58.952228098020626,6.548379278451409,0.04713944514691729,0.0071986430752473225,0.35481004221284157,2.6416666666666666,16.8382467548792,1.0,1.0,40.0,79.74460193204473,0.0071986430752473225,0.35481004221284157
AB,shared_PLtetO1_tx_scale,39,0.6660332596561213,0.9549278270831529,0.6069990404660162,0.752066943141399,0.455903676713026,0.4830470007968839,0.4840801167323766,0.5658874191471764,53.32066519312242,10.0,17.54927827083153,3.2139980809320323,0.009516158166760644,0.955903676713026,0.9830470007968839,2.1795030509279187,45.27099353177412,1.0,0.009516158166760644,0.955903676713026,1.0,2.0,0.0,90.54198706354823,423,53.32066519312242,10.0,17.54927827083153,3.2139980809320323,0.009516158166760644,0.955903676713026,0.9830470007968839,2.1795030509279187,45.27099353177412,1.0,0.009516158166760644,0.955903676713026,1.0,2.0,0.0,True,,resolved_oscillation,1.0,583.2857142857143,10.939205506403727,0.0008365540669409419,0.9781456567228288,543.8555616337691,11.885606137143087,692.1212616391534,233.7600426376682,0.6051922605927014,0.2654965563208176,3362.149783138483,100.75723803479657,5.3551690773820315,0.06548621847623912,0.01222859960721412,0.4230171073094868,3.066666666666667,16.037610285226485,1.0,1.0,40.0,90.54198706354823,0.01222859960721412,0.4230171073094868
AB,shared_PLtetO1_tx_scale,40,0.07938517308078696,0.022029308983154694,0.46089644750850756,0.321935567576238,0.6456566044921718,0.6828149072520601,0.16781697286928776,0.6518343044389883,41.58770346161574,10.0,8.220293089831546,2.921792895017015,0.002623299219812042,1.1456566044921717,1.1828149072520602,1.3100836609385509,52.14674435511906,1.0,0.002623299219812042,1.1456566044921717,1.0,2.0,0.0,104.29348871023812,424,41.58770346161574,10.0,8.220293089831546,2.921792895017015,0.002623299219812042,1.1456566044921717,1.1828149072520602,1.3100836609385509,52.14674435511906,1.0,0.002623299219812042,1.1456566044921717,1.0,2.0,0.0,True,,resolved_oscillation,1.0,475.5,11.433668137959888,0.001124127200472868,0.9904124757258946,473.6915150938528,4.541528899400077,529.1924142074832,171.012486300388,0.5930599369085173,0.3290379915574317,3552.4881876467657,58.32195385904005,6.997236651689219,0.021658743698073735,0.0030953281668478438,0.46789602310597644,2.7,17.81113969297165,1.0,1.0,40.0,104.29348871023812,0.0030953281668478438,0.46789602310597644
AB,shared_PLtetO1_tx_scale,41,0.9815064036168787,0.6484862657754508,0.8948493318150219,0.4999552130251841,0.14747383147621906,0.5872141849970318,0.30968064225549496,0.899810359527491,59.63012807233757,10.0,14.484862657754508,3.789698663630044,0.004471535969726869,0.6474738314762191,1.0872141849970318,1.6461047945070326,71.98482876219929,1.0,0.004471535969726869,0.6474738314762191,1.0,2.0,0.0,143.96965752439857,425,59.63012807233757,10.0,14.484862657754508,3.789698663630044,0.004471535969726869,0.6474738314762191,1.0872141849970318,1.6461047945070326,71.98482876219929,1.0,0.004471535969726869,0.6474738314762191,1.0,2.0,0.0,True,,resolved_oscillation,1.0,651.5,10.92568506996434,0.0008407099884960339,0.9808707137130915,443.2042741773062,8.478181444319128,517.9857528514829,233.74348272020202,0.5775134305448965,0.3265940902021773,3011.699411205002,69.16306452691923,4.114421624168654,0.02081855842064947,0.005059899135849015,0.4503443679182404,3.8833333333333333,15.10393258142007,1.0,1.0,40.0,143.96965752439857,0.005059899135849015,0.4503443679182404
AB,shared_PLtetO1_tx_scale,42,0.2634626562834709,0.9747032019221333,0.7824072395318442,0.7109816588766164,0.537741096995794,0.31261461683648606,0.3711782882929373,0.5177094697691266,45.269253125669415,10.0,17.747032019221333,3.5648144790636884,0.008414115409178519,1.037741096995794,0.8126146168364861,1.8173663805408415,41.41675758153013,1.0,0.008414115409178519,1.037741096995794,1.0,2.0,0.0,82.83351516306026,426,45.269253125669415,10.0,17.747032019221333,3.5648144790636884,0.008414115409178519,1.037741096995794,0.8126146168364861,1.8173663805408415,41.41675758153013,1.0,0.008414115409178519,1.037741096995794,1.0,2.0,0.0,True,,resolved_oscillation,1.0,490.625,10.837930076690323,0.0010548772881666562,0.976006164614558,446.58690595804745,10.71533270685126,498.51310250970033,260.95403993469745,0.6053503184713376,0.326816263052655,3512.4846909302396,104.40691661786815,6.404748861697688,0.06282943476225002,0.009809820200443582,0.47478338147078425,2.816666666666667,17.31444505566162,1.0,1.0,40.0,82.83351516306026,0.009809820200443582,0.47478338147078425
AB,shared_PLtetO1_tx_scale,43,0.11902604624430946,0.7238209620991736,0.5130660887379298,0.037791826390061733,0.8529476254915114,0.9864411902014837,0.42542350137029605,0.8698764918089886,42.38052092488619,10.0,15.238209620991736,3.0261321774758594,0.0011198717770689508,1.3529476254915114,1.4864411902014836,1.9831623398000462,69.59011934471908,1.0,0.0011198717770689508,1.3529476254915114,1.0,2.0,0.0,139.18023868943817,427,42.38052092488619,10.0,15.238209620991736,3.0261321774758594,0.0011198717770689508,1.3529476254915114,1.4864411902014836,1.9831623398000462,69.59011934471908,1.0,0.0011198717770689508,1.3529476254915114,1.0,2.0,0.0,True,,resolved_oscillation,1.0,581.5,13.7209262017008,0.0009419132545230715,0.9950508765331046,1329.2158571655,6.578453391267279,1399.0982802110068,836.1574445343415,0.6156491831470335,0.34325705398800266,4939.212444806591,33.807027350039036,9.012345416684676,0.01090220121124777,0.0012096963339936326,0.45589868918018217,3.3333333333333335,28.09075330575807,1.0,1.0,40.0,139.18023868943817,0.0012096963339936326,0.45589868918018217
AB,shared_PLtetO1_tx_scale,44,0.5856463892471487,0.31809303652452925,0.05540641720968964,0.35037645481237045,0.7992000062318403,0.26509542561439037,0.43310533966908604,0.5024287034658289,51.71292778494298,10.0,11.180930365245292,2.110812834419379,0.0028566055621725706,1.2992000062318403,0.7650954256143904,2.00783324636286,40.19429627726631,1.0,0.0028566055621725706,1.2992000062318403,1.0,2.0,0.0,80.38859255453262,428,51.71292778494298,10.0,11.180930365245292,2.110812834419379,0.0028566055621725706,1.2992000062318403,0.7650954256143904,2.00783324636286,40.19429627726631,1.0,0.0028566055621725706,1.2992000062318403,1.0,2.0,0.0,True,,resolved_oscillation,1.0,481.375,9.308600781643614,0.0010751475866149377,0.9790091891384077,406.25070083634495,8.52753162364501,498.1924636859957,141.18063101211192,0.6273695144118411,0.21173072650522107,3375.018201272921,134.3365476808442,5.973414843902052,0.03141602758660303,0.00525930785113209,0.4603421461897356,2.433333333333333,14.246877470804389,1.0,1.0,40.0,80.38859255453262,0.00525930785113209,0.4603421461897356
AB,shared_PLtetO1_tx_scale,45,0.5735089914149888,0.2349033339983554,0.05175284264692048,0.5805394677833117,0.20305587426584715,0.9217209976436966,0.7921983999214777,0.4085949628878395,51.47017982829978,10.0,10.349033339983553,2.103505685293841,0.0056924504797607675,0.7030558742658471,1.4217209976436966,3.578680435405739,32.68759703102716,1.0,0.0056924504797607675,0.7030558742658471,1.0,2.0,0.0,65.37519406205432,429,51.47017982829978,10.0,10.349033339983553,2.103505685293841,0.0056924504797607675,0.7030558742658471,1.4217209976436966,3.578680435405739,32.68759703102716,1.0,0.005692450479760773,0.7030558742658471,1.0,2.0,0.0,True,,resolved_oscillation,1.0,486.125,9.444789227892198,0.0007272890523903807,0.9696431160314808,346.99947804576277,10.533822892171923,649.6670297253347,122.20089998981499,0.6130110568269478,0.0,1331.5973516857525,60.78418367039651,2.491451061463569,0.03187265045710636,0.012792806148230425,0.35347700510997554,2.1333333333333333,5.441480639535713,1.0,1.0,40.0,65.37519406205432,0.012792806148230425,0.35347700510997554
AB,shared_PLtetO1_tx_scale,46,0.9964774922142574,0.7068669270486545,0.375212687785102,0.3997873384363825,0.2760036913057786,0.06723370737678591,0.5138327539551703,0.3768147788965731,59.92954984428515,10.0,15.068669270486545,2.750425375570204,0.003312343127026481,0.7760036913057786,0.5672337073767859,2.286407743300906,30.145182311725847,1.0,0.003312343127026481,0.7760036913057786,1.0,2.0,0.0,60.290364623451694,430,59.92954984428515,10.0,15.068669270486545,2.750425375570204,0.003312343127026481,0.7760036913057786,0.5672337073767859,2.286407743300906,30.145182311725847,1.0,0.003312343127026481,0.7760036913057786,1.0,2.0,0.0,True,,resolved_oscillation,1.0,588.2857142857143,9.816287888266409,0.0008294439668090981,0.9746136439101662,360.16732914289076,9.143336069545773,386.30534488482937,199.5012101632098,0.6217217095677512,0.27349477893801377,3100.2432553531776,108.68974076090143,4.4527787909421255,0.01937358128688133,0.004350896866085332,0.4345700955343257,3.283333333333333,14.127158008684372,1.0,1.0,40.0,60.290364623451694,0.004350896866085332,0.4345700955343257
AB,shared_PLtetO1_tx_scale,47,0.36135447392295206,0.6878005187327936,0.4760701006722087,0.3537843335240982,0.4380355721817345,0.6317049050261032,0.22250865784072882,0.07781224274133436,47.22708947845904,10.0,14.878005187327936,2.9521402013444176,0.002885918285406689,0.9380355721817345,1.1317049050261032,1.4306285165506754,6.224979419306749,1.0,0.002885918285406689,0.9380355721817345,1.0,2.0,0.0,12.449958838613497,431,47.22708947845904,10.0,14.878005187327936,2.9521402013444176,0.002885918285406689,0.9380355721817345,1.1317049050261032,1.4306285165506754,6.224979419306749,1.0,0.002885918285406689,0.9380355721817345,1.0,2.0,0.0,True,,resolved_oscillation,1.0,541.8571428571429,11.47343926634081,0.0006975352784246217,0.984354228742512,505.26296045499515,7.905228704160046,514.7958928436843,376.89328351644707,0.6390060638017401,0.27860475449900024,3307.81124108355,61.862631950761994,5.8387020487463595,0.01965949187875429,0.00336709969349702,0.4230171073094868,2.8,15.7393456325033,1.0,1.0,40.0,12.449958838613497,0.00336709969349702,0.4230171073094868
AB,shared_PLtetO1_tx_scale,48,0.14462614962212772,0.2012148931522557,0.5951396450376651,0.09776566282190036,0.42573084007812745,0.5655754693836429,0.46791123586759553,0.8616507708534276,42.89252299244255,10.0,10.012148931522557,3.1902792900753303,0.0013402816137012632,0.9257308400781274,1.065575469383643,2.123517862719327,68.9320616682742,1.0,0.0013402816137012632,0.9257308400781274,1.0,2.0,0.0,137.8641233365484,432,42.89252299244255,10.0,10.012148931522557,3.1902792900753303,0.0013402816137012632,0.9257308400781274,1.065575469383643,2.123517862719327,68.9320616682742,1.0,0.0013402816137012632,0.9257308400781274,1.0,2.0,0.0,True,,resolved_oscillation,1.0,538.2857142857143,12.54963981439277,0.0009064889212632341,0.9925755093525466,646.0424351678702,4.796536017761921,721.9723969498539,328.00944381183814,0.5912287685774946,0.33970228838035993,3320.699778074436,35.07007130868237,6.07150202317497,0.008928355309868704,0.0014705348488379157,0.4556765163297045,3.216666666666667,18.228563873729247,1.0,1.0,40.0,137.8641233365484,0.0014705348488379157,0.4556765163297045
AB,shared_PLtetO1_tx_scale,49,0.40497024324456166,0.8760220927708037,0.29672674234775864,0.5899843875985493,0.30005671350206164,0.30095928254761795,0.4587922640517281,0.5060696597871368,48.099404864891234,10.0,16.760220927708037,2.5934534846955173,0.005855815504724595,0.8000567135020616,0.800959282547618,2.0925798101307733,40.48557278297095,1.0,0.005855815504724595,0.8000567135020616,1.0,2.0,0.0,80.9711455659419,433,48.099404864891234,10.0,16.760220927708037,2.5934534846955173,0.005855815504724596,0.8000567135020616,0.800959282547618,2.0925798101307733,40.48557278297095,1.0,0.005855815504724595,0.8000567135020616,1.0,2.0,0.0,True,,resolved_oscillation,1.0,432.22222222222223,8.986020168779891,0.0010202125878141094,0.9632815622593396,316.415643615853,11.618288110279687,361.9249079860328,150.1676367736718,0.6200514138817481,0.25794267940457677,2247.411938587226,120.66248438753158,4.153055710029249,0.036482165562814424,0.008784415165612475,0.4618973561430793,2.433333333333333,9.908944772914863,1.0,1.0,40.0,80.9711455659419,0.008784415165612475,0.4618973561430793
AB,shared_PLtetO1_tx_scale,50,0.9975856292646897,0.5657544237723552,0.30706557444850346,0.4275679161838194,0.26759457377091833,0.5557163730357745,0.7210217811166746,0.015263045840949063,59.95171258529379,10.0,13.657544237723553,2.614131148897007,0.003599802582082945,0.7675945737709183,1.0557163730357746,3.1913364861096727,1.221043667275925,1.0,0.003599802582082945,0.7675945737709183,1.0,2.0,0.0,2.44208733455185,434,59.95171258529379,10.0,13.657544237723553,2.614131148897007,0.003599802582082945,0.7675945737709183,1.0557163730357746,3.1913364861096727,1.221043667275925,1.0,0.003599802582082945,0.7675945737709183,1.0,2.0,0.0,True,,resolved_oscillation,1.0,762.2,12.713565086495434,0.0005867404821568591,0.9893980859109374,818.6256376691314,8.678998681672317,960.4707709622744,539.149224017517,0.6441878771975859,0.224616751832926,2968.9455624347806,41.48663319738481,4.228233951126272,0.019982959545296806,0.004726077075270151,0.3688069317929349,3.3333333333333335,13.876794744389636,1.0,1.0,40.0,2.44208733455185,0.004726077075270151,0.3688069317929349
AB,shared_PLtetO1_tx_scale,51,0.9268934724441079,0.6010086289668761,0.8318839924281232,0.564140076180349,0.8285814688945923,0.37544963365442785,0.22895891173032745,0.47424948218286234,58.53786944888216,10.0,14.010086289668761,3.6637679848562463,0.005419549169964642,1.3285814688945923,0.8754496336544279,1.4455576338904512,37.93995857462899,1.0,0.005419549169964642,1.3285814688945923,1.0,2.0,0.0,75.87991714925798,435,58.53786944888216,10.0,14.010086289668761,3.6637679848562463,0.005419549169964642,1.3285814688945923,0.8754496336544279,1.4455576338904512,37.93995857462899,1.0,0.005419549169964642,1.3285814688945923,1.0,2.0,0.0,True,,resolved_oscillation,1.0,745.8,12.74047051970802,0.0005996427936443524,0.9890611113917058,704.5499528255094,7.706993452937161,772.8781050252531,413.934378204284,0.6094127111826226,0.3217062874916685,6354.689857560739,91.16719868313855,8.590584522301786,0.051753870076652844,0.006024487616913147,0.44434570095534326,4.183333333333334,34.05656786397938,1.0,1.0,40.0,75.87991714925798,0.006024487616913147,0.44434570095534326
AB,shared_PLtetO1_tx_scale,52,0.14798006523291785,0.030678042283148188,0.974311847035165,0.29119072017962766,0.4805175463400232,0.5388037075942974,0.6223009687936307,0.9397471766847376,42.95960130465836,10.0,8.306780422831482,3.94862369407033,0.0023924774959076765,0.9805175463400232,1.0388037075942975,2.7225114244397233,75.17977413477901,1.0,0.0023924774959076765,0.9805175463400232,1.0,2.0,0.0,150.35954826955802,436,42.95960130465836,10.0,8.306780422831482,3.94862369407033,0.0023924774959076765,0.9805175463400232,1.0388037075942975,2.7225114244397233,75.17977413477901,1.0,0.0023924774959076765,0.9805175463400232,1.0,2.0,0.0,True,,resolved_oscillation,1.0,642.3333333333334,14.95203199811078,0.0008039404973964539,0.9957398610437348,915.0670345411278,3.898312721442702,1046.8630349235596,479.91122018875296,0.5865334717176959,0.3608087091757387,3853.3033097760385,22.883752985597674,6.708249928221797,0.016859694093421477,0.0025132775722163047,0.45056654076871805,3.933333333333333,24.63078417644755,1.0,1.0,40.0,150.35954826955802,0.0025132775722163047,0.45056654076871805
AB,shared_PLtetO1_tx_scale,53,0.9465837550526778,0.5897803298867728,0.4516407049781953,0.47750599276686445,0.01576438431416216,0.1308974079005698,0.5193037732229046,0.09603869403120302,58.93167510105356,10.0,13.897803298867728,2.9032814099563904,0.004180705922869558,0.5157643843141622,0.6308974079005698,2.306629067691836,7.683095522496242,1.0,0.004180705922869558,0.5157643843141622,1.0,2.0,0.0,15.366191044992483,437,58.93167510105356,10.0,13.897803298867728,2.9032814099563904,0.004180705922869558,0.5157643843141622,0.6308974079005698,2.306629067691836,7.683095522496242,1.0,0.004180705922869558,0.5157643843141622,1.0,2.0,0.0,True,,resolved_oscillation,1.0,584.8571428571429,9.924325786671675,0.0006462509308902272,0.9703918477510597,278.87217991177437,8.256889960821676,290.9215076198317,191.52940981973958,0.6322056668295066,0.2781604087980449,2080.813329954772,74.98913035406494,3.038586094677124,0.016108675370773925,0.005301372042408959,0.41368584758942456,3.2,9.442389900822734,1.0,1.0,40.0,15.366191044992483,0.005301372042408959,0.41368584758942456
AB,shared_PLtetO1_tx_scale,54,0.26707177914853697,0.4436206392795494,0.17817196494572562,0.8842841371519518,0.6697570516959428,0.5249468382666946,0.10848811210481324,0.5642563382340674,45.34143558297074,10.0,12.436206392795494,2.3563439298914512,0.014141002111708297,1.1697570516959428,1.0249468382666946,1.190775625181259,45.14050705872539,1.0,0.014141002111708297,1.1697570516959428,1.0,2.0,0.0,90.28101411745078,438,45.34143558297074,10.0,12.436206392795494,2.3563439298914512,0.014141002111708297,1.1697570516959428,1.0249468382666946,1.190775625181259,45.14050705872539,1.0,0.014141002111708297,1.1697570516959428,1.0,2.0,0.0,True,,resolved_oscillation,1.0,306.2857142857143,6.755095209220692,0.0015306206233999383,0.8652441983910402,109.53957173191834,14.76109279663682,190.05533118333614,41.51457371333438,0.6129897388059702,0.0,1619.3766104729143,290.83709846675475,3.4395261189965143,0.16796542366263872,0.04883388520731537,0.549433459231282,1.8166666666666667,6.760859057730744,1.0,1.0,40.0,90.28101411745078,0.04883388520731537,0.549433459231282
AB,shared_PLtetO1_tx_scale,55,0.03934806720952966,0.7974544171486171,0.9613679503326873,0.09528084265622816,0.7522871001986658,0.9500335252854892,0.896934550896485,0.9868204735962427,40.786961344190594,10.0,15.974544171486171,3.9227359006653746,0.0013303417916171554,1.2522871001986657,1.4500335252854892,4.235750267397727,78.94563788769942,1.0,0.0013303417916171554,1.2522871001986657,1.0,2.0,0.0,157.89127577539884,439,40.786961344190594,10.0,15.974544171486171,3.9227359006653746,0.0013303417916171554,1.2522871001986657,1.4500335252854892,4.235750267397727,78.94563788769942,1.0,0.0013303417916171554,1.2522871001986657,1.0,2.0,0.0,True,,resolved_oscillation,1.0,717.2,17.584050793775372,0.0006235549295872254,0.9977821584879187,2777.4571507419714,6.15995976694239,2906.8461390288526,2259.5161504450302,0.6174010039040713,0.3619195734281271,4929.580759731816,12.378013708602115,8.790270240775518,0.011973264159192675,0.0013621042165065835,0.43790268829149076,4.258333333333334,35.07540632750479,1.0,1.0,40.0,157.89127577539884,0.0013621042165065835,0.43790268829149076
AB,shared_PLtetO1_tx_scale,56,0.8516256211406352,0.03206752876612384,0.37451105081748515,0.9271816890983423,0.18434652626386017,0.5778246572201604,0.8284226050920022,0.9634675135066714,57.0325124228127,10.0,8.320675287661238,2.7490221016349703,0.016080190480456714,0.6843465262638602,1.0778246572201604,3.7935215181454067,77.0774010805337,1.0,0.016080190480456714,0.6843465262638602,1.0,2.0,0.0,154.1548021610674,440,57.0325124228127,10.0,8.320675287661238,2.7490221016349703,0.016080190480456714,0.6843465262638602,1.0778246572201604,3.7935215181454067,77.0774010805337,1.0,0.016080190480456714,0.6843465262638602,1.0,2.0,0.0,True,,steady_state,0.0,,,,,7.650601508846845,7.65058235702078,900.9748056340206,25.665414892267563,,1.0,2293.1937444884175,2293.1370641783988,2.7767363702133134,2.7767278694399637,0.9999969385738449,1.0,,,1.0,1.0,40.0,154.1548021610674,,
AB,shared_PLtetO1_tx_scale,57,0.8296311980119584,0.33407868225380877,0.1063301011098382,0.7176518981589709,0.35440096908058727,0.11947963965489417,0.2941963935788431,0.10802242958869912,56.592623960239166,10.0,11.340786822538089,2.212660202219676,0.008583939458666817,0.8544009690805873,0.6194796396548942,1.6055892602211639,8.64179436709593,1.0,0.008583939458666817,0.8544009690805873,1.0,2.0,0.0,17.28358873419186,441,56.592623960239166,10.0,11.340786822538089,2.212660202219676,0.008583939458666817,0.8544009690805873,0.6194796396548942,1.6055892602211639,8.64179436709593,1.0,0.008583939458666817,0.8544009690805873,1.0,2.0,0.0,True,,resolved_oscillation,1.0,416.8,7.364917383806683,0.001011605137609846,0.9099432932763363,130.50042883776155,11.752438847154632,166.0691555678738,65.77647586103272,0.6357965451055662,0.0,1737.0480635588497,218.0069075580006,2.9736737771554154,0.07999058276676951,0.026899582389056695,0.4687847145078871,2.216666666666667,7.007845491375641,1.0,1.0,40.0,17.28358873419186,0.026899582389056695,0.4687847145078871
AB,shared_PLtetO1_tx_scale,58,0.8175887117605869,0.1733204554271618,0.2545619395517319,0.5238700721010965,0.37460195343172786,0.8290791619985357,0.35620338254456996,0.08649524189862356,56.351774235211735,10.0,9.733204554271618,2.5091238791034636,0.004803642489653149,0.8746019534317279,1.3290791619985356,1.774089313421555,6.919619351889885,1.0,0.004803642489653149,0.8746019534317279,1.0,2.0,0.0,13.83923870377977,442,56.351774235211735,10.0,9.733204554271618,2.5091238791034636,0.004803642489653149,0.8746019534317279,1.3290791619985356,1.774089313421555,6.919619351889885,1.0,0.004803642489653149,0.8746019534317279,1.0,2.0,0.0,True,,resolved_oscillation,1.0,628.1666666666666,11.147238488795496,0.000649904415702621,0.9844072942955954,462.63927945082366,7.213798131774518,611.9768154444054,214.85996602382562,0.627540461660918,0.19129082426127528,2700.6476985274253,61.44352897443908,4.27858856196879,0.03058270604876698,0.007147849251177909,0.37391690735392136,2.8,11.823283065989736,1.0,1.0,40.0,13.83923870377977,0.007147849251177909,0.37391690735392136
AB,shared_PLtetO1_tx_scale,59,0.7632201581925808,0.41076796078383804,0.9080229332326699,0.6981208695971955,0.8698285977066468,0.0023260163113936194,0.593721283602114,0.15498968034379434,55.26440316385162,10.0,12.107679607838381,3.81604586646534,0.008096106117791232,1.3698285977066469,0.5023260163113936,2.6001198581367975,12.399174427503548,1.0,0.008096106117791232,1.3698285977066469,1.0,2.0,0.0,24.798348855007095,443,55.26440316385162,10.0,12.107679607838381,3.81604586646534,0.008096106117791232,1.3698285977066469,0.5023260163113936,2.6001198581367975,12.399174427503548,1.0,0.008096106117791232,1.3698285977066469,1.0,2.0,0.0,True,,resolved_oscillation,1.0,740.4,13.397412395910841,0.0007397657448746167,0.9870062725809762,582.1470225714335,7.564259729089509,735.0061282173494,331.61040000690036,0.6152079956780119,0.2932681626305266,5857.921489477707,93.91054523963987,8.451807951571812,0.07970905268320902,0.009431006139743776,0.42634970006665185,3.85,31.299181883966646,1.0,1.0,40.0,24.798348855007095,0.009431006139743776,0.42634970006665185
AB,shared_PLtetO1_tx_scale,60,0.8280144790383384,0.1290319770518289,0.27037002179377156,0.05826084057960823,0.4730665189224943,0.6363897540415864,0.7583621634069664,0.7263645287172044,56.560289580766764,10.0,9.29031977051829,2.540740043587543,0.0011906910828021757,0.9730665189224943,1.1363897540415864,3.389006522197106,58.10916229737635,1.0,0.0011906910828021757,0.9730665189224943,1.0,2.0,0.0,116.2183245947527,444,56.560289580766764,10.0,9.29031977051829,2.540740043587543,0.0011906910828021757,0.9730665189224943,1.1363897540415864,3.389006522197106,58.10916229737635,1.0,0.0011906910828021757,0.9730665189224943,1.0,2.0,0.0,True,,resolved_oscillation,1.0,807.75,14.281221082621085,0.0006190034045187249,0.9972582270512785,1473.7939520592527,4.040808389745273,1672.5285137725205,632.7314959489914,0.6214794181367997,0.3314818929126861,4521.806844660763,24.604307994665128,6.240534707400124,0.008344905885997789,0.0013372100753004817,0.4452343923572539,4.366666666666666,25.567228597414466,1.0,1.0,40.0,116.2183245947527,0.0013372100753004817,0.4452343923572539
AB,shared_PLtetO1_tx_scale,61,0.9131071740257232,0.3467664824287139,0.6967110274247541,0.42067994138386644,0.872484066189242,0.5978871921920309,0.8383470861435001,0.23413978590216944,58.26214348051447,10.0,11.467664824287139,3.393422054849508,0.003526283478046295,1.3724840661892421,1.0978871921920308,3.854601325732817,18.731182872173555,1.0,0.003526283478046295,1.3724840661892421,1.0,2.0,0.0,37.46236574434711,445,58.26214348051447,10.0,11.467664824287139,3.393422054849508,0.003526283478046295,1.3724840661892421,1.0978871921920308,3.854601325732817,18.731182872173555,1.0,0.003526283478046295,1.3724840661892421,1.0,2.0,0.0,True,,resolved_oscillation,1.0,888.0,15.241457779475414,0.0,0.99337465885163,1137.5698657840728,7.536788440924971,2352.1290240291314,521.5630780377649,0.6024774774774775,0.24016885136636304,5789.279075276106,39.831684737321744,7.955526492557996,0.034784843415833336,0.004372412491916512,0.3619195734281271,4.066666666666666,30.748139975173725,1.0,1.0,40.0,37.46236574434711,0.004372412491916512,0.3619195734281271
AB,shared_PLtetO1_tx_scale,62,0.6035793947217766,0.801443232262474,0.719759264994655,0.17571134764486795,0.6756414713726576,0.7688117586288268,0.1640253001230495,0.2529447290764799,52.07158789443553,10.0,16.014432322624742,3.43951852998931,0.0016928003255044007,1.1756414713726575,1.2688117586288268,1.302113269591462,20.235578326118393,1.0,0.0016928003255044007,1.1756414713726575,1.0,2.0,0.0,40.471156652236786,446,52.07158789443553,10.0,16.014432322624742,3.43951852998931,0.0016928003255044007,1.1756414713726575,1.2688117586288268,1.302113269591462,20.235578326118393,1.0,0.0016928003255044007,1.1756414713726575,1.0,2.0,0.0,True,,resolved_oscillation,1.0,680.0,13.0589449543686,0.0,0.9912192419019921,821.0124244492275,7.209111494547656,834.9019956594493,667.5908540026957,0.6279411764705882,0.3012663852477227,5257.748586195132,48.032218701913536,7.93844266793938,0.014314061839101687,0.0018031322310748965,0.40524327927127307,3.716666666666667,27.8953022451422,1.0,1.0,40.0,40.471156652236786,0.0018031322310748965,0.40524327927127307
AB,shared_PLtetO1_tx_scale,63,0.23882183258880485,0.795319499099534,0.45777040814547443,0.27872231544097936,0.9945140096130656,0.47539633003037374,0.4496059197472574,0.48745477977191454,44.776436651776095,10.0,15.95319499099534,2.9155408162909486,0.0023047620424185957,1.4945140096130656,0.9753963300303737,2.0618689172619074,38.996382381753165,1.0,0.0023047620424185957,1.4945140096130656,1.0,2.0,0.0,77.99276476350633,447,44.776436651776095,10.0,15.95319499099534,2.9155408162909486,0.0023047620424185957,1.4945140096130656,0.9753963300303737,2.0618689172619074,38.996382381753165,1.0,0.0023047620424185957,1.4945140096130656,1.0,2.0,0.0,True,,resolved_oscillation,1.0,574.6666666666666,12.83413128954003,0.0008986040246420921,0.9921345882346866,983.924876259305,7.7389742979145755,1039.04404919296,623.5976536441184,0.6271461716937355,0.31504110197733837,5376.829637215979,58.624193968788376,9.577946659097856,0.024820299852082728,0.002591400927098141,0.44767829371250834,3.1166666666666667,28.290386020651145,1.0,1.0,40.0,77.99276476350633,0.002591400927098141,0.44767829371250834
AB,oscillator_translation_scale,0,0.6523163084985453,0.36929077709565117,0.476552141139271,0.7731966058510996,0.7192846536989712,0.19973009557989685,0.6932516039832075,0.976099650949025,53.046326169970904,10.0,11.692907770956513,2.953104282278542,0.010137992760460698,1.2192846536989712,0.6997300955798968,3.0518422183769376,78.087972075922,1.0,0.010137992760460698,1.2192846536989712,1.0,2.0,0.0,156.175944151844,448,53.046326169970904,10.0,11.692907770956513,2.953104282278542,0.010137992760460696,1.2192846536989712,0.6997300955798968,3.0518422183769376,78.087972075922,1.0,0.010137992760460698,1.2192846536989712,1.0,2.0,0.0,True,,resolved_oscillation,1.0,475.5,8.963862991687758,0.001124127200472868,0.9445432042203067,204.46022773054426,11.338709094322388,536.6735185041757,49.983112452408356,0.555205047318612,0.09953343701399689,2617.7179680226436,151.0247312546073,4.619020818884866,0.09069704651250736,0.019635556986816884,0.45123305932015106,2.4583333333333335,11.487779752015458,1.0,1.0,40.0,156.175944151844,0.019635556986816884,0.45123305932015106
AB,oscillator_translation_scale,1,0.551410633705412,0.5182907415863287,0.4330535974015236,0.8524225710498768,0.26499487736458205,0.691664712700726,0.13139037206848947,0.4556181454269522,51.02821267410824,10.0,13.182907415863287,2.866107194803047,0.012853675567217745,0.764994877364582,1.191664712700726,1.235486285642274,36.449451634156176,1.0,0.012853675567217745,0.764994877364582,1.0,2.0,0.0,72.89890326831235,449,51.02821267410824,10.0,13.182907415863287,2.866107194803047,0.012853675567217743,0.764994877364582,1.191664712700726,1.235486285642274,36.449451634156176,1.0,0.012853675567217745,0.764994877364582,1.0,2.0,0.0,True,,resolved_oscillation,1.0,426.1111111111111,8.350500414985538,0.0007822685788787485,0.9460126932407322,204.7883165748233,11.055969667639044,270.0307135001301,74.21205106733221,0.5989048239895698,0.21106420795378805,1907.759778913842,144.89082140710923,3.4514909772229383,0.07276459571694664,0.021082076180159354,0.45700955343257055,2.3333333333333335,8.157703099269861,1.0,1.0,40.0,72.89890326831235,0.021082076180159354,0.45700955343257055
AB,oscillator_translation_scale,2,0.527858875741076,0.7885110022666142,0.8313783726110382,0.8936092939302647,0.41701061288961905,0.331031166249669,0.16799844493272076,0.8898534260437165,50.55717751482152,10.0,15.885110022666142,3.6627567452220764,0.014541610098533038,0.917010612889619,0.831031166249669,1.3104663503609928,71.18827408349732,1.0,0.014541610098533038,0.917010612889619,1.0,2.0,0.0,142.37654816699464,450,50.55717751482152,10.0,15.885110022666142,3.6627567452220764,0.014541610098533038,0.917010612889619,0.831031166249669,1.3104663503609928,71.18827408349732,1.0,0.01454161009853305,0.917010612889619,1.0,2.0,0.0,True,,resolved_oscillation,1.0,429.44444444444446,8.494232976485822,0.0012272746417212336,0.9405518457399944,208.92230576964496,12.42004546174991,278.03817674137497,74.66971035021422,0.5653816300129366,0.27838258164852253,2655.8444947007933,192.6521144176727,4.711578514067736,0.09635596191378568,0.020450887452281224,0.5069984447900466,2.533333333333333,11.897178498237327,1.0,1.0,40.0,142.37654816699464,0.020450887452281224,0.5069984447900466
AB,oscillator_translation_scale,3,0.13384197899943828,0.2102493009055516,0.002416419738390796,0.4342247396574749,0.8048933820835706,0.47792693670353503,0.6383509037943887,0.39924093577650477,42.676839579988766,10.0,10.102493009055516,2.004832839476782,0.003672310641606497,1.3048933820835706,0.977926936703535,2.793753818007069,31.93927486212038,1.0,0.003672310641606497,1.3048933820835706,1.0,2.0,0.0,63.87854972424076,451,42.676839579988766,10.0,10.102493009055516,2.004832839476782,0.0036723106416064965,1.3048933820835706,0.977926936703535,2.793753818007069,31.93927486212038,1.0,0.003672310641606497,1.3048933820835706,1.0,2.0,0.0,True,,resolved_oscillation,1.0,417.8,9.7898533282185,0.001009183871124423,0.980016560082626,434.3035060537638,8.678878019130266,648.6244728184395,153.861032462384,0.6264959310674963,0.13819151299711174,2473.573656705058,88.51970093396186,5.405491600196886,0.03941369086919136,0.007291416541606648,0.401910686514108,1.9166666666666667,10.348412977374016,1.0,1.0,40.0,63.87854972424076,0.007291416541606648,0.401910686514108
AB,oscillator_translation_scale,4,0.29839124245100024,0.4014372245417077,0.7407632727886166,0.973170057651865,0.9917832957867231,0.5398995554855364,0.6163105529447619,0.23802648392585535,45.967824849020005,10.0,12.014372245417077,3.4815265455772333,0.01845539887005003,1.491783295786723,1.0398995554855364,2.696389267662793,19.04211871406843,1.0,0.01845539887005003,1.491783295786723,1.0,2.0,0.0,38.08423742813686,452,45.967824849020005,10.0,12.014372245417077,3.4815265455772333,0.01845539887005003,1.491783295786723,1.0398995554855364,2.696389267662793,19.04211871406843,1.0,0.01845539887005003,1.491783295786723,1.0,2.0,0.0,True,,steady_state,0.0,,,,,17.22089708746142,17.220896974008227,454.6751503589395,35.492058548942445,,0.0,1687.5098331131878,1687.5081196187452,2.535232234058497,2.535232177664701,0.9999999777559643,1.0,4.733333333333333,,1.0,1.0,40.0,38.08423742813686,,
AB,oscillator_translation_scale,5,0.43609826489132697,0.9283144976343863,0.4369071057473428,0.6793096803954553,0.4457193604870616,0.27376950690605395,0.30683681880373526,0.2464707225199041,48.72196529782654,10.0,17.283144976343863,2.8738142114946856,0.007652481186052526,0.9457193604870616,0.773769506906054,1.6385878586544742,19.717657801592328,1.0,0.007652481186052526,0.9457193604870616,1.0,2.0,0.0,39.435315603184655,453,48.72196529782654,10.0,17.283144976343863,2.8738142114946856,0.007652481186052526,0.9457193604870616,0.773769506906054,1.6385878586544742,19.717657801592328,1.0,0.007652481186052533,0.9457193604870616,1.0,2.0,0.0,True,,resolved_oscillation,1.0,462.1111111111111,9.48465662840833,0.0007213272421255111,0.9642393761791397,322.4757592029729,11.53193431620381,350.5246999734294,189.66024918957334,0.6270137052176004,0.2723839146856254,2876.3898786061845,134.76055288144076,5.186952558268451,0.05351905889581611,0.010318015885937129,0.45767607198400356,2.5,12.814846537032764,1.0,1.0,40.0,39.435315603184655,0.010318015885937129,0.45767607198400356
AB,oscillator_translation_scale,6,0.2794490958047151,0.8625034418378221,0.8867248432919269,0.4437347746393657,0.4617652819142606,0.002820966787455248,0.3697961343740416,0.12011926120459937,45.588981916094305,10.0,16.62503441837822,3.773449686583854,0.0037784375789652875,0.9617652819142606,0.5028209667874552,1.8133281586919776,9.60954089636795,1.0,0.0037784375789652875,0.9617652819142606,1.0,2.0,0.0,19.2190817927359,454,45.588981916094305,10.0,16.62503441837822,3.773449686583854,0.0037784375789652875,0.9617652819142606,0.5028209667874552,1.8133281586919776,9.60954089636795,1.0,0.0037784375789652875,0.9617652819142606,1.0,2.0,0.0,True,,resolved_oscillation,1.0,473.625,10.38902340200749,0.001092740394841416,0.969667670770344,289.99995252137353,8.796374036462911,305.91411175281166,246.25604085887292,0.6211665347057271,0.3405909797822706,3491.1271334561206,99.66343788090046,6.33752679918121,0.026259897486408165,0.004143556046153662,0.47411686291935123,2.7333333333333334,16.49759979209,1.0,1.0,40.0,19.2190817927359,0.004143556046153662,0.47411686291935123
AB,oscillator_translation_scale,7,0.9184594597167923,0.49622080261620993,0.0015575791320572296,0.7098664043105585,0.9560701223241277,0.6930610959975307,0.9611080662365922,0.35699789581469954,58.369189194335846,10.0,12.962208026162099,2.0031151582641145,0.008386050723346496,1.4560701223241277,1.1930610959975307,4.696623093566884,28.559831665175963,1.0,0.008386050723346496,1.4560701223241277,1.0,2.0,0.0,57.119663330351926,455,58.369189194335846,10.0,12.962208026162099,2.0031151582641145,0.008386050723346496,1.4560701223241277,1.1930610959975307,4.696623093566884,28.559831665175963,1.0,0.008386050723346496,1.4560701223241277,1.0,2.0,0.0,True,,resolved_oscillation,1.0,411.75,7.054235388281807,0.005312999507715692,0.4150143478958086,106.783092522695,62.46657701309094,199.35957350325975,88.08904434934695,0.6618093503339405,0.0,370.70259759872533,220.136757393276,0.513866799679169,0.2375302737684427,0.4622409424324434,0.00955343257053988,5.35,2.2611030848008227,1.0,1.0,40.0,57.119663330351926,0.4622409424324434,0.00955343257053988
AB,oscillator_translation_scale,8,0.30358690650228426,0.5048124943431317,0.9217794243662824,0.25378836310641073,0.48115780150084886,0.25749265166909796,0.9266438061402799,0.37517357399106444,46.07173813004569,10.0,13.048124943431317,3.843558848732565,0.002138879278054398,0.9811578015008489,0.757492651669098,4.443203711646457,30.013885919285155,1.0,0.002138879278054398,0.9811578015008489,1.0,2.0,0.0,60.02777183857031,456,46.07173813004569,10.0,13.048124943431317,3.843558848732565,0.002138879278054398,0.9811578015008489,0.757492651669098,4.443203711646457,30.013885919285155,1.0,0.002138879278054398,0.9811578015008489,1.0,2.0,0.0,True,,resolved_oscillation,1.0,738.8,16.03586124566443,0.0006053243036003763,0.9958880130215564,1313.9088532679355,5.402776095499532,1368.007507207012,1093.3725196384817,0.6229696805630753,0.3510331037547212,4234.568291644564,18.775141511100266,6.821015631768956,0.015082525764252229,0.0022111847528988493,0.43101532992668296,4.25,27.253831797677034,1.0,1.0,40.0,60.02777183857031,0.0022111847528988493,0.43101532992668296
AB,oscillator_translation_scale,9,0.932509762265573,0.6848542803973867,0.545033930508929,0.7217621395502537,0.9406082623381035,0.7916621458442011,0.9437489081058605,0.8804158591471485,58.650195245311465,10.0,14.848542803973867,3.0900678610178582,0.00869028847805224,1.4406082623381034,1.2916621458442012,4.567222593336356,70.43326873177188,1.0,0.00869028847805224,1.4406082623381034,1.0,2.0,0.0,140.86653746354375,457,58.650195245311465,10.0,14.848542803973867,3.0900678610178582,0.00869028847805224,1.4406082623381034,1.2916621458442012,4.567222593336356,70.43326873177188,1.0,0.00869028847805224,1.4406082623381034,1.0,2.0,0.0,True,,steady_state,0.0,,,,,39.0427152950317,38.989477246492626,281.78893350504956,43.875311446233965,,0.0,497.00434077858006,495.42924494971226,0.5846227118485683,0.5826423551752818,0.9966125902515409,1.0,,,1.0,1.0,40.0,140.86653746354375,,
AB,oscillator_translation_scale,10,0.5589990905755731,0.4462819689375723,0.9938149577766761,0.9015922436254239,0.8793790695616299,0.09570569937334283,0.11453905085060889,0.29314213139177814,51.17998181151146,10.0,12.462819689375724,3.9876299155533523,0.014893561147698462,1.37937906956163,0.5957056993733428,1.2024287755036374,23.45137051134225,1.0,0.014893561147698462,1.37937906956163,1.0,2.0,0.0,46.9027410226845,458,51.17998181151146,10.0,12.462819689375724,3.9876299155533523,0.014893561147698462,1.37937906956163,0.5957056993733428,1.2024287755036374,23.45137051134225,1.0,0.014893561147698462,1.37937906956163,1.0,2.0,0.0,True,,resolved_oscillation,1.0,533.625,10.426439813231362,0.000969874292821299,0.9666241922910713,265.95236405098564,8.876374962300716,327.88061233452515,117.04866595406172,0.590302178496135,0.27504998889135746,4761.814776154998,196.90609245755044,7.904366633486666,0.14769687907216045,0.018685479295260172,0.4543434792268385,2.933333333333333,22.815633739249392,1.0,1.0,40.0,46.9027410226845,0.018685479295260172,0.4543434792268385
AB,oscillator_translation_scale,11,0.8825503300451477,0.7833164928346555,0.6936976459779453,0.6974159517909397,0.3326584954172609,0.3013812263476363,0.40307903288704905,0.6314419665790977,57.65100660090295,10.0,15.833164928346555,3.3873952919558903,0.00807902724545485,0.8326584954172609,0.8013812263476363,1.9131109319217572,50.515357326327816,1.0,0.00807902724545485,0.8326584954172609,1.0,2.0,0.0,101.03071465265563,459,57.65100660090295,10.0,15.833164928346555,3.3873952919558903,0.00807902724545485,0.8326584954172609,0.8013812263476363,1.9131109319217572,50.515357326327816,1.0,0.00807902724545485,0.8326584954172609,1.0,2.0,0.0,True,,resolved_oscillation,1.0,610.1666666666666,10.583799011362101,0.000669076684726353,0.9772737281996946,438.4923128249516,9.965295483604416,503.1164927256386,206.9993040780139,0.5985249931712647,0.2903799155743168,3415.0051383022897,105.06066004762083,4.9589502995187775,0.04842447545078707,0.009765065694545525,0.43679182403910244,3.45,16.50465312555888,1.0,1.0,40.0,101.03071465265563,0.009765065694545525,0.43679182403910244
AB,oscillator_translation_scale,12,0.4044568990688079,0.024031735423203138,0.3713608600938766,0.5394681067715948,0.3484344915921219,0.6035006516923996,0.0743758010283625,0.5957220289699944,48.089137981376155,10.0,8.240317354232031,2.7427217201877534,0.0050334318006715235,0.8484344915921219,1.1035006516923995,1.1271622984285814,47.65776231759955,1.0,0.0050334318006715235,0.8484344915921219,1.0,2.0,0.0,95.3155246351991,460,48.089137981376155,10.0,8.240317354232031,2.7427217201877534,0.005033431800671524,0.8484344915921219,1.1035006516923995,1.1271622984285814,47.65776231759955,1.0,0.0050334318006715235,0.8484344915921219,1.0,2.0,0.0,True,,resolved_oscillation,1.0,438.8888888888889,9.126570101108086,0.0007594936708860759,0.9754727376242411,239.02129990869489,5.862538136255489,283.4870342264442,66.77194284070136,0.5884177215189873,0.2794934459009109,2370.5663340816013,100.70971711486733,4.3826244486514065,0.03128485829638708,0.0071383844686974856,0.4721173072650522,2.4833333333333334,10.452700894767709,1.0,1.0,40.0,95.3155246351991,0.0071383844686974856,0.4721173072650522
AB,oscillator_translation_scale,13,0.8397119452496339,0.26008903724763854,0.8937767146418455,0.7360853102868091,0.6297901131894204,0.7056082297905188,0.54972461355271,0.24027480692021974,56.79423890499268,10.0,10.600890372476385,3.787553429283691,0.009071290353590626,1.1297901131894204,1.2056082297905188,2.422372990848222,19.22198455361758,1.0,0.009071290353590626,1.1297901131894204,1.0,2.0,0.0,38.44396910723516,461,56.79423890499268,10.0,10.600890372476385,3.787553429283691,0.009071290353590626,1.1297901131894204,1.2056082297905188,2.422372990848222,19.22198455361758,1.0,0.009071290353590626,1.1297901131894204,1.0,2.0,0.0,True,,resolved_oscillation,1.0,560.7142857142857,9.872731751054317,0.0008702293644127048,0.9253165870483375,150.8592743339685,11.266685482671912,592.8307443099585,50.16285417885894,0.5310191082802548,0.0,2113.2801289639037,91.96961198906665,3.6313775273376185,0.07400197305049915,0.020378485159805032,0.3561430793157076,2.316666666666667,8.72994149384396,1.0,1.0,40.0,38.44396910723516,0.020378485159805032,0.3561430793157076
AB,oscillator_translation_scale,14,0.5050919744883469,0.29587452410599624,0.37675403278337516,0.07604663233161935,0.21428753930495725,0.941200002394911,0.7919028093038489,0.04476630886248789,50.10183948976694,10.0,10.958745241059962,2.7535080655667503,0.0012558534116573618,0.7142875393049573,1.441200002394911,3.576978337681357,3.5813047089990313,1.0,0.0012558534116573618,0.7142875393049573,1.0,2.0,0.0,7.162609417998063,462,50.10183948976694,10.0,10.958745241059962,2.7535080655667503,0.0012558534116573618,0.7142875393049573,1.441200002394911,3.576978337681357,3.5813047089990313,1.0,0.0012558534116573618,0.7142875393049573,1.0,2.0,0.0,True,,resolved_oscillation,1.0,772.6,15.420591496601634,0.0007089341929914136,0.9966464147804894,1403.34295261747,4.706230183802193,1485.7755752649957,1093.5834616684542,0.6465182500647165,0.28860253277049547,3001.838359872609,13.138572833281259,4.6768518854653545,0.00645507634824499,0.0013802182549988323,0.37724950011108643,3.7666666666666666,16.712796274057766,1.0,1.0,40.0,7.162609417998063,0.0013802182549988323,0.37724950011108643
AB,oscillator_translation_scale,15,0.9354066410283456,0.4956740475582503,0.6505030867783376,0.3678801652864846,0.44262136838463495,0.7656043262613,0.7861953008443282,0.3266761862476052,58.70813282056692,10.0,12.956740475582503,3.301006173556675,0.0030103925452112375,0.942621368384635,1.2656043262613,3.5442710945200737,26.134094899808417,1.0,0.0030103925452112375,0.942621368384635,1.0,2.0,0.0,52.268189799616835,463,58.70813282056692,10.0,12.956740475582503,3.301006173556675,0.0030103925452112375,0.942621368384635,1.2656043262613,3.5442710945200737,26.134094899808417,1.0,0.0030103925452112375,0.942621368384635,1.0,2.0,0.0,True,,resolved_oscillation,1.0,925.6666666666666,15.767264639395627,0.0006237129303452925,0.9959122190357755,1626.314347823669,6.648016832878833,2013.6937649161086,1008.3185855188996,0.6265754411235146,0.30570984225727615,4674.150524127995,26.57244255965521,6.101701819309526,0.020394933956040005,0.0033424992829865804,0.40391024216840704,4.8,27.611100067529453,1.0,1.0,40.0,52.268189799616835,0.0033424992829865804,0.40391024216840704
AB,oscillator_translation_scale,16,0.4165039138534229,0.28577343400915445,0.19195520983891223,0.3853034399427899,0.5293155168028456,0.9656125780873874,0.24521803081693405,0.1709331898065073,48.33007827706846,10.0,10.857734340091545,2.3839104196778242,0.0031716943810267094,1.0293155168028456,1.4656125780873874,1.4838843279905287,13.674655184520583,1.0,0.0031716943810267094,1.0293155168028456,1.0,2.0,0.0,27.349310369041167,464,48.33007827706846,10.0,10.857734340091545,2.3839104196778242,0.0031716943810267094,1.0293155168028456,1.4656125780873874,1.4838843279905287,13.674655184520583,1.0,0.0031716943810267094,1.0293155168028456,1.0,2.0,0.0,True,,resolved_oscillation,1.0,530.5714285714286,10.97807923111047,0.0010074467923462417,0.9863902772160775,529.7704070170414,7.210028378627771,617.9859149663525,255.14401035073647,0.6337506731287023,0.23305932015107753,2956.134701717786,64.04126535994536,5.375837413797244,0.024160959383821127,0.004494361998711367,0.4116862919351255,2.5,13.152564904639625,1.0,1.0,40.0,27.349310369041167,0.004494361998711367,0.4116862919351255
AB,oscillator_translation_scale,17,0.5474959190386707,0.32786926200840927,0.12153798541605187,0.8674324012996638,0.7705241825193797,0.8853328332739676,0.49428288340064575,0.17215494341127735,50.94991838077341,10.0,11.278692620084094,2.2430759708321037,0.013444837988443942,1.2705241825193796,1.3853328332739676,2.21558751476456,13.772395472902188,1.0,0.013444837988443942,1.2705241825193796,1.0,2.0,0.0,27.544790945804376,465,50.94991838077341,10.0,11.278692620084094,2.2430759708321037,0.013444837988443942,1.2705241825193796,1.3853328332739676,2.21558751476456,13.772395472902188,1.0,0.013444837988443942,1.2705241825193796,1.0,2.0,0.0,True,,resolved_oscillation,1.0,332.2857142857143,6.521810531714344,0.0014684652860360561,0.2969785224888169,61.165505093519585,43.000663763563935,107.82742572654875,47.77612265716364,0.6650902837489252,0.0,365.61879826714664,270.2030648150516,0.5489942847252841,0.32148517962341844,0.5855893013244922,0.029104643412574984,3.7666666666666666,2.3614795129938897,1.0,1.0,40.0,27.544790945804376,0.5855893013244922,0.029104643412574984
AB,oscillator_translation_scale,18,0.2557492081993019,0.011841787648559254,0.9901753778860107,0.5100265748839851,0.24386234796739392,0.36211819417897295,0.18530812723112733,0.07398357953597556,45.11498416398604,10.0,8.118417876485593,3.9803507557720215,0.004608502978467939,0.7438623479673939,0.862118194178973,1.3474877400250016,5.918686362878045,1.0,0.004608502978467939,0.7438623479673939,1.0,2.0,0.0,11.83737272575609,466,45.11498416398604,10.0,8.118417876485593,3.9803507557720215,0.004608502978467939,0.7438623479673939,0.862118194178973,1.3474877400250016,5.918686362878045,1.0,0.004608502978467943,0.7438623479673939,1.0,2.0,0.0,True,,resolved_oscillation,1.0,557.7142857142857,12.362063204701123,0.0008749104137602118,0.9859066191934013,299.6559133332014,4.22316489755394,318.12314334398695,226.39754617185605,0.6107069672131149,0.33170406576316375,2848.936846973754,42.85796289562736,4.977095062613486,0.0246406261444171,0.004950804803691701,0.4341257498333704,3.216666666666667,15.11862522610988,1.0,1.0,40.0,11.83737272575609,0.004950804803691701,0.4341257498333704
AB,oscillator_translation_scale,19,0.9255513500073052,0.7189310719243752,0.3595363148666204,0.008470141514244522,0.614501749387959,0.6694719155660247,0.5653192310309306,0.6859534039173187,58.5110270001461,10.0,15.189310719243753,2.719072629733241,0.0010256989434931972,1.114501749387959,1.1694719155660247,2.4839404815345145,54.8762723133855,1.0,0.0010256989434931972,1.114501749387959,1.0,2.0,0.0,109.752544626771,467,58.5110270001461,10.0,15.189310719243753,2.719072629733241,0.0010256989434931972,1.114501749387959,1.1694719155660247,2.4839404815345145,54.8762723133855,1.0,0.0010256989434931972,1.114501749387959,1.0,2.0,0.0,True,,resolved_oscillation,1.0,792.0,13.535910077223946,0.0,0.9953103142398025,1430.8637448059867,6.710301328799525,1498.892553284978,854.1441856652358,0.6275252525252525,0.3279271273050433,5370.659592852958,38.40156027151031,7.225590378488856,0.008250078899490412,0.0011417861333589486,0.4441235281048656,4.3,29.247260022326273,1.0,1.0,40.0,109.752544626771,0.0011417861333589486,0.4441235281048656
AB,oscillator_translation_scale,20,0.0013435690855783111,0.46494735339945903,0.7029286016979912,0.6847519706450776,0.45656378171454903,0.5594185109581522,0.5239147617457327,0.5455612958419926,40.026871381711565,10.0,12.649473533994591,3.4058572033959824,0.007778267117499566,0.956563781714549,1.0594185109581522,2.323810465653857,43.644903667359415,1.0,0.007778267117499566,0.956563781714549,1.0,2.0,0.0,87.28980733471883,468,40.026871381711565,10.0,12.649473533994591,3.4058572033959824,0.007778267117499566,0.956563781714549,1.0594185109581522,2.323810465653857,43.644903667359415,1.0,0.007778267117499566,0.956563781714549,1.0,2.0,0.0,True,,resolved_oscillation,1.0,478.625,11.95759207447539,0.0010813249819937648,0.985134228498643,524.5745277766124,7.798205065359362,669.6237189673512,218.07577223135291,0.5975450509271351,0.3177071761830704,2831.3713895898327,58.962712319919085,5.77029573958102,0.05349503260169763,0.009270760982795292,0.4550099977782715,2.6333333333333333,14.566463797750599,1.0,1.0,40.0,87.28980733471883,0.009270760982795292,0.4550099977782715
AB,oscillator_translation_scale,21,0.07885095553436716,0.31896266985311017,0.43766206874156466,0.49990424355663865,0.7169457026455673,0.03588457734213568,0.5996465601993903,0.8802543008467651,41.577019110687345,10.0,11.189626698531102,2.8753241374831293,0.0044708532590794344,1.2169457026455675,0.5358845773421357,2.625034156727496,70.42034406774121,1.0,0.0044708532590794344,1.2169457026455675,1.0,2.0,0.0,140.84068813548242,469,41.577019110687345,10.0,11.189626698531102,2.8753241374831293,0.0044708532590794344,1.2169457026455675,0.5358845773421357,2.625034156727496,70.42034406774121,1.0,0.0044708532590794344,1.2169457026455675,1.0,2.0,0.0,True,,resolved_oscillation,1.0,435.22222222222223,10.467855356911546,0.0010131802314518473,0.9828676092430725,393.00292273412305,6.733079640895582,475.839569572658,137.74232553252895,0.5905029359203472,0.3037102866029771,3522.271625881162,96.61039023058443,7.101316911115957,0.039416720117418536,0.005550621189109033,0.47433903576982894,2.533333333333333,17.161815113878713,1.0,1.0,40.0,140.84068813548242,0.005550621189109033,0.47433903576982894
AB,oscillator_translation_scale,22,0.8675713022377077,0.6969107328092301,0.6335471684261575,0.5509199571228793,0.8481709139021257,0.18150932226137295,0.980574699729904,0.08487242491476177,57.351426044754156,10.0,14.969107328092301,3.267094336852315,0.005209108332360569,1.3481709139021256,0.681509322261373,4.846099224439112,6.7897939931809415,1.0,0.005209108332360569,1.3481709139021256,1.0,2.0,0.0,13.579587986361883,470,57.351426044754156,10.0,14.969107328092301,3.267094336852315,0.005209108332360569,1.3481709139021256,0.681509322261373,4.846099224439112,6.7897939931809415,1.0,0.005209108332360569,1.3481709139021256,1.0,2.0,0.0,True,,resolved_oscillation,1.0,826.5,14.411149939934207,0.0006985484200721424,0.9896153986473877,1011.5794016644408,10.504848822799365,1633.5221259178052,589.7779714386119,0.6234119782214156,0.24239057987113974,5157.39184812029,58.1228574884376,7.381442672610786,0.05048246649307413,0.006839105677863199,0.3943568095978671,3.6333333333333333,26.03591063362217,1.0,1.0,40.0,13.579587986361883,0.006839105677863199,0.3943568095978671
AB,oscillator_translation_scale,23,0.8783796245132314,0.3287124873925278,0.08087632777524123,0.428318534017873,0.25608481486483725,0.12880927764630468,0.7929911185726779,0.12612542097333246,57.56759249026463,10.0,11.287124873925277,2.1617526555504822,0.0036079063863084983,0.7560848148648373,0.6288092776463047,3.5832491422890334,10.090033677866597,1.0,0.0036079063863084983,0.7560848148648373,1.0,2.0,0.0,20.180067355733193,471,57.56759249026463,10.0,11.287124873925277,2.1617526555504822,0.0036079063863084983,0.7560848148648373,0.6288092776463047,3.5832491422890334,10.090033677866597,1.0,0.0036079063863084983,0.7560848148648373,1.0,2.0,0.0,True,,resolved_oscillation,1.0,578.7142857142857,10.052779014723487,0.0008431622452036205,0.9774241408100198,385.0300973325304,8.692385261283542,472.26358291102474,192.49230911203426,0.6384843248580598,0.1832926016440791,2184.4320085398404,76.05300500382236,3.469238810121805,0.022236843332282485,0.006409718255026021,0.3868029326816263,2.683333333333333,9.342598123445425,1.0,1.0,40.0,20.180067355733193,0.006409718255026021,0.3868029326816263
AB,oscillator_translation_scale,24,0.39314986885056447,0.3402603413700579,0.283665563286857,0.32617748054883455,0.526312222726394,0.5725293493814034,0.18540594859632797,0.31633641727601725,47.86299737701129,10.0,11.402603413700579,2.567331126573714,0.002656847860839996,1.026312222726394,1.0725293493814034,1.3476999017105737,25.30691338208138,1.0,0.002656847860839996,1.026312222726394,1.0,2.0,0.0,50.61382676416276,472,47.86299737701129,10.0,11.402603413700579,2.567331126573714,0.002656847860839996,1.026312222726394,1.0725293493814034,1.3476999017105737,25.30691338208138,1.0,0.002656847860839996,1.026312222726394,1.0,2.0,0.0,True,,resolved_oscillation,1.0,497.375,10.391639204754243,0.0010405612857637913,0.9835688689869018,418.7569541760328,6.880650376712348,448.3807143726433,201.47398236214,0.6247800955013822,0.27282826038658076,3226.8942580312255,83.59638697298803,5.7932199343185635,0.020304865685140627,0.00350493610036385,0.4405687624972228,2.65,14.756871866787332,1.0,1.0,40.0,50.61382676416276,0.00350493610036385,0.4405687624972228
AB,oscillator_translation_scale,25,0.07041119244804428,0.332130848458681,0.47799425521871675,0.9860244128897545,0.32422163560981,0.7007133598249771,0.9210385550297289,0.31793519788627744,41.40822384896089,10.0,11.32130848458681,2.9559885104374333,0.019179944123959267,0.82422163560981,1.200713359824977,4.403300482001121,25.434815830902195,1.0,0.019179944123959267,0.82422163560981,1.0,2.0,0.0,50.86963166180439,473,41.40822384896089,10.0,11.32130848458681,2.9559885104374333,0.019179944123959267,0.82422163560981,1.200713359824977,4.403300482001121,25.434815830902195,1.0,0.019179944123959274,0.82422163560981,1.0,2.0,0.0,True,,steady_state,0.0,,,,,20.086181833688766,20.086179496199087,309.1943182982736,34.710013609087085,,0.0,608.6013562893439,608.6010591610093,1.0150139854119329,1.015013711981394,0.9999997306140184,1.0,,,1.0,1.0,40.0,50.86963166180439,,
AB,oscillator_translation_scale,26,0.5453222821228122,0.15880740001429594,0.7315526222870028,0.9819235271006114,0.44424563520368043,0.04511847330977248,0.7702554738662177,0.8733172195768184,50.90644564245625,10.0,9.58807400014296,3.4631052445740056,0.018945756978259655,0.9442456352036804,0.5451184733097725,3.4545021865384595,69.86537756614547,1.0,0.018945756978259655,0.9442456352036804,1.0,2.0,0.0,139.73075513229094,474,50.90644564245625,10.0,9.58807400014296,3.4631052445740056,0.018945756978259655,0.9442456352036804,0.5451184733097725,3.4545021865384595,69.86537756614547,1.0,0.018945756978259655,0.9442456352036804,1.0,2.0,0.0,True,,steady_state,0.0,,,,,10.988791702376282,10.988787692609211,358.23857622428125,17.152471621730683,,0.0,1979.7708210203562,1979.7481070505005,2.6857359300884074,2.685733845212064,0.9999992237225112,1.0,,,1.0,1.0,40.0,139.73075513229094,,
AB,oscillator_translation_scale,27,0.5842061138530887,0.17478857874816356,0.6751111745047766,0.21103105998534566,0.47372262078119953,0.7547003893236502,0.08242795025315841,0.20941401680263994,51.684122277061775,10.0,9.747885787481636,3.3502223490095533,0.001881731864134484,0.9737226207811995,1.2547003893236504,1.1418647460445446,16.753121344211195,1.0,0.001881731864134484,0.9737226207811995,1.0,2.0,0.0,33.50624268842239,475,51.684122277061775,10.0,9.747885787481636,3.3502223490095533,0.001881731864134484,0.9737226207811995,1.2547003893236504,1.1418647460445446,16.753121344211195,1.0,0.001881731864134484,0.9737226207811995,1.0,2.0,0.0,True,,resolved_oscillation,1.0,672.1666666666666,13.005283577486326,0.0006073617016571233,0.9919633545572552,568.2633479104545,4.566931045263411,588.3380215095054,407.60580615649417,0.6188941234812795,0.30904243501444123,4272.380644627866,40.4707928138306,6.486118330419613,0.01317705229852295,0.0020315775364015713,0.40968673628082647,3.775,23.02413761829261,1.0,1.0,40.0,33.50624268842239,0.0020315775364015713,0.40968673628082647
AB,oscillator_translation_scale,28,0.5150252250115483,0.5671990511643153,0.9824233046384001,0.9901042993929583,0.8684331197247117,0.3227224572323808,0.7216872091884045,0.610060609924768,50.30050450023097,10.0,13.671990511643154,3.9648466092768,0.01941580458771451,1.3684331197247117,0.8227224572323808,3.1947561271526923,48.804848793981435,1.0,0.01941580458771451,1.3684331197247117,1.0,2.0,0.0,97.60969758796287,476,50.30050450023097,10.0,13.671990511643154,3.9648466092768,0.01941580458771451,1.3684331197247117,0.8227224572323808,3.1947561271526923,48.804848793981435,1.0,0.019415804587714518,1.3684331197247117,1.0,2.0,0.0,True,,steady_state,0.0,,,,,13.113049645420585,13.113047386745667,995.4016049326729,35.12717991860989,,1.0,3941.1805278629326,3941.169669868074,5.411014986217258,5.411013289166628,0.9999996863711089,1.0,,,1.0,1.0,40.0,97.60969758796287,,
AB,oscillator_translation_scale,29,0.04945339346089217,0.09762210073206024,0.7021926793540646,0.5344320235740077,0.12301565154377614,0.567374183756537,0.716675164080167,0.8026172127841293,40.98906786921784,10.0,8.976221007320602,3.4043853587081294,0.0049580635987980255,0.6230156515437761,1.0673741837565371,3.169089047811621,64.20937702273035,1.0,0.0049580635987980255,0.6230156515437761,1.0,2.0,0.0,128.4187540454607,477,40.98906786921784,10.0,8.976221007320602,3.4043853587081294,0.0049580635987980255,0.6230156515437761,1.0673741837565371,3.169089047811621,64.20937702273035,1.0,0.0049580635987980255,0.6230156515437761,1.0,2.0,0.0,True,,resolved_oscillation,1.0,514.7142857142857,12.557355228388303,0.0009480017361420668,0.9905067659631931,525.6363276253186,4.989988676394914,661.7227578174678,184.8001316879887,0.5836247571468223,0.33792490557653854,2037.639412411595,29.602615917463616,3.9443532432370647,0.022204439986463726,0.00562942480482324,0.4534547878249278,3.0,11.172511022299888,1.0,1.0,40.0,128.4187540454607,0.00562942480482324,0.4534547878249278
AB,oscillator_translation_scale,30,0.23529284243979742,0.8407494147148626,0.1627078196361389,0.18400605895795552,0.9153118394219858,0.6126517415141606,0.34201139629394184,0.761506421166632,44.705856848795946,10.0,16.407494147148626,2.325415639272278,0.001735391244881489,1.4153118394219857,1.1126517415141606,1.734026407844816,60.92051369333056,1.0,0.001735391244881489,1.4153118394219857,1.0,2.0,0.0,121.84102738666112,478,44.705856848795946,10.0,16.407494147148626,2.325415639272278,0.001735391244881489,1.4153118394219857,1.1126517415141606,1.734026407844816,60.92051369333056,1.0,0.001735391244881489,1.4153118394219857,1.0,2.0,0.0,True,,resolved_oscillation,1.0,454.6666666666667,10.170181240557346,0.001099706744868035,0.9847852769054214,667.7291716919559,10.15931444946543,730.1427507641508,276.60874264743455,0.6262829912023461,0.25483225949788935,3937.527768075676,106.46478257996895,7.658217400347975,0.019491808652519156,0.002545214850081624,0.449233503665852,2.408333333333333,17.742929442846556,1.0,1.0,40.0,121.84102738666112,0.002545214850081624,0.449233503665852
AB,oscillator_translation_scale,31,0.3961908178200533,0.5858255229716866,0.8827516093406286,0.1975083502442333,0.42790177911939253,0.1030477274706203,0.9318053292379148,0.9537836951071544,47.92381635640106,10.0,13.858255229716866,3.765503218681257,0.0018070255285962528,0.9279017791193925,0.6030477274706203,4.48026781101067,76.30269560857235,1.0,0.0018070255285962528,0.9279017791193925,1.0,2.0,0.0,152.6053912171447,479,47.92381635640106,10.0,13.858255229716866,3.765503218681257,0.0018070255285962528,0.9279017791193925,0.6030477274706203,4.48026781101067,76.30269560857235,1.0,0.0018070255285962528,0.9279017791193925,1.0,2.0,0.0,True,,resolved_oscillation,1.0,677.6666666666666,14.140498778873908,0.0007620232850383507,0.9935511890764462,943.6525470321337,6.085436853340196,1051.5531860906183,678.0860600484114,0.5983767830791933,0.34259053543656964,4055.399739063279,28.341672448164555,6.3805245722910024,0.012051504053446922,0.0018887951792840893,0.4314596756276383,4.158333333333333,24.798435238323425,1.0,1.0,40.0,152.6053912171447,0.0018887951792840893,0.4314596756276383
AB,oscillator_translation_scale,32,0.45544406973220386,0.8413148429729738,0.5906917281865809,0.2627126403874821,0.6550826693183404,0.4524839948841627,0.7903188624593088,0.30569927964458465,49.10888139464408,10.0,16.413148429729738,3.1813834563731618,0.00219683290709738,1.1550826693183405,0.9524839948841627,3.567871288277414,24.45594237156677,1.0,0.00219683290709738,1.1550826693183405,1.0,2.0,0.0,48.91188474313354,480,49.10888139464408,10.0,16.413148429729738,3.1813834563731618,0.00219683290709738,1.1550826693183405,0.9524839948841627,3.567871288277414,24.45594237156677,1.0,0.00219683290709738,1.1550826693183405,1.0,2.0,0.0,True,,resolved_oscillation,1.0,741.0,15.088920353229936,0.0,0.9953595726007153,1545.597724554397,7.17223402929425,1618.731680508313,1206.8204895532203,0.6359649122807017,0.3188180404354588,4960.799498523515,28.432795002801576,7.745162883608803,0.018241423277131436,0.0023552020210880287,0.418129304598978,3.933333333333333,28.83646738942698,1.0,1.0,40.0,48.91188474313354,0.0023552020210880287,0.418129304598978
AB,oscillator_translation_scale,33,0.9227593837099817,0.2542365218699282,0.11984868902090784,0.21289201770014698,0.2844369626022776,0.892833975106123,0.5288499542686814,0.8553785018010519,58.455187674199635,10.0,10.542365218699281,2.2396973780418157,0.0018922516859940209,0.7844369626022776,1.392833975106123,2.34234172557057,68.43028014408415,1.0,0.0018922516859940209,0.7844369626022776,1.0,2.0,0.0,136.8605602881683,481,58.455187674199635,10.0,10.542365218699281,2.2396973780418157,0.0018922516859940209,0.7844369626022776,1.392833975106123,2.34234172557057,68.43028014408415,1.0,0.0018922516859940209,0.7844369626022776,1.0,2.0,0.0,True,,resolved_oscillation,1.0,638.6666666666666,10.925748288180673,0.0008085560221727386,0.9916734617367811,768.6578449509911,6.400258957307896,907.1019823323251,223.10973165906321,0.6180845511482256,0.2614974450122195,2894.028585210308,52.64814673089195,4.249422109462625,0.01104702105963882,0.0025996525586477475,0.41257498333703624,3.283333333333333,13.349124909869893,1.0,1.0,40.0,136.8605602881683,0.0025996525586477475,0.41257498333703624
AB,oscillator_translation_scale,34,0.07950435043954462,0.9662316694526888,0.37274283035622435,0.1750304734321343,0.9875008646722722,0.04585705792459993,0.38130948963773503,0.5292730561158066,41.590087008790896,10.0,17.662316694526886,2.7454856607124487,0.0016893510111593599,1.4875008646722723,0.5458570579245999,1.8472424305525734,42.341844489264524,1.0,0.0016893510111593599,1.4875008646722723,1.0,2.0,0.0,84.68368897852905,482,41.590087008790896,10.0,17.662316694526886,2.7454856607124487,0.0016893510111593599,1.4875008646722723,0.5458570579245999,1.8472424305525734,42.341844489264524,1.0,0.0016893510111593599,1.4875008646722723,1.0,2.0,0.0,True,,resolved_oscillation,1.0,397.6,9.559970382268238,0.001298787171766404,0.9718708747871626,373.299320081122,10.500583316428983,403.8860996215779,213.5527403060301,0.6174547283702213,0.2946011997333926,4167.847904790765,156.58523222771956,8.619100905774847,0.020525999092231153,0.0023814547847419466,0.49055765385469896,2.3,18.98194789438447,1.0,1.0,40.0,84.68368897852905,0.0023814547847419466,0.49055765385469896
AB,oscillator_translation_scale,35,0.6334398631188464,0.44530082088652956,0.9710384632196135,0.6253248415770387,0.2880167805261743,0.5530772328579547,0.48354764822632257,0.8441290579269647,52.66879726237693,10.0,12.453008208865295,3.942076926439227,0.006509780962671258,0.7880167805261743,1.0530772328579547,2.1776360713907166,67.53032463415718,1.0,0.006509780962671258,0.7880167805261743,1.0,2.0,0.0,135.06064926831436,483,52.66879726237693,10.0,12.453008208865295,3.942076926439227,0.006509780962671259,0.7880167805261743,1.0530772328579547,2.1776360713907166,67.53032463415718,1.0,0.006509780962671258,0.7880167805261743,1.0,2.0,0.0,True,,resolved_oscillation,1.0,657.6666666666666,12.486836625306038,0.0007851968263978544,0.9880099789433902,611.7556834848151,7.334963526483674,737.6623917247148,255.73821230266435,0.5827420172326406,0.313263719173517,3347.8337802523483,54.94587124533301,5.040961363734774,0.036868970976289994,0.007313876920686081,0.43034881137524994,3.8,18.169465157794185,1.0,1.0,40.0,135.06064926831436,0.007313876920686081,0.43034881137524994
AB,oscillator_translation_scale,36,0.6761306877039921,0.05417488428145534,0.12327418220657027,0.9714779234866264,0.28757541677892484,0.0730887879415244,0.1868916785923901,0.42248977462753035,53.52261375407984,10.0,8.541748842814552,2.2465483644131403,0.018362081834339,0.7875754167789248,0.5730887879415244,1.3509263644912934,33.799181970202426,1.0,0.018362081834339,0.7875754167789248,1.0,2.0,0.0,67.59836394040485,484,53.52261375407984,10.0,8.541748842814552,2.2465483644131403,0.018362081834339,0.7875754167789248,0.5730887879415244,1.3509263644912934,33.799181970202426,1.0,0.018362081834339006,0.7875754167789248,1.0,2.0,0.0,True,,resolved_oscillation,1.0,317.38461538461536,5.929916219019147,0.00858432416307554,0.4738518015738349,27.540990208907445,14.490642381289305,67.80717412555144,14.176257354000246,0.6559864275327194,0.0,911.2927825514391,516.2439714031077,1.4017364992115209,0.47795783289074284,0.3409755208340476,0.9913352588313709,4.566666666666666,4.639615587884674,1.0,1.0,40.0,67.59836394040485,0.3409755208340476,0.9913352588313709
AB,oscillator_translation_scale,37,0.9942080218192769,0.6593242047859554,0.2048195830433457,0.11408570344483138,0.7692102833324719,0.7320165468055979,0.24812270663075364,0.5441891502418968,59.88416043638554,10.0,14.593242047859555,2.4096391660866914,0.0014074368648072306,1.2692102833324719,1.232016546805598,1.4908375721581986,43.53513201935175,1.0,0.0014074368648072306,1.2692102833324719,1.0,2.0,0.0,87.0702640387035,485,59.88416043638554,10.0,14.593242047859555,2.4096391660866914,0.0014074368648072306,1.2692102833324719,1.232016546805598,1.4908375721581986,43.53513201935175,1.0,0.0014074368648072306,1.2692102833324719,1.0,2.0,0.0,True,,resolved_oscillation,1.0,675.3333333333334,11.277328235247357,0.0007646561394289076,0.9902913843382796,850.1547783864263,8.253825996328997,907.5050051146156,398.35535109613795,0.6307996051332675,0.2559431237502777,5140.8752342147045,85.4716093140018,7.278387462373056,0.01334668975268345,0.0018337426829337657,0.4087980448789158,3.45,24.01372070155012,1.0,1.0,40.0,87.0702640387035,0.0018337426829337657,0.4087980448789158
AB,oscillator_translation_scale,38,0.4452386990402637,0.45484334849897157,0.3778401004807026,0.5335265915484285,0.7580538097473309,0.5757437099998371,0.7447623325657388,0.4984037620752796,48.904773980805274,10.0,12.548433484989715,2.755680200961405,0.004944633411198485,1.2580538097473308,1.0757437099998373,3.315633590675952,39.872300966022365,1.0,0.004944633411198485,1.2580538097473308,1.0,2.0,0.0,79.74460193204473,486,48.904773980805274,10.0,12.548433484989715,2.755680200961405,0.004944633411198485,1.2580538097473308,1.0757437099998373,3.315633590675952,39.872300966022365,1.0,0.00494463341119849,1.2580538097473308,1.0,2.0,0.0,True,,resolved_oscillation,1.0,605.1428571428571,12.373901520951119,0.0006245871839151535,0.9891294946496703,780.8314506246214,8.488032461720618,1333.7327717672354,282.66625700720454,0.6039896128423041,0.2199511219728949,3895.6250639178834,59.01555225900883,6.7528444357782424,0.04480989373623462,0.006635706502999048,0.3694734503443679,2.8666666666666667,18.65259922829909,1.0,1.0,40.0,79.74460193204473,0.006635706502999048,0.3694734503443679
AB,oscillator_translation_scale,39,0.6660332596561213,0.9549278270831529,0.6069990404660162,0.752066943141399,0.9605213971708908,0.8634116840620544,0.4840801167323766,0.5658874191471764,53.32066519312242,10.0,17.54927827083153,3.2139980809320323,0.009516158166760644,1.4605213971708908,1.3634116840620543,2.1795030509279187,45.27099353177412,1.0,0.009516158166760644,1.4605213971708908,1.0,2.0,0.0,90.54198706354823,487,53.32066519312242,10.0,17.54927827083153,3.2139980809320323,0.009516158166760644,1.4605213971708908,1.3634116840620543,2.1795030509279187,45.27099353177412,1.0,0.009516158166760644,1.4605213971708908,1.0,2.0,0.0,True,,resolved_oscillation,1.0,546.125,10.24227657366964,0.0006473854714456833,0.9605255596639344,412.05545937171945,16.265658646119057,966.1014685714414,135.99842976863766,0.571297779812314,0.12219506776271939,3383.9041356676025,127.25044443890127,5.925022436631995,0.10029774529746166,0.016927825399843492,0.37947122861586313,2.4,14.42995555663376,1.0,1.0,40.0,90.54198706354823,0.016927825399843492,0.37947122861586313
AB,oscillator_translation_scale,40,0.07938517308078696,0.022029308983154694,0.46089644750850756,0.321935567576238,0.7521861907367888,0.9734007290070525,0.16781697286928776,0.6518343044389883,41.58770346161574,10.0,8.220293089831546,2.921792895017015,0.002623299219812042,1.2521861907367888,1.4734007290070525,1.3100836609385509,52.14674435511906,1.0,0.002623299219812042,1.2521861907367888,1.0,2.0,0.0,104.29348871023812,488,41.58770346161574,10.0,8.220293089831546,2.921792895017015,0.002623299219812042,1.2521861907367888,1.4734007290070525,1.3100836609385509,52.14674435511906,1.0,0.002623299219812042,1.2521861907367888,1.0,2.0,0.0,True,,resolved_oscillation,1.0,517.7142857142857,12.448734664854028,0.0009425083485981972,0.9935135225124384,664.4028727688037,4.3096342768860545,751.0180139675672,243.65959186584303,0.6003311258278147,0.3225949788935792,4047.5168340616424,46.69771675838756,7.814630196675662,0.02363215232688388,0.0030240909335590804,0.45456565207731614,2.8833333333333333,21.229600678447547,1.0,1.0,40.0,104.29348871023812,0.0030240909335590804,0.45456565207731614
AB,oscillator_translation_scale,41,0.9815064036168787,0.6484862657754508,0.8948493318150219,0.4999552130251841,0.7789299613558915,0.21738323359940437,0.30968064225549496,0.899810359527491,59.63012807233757,10.0,14.484862657754508,3.789698663630044,0.004471535969726869,1.2789299613558915,0.7173832335994044,1.6461047945070326,71.98482876219929,1.0,0.004471535969726869,1.2789299613558915,1.0,2.0,0.0,143.96965752439857,489,59.63012807233757,10.0,14.484862657754508,3.789698663630044,0.004471535969726869,1.2789299613558915,0.7173832335994044,1.6461047945070326,71.98482876219929,1.0,0.004471535969726869,1.2789299613558915,1.0,2.0,0.0,True,,resolved_oscillation,1.0,714.2,11.977166963881093,0.0006261741746008933,0.9871393602077959,624.9761575857189,8.037593241425757,706.4885377548732,332.616281709358,0.5869504340520861,0.36680737613863584,6225.44669868419,101.9163205806436,8.303140656516707,0.04110645626224609,0.004950711780365151,0.48766940679848925,4.2,32.93187692908286,1.0,1.0,40.0,143.96965752439857,0.004950711780365151,0.48766940679848925
AB,oscillator_translation_scale,42,0.2634626562834709,0.9747032019221333,0.7824072395318442,0.7109816588766164,0.952904028663561,0.45221418877906305,0.3711782882929373,0.5177094697691266,45.269253125669415,10.0,17.747032019221333,3.5648144790636884,0.008414115409178519,1.452904028663561,0.952214188779063,1.8173663805408415,41.41675758153013,1.0,0.008414115409178519,1.452904028663561,1.0,2.0,0.0,82.83351516306026,490,45.269253125669415,10.0,17.747032019221333,3.5648144790636884,0.008414115409178519,1.452904028663561,0.952214188779063,1.8173663805408415,41.41675758153013,1.0,0.008414115409178519,1.452904028663561,1.0,2.0,0.0,True,,resolved_oscillation,1.0,548.5714285714286,12.11796949794092,0.0009743899444723806,0.9841446826983127,689.6155964853356,10.934074098467361,821.440891054127,356.18666189899307,0.6093098958333334,0.29082426127527217,4939.362793930101,103.63541520392904,8.874408280606294,0.08788220579212293,0.009902880621818638,0.4312375027771606,2.966666666666667,25.29618131728363,1.0,1.0,40.0,82.83351516306026,0.009902880621818638,0.4312375027771606
AB,oscillator_translation_scale,43,0.11902604624430946,0.7238209620991736,0.5130660887379298,0.037791826390061733,0.20526307490198326,0.2530063987005956,0.42542350137029605,0.8698764918089886,42.38052092488619,10.0,15.238209620991736,3.0261321774758594,0.0011198717770689508,0.7052630749019833,0.7530063987005956,1.9831623398000462,69.59011934471908,1.0,0.0011198717770689508,0.7052630749019833,1.0,2.0,0.0,139.18023868943817,491,42.38052092488619,10.0,15.238209620991736,3.0261321774758594,0.0011198717770689508,0.7052630749019833,0.7530063987005956,1.9831623398000462,69.59011934471908,1.0,0.0011198717770689508,0.7052630749019833,1.0,2.0,0.0,True,,resolved_oscillation,1.0,364.0,8.588851483093881,0.0,0.9530908507864954,212.66776508872923,9.976063925449761,275.37625700032703,107.62626539953344,0.5796703296703297,0.3239280159964452,1919.0309997289671,106.48573755138726,3.9654313978001405,0.007421646851546045,0.001871586242965462,0.5156631859586759,2.2666666666666666,8.607300005831672,1.0,1.0,40.0,139.18023868943817,0.001871586242965462,0.5156631859586759
AB,oscillator_translation_scale,44,0.5856463892471487,0.31809303652452925,0.05540641720968964,0.35037645481237045,0.920254666357244,0.44065595311405026,0.43310533966908604,0.5024287034658289,51.71292778494298,10.0,11.180930365245292,2.110812834419379,0.0028566055621725706,1.420254666357244,0.9406559531140503,2.00783324636286,40.19429627726631,1.0,0.0028566055621725706,1.420254666357244,1.0,2.0,0.0,80.38859255453262,492,51.71292778494298,10.0,11.180930365245292,2.110812834419379,0.0028566055621725706,1.420254666357244,0.9406559531140503,2.00783324636286,40.19429627726631,1.0,0.0028566055621725706,1.420254666357244,1.0,2.0,0.0,True,,resolved_oscillation,1.0,512.2857142857143,9.906337471669401,0.0009524958882654394,0.9840422895271463,529.1205587552158,8.443552681850244,677.4942638407375,181.23028489936692,0.6266034578918014,0.19795600977560543,3733.0973681690552,113.54968648377968,6.578984645775519,0.0321268769363045,0.004883257625009617,0.43390357698289267,2.45,15.84200628114849,1.0,1.0,40.0,80.38859255453262,0.004883257625009617,0.43390357698289267
AB,oscillator_translation_scale,45,0.5735089914149888,0.2349033339983554,0.05175284264692048,0.5805394677833117,0.9703789917660842,0.8844593357278694,0.7921983999214777,0.4085949628878395,51.47017982829978,10.0,10.349033339983553,2.103505685293841,0.0056924504797607675,1.470378991766084,1.3844593357278694,3.578680435405739,32.68759703102716,1.0,0.0056924504797607675,1.470378991766084,1.0,2.0,0.0,65.37519406205432,493,51.47017982829978,10.0,10.349033339983553,2.103505685293841,0.0056924504797607675,1.470378991766084,1.3844593357278694,3.578680435405739,32.68759703102716,1.0,0.005692450479760773,1.470378991766084,1.0,2.0,0.0,True,,resolved_oscillation,1.0,437.0,8.490353083237624,0.0011441647597254005,0.9296713264615288,247.87667467609438,17.432837731096868,616.525679833619,104.062235024052,0.6012585812356979,0.0,1298.7819414641856,108.16474691267533,2.685176749638422,0.07334094855146808,0.02731326664486573,0.36214174627860474,1.65,5.00707928114142,1.0,1.0,40.0,65.37519406205432,0.02731326664486573,0.36214174627860474
AB,oscillator_translation_scale,46,0.9964774922142574,0.7068669270486545,0.375212687785102,0.3997873384363825,0.13524852246151498,0.5990317568302236,0.5138327539551703,0.3768147788965731,59.92954984428515,10.0,15.068669270486545,2.750425375570204,0.003312343127026481,0.635248522461515,1.0990317568302235,2.286407743300906,30.145182311725847,1.0,0.003312343127026481,0.635248522461515,1.0,2.0,0.0,60.290364623451694,494,59.92954984428515,10.0,15.068669270486545,2.750425375570204,0.003312343127026481,0.635248522461515,1.0990317568302235,2.286407743300906,30.145182311725847,1.0,0.003312343127026481,0.635248522461515,1.0,2.0,0.0,True,,resolved_oscillation,1.0,676.3333333333334,11.285473278051464,0.0007635255487841138,0.9862184887883864,613.6873973126252,8.457539746489934,657.2112095605279,345.47725898809296,0.6272794480039428,0.2788269273494779,2722.153638173852,54.20520263691665,3.792651887302651,0.015292664927653157,0.004032182594677668,0.40279937791601866,3.6,13.078076891053156,1.0,1.0,40.0,60.290364623451694,0.004032182594677668,0.40279937791601866
AB,oscillator_translation_scale,47,0.36135447392295206,0.6878005187327936,0.4760701006722087,0.3537843335240982,0.035015686851467165,0.11294606132724794,0.22250865784072882,0.07781224274133436,47.22708947845904,10.0,14.878005187327936,2.9521402013444176,0.002885918285406689,0.5350156868514672,0.6129460613272479,1.4306285165506754,6.224979419306749,1.0,0.002885918285406689,0.5350156868514672,1.0,2.0,0.0,12.449958838613497,495,47.22708947845904,10.0,14.878005187327936,2.9521402013444176,0.002885918285406689,0.5350156868514672,0.6129460613272479,1.4306285165506754,6.224979419306749,1.0,0.002885918285406689,0.5350156868514672,1.0,2.0,0.0,True,,resolved_oscillation,1.0,358.54545454545456,7.591944761046355,0.0014565321111911836,0.9094043841503127,113.34786665660936,10.268819785003764,126.19825328456771,81.90340224629024,0.6258620689655172,0.30970895356587425,1496.9593224682935,148.69362371416833,2.8810487850650226,0.020671091863394837,0.007174849648694272,0.5167740502110643,2.2083333333333335,6.311699944900803,1.0,1.0,40.0,12.449958838613497,0.007174849648694272,0.5167740502110643
AB,oscillator_translation_scale,48,0.14462614962212772,0.2012148931522557,0.5951396450376651,0.09776566282190036,0.303708843795952,0.6034069552075657,0.46791123586759553,0.8616507708534276,42.89252299244255,10.0,10.012148931522557,3.1902792900753303,0.0013402816137012632,0.803708843795952,1.1034069552075656,2.123517862719327,68.9320616682742,1.0,0.0013402816137012632,0.803708843795952,1.0,2.0,0.0,137.8641233365484,496,42.89252299244255,10.0,10.012148931522557,3.1902792900753303,0.0013402816137012632,0.803708843795952,1.1034069552075656,2.123517862719327,68.9320616682742,1.0,0.0013402816137012632,0.803708843795952,1.0,2.0,0.0,True,,resolved_oscillation,1.0,519.8571428571429,12.11999450227582,0.0007270544960331383,0.9912071283244224,562.9742989118627,4.950160766980243,637.3447760969432,278.52223731838427,0.5874690849134377,0.3550322150633193,2830.96176308666,35.00846801888604,5.222884470095371,0.007756863905732381,0.0014851685788084719,0.4738946900688736,3.1,15.193632405123193,1.0,1.0,40.0,137.8641233365484,0.0014851685788084719,0.4738946900688736
AB,oscillator_translation_scale,49,0.40497024324456166,0.8760220927708037,0.29672674234775864,0.5899843875985493,0.0475287430060467,0.8109838830866913,0.4587922640517281,0.5060696597871368,48.099404864891234,10.0,16.760220927708037,2.5934534846955173,0.005855815504724595,0.5475287430060467,1.3109838830866913,2.0925798101307733,40.48557278297095,1.0,0.005855815504724595,0.5475287430060467,1.0,2.0,0.0,80.9711455659419,497,48.099404864891234,10.0,16.760220927708037,2.5934534846955173,0.005855815504724596,0.5475287430060467,1.3109838830866913,2.0925798101307733,40.48557278297095,1.0,0.005855815504724595,0.5475287430060467,1.0,2.0,0.0,True,,resolved_oscillation,1.0,446.8888888888889,9.29094424648656,0.0007458975634012929,0.9682286596201499,360.6536462063033,11.458449752854497,411.53166117177733,169.4401454863215,0.6215191447041273,0.268606976227505,1561.2668529594139,73.72189457942254,2.870285580474321,0.024413279560539798,0.008505522839474896,0.4387913796934015,2.466666666666667,6.930986150495634,1.0,1.0,40.0,80.9711455659419,0.008505522839474896,0.4387913796934015
AB,oscillator_translation_scale,50,0.9975856292646897,0.5657544237723552,0.30706557444850346,0.4275679161838194,0.3166776682977941,0.7567833804925578,0.7210217811166746,0.015263045840949063,59.95171258529379,10.0,13.657544237723553,2.614131148897007,0.003599802582082945,0.8166776682977941,1.2567833804925579,3.1913364861096727,1.221043667275925,1.0,0.003599802582082945,0.8166776682977941,1.0,2.0,0.0,2.44208733455185,498,59.95171258529379,10.0,13.657544237723553,2.614131148897007,0.003599802582082945,0.8166776682977941,1.2567833804925579,3.1913364861096727,1.221043667275925,1.0,0.003599802582082945,0.8166776682977941,1.0,2.0,0.0,True,,resolved_oscillation,1.0,778.4,12.983782554878044,0.0007036517953560717,0.9899913787577128,924.1937142349824,9.249904840280552,1157.5068767539851,583.8062961965518,0.6417009249743063,0.21039768940235504,3005.6659788586826,39.12433449139722,4.316268768098931,0.021224886913477486,0.004917415493295574,0.3654743390357698,3.2666666666666666,13.893175794981623,1.0,1.0,40.0,2.44208733455185,0.004917415493295574,0.3654743390357698
AB,oscillator_translation_scale,51,0.9268934724441079,0.6010086289668761,0.8318839924281232,0.564140076180349,0.1552169247113192,0.7008561450373402,0.22895891173032745,0.47424948218286234,58.53786944888216,10.0,14.010086289668761,3.6637679848562463,0.005419549169964642,0.6552169247113192,1.2008561450373403,1.4455576338904512,37.93995857462899,1.0,0.005419549169964642,0.6552169247113192,1.0,2.0,0.0,75.87991714925798,499,58.53786944888216,10.0,14.010086289668761,3.6637679848562463,0.005419549169964642,0.6552169247113192,1.2008561450373403,1.4455576338904512,37.93995857462899,1.0,0.005419549169964642,0.6552169247113192,1.0,2.0,0.0,True,,resolved_oscillation,1.0,669.0,11.428499299657638,0.0,0.9829205200804964,463.5762311562373,7.917640931192133,506.01090286372676,281.38529654772054,0.600896860986547,0.314596756276383,3032.9947849549344,63.15524571732327,4.192823731879254,0.02553342682725199,0.0060897925741819165,0.4250166629637858,3.8666666666666667,15.365597884414846,1.0,1.0,40.0,75.87991714925798,0.0060897925741819165,0.4250166629637858
AB,oscillator_translation_scale,52,0.14798006523291785,0.030678042283148188,0.974311847035165,0.29119072017962766,0.04515025280363083,0.40247651790960104,0.6223009687936307,0.9397471766847376,42.95960130465836,10.0,8.306780422831482,3.94862369407033,0.0023924774959076765,0.5451502528036308,0.902476517909601,2.7225114244397233,75.17977413477901,1.0,0.0023924774959076765,0.5451502528036308,1.0,2.0,0.0,150.35954826955802,500,42.95960130465836,10.0,8.306780422831482,3.94862369407033,0.0023924774959076765,0.5451502528036308,0.902476517909601,2.7225114244397233,75.17977413477901,1.0,0.0023924774959076765,0.5451502528036308,1.0,2.0,0.0,True,,resolved_oscillation,1.0,516.4285714285714,12.02126080654692,0.00103503662151423,0.987419037589498,357.3002450999938,4.495180952866197,464.33279520088956,178.80622597759304,0.5569017980636237,0.36858475894245724,1967.6703214053935,28.36432647316099,3.598899217194816,0.009375043449829283,0.002604975267169809,0.47722728282603866,3.2,10.790887200493433,1.0,1.0,40.0,150.35954826955802,0.002604975267169809,0.47722728282603866
AB,oscillator_translation_scale,53,0.9465837550526778,0.5897803298867728,0.4516407049781953,0.47750599276686445,0.03580917778042536,0.8922941822452797,0.5193037732229046,0.09603869403120302,58.93167510105356,10.0,13.897803298867728,2.9032814099563904,0.004180705922869558,0.5358091777804254,1.3922941822452797,2.306629067691836,7.683095522496242,1.0,0.004180705922869558,0.5358091777804254,1.0,2.0,0.0,15.366191044992483,501,58.93167510105356,10.0,13.897803298867728,2.9032814099563904,0.004180705922869558,0.5358091777804254,1.3922941822452797,2.306629067691836,7.683095522496242,1.0,0.004180705922869558,0.5358091777804254,1.0,2.0,0.0,True,,resolved_oscillation,1.0,729.6,12.380438851414162,0.0007507162246507212,0.9882543218064964,662.8928237071565,7.786125784047187,715.2033829546984,449.1647080792581,0.6380208333333333,0.2921572983781382,2317.933808807407,35.63901043667557,3.2485703587990526,0.01615065024418948,0.004971617807336065,0.4007998222617196,3.6166666666666667,11.363098253959325,1.0,1.0,40.0,15.366191044992483,0.004971617807336065,0.4007998222617196
AB,oscillator_translation_scale,54,0.26707177914853697,0.4436206392795494,0.17817196494572562,0.8842841371519518,0.8781615463568023,0.2825237843104127,0.10848811210481324,0.5642563382340674,45.34143558297074,10.0,12.436206392795494,2.3563439298914512,0.014141002111708297,1.3781615463568024,0.7825237843104127,1.190775625181259,45.14050705872539,1.0,0.014141002111708297,1.3781615463568024,1.0,2.0,0.0,90.28101411745078,502,45.34143558297074,10.0,12.436206392795494,2.3563439298914512,0.014141002111708297,1.3781615463568024,0.7825237843104127,1.190775625181259,45.14050705872539,1.0,0.014141002111708297,1.3781615463568024,1.0,2.0,0.0,True,,resolved_oscillation,1.0,303.64285714285717,6.696807307462026,0.001637598732859058,0.8608278757978398,104.01079271065309,14.475402961492149,176.8635976989113,39.758058227225995,0.615031757233592,0.0,1973.9272094790138,366.71257000621995,4.151986771426046,0.20535501610975443,0.049459458185899516,0.5938680293268163,1.8333333333333333,8.282697687759425,1.0,1.0,40.0,90.28101411745078,0.049459458185899516,0.5938680293268163
AB,oscillator_translation_scale,55,0.03934806720952966,0.7974544171486171,0.9613679503326873,0.09528084265622816,0.8506665333513728,0.016977720311515898,0.896934550896485,0.9868204735962427,40.786961344190594,10.0,15.974544171486171,3.9227359006653746,0.0013303417916171554,1.3506665333513728,0.5169777203115159,4.235750267397727,78.94563788769942,1.0,0.0013303417916171554,1.3506665333513728,1.0,2.0,0.0,157.89127577539884,503,40.786961344190594,10.0,15.974544171486171,3.9227359006653746,0.0013303417916171554,1.3506665333513728,0.5169777203115159,4.235750267397727,78.94563788769942,1.0,0.0013303417916171554,1.3506665333513728,1.0,2.0,0.0,True,,resolved_oscillation,1.0,573.5,14.060866048842966,0.0009550524106454509,0.9928204361231533,953.5744455225724,6.846248642958066,1066.5929227899614,756.2270893992451,0.5980819529206626,0.37147300599866695,5076.482786690626,33.99743756986173,9.36817446561701,0.012914915064967041,0.0013785946357390384,0.47100644301266387,3.5416666666666665,30.9552648632785,1.0,1.0,40.0,157.89127577539884,0.0013785946357390384,0.47100644301266387
AB,oscillator_translation_scale,56,0.8516256211406352,0.03206752876612384,0.37451105081748515,0.9271816890983423,0.27187136671284284,0.8158273705588795,0.8284226050920022,0.9634675135066714,57.0325124228127,10.0,8.320675287661238,2.7490221016349703,0.016080190480456714,0.7718713667128428,1.3158273705588797,3.7935215181454067,77.0774010805337,1.0,0.016080190480456714,0.7718713667128428,1.0,2.0,0.0,154.1548021610674,504,57.0325124228127,10.0,8.320675287661238,2.7490221016349703,0.016080190480456714,0.7718713667128428,1.3158273705588797,3.7935215181454067,77.0774010805337,1.0,0.016080190480456714,0.7718713667128428,1.0,2.0,0.0,True,,steady_state,0.0,,,,,6.672553949062161,6.672545353689627,1434.67019054491,35.33613213757632,,1.0,2991.0905815447395,2991.061296719183,3.6218392068393563,3.6218346437031035,0.9999987401052359,1.0,,,1.0,1.0,40.0,154.1548021610674,,
AB,oscillator_translation_scale,57,0.8296311980119584,0.33407868225380877,0.1063301011098382,0.7176518981589709,0.6864182526670649,0.7122315784877248,0.2941963935788431,0.10802242958869912,56.592623960239166,10.0,11.340786822538089,2.212660202219676,0.008583939458666817,1.1864182526670648,1.212231578487725,1.6055892602211639,8.64179436709593,1.0,0.008583939458666817,1.1864182526670648,1.0,2.0,0.0,17.28358873419186,505,56.592623960239166,10.0,11.340786822538089,2.212660202219676,0.008583939458666817,1.1864182526670648,1.212231578487725,1.6055892602211639,8.64179436709593,1.0,0.008583939458666817,1.1864182526670648,1.0,2.0,0.0,True,,resolved_oscillation,1.0,431.3333333333333,7.621723524188937,0.0016393511155793218,0.9073666849321671,178.01259437891372,16.489896741144264,269.2509815265175,89.85432718309288,0.6250386398763524,0.0,1439.0890573500485,171.71375928601665,2.639188975892318,0.092286180345067,0.034967628763250935,0.42057320595423237,1.8666666666666667,5.513438249090878,1.0,1.0,40.0,17.28358873419186,0.034967628763250935,0.42057320595423237
AB,oscillator_translation_scale,58,0.8175887117605869,0.1733204554271618,0.2545619395517319,0.5238700721010965,0.44611669420234423,0.9796385404701368,0.35620338254456996,0.08649524189862356,56.351774235211735,10.0,9.733204554271618,2.5091238791034636,0.004803642489653149,0.9461166942023442,1.4796385404701367,1.774089313421555,6.919619351889885,1.0,0.004803642489653149,0.9461166942023442,1.0,2.0,0.0,13.83923870377977,506,56.351774235211735,10.0,9.733204554271618,2.5091238791034636,0.004803642489653149,0.9461166942023442,1.4796385404701367,1.774089313421555,6.919619351889885,1.0,0.004803642489653149,0.9461166942023442,1.0,2.0,0.0,True,,resolved_oscillation,1.0,632.8333333333334,11.230051616332316,0.0006451118627293068,0.9842881272501878,485.8979797465003,7.6343672271678225,694.5123399563217,217.3419384452937,0.6238609428496181,0.17173961341924016,2753.005513437748,61.042787025695766,4.413756099728847,0.033034747599031626,0.007484497750353961,0.3683625860919796,2.7,11.859660429689928,1.0,1.0,40.0,13.83923870377977,0.007484497750353961,0.3683625860919796
AB,oscillator_translation_scale,59,0.7632201581925808,0.41076796078383804,0.9080229332326699,0.6981208695971955,0.883495417972424,0.6102443970668706,0.593721283602114,0.15498968034379434,55.26440316385162,10.0,12.107679607838381,3.81604586646534,0.008096106117791232,1.3834954179724241,1.1102443970668707,2.6001198581367975,12.399174427503548,1.0,0.008096106117791232,1.3834954179724241,1.0,2.0,0.0,24.798348855007095,507,55.26440316385162,10.0,12.107679607838381,3.81604586646534,0.008096106117791232,1.3834954179724241,1.1102443970668707,2.6001198581367975,12.399174427503548,1.0,0.008096106117791232,1.3834954179724241,1.0,2.0,0.0,True,,resolved_oscillation,1.0,619.8333333333334,11.215779015935626,0.0006586420389306744,0.9554184079960758,262.17499938812284,11.688178856350348,873.3756789576206,94.32026835895958,0.5533745630545845,0.09042435014441236,3150.15612480341,89.67432983528012,5.341359378338533,0.0805796494990077,0.015085981637145068,0.35903132637191737,2.466666666666667,13.346547821658719,1.0,1.0,40.0,24.798348855007095,0.015085981637145068,0.35903132637191737
AB,oscillator_translation_scale,60,0.8280144790383384,0.1290319770518289,0.27037002179377156,0.05826084057960823,0.6204055522340386,0.03495684183628822,0.7583621634069664,0.7263645287172044,56.560289580766764,10.0,9.29031977051829,2.540740043587543,0.0011906910828021757,1.1204055522340386,0.5349568418362882,3.389006522197106,58.10916229737635,1.0,0.0011906910828021757,1.1204055522340386,1.0,2.0,0.0,116.2183245947527,508,56.560289580766764,10.0,9.29031977051829,2.540740043587543,0.0011906910828021757,1.1204055522340386,0.5349568418362882,3.389006522197106,58.10916229737635,1.0,0.0011906910828021757,1.1204055522340386,1.0,2.0,0.0,True,,resolved_oscillation,1.0,701.0,12.393854508099512,0.0,0.9943151328433453,783.1634996641144,4.452180457531268,855.2604069898644,315.6821648141685,0.613694721825963,0.328149300155521,4912.526198627457,52.632614207635044,6.975619049142807,0.00969081478857328,0.0013892408287066835,0.4556765163297045,3.925,25.759263631926615,1.0,1.0,40.0,116.2183245947527,0.0013892408287066835,0.4556765163297045
AB,oscillator_translation_scale,61,0.9131071740257232,0.3467664824287139,0.6967110274247541,0.42067994138386644,0.8075253340418616,0.2672530081216734,0.8383470861435001,0.23413978590216944,58.26214348051447,10.0,11.467664824287139,3.393422054849508,0.003526283478046295,1.3075253340418616,0.7672530081216734,3.854601325732817,18.731182872173555,1.0,0.003526283478046295,1.3075253340418616,1.0,2.0,0.0,37.46236574434711,509,58.26214348051447,10.0,11.467664824287139,3.393422054849508,0.003526283478046295,1.3075253340418616,0.7672530081216734,3.854601325732817,18.731182872173555,1.0,0.003526283478046295,1.3075253340418616,1.0,2.0,0.0,True,,resolved_oscillation,1.0,913.3333333333334,15.676274142553542,0.0006321353312295172,0.9951527691346692,1306.8426842218032,6.334568195091555,1778.3719887193824,761.8892535207036,0.6221715328467152,0.2921572983781382,6262.037336977448,40.0686578827602,8.293400021216346,0.03313790964645688,0.003995696525150457,0.39991113085980895,4.633333333333334,36.36532466621729,1.0,1.0,40.0,37.46236574434711,0.003995696525150457,0.39991113085980895
AB,oscillator_translation_scale,62,0.6035793947217766,0.801443232262474,0.719759264994655,0.17571134764486795,0.9266508551756341,0.6988194616566518,0.1640253001230495,0.2529447290764799,52.07158789443553,10.0,16.014432322624742,3.43951852998931,0.0016928003255044007,1.426650855175634,1.1988194616566519,1.302113269591462,20.235578326118393,1.0,0.0016928003255044007,1.426650855175634,1.0,2.0,0.0,40.471156652236786,510,52.07158789443553,10.0,16.014432322624742,3.43951852998931,0.0016928003255044007,1.426650855175634,1.1988194616566519,1.302113269591462,20.235578326118393,1.0,0.0016928003255044007,1.426650855175634,1.0,2.0,0.0,True,,resolved_oscillation,1.0,705.6,13.55057582323895,0.0007762507901150314,0.9926249827777509,955.0855764816915,7.043772575274175,969.3520267134702,783.0226986432034,0.6292517006802721,0.32126194179071316,6460.944135350456,50.00473436562034,9.678297636093882,0.017364762513526897,0.0017941959595009146,0.4296822928238169,3.8333333333333335,35.015366155982036,1.0,1.0,40.0,40.471156652236786,0.0017941959595009146,0.4296822928238169
AB,oscillator_translation_scale,63,0.23882183258880485,0.795319499099534,0.45777040814547443,0.27872231544097936,0.37067281232794935,0.13998506101124197,0.4496059197472574,0.48745477977191454,44.776436651776095,10.0,15.95319499099534,2.9155408162909486,0.0023047620424185957,0.8706728123279494,0.639985061011242,2.0618689172619074,38.996382381753165,1.0,0.0023047620424185957,0.8706728123279494,1.0,2.0,0.0,77.99276476350633,511,44.776436651776095,10.0,15.95319499099534,2.9155408162909486,0.0023047620424185957,0.8706728123279494,0.639985061011242,2.0618689172619074,38.996382381753165,1.0,0.0023047620424185957,0.8706728123279494,1.0,2.0,0.0,True,,resolved_oscillation,1.0,425.9,9.511699274156205,0.0007424929937000187,0.9690979177785256,307.189584876467,9.492797809433185,340.30049891604614,180.06053687523462,0.6104719417703687,0.29660075538769165,2683.9458270189693,104.86625797857549,5.127773543641087,0.015548098246109351,0.0030321343393548317,0.46167518329260165,2.5166666666666666,12.33070650129434,1.0,1.0,40.0,77.99276476350633,0.0030321343393548317,0.46167518329260165
AB,oscillator_mrna_total_half_life_min,0,0.6523163084985453,0.36929077709565117,0.476552141139271,0.7731966058510996,0.7192846536989712,0.7991515494535374,0.7254448090198692,0.976099650949025,53.046326169970904,10.0,11.692907770956513,2.953104282278542,0.010137992760460698,1.2192846536989712,1.2991515494535375,3.214135349852953,78.087972075922,1.0,0.010137992760460698,1.2192846536989712,1.0,2.0,0.0,156.175944151844,512,53.046326169970904,10.0,11.692907770956513,2.953104282278542,0.010137992760460696,1.2192846536989712,1.2991515494535375,3.214135349852953,78.087972075922,1.0,0.010137992760460698,1.2192846536989712,1.0,2.0,0.0,True,,steady_state,0.0,,,,,29.668575149513586,29.521595170978873,189.73126119955512,28.11158680087912,,0.0,472.86493477890247,469.28630731023355,0.6175233937506832,0.6102080489037386,0.9881537364884057,1.0,,,1.0,1.0,40.0,156.175944151844,,
AB,oscillator_mrna_total_half_life_min,1,0.551410633705412,0.5182907415863287,0.4330535974015236,0.8524225710498768,0.26499487736458205,0.7192355361076039,0.43958862874636206,0.4556181454269522,51.02821267410824,10.0,13.182907415863287,2.866107194803047,0.012853675567217745,0.764994877364582,1.219235536107604,2.0288935698426727,36.449451634156176,1.0,0.012853675567217745,0.764994877364582,1.0,2.0,0.0,72.89890326831235,513,51.02821267410824,10.0,13.182907415863287,2.866107194803047,0.012853675567217743,0.764994877364582,1.219235536107604,2.0288935698426727,36.449451634156176,1.0,0.012853675567217745,0.764994877364582,1.0,2.0,0.0,True,,resolved_oscillation,1.0,452.8888888888889,8.875264587087628,0.0007360157016683023,0.9469431514782406,229.67215332161533,12.185680648451237,399.23816014387296,77.59798461299012,0.58954857703631,0.14063541435236615,1679.6310349801947,109.9486179979613,3.0861372102512257,0.07217706870162859,0.023387511242817696,0.4163519217951566,2.2666666666666666,7.176028725835599,1.0,1.0,40.0,72.89890326831235,0.023387511242817696,0.4163519217951566
AB,oscillator_mrna_total_half_life_min,2,0.527858875741076,0.7885110022666142,0.8313783726110382,0.8936092939302647,0.41701061288961905,0.10285973940458293,0.21573573669677326,0.8898534260437165,50.55717751482152,10.0,15.885110022666142,3.6627567452220764,0.014541610098533038,0.917010612889619,0.6028597394045829,1.4151185007569655,71.18827408349732,1.0,0.014541610098533038,0.917010612889619,1.0,2.0,0.0,142.37654816699464,514,50.55717751482152,10.0,15.885110022666142,3.6627567452220764,0.014541610098533038,0.917010612889619,0.6028597394045829,1.4151185007569655,71.18827408349732,1.0,0.01454161009853305,0.917010612889619,1.0,2.0,0.0,True,,resolved_oscillation,1.0,394.6,7.805024318937063,0.0013086613773297573,0.9111351194979834,144.17000581491962,12.811650338717868,207.17132923066393,59.26318648024928,0.5570197668525088,0.26283048211508553,2526.2504851409076,243.142922208607,4.555962739072264,0.09785838961426128,0.021479190067780998,0.5276605198844702,2.45,11.147212579963973,1.0,1.0,40.0,142.37654816699464,0.021479190067780998,0.5276605198844702
AB,oscillator_mrna_total_half_life_min,3,0.13384197899943828,0.2102493009055516,0.002416419738390796,0.4342247396574749,0.8048933820835706,0.012133239297335785,0.10034101852976296,0.39924093577650477,42.676839579988766,10.0,10.102493009055516,2.004832839476782,0.003672310641606497,1.3048933820835706,0.5121332392973358,1.1752638074727677,31.93927486212038,1.0,0.003672310641606497,1.3048933820835706,1.0,2.0,0.0,63.87854972424076,515,42.676839579988766,10.0,10.102493009055516,2.004832839476782,0.0036723106416064965,1.3048933820835706,0.5121332392973358,1.1752638074727677,31.93927486212038,1.0,0.003672310641606497,1.3048933820835706,1.0,2.0,0.0,True,,resolved_oscillation,1.0,268.2,6.284439115912401,0.0015437708262692488,0.821817653125863,66.00891928742516,11.7616241532589,106.20886944104711,28.773334648054416,0.6368381804623416,0.0,1835.0363661588253,456.2921012925852,3.993505224348435,0.24724400335346877,0.06191152620660667,0.7076205287713841,1.8166666666666667,7.898427219671707,1.0,1.0,40.0,63.87854972424076,0.06191152620660667,0.7076205287713841
AB,oscillator_mrna_total_half_life_min,4,0.29839124245100024,0.4014372245417077,0.7407632727886166,0.973170057651865,0.9917832957867231,0.8395727965599573,0.009376855696073272,0.23802648392585535,45.967824849020005,10.0,12.014372245417077,3.4815265455772333,0.01845539887005003,1.491783295786723,1.3395727965599573,1.015205918266401,19.04211871406843,1.0,0.01845539887005003,1.491783295786723,1.0,2.0,0.0,38.08423742813686,516,45.967824849020005,10.0,12.014372245417077,3.4815265455772333,0.01845539887005003,1.491783295786723,1.3395727965599573,1.015205918266401,19.04211871406843,1.0,0.01845539887005003,1.491783295786723,1.0,2.0,0.0,True,,resolved_oscillation,1.0,335.4166666666667,7.296770464304828,0.0015351910078343467,0.8085964997251014,80.9317775229271,15.490625501357613,194.58993526847453,35.17737321661516,0.5664596273291925,0.0,1487.6753443018426,238.82192753425693,3.2665722445792365,0.2116338347891781,0.06478774046414468,0.47011775161075314,1.65,6.252155319665579,1.0,1.0,40.0,38.08423742813686,0.06478774046414468,0.47011775161075314
AB,oscillator_mrna_total_half_life_min,5,0.43609826489132697,0.9283144976343863,0.4369071057473428,0.6793096803954553,0.4457193604870616,0.8902233596814232,0.6087485979261583,0.2464707225199041,48.72196529782654,10.0,17.283144976343863,2.8738142114946856,0.007652481186052526,0.9457193604870616,1.390223359681423,2.6637717581656335,19.717657801592328,1.0,0.007652481186052526,0.9457193604870616,1.0,2.0,0.0,39.435315603184655,517,48.72196529782654,10.0,17.283144976343863,2.8738142114946856,0.007652481186052526,0.9457193604870616,1.390223359681423,2.6637717581656335,19.717657801592328,1.0,0.007652481186052533,0.9457193604870616,1.0,2.0,0.0,True,,resolved_oscillation,1.0,562.8333333333334,11.551942330176098,0.0007253449045848913,0.9801206864422325,651.6552619837144,12.954459284543384,939.804099720545,321.3044653976979,0.6200769914124963,0.2075094423461453,2642.62434541223,66.35373588304088,4.743579810412158,0.05221209201774319,0.011006896501063953,0.3843590313263719,2.558333333333333,12.053805934811598,1.0,1.0,40.0,39.435315603184655,0.011006896501063953,0.3843590313263719
AB,oscillator_mrna_total_half_life_min,6,0.2794490958047151,0.8625034418378221,0.8867248432919269,0.4437347746393657,0.4617652819142606,0.17305191977008727,0.10061605529634232,0.12011926120459937,45.588981916094305,10.0,16.62503441837822,3.773449686583854,0.0037784375789652875,0.9617652819142606,0.6730519197700873,1.175784158562113,9.60954089636795,1.0,0.0037784375789652875,0.9617652819142606,1.0,2.0,0.0,19.2190817927359,518,45.588981916094305,10.0,16.62503441837822,3.773449686583854,0.0037784375789652875,0.9617652819142606,0.6730519197700873,1.175784158562113,9.60954089636795,1.0,0.0037784375789652875,0.9617652819142606,1.0,2.0,0.0,True,,resolved_oscillation,1.0,440.6666666666667,9.666078252804716,0.0011346444780635401,0.961022375097264,239.74213585057117,9.344579044564355,254.51804860443474,199.22443841443436,0.618608169440242,0.3285936458564763,3345.023879132002,124.33497662589916,6.205423129355365,0.02641001206549805,0.004255956687395399,0.47967118418129306,2.566666666666667,15.20772345713657,1.0,1.0,40.0,19.2190817927359,0.004255956687395399,0.47967118418129306
AB,oscillator_mrna_total_half_life_min,7,0.9184594597167923,0.49622080261620993,0.0015575791320572296,0.7098664043105585,0.9560701223241277,0.3725144238776874,0.6547970952093067,0.35699789581469954,58.369189194335846,10.0,12.962208026162099,2.0031151582641145,0.008386050723346496,1.4560701223241277,0.8725144238776874,2.8686893987406066,28.559831665175963,1.0,0.008386050723346496,1.4560701223241277,1.0,2.0,0.0,57.119663330351926,519,58.369189194335846,10.0,12.962208026162099,2.0031151582641145,0.008386050723346496,1.4560701223241277,0.8725144238776874,2.8686893987406066,28.559831665175963,1.0,0.008386050723346496,1.4560701223241277,1.0,2.0,0.0,True,,resolved_oscillation,1.0,418.8888888888889,7.176541162739639,0.004210744792145237,0.8629477513955107,178.8285329563291,24.508852556306923,321.24603848132887,92.34256033228027,0.6259416445623343,0.0,1336.9449878919763,235.50866920167186,2.3489657500365193,0.14162046996720887,0.06029056403440838,0.4481226394134637,1.9333333333333333,5.25589601596876,1.0,1.0,40.0,57.119663330351926,0.06029056403440838,0.4481226394134637
AB,oscillator_mrna_total_half_life_min,8,0.30358690650228426,0.5048124943431317,0.9217794243662824,0.25378836310641073,0.48115780150084886,0.6166769025777588,0.9671001400155134,0.37517357399106444,46.07173813004569,10.0,13.048124943431317,3.843558848732565,0.002138879278054398,0.9811578015008489,1.1166769025777588,4.74213582618855,30.013885919285155,1.0,0.002138879278054398,0.9811578015008489,1.0,2.0,0.0,60.02777183857031,520,46.07173813004569,10.0,13.048124943431317,3.843558848732565,0.002138879278054398,0.9811578015008489,1.1166769025777588,4.74213582618855,30.013885919285155,1.0,0.002138879278054398,0.9811578015008489,1.0,2.0,0.0,True,,resolved_oscillation,1.0,809.5,17.57042457818809,0.0007132183683627248,0.9972341054984405,2038.385328047747,5.637958770906875,2164.5070009350848,1649.9385797367026,0.6287831995058678,0.35992001777382804,4258.223939568246,14.47866574757461,6.78186341775786,0.015082409869873852,0.002223933002009678,0.4416796267496112,4.566666666666666,29.09937144136436,1.0,1.0,40.0,60.02777183857031,0.002223933002009678,0.4416796267496112
AB,oscillator_mrna_total_half_life_min,9,0.932509762265573,0.6848542803973867,0.545033930508929,0.7217621395502537,0.9406082623381035,0.4715857368406461,0.8514637314705688,0.8804158591471485,58.650195245311465,10.0,14.848542803973867,3.0900678610178582,0.00869028847805224,1.4406082623381034,0.9715857368406461,3.936838580520831,70.43326873177188,1.0,0.00869028847805224,1.4406082623381034,1.0,2.0,0.0,140.86653746354375,521,58.650195245311465,10.0,14.848542803973867,3.0900678610178582,0.00869028847805224,1.4406082623381034,0.9715857368406461,3.936838580520831,70.43326873177188,1.0,0.00869028847805224,1.4406082623381034,1.0,2.0,0.0,True,,resolved_oscillation,1.0,513.5,8.755299071933601,0.0010409395984904554,0.8879408979498971,165.5683774839357,18.55344370874232,759.3882543173673,59.33894463334014,0.5394352482960078,0.0,2070.155936720452,147.45854845859736,3.518791925719233,0.09593709718287391,0.02726421431220733,0.38835814263497,2.316666666666667,8.702923425683078,1.0,1.0,40.0,140.86653746354375,0.02726421431220733,0.38835814263497
AB,oscillator_mrna_total_half_life_min,10,0.5589990905755731,0.4462819689375723,0.9938149577766761,0.9015922436254239,0.8793790695616299,0.4601942566664927,0.3062416523778422,0.29314213139177814,51.17998181151146,10.0,12.462819689375724,3.9876299155533523,0.014893561147698462,1.37937906956163,0.9601942566664927,1.637019034024274,23.45137051134225,1.0,0.014893561147698462,1.37937906956163,1.0,2.0,0.0,46.9027410226845,522,51.17998181151146,10.0,12.462819689375724,3.9876299155533523,0.014893561147698462,1.37937906956163,0.9601942566664927,1.637019034024274,23.45137051134225,1.0,0.014893561147698462,1.37937906956163,1.0,2.0,0.0,True,,resolved_oscillation,1.0,464.125,9.06848700551137,0.0007617632978039833,0.9051872475450539,135.7909027660843,12.874709249594424,377.41212191448574,45.90740511028552,0.5412335039051979,0.0,2498.0867371040104,170.99197757336762,4.709520524554742,0.14836316336169064,0.03150281702524643,0.4301266385247723,2.15,10.669920986385375,1.0,1.0,40.0,46.9027410226845,0.03150281702524643,0.4301266385247723
AB,oscillator_mrna_total_half_life_min,11,0.8825503300451477,0.7833164928346555,0.6936976459779453,0.6974159517909397,0.3326584954172609,0.6616409964329848,0.8525769204732426,0.6314419665790977,57.65100660090295,10.0,15.833164928346555,3.3873952919558903,0.00807902724545485,0.8326584954172609,1.1616409964329848,3.94389817644588,50.515357326327816,1.0,0.00807902724545485,0.8326584954172609,1.0,2.0,0.0,101.03071465265563,523,57.65100660090295,10.0,15.833164928346555,3.3873952919558903,0.00807902724545485,0.8326584954172609,1.1616409964329848,3.94389817644588,50.515357326327816,1.0,0.00807902724545485,0.8326584954172609,1.0,2.0,0.0,True,,resolved_oscillation,1.0,677.2,11.746542513784894,0.0006603862898699912,0.9774260198209244,544.5760665135094,12.293249331474923,1233.242294227528,174.8532793503398,0.572947430596574,0.22750499888913575,2805.1708900449607,62.740577990645896,4.214049856892942,0.0483842487718016,0.011481650767054702,0.38635858698067094,3.2,13.192652732984985,1.0,1.0,40.0,101.03071465265563,0.011481650767054702,0.38635858698067094
AB,oscillator_mrna_total_half_life_min,12,0.4044568990688079,0.024031735423203138,0.3713608600938766,0.5394681067715948,0.3484344915921219,0.41869845356194746,0.5906802403714907,0.5957220289699944,48.089137981376155,10.0,8.240317354232031,2.7427217201877534,0.0050334318006715235,0.8484344915921219,0.9186984535619475,2.5874250008161033,47.65776231759955,1.0,0.0050334318006715235,0.8484344915921219,1.0,2.0,0.0,95.3155246351991,524,48.089137981376155,10.0,8.240317354232031,2.7427217201877534,0.005033431800671524,0.8484344915921219,0.9186984535619475,2.5874250008161033,47.65776231759955,1.0,0.0050334318006715235,0.8484344915921219,1.0,2.0,0.0,True,,resolved_oscillation,1.0,537.875,11.184958237519394,0.0006573151579702975,0.9881112309610002,443.8071909556952,5.2763211911195365,611.4891812535893,122.7315961215959,0.5940041831280503,0.2586091979560098,2678.2338302436474,55.210359964629156,4.715291035155443,0.030800658163184124,0.0065320799784246535,0.4070206620750944,2.85,12.881647493321708,1.0,1.0,40.0,95.3155246351991,0.0065320799784246535,0.4070206620750944
AB,oscillator_mrna_total_half_life_min,13,0.8397119452496339,0.26008903724763854,0.8937767146418455,0.7360853102868091,0.6297901131894204,0.3533399201315356,0.17340260889187442,0.24027480692021974,56.79423890499268,10.0,10.600890372476385,3.787553429283691,0.009071290353590626,1.1297901131894204,0.8533399201315356,1.3219140614718856,19.22198455361758,1.0,0.009071290353590626,1.1297901131894204,1.0,2.0,0.0,38.44396910723516,525,56.79423890499268,10.0,10.600890372476385,3.787553429283691,0.009071290353590626,1.1297901131894204,0.8533399201315356,1.3219140614718856,19.22198455361758,1.0,0.009071290353590626,1.1297901131894204,1.0,2.0,0.0,True,,resolved_oscillation,1.0,686.8,12.092775838565284,0.0006511554972334857,0.9835637305418578,416.17087455289106,6.8402966347820495,514.8084039892684,193.51334163605475,0.6010483401281306,0.30504332370584314,4748.299902859291,101.84229512606801,6.831638949118664,0.07366401126555877,0.01078277289157121,0.43790268829149076,3.6666666666666665,24.12444556786432,1.0,1.0,40.0,38.44396910723516,0.01078277289157121,0.43790268829149076
AB,oscillator_mrna_total_half_life_min,14,0.5050919744883469,0.29587452410599624,0.37675403278337516,0.07604663233161935,0.21428753930495725,0.20466249303767636,0.12115695723142272,0.04476630886248789,50.10183948976694,10.0,10.958745241059962,2.7535080655667503,0.0012558534116573618,0.7142875393049573,0.7046624930376764,1.2153044242211628,3.5813047089990313,1.0,0.0012558534116573618,0.7142875393049573,1.0,2.0,0.0,7.162609417998063,526,50.10183948976694,10.0,10.958745241059962,2.7535080655667503,0.0012558534116573618,0.7142875393049573,0.7046624930376764,1.2153044242211628,3.5813047089990313,1.0,0.0012558534116573618,0.7142875393049573,1.0,2.0,0.0,True,,resolved_oscillation,1.0,451.1111111111111,9.00388320479228,0.0007389162561576356,0.9622304121042484,181.3333383776528,6.848885462284823,187.67489264161227,118.86197904011637,0.6312192118226602,0.28371473005998665,2279.435994929837,107.01718366855445,4.027880642337154,0.00871300528824556,0.002163173654319084,0.4596756276383026,2.5166666666666666,9.851481345674358,1.0,1.0,40.0,7.162609417998063,0.002163173654319084,0.4596756276383026
AB,oscillator_mrna_total_half_life_min,15,0.9354066410283456,0.4956740475582503,0.6505030867783376,0.3678801652864846,0.44262136838463495,0.3567890580726589,0.3432568450670147,0.3266761862476052,58.70813282056692,10.0,12.956740475582503,3.301006173556675,0.0030103925452112375,0.942621368384635,0.8567890580726589,1.7375057019571316,26.134094899808417,1.0,0.0030103925452112375,0.942621368384635,1.0,2.0,0.0,52.268189799616835,527,58.70813282056692,10.0,12.956740475582503,3.301006173556675,0.0030103925452112375,0.942621368384635,0.8567890580726589,1.7375057019571316,26.134094899808417,1.0,0.0030103925452112375,0.942621368384635,1.0,2.0,0.0,True,,resolved_oscillation,1.0,729.2,12.420766339626171,0.000613293466127205,0.9894675426193099,618.0214620553045,6.509284709449253,647.7654612312713,417.1718306418071,0.618828853538124,0.3399244612308376,4527.945912820237,59.06492862941694,6.142218324038458,0.020413608833433468,0.003323491246402275,0.4510108864696734,4.083333333333333,23.670165421215355,1.0,1.0,40.0,52.268189799616835,0.003323491246402275,0.4510108864696734
AB,oscillator_mrna_total_half_life_min,16,0.4165039138534229,0.28577343400915445,0.19195520983891223,0.3853034399427899,0.5293155168028456,0.028087019400847124,0.7851462654148967,0.1709331898065073,48.33007827706846,10.0,10.857734340091545,2.3839104196778242,0.0031716943810267094,1.0293155168028456,0.5280870194008471,3.538292146940203,13.674655184520583,1.0,0.0031716943810267094,1.0293155168028456,1.0,2.0,0.0,27.349310369041167,528,48.33007827706846,10.0,10.857734340091545,2.3839104196778242,0.0031716943810267094,1.0293155168028456,0.5280870194008471,3.538292146940203,13.674655184520583,1.0,0.0031716943810267094,1.0293155168028456,1.0,2.0,0.0,True,,resolved_oscillation,1.0,551.2857142857143,11.406679524193676,0.0008851127896656818,0.987110280067898,503.7255874245342,6.492881744535774,581.6203056630952,265.5015668262295,0.6357864731795801,0.24838924683403688,3243.9787921050374,65.10128736292344,5.721159361255186,0.02424989102912055,0.004238632329199842,0.4112419462341702,2.75,15.248733245739405,1.0,1.0,40.0,27.349310369041167,0.004238632329199842,0.4112419462341702
AB,oscillator_mrna_total_half_life_min,17,0.5474959190386707,0.32786926200840927,0.12153798541605187,0.8674324012996638,0.7705241825193797,0.8212992686047814,0.4546634412779692,0.17215494341127735,50.94991838077341,10.0,11.278692620084094,2.2430759708321037,0.013444837988443942,1.2705241825193796,1.3212992686047813,2.0787205407156915,13.772395472902188,1.0,0.013444837988443942,1.2705241825193796,1.0,2.0,0.0,27.544790945804376,529,50.94991838077341,10.0,11.278692620084094,2.2430759708321037,0.013444837988443942,1.2705241825193796,1.3212992686047813,2.0787205407156915,13.772395472902188,1.0,0.013444837988443942,1.2705241825193796,1.0,2.0,0.0,True,,resolved_oscillation,1.0,320.0833333333333,6.282312975286743,0.006025467098106164,0.4344159181547462,66.30436468691553,37.500693223781994,113.71271708280554,47.86491398539441,0.6617026815933351,0.0,430.868145319372,263.53342157603447,0.6922191256047256,0.28925290129089004,0.41786320341582217,0.15241057542768274,,2.389724963871034,1.0,1.0,40.0,27.544790945804376,0.41786320341582217,0.15241057542768274
AB,oscillator_mrna_total_half_life_min,18,0.2557492081993019,0.011841787648559254,0.9901753778860107,0.5100265748839851,0.24386234796739392,0.9723548965289336,0.29985948407586593,0.07398357953597556,45.11498416398604,10.0,8.118417876485593,3.9803507557720215,0.004608502978467939,0.7438623479673939,1.4723548965289335,1.6202901239610275,5.918686362878045,1.0,0.004608502978467939,0.7438623479673939,1.0,2.0,0.0,11.83737272575609,530,45.11498416398604,10.0,8.118417876485593,3.9803507557720215,0.004608502978467939,0.7438623479673939,1.4723548965289335,1.6202901239610275,5.918686362878045,1.0,0.004608502978467943,0.7438623479673939,1.0,2.0,0.0,True,,resolved_oscillation,1.0,669.3333333333334,14.83616465209008,0.0007715106267345452,0.9931578729405863,619.3514145044167,4.237681072466764,674.3396608556282,440.5046642958182,0.6215139442231076,0.30171073094867806,2941.2423175594063,25.030336371303072,4.97290665655527,0.02463771131922461,0.004954388453430401,0.3856920684292379,3.7,17.345988047166223,1.0,1.0,40.0,11.83737272575609,0.004954388453430401,0.3856920684292379
AB,oscillator_mrna_total_half_life_min,19,0.9255513500073052,0.7189310719243752,0.3595363148666204,0.008470141514244522,0.614501749387959,0.9187699952713662,0.5596588598124299,0.6859534039173187,58.5110270001461,10.0,15.189310719243753,2.719072629733241,0.0010256989434931972,1.114501749387959,1.4187699952713662,2.461414505702241,54.8762723133855,1.0,0.0010256989434931972,1.114501749387959,1.0,2.0,0.0,109.752544626771,531,58.5110270001461,10.0,15.189310719243753,2.719072629733241,0.0010256989434931972,1.114501749387959,1.4187699952713662,2.461414505702241,54.8762723133855,1.0,0.0010256989434931972,1.114501749387959,1.0,2.0,0.0,True,,resolved_oscillation,1.0,827.0,14.134087921545712,0.0,0.9962516970047084,1738.7417411062681,6.5173308762270326,1831.2102966634118,1057.94532790012,0.6290205562273277,0.3405909797822706,5457.848645843058,31.60558560543083,7.280004224796242,0.008235944412816982,0.0011313103891842171,0.45478782492779385,4.45,30.448805469460062,1.0,1.0,40.0,109.752544626771,0.0011313103891842171,0.45478782492779385
AB,oscillator_mrna_total_half_life_min,20,0.0013435690855783111,0.46494735339945903,0.7029286016979912,0.6847519706450776,0.45656378171454903,0.066410428609471,0.06584243989361571,0.5455612958419926,40.026871381711565,10.0,12.649473533994591,3.4058572033959824,0.007778267117499566,0.956563781714549,0.566410428609471,1.1117877652361088,43.644903667359415,1.0,0.007778267117499566,0.956563781714549,1.0,2.0,0.0,87.28980733471883,532,40.026871381711565,10.0,12.649473533994591,3.4058572033959824,0.007778267117499566,0.956563781714549,0.566410428609471,1.1117877652361088,43.644903667359415,1.0,0.007778267117499566,0.956563781714549,1.0,2.0,0.0,True,,resolved_oscillation,1.0,287.35714285714283,7.179105759148526,0.0017304082061605412,0.8760436645717822,81.47304929127836,10.09910062630942,123.48210928592056,43.56706903319702,0.5602783992045738,0.28438124861141967,2038.886446387945,245.0460324681071,4.704513526469622,0.06553086330366827,0.013929360163375738,0.5883137080648745,1.8666666666666667,8.7681262051853,1.0,1.0,40.0,87.28980733471883,0.013929360163375738,0.5883137080648745
AB,oscillator_mrna_total_half_life_min,21,0.07885095553436716,0.31896266985311017,0.43766206874156466,0.49990424355663865,0.7169457026455673,0.4357792480321784,0.4061747243651417,0.8802543008467651,41.577019110687345,10.0,11.189626698531102,2.8753241374831293,0.0044708532590794344,1.2169457026455675,0.9357792480321784,1.9226664535413691,70.42034406774121,1.0,0.0044708532590794344,1.2169457026455675,1.0,2.0,0.0,140.84068813548242,533,41.577019110687345,10.0,11.189626698531102,2.8753241374831293,0.0044708532590794344,1.2169457026455675,0.9357792480321784,1.9226664535413691,70.42034406774121,1.0,0.0044708532590794344,1.2169457026455675,1.0,2.0,0.0,True,,resolved_oscillation,1.0,453.44444444444446,10.906131659830487,0.0011623171992777672,0.9868098244807051,511.4281295689004,6.745826794518506,609.7353373249537,166.23545037458763,0.5937882871845136,0.2921572983781382,3526.590995262972,79.25976745780999,7.094147443814645,0.039249927364756645,0.005532719424795502,0.4521217507220618,2.55,17.189173842394062,1.0,1.0,40.0,140.84068813548242,0.005532719424795502,0.4521217507220618
AB,oscillator_mrna_total_half_life_min,22,0.8675713022377077,0.6969107328092301,0.6335471684261575,0.5509199571228793,0.8481709139021257,0.3486284427256984,0.088420945524749,0.08487242491476177,57.351426044754156,10.0,14.969107328092301,3.267094336852315,0.005209108332360569,1.3481709139021256,0.8486284427256984,1.1529317221617459,6.7897939931809415,1.0,0.005209108332360569,1.3481709139021256,1.0,2.0,0.0,13.579587986361883,534,57.351426044754156,10.0,14.969107328092301,3.267094336852315,0.005209108332360569,1.3481709139021256,0.8486284427256984,1.1529317221617459,6.7897939931809415,1.0,0.005209108332360569,1.3481709139021256,1.0,2.0,0.0,True,,resolved_oscillation,1.0,682.1666666666666,11.894502259356868,0.0005984582806702122,0.9844941079325442,535.6522878011161,8.30576656032981,554.4002665134902,393.57298421941,0.6351087222086489,0.2852699400133304,5895.01759408827,109.33847471242038,8.459121315850334,0.050553379314533436,0.005976197459162657,0.4232392801599644,3.533333333333333,28.766352657169598,1.0,1.0,40.0,13.579587986361883,0.005976197459162657,0.4232392801599644
AB,oscillator_mrna_total_half_life_min,23,0.8783796245132314,0.3287124873925278,0.08087632777524123,0.428318534017873,0.25608481486483725,0.8729212352329343,0.7669995719725586,0.12612542097333246,57.56759249026463,10.0,11.287124873925277,2.1617526555504822,0.0036079063863084983,0.7560848148648373,1.3729212352329343,3.436447347635063,10.090033677866597,1.0,0.0036079063863084983,0.7560848148648373,1.0,2.0,0.0,20.180067355733193,535,57.56759249026463,10.0,11.287124873925277,2.1617526555504822,0.0036079063863084983,0.7560848148648373,1.3729212352329343,3.436447347635063,10.090033677866597,1.0,0.0036079063863084983,0.7560848148648373,1.0,2.0,0.0,True,,resolved_oscillation,1.0,617.6666666666666,10.729416325185415,0.0008360460542271814,0.9817268543776717,562.94678313498,10.286808545846688,824.9144745273617,262.21427265586476,0.6314085267134377,0.09731170850922018,1822.3138024717884,48.38925192257127,2.995086675604346,0.02076309781457353,0.006932386292421394,0.3203732503888025,2.4583333333333335,7.49820155945896,1.0,1.0,40.0,20.180067355733193,0.006932386292421394,0.3203732503888025
AB,oscillator_mrna_total_half_life_min,24,0.39314986885056447,0.3402603413700579,0.283665563286857,0.32617748054883455,0.526312222726394,0.13956516709130617,0.33057227988794047,0.31633641727601725,47.86299737701129,10.0,11.402603413700579,2.567331126573714,0.002656847860839996,1.026312222726394,0.6395651670913062,1.7023941095125257,25.30691338208138,1.0,0.002656847860839996,1.026312222726394,1.0,2.0,0.0,50.61382676416276,536,47.86299737701129,10.0,11.402603413700579,2.567331126573714,0.002656847860839996,1.026312222726394,0.6395651670913062,1.7023941095125257,25.30691338208138,1.0,0.002656847860839996,1.026312222726394,1.0,2.0,0.0,True,,resolved_oscillation,1.0,460.6666666666667,9.624693226754035,0.0010853835021707669,0.9762290882945239,301.21752859353586,7.160215276338657,325.5023879071754,145.49935857082122,0.6219247467438495,0.2812708287047323,3110.5367798180046,112.60777092452193,5.662444019196453,0.021246281546451532,0.0037521397958944504,0.4603421461897356,2.55,13.940836722377552,1.0,1.0,40.0,50.61382676416276,0.0037521397958944504,0.4603421461897356
AB,oscillator_mrna_total_half_life_min,25,0.07041119244804428,0.332130848458681,0.47799425521871675,0.9860244128897545,0.32422163560981,0.23806648353124005,0.5805965225282806,0.31793519788627744,41.40822384896089,10.0,11.32130848458681,2.9559885104374333,0.019179944123959267,0.82422163560981,0.73806648353124,2.545772283339466,25.434815830902195,1.0,0.019179944123959267,0.82422163560981,1.0,2.0,0.0,50.86963166180439,537,41.40822384896089,10.0,11.32130848458681,2.9559885104374333,0.019179944123959267,0.82422163560981,0.73806648353124,2.545772283339466,25.434815830902195,1.0,0.019179944123959274,0.82422163560981,1.0,2.0,0.0,True,,resolved_oscillation,1.0,337.3333333333333,8.146529891351486,0.001459582896988135,0.8909104663638862,107.80254866998014,11.760129759192589,225.68418655148798,42.287656381313155,0.5847332015810277,0.0,1250.8889023975555,140.10344398224947,2.8511899733417354,0.12106257445209614,0.04246036763036341,0.4714507887136192,1.8,5.546494800890127,1.0,1.0,40.0,50.86963166180439,0.04246036763036341,0.4714507887136192
AB,oscillator_mrna_total_half_life_min,26,0.5453222821228122,0.15880740001429594,0.7315526222870028,0.9819235271006114,0.44424563520368043,0.8995501600465765,0.38752401195551645,0.8733172195768184,50.90644564245625,10.0,9.58807400014296,3.4631052445740056,0.018945756978259655,0.9442456352036804,1.3995501600465765,1.8658110479476975,69.86537756614547,1.0,0.018945756978259655,0.9442456352036804,1.0,2.0,0.0,139.73075513229094,538,50.90644564245625,10.0,9.58807400014296,3.4631052445740056,0.018945756978259655,0.9442456352036804,1.3995501600465765,1.8658110479476975,69.86537756614547,1.0,0.018945756978259655,0.9442456352036804,1.0,2.0,0.0,True,,steady_state,0.0,,,,,8.214921701475676,8.214919091649058,800.4596291350224,23.78103975451851,,1.0,3190.0859959915065,3190.0749562761916,4.327669658865316,4.3276678881870785,0.9999995908471816,1.0,,,1.0,1.0,40.0,139.73075513229094,,
AB,oscillator_mrna_total_half_life_min,27,0.5842061138530887,0.17478857874816356,0.6751111745047766,0.21103105998534566,0.47372262078119953,0.27706809452061376,0.7601715237004689,0.20941401680263994,51.684122277061775,10.0,9.747885787481636,3.3502223490095533,0.001881731864134484,0.9737226207811995,0.7770680945206138,3.398889872424623,16.753121344211195,1.0,0.001881731864134484,0.9737226207811995,1.0,2.0,0.0,33.50624268842239,539,51.684122277061775,10.0,9.747885787481636,3.3502223490095533,0.001881731864134484,0.9737226207811995,0.7770680945206138,3.398889872424623,16.753121344211195,1.0,0.001881731864134484,0.9737226207811995,1.0,2.0,0.0,True,,resolved_oscillation,1.0,806.0,15.594731311858139,0.0,0.9962814361678118,1102.1140487784126,4.098281440733872,1153.3062614126795,844.8370886503764,0.6290322580645161,0.34947789380137745,4546.57294160389,21.01249664165302,6.633940826319166,0.013169471919642597,0.001985165720410814,0.4450122195067763,4.475,27.854733908282615,1.0,1.0,40.0,33.50624268842239,0.001985165720410814,0.4450122195067763
AB,oscillator_mrna_total_half_life_min,28,0.5150252250115483,0.5671990511643153,0.9824233046384001,0.9901042993929583,0.8684331197247117,0.5459952500686578,0.7896283595376765,0.610060609924768,50.30050450023097,10.0,13.671990511643154,3.9648466092768,0.01941580458771451,1.3684331197247117,1.0459952500686578,3.5639084383257056,48.804848793981435,1.0,0.01941580458771451,1.3684331197247117,1.0,2.0,0.0,97.60969758796287,540,50.30050450023097,10.0,13.671990511643154,3.9648466092768,0.01941580458771451,1.3684331197247117,1.0459952500686578,3.5639084383257056,48.804848793981435,1.0,0.019415804587714518,1.3684331197247117,1.0,2.0,0.0,True,,steady_state,0.0,,,,,12.108913762633653,12.108913111797799,1604.9787006743861,49.820456208123765,,1.0,4480.557929345413,4480.55486457616,6.151560580969651,6.151560076849757,0.9999999180500805,1.0,,,1.0,1.0,40.0,97.60969758796287,,
AB,oscillator_mrna_total_half_life_min,29,0.04945339346089217,0.09762210073206024,0.7021926793540646,0.5344320235740077,0.12301565154377614,0.43951840096355876,0.2705632930731807,0.8026172127841293,40.98906786921784,10.0,8.976221007320602,3.4043853587081294,0.0049580635987980255,0.6230156515437761,0.9395184009635588,1.5456659013203946,64.20937702273035,1.0,0.0049580635987980255,0.6230156515437761,1.0,2.0,0.0,128.4187540454607,541,40.98906786921784,10.0,8.976221007320602,3.4043853587081294,0.0049580635987980255,0.6230156515437761,0.9395184009635588,1.5456659013203946,64.20937702273035,1.0,0.0049580635987980255,0.6230156515437761,1.0,2.0,0.0,True,,resolved_oscillation,1.0,366.6363636363636,8.944735332995993,0.0013760909422773724,0.9614018609627472,163.17539569201483,6.298266610379137,224.80672632616293,57.25700717887617,0.5482271262087776,0.29415685403243724,1610.3783230535976,76.90063541648051,3.4478824598278583,0.02243062203194722,0.006505622593952089,0.477671628526994,2.216666666666667,7.32115597452011,1.0,1.0,40.0,128.4187540454607,0.006505622593952089,0.477671628526994
AB,oscillator_mrna_total_half_life_min,30,0.23529284243979742,0.8407494147148626,0.1627078196361389,0.18400605895795552,0.9153118394219858,0.6622785865219342,0.6528716408859221,0.761506421166632,44.705856848795946,10.0,16.407494147148626,2.325415639272278,0.001735391244881489,1.4153118394219857,1.1622785865219343,2.859813379543409,60.92051369333056,1.0,0.001735391244881489,1.4153118394219857,1.0,2.0,0.0,121.84102738666112,542,44.705856848795946,10.0,16.407494147148626,2.325415639272278,0.001735391244881489,1.4153118394219857,1.1622785865219343,2.859813379543409,60.92051369333056,1.0,0.001735391244881489,1.4153118394219857,1.0,2.0,0.0,True,,resolved_oscillation,1.0,543.1428571428571,12.149255051298395,0.0006958840902326646,0.9929135199136421,1239.6837407184657,8.784994141983242,1415.6237428273587,559.1964418209927,0.6315097317201473,0.2643856920684292,4435.2905154250975,56.9577549833327,8.242493843082602,0.01808831102850599,0.0021945192041224696,0.4243501444123528,2.7666666666666666,21.745484063953125,1.0,1.0,40.0,121.84102738666112,0.0021945192041224696,0.4243501444123528
AB,oscillator_mrna_total_half_life_min,31,0.3961908178200533,0.5858255229716866,0.8827516093406286,0.1975083502442333,0.42790177911939253,0.8533965863188613,0.2592700036940565,0.9537836951071544,47.92381635640106,10.0,13.858255229716866,3.765503218681257,0.0018070255285962528,0.9279017791193925,1.3533965863188613,1.5178258870806183,76.30269560857235,1.0,0.0018070255285962528,0.9279017791193925,1.0,2.0,0.0,152.6053912171447,543,47.92381635640106,10.0,13.858255229716866,3.765503218681257,0.0018070255285962528,0.9279017791193925,1.3533965863188613,1.5178258870806185,76.30269560857235,1.0,0.0018070255285962528,0.9279017791193925,1.0,2.0,0.0,True,,resolved_oscillation,1.0,590.1428571428571,12.314187433531329,0.0006404626751548271,0.989436503604004,662.2772802900697,6.9959636634941615,748.8213585004107,417.67163099067415,0.5850278382958123,0.33970228838035993,3792.8214829939093,45.5830236718292,6.1955863866625345,0.01205383645060497,0.001945552155733589,0.4487891579648967,3.55,20.608153043187897,1.0,1.0,40.0,152.6053912171447,0.001945552155733589,0.4487891579648967
AB,oscillator_mrna_total_half_life_min,32,0.45544406973220386,0.8413148429729738,0.5906917281865809,0.2627126403874821,0.6550826693183404,0.7769402083886271,0.3746404967574479,0.30569927964458465,49.10888139464408,10.0,16.413148429729738,3.1813834563731618,0.00219683290709738,1.1550826693183405,1.276940208388627,1.8275213935214842,24.45594237156677,1.0,0.00219683290709738,1.1550826693183405,1.0,2.0,0.0,48.91188474313354,544,49.10888139464408,10.0,16.413148429729738,3.1813834563731618,0.00219683290709738,1.1550826693183405,1.276940208388627,1.8275213935214842,24.45594237156677,1.0,0.00219683290709738,1.1550826693183405,1.0,2.0,0.0,True,,resolved_oscillation,1.0,662.8333333333334,13.497219128384044,0.0006159139408557149,0.9927480480597204,1042.5614354671163,7.560605424796421,1072.1187545178193,789.371465125576,0.6313804375157153,0.2892690513219285,4780.756025197873,41.48549422988407,7.651244527909565,0.018252317426359778,0.002385535759546112,0.40435458786936235,3.566666666666667,25.76196946282896,1.0,1.0,40.0,48.91188474313354,0.002385535759546112,0.40435458786936235
AB,oscillator_mrna_total_half_life_min,33,0.9227593837099817,0.2542365218699282,0.11984868902090784,0.21289201770014698,0.2844369626022776,0.215498302700181,0.16063485842371594,0.8553785018010519,58.455187674199635,10.0,10.542365218699281,2.2396973780418157,0.0018922516859940209,0.7844369626022776,0.715498302700181,1.2950273714793359,68.43028014408415,1.0,0.0018922516859940209,0.7844369626022776,1.0,2.0,0.0,136.8605602881683,545,58.455187674199635,10.0,10.542365218699281,2.2396973780418157,0.0018922516859940209,0.7844369626022776,0.715498302700181,1.2950273714793359,68.43028014408415,1.0,0.0018922516859940209,0.7844369626022776,1.0,2.0,0.0,True,,resolved_oscillation,1.0,397.7,6.803502235192255,0.001214598671208569,0.9186765555570573,119.96574408979296,9.756027524542555,169.10323371566196,36.30948364859109,0.6064873019864219,0.1510775383248167,1898.5595949170256,252.05270741000703,3.065483654917692,0.03488495058019663,0.01137991733351235,0.5483225949788936,2.55,7.765652828028229,1.0,1.0,40.0,136.8605602881683,0.01137991733351235,0.5483225949788936
AB,oscillator_mrna_total_half_life_min,34,0.07950435043954462,0.9662316694526888,0.37274283035622435,0.1750304734321343,0.9875008646722722,0.4630627884669968,0.7921451734282049,0.5292730561158066,41.590087008790896,10.0,17.662316694526886,2.7454856607124487,0.0016893510111593599,1.4875008646722723,0.9630627884669968,3.578373881820831,42.341844489264524,1.0,0.0016893510111593599,1.4875008646722723,1.0,2.0,0.0,84.68368897852905,546,41.590087008790896,10.0,17.662316694526886,2.7454856607124487,0.0016893510111593599,1.4875008646722723,0.9630627884669968,3.578373881820831,42.341844489264524,1.0,0.0016893510111593599,1.4875008646722723,1.0,2.0,0.0,True,,resolved_oscillation,1.0,589.5,14.174050654796597,0.000929130716717839,0.9951332588310126,1592.5798478981446,7.750673910665732,1702.9680690226837,1073.921058348104,0.635284139100933,0.3105976449677849,5148.579991111376,35.57198841294718,9.680227563851245,0.018106059379456144,0.0018704167087010826,0.43101532992668296,3.1333333333333333,28.678135424482075,1.0,1.0,40.0,84.68368897852905,0.0018704167087010826,0.43101532992668296
AB,oscillator_mrna_total_half_life_min,35,0.6334398631188464,0.44530082088652956,0.9710384632196135,0.6253248415770387,0.2880167805261743,0.12196760263835515,0.62528081979759,0.8441290579269647,52.66879726237693,10.0,12.453008208865295,3.942076926439227,0.006509780962671258,0.7880167805261743,0.6219676026383552,2.735599636324743,67.53032463415718,1.0,0.006509780962671258,0.7880167805261743,1.0,2.0,0.0,135.06064926831436,547,52.66879726237693,10.0,12.453008208865295,3.942076926439227,0.006509780962671259,0.7880167805261743,0.6219676026383552,2.735599636324743,67.53032463415718,1.0,0.006509780962671258,0.7880167805261743,1.0,2.0,0.0,True,,resolved_oscillation,1.0,617.6666666666666,11.727373677999031,0.0008360460542271811,0.9837571000716548,450.1104113496481,7.3110983682586195,543.4333589427704,211.69691173677347,0.5773340528872101,0.328149300155521,3325.080977934818,68.18156509436776,5.0478807613711965,0.036871823490266464,0.0073044164934376685,0.4525660964230171,3.683333333333333,17.64537012561519,1.0,1.0,40.0,135.06064926831436,0.0073044164934376685,0.4525660964230171
AB,oscillator_mrna_total_half_life_min,36,0.6761306877039921,0.05417488428145534,0.12327418220657027,0.9714779234866264,0.28757541677892484,0.6833932859140744,0.9547223728797435,0.42248977462753035,53.52261375407984,10.0,8.541748842814552,2.2465483644131403,0.018362081834339,0.7875754167789248,1.1833932859140743,4.648601319103264,33.799181970202426,1.0,0.018362081834339,0.7875754167789248,1.0,2.0,0.0,67.59836394040485,548,53.52261375407984,10.0,8.541748842814552,2.2465483644131403,0.018362081834339,0.7875754167789248,1.1833932859140743,4.648601319103264,33.799181970202426,1.0,0.018362081834339006,0.7875754167789248,1.0,2.0,0.0,True,,steady_state,0.0,,,,,15.815381320251786,15.815359610530182,498.711602204156,42.82470060335029,,0.0,943.4462274620793,943.4306202513226,1.217323006413523,1.217320094994697,0.9999976083432165,1.0,,,1.0,1.0,40.0,67.59836394040485,,
AB,oscillator_mrna_total_half_life_min,37,0.9942080218192769,0.6593242047859554,0.2048195830433457,0.11408570344483138,0.7692102833324719,0.24995871660714786,0.1599217123837603,0.5441891502418968,59.88416043638554,10.0,14.593242047859555,2.4096391660866914,0.0014074368648072306,1.2692102833324719,0.7499587166071479,1.2935418380129524,43.53513201935175,1.0,0.0014074368648072306,1.2692102833324719,1.0,2.0,0.0,87.0702640387035,549,59.88416043638554,10.0,14.593242047859555,2.4096391660866914,0.0014074368648072306,1.2692102833324719,0.7499587166071479,1.2935418380129524,43.53513201935175,1.0,0.0014074368648072306,1.2692102833324719,1.0,2.0,0.0,True,,resolved_oscillation,1.0,546.0,9.117602985851516,0.0,0.9748903161333454,388.61138436514204,9.757909008391696,413.64985523843956,168.58413217466278,0.6245421245421245,0.25105532103976896,4435.988915280344,182.81057786717494,6.614301649207384,0.016191388124477502,0.0024479361515690437,0.45856476338591423,2.9833333333333334,19.08469026041572,1.0,1.0,40.0,87.0702640387035,0.0024479361515690437,0.45856476338591423
AB,oscillator_mrna_total_half_life_min,38,0.4452386990402637,0.45484334849897157,0.3778401004807026,0.5335265915484285,0.7580538097473309,0.7955874573466426,0.8123640919183479,0.4984037620752796,48.904773980805274,10.0,12.548433484989715,2.755680200961405,0.004944633411198485,1.2580538097473308,1.2955874573466426,3.696733412579597,39.872300966022365,1.0,0.004944633411198485,1.2580538097473308,1.0,2.0,0.0,79.74460193204473,550,48.904773980805274,10.0,12.548433484989715,2.755680200961405,0.004944633411198485,1.2580538097473308,1.2955874573466426,3.696733412579597,39.872300966022365,1.0,0.00494463341119849,1.2580538097473308,1.0,2.0,0.0,True,,resolved_oscillation,1.0,594.8571428571429,12.163580248640336,0.0006353869623113809,0.9862526068808528,697.5295818075714,9.58921337334296,1575.737904744408,233.6228619790051,0.5913184438040345,0.179293490335481,3429.7008022494165,55.01105692583373,6.1340333029582075,0.04484729485891026,0.007311224547359751,0.3470339924461231,2.6166666666666667,15.67490842068992,1.0,1.0,40.0,79.74460193204473,0.007311224547359751,0.3470339924461231
AB,oscillator_mrna_total_half_life_min,39,0.6660332596561213,0.9549278270831529,0.6069990404660162,0.752066943141399,0.9605213971708908,0.4830470007968839,0.9423226135772548,0.5658874191471764,53.32066519312242,10.0,17.54927827083153,3.2139980809320323,0.009516158166760644,1.4605213971708908,0.9830470007968839,4.556750409707966,45.27099353177412,1.0,0.009516158166760644,1.4605213971708908,1.0,2.0,0.0,90.54198706354823,551,53.32066519312242,10.0,17.54927827083153,3.2139980809320323,0.009516158166760644,1.4605213971708908,0.9830470007968839,4.556750409707966,45.27099353177412,1.0,0.009516158166760644,1.4605213971708908,1.0,2.0,0.0,True,,resolved_oscillation,1.0,502.875,9.43114640784458,0.0007030641622535895,0.8988240391559547,209.25177329676106,21.171249221620133,865.6469517068493,86.39012017429663,0.5484464330101915,0.0,2018.5147342997461,125.05464677429553,3.772229088449996,0.10350033639235764,0.027437447187197688,0.3788047100644301,2.066666666666667,8.450365701981996,1.0,1.0,40.0,90.54198706354823,0.027437447187197688,0.3788047100644301
AB,oscillator_mrna_total_half_life_min,40,0.07938517308078696,0.022029308983154694,0.46089644750850756,0.321935567576238,0.7521861907367888,0.6828149072520601,0.5696106995719685,0.6518343044389883,41.58770346161574,10.0,8.220293089831546,2.921792895017015,0.002623299219812042,1.2521861907367888,1.1828149072520602,2.5011560755824767,52.14674435511906,1.0,0.002623299219812042,1.2521861907367888,1.0,2.0,0.0,104.29348871023812,552,41.58770346161574,10.0,8.220293089831546,2.921792895017015,0.002623299219812042,1.2521861907367888,1.1828149072520602,2.5011560755824767,52.14674435511906,1.0,0.002623299219812042,1.2521861907367888,1.0,2.0,0.0,True,,resolved_oscillation,1.0,579.7142857142857,13.939559953084338,0.0008417078007195333,0.9957949337265428,968.0459451021912,4.070697354906168,1203.9579483218351,363.30671989536404,0.6054706752094628,0.3203732503888025,4236.41419256941,31.92595398183845,7.976106528663345,0.023616127981052587,0.002960859148029739,0.43257053988002664,3.183333333333333,23.845836906066705,1.0,1.0,40.0,104.29348871023812,0.002960859148029739,0.43257053988002664
AB,oscillator_mrna_total_half_life_min,41,0.9815064036168787,0.6484862657754508,0.8948493318150219,0.4999552130251841,0.7789299613558915,0.5872141849970318,0.5460994556731844,0.899810359527491,59.63012807233757,10.0,14.484862657754508,3.789698663630044,0.004471535969726869,1.2789299613558915,1.0872141849970318,2.408280886641182,71.98482876219929,1.0,0.004471535969726869,1.2789299613558915,1.0,2.0,0.0,143.96965752439857,553,59.63012807233757,10.0,14.484862657754508,3.789698663630044,0.004471535969726869,1.2789299613558915,1.0872141849970318,2.408280886641182,71.98482876219929,1.0,0.004471535969726869,1.2789299613558915,1.0,2.0,0.0,True,,resolved_oscillation,1.0,858.75,14.401277135582312,0.0005822416302765648,0.993828010116347,1289.0097188218706,7.955754944498893,1621.190003270443,582.35665495063,0.5991266375545852,0.3059320151077538,6444.33058637283,56.78007184861937,8.334222449985443,0.04110099620569455,0.004931593373268594,0.41790713174850036,4.783333333333333,37.57488902691401,1.0,1.0,40.0,143.96965752439857,0.004931593373268594,0.41790713174850036
AB,oscillator_mrna_total_half_life_min,42,0.2634626562834709,0.9747032019221333,0.7824072395318442,0.7109816588766164,0.952904028663561,0.31261461683648606,0.2974351594006245,0.5177094697691266,45.269253125669415,10.0,17.747032019221333,3.5648144790636884,0.008414115409178519,1.452904028663561,0.8126146168364861,1.6139803935416235,41.41675758153013,1.0,0.008414115409178519,1.452904028663561,1.0,2.0,0.0,82.83351516306026,554,45.269253125669415,10.0,17.747032019221333,3.5648144790636884,0.008414115409178519,1.452904028663561,0.8126146168364861,1.6139803935416235,41.41675758153013,1.0,0.008414115409178519,1.452904028663561,1.0,2.0,0.0,True,,resolved_oscillation,1.0,516.7142857142857,11.414243665117786,0.0009443323901907289,0.9806607771347995,555.1773329012931,10.736698170685658,624.116766546375,308.72447810222116,0.6084600497649987,0.3199289046878471,4951.087698053893,123.80857917566071,8.958383785940145,0.08790832948916212,0.009812967560859698,0.4745612086203066,2.8833333333333333,24.836041461178365,1.0,1.0,40.0,82.83351516306026,0.009812967560859698,0.4745612086203066
AB,oscillator_mrna_total_half_life_min,43,0.11902604624430946,0.7238209620991736,0.5130660887379298,0.037791826390061733,0.20526307490198326,0.9864411902014837,0.256509519573614,0.8698764918089886,42.38052092488619,10.0,15.238209620991736,3.0261321774758594,0.0011198717770689508,0.7052630749019833,1.4864411902014836,1.511097405843143,69.59011934471908,1.0,0.0011198717770689508,0.7052630749019833,1.0,2.0,0.0,139.18023868943817,555,42.38052092488619,10.0,15.238209620991736,3.0261321774758594,0.0011198717770689508,0.7052630749019833,1.4864411902014836,1.511097405843143,69.59011934471908,1.0,0.0011198717770689508,0.7052630749019833,1.0,2.0,0.0,True,,resolved_oscillation,1.0,424.2,10.009315382220946,0.0009939580890046768,0.9786545557681176,410.80570983232343,8.768830369364773,464.37821062459284,208.9222690437889,0.5922913719943423,0.3045989780048878,2150.7442015297142,60.980464537982634,4.265375641078917,0.0059141361913982605,0.0013865452164260716,0.44834481226394135,2.5166666666666666,10.147670033461418,1.0,1.0,40.0,139.18023868943817,0.0013865452164260716,0.44834481226394135
AB,oscillator_mrna_total_half_life_min,44,0.5856463892471487,0.31809303652452925,0.05540641720968964,0.35037645481237045,0.920254666357244,0.26509542561439037,0.43099992654470154,0.5024287034658289,51.71292778494298,10.0,11.180930365245292,2.110812834419379,0.0028566055621725706,1.420254666357244,0.7650954256143904,2.001041153861146,40.19429627726631,1.0,0.0028566055621725706,1.420254666357244,1.0,2.0,0.0,80.38859255453262,556,51.71292778494298,10.0,11.180930365245292,2.110812834419379,0.0028566055621725706,1.420254666357244,0.7650954256143904,2.001041153861146,40.19429627726631,1.0,0.0028566055621725706,1.420254666357244,1.0,2.0,0.0,True,,resolved_oscillation,1.0,490.75,9.489890072379339,0.0009432706059832414,0.9807526482382055,440.8398207912751,8.484999101376108,545.7023752329796,152.52602319320252,0.6276107997962302,0.1950677627193957,3709.400262989894,135.86951498510751,6.554745191152799,0.0335219164009714,0.0051141448558850566,0.4427904910019996,2.441666666666667,15.687095435925269,1.0,1.0,40.0,80.38859255453262,0.0051141448558850566,0.4427904910019996
AB,oscillator_mrna_total_half_life_min,45,0.5735089914149888,0.2349033339983554,0.05175284264692048,0.5805394677833117,0.9703789917660842,0.9217209976436966,0.06365939737963755,0.4085949628878395,51.47017982829978,10.0,10.349033339983553,2.103505685293841,0.0056924504797607675,1.470378991766084,1.4217209976436966,1.107888384927033,32.68759703102716,1.0,0.0056924504797607675,1.470378991766084,1.0,2.0,0.0,65.37519406205432,557,51.47017982829978,10.0,10.349033339983553,2.103505685293841,0.0056924504797607675,1.470378991766084,1.4217209976436966,1.107888384927033,32.68759703102716,1.0,0.005692450479760773,1.470378991766084,1.0,2.0,0.0,True,,resolved_oscillation,1.0,420.9,8.177550601223606,0.0013486486391008474,0.9582080750726397,263.0346871852929,10.992725900139453,392.71070910113934,89.04594220200377,0.6189118555476361,0.0,2592.761849676446,180.6979786307027,4.974850302852707,0.07180259779971254,0.01443311726556658,0.4312375027771606,1.9833333333333334,10.099329128103841,1.0,1.0,40.0,65.37519406205432,0.01443311726556658,0.4312375027771606
AB,oscillator_mrna_total_half_life_min,46,0.9964774922142574,0.7068669270486545,0.375212687785102,0.3997873384363825,0.13524852246151498,0.06723370737678591,0.04330771889028384,0.3768147788965731,59.92954984428515,10.0,15.068669270486545,2.750425375570204,0.003312343127026481,0.635248522461515,0.5672337073767859,1.0721876400410233,30.145182311725847,1.0,0.003312343127026481,0.635248522461515,1.0,2.0,0.0,60.290364623451694,558,59.92954984428515,10.0,15.068669270486545,2.750425375570204,0.003312343127026481,0.635248522461515,0.5672337073767859,1.0721876400410233,30.145182311725847,1.0,0.003312343127026481,0.635248522461515,1.0,2.0,0.0,True,,resolved_oscillation,1.0,382.0,6.374150998840305,0.0,0.8243094589376149,74.71466920203622,13.126660657402866,102.09829909856091,42.43656220166122,0.6073298429319371,0.21106420795378805,1746.3556892262059,337.37114772829074,2.714841915072837,0.07028618813117474,0.02588960622014303,0.5758720284381249,2.6,7.288704964688747,1.0,1.0,40.0,60.290364623451694,0.02588960622014303,0.5758720284381249
AB,oscillator_mrna_total_half_life_min,47,0.36135447392295206,0.6878005187327936,0.4760701006722087,0.3537843335240982,0.035015686851467165,0.6317049050261032,0.921882303225169,0.07781224274133436,47.22708947845904,10.0,14.878005187327936,2.9521402013444176,0.002885918285406689,0.5350156868514672,1.1317049050261032,4.409284051200947,6.224979419306749,1.0,0.002885918285406689,0.5350156868514672,1.0,2.0,0.0,12.449958838613497,559,47.22708947845904,10.0,14.878005187327936,2.9521402013444176,0.002885918285406689,0.5350156868514672,1.1317049050261032,4.409284051200947,6.224979419306749,1.0,0.002885918285406689,0.5350156868514672,1.0,2.0,0.0,True,,resolved_oscillation,1.0,659.8333333333334,13.971501115568277,0.0006187142568282844,0.9925420738666829,941.4518943176577,7.021278685892567,989.9095125792406,746.43847576781,0.6437231624147511,0.2708287047322817,2068.2710225395454,18.651602853490083,3.4674650444895208,0.011115233059364613,0.0032055789796724523,0.36769606754054657,3.3333333333333335,11.078946257326566,1.0,1.0,40.0,12.449958838613497,0.0032055789796724523,0.36769606754054657
AB,oscillator_mrna_total_half_life_min,48,0.14462614962212772,0.2012148931522557,0.5951396450376651,0.09776566282190036,0.303708843795952,0.5655754693836429,0.7989984655054873,0.8616507708534276,42.89252299244255,10.0,10.012148931522557,3.1902792900753303,0.0013402816137012632,0.803708843795952,1.065575469383643,3.61806163455912,68.9320616682742,1.0,0.0013402816137012632,0.803708843795952,1.0,2.0,0.0,137.8641233365484,560,42.89252299244255,10.0,10.012148931522557,3.1902792900753303,0.0013402816137012632,0.803708843795952,1.065575469383643,3.61806163455912,68.9320616682742,1.0,0.0013402816137012632,0.803708843795952,1.0,2.0,0.0,True,,resolved_oscillation,1.0,620.8333333333334,14.474162162079416,0.0006575811390021955,0.9960039474752711,1042.6566905067637,4.1665109005249885,1142.2529769076236,606.8947453546203,0.6043489932885906,0.3390357698289269,3085.9297266603135,17.61392026127434,5.443479963705412,0.007743873177346113,0.0014225960651970155,0.4276827371695179,3.7333333333333334,18.94224762365619,1.0,1.0,40.0,137.8641233365484,0.0014225960651970155,0.4276827371695179
AB,oscillator_mrna_total_half_life_min,49,0.40497024324456166,0.8760220927708037,0.29672674234775864,0.5899843875985493,0.0475287430060467,0.30095928254761795,0.6182417392133033,0.5060696597871368,48.099404864891234,10.0,16.760220927708037,2.5934534846955173,0.005855815504724595,0.5475287430060467,0.800959282547618,2.7047830185819763,40.48557278297095,1.0,0.005855815504724595,0.5475287430060467,1.0,2.0,0.0,80.9711455659419,561,48.099404864891234,10.0,16.760220927708037,2.5934534846955173,0.005855815504724596,0.5475287430060467,0.800959282547618,2.7047830185819763,40.48557278297095,1.0,0.005855815504724595,0.5475287430060467,1.0,2.0,0.0,True,,resolved_oscillation,1.0,428.3,8.904476078302274,0.0011278213671250244,0.95917345244265,279.63519497929343,11.416539586530947,325.91726028999824,138.53050059899152,0.6193088956339015,0.26527438347033994,1566.6356540548425,90.50067057355538,2.8776111583020714,0.025693372831309187,0.008928716014039058,0.4456787380582093,2.4833333333333334,6.999998404644884,1.0,1.0,40.0,80.9711455659419,0.008928716014039058,0.4456787380582093
AB,oscillator_mrna_total_half_life_min,50,0.9975856292646897,0.5657544237723552,0.30706557444850346,0.4275679161838194,0.3166776682977941,0.5557163730357745,0.7486800542462877,0.015263045840949063,59.95171258529379,10.0,13.657544237723553,2.614131148897007,0.003599802582082945,0.8166776682977941,1.0557163730357746,3.3366058028454555,1.221043667275925,1.0,0.003599802582082945,0.8166776682977941,1.0,2.0,0.0,2.44208733455185,562,59.95171258529379,10.0,13.657544237723553,2.614131148897007,0.003599802582082945,0.8166776682977941,1.0557163730357746,3.3366058028454555,1.221043667275925,1.0,0.003599802582082945,0.8166776682977941,1.0,2.0,0.0,True,,resolved_oscillation,1.0,773.0,12.893710065417174,0.0,0.9898430489933279,873.1997659612543,8.86904724190604,1052.5990504394504,566.9680648114884,0.6429495472186287,0.22128415907576093,3112.4158145439974,41.48290236506314,4.438333902530595,0.021240262262739354,0.004785638649365438,0.3719173516996223,3.316666666666667,14.535910257437658,1.0,1.0,40.0,2.44208733455185,0.004785638649365438,0.3719173516996223
AB,oscillator_mrna_total_half_life_min,51,0.9268934724441079,0.6010086289668761,0.8318839924281232,0.564140076180349,0.1552169247113192,0.37544963365442785,0.45996821847350866,0.47424948218286234,58.53786944888216,10.0,14.010086289668761,3.6637679848562463,0.005419549169964642,0.6552169247113192,0.8754496336544279,2.0965440305208625,37.93995857462899,1.0,0.005419549169964642,0.6552169247113192,1.0,2.0,0.0,75.87991714925798,563,58.53786944888216,10.0,14.010086289668761,3.6637679848562463,0.005419549169964642,0.6552169247113192,0.8754496336544279,2.0965440305208625,37.93995857462899,1.0,0.005419549169964642,0.6552169247113192,1.0,2.0,0.0,True,,resolved_oscillation,1.0,690.0,11.787241430140163,0.0,0.9844550805344661,497.5560002822147,7.7344679539802135,545.0839005973233,308.9146219670772,0.6043478260869565,0.3368140413241502,3090.741425614654,58.50840339545842,4.230945574389822,0.02553052787900514,0.00603423689341291,0.4456787380582093,4.0,16.028103784027213,1.0,1.0,40.0,75.87991714925798,0.00603423689341291,0.4456787380582093
AB,oscillator_mrna_total_half_life_min,52,0.14798006523291785,0.030678042283148188,0.974311847035165,0.29119072017962766,0.04515025280363083,0.5388037075942974,0.028326043068800266,0.9397471766847376,42.95960130465836,10.0,8.306780422831482,3.94862369407033,0.0023924774959076765,0.5451502528036308,1.0388037075942975,1.0466441597781388,75.17977413477901,1.0,0.0023924774959076765,0.5451502528036308,1.0,2.0,0.0,150.35954826955802,564,42.95960130465836,10.0,8.306780422831482,3.94862369407033,0.0023924774959076765,0.5451502528036308,1.0388037075942975,1.0466441597781388,75.17977413477901,1.0,0.0023924774959076765,0.5451502528036308,1.0,2.0,0.0,True,,resolved_oscillation,1.0,312.2307692307692,7.268009007264978,0.001404502864128034,0.8606231675651483,51.537223905418564,7.1830950204229564,116.81663691160026,23.893264115542653,0.475930032027593,0.224616751832926,1117.199671473791,105.93356835057781,2.505451558444859,0.012293771768801837,0.0049068088055283,0.5156631859586759,1.9,4.749534073229707,1.0,1.0,40.0,150.35954826955802,0.0049068088055283,0.5156631859586759
AB,oscillator_mrna_total_half_life_min,53,0.9465837550526778,0.5897803298867728,0.4516407049781953,0.47750599276686445,0.03580917778042536,0.1308974079005698,0.2375870968282664,0.09603869403120302,58.93167510105356,10.0,13.897803298867728,2.9032814099563904,0.004180705922869558,0.5358091777804254,0.6308974079005698,1.4657714356927702,7.683095522496242,1.0,0.004180705922869558,0.5358091777804254,1.0,2.0,0.0,15.366191044992483,565,58.93167510105356,10.0,13.897803298867728,2.9032814099563904,0.004180705922869558,0.5358091777804254,0.6308974079005698,1.4657714356927702,7.683095522496242,1.0,0.004180705922869558,0.5358091777804254,1.0,2.0,0.0,True,,resolved_oscillation,1.0,489.5,8.306229191018684,0.0010919764735951966,0.9415998478418973,159.8782641732504,9.336914954491162,170.77923293300066,106.20130336512513,0.627170582226762,0.2812708287047323,1921.33161538168,133.1944452573507,2.9303598925614334,0.019294830008066567,0.006584457443962939,0.4612308375916463,2.8333333333333335,8.18403504782691,1.0,1.0,40.0,15.366191044992483,0.006584457443962939,0.4612308375916463
AB,oscillator_mrna_total_half_life_min,54,0.26707177914853697,0.4436206392795494,0.17817196494572562,0.8842841371519518,0.8781615463568023,0.5249468382666946,0.6703550080423818,0.5642563382340674,45.34143558297074,10.0,12.436206392795494,2.3563439298914512,0.014141002111708297,1.3781615463568024,1.0249468382666946,2.941426785243939,45.14050705872539,1.0,0.014141002111708297,1.3781615463568024,1.0,2.0,0.0,90.28101411745078,566,45.34143558297074,10.0,12.436206392795494,2.3563439298914512,0.014141002111708297,1.3781615463568024,1.0249468382666946,2.941426785243939,45.14050705872539,1.0,0.014141002111708297,1.3781615463568024,1.0,2.0,0.0,True,,resolved_oscillation,1.0,298.0,6.5723547604637895,0.007674790267072022,0.5489974030640717,65.1734018292959,29.393373476161226,190.14252018404304,42.169845162490496,0.6342281879194631,0.0,656.893966389507,294.47838420986585,1.2750953035016157,0.33346590718078506,0.26152233975376926,0.6154187958231504,2.1,3.2374826578488127,1.0,1.0,40.0,90.28101411745078,0.26152233975376926,0.6154187958231504
AB,oscillator_mrna_total_half_life_min,55,0.03934806720952966,0.7974544171486171,0.9613679503326873,0.09528084265622816,0.8506665333513728,0.9500335252854892,0.7231251491683003,0.9868204735962427,40.786961344190594,10.0,15.974544171486171,3.9227359006653746,0.0013303417916171554,1.3506665333513728,1.4500335252854892,3.2021582337222756,78.94563788769942,1.0,0.0013303417916171554,1.3506665333513728,1.0,2.0,0.0,157.89127577539884,567,40.786961344190594,10.0,15.974544171486171,3.9227359006653746,0.0013303417916171554,1.3506665333513728,1.4500335252854892,3.2021582337222756,78.94563788769942,1.0,0.0013303417916171554,1.3506665333513728,1.0,2.0,0.0,True,,resolved_oscillation,1.0,677.8333333333334,16.61887306615645,0.0006022841757519494,0.9971843409141717,2235.8875433551516,6.295497076337883,2346.125692860906,1798.2730894644253,0.6137201868699287,0.32526105309931125,5260.83091157318,16.080096011478336,9.461035745303125,0.012913902731248074,0.0013649565522103756,0.40279937791601866,4.033333333333333,35.720960152722235,1.0,1.0,40.0,157.89127577539884,0.0013649565522103756,0.40279937791601866
AB,oscillator_mrna_total_half_life_min,56,0.8516256211406352,0.03206752876612384,0.37451105081748515,0.9271816890983423,0.27187136671284284,0.5778246572201604,0.3593400345228098,0.9634675135066714,57.0325124228127,10.0,8.320675287661238,2.7490221016349703,0.016080190480456714,0.7718713667128428,1.0778246572201604,1.7830679980259747,77.0774010805337,1.0,0.016080190480456714,0.7718713667128428,1.0,2.0,0.0,154.1548021610674,568,57.0325124228127,10.0,8.320675287661238,2.7490221016349703,0.016080190480456714,0.7718713667128428,1.0778246572201604,1.7830679980259747,77.0774010805337,1.0,0.016080190480456714,0.7718713667128428,1.0,2.0,0.0,True,,steady_state,0.0,,,,,15.002160233517683,15.000061045518706,151.24520729761863,13.891876937484817,,0.0,819.0040490947272,818.1973656861682,0.990908836678685,0.9906138149975863,0.9997022716215878,1.0,,,1.0,1.0,40.0,154.1548021610674,,
AB,oscillator_mrna_total_half_life_min,57,0.8296311980119584,0.33407868225380877,0.1063301011098382,0.7176518981589709,0.6864182526670649,0.11947963965489417,0.40261719914025096,0.10802242958869912,56.592623960239166,10.0,11.340786822538089,2.212660202219676,0.008583939458666817,1.1864182526670648,0.6194796396548942,1.9116894588034554,8.64179436709593,1.0,0.008583939458666817,1.1864182526670648,1.0,2.0,0.0,17.28358873419186,569,56.592623960239166,10.0,11.340786822538089,2.212660202219676,0.008583939458666817,1.1864182526670648,0.6194796396548942,1.9116894588034554,8.64179436709593,1.0,0.008583939458666817,1.1864182526670648,1.0,2.0,0.0,True,,resolved_oscillation,1.0,451.55555555555554,7.979053169063328,0.0011671792544912815,0.9307492177105144,182.0360066090892,12.606135862533378,247.94626053063473,88.9856841564406,0.6300442913385826,0.0,2178.729347723342,208.46068708924173,3.8034580887457707,0.09136960048177252,0.024022770423612734,0.45012219506776274,2.1333333333333333,8.69047685569532,1.0,1.0,40.0,17.28358873419186,0.024022770423612734,0.45012219506776274
AB,oscillator_mrna_total_half_life_min,58,0.8175887117605869,0.1733204554271618,0.2545619395517319,0.5238700721010965,0.44611669420234423,0.8290791619985357,0.9020553927410472,0.08649524189862356,56.351774235211735,10.0,9.733204554271618,2.5091238791034636,0.004803642489653149,0.9461166942023442,1.3290791619985356,4.270804206189408,6.919619351889885,1.0,0.004803642489653149,0.9461166942023442,1.0,2.0,0.0,13.83923870377977,570,56.351774235211735,10.0,9.733204554271618,2.5091238791034636,0.004803642489653149,0.9461166942023442,1.3290791619985356,4.270804206189408,6.919619351889885,1.0,0.004803642489653149,0.9461166942023442,1.0,2.0,0.0,True,,resolved_oscillation,1.0,621.5,11.028934020885755,0.0008812913234194145,0.9735041311564867,404.5849891553028,10.719830808713155,941.1457800389982,171.3795710519202,0.6014481094127112,0.0,1730.9762217117009,47.22351881208301,3.0053140304555472,0.033251186406560926,0.01106413042683619,0.3021550766496334,2.2083333333333335,6.906524653496077,1.0,1.0,40.0,13.83923870377977,0.01106413042683619,0.3021550766496334
AB,oscillator_mrna_total_half_life_min,59,0.7632201581925808,0.41076796078383804,0.9080229332326699,0.6981208695971955,0.883495417972424,0.0023260163113936194,0.5288727345928682,0.15498968034379434,55.26440316385162,10.0,12.107679607838381,3.81604586646534,0.008096106117791232,1.3834954179724241,0.5023260163113936,2.3424276056315136,12.399174427503548,1.0,0.008096106117791232,1.3834954179724241,1.0,2.0,0.0,24.798348855007095,571,55.26440316385162,10.0,12.107679607838381,3.81604586646534,0.008096106117791232,1.3834954179724241,0.5023260163113936,2.3424276056315136,12.399174427503548,1.0,0.008096106117791232,1.3834954179724241,1.0,2.0,0.0,True,,resolved_oscillation,1.0,731.8,13.241796854845425,0.0006111145060125144,0.9868662080273471,563.4348488374217,7.400036094773792,677.4311254093078,333.78722836665014,0.6169718502323039,0.3117085092201733,5992.298660364966,98.32582629896193,8.634067426786203,0.08050481288632347,0.009324088973010163,0.4383470339924461,3.8666666666666667,32.009273934005115,1.0,1.0,40.0,24.798348855007095,0.009324088973010163,0.4383470339924461
AB,oscillator_mrna_total_half_life_min,60,0.8280144790383384,0.1290319770518289,0.27037002179377156,0.05826084057960823,0.6204055522340386,0.6363897540415864,0.32030225979711835,0.7263645287172044,56.560289580766764,10.0,9.29031977051829,2.540740043587543,0.0011906910828021757,1.1204055522340386,1.1363897540415864,1.6744865824588635,58.10916229737635,1.0,0.0011906910828021757,1.1204055522340386,1.0,2.0,0.0,116.2183245947527,572,56.560289580766764,10.0,9.29031977051829,2.540740043587543,0.0011906910828021757,1.1204055522340386,1.1363897540415864,1.6744865824588635,58.10916229737635,1.0,0.0011906910828021757,1.1204055522340386,1.0,2.0,0.0,True,,resolved_oscillation,1.0,683.1666666666666,12.07855673530668,0.0005975822744042884,0.9941795330409336,808.0302805373367,4.703113549792664,868.3535014209888,301.2374950993156,0.6129543791168578,0.3012663852477227,4748.457416680691,53.895240409970164,6.838921365674479,0.009682960678259314,0.001415860800338994,0.42857142857142855,3.7333333333333334,24.01992907114984,1.0,1.0,40.0,116.2183245947527,0.001415860800338994,0.42857142857142855
AB,oscillator_mrna_total_half_life_min,61,0.9131071740257232,0.3467664824287139,0.6967110274247541,0.42067994138386644,0.8075253340418616,0.5978871921920309,0.16117802496200928,0.23413978590216944,58.26214348051447,10.0,11.467664824287139,3.393422054849508,0.003526283478046295,1.3075253340418616,1.0978871921920308,1.2961599700911905,18.731182872173555,1.0,0.003526283478046295,1.3075253340418616,1.0,2.0,0.0,37.46236574434711,573,58.26214348051447,10.0,11.467664824287139,3.393422054849508,0.003526283478046295,1.3075253340418616,1.0978871921920308,1.2961599700911905,18.731182872173555,1.0,0.003526283478046295,1.3075253340418616,1.0,2.0,0.0,True,,resolved_oscillation,1.0,801.75,13.761079701232447,0.0006236357966947302,0.9929315178395621,817.2543096696572,5.776747508440978,872.6231178111971,546.2698265087118,0.624384159650764,0.3325927571650744,6380.457393919305,59.19422327157469,8.562967401936895,0.0331417621209099,0.0038703594869943588,0.4518995778715841,4.333333333333333,35.08093998760257,1.0,1.0,40.0,37.46236574434711,0.0038703594869943588,0.4518995778715841
AB,oscillator_mrna_total_half_life_min,62,0.6035793947217766,0.801443232262474,0.719759264994655,0.17571134764486795,0.9266508551756341,0.7688117586288268,0.5911242814374551,0.2529447290764799,52.07158789443553,10.0,16.014432322624742,3.43951852998931,0.0016928003255044007,1.426650855175634,1.2688117586288268,2.589274781879421,20.235578326118393,1.0,0.0016928003255044007,1.426650855175634,1.0,2.0,0.0,40.471156652236786,574,52.07158789443553,10.0,16.014432322624742,3.43951852998931,0.0016928003255044007,1.426650855175634,1.2688117586288268,2.589274781879421,20.235578326118393,1.0,0.0016928003255044007,1.426650855175634,1.0,2.0,0.0,True,,resolved_oscillation,1.0,849.75,16.318880110256938,0.0005884083553986466,0.9968074278555532,2077.2360023587494,6.6317257985725355,2136.51682711106,1752.1422394520605,0.637834657252133,0.3250388802488336,6769.065113220672,24.96247655776512,9.781405317130309,0.017357300192815082,0.0017745200847997787,0.42390579871139744,4.483333333333333,41.3887048915765,1.0,1.0,40.0,40.471156652236786,0.0017745200847997787,0.42390579871139744
AB,oscillator_mrna_total_half_life_min,63,0.23882183258880485,0.795319499099534,0.45777040814547443,0.27872231544097936,0.37067281232794935,0.47539633003037374,0.6630543483491107,0.48745477977191454,44.776436651776095,10.0,15.95319499099534,2.9155408162909486,0.0023047620424185957,0.8706728123279494,0.9753963300303737,2.907067398589687,38.996382381753165,1.0,0.0023047620424185957,0.8706728123279494,1.0,2.0,0.0,77.99276476350633,575,44.776436651776095,10.0,15.95319499099534,2.9155408162909486,0.0023047620424185957,0.8706728123279494,0.9753963300303737,2.907067398589687,38.996382381753165,1.0,0.0023047620424185957,0.8706728123279494,1.0,2.0,0.0,True,,resolved_oscillation,1.0,557.4285714285714,12.44914989023497,0.0009589075824638497,0.9904235466335936,804.7490067766378,7.706641335058387,852.3128969760587,520.9923819061,0.6247437211686314,0.3130415463230393,3130.0686709868883,40.00160452306829,5.587188444179662,0.01448989563945845,0.0025934145204200153,0.43101532992668296,3.1,16.40337917038284,1.0,1.0,40.0,77.99276476350633,0.0025934145204200153,0.43101532992668296
AB,effective_sponge_sites,0,0.6523163084985453,0.36929077709565117,0.476552141139271,0.7731966058510996,0.7192846536989712,0.7991515494535374,0.6932516039832075,0.3997538771305864,53.046326169970904,10.0,11.692907770956513,2.953104282278542,0.010137992760460698,1.2192846536989712,1.2991515494535375,3.0518422183769376,31.980310170446913,1.0,0.010137992760460698,1.2192846536989712,1.0,2.0,0.0,63.960620340893826,576,53.046326169970904,10.0,11.692907770956513,2.953104282278542,0.010137992760460696,1.2192846536989712,1.2991515494535375,3.0518422183769376,31.980310170446913,1.0,0.010137992760460698,1.2192846536989712,1.0,2.0,0.0,True,,resolved_oscillation,1.0,393.4,7.41615920279698,0.0017773408713271507,0.7622927022417674,85.43143995151478,20.307676734469293,295.496571328624,43.85095167633997,0.5709201830198272,0.0,776.6094416511665,140.46070843693664,1.507105949533732,0.11321937128992154,0.07512369739164611,0.3723616974005777,1.775,3.299670861422921,1.0,1.0,40.0,63.960620340893826,0.07512369739164611,0.3723616974005777
AB,effective_sponge_sites,1,0.551410633705412,0.5182907415863287,0.4330535974015236,0.8524225710498768,0.26499487736458205,0.7192355361076039,0.13139037206848947,0.05770173552839242,51.02821267410824,10.0,13.182907415863287,2.866107194803047,0.012853675567217745,0.764994877364582,1.219235536107604,1.235486285642274,4.616138842271393,1.0,0.012853675567217745,0.764994877364582,1.0,2.0,0.0,9.232277684542787,577,51.02821267410824,10.0,13.182907415863287,2.866107194803047,0.012853675567217743,0.764994877364582,1.219235536107604,1.235486285642274,4.616138842271393,1.0,0.012853675567217745,0.764994877364582,1.0,2.0,0.0,True,,resolved_oscillation,1.0,467.5,9.161598564811381,0.0011433636017643824,0.951407855349107,226.5323790928576,11.007694132991091,277.1993605846543,119.21925423224839,0.6245989304812835,0.194845589868918,1914.006812023855,119.19830951209417,3.4673238514603177,0.07223852329659085,0.02083408599579369,0.43257053988002664,2.283333333333333,8.156096578428349,1.0,1.0,40.0,9.232277684542787,0.02083408599579369,0.43257053988002664
AB,effective_sponge_sites,2,0.527858875741076,0.7885110022666142,0.8313783726110382,0.8936092939302647,0.41701061288961905,0.10285973940458293,0.16799844493272076,0.3276081090327728,50.55717751482152,10.0,15.885110022666142,3.6627567452220764,0.014541610098533038,0.917010612889619,0.6028597394045829,1.3104663503609928,26.208648722621824,1.0,0.014541610098533038,0.917010612889619,1.0,2.0,0.0,52.41729744524365,578,50.55717751482152,10.0,15.885110022666142,3.6627567452220764,0.014541610098533038,0.917010612889619,0.6028597394045829,1.3104663503609928,26.208648722621824,1.0,0.01454161009853305,0.917010612889619,1.0,2.0,0.0,True,,resolved_oscillation,1.0,448.3333333333333,8.867847363549881,0.0011152416356877324,0.9431195216151231,196.5721901977616,11.181120215611688,227.36695701315227,111.29437920773891,0.5988847583643122,0.3061541879582315,2993.7766352065455,197.8896461992068,5.181194451189362,0.09648588450903924,0.018622324527289368,0.4994445678738058,2.65,13.530561014669322,1.0,1.0,40.0,52.41729744524365,0.018622324527289368,0.4994445678738058
AB,effective_sponge_sites,3,0.13384197899943828,0.2102493009055516,0.002416419738390796,0.4342247396574749,0.8048933820835706,0.012133239297335785,0.6383509037943887,0.7915956721715188,42.676839579988766,10.0,10.102493009055516,2.004832839476782,0.003672310641606497,1.3048933820835706,0.5121332392973358,2.793753818007069,63.32765377372151,1.0,0.003672310641606497,1.3048933820835706,1.0,2.0,0.0,126.65530754744302,579,42.676839579988766,10.0,10.102493009055516,2.004832839476782,0.0036723106416064965,1.3048933820835706,0.5121332392973358,2.793753818007069,63.32765377372151,1.0,0.003672310641606497,1.3048933820835706,1.0,2.0,0.0,True,,resolved_oscillation,1.0,361.6363636363636,8.473831876855648,0.0013951168351444552,0.9679011979693629,256.2492805333412,8.225294926332898,362.05372693593245,73.3082422008179,0.6207893413775767,0.2028438124861142,2636.0782543670957,170.03187765840147,5.649359446786328,0.04875522259622014,0.008630221365000032,0.5065540990890913,2.033333333333333,11.386544783668164,1.0,1.0,40.0,126.65530754744302,0.008630221365000032,0.5065540990890913
AB,effective_sponge_sites,4,0.29839124245100024,0.4014372245417077,0.7407632727886166,0.973170057651865,0.9917832957867231,0.8395727965599573,0.6163105529447619,0.8388465496092739,45.967824849020005,10.0,12.014372245417077,3.4815265455772333,0.01845539887005003,1.491783295786723,1.3395727965599573,2.696389267662793,67.10772396874191,1.0,0.01845539887005003,1.491783295786723,1.0,2.0,0.0,134.21544793748382,580,45.967824849020005,10.0,12.014372245417077,3.4815265455772333,0.01845539887005003,1.491783295786723,1.3395727965599573,2.696389267662793,67.10772396874191,1.0,0.01845539887005003,1.491783295786723,1.0,2.0,0.0,True,,steady_state,0.0,,,,,9.897849917465212,9.897849705392304,1656.4924267597548,45.712277803732725,,1.0,4772.650438761471,4772.649681691132,7.170202609270989,7.1702024266953055,0.9999999745368864,1.0,4.808333333333334,,1.0,1.0,40.0,134.21544793748382,,
AB,effective_sponge_sites,5,0.43609826489132697,0.9283144976343863,0.4369071057473428,0.6793096803954553,0.4457193604870616,0.8902233596814232,0.30683681880373526,0.5197929957531398,48.72196529782654,10.0,17.283144976343863,2.8738142114946856,0.007652481186052526,0.9457193604870616,1.390223359681423,1.6385878586544742,41.58343966025118,1.0,0.007652481186052526,0.9457193604870616,1.0,2.0,0.0,83.16687932050236,581,48.72196529782654,10.0,17.283144976343863,2.8738142114946856,0.007652481186052526,0.9457193604870616,1.390223359681423,1.6385878586544742,41.58343966025118,1.0,0.007652481186052533,0.9457193604870616,1.0,2.0,0.0,True,,resolved_oscillation,1.0,507.875,10.42394322346139,0.0006961425362407556,0.9778993711019509,529.2825993810424,11.69747831111518,633.060507828599,235.7828910931977,0.6148166379522519,0.2637191735169962,2891.4444411298427,93.36649069526644,5.136732643627622,0.0523752336402031,0.010196215624571632,0.4387913796934015,2.65,13.278612968538988,1.0,1.0,40.0,83.16687932050236,0.010196215624571632,0.4387913796934015
AB,effective_sponge_sites,6,0.2794490958047151,0.8625034418378221,0.8867248432919269,0.4437347746393657,0.4617652819142606,0.17305191977008727,0.3697961343740416,0.35616403306702693,45.588981916094305,10.0,16.62503441837822,3.773449686583854,0.0037784375789652875,0.9617652819142606,0.6730519197700873,1.8133281586919776,28.493122645362156,1.0,0.0037784375789652875,0.9617652819142606,1.0,2.0,0.0,56.98624529072431,582,45.588981916094305,10.0,16.62503441837822,3.773449686583854,0.0037784375789652875,0.9617652819142606,0.6730519197700873,1.8133281586919776,28.493122645362156,1.0,0.0037784375789652875,0.9617652819142606,1.0,2.0,0.0,True,,resolved_oscillation,1.0,496.875,10.899015049611975,0.0007115539936468403,0.9766077986178343,381.7380053292591,8.929692295888282,414.7795839620009,293.7396098016797,0.6077987421383648,0.3368140413241502,3536.3664524566516,83.1596874373768,6.3074034367871885,0.02616773256529326,0.004148732965561238,0.4694512330593201,2.925,17.47047670490501,1.0,1.0,40.0,56.98624529072431,0.004148732965561238,0.4694512330593201
AB,effective_sponge_sites,7,0.9184594597167923,0.49622080261620993,0.0015575791320572296,0.7098664043105585,0.9560701223241277,0.3725144238776874,0.9611080662365922,0.9068625485334565,58.369189194335846,10.0,12.962208026162099,2.0031151582641145,0.008386050723346496,1.4560701223241277,0.8725144238776874,4.696623093566884,72.54900388267652,1.0,0.008386050723346496,1.4560701223241277,1.0,2.0,0.0,145.09800776535303,583,58.369189194335846,10.0,12.962208026162099,2.0031151582641145,0.008386050723346496,1.4560701223241277,0.8725144238776874,4.696623093566884,72.54900388267652,1.0,0.008386050723346496,1.4560701223241277,1.0,2.0,0.0,True,,resolved_oscillation,1.0,438.22222222222223,7.507766139481467,0.0019016227180527383,0.8495925997898508,169.0504952616923,25.426445496549295,509.0394448667434,78.85052539201568,0.6098504056795132,0.0,1297.2298285628274,223.98185320085432,2.2219782233985037,0.1479893175857574,0.06660250583347686,0.43568095978671406,2.0833333333333335,5.49207026157408,1.0,1.0,40.0,145.09800776535303,0.06660250583347686,0.43568095978671406
AB,effective_sponge_sites,8,0.30358690650228426,0.5048124943431317,0.9217794243662824,0.25378836310641073,0.48115780150084886,0.6166769025777588,0.9266438061402799,0.6348097497618232,46.07173813004569,10.0,13.048124943431317,3.843558848732565,0.002138879278054398,0.9811578015008489,1.1166769025777588,4.443203711646457,50.784779980945856,1.0,0.002138879278054398,0.9811578015008489,1.0,2.0,0.0,101.56955996189171,584,46.07173813004569,10.0,13.048124943431317,3.843558848732565,0.002138879278054398,0.9811578015008489,1.1166769025777588,4.443203711646457,50.784779980945856,1.0,0.002138879278054398,0.9811578015008489,1.0,2.0,0.0,True,,resolved_oscillation,1.0,780.8,16.947483027361653,0.0005727633139087576,0.9970521341117704,1893.5648278210633,5.581975163085022,2028.5185166043327,1422.8533387516864,0.6185963114754098,0.357920462119529,4258.595103125113,15.912233134543651,6.791574793440782,0.015082419169531952,0.002220754335813008,0.42946011997333927,4.566666666666666,29.043612839157756,1.0,1.0,40.0,101.56955996189171,0.002220754335813008,0.42946011997333927
AB,effective_sponge_sites,9,0.932509762265573,0.6848542803973867,0.545033930508929,0.7217621395502537,0.9406082623381035,0.4715857368406461,0.9437489081058605,0.30098271445862734,58.650195245311465,10.0,14.848542803973867,3.0900678610178582,0.00869028847805224,1.4406082623381034,0.9715857368406461,4.567222593336356,24.078617156690186,1.0,0.00869028847805224,1.4406082623381034,1.0,2.0,0.0,48.15723431338037,585,58.650195245311465,10.0,14.848542803973867,3.0900678610178582,0.00869028847805224,1.4406082623381034,0.9715857368406461,4.567222593336356,24.078617156690186,1.0,0.00869028847805224,1.4406082623381034,1.0,2.0,0.0,True,,resolved_oscillation,1.0,512.875,8.744642670921024,0.0012495636255650123,0.8600335271059006,159.9855825254035,22.392617699988598,550.9242249263883,77.81236514831788,0.5625152327565196,0.0,1297.095510104676,124.03294761574081,2.3378768222996698,0.09660280124853722,0.04132074039448886,0.32059542323928014,1.9166666666666667,5.290530133061314,1.0,1.0,40.0,48.15723431338037,0.04132074039448886,0.32059542323928014
AB,effective_sponge_sites,10,0.5589990905755731,0.4462819689375723,0.9938149577766761,0.9015922436254239,0.8793790695616299,0.4601942566664927,0.11453905085060889,0.5991570948108222,51.17998181151146,10.0,12.462819689375724,3.9876299155533523,0.014893561147698462,1.37937906956163,0.9601942566664927,1.2024287755036374,47.93256758486578,1.0,0.014893561147698462,1.37937906956163,1.0,2.0,0.0,95.86513516973156,586,51.17998181151146,10.0,12.462819689375724,3.9876299155533523,0.014893561147698462,1.37937906956163,0.9601942566664927,1.2024287755036374,47.93256758486578,1.0,0.014893561147698462,1.37937906956163,1.0,2.0,0.0,True,,resolved_oscillation,1.0,480.75,9.393321040451584,0.0009628914194202303,0.9468418767502192,206.53769381402475,10.979156183491396,387.5780773003762,52.888251267384554,0.547581903276131,0.19151299711175293,3491.941314371132,190.6495587932002,6.234272996964707,0.1477822289813389,0.023704805524764463,0.447900466562986,2.4833333333333334,15.61699233804401,1.0,1.0,40.0,95.86513516973156,0.023704805524764463,0.447900466562986
AB,effective_sponge_sites,11,0.8825503300451477,0.7833164928346555,0.6936976459779453,0.6974159517909397,0.3326584954172609,0.6616409964329848,0.40307903288704905,0.05121083123259895,57.65100660090295,10.0,15.833164928346555,3.3873952919558903,0.00807902724545485,0.8326584954172609,1.1616409964329848,1.9131109319217572,4.096866498607916,1.0,0.00807902724545485,0.8326584954172609,1.0,2.0,0.0,8.193732997215832,587,57.65100660090295,10.0,15.833164928346555,3.3873952919558903,0.00807902724545485,0.8326584954172609,1.1616409964329848,1.9131109319217572,4.096866498607916,1.0,0.00807902724545485,0.8326584954172609,1.0,2.0,0.0,True,,resolved_oscillation,1.0,723.8,12.554854506021123,0.0006178690183751837,0.9836936842742755,626.3558274441924,10.213555878952473,726.009571630421,420.12964546800094,0.6334622823984526,0.28438124861141967,3399.6259975852245,67.31694478367494,4.886542209925684,0.04837026000390892,0.009898668204616726,0.41368584758942456,3.5,16.685414276917538,1.0,1.0,40.0,8.193732997215832,0.009898668204616726,0.41368584758942456
AB,effective_sponge_sites,12,0.4044568990688079,0.024031735423203138,0.3713608600938766,0.5394681067715948,0.3484344915921219,0.41869845356194746,0.0743758010283625,0.07186662466793137,48.089137981376155,10.0,8.240317354232031,2.7427217201877534,0.0050334318006715235,0.8484344915921219,0.9186984535619475,1.1271622984285814,5.749329973434509,1.0,0.0050334318006715235,0.8484344915921219,1.0,2.0,0.0,11.498659946869019,588,48.089137981376155,10.0,8.240317354232031,2.7427217201877534,0.005033431800671524,0.8484344915921219,0.9186984535619475,1.1271622984285814,5.749329973434509,1.0,0.0050334318006715235,0.8484344915921219,1.0,2.0,0.0,True,,resolved_oscillation,1.0,487.0,10.12702702611563,0.0,0.9778641381503984,238.95420654372006,5.289457304432954,259.542989547835,122.66465027620654,0.6242299794661191,0.269273494778938,2606.973989277423,83.98229703089298,4.707478267996369,0.03128538543762168,0.006645890571670678,0.4432348367029549,2.566666666666667,11.760150269092208,1.0,1.0,40.0,11.498659946869019,0.006645890571670678,0.4432348367029549
AB,effective_sponge_sites,13,0.8397119452496339,0.26008903724763854,0.8937767146418455,0.7360853102868091,0.6297901131894204,0.3533399201315356,0.54972461355271,0.7907605266364194,56.79423890499268,10.0,10.600890372476385,3.787553429283691,0.009071290353590626,1.1297901131894204,0.8533399201315356,2.422372990848222,63.26084213091355,1.0,0.009071290353590626,1.1297901131894204,1.0,2.0,0.0,126.5216842618271,589,56.79423890499268,10.0,10.600890372476385,3.787553429283691,0.009071290353590626,1.1297901131894204,0.8533399201315356,2.422372990848222,63.26084213091355,1.0,0.009071290353590626,1.1297901131894204,1.0,2.0,0.0,True,,resolved_oscillation,1.0,589.2857142857143,10.375800884866004,0.0008280364255320887,0.9651328923170333,260.3435157019432,9.077425396541788,657.8622521733336,53.68313860380193,0.5324242424242424,0.19129082426127528,3312.839157444547,105.65116969365468,5.242977149463271,0.07370034120287115,0.014056964030525278,0.4063541435236614,2.933333333333333,15.106591362224055,1.0,1.0,40.0,126.5216842618271,0.014056964030525278,0.4063541435236614
AB,effective_sponge_sites,14,0.5050919744883469,0.29587452410599624,0.37675403278337516,0.07604663233161935,0.21428753930495725,0.20466249303767636,0.7919028093038489,0.8081000264592635,50.10183948976694,10.0,10.958745241059962,2.7535080655667503,0.0012558534116573618,0.7142875393049573,0.7046624930376764,3.576978337681357,64.64800211674108,1.0,0.0012558534116573618,0.7142875393049573,1.0,2.0,0.0,129.29600423348217,590,50.10183948976694,10.0,10.958745241059962,2.7535080655667503,0.0012558534116573618,0.7142875393049573,0.7046624930376764,3.576978337681357,64.64800211674108,1.0,0.0012558534116573618,0.7142875393049573,1.0,2.0,0.0,True,,resolved_oscillation,1.0,595.4285714285714,11.884365474249401,0.0008977105054639975,0.9913151735983169,615.0911679259727,5.341960014645565,681.4969660829986,285.5829596729276,0.6046065259117083,0.30570984225727615,2816.4578799815204,38.894337975980214,4.5093746930137195,0.006525358907812501,0.001447065136973892,0.42568318151521883,3.4833333333333334,14.7642111029531,1.0,1.0,40.0,129.29600423348217,0.001447065136973892,0.42568318151521883
AB,effective_sponge_sites,15,0.9354066410283456,0.4956740475582503,0.6505030867783376,0.3678801652864846,0.44262136838463495,0.3567890580726589,0.7861953008443282,0.3386597329322474,58.70813282056692,10.0,12.956740475582503,3.301006173556675,0.0030103925452112375,0.942621368384635,0.8567890580726589,3.5442710945200737,27.09277863457979,1.0,0.0030103925452112375,0.942621368384635,1.0,2.0,0.0,54.18555726915958,591,58.70813282056692,10.0,12.956740475582503,3.301006173556675,0.0030103925452112375,0.942621368384635,0.8567890580726589,3.5442710945200737,27.09277863457979,1.0,0.0030103925452112375,0.942621368384635,1.0,2.0,0.0,True,,resolved_oscillation,1.0,879.5,14.980888639195307,0.0006564528359177098,0.9951115514865778,1263.6461631618454,6.177269207800175,1392.7904637739632,855.428433202914,0.6276293348493462,0.3061541879582315,4775.562969246997,31.781341335299338,6.23482816248442,0.02039597183028524,0.0032712965455904343,0.4007998222617196,4.766666666666667,28.000572348812167,1.0,1.0,40.0,54.18555726915958,0.0032712965455904343,0.4007998222617196
AB,effective_sponge_sites,16,0.4165039138534229,0.28577343400915445,0.19195520983891223,0.3853034399427899,0.5293155168028456,0.028087019400847124,0.24521803081693405,0.057302385115948984,48.33007827706846,10.0,10.857734340091545,2.3839104196778242,0.0031716943810267094,1.0293155168028456,0.5280870194008471,1.4838843279905287,4.584190809275919,1.0,0.0031716943810267094,1.0293155168028456,1.0,2.0,0.0,9.168381618551837,592,48.33007827706846,10.0,10.857734340091545,2.3839104196778242,0.0031716943810267094,1.0293155168028456,0.5280870194008471,1.4838843279905287,4.584190809275919,1.0,0.0031716943810267094,1.0293155168028456,1.0,2.0,0.0,True,,resolved_oscillation,1.0,413.6,8.557817714030973,0.0012485439542899474,0.9556994091345608,181.47172916675726,8.039304827460326,196.90515214999152,102.0083842612916,0.6382978723404255,0.22350588758053766,2613.7914574977244,162.7813633532125,4.972941837481525,0.032432960780941,0.006521886207574512,0.4716729615640969,2.216666666666667,10.953850250284498,1.0,1.0,40.0,9.168381618551837,0.006521886207574512,0.4716729615640969
AB,effective_sponge_sites,17,0.5474959190386707,0.32786926200840927,0.12153798541605187,0.8674324012996638,0.7705241825193797,0.8212992686047814,0.49428288340064575,0.41261675467445547,50.94991838077341,10.0,11.278692620084094,2.2430759708321037,0.013444837988443942,1.2705241825193796,1.3212992686047813,2.21558751476456,33.009340373956434,1.0,0.013444837988443942,1.2705241825193796,1.0,2.0,0.0,66.01868074791287,593,50.94991838077341,10.0,11.278692620084094,2.2430759708321037,0.013444837988443942,1.2705241825193796,1.3212992686047813,2.21558751476456,33.009340373956434,1.0,0.013444837988443942,1.2705241825193796,1.0,2.0,0.0,True,,resolved_oscillation,1.0,320.3076923076923,6.286716495085975,0.009655054817242855,0.4493081152774395,61.160562187169745,33.680625261543874,144.45484993073921,41.91116903931256,0.6556195965417867,0.0,513.5733670147869,299.3227367316908,0.835113143126811,0.32158624139379527,0.3850810444555089,0.5869806709620085,,2.7584067639469962,1.0,1.0,40.0,66.01868074791287,0.3850810444555089,0.5869806709620085
AB,effective_sponge_sites,18,0.2557492081993019,0.011841787648559254,0.9901753778860107,0.5100265748839851,0.24386234796739392,0.9723548965289336,0.18530812723112733,0.2679041471882355,45.11498416398604,10.0,8.118417876485593,3.9803507557720215,0.004608502978467939,0.7438623479673939,1.4723548965289335,1.3474877400250016,21.43233177505884,1.0,0.004608502978467939,0.7438623479673939,1.0,2.0,0.0,42.86466355011768,594,45.11498416398604,10.0,8.118417876485593,3.9803507557720215,0.004608502978467939,0.7438623479673939,1.4723548965289335,1.3474877400250016,21.43233177505884,1.0,0.004608502978467943,0.7438623479673939,1.0,2.0,0.0,True,,resolved_oscillation,1.0,613.8333333333334,13.605974704593567,0.0006650800279074607,0.9915174901399338,503.6997615372621,4.272638193752822,553.4103456368218,309.0837455950951,0.6030953027423296,0.3210397689402355,2902.153254017775,31.377497319627746,4.961239022797762,0.024637930153626912,0.0049660840851269835,0.41235281048655853,3.55,16.603177391013386,1.0,1.0,40.0,42.86466355011768,0.0049660840851269835,0.41235281048655853
AB,effective_sponge_sites,19,0.9255513500073052,0.7189310719243752,0.3595363148666204,0.008470141514244522,0.614501749387959,0.9187699952713662,0.5653192310309306,0.8695028981475801,58.5110270001461,10.0,15.189310719243753,2.719072629733241,0.0010256989434931972,1.114501749387959,1.4187699952713662,2.4839404815345145,69.5602318518064,1.0,0.0010256989434931972,1.114501749387959,1.0,2.0,0.0,139.1204637036128,595,58.5110270001461,10.0,15.189310719243753,2.719072629733241,0.0010256989434931972,1.114501749387959,1.4187699952713662,2.4839404815345145,69.5602318518064,1.0,0.0010256989434931972,1.114501749387959,1.0,2.0,0.0,True,,resolved_oscillation,1.0,817.0,13.963179966025207,0.0,0.9962501199761968,1745.542557777707,6.545575168108843,1847.2709546842023,984.9583017846974,0.6249694002447981,0.34259053543656964,5455.819388074026,33.062397016571865,7.2721845605347175,0.00823572984499819,0.0011324973639547761,0.4601199733392579,4.475,30.54060724713723,1.0,1.0,40.0,139.1204637036128,0.0011324973639547761,0.4601199733392579
AB,effective_sponge_sites,20,0.0013435690855783111,0.46494735339945903,0.7029286016979912,0.6847519706450776,0.45656378171454903,0.066410428609471,0.5239147617457327,0.680756433492964,40.026871381711565,10.0,12.649473533994591,3.4058572033959824,0.007778267117499566,0.956563781714549,0.566410428609471,2.323810465653857,54.46051467943712,1.0,0.007778267117499566,0.956563781714549,1.0,2.0,0.0,108.92102935887424,596,40.026871381711565,10.0,12.649473533994591,3.4058572033959824,0.007778267117499566,0.956563781714549,0.566410428609471,2.323810465653857,54.46051467943712,1.0,0.007778267117499566,0.956563781714549,1.0,2.0,0.0,True,,resolved_oscillation,1.0,403.0,10.06823631447079,0.0,0.9710066925402632,276.2107839840706,8.008264183745071,342.5726127321333,124.45994502300613,0.5831265508684863,0.3163741390802044,2709.4246271249895,100.63041868346491,5.683224542032643,0.053662001145470956,0.009442175080113654,0.4807820484336814,2.4166666666666665,13.174029248519757,1.0,1.0,40.0,108.92102935887424,0.009442175080113654,0.4807820484336814
AB,effective_sponge_sites,21,0.07885095553436716,0.31896266985311017,0.43766206874156466,0.49990424355663865,0.7169457026455673,0.4357792480321784,0.5996465601993903,0.5435657608721537,41.577019110687345,10.0,11.189626698531102,2.8753241374831293,0.0044708532590794344,1.2169457026455675,0.9357792480321784,2.625034156727496,43.4852608697723,1.0,0.0044708532590794344,1.2169457026455675,1.0,2.0,0.0,86.9705217395446,597,41.577019110687345,10.0,11.189626698531102,2.8753241374831293,0.0044708532590794344,1.2169457026455675,0.9357792480321784,2.625034156727496,43.4852608697723,1.0,0.0044708532590794344,1.2169457026455675,1.0,2.0,0.0,True,,resolved_oscillation,1.0,518.2857142857143,12.465677563509821,0.0009414691993715176,0.9910877969199374,708.3798141586278,6.313224761598724,885.3531911456355,290.75057618795347,0.610088202866593,0.30282159520106644,3752.663196843378,53.838025383092685,7.334667265883033,0.03916037707315529,0.005339080240941332,0.4456787380582093,2.775,19.35737248914749,1.0,1.0,40.0,86.9705217395446,0.005339080240941332,0.4456787380582093
AB,effective_sponge_sites,22,0.8675713022377077,0.6969107328092301,0.6335471684261575,0.5509199571228793,0.8481709139021257,0.3486284427256984,0.980574699729904,0.9938276337972217,57.351426044754156,10.0,14.969107328092301,3.267094336852315,0.005209108332360569,1.3481709139021256,0.8486284427256984,4.846099224439112,79.50621070377774,1.0,0.005209108332360569,1.3481709139021256,1.0,2.0,0.0,159.01242140755548,598,57.351426044754156,10.0,14.969107328092301,3.267094336852315,0.005209108332360569,1.3481709139021256,0.8486284427256984,4.846099224439112,79.50621070377774,1.0,0.005209108332360569,1.3481709139021256,1.0,2.0,0.0,True,,resolved_oscillation,1.0,741.4,12.927315868683873,0.0007387679491572245,0.9881530569847808,868.501529022884,10.289088122964793,2038.860554346363,246.08444109755584,0.5715538171027785,0.2466118640302155,5168.887801188891,66.34236175720615,7.4980832575862335,0.05048901689530788,0.00673358979366164,0.39968895800933124,3.6166666666666667,25.951314349092165,1.0,1.0,40.0,159.01242140755548,0.00673358979366164,0.39968895800933124
AB,effective_sponge_sites,23,0.8783796245132314,0.3287124873925278,0.08087632777524123,0.428318534017873,0.25608481486483725,0.8729212352329343,0.7929911185726779,0.3049669992990578,57.56759249026463,10.0,11.287124873925277,2.1617526555504822,0.0036079063863084983,0.7560848148648373,1.3729212352329343,3.5832491422890334,24.397359943924624,1.0,0.0036079063863084983,0.7560848148648373,1.0,2.0,0.0,48.79471988784925,599,57.56759249026463,10.0,11.287124873925277,2.1617526555504822,0.0036079063863084983,0.7560848148648373,1.3729212352329343,3.5832491422890334,24.397359943924624,1.0,0.0036079063863084983,0.7560848148648373,1.0,2.0,0.0,True,,resolved_oscillation,1.0,625.6666666666666,10.868383401172705,0.0008253560673857042,0.9852866872790538,630.7313572087991,9.280147701519875,971.593219016535,248.1989306658591,0.6249334043686735,0.1464119084647856,2058.3663855192067,48.27817456580313,3.2892034680082474,0.02051069322679814,0.00623576298222081,0.34436791824039104,2.6666666666666665,8.713524233804455,1.0,1.0,40.0,48.79471988784925,0.00623576298222081,0.34436791824039104
AB,effective_sponge_sites,24,0.39314986885056447,0.3402603413700579,0.283665563286857,0.32617748054883455,0.526312222726394,0.13956516709130617,0.18540594859632797,0.383564533264663,47.86299737701129,10.0,11.402603413700579,2.567331126573714,0.002656847860839996,1.026312222726394,0.6395651670913062,1.3476999017105737,30.685162661173038,1.0,0.002656847860839996,1.026312222726394,1.0,2.0,0.0,61.370325322346076,600,47.86299737701129,10.0,11.402603413700579,2.567331126573714,0.002656847860839996,1.026312222726394,0.6395651670913062,1.3476999017105737,30.685162661173038,1.0,0.002656847860839996,1.026312222726394,1.0,2.0,0.0,True,,resolved_oscillation,1.0,409.1,8.547312588419123,0.0007729840283960839,0.9625228142248564,210.78690421112768,7.899699968087805,234.69400421806856,93.28001111614856,0.6140307993155708,0.27060653188180406,2832.25261784893,160.11572158663893,5.3087935864754385,0.023721195192819067,0.004468283576376117,0.49166851810708734,2.3666666666666667,12.187264275051199,1.0,1.0,40.0,61.370325322346076,0.004468283576376117,0.49166851810708734
AB,effective_sponge_sites,25,0.07041119244804428,0.332130848458681,0.47799425521871675,0.9860244128897545,0.32422163560981,0.23806648353124005,0.9210385550297289,0.5983829674903776,41.40822384896089,10.0,11.32130848458681,2.9559885104374333,0.019179944123959267,0.82422163560981,0.73806648353124,4.403300482001121,47.870637399230205,1.0,0.019179944123959267,0.82422163560981,1.0,2.0,0.0,95.74127479846041,601,41.40822384896089,10.0,11.32130848458681,2.9559885104374333,0.019179944123959267,0.82422163560981,0.73806648353124,4.403300482001121,47.870637399230205,1.0,0.019179944123959274,0.82422163560981,1.0,2.0,0.0,True,,steady_state,0.0,,,,,25.137975850541523,25.012140629693832,116.49189067624764,22.40448369072208,,0.0,373.0387177696558,369.83394035357514,0.6228214397482652,0.615804032082909,0.9887328739547044,1.0,,,1.0,1.0,40.0,95.74127479846041,,
AB,effective_sponge_sites,26,0.5453222821228122,0.15880740001429594,0.7315526222870028,0.9819235271006114,0.44424563520368043,0.8995501600465765,0.7702554738662177,0.6719022985853372,50.90644564245625,10.0,9.58807400014296,3.4631052445740056,0.018945756978259655,0.9442456352036804,1.3995501600465765,3.4545021865384595,53.75218388682698,1.0,0.018945756978259655,0.9442456352036804,1.0,2.0,0.0,107.50436777365395,602,50.90644564245625,10.0,9.58807400014296,3.4631052445740056,0.018945756978259655,0.9442456352036804,1.3995501600465765,3.4545021865384595,53.75218388682698,1.0,0.018945756978259655,0.9442456352036804,1.0,2.0,0.0,True,,steady_state,0.0,,,,,7.75669052144716,7.7566901262427255,1584.5775920516007,44.02953863973684,,1.0,3410.818786878989,3410.817068030014,4.627127744219137,4.627127476717924,0.9999999421884962,1.0,11.133333333333333,,1.0,1.0,40.0,107.50436777365395,,
AB,effective_sponge_sites,27,0.5842061138530887,0.17478857874816356,0.6751111745047766,0.21103105998534566,0.47372262078119953,0.27706809452061376,0.08242795025315841,0.8735725878368755,51.684122277061775,10.0,9.747885787481636,3.3502223490095533,0.001881731864134484,0.9737226207811995,0.7770680945206138,1.1418647460445446,69.88580702695005,1.0,0.001881731864134484,0.9737226207811995,1.0,2.0,0.0,139.7716140539001,603,51.684122277061775,10.0,9.747885787481636,3.3502223490095533,0.001881731864134484,0.9737226207811995,0.7770680945206138,1.1418647460445446,69.88580702695005,1.0,0.001881731864134484,0.9737226207811995,1.0,2.0,0.0,True,,resolved_oscillation,1.0,480.125,9.289603438096636,0.0007363777986842463,0.9719410002183722,227.4705669253709,6.382596587685758,287.05436682762695,87.44775795725428,0.5535016922676386,0.3188180404354588,3365.228159065294,121.18660032908141,5.633927017694071,0.013351396255233853,0.00236982059109074,0.4983337036214175,2.85,15.254261202889085,1.0,1.0,40.0,139.7716140539001,0.00236982059109074,0.4983337036214175
AB,effective_sponge_sites,28,0.5150252250115483,0.5671990511643153,0.9824233046384001,0.9901042993929583,0.8684331197247117,0.5459952500686578,0.7216872091884045,0.4528600903712745,50.30050450023097,10.0,13.671990511643154,3.9648466092768,0.01941580458771451,1.3684331197247117,1.0459952500686578,3.1947561271526923,36.22880722970196,1.0,0.01941580458771451,1.3684331197247117,1.0,2.0,0.0,72.45761445940391,604,50.30050450023097,10.0,13.671990511643154,3.9648466092768,0.01941580458771451,1.3684331197247117,1.0459952500686578,3.1947561271526923,36.22880722970196,1.0,0.019415804587714518,1.3684331197247117,1.0,2.0,0.0,True,,steady_state,0.0,,,,,13.158153913200913,13.158152754323067,1257.9060869992913,44.66003881002895,,1.0,3917.417539800913,3917.41209409217,5.37839634266438,5.378395473080445,0.999999838319105,1.0,4.866666666666666,,1.0,1.0,40.0,72.45761445940391,,
AB,effective_sponge_sites,29,0.04945339346089217,0.09762210073206024,0.7021926793540646,0.5344320235740077,0.12301565154377614,0.43951840096355876,0.716675164080167,0.43697653780424917,40.98906786921784,10.0,8.976221007320602,3.4043853587081294,0.0049580635987980255,0.6230156515437761,0.9395184009635588,3.169089047811621,34.95812302433993,1.0,0.0049580635987980255,0.6230156515437761,1.0,2.0,0.0,69.91624604867987,605,40.98906786921784,10.0,8.976221007320602,3.4043853587081294,0.0049580635987980255,0.6230156515437761,0.9395184009635588,3.169089047811621,34.95812302433993,1.0,0.0049580635987980255,0.6230156515437761,1.0,2.0,0.0,True,,resolved_oscillation,1.0,533.8571428571429,13.024378708988925,0.0007079880414944047,0.9907291683320368,511.6706473046815,4.743612440599491,600.7327771575469,251.68848446317384,0.6022210329141022,0.33348144856698514,2101.4835088102777,27.886497450291905,4.020081046880786,0.022204852280800068,0.00552348373623686,0.4394578982448345,3.091666666666667,11.731110948501499,1.0,1.0,40.0,69.91624604867987,0.00552348373623686,0.4394578982448345
AB,effective_sponge_sites,30,0.23529284243979742,0.8407494147148626,0.1627078196361389,0.18400605895795552,0.9153118394219858,0.6622785865219342,0.34201139629394184,0.30982702946218554,44.705856848795946,10.0,16.407494147148626,2.325415639272278,0.001735391244881489,1.4153118394219857,1.1622785865219343,1.734026407844816,24.78616235697484,1.0,0.001735391244881489,1.4153118394219857,1.0,2.0,0.0,49.57232471394968,606,44.705856848795946,10.0,16.407494147148626,2.325415639272278,0.001735391244881489,1.4153118394219857,1.1622785865219343,1.734026407844816,24.78616235697484,1.0,0.001735391244881489,1.4153118394219857,1.0,2.0,0.0,True,,resolved_oscillation,1.0,482.0,10.78158509812751,0.0,0.9854807907950676,700.113761795574,10.165098174762177,758.6557583737567,382.58889034080096,0.6410788381742739,0.25327704954454566,3916.4968894758317,87.89582750543589,7.65540369569998,0.01930027585408509,0.002521131036489428,0.44834481226394135,2.3583333333333334,17.52299728413761,1.0,1.0,40.0,49.57232471394968,0.002521131036489428,0.44834481226394135
AB,effective_sponge_sites,31,0.3961908178200533,0.5858255229716866,0.8827516093406286,0.1975083502442333,0.42790177911939253,0.8533965863188613,0.9318053292379148,0.7289966617684358,47.92381635640106,10.0,13.858255229716866,3.765503218681257,0.0018070255285962528,0.9279017791193925,1.3533965863188613,4.48026781101067,58.31973294147487,1.0,0.0018070255285962528,0.9279017791193925,1.0,2.0,0.0,116.63946588294974,607,47.92381635640106,10.0,13.858255229716866,3.765503218681257,0.0018070255285962528,0.9279017791193925,1.3533965863188613,4.48026781101067,58.31973294147487,1.0,0.0018070255285962528,0.9279017791193925,1.0,2.0,0.0,True,,resolved_oscillation,1.0,826.75,17.25133895538712,0.0006047777441790142,0.9975036334116189,2298.6649606118153,5.738310405553927,2450.18085651472,1740.698208430902,0.6207438766253401,0.3805820928682515,4208.644414878423,13.44888847316082,6.4359509770770655,0.012050698805902541,0.0018724037595723663,0.46078649189069093,4.816666666666666,29.064941168954412,1.0,1.0,40.0,116.63946588294974,0.0018724037595723663,0.46078649189069093
AB,effective_sponge_sites,32,0.45544406973220386,0.8413148429729738,0.5906917281865809,0.2627126403874821,0.6550826693183404,0.7769402083886271,0.7903188624593088,0.204631456667827,49.10888139464408,10.0,16.413148429729738,3.1813834563731618,0.00219683290709738,1.1550826693183405,1.276940208388627,3.567871288277414,16.370516533426162,1.0,0.00219683290709738,1.1550826693183405,1.0,2.0,0.0,32.741033066852324,608,49.10888139464408,10.0,16.413148429729738,3.1813834563731618,0.00219683290709738,1.1550826693183405,1.276940208388627,3.567871288277414,16.370516533426162,1.0,0.00219683290709738,1.1550826693183405,1.0,2.0,0.0,True,,resolved_oscillation,1.0,787.2,16.029687047317957,0.0005681067016005564,0.9962950460412952,2011.4794562864863,7.45243877442194,2158.6996128080177,1600.3519645682486,0.6415142276422764,0.3092646078649189,4934.509841810904,23.04231311226279,7.678673655181414,0.018238950907902063,0.002375273611946614,0.403243723616974,4.0,29.053721609219913,1.0,1.0,40.0,32.741033066852324,0.002375273611946614,0.403243723616974
AB,effective_sponge_sites,33,0.9227593837099817,0.2542365218699282,0.11984868902090784,0.21289201770014698,0.2844369626022776,0.215498302700181,0.5288499542686814,0.8386788417528678,58.455187674199635,10.0,10.542365218699281,2.2396973780418157,0.0018922516859940209,0.7844369626022776,0.715498302700181,2.34234172557057,67.09430734022942,1.0,0.0018922516859940209,0.7844369626022776,1.0,2.0,0.0,134.18861468045884,609,58.455187674199635,10.0,10.542365218699281,2.2396973780418157,0.0018922516859940209,0.7844369626022776,0.715498302700181,2.34234172557057,67.09430734022942,1.0,0.0018922516859940209,0.7844369626022776,1.0,2.0,0.0,True,,resolved_oscillation,1.0,528.5,9.041113732207963,0.0010113954282400166,0.9793882968511624,355.2496960145565,7.322301277966865,411.94379604697434,102.06327766675264,0.6121097445600756,0.24061319706731837,2558.5485357468515,107.06569874539012,3.9107666024955923,0.012803160555025112,0.0032738237426020215,0.44256831815152187,2.9583333333333335,11.137637780429793,1.0,1.0,40.0,134.18861468045884,0.0032738237426020215,0.44256831815152187
AB,effective_sponge_sites,34,0.07950435043954462,0.9662316694526888,0.37274283035622435,0.1750304734321343,0.9875008646722722,0.4630627884669968,0.38130948963773503,0.425192083084163,41.590087008790896,10.0,17.662316694526886,2.7454856607124487,0.0016893510111593599,1.4875008646722723,0.9630627884669968,1.8472424305525734,34.01536664673304,1.0,0.0016893510111593599,1.4875008646722723,1.0,2.0,0.0,68.03073329346608,610,41.590087008790896,10.0,17.662316694526886,2.7454856607124487,0.0016893510111593599,1.4875008646722723,0.9630627884669968,1.8472424305525734,34.01536664673304,1.0,0.0016893510111593599,1.4875008646722723,1.0,2.0,0.0,True,,resolved_oscillation,1.0,485.75,11.6794658279346,0.0009529800306459613,0.9882867347399075,769.2413369435856,9.010327828648457,798.3662320728598,494.14269138218106,0.6303654143077714,0.31370806487447234,4669.731307304951,74.04810120633891,9.232853793517771,0.018398738281453438,0.0019927466299066578,0.46545212175072204,2.6166666666666667,22.966924654163517,1.0,1.0,40.0,68.03073329346608,0.0019927466299066578,0.46545212175072204
AB,effective_sponge_sites,35,0.6334398631188464,0.44530082088652956,0.9710384632196135,0.6253248415770387,0.2880167805261743,0.12196760263835515,0.48354764822632257,0.4738910100621101,52.66879726237693,10.0,12.453008208865295,3.942076926439227,0.006509780962671258,0.7880167805261743,0.6219676026383552,2.1776360713907166,37.91128080496881,1.0,0.006509780962671258,0.7880167805261743,1.0,2.0,0.0,75.82256160993762,611,52.66879726237693,10.0,12.453008208865295,3.942076926439227,0.006509780962671259,0.7880167805261743,0.6219676026383552,2.1776360713907166,37.91128080496881,1.0,0.006509780962671258,0.7880167805261743,1.0,2.0,0.0,True,,resolved_oscillation,1.0,608.7142857142857,11.557398637411273,0.000801607663769037,0.9814508933575284,384.25789490697287,7.127640670841068,436.3505170725108,232.82173292646954,0.5926425721661583,0.32015107753832484,3353.0329166417396,72.73403374626157,5.100548115427662,0.03687534429436103,0.007229682665442157,0.4352366140857587,3.6,17.453138360957237,1.0,1.0,40.0,75.82256160993762,0.007229682665442157,0.4352366140857587
AB,effective_sponge_sites,36,0.6761306877039921,0.05417488428145534,0.12327418220657027,0.9714779234866264,0.28757541677892484,0.6833932859140744,0.1868916785923901,0.038117691161798084,53.52261375407984,10.0,8.541748842814552,2.2465483644131403,0.018362081834339,0.7875754167789248,1.1833932859140743,1.3509263644912934,3.0494152929438467,1.0,0.018362081834339,0.7875754167789248,1.0,2.0,0.0,6.0988305858876934,612,53.52261375407984,10.0,8.541748842814552,2.2465483644131403,0.018362081834339,0.7875754167789248,1.1833932859140743,1.3509263644912934,3.0494152929438467,1.0,0.018362081834339006,0.7875754167789248,1.0,2.0,0.0,True,,resolved_oscillation,1.0,319.46153846153845,5.9687208089157835,0.012164850193064103,0.48529373711349316,42.03189832848905,21.634081310682213,69.9291051672905,28.51791947467219,0.6554779677341681,0.0,455.1086915976886,258.75948864619767,0.7161695580792504,0.2548063046003249,0.35579047130083175,0.17951566318595868,4.816666666666666,2.2871208008956168,1.0,1.0,40.0,6.0988305858876934,0.35579047130083175,0.17951566318595868
AB,effective_sponge_sites,37,0.9942080218192769,0.6593242047859554,0.2048195830433457,0.11408570344483138,0.7692102833324719,0.24995871660714786,0.24812270663075364,0.850602557737576,59.88416043638554,10.0,14.593242047859555,2.4096391660866914,0.0014074368648072306,1.2692102833324719,0.7499587166071479,1.4908375721581986,68.04820461900607,1.0,0.0014074368648072306,1.2692102833324719,1.0,2.0,0.0,136.09640923801214,613,59.88416043638554,10.0,14.593242047859555,2.4096391660866914,0.0014074368648072306,1.2692102833324719,0.7499587166071479,1.4908375721581986,68.04820461900607,1.0,0.0014074368648072306,1.2692102833324719,1.0,2.0,0.0,True,,resolved_oscillation,1.0,551.2857142857143,9.205868634851125,0.0008851127896656818,0.978444376018567,447.17703963284475,9.639180119455936,484.2034214651788,163.56752363757684,0.6142005700958797,0.26127527216174184,4505.89495044346,172.68370774677564,6.667719756277473,0.015229117092159758,0.002284006774253217,0.4625638746945123,3.066666666666667,19.641155776624505,1.0,1.0,40.0,136.09640923801214,0.002284006774253217,0.4625638746945123
AB,effective_sponge_sites,38,0.4452386990402637,0.45484334849897157,0.3778401004807026,0.5335265915484285,0.7580538097473309,0.7955874573466426,0.7447623325657388,0.10689620875269645,48.904773980805274,10.0,12.548433484989715,2.755680200961405,0.004944633411198485,1.2580538097473308,1.2955874573466426,3.315633590675952,8.551696700215716,1.0,0.004944633411198485,1.2580538097473308,1.0,2.0,0.0,17.103393400431433,614,48.904773980805274,10.0,12.548433484989715,2.755680200961405,0.004944633411198485,1.2580538097473308,1.2955874573466426,3.315633590675952,8.551696700215716,1.0,0.00494463341119849,1.2580538097473308,1.0,2.0,0.0,True,,resolved_oscillation,1.0,610.8571428571429,12.49074667223489,0.0006187444600244598,0.985010691959649,693.880291244898,10.400785428598313,1282.143590261593,325.8412988528175,0.6147100093545369,0.1455232170628749,3110.691513416056,52.34685183292109,5.67715203183193,0.044849384249564105,0.0078999794259679,0.3325927571650744,2.433333333333333,13.746802863897937,1.0,1.0,40.0,17.103393400431433,0.0078999794259679,0.3325927571650744
AB,effective_sponge_sites,39,0.6660332596561213,0.9549278270831529,0.6069990404660162,0.752066943141399,0.9605213971708908,0.4830470007968839,0.4840801167323766,0.5546152639226781,53.32066519312242,10.0,17.54927827083153,3.2139980809320323,0.009516158166760644,1.4605213971708908,0.9830470007968839,2.1795030509279187,44.36922111381425,1.0,0.009516158166760644,1.4605213971708908,1.0,2.0,0.0,88.7384422276285,615,53.32066519312242,10.0,17.54927827083153,3.2139980809320323,0.009516158166760644,1.4605213971708908,0.9830470007968839,2.1795030509279187,44.36922111381425,1.0,0.009516158166760644,1.4605213971708908,1.0,2.0,0.0,True,,resolved_oscillation,1.0,585.4285714285714,10.979393623620492,0.0009130447503108691,0.9753490241011668,550.3403792591505,13.566427425272067,916.6649346918995,199.6076286719767,0.5918740849194728,0.20706509664518996,4452.898346057578,132.13743527730227,7.329921031673158,0.10004983943868563,0.013649511230252346,0.39991113085980895,2.816666666666667,20.356461854974707,1.0,1.0,40.0,88.7384422276285,0.013649511230252346,0.39991113085980895
AB,effective_sponge_sites,40,0.07938517308078696,0.022029308983154694,0.46089644750850756,0.321935567576238,0.7521861907367888,0.6828149072520601,0.16781697286928776,0.25068820561051863,41.58770346161574,10.0,8.220293089831546,2.921792895017015,0.002623299219812042,1.2521861907367888,1.1828149072520602,1.3100836609385509,20.05505644884149,1.0,0.002623299219812042,1.2521861907367888,1.0,2.0,0.0,40.11011289768298,616,41.58770346161574,10.0,8.220293089831546,2.921792895017015,0.002623299219812042,1.2521861907367888,1.1828149072520602,1.3100836609385509,20.05505644884149,1.0,0.002623299219812042,1.2521861907367888,1.0,2.0,0.0,True,,resolved_oscillation,1.0,528.8571428571429,12.716671006978371,0.0007146816075269017,0.9926575566362028,566.7634861479573,4.161428797709611,612.6465549220123,302.5976847467494,0.6192598595353863,0.3217062874916685,4112.910250931437,46.15560783288502,7.915708238327011,0.02364636133328415,0.0029872704527929674,0.44901133081537437,2.8833333333333333,21.550016562131464,1.0,1.0,40.0,40.11011289768298,0.0029872704527929674,0.44901133081537437
AB,effective_sponge_sites,41,0.9815064036168787,0.6484862657754508,0.8948493318150219,0.4999552130251841,0.7789299613558915,0.5872141849970318,0.30968064225549496,0.5850679036899411,59.63012807233757,10.0,14.484862657754508,3.789698663630044,0.004471535969726869,1.2789299613558915,1.0872141849970318,1.6461047945070326,46.80543229519529,1.0,0.004471535969726869,1.2789299613558915,1.0,2.0,0.0,93.61086459039058,617,59.63012807233757,10.0,14.484862657754508,3.789698663630044,0.004471535969726869,1.2789299613558915,1.0872141849970318,1.6461047945070326,46.80543229519529,1.0,0.004471535969726869,1.2789299613558915,1.0,2.0,0.0,True,,resolved_oscillation,1.0,828.75,13.898175750933149,0.0006033182503770739,0.9925190527821799,1016.7480670528602,7.606238623443066,1122.875586381378,613.436200289673,0.6102564102564103,0.3481448566985114,6528.918918033339,64.87939023244057,8.457483341157767,0.041101543490773995,0.004859784150062245,0.4583425905354366,4.666666666666667,37.283542918630864,1.0,1.0,40.0,93.61086459039058,0.004859784150062245,0.4583425905354366
AB,effective_sponge_sites,42,0.2634626562834709,0.9747032019221333,0.7824072395318442,0.7109816588766164,0.952904028663561,0.31261461683648606,0.3711782882929373,0.8362800471105234,45.269253125669415,10.0,17.747032019221333,3.5648144790636884,0.008414115409178519,1.452904028663561,0.8126146168364861,1.8173663805408415,66.90240376884188,1.0,0.008414115409178519,1.452904028663561,1.0,2.0,0.0,133.80480753768376,618,45.269253125669415,10.0,17.747032019221333,3.5648144790636884,0.008414115409178519,1.452904028663561,0.8126146168364861,1.8173663805408415,66.90240376884188,1.0,0.008414115409178519,1.452904028663561,1.0,2.0,0.0,True,,resolved_oscillation,1.0,509.2857142857143,11.250146161499837,0.0009581066634838333,0.9810432661115118,582.300369015599,11.038513138597159,689.7011443674351,261.6617136142401,0.5941654978962132,0.31592979337924904,4859.631876896133,125.11445883855357,8.828501624191118,0.08790073555610693,0.00995647271732371,0.4727838258164852,2.8833333333333333,24.411602012782545,1.0,1.0,40.0,133.80480753768376,0.00995647271732371,0.4727838258164852
AB,effective_sponge_sites,43,0.11902604624430946,0.7238209620991736,0.5130660887379298,0.037791826390061733,0.20526307490198326,0.9864411902014837,0.42542350137029605,0.6159831436337478,42.38052092488619,10.0,15.238209620991736,3.0261321774758594,0.0011198717770689508,0.7052630749019833,1.4864411902014836,1.9831623398000462,49.27865149069983,1.0,0.0011198717770689508,0.7052630749019833,1.0,2.0,0.0,98.55730298139966,619,42.38052092488619,10.0,15.238209620991736,3.0261321774758594,0.0011198717770689508,0.7052630749019833,1.4864411902014836,1.9831623398000462,49.27865149069983,1.0,0.0011198717770689508,0.7052630749019833,1.0,2.0,0.0,True,,resolved_oscillation,1.0,495.0,11.679894187174371,0.0,0.9882365284750333,636.2319793340592,7.48429677216939,676.8806469153598,402.9070606164218,0.6121212121212121,0.33414796711841815,2389.5723429785994,35.64291013153164,4.539231174626386,0.005739554529628628,0.0012644331845691993,0.449233503665852,2.8666666666666667,12.219914437975964,1.0,1.0,40.0,98.55730298139966,0.0012644331845691993,0.449233503665852
AB,effective_sponge_sites,44,0.5856463892471487,0.31809303652452925,0.05540641720968964,0.35037645481237045,0.920254666357244,0.26509542561439037,0.43310533966908604,0.08222968208283765,51.71292778494298,10.0,11.180930365245292,2.110812834419379,0.0028566055621725706,1.420254666357244,0.7650954256143904,2.00783324636286,6.578374566627012,1.0,0.0028566055621725706,1.420254666357244,1.0,2.0,0.0,13.156749133254024,620,51.71292778494298,10.0,11.180930365245292,2.110812834419379,0.0028566055621725706,1.420254666357244,0.7650954256143904,2.00783324636286,6.578374566627012,1.0,0.0028566055621725706,1.420254666357244,1.0,2.0,0.0,True,,resolved_oscillation,1.0,502.25,9.712271602348492,0.000921672573193182,0.9752815638951213,390.28998511878063,9.647358059532634,475.07161534260877,198.44693728903283,0.6411149825783972,0.133970228838036,3218.3830150862736,120.79159477097329,5.8984599879179695,0.03480153735475625,0.0059001056930184335,0.4196845145523217,2.2,13.133182042620701,1.0,1.0,40.0,13.156749133254024,0.0059001056930184335,0.4196845145523217
AB,effective_sponge_sites,45,0.5735089914149888,0.2349033339983554,0.05175284264692048,0.5805394677833117,0.9703789917660842,0.9217209976436966,0.7921983999214777,0.7386041045009121,51.47017982829978,10.0,10.349033339983553,2.103505685293841,0.0056924504797607675,1.470378991766084,1.4217209976436966,3.578680435405739,59.088328360072964,1.0,0.0056924504797607675,1.470378991766084,1.0,2.0,0.0,118.17665672014593,621,51.47017982829978,10.0,10.349033339983553,2.103505685293841,0.0056924504797607675,1.470378991766084,1.4217209976436966,3.578680435405739,59.088328360072964,1.0,0.005692450479760773,1.470378991766084,1.0,2.0,0.0,True,,resolved_oscillation,1.0,440.0,8.548639260010424,0.0,0.9397723837125781,253.71850133288183,15.280860543296532,793.2170767717041,88.35592374965722,0.5886363636363636,0.0,1626.5341769390936,115.8698866983667,3.268317092101299,0.07271033591383062,0.02224702618040129,0.3821373028215952,1.8,6.361901347696359,1.0,1.0,40.0,118.17665672014593,0.02224702618040129,0.3821373028215952
AB,effective_sponge_sites,46,0.9964774922142574,0.7068669270486545,0.375212687785102,0.3997873384363825,0.13524852246151498,0.06723370737678591,0.5138327539551703,0.560700683227424,59.92954984428515,10.0,15.068669270486545,2.750425375570204,0.003312343127026481,0.635248522461515,0.5672337073767859,2.286407743300906,44.85605465819391,1.0,0.003312343127026481,0.635248522461515,1.0,2.0,0.0,89.71210931638782,622,59.92954984428515,10.0,15.068669270486545,2.750425375570204,0.003312343127026481,0.635248522461515,0.5672337073767859,2.286407743300906,44.85605465819391,1.0,0.003312343127026481,0.635248522461515,1.0,2.0,0.0,True,,resolved_oscillation,1.0,526.125,8.779058100169777,0.0006719950403293396,0.9613553008622653,257.7243558841561,9.959680193609675,293.19362432215917,125.57272275723909,0.6077453076740318,0.29082426127527217,2353.0299555754423,125.58840239699545,3.4603225256099996,0.016972776078067596,0.004904969393012163,0.4721173072650522,3.1083333333333334,10.404793805577173,1.0,1.0,40.0,89.71210931638782,0.004904969393012163,0.4721173072650522
AB,effective_sponge_sites,47,0.36135447392295206,0.6878005187327936,0.4760701006722087,0.3537843335240982,0.035015686851467165,0.6317049050261032,0.22250865784072882,0.6740256066152932,47.22708947845904,10.0,14.878005187327936,2.9521402013444176,0.002885918285406689,0.5350156868514672,1.1317049050261032,1.4306285165506754,53.92204852922346,1.0,0.002885918285406689,0.5350156868514672,1.0,2.0,0.0,107.84409705844692,623,47.22708947845904,10.0,14.878005187327936,2.9521402013444176,0.002885918285406689,0.5350156868514672,1.1317049050261032,1.4306285165506754,53.92204852922346,1.0,0.002885918285406689,0.5350156868514672,1.0,2.0,0.0,True,,resolved_oscillation,1.0,385.27272727272725,8.157875734613198,0.001212386274531867,0.9461470413648885,192.7493915946412,10.380125012489104,234.71006755558417,92.73539976609149,0.5891930155733837,0.29948900244390136,1507.9978054787796,102.44695371885769,2.858258067541423,0.013096456898677016,0.004581971462759535,0.4850033325927572,2.3666666666666667,6.535678475429544,1.0,1.0,40.0,107.84409705844692,0.004581971462759535,0.4850033325927572
AB,effective_sponge_sites,48,0.14462614962212772,0.2012148931522557,0.5951396450376651,0.09776566282190036,0.303708843795952,0.5655754693836429,0.46791123586759553,0.6345216018789176,42.89252299244255,10.0,10.012148931522557,3.1902792900753303,0.0013402816137012632,0.803708843795952,1.065575469383643,2.123517862719327,50.76172815031341,1.0,0.0013402816137012632,0.803708843795952,1.0,2.0,0.0,101.52345630062682,624,42.89252299244255,10.0,10.012148931522557,3.1902792900753303,0.0013402816137012632,0.803708843795952,1.065575469383643,2.123517862719327,50.76172815031341,1.0,0.0013402816137012632,0.803708843795952,1.0,2.0,0.0,True,,resolved_oscillation,1.0,532.8571428571429,12.423077629428086,0.0007093167053792467,0.9915985093516895,569.0302345762191,4.780702194398078,625.4957519394623,323.6052669792735,0.5977211796246649,0.3477005109975561,2876.9722405073526,32.29308122650143,5.275980943008736,0.0077563578109208576,0.0014701261992234634,0.4601199733392579,3.15,15.612050833104337,1.0,1.0,40.0,101.52345630062682,0.0014701261992234634,0.4601199733392579
AB,effective_sponge_sites,49,0.40497024324456166,0.8760220927708037,0.29672674234775864,0.5899843875985493,0.0475287430060467,0.30095928254761795,0.4587922640517281,0.43325799927552955,48.099404864891234,10.0,16.760220927708037,2.5934534846955173,0.005855815504724595,0.5475287430060467,0.800959282547618,2.0925798101307733,34.660639942042366,1.0,0.005855815504724595,0.5475287430060467,1.0,2.0,0.0,69.32127988408473,625,48.099404864891234,10.0,16.760220927708037,2.5934534846955173,0.005855815504724596,0.5475287430060467,0.800959282547618,2.0925798101307733,34.660639942042366,1.0,0.005855815504724595,0.5475287430060467,1.0,2.0,0.0,True,,resolved_oscillation,1.0,387.90909090909093,8.064737848601405,0.0007772732107699554,0.9380213705656247,198.13221196382787,12.279962944319172,233.42763013364169,102.43486124063298,0.6199906257323646,0.2639413463674739,1449.4786449218882,120.81245373127894,2.725501349879168,0.029516356749536073,0.010829698085031089,0.47478338147078425,2.316666666666667,6.274860896774329,1.0,1.0,40.0,69.32127988408473,0.010829698085031089,0.47478338147078425
AB,effective_sponge_sites,50,0.9975856292646897,0.5657544237723552,0.30706557444850346,0.4275679161838194,0.3166776682977941,0.5557163730357745,0.7210217811166746,0.1635011975121965,59.95171258529379,10.0,13.657544237723553,2.614131148897007,0.003599802582082945,0.8166776682977941,1.0557163730357746,3.1913364861096727,13.08009580097572,1.0,0.003599802582082945,0.8166776682977941,1.0,2.0,0.0,26.16019160195144,626,59.95171258529379,10.0,13.657544237723553,2.614131148897007,0.003599802582082945,0.8166776682977941,1.0557163730357746,3.1913364861096727,13.08009580097572,1.0,0.003599802582082945,0.8166776682977941,1.0,2.0,0.0,True,,resolved_oscillation,1.0,761.0,12.693548977726351,0.0,0.990668253770511,885.6051578806424,8.264242592868689,1069.354259415132,508.0308670359326,0.6360052562417872,0.24527882692734948,3305.227517648095,44.219606560420516,4.628434543221222,0.021236212105296193,0.004588206208165701,0.3810264385692068,3.55,15.886286558295982,1.0,1.0,40.0,26.16019160195144,0.004588206208165701,0.3810264385692068
AB,effective_sponge_sites,51,0.9268934724441079,0.6010086289668761,0.8318839924281232,0.564140076180349,0.1552169247113192,0.37544963365442785,0.22895891173032745,0.4437697318007716,58.53786944888216,10.0,14.010086289668761,3.6637679848562463,0.005419549169964642,0.6552169247113192,0.8754496336544279,1.4455576338904512,35.50157854406173,1.0,0.005419549169964642,0.6552169247113192,1.0,2.0,0.0,71.00315708812346,627,58.53786944888216,10.0,14.010086289668761,3.6637679848562463,0.005419549169964642,0.6552169247113192,0.8754496336544279,1.4455576338904512,35.50157854406173,1.0,0.005419549169964642,0.6552169247113192,1.0,2.0,0.0,True,,resolved_oscillation,1.0,603.2857142857143,10.305904877739527,0.0008088208040065986,0.9735428980579134,314.83964366314706,8.329744547806097,351.507958567969,194.38624538607505,0.5954889888704712,0.30793157076205285,2889.960137145691,87.69405243522344,4.1009782824919645,0.025573135964481044,0.0062358623242797315,0.4347922683848034,3.55,13.874599381654729,1.0,1.0,40.0,71.00315708812346,0.0062358623242797315,0.4347922683848034
AB,effective_sponge_sites,52,0.14798006523291785,0.030678042283148188,0.974311847035165,0.29119072017962766,0.04515025280363083,0.5388037075942974,0.6223009687936307,0.19732363730208957,42.95960130465836,10.0,8.306780422831482,3.94862369407033,0.0023924774959076765,0.5451502528036308,1.0388037075942975,2.7225114244397233,15.785890984167166,1.0,0.0023924774959076765,0.5451502528036308,1.0,2.0,0.0,31.57178196833433,628,42.95960130465836,10.0,8.306780422831482,3.94862369407033,0.0023924774959076765,0.5451502528036308,1.0388037075942975,2.7225114244397233,15.785890984167166,1.0,0.0023924774959076765,0.5451502528036308,1.0,2.0,0.0,True,,resolved_oscillation,1.0,615.0,14.315775317340108,0.0,0.9932317343403824,547.6245784967424,3.7064686290020816,580.4670241854365,436.8230745574751,0.6113821138211382,0.33237058431459676,2136.7435629345823,14.915779611312063,3.7621449303455052,0.009373912267290783,0.0024916403915438497,0.4065763163741391,3.6166666666666667,12.762479784141947,1.0,1.0,40.0,31.57178196833433,0.0024916403915438497,0.4065763163741391
AB,effective_sponge_sites,53,0.9465837550526778,0.5897803298867728,0.4516407049781953,0.47750599276686445,0.03580917778042536,0.1308974079005698,0.5193037732229046,0.10833129733756575,58.93167510105356,10.0,13.897803298867728,2.9032814099563904,0.004180705922869558,0.5358091777804254,0.6308974079005698,2.306629067691836,8.66650378700526,1.0,0.004180705922869558,0.5358091777804254,1.0,2.0,0.0,17.33300757401052,629,58.93167510105356,10.0,13.897803298867728,2.9032814099563904,0.004180705922869558,0.5358091777804254,0.6308974079005698,2.306629067691836,8.66650378700526,1.0,0.004180705922869558,0.5358091777804254,1.0,2.0,0.0,True,,resolved_oscillation,1.0,590.1428571428571,10.014018032423225,0.0006404626751548271,0.9717257505003601,290.80590101589655,8.222318601291011,303.68943076301014,197.7310662641106,0.6320503510045994,0.2694956676294157,2172.1302173197096,75.34440223507758,3.163598398636772,0.016661927044119906,0.0052667642806051825,0.4072428349255721,3.2333333333333334,9.90010437184374,1.0,1.0,40.0,17.33300757401052,0.0052667642806051825,0.4072428349255721
AB,effective_sponge_sites,54,0.26707177914853697,0.4436206392795494,0.17817196494572562,0.8842841371519518,0.8781615463568023,0.5249468382666946,0.10848811210481324,0.7991470081324397,45.34143558297074,10.0,12.436206392795494,2.3563439298914512,0.014141002111708297,1.3781615463568024,1.0249468382666946,1.190775625181259,63.93176065059517,1.0,0.014141002111708297,1.3781615463568024,1.0,2.0,0.0,127.86352130119035,630,45.34143558297074,10.0,12.436206392795494,2.3563439298914512,0.014141002111708297,1.3781615463568024,1.0249468382666946,1.190775625181259,63.93176065059517,1.0,0.014141002111708297,1.3781615463568024,1.0,2.0,0.0,True,,resolved_oscillation,1.0,295.5,6.517217556097482,0.0017559205470821348,0.8324844476030522,96.5307587920706,16.17040338235023,198.64887635161207,35.049404254458395,0.6091370558375635,0.0,1692.6870561840146,358.2541600642764,3.552975181153568,0.21780349304277338,0.06130172093463869,0.6127527216174183,1.8166666666666667,7.155176522104367,1.0,1.0,40.0,127.86352130119035,0.06130172093463869,0.6127527216174183
AB,effective_sponge_sites,55,0.03934806720952966,0.7974544171486171,0.9613679503326873,0.09528084265622816,0.8506665333513728,0.9500335252854892,0.896934550896485,0.6191559400144643,40.786961344190594,10.0,15.974544171486171,3.9227359006653746,0.0013303417916171554,1.3506665333513728,1.4500335252854892,4.235750267397727,49.53247520115714,1.0,0.0013303417916171554,1.3506665333513728,1.0,2.0,0.0,99.06495040231428,631,40.786961344190594,10.0,15.974544171486171,3.9227359006653746,0.0013303417916171554,1.3506665333513728,1.4500335252854892,4.235750267397727,49.53247520115714,1.0,0.0013303417916171554,1.3506665333513728,1.0,2.0,0.0,True,,resolved_oscillation,1.0,742.8,18.21170235585101,0.000602064614297197,0.9979899231705714,3045.423450203215,6.121535113051552,3140.8479206187776,2626.8553035327177,0.6266828217555197,0.3470339924461231,5326.363035056063,11.867724431452142,9.486245083153223,0.012913876686675643,0.0013613264862416012,0.4207953788047101,4.25,37.92268572685075,1.0,1.0,40.0,99.06495040231428,0.0013613264862416012,0.4207953788047101
AB,effective_sponge_sites,56,0.8516256211406352,0.03206752876612384,0.37451105081748515,0.9271816890983423,0.27187136671284284,0.5778246572201604,0.8284226050920022,0.20502734838734193,57.0325124228127,10.0,8.320675287661238,2.7490221016349703,0.016080190480456714,0.7718713667128428,1.0778246572201604,3.7935215181454067,16.402187870987355,1.0,0.016080190480456714,0.7718713667128428,1.0,2.0,0.0,32.80437574197471,632,57.0325124228127,10.0,8.320675287661238,2.7490221016349703,0.016080190480456714,0.7718713667128428,1.0778246572201604,3.7935215181454067,16.402187870987355,1.0,0.016080190480456714,0.7718713667128428,1.0,2.0,0.0,True,,steady_state,0.0,,,,,18.22123836423215,18.219833421632444,212.9409127030831,29.182081774654808,,0.0,541.9853881261114,541.9327614866397,0.6563271687531166,0.6562176295419762,0.9998331027323636,1.0,,,1.0,1.0,40.0,32.80437574197471,,
AB,effective_sponge_sites,57,0.8296311980119584,0.33407868225380877,0.1063301011098382,0.7176518981589709,0.6864182526670649,0.11947963965489417,0.2941963935788431,0.6122080081366711,56.592623960239166,10.0,11.340786822538089,2.212660202219676,0.008583939458666817,1.1864182526670648,0.6194796396548942,1.6055892602211639,48.97664065093369,1.0,0.008583939458666817,1.1864182526670648,1.0,2.0,0.0,97.95328130186738,633,56.592623960239166,10.0,11.340786822538089,2.212660202219676,0.008583939458666817,1.1864182526670648,0.6194796396548942,1.6055892602211639,48.97664065093369,1.0,0.008583939458666817,1.1864182526670648,1.0,2.0,0.0,True,,resolved_oscillation,1.0,411.3,7.267731573799637,0.0011744368867971017,0.9259355120969636,156.59280576842528,11.597965968538071,236.74901540988043,51.33912095939029,0.6157306102601506,0.0,2476.446799821982,292.6685873975412,4.191473923878096,0.09854007449002952,0.023509647508162677,0.5138858031548544,2.35,10.097828963119285,1.0,1.0,40.0,97.95328130186738,0.023509647508162677,0.5138858031548544
AB,effective_sponge_sites,58,0.8175887117605869,0.1733204554271618,0.2545619395517319,0.5238700721010965,0.44611669420234423,0.8290791619985357,0.35620338254456996,0.37886277999280726,56.351774235211735,10.0,9.733204554271618,2.5091238791034636,0.004803642489653149,0.9461166942023442,1.3290791619985356,1.774089313421555,30.30902239942458,1.0,0.004803642489653149,0.9461166942023442,1.0,2.0,0.0,60.61804479884916,634,56.351774235211735,10.0,9.733204554271618,2.5091238791034636,0.004803642489653149,0.9461166942023442,1.3290791619985356,1.774089313421555,30.30902239942458,1.0,0.004803642489653149,0.9461166942023442,1.0,2.0,0.0,True,,resolved_oscillation,1.0,609.2857142857143,10.812183335036833,0.0008008558629120436,0.9860042338431653,495.9856117374824,6.941698639032417,689.9754624008048,166.48401658289566,0.6113716295427901,0.208398133748056,3044.9136330008346,70.72320378055106,4.768313615330188,0.03301602838828447,0.006924047168822438,0.3803599200177738,2.9166666666666665,13.564119865666406,1.0,1.0,40.0,60.61804479884916,0.006924047168822438,0.3803599200177738
AB,effective_sponge_sites,59,0.7632201581925808,0.41076796078383804,0.9080229332326699,0.6981208695971955,0.883495417972424,0.0023260163113936194,0.593721283602114,0.6733799326734268,55.26440316385162,10.0,12.107679607838381,3.81604586646534,0.008096106117791232,1.3834954179724241,0.5023260163113936,2.6001198581367975,53.87039461387414,1.0,0.008096106117791232,1.3834954179724241,1.0,2.0,0.0,107.74078922774828,635,55.26440316385162,10.0,12.107679607838381,3.81604586646534,0.008096106117791232,1.3834954179724241,0.5023260163113936,2.6001198581367975,53.87039461387414,1.0,0.008096106117791232,1.3834954179724241,1.0,2.0,0.0,True,,resolved_oscillation,1.0,675.5,12.223057905777653,0.0008108402035605716,0.9856183690803426,536.4474275904371,7.714988911405246,722.3533571257973,191.31644213009497,0.5825314581791265,0.3065985336591868,5757.1164461834,111.3440054730331,8.442616577101438,0.08050569155027282,0.009535632799981122,0.44079093534770053,3.7333333333333334,30.127744102160168,1.0,1.0,40.0,107.74078922774828,0.009535632799981122,0.44079093534770053
AB,effective_sponge_sites,60,0.8280144790383384,0.1290319770518289,0.27037002179377156,0.05826084057960823,0.6204055522340386,0.6363897540415864,0.7583621634069664,0.12430596358562007,56.560289580766764,10.0,9.29031977051829,2.540740043587543,0.0011906910828021757,1.1204055522340386,1.1363897540415864,3.389006522197106,9.944477086849606,1.0,0.0011906910828021757,1.1204055522340386,1.0,2.0,0.0,19.88895417369921,636,56.560289580766764,10.0,9.29031977051829,2.540740043587543,0.0011906910828021757,1.1204055522340386,1.1363897540415864,3.389006522197106,9.944477086849606,1.0,0.0011906910828021757,1.1204055522340386,1.0,2.0,0.0,True,,resolved_oscillation,1.0,871.75,15.412757014886946,0.0005735589331803843,0.9973558605674065,1619.5468147774704,4.282307595884256,1873.7036488550048,1025.4379288030334,0.6423860051620304,0.25883137080648744,5066.0436235002,20.965333674687198,7.064642077779736,0.009604069621463318,0.0013594559378557604,0.36702954898911355,4.15,27.73626822874093,1.0,1.0,40.0,19.88895417369921,0.0013594559378557604,0.36702954898911355
AB,effective_sponge_sites,61,0.9131071740257232,0.3467664824287139,0.6967110274247541,0.42067994138386644,0.8075253340418616,0.5978871921920309,0.8383470861435001,0.5450715140691681,58.26214348051447,10.0,11.467664824287139,3.393422054849508,0.003526283478046295,1.3075253340418616,1.0978871921920308,3.854601325732817,43.60572112553345,1.0,0.003526283478046295,1.3075253340418616,1.0,2.0,0.0,87.2114422510669,637,58.26214348051447,10.0,11.467664824287139,3.393422054849508,0.003526283478046295,1.3075253340418616,1.0978871921920308,3.854601325732817,43.60572112553345,1.0,0.003526283478046295,1.3075253340418616,1.0,2.0,0.0,True,,resolved_oscillation,1.0,866.75,14.876726948603958,0.0005768676088837611,0.9940798968829362,1183.6108141696243,7.00709807035605,2364.2788902374105,441.22573687679846,0.591577732910297,0.2603865807598311,5818.649416247053,40.31026893990606,7.914093307027672,0.03313830215263518,0.004187251889386816,0.37169517884914466,4.25,31.879477556256347,1.0,1.0,40.0,87.2114422510669,0.004187251889386816,0.37169517884914466
AB,effective_sponge_sites,62,0.6035793947217766,0.801443232262474,0.719759264994655,0.17571134764486795,0.9266508551756341,0.7688117586288268,0.1640253001230495,0.7808445449833764,52.07158789443553,10.0,16.014432322624742,3.43951852998931,0.0016928003255044007,1.426650855175634,1.2688117586288268,1.302113269591462,62.46756359867011,1.0,0.0016928003255044007,1.426650855175634,1.0,2.0,0.0,124.93512719734022,638,52.07158789443553,10.0,16.014432322624742,3.43951852998931,0.0016928003255044007,1.426650855175634,1.2688117586288268,1.302113269591462,62.46756359867011,1.0,0.0016928003255044007,1.426650855175634,1.0,2.0,0.0,True,,resolved_oscillation,1.0,672.5,12.914912473254242,0.0008144573345801726,0.9920588059025173,952.9541527947767,7.567593893345624,1009.5477169873834,639.2117211145862,0.6070631970260223,0.3134858920239947,6357.73772175751,60.589030667804025,9.529139110588174,0.017364822710976578,0.0018222866210109044,0.4243501444123528,3.9,34.81182257537831,1.0,1.0,40.0,124.93512719734022,0.0018222866210109044,0.4243501444123528
AB,effective_sponge_sites,63,0.23882183258880485,0.795319499099534,0.45777040814547443,0.27872231544097936,0.37067281232794935,0.47539633003037374,0.4496059197472574,0.3112186038020406,44.776436651776095,10.0,15.95319499099534,2.9155408162909486,0.0023047620424185957,0.8706728123279494,0.9753963300303737,2.0618689172619074,24.897488304163247,1.0,0.0023047620424185957,0.8706728123279494,1.0,2.0,0.0,49.79497660832649,639,44.776436651776095,10.0,15.95319499099534,2.9155408162909486,0.0023047620424185957,0.8706728123279494,0.9753963300303737,2.0618689172619074,24.897488304163247,1.0,0.0023047620424185957,0.8706728123279494,1.0,2.0,0.0,True,,resolved_oscillation,1.0,507.375,11.33129471525007,0.0010200525636989714,0.9849325291768176,550.3266557636553,8.292030828938477,572.5179380946821,371.6647092490315,0.6282335550628233,0.31126416351921793,2962.684754317792,56.220221422884116,5.448139590914997,0.014627669901443204,0.0026848926422214773,0.447233948011553,2.7916666666666665,14.486932092444315,1.0,1.0,40.0,49.79497660832649,0.0026848926422214773,0.447233948011553
