uM_per_au,mrna_half_life_min,maturation_half_life_min,translation_h,immature_decay_h,complex_on_au_inv_h,complex_off_h,complex_decay_h,clock_K_au,clock_n,add_growth,alternation_accuracy,confident_fraction,dynamic_range,stable_alternation,codes,solver,minimum,S_min,S_max,median_forward,median_reverse,median_simultaneous,median_overlap_h,error,rank_score
10.0,2.0,20.0,30.0,0.0,0.1,1.0,1.0,0.3,2.0,False,0.6666666666666666,0.7142857142857143,0.3627741425241456,False,xx10101,True,0.0,0.0,0.8431361002912644,0.30835824362452974,0.3279050559174194,0.0404919373758466,1.4333333333333333,,81.3151550949051
10.0,2.0,10.0,30.0,0.0,0.1,1.0,1.0,0.3,2.0,False,0.3333333333333333,0.7142857142857143,0.44313166240722657,False,1x101x1,True,0.0,0.0,0.8564064497944871,0.2616163196606342,0.28172959352071486,0.026685934753228762,0.8333333333333334,,48.06217928145484
10.0,2.0,20.0,30.0,0.0,0.1,10.0,1.0,0.3,2.0,False,0.3333333333333333,0.5714285714285714,0.38425779610278243,False,xx1x101,True,0.0,0.0,0.8517495245649734,0.27670296819026935,0.17094810058970403,0.04725394852296114,1.4333333333333333,,45.14616255800754
10.0,2.0,20.0,30.0,0.0,0.3,10.0,1.0,0.3,2.0,False,0.3333333333333333,0.5714285714285714,0.3833317864853084,False,xx1x101,True,0.0,0.0,0.8528714477228586,0.2696761894139336,0.1781948584527811,0.04769508281427755,1.3666666666666667,,45.145236548390066
10.0,2.0,20.0,30.0,0.0,0.3,3.0,1.0,0.3,2.0,False,0.3333333333333333,0.5714285714285714,0.3697274951903733,False,xx1x101,True,0.0,0.0,0.8509593863488945,0.2768163097198898,0.23686510613908,0.04532616421857248,1.2666666666666666,,45.131632257095134
10.0,2.0,20.0,30.0,0.0,0.1,3.0,1.0,0.3,2.0,False,0.3333333333333333,0.5714285714285714,0.3692635200819796,False,xx1x101,True,0.0,0.0,0.8469988399249296,0.29591542022913586,0.22367898256895782,0.0438637184792699,1.4,,45.13116828198674
10.0,2.0,20.0,30.0,0.0,1.0,10.0,1.0,0.3,2.0,False,0.3333333333333333,0.5714285714285714,0.3646248995963248,False,xx1x101,True,0.0,0.0,0.855840235364058,0.2440064477444513,0.19551577576221296,0.049285419324861815,1.2333333333333334,,45.12652966150108
10.0,2.0,20.0,30.0,0.0,0.3,1.0,1.0,0.3,2.0,False,0.3333333333333333,0.5714285714285714,0.31369016582500514,False,xx1x101,True,0.0,0.0,0.8518849092399444,0.2684283771358661,0.3158441256643268,0.04372810547692843,1.0666666666666667,,45.07559492772977
0.3,2.0,20.0,30.0,0.0,3.0,30.0,1.0,0.3,2.0,False,0.0,1.0,0.9447670243548333,False,1111111,True,0.0,0.0,0.9998544229050188,4.404758502515092,4.403725670556229,3.458912202356028,4.633333333333333,,20.94476702435483
0.3,2.0,20.0,30.0,0.0,1.0,10.0,1.0,0.3,2.0,False,0.0,1.0,0.9411609174461077,False,1111111,True,0.0,0.0,0.9998622602995456,4.472808368895402,4.47161577682775,3.5304214695527003,4.666666666666667,,20.94116091744611
0.1,2.0,20.0,30.0,0.0,0.1,30.0,1.0,0.3,2.0,False,0.0,1.0,0.9402291038431735,False,1111111,True,0.0,0.0,0.9994137010190812,6.03464594233072,6.033295690615519,5.093042908996187,5.533333333333333,,20.940229103843173
0.3,2.0,20.0,30.0,0.0,1.0,30.0,1.0,0.3,2.0,False,0.0,1.0,0.9377627647516951,False,1111111,True,0.0,0.0,0.9997864107203059,4.1405588386927485,4.139727532165126,3.201957057674132,4.8,,20.937762764751696
0.1,2.0,20.0,30.0,0.0,0.1,10.0,1.0,0.3,2.0,False,0.0,1.0,0.9374613985898543,False,1111111,True,0.0,0.0,0.9995356906883657,6.394698355158592,6.3928251222354024,5.455263722093997,5.5,,20.937461398589853
0.3,2.0,10.0,30.0,0.0,1.0,30.0,1.0,0.3,2.0,False,0.0,1.0,0.9317510665323963,False,1111111,True,0.0,0.0,0.9995820783717482,4.4169829022375495,4.432090268206285,3.499000429282207,4.6,,20.931751066532396
0.3,2.0,20.0,30.0,0.0,0.3,30.0,1.0,0.3,2.0,False,0.0,1.0,0.9311738868456039,False,1111111,True,0.0,0.0,0.9997492761389369,3.9599733064195073,3.959264049170174,3.028118150400663,4.9,,20.931173886845603
0.3,2.0,20.0,30.0,0.0,0.3,10.0,1.0,0.3,2.0,False,0.0,1.0,0.9303736257418279,False,1111111,True,0.0,0.0,0.9998046220378997,4.182118187675386,4.181418839147106,3.2508823974446677,4.866666666666666,,20.93037362574183
0.1,2.0,20.0,30.0,0.0,0.3,30.0,1.0,0.3,2.0,False,0.0,1.0,0.9302749324705382,False,1111111,True,0.0,0.0,0.9994724989540058,6.5614311191354595,6.5560193407774845,5.624896763490191,5.466666666666667,,20.93027493247054
0.3,2.0,20.0,30.0,0.0,0.1,30.0,1.0,0.3,2.0,False,0.0,1.0,0.9285575516097146,False,1111111,True,0.0,0.0,0.9997362579521482,3.8970825069884656,3.8963748649067234,2.967871345596567,4.933333333333334,,20.928557551609714
0.3,2.0,10.0,30.0,0.0,0.3,30.0,1.0,0.3,2.0,False,0.0,1.0,0.9263475389131475,False,1111111,True,0.0,0.0,0.9995107624008361,4.2046600560368015,4.203914844517247,3.277582741296599,4.666666666666667,,20.92634753891315
0.3,2.0,20.0,30.0,0.0,0.3,3.0,1.0,0.3,2.0,False,0.0,1.0,0.9260307105669559,False,1111111,True,0.0,0.0,0.9998807295432361,4.7066646593970045,4.705654004457436,3.7797318135986284,4.8,,20.926030710566955
0.3,2.0,10.0,30.0,0.0,0.3,10.0,1.0,0.3,2.0,False,0.0,1.0,0.9249820704179356,False,1111111,True,0.0,0.0,0.9996183796625331,4.421500874849901,4.427151545186376,3.5010929737313727,4.666666666666667,,20.924982070417936
0.3,2.0,10.0,30.0,0.0,0.1,30.0,1.0,0.3,2.0,False,0.0,1.0,0.9233740459323947,False,1111111,True,0.0,0.0,0.9994880335171247,4.126508024966755,4.125609118173513,3.2022256759241863,4.7,,20.923374045932395
0.3,2.0,20.0,30.0,0.0,0.1,10.0,1.0,0.3,2.0,False,0.0,1.0,0.9232728741525821,False,1111111,True,0.0,0.0,0.9997799911523472,4.03076326651777,4.030807705224377,3.1076039730907916,4.966666666666667,,20.92327287415258
1.0,2.0,5.0,30.0,0.0,1.0,30.0,1.0,0.3,2.0,False,0.0,1.0,0.9226328608231862,False,1111111,True,0.0,0.0,0.9994574011317169,2.1795120186543984,2.371662125912333,1.4490022345071525,3.5666666666666664,,20.922632860823185
0.3,2.0,20.0,30.0,0.0,1.0,3.0,1.0,0.3,2.0,False,0.0,1.0,0.9213087147114528,False,1111111,True,0.0,0.0,0.9999347346714696,4.607540173210501,4.611043749761658,3.6991634376902045,4.466666666666667,,20.921308714711454
0.3,2.0,5.0,30.0,0.0,0.1,30.0,1.0,0.3,2.0,False,0.0,1.0,0.9173660323680239,False,1111111,True,0.0,0.0,0.9991979761839159,4.488602939522291,4.4885622147980815,3.571141188856627,4.666666666666667,,20.917366032368022
0.3,2.0,10.0,30.0,0.0,0.1,10.0,1.0,0.3,2.0,False,0.0,1.0,0.9170940586363807,False,1111111,True,0.0,0.0,0.9995761629942678,4.245536503615075,4.244608011570628,3.3275050830136403,4.7,,20.91709405863638
0.1,2.0,20.0,30.0,0.0,0.1,3.0,1.0,0.3,2.0,False,0.0,1.0,0.9169908289157724,False,1111111,True,0.0,0.0,0.9997089017940959,7.2662127847528275,7.2655494643511425,6.3478867723990975,5.533333333333333,,20.91699082891577
0.3,2.0,10.0,30.0,0.0,0.3,3.0,1.0,0.3,2.0,False,0.0,1.0,0.9160350560522307,False,1111111,True,0.0,0.0,0.999766599166172,4.841121145591345,4.847886425729256,3.930589776768042,4.633333333333333,,20.91603505605223
0.3,2.0,5.0,30.0,0.0,0.3,30.0,1.0,0.3,2.0,False,0.0,1.0,0.9155415785050688,False,1111111,True,0.0,0.0,0.9992343848207758,4.590195913419676,4.5930454315846,3.679256663320118,4.666666666666667,,20.915541578505067
1.0,2.0,5.0,30.0,0.0,0.3,30.0,1.0,0.3,2.0,False,0.0,1.0,0.9136011541677234,False,1111111,True,0.0,0.0,0.9994212369283993,2.2923017388764757,2.441162807090719,1.5275415025203296,3.6,,20.913601154167722
0.3,2.0,5.0,30.0,0.0,0.1,10.0,1.0,0.3,2.0,False,0.0,1.0,0.9135072291923846,False,1111111,True,0.0,0.0,0.999335789175359,4.5587687833667045,4.559409164275182,3.645924586475346,4.7,,20.913507229192383
0.3,2.0,20.0,30.0,0.0,0.3,1.0,1.0,0.3,2.0,False,0.0,1.0,0.9129334275303906,False,1111111,True,0.0,0.0,0.9999287440186088,5.291318306473368,5.296839219671229,4.381416545744553,4.733333333333333,,20.91293342753039
1.0,2.0,5.0,30.0,0.0,0.1,30.0,1.0,0.3,2.0,False,0.0,1.0,0.9097709755785168,False,1111111,True,0.0,0.0,0.9994097509648688,2.324667344890613,2.4613601070495035,1.5515718353382526,3.6666666666666665,,20.909770975578517
1.0,2.0,5.0,30.0,0.0,0.1,10.0,1.0,0.3,2.0,False,0.0,1.0,0.908518506227631,False,1111111,True,0.0,0.0,0.9994909065992557,2.111945521995778,2.3677995000315826,1.449697164060906,3.6666666666666665,,20.90851850622763
0.3,2.0,20.0,30.0,0.0,0.1,3.0,1.0,0.3,2.0,False,0.0,1.0,0.9069702135866703,False,1111111,True,0.0,0.0,0.999851913621709,4.480862923224704,4.4792882370694365,3.573417164331107,5.066666666666666,,20.90697021358667
1.0,2.0,2.5,30.0,0.0,1.0,10.0,1.0,0.3,2.0,False,0.0,1.0,0.9064401168372188,False,1111111,True,0.0,0.0,0.9994453565657953,2.345153697930744,2.4849313033757343,1.578467358027614,3.6333333333333333,,20.906440116837217
1.0,2.0,5.0,30.0,0.0,3.0,30.0,1.0,0.3,2.0,False,0.0,1.0,0.9055373147326813,False,1111111,True,0.0,0.0,0.9995411669972858,2.410467760932872,2.496334019659793,1.5907549105964516,3.6333333333333333,,20.90553731473268
1.0,2.0,2.5,30.0,0.0,3.0,30.0,1.0,0.3,2.0,False,0.0,1.0,0.9048761444990292,False,1111111,True,0.0,0.0,0.9993925556128578,2.394788621080446,2.49434896109691,1.5894387248627568,3.6333333333333333,,20.904876144499028
0.3,2.0,5.0,30.0,0.0,0.3,10.0,1.0,0.3,2.0,False,0.0,1.0,0.90360974593042,False,1111111,True,0.0,0.0,0.9994028873752184,4.789840468623738,4.790520290541586,3.8940714588933782,4.666666666666667,,20.90360974593042
1.0,2.0,1.0,30.0,0.0,1.0,30.0,1.0,0.3,2.0,False,0.0,1.0,0.902124441846297,False,1111111,True,0.0,0.0,0.9991403297223345,2.3615387280485938,2.491133629044367,1.5890291188262338,3.6999999999999997,,20.902124441846297
1.0,2.0,5.0,30.0,0.0,0.3,10.0,1.0,0.3,2.0,False,0.0,1.0,0.9019496361432644,False,1111111,True,0.0,0.0,0.9995147573222772,2.3012957986539178,2.4661181138010013,1.5536695050445304,3.6999999999999997,,20.901949636143264
1.0,2.0,2.5,30.0,0.0,0.3,10.0,1.0,0.3,2.0,False,0.0,1.0,0.9013151560949216,False,1111111,True,0.0,0.0,0.9993590786697815,2.3521381493603037,2.4994760374762754,1.5981273905667734,3.6999999999999997,,20.90131515609492
1.0,2.0,20.0,30.0,0.0,0.1,1.0,1.0,0.3,2.0,False,0.0,1.0,0.8975700386167319,False,0000000,True,0.0,0.0,0.9999196848787492,1.4175019855481628,1.417514560689364,0.519931023951391,1.8333333333333333,,20.89757003861673
0.3,2.0,10.0,30.0,0.0,0.1,3.0,1.0,0.3,2.0,False,0.0,1.0,0.8965339902173319,False,1111111,True,0.0,0.0,0.9997140435784748,4.654412024496648,4.65335087490974,3.7569109047909226,4.8,,20.896533990217332
1.0,2.0,1.0,30.0,0.0,1.0,10.0,1.0,0.3,2.0,False,0.0,1.0,0.8963595685784527,False,1111111,True,0.0,0.0,0.9993326533829976,2.440656486369515,2.5470820855428506,1.650678161170727,3.6999999999999997,,20.896359568578454
0.3,2.0,2.5,30.0,0.0,0.1,30.0,1.0,0.3,2.0,False,0.0,1.0,0.8958298124855882,False,1111111,True,0.0,0.0,0.9989540990971834,4.78866168371135,4.787152172983511,3.8912927687539973,4.666666666666667,,20.895829812485587
0.3,2.0,2.5,30.0,0.0,0.1,10.0,1.0,0.3,2.0,False,0.0,1.0,0.8957122810893524,False,1111111,True,0.0,0.0,0.9991362166424681,4.835270922073108,4.8341165805991695,3.9381597438524514,4.7,,20.895712281089352
0.3,2.0,5.0,30.0,0.0,0.1,3.0,1.0,0.3,2.0,False,0.0,1.0,0.8943996876289504,False,1111111,True,0.0,0.0,0.9995510761909774,4.838252082027883,4.844199111026152,3.947745641209103,4.766666666666667,,20.89439968762895
1.0,2.0,2.5,30.0,0.0,1.0,30.0,1.0,0.3,2.0,False,0.0,1.0,0.8931380324644335,False,1111111,True,0.0,0.0,0.9992836182246347,2.4464353227137368,2.5347888584996245,1.6416304839454154,3.6999999999999997,,20.893138032464435
1.0,2.0,1.0,30.0,0.0,0.3,30.0,1.0,0.3,2.0,False,0.0,1.0,0.8925441927933606,False,1111111,True,0.0,0.0,0.9990850576993584,2.4359591383625037,2.5388511843873807,1.6463052702274337,3.7333333333333334,,20.89254419279336
1.0,2.0,2.5,30.0,0.0,0.1,10.0,1.0,0.3,2.0,False,0.0,1.0,0.891785458590592,False,1111111,True,0.0,0.0,0.9993286553877363,2.426086428386072,2.547796946824923,1.6559780325193243,3.7333333333333334,,20.891785458590594
1.0,2.0,1.0,30.0,0.0,3.0,30.0,1.0,0.3,2.0,False,0.0,1.0,0.8916469788437964,False,1111111,True,0.0,0.0,0.9992705059515427,2.506980167699354,2.564820017496561,1.6731300717994926,3.7333333333333334,,20.891646978843795
1.0,2.0,20.0,30.0,0.0,0.3,1.0,1.0,0.3,2.0,False,0.0,1.0,0.8914890121214634,False,0000000,True,0.0,0.0,0.9999306449843638,1.3488341549413614,1.3488433472292016,0.4573448316635367,1.6666666666666667,,20.891489012121465
1.0,2.0,1.0,30.0,0.0,0.1,30.0,1.0,0.3,2.0,False,0.0,1.0,0.8889583275173318,False,1111111,True,0.0,0.0,0.9990675530580484,2.458565438740578,2.5534004844047065,1.664438202250126,3.7666666666666666,,20.888958327517333
1.0,2.0,1.0,30.0,0.0,0.3,10.0,1.0,0.3,2.0,False,0.0,1.0,0.8881535612874021,False,1111111,True,0.0,0.0,0.9992315335478223,2.4583385801884194,2.5683240594902825,1.6801299635859315,3.7333333333333334,,20.888153561287403
0.3,2.0,2.5,30.0,0.0,0.1,3.0,1.0,0.3,2.0,False,0.0,1.0,0.8857628643743252,False,1111111,True,0.0,0.0,0.9994163363411702,5.009060689691071,5.0195587703803195,4.137856505144924,4.766666666666667,,20.885762864374325
0.3,2.0,2.5,30.0,0.0,0.3,30.0,1.0,0.3,2.0,False,0.0,1.0,0.8842129338896454,False,1111111,True,0.0,0.0,0.9989963048565458,4.876668358872131,4.872894571439867,3.9879832395988926,4.666666666666667,,20.884212933889646
0.3,2.0,5.0,30.0,0.0,1.0,30.0,1.0,0.3,2.0,False,0.0,1.0,0.8819594008104752,False,1111111,True,0.0,0.0,0.9993397696653289,4.83827363968811,4.835661666004951,3.9534163642212743,4.666666666666667,,20.881959400810477
1.0,2.0,2.5,30.0,0.0,0.3,30.0,1.0,0.3,2.0,False,0.0,1.0,0.8764200166134368,False,1111111,True,0.0,0.0,0.9992363871643934,2.5395931372653506,2.595626241497596,1.7191803249810276,3.8,,20.876420016613437
1.0,2.0,1.0,30.0,0.0,0.1,10.0,1.0,0.3,2.0,False,0.0,1.0,0.8754834964648065,False,1111111,True,0.0,0.0,0.999195011117915,2.537871885335031,2.6208325095695697,1.745324248313839,3.8,,20.875483496464806
1.0,2.0,10.0,30.0,0.0,0.3,30.0,1.0,0.3,2.0,False,0.0,1.0,0.873925701418897,False,1111111,True,0.0,0.0,0.9996374480879222,2.4337501043697243,2.5187851021373855,1.6157195162154645,3.933333333333333,,20.873925701418898
0.3,2.0,1.0,30.0,0.0,0.1,10.0,1.0,0.3,2.0,False,0.0,1.0,0.8722749819223182,False,1111111,True,0.0,0.0,0.9989689421417243,4.992021871152862,4.988694014856799,4.115797496962156,4.7,,20.872274981922317
0.3,2.0,1.0,30.0,0.0,0.1,30.0,1.0,0.3,2.0,False,0.0,1.0,0.872244765345157,False,1111111,True,0.0,0.0,0.998752033073415,4.938730686805853,4.935222725456418,4.06226967805327,4.666666666666667,,20.872244765345158
1.0,2.0,2.5,30.0,0.0,0.1,30.0,1.0,0.3,2.0,False,0.0,1.0,0.8703682158446078,False,1111111,True,0.0,0.0,0.9992214089734555,2.568860444138177,2.6147846926865004,1.7443795377783435,3.8333333333333335,,20.870368215844607
0.3,2.0,1.0,30.0,0.0,0.1,3.0,1.0,0.3,2.0,False,0.0,1.0,0.8664812462562045,False,1111111,True,0.0,0.0,0.9993041252621856,5.138973364265901,5.139638004009084,4.270461768542451,4.8,,20.866481246256203
0.3,2.0,20.0,30.0,0.0,0.1,1.0,1.0,0.3,2.0,False,0.0,1.0,0.8627389527031929,False,1111111,True,0.0,0.0,0.9999043170431549,5.33534225152985,5.323432864610714,4.465384578875673,5.333333333333333,,20.862738952703193
1.0,2.0,20.0,30.0,0.0,1.0,1.0,1.0,0.3,2.0,False,0.0,1.0,0.8611055609388276,False,0000000,True,0.0,0.0,0.9999547217968973,1.1737443330408013,1.1737489941135146,0.31263898464176615,1.2666666666666666,,20.861105560938828
1.0,2.0,10.0,30.0,0.0,1.0,30.0,1.0,0.3,2.0,False,0.0,1.0,0.8571664821560246,False,1111111,True,0.0,0.0,0.9996606034242828,2.6142254123322677,2.625661697496531,1.760664791542655,3.966666666666667,,20.857166482156025
0.3,2.0,1.0,30.0,0.0,0.3,30.0,1.0,0.3,2.0,False,0.0,1.0,0.8564630329531263,False,1111111,True,0.0,0.0,0.9988095775284733,4.9884667342177655,4.985130670637084,4.127341498098678,4.666666666666667,,20.856463032953126
0.3,2.0,10.0,30.0,0.0,0.1,1.0,1.0,0.3,2.0,False,0.0,1.0,0.8542949171189506,False,1111111,True,0.0,0.0,0.9998134647137883,5.37789877154934,5.382620219536333,4.525628526867837,4.966666666666667,,20.85429491711895
0.3,2.0,2.5,30.0,0.0,0.3,10.0,1.0,0.3,2.0,False,0.0,1.0,0.8531095821816024,False,1111111,True,0.0,0.0,0.9992174911374251,5.002436718214351,4.999364964121148,4.144723551718845,4.7,,20.853109582181602
1.0,2.0,5.0,30.0,0.0,1.0,3.0,1.0,0.3,2.0,False,0.0,1.0,0.8509284761596065,False,1111111,True,0.0,0.0,0.9997454887855883,2.5534980950259927,2.6166625227140767,1.725457264870554,3.8666666666666667,,20.850928476159606
0.3,2.0,5.0,30.0,0.0,0.1,1.0,1.0,0.3,2.0,False,0.0,1.0,0.8456261182312647,False,1111111,True,0.0,0.0,0.9997056671268804,5.463475147136273,5.4633363858776045,4.616799860910115,4.933333333333334,,20.845626118231266
1.0,2.0,10.0,30.0,0.0,0.1,1.0,1.0,0.3,2.0,False,0.0,1.0,0.831050302737945,False,0000000,True,0.0,0.0,0.9998408208316306,1.7538332050658776,1.7540902376784178,0.9227838002819053,2.3333333333333335,,20.831050302737946
0.3,2.0,2.5,30.0,0.0,0.1,1.0,1.0,0.3,2.0,False,0.0,1.0,0.8303226684766699,False,1111111,True,0.0,0.0,0.9996152942019333,5.37649885359356,5.400049031482114,4.613196974392821,4.933333333333334,,20.83032266847667
1.0,2.0,20.0,30.0,0.0,1.0,3.0,1.0,0.3,2.0,False,0.0,1.0,0.8236279638630309,False,0000000,True,0.0,0.0,0.9999231612918509,1.4339221339737185,1.4339443254594588,0.6102877664777261,2.033333333333333,,20.823627963863032
1.0,2.0,5.0,30.0,0.0,1.0,10.0,1.0,0.3,2.0,False,0.0,1.0,0.8206708927911904,False,1111111,True,0.0,0.0,0.9995807849521811,2.2534763213466844,2.4847998912256024,1.6641401840791725,4.133333333333333,,20.820670892791192
0.3,2.0,1.0,30.0,0.0,0.3,10.0,1.0,0.3,2.0,False,0.0,1.0,0.8200903788119696,False,1111111,True,0.0,0.0,0.9990702833919081,5.056220682226353,5.053754557044094,4.234415706843675,4.766666666666667,,20.82009037881197
0.3,2.0,2.5,30.0,0.0,1.0,30.0,1.0,0.3,2.0,False,0.0,1.0,0.8191396545204033,False,1111111,True,0.0,0.0,0.9991364054095551,4.958418653189853,4.955558706922245,4.13578517170755,4.766666666666667,,20.819139654520402
1.0,2.0,10.0,30.0,0.0,3.0,30.0,1.0,0.3,2.0,False,0.0,1.0,0.8127852105971441,False,1111111,True,0.0,0.0,0.9997141769165979,2.5828697646186,2.8038668733742216,2.0205440497613525,4.1,,20.812785210597145
1.0,2.0,20.0,30.0,0.0,3.0,3.0,1.0,0.3,2.0,False,0.0,1.0,0.8051692551173919,False,0000000,True,0.0,0.0,0.9999592698201739,1.152579269065678,1.1525861898911989,0.34741055364201395,1.3666666666666667,,20.80516925511739
0.3,2.0,1.0,30.0,0.0,1.0,30.0,1.0,0.3,2.0,False,0.0,1.0,0.7876478816987402,False,1111111,True,0.0,0.0,0.9989663856356842,5.0099612009415475,5.007291528461659,4.216850054401728,4.933333333333334,,20.78764788169874
1.0,2.0,1.0,30.0,0.0,0.1,3.0,1.0,0.3,2.0,False,0.0,1.0,0.7811361211662745,False,1111111,True,0.0,0.0,0.9994166679399278,2.590633338641287,2.7148596674097574,1.920301305253735,4.266666666666667,,20.781136121166274
1.0,2.0,1.0,30.0,0.0,0.3,3.0,1.0,0.3,2.0,False,0.0,1.0,0.7725882999327132,False,1111111,True,0.0,0.0,0.9994649091516624,2.577166693335779,2.7232634266079883,2.0141407904922044,4.166666666666667,,20.772588299932714
1.0,2.0,10.0,30.0,0.0,1.0,10.0,1.0,0.3,2.0,False,0.0,1.0,0.747318450045322,False,1111111,True,0.0,0.0,0.9997401604010082,3.0677995270971268,2.8942357506213447,2.1468479305893604,4.2,,20.747318450045324
1.0,2.0,2.5,30.0,0.0,0.3,3.0,1.0,0.3,2.0,False,0.0,1.0,0.737832089288964,False,1111111,True,0.0,0.0,0.9995546755499871,2.789659818275115,2.903010280708169,2.248861812984286,4.2,,20.737832089288965
1.0,2.0,5.0,30.0,0.0,0.3,3.0,1.0,0.3,2.0,False,0.0,1.0,0.6747221940183034,False,1111111,True,0.0,0.0,0.9996638824573078,3.2919130801042513,3.1203687029097007,2.462487725687977,4.3,,20.674722194018305
3.0,2.0,1.0,30.0,0.0,0.1,3.0,1.0,0.3,2.0,False,0.0,1.0,0.593437988350606,False,1111111,True,0.0,0.0,0.9972207035395086,1.2334884680479616,1.2308054699440787,0.6402044763184396,3.2333333333333334,,20.593437988350605
0.1,2.0,5.0,30.0,0.0,3.0,30.0,1.0,0.3,2.0,False,0.0,1.0,0.5481132812507006,False,1111111,True,0.0,0.0,0.999358927305605,7.869584408699021,7.868316597451328,7.190069751170819,6.1,,20.5481132812507
0.1,2.0,5.0,30.0,0.0,1.0,10.0,1.0,0.3,2.0,False,0.0,1.0,0.5379807671719705,False,1111111,True,0.0,0.0,0.9993659074191341,7.9398637582199845,7.9384906359836975,7.285298103168458,6.1,,20.53798076717197
0.1,2.0,2.5,30.0,0.0,3.0,30.0,1.0,0.3,2.0,False,0.0,1.0,0.5288911165549279,False,1111111,True,0.0,0.0,0.9991494478542059,7.9719279681902355,7.971131212727899,7.325857624089897,6.066666666666666,,20.528891116554927
0.1,2.0,2.5,30.0,0.0,1.0,10.0,1.0,0.3,2.0,False,0.0,1.0,0.5267565939563914,False,1111111,True,0.0,0.0,0.9991598712352576,8.03438645722255,8.033418779074925,7.400617453663298,6.066666666666666,,20.526756593956392
1.0,2.0,10.0,30.0,0.0,3.0,10.0,1.0,0.3,2.0,False,0.0,0.8571428571428571,0.8860525952531235,False,x111111,True,0.0,0.0,0.9998188421083085,2.576769615854008,2.569437629309486,1.6833867745122348,3.6333333333333333,,18.028909738110265
1.0,2.0,10.0,30.0,0.0,0.1,30.0,1.0,0.3,2.0,False,0.0,0.8571428571428571,0.8793903395522139,False,11111x1,True,0.0,0.0,0.9996305650171528,2.3772999399805723,2.486424192372591,1.5743845339077178,3.9,,18.022247482409355
1.0,2.0,10.0,30.0,0.0,0.3,1.0,1.0,0.3,2.0,False,0.0,0.8571428571428571,0.8118961730593399,False,x000000,True,0.0,0.0,0.9998607471594507,1.7174772648322856,1.7176792881385659,0.9055801596378971,2.3333333333333335,,17.95475331591648
0.1,2.0,10.0,30.0,0.0,0.1,10.0,1.0,0.3,2.0,False,0.0,0.8571428571428571,0.6797778699231318,False,1x11111,True,0.0,0.0,0.999102429665105,8.213315976157595,8.212025904190897,7.532210439618321,5.833333333333333,,17.822635012780275
3.0,2.0,1.0,30.0,0.0,0.3,30.0,1.0,0.3,2.0,False,0.0,0.8571428571428571,0.676072470165865,False,11x1111,True,0.0,0.0,0.9964170382023201,1.2244574083809714,1.2121236659872878,0.559077704567555,3.1,,17.81892961302301
3.0,2.0,1.0,30.0,0.0,0.3,3.0,1.0,0.3,2.0,False,0.0,0.8571428571428571,0.653985199201999,False,111x111,True,0.0,0.0,0.9973127900303855,1.164469082718532,1.2508618994843095,0.6059950023305751,3.2,,17.79684234205914
1.0,2.0,20.0,30.0,0.0,0.3,30.0,1.0,0.3,2.0,False,0.0,0.7142857142857143,0.7770295480769791,False,xx11111,True,0.0,0.0,0.9998174130567681,2.4275006317905814,2.721933557271862,1.9080099225255567,4.066666666666666,,15.062743833791266
1.0,2.0,2.5,30.0,0.0,0.1,3.0,1.0,0.3,2.0,False,0.0,0.7142857142857143,0.7534350345480579,False,11x111x,True,0.0,0.0,0.9995150216254169,2.656526267194441,2.882839630283147,2.1294053218611353,4.266666666666667,,15.039149320262345
1.0,2.0,10.0,30.0,0.0,0.3,10.0,1.0,0.3,2.0,False,0.0,0.7142857142857143,0.7423100269358696,False,11x111x,True,0.0,0.0,0.9996966026639242,2.9523217076269104,2.931285813787873,2.304680075465158,4.233333333333333,,15.028024312650157
3.0,2.0,1.0,30.0,0.0,1.0,10.0,1.0,0.3,2.0,False,0.0,0.7142857142857143,0.7001522836801586,False,111x1x1,True,0.0,0.0,0.9969036859528221,1.171240965425038,1.2147759051467488,0.542414393239607,3.0666666666666664,,14.985866569394446
3.0,2.0,1.0,30.0,0.0,0.1,30.0,1.0,0.3,2.0,False,0.0,0.7142857142857143,0.6412358452055462,False,11x11x1,True,0.0,0.0,0.9963933447027319,1.1437356344973304,1.250596769010694,0.5655350192544292,3.1333333333333333,,14.926950130919833
3.0,2.0,1.0,30.0,0.0,0.3,10.0,1.0,0.3,2.0,False,0.0,0.7142857142857143,0.5841268904774897,False,11x111x,True,0.0,0.0,0.9967321201084172,1.2176554158795565,1.162121636712009,0.5780290632537243,3.2,,14.869841176191777
3.0,2.0,1.0,30.0,0.0,1.0,3.0,1.0,0.3,2.0,False,0.0,0.7142857142857143,0.5661409853023456,False,111x11x,True,0.0,0.0,0.9975889770401628,1.0897267782833213,1.1452364917541142,0.5790867946460683,3.2,,14.851855271016632
3.0,2.0,1.0,30.0,0.0,0.1,10.0,1.0,0.3,2.0,False,0.0,0.7142857142857143,0.5505623973480906,False,11x11x1,True,0.0,0.0,0.9966779763087389,1.0933642720366579,1.1949828812993901,0.6443881746370693,3.533333333333333,,14.836276683062376
1.0,2.0,10.0,30.0,0.0,0.1,10.0,1.0,0.3,2.0,False,0.0,0.5714285714285714,0.7703053377900968,False,11x1x1x,True,0.0,0.0,0.9996820983647852,2.856460088824535,2.890111681429245,2.2259392449056383,4.2,,12.198876766361524
1.0,2.0,20.0,30.0,0.0,0.1,30.0,1.0,0.3,2.0,False,0.0,0.5714285714285714,0.7316844180859872,False,xx111x1,True,0.0,0.0,0.9998137958704439,2.471688287441988,2.630231154117807,1.7770358061067753,3.6999999999999997,,12.160255846657414
1.0,2.0,1.0,30.0,0.0,0.1,1.0,1.0,0.3,2.0,False,0.0,0.5714285714285714,0.7002435688197042,False,xx11x11,True,0.0,0.0,0.9995914867305953,2.8579937589410176,2.960467897424975,2.251294657655486,4.3,,12.128814997391132
1.0,2.0,2.5,30.0,0.0,0.3,1.0,1.0,0.3,2.0,False,0.0,0.5714285714285714,0.6964034655813304,False,xxx1111,True,0.0,0.0,0.9996998400818378,2.7098650868691094,2.767029235900674,2.1082923870252768,4.066666666666666,,12.124974894152757
1.0,2.0,5.0,30.0,0.0,0.1,3.0,1.0,0.3,2.0,False,0.0,0.5714285714285714,0.6587033159324751,False,x1x111x,True,0.0,0.0,0.9996331190454645,3.339598599082195,3.03172889173496,2.527900967156575,4.333333333333333,,12.087274744503903
3.0,2.0,1.0,30.0,0.0,1.0,30.0,1.0,0.3,2.0,False,0.0,0.5714285714285714,0.6379991546957231,False,11x1xx1,True,0.0,0.0,0.9964966057271895,1.142962137701732,1.1786098779148706,0.5406131312900108,3.033333333333333,,12.06657058326715
3.0,2.0,2.5,30.0,0.0,0.1,30.0,1.0,0.3,2.0,False,0.0,0.5714285714285714,0.6014423085196232,False,1xx111x,True,0.0,0.0,0.9969143344964212,1.117054846188708,1.1652375381419808,0.5692805710053606,3.3,,12.03001373709105
3.0,2.0,2.5,30.0,0.0,3.0,30.0,1.0,0.3,2.0,False,0.0,0.5714285714285714,0.5985811165204257,False,1x1x11x,True,0.0,0.0,0.9971789320248508,1.0639774998741434,1.1916348205611205,0.5806271045469777,3.3666666666666667,,12.027152545091853
3.0,2.0,2.5,30.0,0.0,0.3,10.0,1.0,0.3,2.0,False,0.0,0.5714285714285714,0.5942028528977185,False,1x11x1x,True,0.0,0.0,0.9972064403481758,1.1355458667715272,1.236387548798501,0.6118253481670235,3.3,,12.022774281469145
3.0,2.0,1.0,30.0,0.0,3.0,10.0,1.0,0.3,2.0,False,0.0,0.5714285714285714,0.568665747469966,False,1xx111x,True,0.0,0.0,0.9973074377094068,0.8785124516016223,0.9400695665379781,0.5319788041791331,3.2,,11.997237176041393
3.0,2.0,2.5,30.0,0.0,1.0,10.0,1.0,0.3,2.0,False,0.0,0.5714285714285714,0.5642749559600677,False,111xx1x,True,0.0,0.0,0.9973498984932836,1.035120613323769,1.0993663878497517,0.5778619159668916,3.2,,11.992846384531495
3.0,2.0,2.5,30.0,0.0,1.0,30.0,1.0,0.3,2.0,False,0.0,0.5714285714285714,0.5621642377936417,False,1xx1x11,True,0.0,0.0,0.9970004429366932,1.0000343185566092,1.1960392783475737,0.6174285515674258,3.533333333333333,,11.990735666365069
3.0,2.0,2.5,30.0,0.0,0.3,30.0,1.0,0.3,2.0,False,0.0,0.5714285714285714,0.5619466731244465,False,1xx111x,True,0.0,0.0,0.9969340923641165,1.0610019353783822,1.1240741730971116,0.5733612682903084,3.2,,11.990518101695873
3.0,2.0,1.0,30.0,0.0,3.0,30.0,1.0,0.3,2.0,False,0.0,0.5714285714285714,0.5562535861253081,False,111xx1x,True,0.0,0.0,0.9966984172857296,1.1396912063091502,1.1012179681342547,0.5449674751275339,3.1,,11.984825014696735
3.0,2.0,2.5,30.0,0.0,0.1,3.0,1.0,0.3,2.0,False,0.0,0.5714285714285714,0.5496597436102566,False,x11x1x1,True,0.0,0.0,0.9976299881967564,1.1482916783465646,1.2389908150423727,0.6663104878994528,3.3333333333333335,,11.978231172181683
10.0,2.0,5.0,30.0,0.0,0.1,3.0,1.0,0.3,2.0,False,0.0,0.5714285714285714,0.45409857090010497,False,1x1x1x1,True,0.0,0.0,0.8545056524940168,0.21934736888719597,0.3073232174068498,0.03786453187435472,1.2,,11.882669999471531
10.0,2.0,10.0,30.0,0.0,0.1,3.0,1.0,0.3,2.0,False,0.0,0.5714285714285714,0.44442376969875685,False,1x1x1x1,True,0.0,0.0,0.8531748142112855,0.25047794860734884,0.31288921492164057,0.03275630486069929,1.0333333333333332,,11.872995198270184
10.0,2.0,2.5,30.0,0.0,0.1,1.0,1.0,0.3,2.0,False,0.0,0.5714285714285714,0.44132701740771657,False,1x1x1x1,True,0.0,0.0,0.8518899252857334,0.20441701588044672,0.27392025436204265,0.03341767849399344,1.1333333333333333,,11.869898445979144
10.0,2.0,5.0,30.0,0.0,0.1,1.0,1.0,0.3,2.0,False,0.0,0.5714285714285714,0.4393516118713712,False,1x1x1x1,True,0.0,0.0,0.8517208668996024,0.22198765158524145,0.29396062031127035,0.02999314743139927,1.0,,11.867923040442799
10.0,2.0,10.0,30.0,0.0,0.3,3.0,1.0,0.3,2.0,False,0.0,0.5714285714285714,0.42448674874673054,False,1x1x1x1,True,0.0,0.0,0.8536118498228106,0.2462014788498501,0.279429833602272,0.03231976289869409,1.0,,11.853058177318157
10.0,2.0,5.0,30.0,0.0,0.3,1.0,1.0,0.3,2.0,False,0.0,0.5714285714285714,0.4207875898104767,False,1x1x1x1,True,0.0,0.0,0.854212236940361,0.21263849478476302,0.23903093175150059,0.029395863667701243,0.9666666666666667,,11.849359018381904
10.0,2.0,10.0,30.0,0.0,0.3,1.0,1.0,0.3,2.0,False,0.0,0.5714285714285714,0.4120469504791694,False,1x1x1x1,True,0.0,0.0,0.8528045563475695,0.24503547382013896,0.22447716909027604,0.026892112566612565,0.8666666666666667,,11.840618379050596
1.0,2.0,10.0,30.0,0.0,0.1,3.0,1.0,0.3,2.0,False,0.0,0.42857142857142855,0.7503396757869975,False,xxxx111,True,0.0,0.0,0.9997699343750384,2.4017225366310893,2.6460983187884293,1.7923211348058432,3.7333333333333334,,9.32176824721557
1.0,2.0,20.0,30.0,0.0,1.0,30.0,1.0,0.3,2.0,False,0.0,0.42857142857142855,0.7245702977883212,False,xxx111x,True,0.0,0.0,0.999830345910768,2.5524796971573664,2.7150345112737235,1.8913510061839591,3.8666666666666667,,9.295998869216893
1.0,2.0,10.0,30.0,0.0,1.0,3.0,1.0,0.3,2.0,False,0.0,0.42857142857142855,0.7051602497367391,False,xxxx111,True,0.0,0.0,0.9998427942021167,2.3370822991223807,2.5144776737085257,1.7477719883751166,3.933333333333333,,9.27658882116531
0.1,2.0,10.0,30.0,0.0,0.1,30.0,1.0,0.3,2.0,False,0.0,0.42857142857142855,0.7021749349733832,False,1xx11xx,True,0.0,0.0,0.9988641537430044,8.173064061060337,8.173980941610186,7.472639050899865,5.633333333333333,,9.273603506401955
0.1,2.0,20.0,30.0,0.0,0.3,10.0,1.0,0.3,2.0,False,0.0,0.42857142857142855,0.6603408523342549,False,111xxxx,True,0.0,0.0,0.9996296942177627,7.919499555628492,7.934995749605268,7.2746248472541915,6.333333333333333,,9.231769423762826
1.0,2.0,2.5,30.0,0.0,0.1,1.0,1.0,0.3,2.0,False,0.0,0.42857142857142855,0.6593594695202633,False,xxx11x1,True,0.0,0.0,0.9996613772152435,2.779803779298736,2.906660161148938,2.1405293569296893,4.333333333333333,,9.230788040948834
0.1,2.0,20.0,30.0,0.0,0.1,1.0,1.0,0.3,2.0,False,0.0,0.42857142857142855,0.6234023763473957,False,1xx11xx,True,0.0,0.0,0.9998211570487752,8.386538101693695,8.276681633743397,7.649349067304712,6.566666666666666,,9.194830947775968
0.1,2.0,20.0,30.0,0.0,1.0,3.0,1.0,0.3,2.0,False,0.0,0.42857142857142855,0.5509556505386017,False,x1x1x1x,True,0.0,0.0,0.9999238600845268,4.558262764102174,4.456937227858286,3.724709190155423,6.3,,9.122384221967174
0.1,2.0,20.0,30.0,0.0,1.0,1.0,1.0,0.3,2.0,False,0.0,0.42857142857142855,0.5483830615787453,False,x1x1x1x,True,0.0,0.0,0.9999652394335782,4.438179792884389,4.473571070287333,3.795133055021894,5.533333333333333,,9.119811633007316
0.1,2.0,20.0,30.0,0.0,3.0,30.0,1.0,0.3,2.0,False,0.0,0.42857142857142855,0.5434780963044006,False,xx1x1x1,True,0.0,0.0,0.999798774327834,8.203887601914623,8.341230188918349,7.671731156031942,6.666666666666667,,9.114906667732972
3.0,2.0,2.5,30.0,0.0,0.3,3.0,1.0,0.3,2.0,False,0.0,0.42857142857142855,0.5346942221651858,False,xxx1x11,True,0.0,0.0,0.997706908346618,1.058532733587553,1.0765145153581976,0.649998582940577,3.4,,9.106122793593757
0.1,2.0,20.0,30.0,0.0,3.0,10.0,1.0,0.3,2.0,False,0.0,0.42857142857142855,0.5265199918419731,False,x1x1x1x,True,0.0,0.0,0.9999263646053265,4.379741460983956,4.447536947784849,3.6472199815458404,6.066666666666666,,9.097948563270544
0.1,2.0,20.0,30.0,0.0,1.0,10.0,1.0,0.3,2.0,False,0.0,0.42857142857142855,0.5126679240512099,False,xx1x1x1,True,0.0,0.0,0.9997996771485252,8.17652483772252,8.30980565306266,7.684550630165414,6.7,,9.08409649547978
0.3,2.0,20.0,30.0,0.0,3.0,10.0,1.0,0.3,2.0,False,0.0,0.42857142857142855,0.47033112819861617,False,1xx11xx,True,0.0,0.0,0.9999316703247219,4.6598403774454304,4.515457307009812,3.6863998259983055,5.133333333333333,,9.041759699627187
10.0,2.0,5.0,30.0,0.0,0.1,10.0,1.0,0.3,2.0,False,0.0,0.42857142857142855,0.4496646839451189,False,xx1x1x1,True,0.0,0.0,0.8542960602738919,0.21162768221501063,0.2933597115346612,0.04466326160926582,1.3333333333333333,,9.02109325537369
0.1,2.0,20.0,30.0,0.0,0.3,1.0,1.0,0.3,2.0,False,0.0,0.42857142857142855,0.4491716201200686,False,x1x1x1x,True,0.0,0.0,0.9998944110707114,6.273584114701784,6.0757977765048,5.5780659225490705,6.333333333333333,,9.02060019154864
10.0,2.0,10.0,30.0,0.0,0.1,30.0,1.0,0.3,2.0,False,0.0,0.42857142857142855,0.44617341485383066,False,xx1x1x1,True,0.0,0.0,0.8569208804302267,0.24642389526766295,0.30437220757586864,0.04035520987124719,1.2333333333333334,,9.017601986282402
10.0,2.0,10.0,30.0,0.0,0.3,30.0,1.0,0.3,2.0,False,0.0,0.42857142857142855,0.4448012864729666,False,xx1x1x1,True,0.0,0.0,0.857029671387103,0.24580386219642292,0.3004462781927482,0.04022133819645041,1.2333333333333334,,9.016229857901537
10.0,2.0,10.0,30.0,0.0,0.1,10.0,1.0,0.3,2.0,False,0.0,0.42857142857142855,0.44360323572905186,False,xx1x1x1,True,0.0,0.0,0.8556783937634787,0.24813814141215332,0.31066534005684626,0.038191425332879295,1.1666666666666667,,9.015031807157623
10.0,2.0,2.5,30.0,0.0,0.1,3.0,1.0,0.3,2.0,False,0.0,0.42857142857142855,0.4434131516163739,False,xx1x1x1,True,0.0,0.0,0.8519040215195965,0.19724329614736036,0.279655458739076,0.04226491845424726,1.3333333333333333,,9.014841723044945
10.0,2.0,5.0,30.0,0.0,0.3,10.0,1.0,0.3,2.0,False,0.0,0.42857142857142855,0.4432242961305144,False,xx1x1x1,True,0.0,0.0,0.8544639284547199,0.20865666704014377,0.28395024460712875,0.044175310330814926,1.3333333333333333,,9.014652867559086
10.0,2.0,5.0,30.0,0.0,0.3,3.0,1.0,0.3,2.0,False,0.0,0.42857142857142855,0.4413811105597591,False,xx1x1x1,True,0.0,0.0,0.8549148416488375,0.21308642561641597,0.2781865293188206,0.03696749736119585,1.1666666666666667,,9.01280968198833
10.0,2.0,10.0,30.0,0.0,0.3,10.0,1.0,0.3,2.0,False,0.0,0.42857142857142855,0.44004291674092566,False,xx1x1x1,True,0.0,0.0,0.8561128716002939,0.24645556155909037,0.29897101623283423,0.037872390543850984,1.1666666666666667,,9.011471488169496
10.0,2.0,10.0,30.0,0.0,1.0,30.0,1.0,0.3,2.0,False,0.0,0.42857142857142855,0.4400017351485833,False,xx1x1x1,True,0.0,0.0,0.857379880197832,0.24365238747120493,0.28721070919136305,0.03980011234790064,1.2333333333333334,,9.011430306577154
10.0,2.0,5.0,30.0,0.0,0.1,30.0,1.0,0.3,2.0,False,0.0,0.42857142857142855,0.43822579992756505,False,xx1x1x1,True,0.0,0.0,0.8547166547458023,0.2050341849315853,0.28379589860312615,0.047300066062730524,1.4,,9.009654371356136
10.0,2.0,5.0,30.0,0.0,0.3,30.0,1.0,0.3,2.0,False,0.0,0.42857142857142855,0.43569434530610085,False,xx1x1x1,True,0.0,0.0,0.8547546307389529,0.20389295998841195,0.28073400355989886,0.04710744020780578,1.4,,9.007122916734673
10.0,2.0,1.0,30.0,0.0,0.1,1.0,1.0,0.3,2.0,False,0.0,0.42857142857142855,0.43469387372093626,False,xx1x1x1,True,0.0,0.0,0.8499599299430817,0.1913064156600738,0.2556388086432616,0.0360581940292816,1.2333333333333334,,9.006122445149508
10.0,2.0,10.0,30.0,0.0,1.0,10.0,1.0,0.3,2.0,False,0.0,0.42857142857142855,0.42769380387144,False,xx1x1x1,True,0.0,0.0,0.8574244854182287,0.24082912658457642,0.2624079957520857,0.0370924382144041,1.1666666666666667,,8.999122375300011
10.0,2.0,10.0,30.0,0.0,3.0,30.0,1.0,0.3,2.0,False,0.0,0.42857142857142855,0.4259215101102056,False,xx1x1x1,True,0.0,0.0,0.858013168161663,0.23744487626952293,0.2534387385870022,0.038937139226726605,1.2,,8.997350081538777
10.0,2.0,5.0,30.0,0.0,1.0,30.0,1.0,0.3,2.0,False,0.0,0.42857142857142855,0.42565993021861936,False,xx1x1x1,True,0.0,0.0,0.8548723126031282,0.1998649342108596,0.27035870908919124,0.04647645930502477,1.4,,8.997088501647191
10.0,2.0,2.5,30.0,0.0,0.3,3.0,1.0,0.3,2.0,False,0.0,0.42857142857142855,0.41678540539826026,False,xx1x1x1,True,0.0,0.0,0.8522748005154197,0.18816246854466898,0.25510046359104765,0.04130267520182526,1.3333333333333333,,8.988213976826831
10.0,2.0,5.0,30.0,0.0,1.0,10.0,1.0,0.3,2.0,False,0.0,0.42857142857142855,0.4162023138166123,False,xx1x1x1,True,0.0,0.0,0.8549910280892311,0.19797407179769086,0.25412932904500657,0.042787900842001673,1.3333333333333333,,8.987630885245183
0.1,2.0,20.0,30.0,0.0,3.0,3.0,1.0,0.3,2.0,False,0.0,0.42857142857142855,0.41540652372985143,False,x1x1x1x,True,0.0,0.0,0.9999773881398736,5.171767777985462,5.211597658824642,4.7468737188301,5.8,,8.986835095158423
10.0,2.0,2.5,30.0,0.0,0.3,1.0,1.0,0.3,2.0,False,0.0,0.42857142857142855,0.41538190909760453,False,xx1x1x1,True,0.0,0.0,0.8521881308076732,0.1919401553278456,0.22561154287807522,0.03267284049142973,1.1333333333333333,,8.986810480526175
10.0,2.0,10.0,30.0,0.0,1.0,3.0,1.0,0.3,2.0,False,0.0,0.42857142857142855,0.39668040889512185,False,xx1x1x1,True,0.0,0.0,0.8581588112243496,0.23326562868860312,0.19544912270570164,0.03249118504728232,1.0333333333333332,,8.968108980323693
10.0,2.0,1.0,30.0,0.0,0.1,3.0,1.0,0.3,2.0,False,0.0,0.42857142857142855,0.39332751616472306,False,xx1x1x1,True,0.0,0.0,0.8498932701005769,0.1779329046023078,0.25822687848028664,0.04549644917999292,1.4333333333333333,,8.964756087593294
10.0,2.0,20.0,30.0,0.0,0.1,30.0,1.0,0.3,2.0,False,0.0,0.42857142857142855,0.3895223856008109,False,xx1x1x1,True,0.0,0.0,0.8536423003993313,0.26650358554507575,0.16897309752228445,0.048658393521154114,1.4333333333333333,,8.960950957029382
10.0,2.0,20.0,30.0,0.0,0.3,30.0,1.0,0.3,2.0,False,0.0,0.42857142857142855,0.3889939787931468,False,xx1x1x1,True,0.0,0.0,0.8539657661058891,0.2640152598731383,0.166559271562417,0.04879664173092066,1.4333333333333333,,8.960422550221718
10.0,2.0,20.0,30.0,0.0,1.0,30.0,1.0,0.3,2.0,False,0.0,0.42857142857142855,0.38691763823522174,False,xx1x1x1,True,0.0,0.0,0.8549829183959703,0.25517574860352393,0.16620828798160636,0.049290831391209704,1.3666666666666667,,8.958346209663793
10.0,2.0,2.5,30.0,0.0,0.1,10.0,1.0,0.3,2.0,False,0.0,0.42857142857142855,0.38095836851718556,False,xx1x1x1,True,0.0,0.0,0.8511940954477722,0.17942642723127827,0.26381820070338896,0.04978276085997613,1.4333333333333333,,8.952386939945757
10.0,2.0,5.0,30.0,0.0,3.0,30.0,1.0,0.3,2.0,False,0.0,0.42857142857142855,0.37659824853622126,False,xx1x1x1,True,0.0,0.0,0.8550109363305063,0.18809109445553934,0.24345774847001214,0.04499159554643424,1.4333333333333333,,8.948026819964792
10.0,2.0,2.5,30.0,0.0,0.3,10.0,1.0,0.3,2.0,False,0.0,0.42857142857142855,0.3673845978807659,False,xx1x1x1,True,0.0,0.0,0.8509504732095367,0.1754637863819497,0.25615508396768644,0.04926868157107818,1.4333333333333333,,8.938813169309338
10.0,2.0,1.0,30.0,0.0,0.3,1.0,1.0,0.3,2.0,False,0.0,0.42857142857142855,0.36322541108990847,False,xx1x1x1,True,0.0,0.0,0.8504508448776606,0.17551258983720017,0.21249546860478336,0.0353053353789252,1.2333333333333334,,8.93465398251848
10.0,2.0,10.0,30.0,0.0,3.0,10.0,1.0,0.3,2.0,False,0.0,0.42857142857142855,0.35849446991413836,False,xx1x1x1,True,0.0,0.0,0.8570719999821075,0.20993332110772359,0.187609525726364,0.036653700253532887,1.2666666666666666,,8.92992304134271
10.0,2.0,1.0,30.0,0.0,0.3,3.0,1.0,0.3,2.0,False,0.0,0.42857142857142855,0.3518284970120356,False,xx1x1x1,True,0.0,0.0,0.849407327075286,0.16702114816360952,0.23680472340810557,0.04453131275258709,1.4666666666666666,,8.923257068440607
10.0,2.0,5.0,30.0,0.0,1.0,3.0,1.0,0.3,2.0,False,0.0,0.42857142857142855,0.35045668562726595,False,xx1x1x1,True,0.0,0.0,0.8553450504988127,0.1887945417326405,0.20265005001714725,0.03565569571468036,1.1666666666666667,,8.921885257055838
10.0,2.0,2.5,30.0,0.0,0.1,30.0,1.0,0.3,2.0,False,0.0,0.42857142857142855,0.34317569029445055,False,xx1x1x1,True,0.0,0.0,0.8486409728880563,0.16828529311543955,0.2546637737377952,0.04742904683942857,1.4,,8.914604261723023
10.0,2.0,2.5,30.0,0.0,0.3,30.0,1.0,0.3,2.0,False,0.0,0.42857142857142855,0.33902407165220955,False,xx1x1x1,True,0.0,0.0,0.8484617728611216,0.16691403361724283,0.2521981882820875,0.04770169997564069,1.4,,8.91045264308078
10.0,2.0,20.0,30.0,0.0,3.0,30.0,1.0,0.3,2.0,False,0.0,0.42857142857142855,0.33890205834713594,False,xx1x1x1,True,0.0,0.0,0.8564839000410805,0.22949376026962612,0.18025082598325629,0.05075541401777106,1.2333333333333334,,8.910330629775707
10.0,2.0,2.5,30.0,0.0,1.0,30.0,1.0,0.3,2.0,False,0.0,0.42857142857142855,0.3247821966424311,False,xx1x1x1,True,0.0,0.0,0.847769898654319,0.16218418883212912,0.24382935817492352,0.04857522095644232,1.4,,8.896210768071002
10.0,2.0,2.5,30.0,0.0,1.0,10.0,1.0,0.3,2.0,False,0.0,0.42857142857142855,0.3227964612034304,False,xx1x1x1,True,0.0,0.0,0.8495899297390492,0.16196780547082415,0.2317611884352368,0.04774966017058781,1.4333333333333333,,8.894225032632
10.0,2.0,1.0,30.0,0.0,0.1,10.0,1.0,0.3,2.0,False,0.0,0.42857142857142855,0.31194328967113644,False,xx1x1x1,True,0.0,0.0,0.8435236960189352,0.1541753114223765,0.24292463167407655,0.05069802009619961,1.4,,8.883371861099707
10.0,2.0,1.0,30.0,0.0,0.3,10.0,1.0,0.3,2.0,False,0.0,0.42857142857142855,0.3006004454196226,False,xx1x1x1,True,0.0,0.0,0.8426400949694522,0.1502556183888416,0.23634598906054494,0.051263722185493486,1.4333333333333333,,8.872029016848193
10.0,2.0,2.5,30.0,0.0,3.0,30.0,1.0,0.3,2.0,False,0.0,0.42857142857142855,0.28662759081462097,False,xx1x1x1,True,0.0,0.0,0.845221652798091,0.14935449803987638,0.22200824624245738,0.05016036607183421,1.4,,8.858056162243193
10.0,2.0,5.0,30.0,0.0,3.0,10.0,1.0,0.3,2.0,False,0.0,0.42857142857142855,0.2838498441006997,False,xx1x1x1,True,0.0,0.0,0.8544215765253966,0.16515942766180405,0.19041506290340632,0.04066932178914427,1.5,,8.855278415529272
10.0,2.0,2.5,30.0,0.0,1.0,3.0,1.0,0.3,2.0,False,0.0,0.42857142857142855,0.2819796997346098,False,xx1x1x1,True,0.0,0.0,0.8510984153664893,0.1550371985291759,0.19084368363336077,0.03957156427760926,1.5666666666666667,,8.85340827116318
10.0,2.0,1.0,30.0,0.0,0.1,30.0,1.0,0.3,2.0,False,0.0,0.42857142857142855,0.2779862239676578,False,xx1x1x1,True,0.0,0.0,0.8369065500863484,0.14294999627345434,0.23465169022740523,0.047837166218493835,1.4,,8.849414795396228
10.0,2.0,1.0,30.0,0.0,0.3,30.0,1.0,0.3,2.0,False,0.0,0.42857142857142855,0.2746075576112539,False,xx1x1x1,True,0.0,0.0,0.8365213470086904,0.14171539593694,0.23254310337415549,0.047918891345764825,1.4,,8.846036129039826
10.0,2.0,10.0,30.0,0.0,1.0,1.0,1.0,0.3,2.0,False,0.0,0.42857142857142855,0.2733634656067759,False,xx1x1x1,True,0.0,0.0,0.8569249231010827,0.18075497876322338,0.2419891646203411,0.030727143247707804,0.7666666666666666,,8.844792037035347
10.0,2.0,1.0,30.0,0.0,1.0,10.0,1.0,0.3,2.0,False,0.0,0.42857142857142855,0.26379813168288846,False,xx1x1x1,True,0.0,0.0,0.8390204557727106,0.13756822861216644,0.2153442493228222,0.051338617592500274,1.4333333333333333,,8.83522670311146
10.0,2.0,5.0,30.0,0.0,1.0,1.0,1.0,0.3,2.0,False,0.0,0.42857142857142855,0.2461824241516377,False,xx1x1x1,True,0.0,0.0,0.8557636769094287,0.1678923330537485,0.19172859559398173,0.03112324170023037,1.2333333333333334,,8.817610995580209
10.0,2.0,1.0,30.0,0.0,1.0,3.0,1.0,0.3,2.0,False,0.0,0.42857142857142855,0.23582824197785124,False,xx1x1x1,True,0.0,0.0,0.8430237226345018,0.13217770881419644,0.18041659342102212,0.04263525337551281,1.5666666666666667,,8.807256813406422
10.0,2.0,20.0,30.0,0.0,1.0,3.0,1.0,0.3,2.0,False,0.0,0.42857142857142855,0.227900693800219,False,xx1x1x1,True,0.0,0.0,0.8553060570442871,0.20359199894639798,0.23077589823129482,0.05028137336365696,0.9666666666666667,,8.79932926522879
10.0,2.0,2.5,30.0,0.0,3.0,10.0,1.0,0.3,2.0,False,0.0,0.42857142857142855,0.22033028811247757,False,xx1x1x1,True,0.0,0.0,0.8407363233884371,0.12860680736090724,0.1787702371154935,0.045043082027065556,1.5,,8.791758859541048
10.0,2.0,2.5,30.0,0.0,1.0,1.0,1.0,0.3,2.0,False,0.0,0.42857142857142855,0.20914119078482596,False,xx1x1x1,True,0.0,0.0,0.8489474228999133,0.1354685266460657,0.16438824152074652,0.03368995734586529,1.5333333333333332,,8.780569762213396
3.0,2.0,5.0,30.0,0.0,0.1,1.0,1.0,0.3,2.0,False,0.0,0.2857142857142857,0.779081250877269,False,0x0xxxx,True,0.0,0.0,0.9984914831406425,0.8718715887960242,0.867820835632654,0.09179284957549712,0.4,,6.493366965162982
1.0,2.0,10.0,30.0,0.0,0.3,3.0,1.0,0.3,2.0,False,0.0,0.2857142857142857,0.7263628327075209,False,xxxx1x1,True,0.0,0.0,0.9997909497096533,2.4118198347974187,2.568112188567192,1.6853668545548544,3.7333333333333334,,6.440648546993234
1.0,2.0,5.0,30.0,0.0,0.3,1.0,1.0,0.3,2.0,False,0.0,0.2857142857142857,0.7013153281707557,False,xxxxx11,True,0.0,0.0,0.9997745323558386,2.5532911390552657,2.6837316327205434,1.866565518064413,3.8,,6.415601042456469
0.3,2.0,10.0,30.0,0.0,1.0,10.0,1.0,0.3,2.0,False,0.0,0.2857142857142857,0.6548245761312597,False,11xxxxx,True,0.0,0.0,0.9997275836686527,4.80278216818725,4.757255648658923,4.107210724991146,5.266666666666667,,6.369110290416973
0.1,2.0,10.0,30.0,0.0,1.0,30.0,1.0,0.3,2.0,False,0.0,0.2857142857142857,0.6086066358817878,False,1x1xxxx,True,0.0,0.0,0.9992457858187065,8.05944977279977,8.040226249043744,7.443824667861344,6.2,,6.322892350167502
3.0,2.0,2.5,30.0,0.0,0.1,10.0,1.0,0.3,2.0,False,0.0,0.2857142857142857,0.5587083645798727,False,1xx1xxx,True,0.0,0.0,0.997161256909961,1.0177070177649468,1.1245344843201512,0.6460308684094327,3.6999999999999997,,6.272994078865587
0.1,2.0,10.0,30.0,0.0,3.0,30.0,1.0,0.3,2.0,False,0.0,0.2857142857142857,0.5387451710543608,False,1x1xxxx,True,0.0,0.0,0.9996000247238785,7.8302794531916255,7.846550002332924,7.184572928626361,6.266666666666667,,6.253030885340074
0.1,2.0,10.0,30.0,0.0,1.0,10.0,1.0,0.3,2.0,False,0.0,0.2857142857142857,0.5237513671625036,False,1x1xxxx,True,0.0,0.0,0.9996032100583626,7.923364162342949,7.942763357350458,7.309026762235803,6.266666666666667,,6.238037081448217
0.3,2.0,10.0,30.0,0.0,3.0,10.0,1.0,0.3,2.0,False,0.0,0.2857142857142857,0.49818190638719645,False,xx1x1xx,True,0.0,0.0,0.9998595208095948,4.194373427019389,4.3778463426846095,3.7466261570445933,5.3,,6.21246762067291
0.3,2.0,10.0,30.0,0.0,0.3,1.0,1.0,0.3,2.0,False,0.0,0.2857142857142857,0.48236076532330524,False,xx11xxx,True,0.0,0.0,0.999858360847652,5.171365453060417,5.030233034887893,4.411065283868591,5.1,,6.196646479609019
0.1,2.0,20.0,30.0,0.0,0.3,3.0,1.0,0.3,2.0,False,0.0,0.2857142857142857,0.43276200017517746,False,x1x1xxx,True,0.0,0.0,0.9998051229132286,8.101664172470226,7.965125846877866,7.503577365049113,6.666666666666667,,6.147047714460891
3.0,2.0,20.0,30.0,0.0,3.0,1.0,1.0,0.3,2.0,False,0.0,0.2857142857142857,0.4165913785882641,False,1xx1xxx,True,0.0,0.0,0.9996652611310571,0.5606744642304942,0.47253075456264026,0.23015354219154746,2.3333333333333335,,6.130877092873978
3.0,2.0,20.0,30.0,0.0,3.0,3.0,1.0,0.3,2.0,False,0.0,0.2857142857142857,0.3185826313721932,False,x11xxxx,True,0.0,0.0,0.9995492793404676,0.7120386976781486,0.7157685305751033,0.5281496225859807,3.8333333333333335,,6.032868345657906
1.0,2.0,1.0,30.0,0.0,3.0,10.0,1.0,0.3,2.0,False,0.0,0.2857142857142857,0.3077235892768495,False,11xxxxx,True,0.0,0.0,0.999528255868017,2.34672524023546,2.3186285613180817,1.8802499826581538,4.633333333333333,,6.022009303562563
10.0,2.0,1.0,30.0,0.0,1.0,30.0,1.0,0.3,2.0,False,0.0,0.2857142857142857,0.2630579450010413,False,xxxx1x1,True,0.0,0.0,0.8351239319661039,0.1375216638528126,0.2253783920392617,0.04860250040334345,1.4,,5.977343659286754
1.0,2.0,5.0,30.0,0.0,3.0,10.0,1.0,0.3,2.0,False,0.0,0.2857142857142857,0.2343196640173142,False,xxxxx11,True,0.0,0.0,0.9997054407093824,2.31220258145217,2.3172528610460548,2.11758142190795,4.733333333333333,,5.948605378303028
10.0,2.0,1.0,30.0,0.0,3.0,30.0,1.0,0.3,2.0,False,0.0,0.2857142857142857,0.2323924471099007,False,xxxx1x1,True,0.0,0.0,0.8307585799291626,0.1266109704668095,0.206632098732612,0.04992466554021163,1.4333333333333333,,5.946678161395615
10.0,2.0,20.0,30.0,0.0,3.0,10.0,1.0,0.3,2.0,False,0.0,0.2857142857142857,0.18534865825371605,False,xxxx1x1,True,0.0,0.0,0.851487400578555,0.17472040770432204,0.19797140326478102,0.051574020939406336,1.0666666666666667,,5.899634372539429
10.0,2.0,1.0,30.0,0.0,1.0,1.0,1.0,0.3,2.0,False,0.0,0.2857142857142857,0.18196632790046896,False,xxxx1x1,True,0.0,0.0,0.8398740203145346,0.11566942756008305,0.14713203771264233,0.035985793039103584,1.7333333333333334,,5.896252042186182
10.0,2.0,1.0,30.0,0.0,3.0,10.0,1.0,0.3,2.0,False,0.0,0.2857142857142857,0.18117065250260922,False,xxxx1x1,True,0.0,0.0,0.8252072337188009,0.1098054810115042,0.1692503311610124,0.048340386772272884,1.5666666666666667,,5.895456366788323
3.0,2.0,2.5,30.0,0.0,3.0,10.0,1.0,0.3,2.0,False,0.0,0.2857142857142857,0.1662225408512732,False,xxx11xx,True,0.0,0.0,0.9976976396269485,0.7915217012448369,0.780619817001815,0.6756546330246225,4.1,,5.880508255136987
10.0,2.0,10.0,30.0,0.0,3.0,3.0,1.0,0.3,2.0,False,0.0,0.2857142857142857,0.142001091633565,False,xxxx1x1,True,0.0,0.0,0.8525349878970521,0.12084814009235499,0.13777123291243382,0.03528592140008584,1.1666666666666667,,5.856286805919279
10.0,2.0,20.0,30.0,0.0,1.0,1.0,1.0,0.3,2.0,False,0.0,0.2857142857142857,0.13410042663615618,False,xxxx1x1,True,0.0,0.0,0.8569292317886037,0.13345003694998853,0.1713086694116094,0.03404028701471994,2.033333333333333,,5.848386140921869
10.0,2.0,5.0,30.0,0.0,3.0,3.0,1.0,0.3,2.0,False,0.0,0.2857142857142857,0.12343599313227471,False,xxxx1x1,True,0.0,0.0,0.8317665172766173,0.10668016918594232,0.12755033925150308,0.036903668528491806,1.8,,5.837721707417988
3.0,2.0,5.0,30.0,0.0,0.3,1.0,1.0,0.3,2.0,False,0.0,0.14285714285714285,0.75802218584834,False,0xxxxxx,True,0.0,0.0,0.9985612440245645,0.8454390001770948,0.8410193383364594,0.08652847360863339,0.3333333333333333,,3.6151650429911966
1.0,2.0,20.0,30.0,0.0,3.0,1.0,1.0,0.3,2.0,False,0.0,0.14285714285714285,0.7537202326737319,False,0xxxxxx,True,0.0,0.0,0.9999792645886761,0.9334615287287881,0.9334374122424884,0.17974142973805526,0.8666666666666667,,3.6108630898165885
3.0,2.0,1.0,30.0,0.0,0.1,1.0,1.0,0.3,2.0,False,0.0,0.14285714285714285,0.7182769728400473,False,xx0xxxx,True,0.0,0.0,0.9977193275585629,0.8781913819076712,0.8279846783665074,0.11620440543240261,0.7666666666666666,,3.575419829982904
0.1,2.0,10.0,30.0,0.0,0.1,3.0,1.0,0.3,2.0,False,0.0,0.14285714285714285,0.6242164724066753,False,x1xxxxx,True,0.0,0.0,0.9994349887191463,8.218087425269916,8.198673983096358,7.577886281916163,6.133333333333333,,3.481359329549532
0.1,2.0,20.0,30.0,0.0,1.0,30.0,1.0,0.3,2.0,False,0.0,0.14285714285714285,0.6167512687094853,False,1xxxxxx,True,0.0,0.0,0.9996129465135826,7.9812146437846,7.970790171495611,7.398959438456087,6.6,,3.473894125852342
0.1,2.0,5.0,30.0,0.0,0.1,3.0,1.0,0.3,2.0,False,0.0,0.14285714285714285,0.5952198301679377,False,1xxxxxx,True,0.0,0.0,0.9991192125592896,8.371457943992993,8.36878682097009,7.77531490962922,6.066666666666666,,3.4523626873107944
0.3,2.0,20.0,30.0,0.0,1.0,1.0,1.0,0.3,2.0,False,0.0,0.14285714285714285,0.5630966168032998,False,xxxx1xx,True,0.0,0.0,0.9999668665961828,4.199629776021758,4.445006912845538,3.6203493748985616,4.7,,3.4202394739461566
0.1,2.0,10.0,30.0,0.0,0.3,3.0,1.0,0.3,2.0,False,0.0,0.14285714285714285,0.47933030737251964,False,1xxxxxx,True,0.0,0.0,0.9996164101811215,8.138200059048721,8.157864197212731,7.6120945137427904,6.366666666666666,,3.3364731645153762
0.3,2.0,10.0,30.0,0.0,1.0,1.0,1.0,0.3,2.0,False,0.0,0.14285714285714285,0.4375267918076458,False,xxx1xxx,True,0.0,0.0,0.9999301850953523,3.8690163415682823,4.003431818934492,3.469343019728883,4.966666666666667,,3.2946696489505025
0.3,2.0,10.0,30.0,0.0,1.0,3.0,1.0,0.3,2.0,False,0.0,0.14285714285714285,0.33781096359945273,False,xx1xxxx,True,0.0,0.0,0.999866871348958,4.734804330187908,4.793891653095443,4.554392232411837,5.166666666666667,,3.1949538207423096
0.3,2.0,10.0,30.0,0.0,3.0,3.0,1.0,0.3,2.0,False,0.0,0.14285714285714285,0.30945256138265154,False,xxxxx1x,True,0.0,0.0,0.9999469627594195,4.077725364399811,4.129507710832881,3.774797495613834,5.366666666666666,,3.1665954185255085
1.0,2.0,2.5,30.0,0.0,1.0,3.0,1.0,0.3,2.0,False,0.0,0.14285714285714285,0.30570962092553833,False,xxxx1xx,True,0.0,0.0,0.9996612464676431,2.2878445949716055,2.292932032159232,2.046556107025506,4.433333333333334,,3.162852478068395
10.0,2.0,2.5,30.0,0.0,3.0,3.0,1.0,0.3,2.0,False,0.0,0.14285714285714285,0.10087588375739998,False,xxxxxx1,True,0.0,0.0,0.81105465563459,0.08712654090511593,0.10485831817886222,0.039374979820514175,1.8666666666666667,,2.9580187409002567
10.0,2.0,20.0,30.0,0.0,3.0,3.0,1.0,0.3,2.0,False,0.0,0.14285714285714285,0.04499130438154508,False,xxxxxx1,True,0.0,0.0,0.8067829105461242,0.08243692338481744,0.08392182194545936,0.04747630627637278,3.2333333333333334,,2.902134161524402
1.0,2.0,20.0,30.0,0.0,0.1,3.0,1.0,0.3,2.0,False,0.0,0.0,0.8173421234990516,False,xxxxxxx,True,0.0,0.0,0.9998831924481261,1.669758124149951,1.6698124183568124,0.8524036420091514,2.3,,0.8173421234990516
1.0,2.0,20.0,30.0,0.0,0.3,3.0,1.0,0.3,2.0,False,0.0,0.0,0.817016223539148,False,xxxxxxx,True,0.0,0.0,0.9998947053998306,1.6099586456164174,1.610000943964363,0.7929435396532756,2.2666666666666666,,0.817016223539148
1.0,2.0,10.0,30.0,0.0,1.0,1.0,1.0,0.3,2.0,False,0.0,0.0,0.7961187270803104,False,xxxxxxx,True,0.0,0.0,0.9999055807024559,1.5257387353756549,1.525697847627294,0.729616882860063,2.1,,0.7961187270803104
1.0,2.0,10.0,30.0,0.0,3.0,1.0,1.0,0.3,2.0,False,0.0,0.0,0.7721785934493712,False,xxxxxxx,True,0.0,0.0,0.9999541641025604,1.1128102348509326,1.1127261608771746,0.3405999338166183,1.3,,0.7721785934493712
1.0,2.0,20.0,30.0,0.0,3.0,10.0,1.0,0.3,2.0,False,0.0,0.0,0.767769327267622,False,xxxxxxx,True,0.0,0.0,0.9999120623723459,1.5685236903945081,1.5685405439480813,0.8007609838143575,2.2666666666666666,,0.767769327267622
1.0,2.0,20.0,30.0,0.0,0.3,10.0,1.0,0.3,2.0,False,0.0,0.0,0.7659086922887864,False,xxxxxxx,True,0.0,0.0,0.9998468638647003,2.147168347307781,2.1538839272512065,1.3812614685564242,3.0,,0.7659086922887864
1.0,2.0,20.0,30.0,0.0,1.0,10.0,1.0,0.3,2.0,False,0.0,0.0,0.7635349406384723,False,xxxxxxx,True,0.0,0.0,0.9998704372085511,1.9129382005753723,1.912675687870939,1.1494214991711007,2.6333333333333333,,0.7635349406384723
1.0,2.0,20.0,30.0,0.0,0.1,10.0,1.0,0.3,2.0,False,0.0,0.0,0.7589059814147987,False,xxxxxxx,True,0.0,0.0,0.9998390990658158,2.2581905979877135,2.2838885376747298,1.4992743643160926,3.2,,0.7589059814147987
1.0,2.0,5.0,30.0,0.0,0.1,1.0,1.0,0.3,2.0,False,0.0,0.0,0.7539613180352549,False,xxxxxxx,True,0.0,0.0,0.9997449318793157,2.3302867061854227,2.3444383761560377,1.5762819775591335,3.033333333333333,,0.7539613180352549
1.0,2.0,20.0,30.0,0.0,3.0,30.0,1.0,0.3,2.0,False,0.0,0.0,0.7306329782704664,False,xxxxxxx,True,0.0,0.0,0.9998587827910951,2.1870895097023526,2.200723913040301,1.4564262058740485,3.1,,0.7306329782704664
3.0,2.0,10.0,30.0,0.0,0.1,3.0,1.0,0.3,2.0,False,0.0,0.0,0.7268854045779962,False,xxxxxxx,True,0.0,0.0,0.9987960067661763,0.8430662580566741,0.8377776418819644,0.11335626213036923,0.7666666666666666,,0.7268854045779962
3.0,2.0,2.5,30.0,0.0,0.1,1.0,1.0,0.3,2.0,False,0.0,0.0,0.7254416241439757,False,xxxxxxx,True,0.0,0.0,0.9980587181725449,0.835722195951191,0.8347818797799236,0.08964275720014567,0.4666666666666667,,0.7254416241439757
3.0,2.0,10.0,30.0,0.0,0.3,3.0,1.0,0.3,2.0,False,0.0,0.0,0.7149391562247436,False,xxxxxxx,True,0.0,0.0,0.9988357323885029,0.8264587930431239,0.8211086617000758,0.10871092225153639,0.7333333333333333,,0.7149391562247436
3.0,2.0,2.5,30.0,0.0,0.3,1.0,1.0,0.3,2.0,False,0.0,0.0,0.7090629950615315,False,xxxxxxx,True,0.0,0.0,0.9981515678189933,0.8004626524140896,0.7999601736326161,0.08183563530126045,0.36666666666666664,,0.7090629950615315
1.0,2.0,10.0,30.0,0.0,0.1,3.0,1.0,0.3,2.0,True,0.0,0.0,0.7060519774530345,False,xxxxxxx,True,0.0,0.0,0.9642318820986224,1.7195526429320638,2.11245629450471,0.8632194639875066,3.3666666666666667,,0.7060519774530345
3.0,2.0,5.0,30.0,0.0,0.1,3.0,1.0,0.3,2.0,False,0.0,0.0,0.7032241655522431,False,xxxxxxx,True,0.0,0.0,0.9981483716539709,0.819430922128234,0.8197464589294046,0.11619843500078675,0.8666666666666667,,0.7032241655522431
3.0,2.0,1.0,30.0,0.0,0.3,1.0,1.0,0.3,2.0,False,0.0,0.0,0.7015608268672988,False,xxxxxxx,True,0.0,0.0,0.9978238818866942,0.8378919404469757,0.8191026188030126,0.1049680155006418,0.6666666666666666,,0.7015608268672988
1.0,2.0,10.0,30.0,0.0,0.3,3.0,1.0,0.3,2.0,True,0.0,0.0,0.697659523240351,False,xxxxxxx,True,0.0,0.0,0.9651435424288429,1.6895185089713673,2.0938485416941264,0.840822795099984,3.3666666666666667,,0.697659523240351
3.0,2.0,5.0,30.0,0.0,0.3,3.0,1.0,0.3,2.0,False,0.0,0.0,0.6935488874893712,False,xxxxxxx,True,0.0,0.0,0.9982105738367983,0.8066721227627016,0.8064791482782683,0.11293415859625767,0.8333333333333334,,0.6935488874893712
3.0,2.0,5.0,30.0,0.0,1.0,1.0,1.0,0.3,2.0,False,0.0,0.0,0.6871073299732648,False,xxxxxxx,True,0.0,0.0,0.9987661414910108,0.7575979265086827,0.7524794987854593,0.06986075822775967,0.0,,0.6871073299732648
0.3,2.0,20.0,30.0,0.0,3.0,1.0,1.0,0.3,2.0,False,0.0,0.0,0.6833174806175917,False,xxxxxxx,True,0.0,0.0,0.9999890590730625,2.6146433768569657,2.615119006157531,1.9313195578949953,3.2333333333333334,,0.6833174806175917
3.0,2.0,10.0,30.0,0.0,0.1,1.0,1.0,0.3,2.0,False,0.0,0.0,0.6761527741960655,False,xxxxxxx,True,0.0,0.0,0.9990209104498902,0.72861080145708,0.7284339522745646,0.05319032458001271,0.0,,0.6761527741960655
3.0,2.0,10.0,30.0,0.0,1.0,3.0,1.0,0.3,2.0,False,0.0,0.0,0.6751940347953389,False,xxxxxxx,True,0.0,0.0,0.998956455730895,0.7720425921648344,0.766680375137238,0.09406941811465992,0.6333333333333333,,0.6751940347953389
1.0,2.0,10.0,30.0,0.0,1.0,1.0,1.0,0.3,2.0,True,0.0,0.0,0.6723597144098894,False,xxxxxxx,True,0.0,0.0,0.972062337499051,1.5166635410863392,1.8827360709797802,0.6900307239478098,3.1666666666666665,,0.6723597144098894
0.1,2.0,10.0,30.0,0.0,0.3,30.0,1.0,0.3,2.0,False,0.0,0.0,0.6693809368537074,False,xxxxxxx,True,0.0,0.0,0.9989756462957426,8.193528462796449,8.19361580007696,7.5244260506395175,5.9,,0.6693809368537074
3.0,2.0,10.0,30.0,0.0,0.3,1.0,1.0,0.3,2.0,False,0.0,0.0,0.6679413179808005,False,xxxxxxx,True,0.0,0.0,0.9990674289477649,0.7136220183137614,0.7168892391748755,0.04894185941189211,0.0,,0.6679413179808005
1.0,2.0,10.0,30.0,0.0,0.3,1.0,1.0,0.3,2.0,True,0.0,0.0,0.6654451605902458,False,xxxxxxx,True,0.0,0.0,0.9687169461441274,1.673007806389586,2.010206701806513,0.8351482050452224,3.2333333333333334,,0.6654451605902458
3.0,2.0,5.0,30.0,0.0,1.0,3.0,1.0,0.3,2.0,False,0.0,0.0,0.6650571407529866,False,xxxxxxx,True,0.0,0.0,0.9983952731791714,0.7679822341588021,0.7672793622215428,0.10245006117553587,0.7666666666666666,,0.6650571407529866
3.0,2.0,10.0,30.0,0.0,0.1,10.0,1.0,0.3,2.0,False,0.0,0.0,0.6635666528115991,False,xxxxxxx,True,0.0,0.0,0.9985530820987331,0.8068535923485239,0.80486765705721,0.14138687726854188,1.1333333333333333,,0.6635666528115991
3.0,2.0,5.0,30.0,0.0,0.1,10.0,1.0,0.3,2.0,False,0.0,0.0,0.661043692592753,False,xxxxxxx,True,0.0,0.0,0.9977761832350723,0.8450788582624214,0.8440102004401417,0.18352780268982619,1.3666666666666667,,0.661043692592753
3.0,2.0,10.0,30.0,0.0,0.3,10.0,1.0,0.3,2.0,False,0.0,0.0,0.6604601643560781,False,xxxxxxx,True,0.0,0.0,0.9985762115820372,0.801411239552935,0.7993878705338272,0.13904598207024024,1.1333333333333333,,0.6604601643560781
3.0,2.0,2.5,30.0,0.0,1.0,1.0,1.0,0.3,2.0,False,0.0,0.0,0.6592298563268595,False,xxxxxxx,True,0.0,0.0,0.9984146952358375,0.7289902029600401,0.7278712070835156,0.06957561496378466,0.0,,0.6592298563268595
1.0,2.0,10.0,30.0,0.0,1.0,3.0,1.0,0.3,2.0,True,0.0,0.0,0.6585935278577091,False,xxxxxxx,True,0.0,0.0,0.9681589091564086,1.5969915170622797,2.0146276050011647,0.8151769302760576,3.3333333333333335,,0.6585935278577091
3.0,2.0,5.0,30.0,0.0,0.3,10.0,1.0,0.3,2.0,False,0.0,0.0,0.6578177555259146,False,xxxxxxx,True,0.0,0.0,0.9978127456956676,0.8394474651496141,0.8375969892558276,0.1807557303817712,1.3333333333333333,,0.6578177555259146
3.0,2.0,2.5,30.0,0.0,1.0,3.0,1.0,0.3,2.0,False,0.0,0.0,0.6559232179291699,False,xxxxxxx,True,0.0,0.0,0.9979443698427329,0.7953402470540515,0.787303440543787,0.13084639769572234,1.0,,0.6559232179291699
1.0,2.0,10.0,30.0,0.0,0.1,1.0,1.0,0.3,2.0,True,0.0,0.0,0.6529701008648313,False,xxxxxxx,True,0.0,0.0,0.9675609434584873,1.7260115885409841,2.0313624350779307,0.9185253455930398,3.3,,0.6529701008648313
1.0,2.0,10.0,30.0,0.0,0.1,10.0,1.0,0.3,2.0,True,0.0,0.0,0.6521561722250803,False,xxxxxxx,True,0.0,0.0,0.9595287337528515,1.8675619918457953,2.115895313563011,1.2549842305321528,3.8333333333333335,,0.6521561722250803
3.0,2.0,10.0,30.0,0.0,1.0,10.0,1.0,0.3,2.0,False,0.0,0.0,0.6500161938851629,False,xxxxxxx,True,0.0,0.0,0.9986496771800165,0.7832708883565953,0.781115205489235,0.1313338266013376,1.1,,0.6500161938851629
1.0,2.0,10.0,30.0,0.0,0.3,10.0,1.0,0.3,2.0,True,0.0,0.0,0.6481294624555848,False,xxxxxxx,True,0.0,0.0,0.9601582474600607,1.8552441739872974,2.1052131446707496,1.2475312999085229,3.8333333333333335,,0.6481294624555848
3.0,2.0,5.0,30.0,0.0,1.0,10.0,1.0,0.3,2.0,False,0.0,0.0,0.6472143351225887,False,xxxxxxx,True,0.0,0.0,0.9979284130674692,0.8202433545619024,0.8163777237636228,0.1711757043649921,1.3333333333333333,,0.6472143351225887
3.0,2.0,1.0,30.0,0.0,1.0,1.0,1.0,0.3,2.0,False,0.0,0.0,0.645388266934821,False,xxxxxxx,True,0.0,0.0,0.9981340324371826,0.7420989567818224,0.7205180932534452,0.08169429136477405,0.43333333333333335,,0.645388266934821
0.1,2.0,5.0,30.0,0.0,0.1,30.0,1.0,0.3,2.0,False,0.0,0.0,0.6405835520799621,False,xxxxxxx,True,0.0,0.0,0.9982327245963739,8.429043249010837,8.427915440002076,7.787292905368575,5.7,,0.6405835520799621
1.0,2.0,10.0,30.0,0.0,1.0,10.0,1.0,0.3,2.0,True,0.0,0.0,0.6368570050810639,False,xxxxxxx,True,0.0,0.0,0.9621600493632172,1.8058376858513987,2.075917005003709,1.2231284738733972,3.8333333333333335,,0.6368570050810639
3.0,2.0,10.0,30.0,0.0,0.1,30.0,1.0,0.3,2.0,False,0.0,0.0,0.6366990820411167,False,xxxxxxx,True,0.0,0.0,0.998426448355299,0.7986594115732126,0.7977771572883953,0.16107788418712948,1.2666666666666666,,0.6366990820411167
3.0,2.0,10.0,30.0,0.0,0.3,30.0,1.0,0.3,2.0,False,0.0,0.0,0.6358338774761216,False,xxxxxxx,True,0.0,0.0,0.9984364767550185,0.7967346625042789,0.7958348967929874,0.1599992612147985,1.2666666666666666,,0.6358338774761216
3.0,2.0,5.0,30.0,0.0,0.1,30.0,1.0,0.3,2.0,False,0.0,0.0,0.6333908836159001,False,xxxxxxx,True,0.0,0.0,0.9975815516320974,0.857806624596738,0.8557492231807279,0.22286866163243726,1.5333333333333332,,0.6333908836159001
3.0,2.0,10.0,30.0,0.0,1.0,30.0,1.0,0.3,2.0,False,0.0,0.0,0.632839244434599,False,xxxxxxx,True,0.0,0.0,0.9984701454155543,0.7901242802835802,0.7891637764202816,0.1563198250428845,1.2666666666666666,,0.632839244434599
3.0,2.0,5.0,30.0,0.0,0.3,30.0,1.0,0.3,2.0,False,0.0,0.0,0.6324862861759561,False,xxxxxxx,True,0.0,0.0,0.9975975192436516,0.855715941788278,0.8534072411303818,0.22153319361594187,1.5333333333333332,,0.6324862861759561
1.0,2.0,10.0,30.0,0.0,3.0,3.0,1.0,0.3,2.0,False,0.0,0.0,0.6322918081150942,False,xxxxxxx,True,0.0,0.0,0.9999131284679758,1.9085452722731675,1.915700828507245,1.276177848444712,2.8333333333333335,,0.6322918081150942
3.0,2.0,5.0,30.0,0.0,1.0,30.0,1.0,0.3,2.0,False,0.0,0.0,0.6294833545885413,False,xxxxxxx,True,0.0,0.0,0.997651117833215,0.847838297310758,0.845329243802091,0.21651127396365785,1.5666666666666667,,0.6294833545885413
0.1,2.0,5.0,30.0,0.0,0.1,10.0,1.0,0.3,2.0,False,0.0,0.0,0.6278364220542684,False,xxxxxxx,True,0.0,0.0,0.9986054475351871,8.431198380657314,8.429725750769451,7.801904343104309,5.833333333333333,,0.6278364220542684
0.1,2.0,2.5,30.0,0.0,0.1,30.0,1.0,0.3,2.0,False,0.0,0.0,0.6251253705731454,False,xxxxxxx,True,0.0,0.0,0.997698649056454,8.48722201846779,8.486160349657766,7.86097464084626,5.733333333333333,,0.6251253705731454
3.0,2.0,10.0,30.0,0.0,3.0,30.0,1.0,0.3,2.0,False,0.0,0.0,0.6245141822865622,False,xxxxxxx,True,0.0,0.0,0.9985613707945444,0.7722184135854457,0.771089830375851,0.1465651165195837,1.2333333333333334,,0.6245141822865622
0.1,2.0,5.0,30.0,0.0,0.3,30.0,1.0,0.3,2.0,False,0.0,0.0,0.623285062200694,False,xxxxxxx,True,0.0,0.0,0.9983913666561999,8.404979765910024,8.403621078709357,7.780388251532549,5.866666666666666,,0.623285062200694
3.0,2.0,10.0,30.0,0.0,3.0,10.0,1.0,0.3,2.0,False,0.0,0.0,0.6222897122102277,False,xxxxxxx,True,0.0,0.0,0.9988257807568218,0.736898202237986,0.7344189470100041,0.11264769999660608,0.9333333333333333,,0.6222897122102277
3.0,2.0,5.0,30.0,0.0,3.0,30.0,1.0,0.3,2.0,False,0.0,0.0,0.6220371940758562,False,xxxxxxx,True,0.0,0.0,0.9977868836717317,0.823701973607389,0.8233074066566962,0.20121305787440194,1.5333333333333332,,0.6220371940758562
3.0,2.0,5.0,30.0,0.0,3.0,10.0,1.0,0.3,2.0,False,0.0,0.0,0.6212249087085656,False,xxxxxxx,True,0.0,0.0,0.9981990856494145,0.768555285729773,0.7682696684508787,0.1453479065291089,1.2,,0.6212249087085656
0.3,2.0,20.0,30.0,0.0,0.1,1.0,1.0,0.3,2.0,True,0.0,0.0,0.6199018841492641,False,xxxxxxx,True,0.0,0.0,0.9904699912339575,4.597491688423945,4.287468155230885,3.669482157723876,4.833333333333333,,0.6199018841492641
0.1,2.0,1.0,30.0,0.0,0.1,30.0,1.0,0.3,2.0,False,0.0,0.0,0.619606434188698,False,xxxxxxx,True,0.0,0.0,0.9972669488830362,8.508497038394932,8.507461185347424,7.887809093873739,5.8,,0.619606434188698
0.1,2.0,10.0,30.0,0.0,0.3,10.0,1.0,0.3,2.0,False,0.0,0.0,0.6149420033724451,False,xxxxxxx,True,0.0,0.0,0.9992794459855254,8.120276629325616,8.120445394260727,7.504217197243242,6.166666666666667,,0.6149420033724451
0.1,2.0,2.5,30.0,0.0,0.1,10.0,1.0,0.3,2.0,False,0.0,0.0,0.6117386501548653,False,xxxxxxx,True,0.0,0.0,0.9981832692370199,8.501644939102764,8.500481228628317,7.888683990438162,5.866666666666666,,0.6117386501548653
0.1,2.0,2.5,30.0,0.0,0.3,30.0,1.0,0.3,2.0,False,0.0,0.0,0.6085330755134415,False,xxxxxxx,True,0.0,0.0,0.9979069238649433,8.473724423506718,8.47257992449395,7.864019981673122,5.866666666666666,,0.6085330755134415
0.3,2.0,10.0,30.0,0.0,1.0,1.0,1.0,0.3,2.0,True,0.0,0.0,0.6071658946996872,False,xxxxxxx,True,0.0,0.0,0.9898042046632055,4.269225025740992,4.268081307562426,3.2984738492648917,4.333333333333333,,0.6071658946996872
0.1,2.0,1.0,30.0,0.0,0.1,10.0,1.0,0.3,2.0,False,0.0,0.0,0.6048602226528814,False,xxxxxxx,True,0.0,0.0,0.9978372028263881,8.533969318862718,8.53285638461248,7.927975046104064,5.9,,0.6048602226528814
3.0,2.0,10.0,30.0,0.0,1.0,1.0,1.0,0.3,2.0,False,0.0,0.0,0.6042133567407518,False,xxxxxxx,True,0.0,0.0,0.9991996750086275,0.6447017126231215,0.6478082052422333,0.04306783203916252,0.0,,0.6042133567407518
0.1,2.0,1.0,30.0,0.0,0.3,30.0,1.0,0.3,2.0,False,0.0,0.0,0.6020274596581281,False,xxxxxxx,True,0.0,0.0,0.9975179578914161,8.506513509542657,8.505405584695747,7.903316805684586,5.933333333333334,,0.6020274596581281
1.0,2.0,10.0,30.0,0.0,3.0,3.0,1.0,0.3,2.0,True,0.0,0.0,0.5980989912701841,False,xxxxxxx,True,0.0,0.0,0.9744784288791888,1.404670620761456,1.7657781411662814,0.7191121435541395,3.2333333333333334,,0.5980989912701841
1.0,2.0,10.0,30.0,0.0,3.0,10.0,1.0,0.3,2.0,True,0.0,0.0,0.5964739260746155,False,xxxxxxx,True,0.0,0.0,0.9668711196174867,1.6648460616471943,2.016283990877838,1.164061411773333,3.6,,0.5964739260746155
3.0,2.0,5.0,30.0,0.0,3.0,3.0,1.0,0.3,2.0,False,0.0,0.0,0.5955000067071079,False,xxxxxxx,True,0.0,0.0,0.998757281336921,0.6728866373596032,0.6712141228481957,0.07714899914904497,0.4666666666666667,,0.5955000067071079
0.1,2.0,5.0,30.0,0.0,0.3,10.0,1.0,0.3,2.0,False,0.0,0.0,0.5940804420933404,False,xxxxxxx,True,0.0,0.0,0.9988731479509998,8.288017145780584,8.28760394165532,7.692349475971193,6.033333333333333,,0.5940804420933404
0.1,2.0,20.0,30.0,0.0,0.1,30.0,1.0,0.3,2.0,True,0.0,0.0,0.5940046781010011,False,xxxxxxx,True,0.0,0.0,0.9815059184914169,7.1265888866002145,7.125638891401387,6.410862416187968,5.566666666666666,,0.5940046781010011
0.1,2.0,5.0,30.0,0.0,1.0,30.0,1.0,0.3,2.0,False,0.0,0.0,0.5900649824493495,False,xxxxxxx,True,0.0,0.0,0.9988143217300752,8.23479274467114,8.23334200320257,7.638785388497918,6.066666666666666,,0.5900649824493495
0.3,2.0,10.0,30.0,0.0,0.3,1.0,1.0,0.3,2.0,True,0.0,0.0,0.5872978911942501,False,xxxxxxx,True,0.0,0.0,0.9868586531199347,4.5043179896069745,4.501916108151835,3.6519246439358968,4.6,,0.5872978911942501
0.1,2.0,20.0,30.0,0.0,0.3,30.0,1.0,0.3,2.0,True,0.0,0.0,0.5871970879265722,False,xxxxxxx,True,0.0,0.0,0.982019558818525,7.16114084608123,7.160274993040083,6.436333807901748,5.566666666666666,,0.5871970879265722
3.0,2.0,2.5,30.0,0.0,3.0,3.0,1.0,0.3,2.0,False,0.0,0.0,0.5869103498028676,False,xxxxxxx,True,0.0,0.0,0.998409932863946,0.6799790166562871,0.679830634137482,0.09187278401611433,0.7333333333333333,,0.5869103498028676
0.1,2.0,20.0,30.0,0.0,3.0,1.0,1.0,0.3,2.0,True,0.0,0.0,0.5849093339543788,False,xxxxxxx,True,0.0,0.0,0.9976058515734905,5.883984387028054,5.8831059735284725,5.123592415175531,4.866666666666666,,0.5849093339543788
3.0,2.0,10.0,30.0,0.0,0.1,1.0,1.0,0.3,2.0,True,0.0,0.0,0.5816482481375278,False,xxxxxxx,True,0.0,0.0,0.8528219618411783,0.7113884085976111,0.7112211794965839,0.1310616999473289,1.8333333333333333,,0.5816482481375278
0.1,2.0,2.5,30.0,0.0,0.1,3.0,1.0,0.3,2.0,False,0.0,0.0,0.5816023417686884,False,xxxxxxx,True,0.0,0.0,0.9988493679746071,8.455777686771743,8.453990680869733,7.872510363691249,6.033333333333333,,0.5816023417686884
0.1,2.0,2.5,30.0,0.0,0.3,10.0,1.0,0.3,2.0,False,0.0,0.0,0.5802848429293292,False,xxxxxxx,True,0.0,0.0,0.9985254182136005,8.387004627661312,8.385712764693945,7.805051680032983,6.0,,0.5802848429293292
3.0,2.0,1.0,30.0,0.0,3.0,3.0,1.0,0.3,2.0,False,0.0,0.0,0.579432935855758,False,xxxxxxx,True,0.0,0.0,0.998134934594693,0.6895830593708229,0.6893350358292034,0.10992511418849576,0.9666666666666667,,0.579432935855758
0.1,2.0,2.5,30.0,0.0,1.0,30.0,1.0,0.3,2.0,False,0.0,0.0,0.5752263157372028,False,xxxxxxx,True,0.0,0.0,0.9984432833008805,8.34062050078633,8.339360679591689,7.75417688854003,6.0,,0.5752263157372028
0.1,2.0,1.0,30.0,0.0,0.1,3.0,1.0,0.3,2.0,False,0.0,0.0,0.5732155332875137,False,xxxxxxx,True,0.0,0.0,0.9986249830953873,8.510680976998172,8.509343464604466,7.9361004394899615,6.033333333333333,,0.5732155332875137
0.1,2.0,1.0,30.0,0.0,0.3,10.0,1.0,0.3,2.0,False,0.0,0.0,0.5713533027538913,False,xxxxxxx,True,0.0,0.0,0.9982378156223215,8.443649645917862,8.442439276191195,7.86977799512902,6.033333333333333,,0.5713533027538913
1.0,2.0,10.0,30.0,0.0,0.1,30.0,1.0,0.3,2.0,True,0.0,0.0,0.5699580998032934,False,xxxxxxx,True,0.0,0.0,0.9565235388120018,2.1453840544839133,1.9376329641891266,1.2367805092386934,4.0,,0.5699580998032934
1.0,2.0,10.0,30.0,0.0,0.3,30.0,1.0,0.3,2.0,True,0.0,0.0,0.5687173568439888,False,xxxxxxx,True,0.0,0.0,0.956820175259446,2.1372196379153037,1.9349869028859144,1.2355186764572466,3.966666666666667,,0.5687173568439888
0.1,2.0,20.0,30.0,0.0,0.1,10.0,1.0,0.3,2.0,True,0.0,0.0,0.5682021751992888,False,xxxxxxx,True,0.0,0.0,0.9843137156681969,7.165508003188377,7.164349000100174,6.46232060557347,5.6,,0.5682021751992888
0.1,2.0,1.0,30.0,0.0,1.0,30.0,1.0,0.3,2.0,False,0.0,0.0,0.5651268425437702,False,xxxxxxx,True,0.0,0.0,0.9981449671568732,8.39974869098508,8.398602684692168,7.822363750273928,6.033333333333333,,0.5651268425437702
1.0,2.0,5.0,30.0,0.0,0.1,1.0,1.0,0.3,2.0,True,0.0,0.0,0.5645446571633559,False,xxxxxxx,True,0.0,0.0,0.9577408270241586,1.9399446210898086,2.283777436597485,1.428782362473422,3.6666666666666665,,0.5645446571633559
0.1,2.0,20.0,30.0,0.0,1.0,30.0,1.0,0.3,2.0,True,0.0,0.0,0.5643601358683643,False,xxxxxxx,True,0.0,0.0,0.9837597558974199,7.234978534406947,7.234489157007925,6.490892213643011,5.566666666666666,,0.5643601358683643
1.0,2.0,20.0,30.0,0.0,3.0,1.0,1.0,0.3,2.0,True,0.0,0.0,0.5633330172805133,False,xxxxxxx,True,0.0,0.0,0.9833836812043454,1.2420910740076563,1.2461251832223643,0.677126177418624,3.1333333333333333,,0.5633330172805133
3.0,2.0,10.0,30.0,0.0,3.0,3.0,1.0,0.3,2.0,False,0.0,0.0,0.5625801159713802,False,xxxxxxx,True,0.0,0.0,0.9991891204333373,0.6263370255224745,0.6240798143129526,0.05951634442355333,0.0,,0.5625801159713802
1.0,2.0,10.0,30.0,0.0,1.0,30.0,1.0,0.3,2.0,True,0.0,0.0,0.5614690717193913,False,xxxxxxx,True,0.0,0.0,0.9578128208618362,2.107243300832147,1.9268110576530186,1.2366206497025245,3.966666666666667,,0.5614690717193913
3.0,2.0,20.0,30.0,0.0,0.1,3.0,1.0,0.3,2.0,False,0.0,0.0,0.5598617349768927,False,xxxxxxx,True,0.0,0.0,0.9993501631330186,0.6285007636803814,0.6287120695673506,0.07229357575416903,0.43333333333333335,,0.5598617349768927
0.3,2.0,10.0,30.0,0.0,3.0,1.0,1.0,0.3,2.0,True,0.0,0.0,0.557872927781824,False,xxxxxxx,True,0.0,0.0,0.9940900228642645,3.7398601591628555,3.7374085493547726,2.881279786182978,4.066666666666666,,0.557872927781824
3.0,2.0,5.0,30.0,0.0,0.1,1.0,1.0,0.3,2.0,True,0.0,0.0,0.5577394539803554,False,xxxxxxx,True,0.0,0.0,0.8419949736747769,0.7737780394415886,0.7751686929783766,0.21603048514834938,2.2666666666666666,,0.5577394539803554
1.0,2.0,10.0,30.0,0.0,3.0,1.0,1.0,0.3,2.0,True,0.0,0.0,0.5542841016526967,False,xxxxxxx,True,0.0,0.0,0.978877933734631,1.2596500805556983,1.5024748775892223,0.6201361812154086,3.0666666666666664,,0.5542841016526967
0.1,2.0,10.0,30.0,0.0,0.1,30.0,1.0,0.3,2.0,True,0.0,0.0,0.5519822031191691,False,xxxxxxx,True,0.0,0.0,0.9715466333677553,7.518591594340478,7.519147246515477,6.886173992458635,5.466666666666667,,0.5519822031191691
3.0,2.0,20.0,30.0,0.0,0.1,10.0,1.0,0.3,2.0,False,0.0,0.0,0.5518384325200791,False,xxxxxxx,True,0.0,0.0,0.9992346283506696,0.6518239592411899,0.6513485390707815,0.09950751264088194,1.0,,0.5518384325200791
3.0,2.0,20.0,30.0,0.0,0.3,3.0,1.0,0.3,2.0,False,0.0,0.0,0.5500139634549037,False,xxxxxxx,True,0.0,0.0,0.9993712141987433,0.6163932105902915,0.6184536838161877,0.07025345405826225,0.43333333333333335,,0.5500139634549037
3.0,2.0,20.0,30.0,0.0,0.3,10.0,1.0,0.3,2.0,False,0.0,0.0,0.5485323610800772,False,xxxxxxx,True,0.0,0.0,0.99924636109701,0.6471042035141922,0.6466475197510724,0.09811473259439893,1.0,,0.5485323610800772
0.1,2.0,20.0,30.0,0.0,0.3,10.0,1.0,0.3,2.0,True,0.0,0.0,0.5482201032798459,False,xxxxxxx,True,0.0,0.0,0.9852434171503032,7.24056666411626,7.239685852760525,6.523957994312607,5.6,,0.5482201032798459
3.0,2.0,20.0,30.0,0.0,0.1,30.0,1.0,0.3,2.0,False,0.0,0.0,0.5440915390518406,False,xxxxxxx,True,0.0,0.0,0.9991770966590091,0.6595247313326497,0.6592697546614453,0.11553330356979277,1.2,,0.5440915390518406
3.0,2.0,20.0,30.0,0.0,0.1,1.0,1.0,0.3,2.0,False,0.0,0.0,0.5438041638745599,False,xxxxxxx,True,0.0,0.0,0.9994626825208685,0.6007210893719919,0.5984413419994518,0.07608152512239938,0.0,,0.5438041638745599
0.1,2.0,10.0,30.0,0.0,3.0,1.0,1.0,0.3,2.0,True,0.0,0.0,0.543263311598422,False,xxxxxxx,True,0.0,0.0,0.9959733031465545,6.265027339402087,6.263825266648572,5.5738396271213855,4.966666666666667,,0.543263311598422
3.0,2.0,20.0,30.0,0.0,0.3,30.0,1.0,0.3,2.0,False,0.0,0.0,0.5430500581661888,False,xxxxxxx,True,0.0,0.0,0.9991820331117478,0.6578469707916792,0.6575750385832283,0.11485410647460106,1.2,,0.5430500581661888
0.1,2.0,10.0,30.0,0.0,0.3,30.0,1.0,0.3,2.0,True,0.0,0.0,0.5425972484848796,False,xxxxxxx,True,0.0,0.0,0.9725014047213305,7.570804369543101,7.5714972923784405,6.93826417566589,5.466666666666667,,0.5425972484848796
0.3,2.0,10.0,30.0,0.0,0.1,30.0,1.0,0.3,2.0,True,0.0,0.0,0.542501577972805,False,xxxxxxx,True,0.0,0.0,0.976101563070948,4.7115975354004505,4.711584238530824,3.9107957666864817,4.8,,0.542501577972805
0.3,2.0,5.0,30.0,0.0,0.1,30.0,1.0,0.3,2.0,True,0.0,0.0,0.5408382567019677,False,xxxxxxx,True,0.0,0.0,0.9665590462472258,4.962719626711099,4.964719811660812,4.230486577054661,4.833333333333333,,0.5408382567019677
3.0,2.0,20.0,30.0,0.0,1.0,30.0,1.0,0.3,2.0,False,0.0,0.0,0.5394204581125406,False,xxxxxxx,True,0.0,0.0,0.9991986411860032,0.6520678419332497,0.6517397243970149,0.11300118960973347,1.2,,0.5394204581125406
0.3,2.0,10.0,30.0,0.0,0.3,30.0,1.0,0.3,2.0,True,0.0,0.0,0.5386676977520117,False,xxxxxxx,True,0.0,0.0,0.9764770688534294,4.710623279424398,4.710769005891796,3.9074642208286514,4.8,,0.5386676977520117
0.3,2.0,1.0,30.0,0.0,3.0,30.0,1.0,0.3,2.0,False,0.0,0.0,0.5374949707339689,False,xxxxxxx,True,0.0,0.0,0.9992712396740357,5.079852979583189,5.077401864653776,4.49237181325006,5.433333333333334,,0.5374949707339689
3.0,2.0,20.0,30.0,0.0,1.0,10.0,1.0,0.3,2.0,False,0.0,0.0,0.5372537393565155,False,xxxxxxx,True,0.0,0.0,0.9992835547751321,0.6314293803176345,0.6310112759075751,0.09376373762210402,0.9666666666666667,,0.5372537393565155
0.3,2.0,2.5,30.0,0.0,3.0,30.0,1.0,0.3,2.0,False,0.0,0.0,0.5364464653038277,False,xxxxxxx,True,0.0,0.0,0.999390922419517,5.049451750521264,5.047249664816655,4.473979115267212,5.466666666666667,,0.5364464653038277
0.3,2.0,5.0,30.0,0.0,0.3,30.0,1.0,0.3,2.0,True,0.0,0.0,0.5340470155960036,False,xxxxxxx,True,0.0,0.0,0.9671195038288358,4.964969677331854,4.967107353258088,4.235199302952855,4.833333333333333,,0.5340470155960036
0.1,2.0,10.0,30.0,0.0,0.1,10.0,1.0,0.3,2.0,True,0.0,0.0,0.5339937396948308,False,xxxxxxx,True,0.0,0.0,0.975809260440687,7.56936968872354,7.569902120027912,6.944100230107093,5.5,,0.5339937396948308
0.3,2.0,20.0,30.0,0.0,0.3,1.0,1.0,0.3,2.0,True,0.0,0.0,0.5327102448404873,False,xxxxxxx,True,0.0,0.0,0.9912020622871617,4.633947857044582,4.303369834398165,3.8052859801559267,4.9,,0.5327102448404873
3.0,2.0,10.0,30.0,0.0,0.3,1.0,1.0,0.3,2.0,True,0.0,0.0,0.5325090912997236,False,xxxxxxx,True,0.0,0.0,0.8539001025410138,0.6590867449463671,0.6589847264117079,0.1276055693208403,1.8666666666666667,,0.5325090912997236
3.0,2.0,20.0,30.0,0.0,3.0,30.0,1.0,0.3,2.0,False,0.0,0.0,0.5291997691777022,False,xxxxxxx,True,0.0,0.0,0.9992433553714407,0.6362625175527992,0.635826721911812,0.10669868435930092,1.1333333333333333,,0.5291997691777022
3.0,2.0,5.0,30.0,0.0,0.3,1.0,1.0,0.3,2.0,True,0.0,0.0,0.5288618416689107,False,xxxxxxx,True,0.0,0.0,0.8432300628507888,0.7317148140162414,0.7329494099422319,0.20284972385004602,2.2666666666666666,,0.5288618416689107
3.0,2.0,20.0,30.0,0.0,0.3,1.0,1.0,0.3,2.0,False,0.0,0.0,0.5270311024003599,False,xxxxxxx,True,0.0,0.0,0.9994868676491409,0.5832934528952781,0.5812996712150681,0.06460702835854028,0.0,,0.5270311024003599
0.3,2.0,10.0,30.0,0.0,1.0,30.0,1.0,0.3,2.0,True,0.0,0.0,0.5256481923335073,False,xxxxxxx,True,0.0,0.0,0.9776603404611007,4.703854661748672,4.704512798097641,3.895850080529221,4.8,,0.5256481923335073
3.0,2.0,1.0,30.0,0.0,3.0,1.0,1.0,0.3,2.0,False,0.0,0.0,0.5234195495610526,False,xxxxxxx,True,0.0,0.0,0.9986703337611208,0.5747928526274632,0.5742741521233345,0.05137645231473885,0.0,,0.5234195495610526
3.0,2.0,2.5,30.0,0.0,3.0,1.0,1.0,0.3,2.0,False,0.0,0.0,0.5233482556819342,False,xxxxxxx,True,0.0,0.0,0.9988672734625983,0.5696060676804042,0.5683099480679682,0.04626592440691065,0.0,,0.5233482556819342
0.3,2.0,5.0,30.0,0.0,3.0,30.0,1.0,0.3,2.0,False,0.0,0.0,0.5225254182088035,False,xxxxxxx,True,0.0,0.0,0.9995366197423992,5.009736240955123,5.006880075702853,4.467563938000628,5.5,,0.5225254182088035
0.3,2.0,1.0,30.0,0.0,1.0,10.0,1.0,0.3,2.0,False,0.0,0.0,0.5191804010813977,False,xxxxxxx,True,0.0,0.0,0.9993149119558571,5.139393835001793,5.137442859778126,4.577518271162165,5.433333333333334,,0.5191804010813977
0.3,2.0,10.0,30.0,0.0,3.0,3.0,1.0,0.3,2.0,True,0.0,0.0,0.5188465324768894,False,xxxxxxx,True,0.0,0.0,0.9916863050465293,4.058298484539554,4.05591748362109,3.2019794591425983,4.366666666666666,,0.5188465324768894
0.3,2.0,2.5,30.0,0.0,1.0,10.0,1.0,0.3,2.0,False,0.0,0.0,0.5171633259646453,False,xxxxxxx,True,0.0,0.0,0.9994288231241066,5.1062261550759365,5.103904887453028,4.558316350305043,5.466666666666667,,0.5171633259646453
0.3,2.0,10.0,30.0,0.0,0.1,1.0,1.0,0.3,2.0,True,0.0,0.0,0.5150521842678732,False,xxxxxxx,True,0.0,0.0,0.9857270294921433,4.616547496856612,4.614275462528875,3.926253428814009,4.766666666666667,,0.5150521842678732
1.0,2.0,5.0,30.0,0.0,0.1,3.0,1.0,0.3,2.0,True,0.0,0.0,0.5146376609890866,False,xxxxxxx,True,0.0,0.0,0.9536273949137851,2.4555495549688438,2.0936097460977163,1.5892535226729305,4.1,,0.5146376609890866
3.0,2.0,20.0,30.0,0.0,1.0,3.0,1.0,0.3,2.0,False,0.0,0.0,0.5116561993974384,False,xxxxxxx,True,0.0,0.0,0.9994327542096005,0.5905540814632003,0.5880877964372402,0.06683989738826966,0.36666666666666664,,0.5116561993974384
3.0,2.0,10.0,30.0,0.0,0.1,3.0,1.0,0.3,2.0,True,0.0,0.0,0.5111958991291226,False,xxxxxxx,True,0.0,0.0,0.848244007998336,0.6778940674876696,0.6771744505354382,0.16854422145861575,2.1,,0.5111958991291226
0.1,2.0,10.0,30.0,0.0,1.0,30.0,1.0,0.3,2.0,True,0.0,0.0,0.5111103380596922,False,xxxxxxx,True,0.0,0.0,0.9751757263569435,7.683180242276053,7.684253403051732,7.057282030517753,5.5,,0.5111103380596922
0.3,2.0,5.0,30.0,0.0,0.1,10.0,1.0,0.3,2.0,True,0.0,0.0,0.5099194211721538,False,xxxxxxx,True,0.0,0.0,0.970411053270851,4.989242578483487,4.990953721314664,4.280043629478327,4.833333333333333,,0.5099194211721538
0.3,2.0,5.0,30.0,0.0,1.0,30.0,1.0,0.3,2.0,True,0.0,0.0,0.5092380110813766,False,xxxxxxx,True,0.0,0.0,0.9688803698388371,4.968197847902372,4.970692265335392,4.252074227519547,4.866666666666666,,0.5092380110813766
0.1,2.0,1.0,30.0,0.0,1.0,10.0,1.0,0.3,2.0,False,0.0,0.0,0.5086008310972945,False,xxxxxxx,True,0.0,0.0,0.9989965391525621,8.09513367085254,8.094457842640612,7.4905962646329804,6.066666666666666,,0.5086008310972945
0.1,2.0,2.5,30.0,0.0,0.3,3.0,1.0,0.3,2.0,False,0.0,0.0,0.5079711483580147,False,xxxxxxx,True,0.0,0.0,0.9991976770419969,8.220930629644913,8.21966980354041,7.639189983247416,6.133333333333333,,0.5079711483580147
3.0,2.0,20.0,30.0,0.0,3.0,10.0,1.0,0.3,2.0,False,0.0,0.0,0.5071948742105685,False,xxxxxxx,True,0.0,0.0,0.9993707699958918,0.5914323592810307,0.5911781454116548,0.08505751244071448,0.8666666666666667,,0.5071948742105685
0.1,2.0,10.0,30.0,0.0,0.3,10.0,1.0,0.3,2.0,True,0.0,0.0,0.5071452914537944,False,xxxxxxx,True,0.0,0.0,0.977412848725009,7.66915667700058,7.670047926169353,7.051321808355198,5.5,,0.5071452914537944
0.1,2.0,1.0,30.0,0.0,3.0,30.0,1.0,0.3,2.0,False,0.0,0.0,0.5070771110714336,False,xxxxxxx,True,0.0,0.0,0.9989840077128358,8.033522771986398,8.033047975513108,7.423072936846118,6.066666666666666,,0.5070771110714336
0.1,2.0,5.0,30.0,0.0,0.1,30.0,1.0,0.3,2.0,True,0.0,0.0,0.5065523674686716,False,xxxxxxx,True,0.0,0.0,0.9598741482519985,7.699222774726237,7.699778681359299,7.140713185358651,5.5,,0.5065523674686716
0.3,2.0,5.0,30.0,0.0,1.0,10.0,1.0,0.3,2.0,False,0.0,0.0,0.5046729081815364,False,xxxxxxx,True,0.0,0.0,0.9995651161971053,5.0653597308240705,5.063341753389324,4.549121830907342,5.5,,0.5046729081815364
3.0,2.0,5.0,30.0,0.0,3.0,1.0,1.0,0.3,2.0,False,0.0,0.0,0.5044727785979184,False,xxxxxxx,True,0.0,0.0,0.9991174366373452,0.5454234426323583,0.5449541839086526,0.03986542633426484,0.0,,0.5044727785979184
0.1,2.0,20.0,30.0,0.0,3.0,30.0,1.0,0.3,2.0,True,0.0,0.0,0.5025139354068286,False,xxxxxxx,True,0.0,0.0,0.9874632765620884,7.296783777505812,7.297345631358457,6.561029397297212,5.566666666666666,,0.5025139354068286
0.1,2.0,5.0,30.0,0.0,0.3,3.0,1.0,0.3,2.0,False,0.0,0.0,0.5020813713872712,False,xxxxxxx,True,0.0,0.0,0.9993919112484718,8.14711648145331,8.145467174733362,7.571072231843493,6.166666666666667,,0.5020813713872712
0.1,2.0,1.0,30.0,0.0,0.3,3.0,1.0,0.3,2.0,False,0.0,0.0,0.5009483289370213,False,xxxxxxx,True,0.0,0.0,0.9990412420528006,8.275776690242092,8.274708965927903,7.704804295948589,6.133333333333333,,0.5009483289370213
0.1,2.0,5.0,30.0,0.0,0.3,30.0,1.0,0.3,2.0,True,0.0,0.0,0.4948609806292061,False,xxxxxxx,True,0.0,0.0,0.960870699423921,7.768196528637145,7.768809618985955,7.2154096664511105,5.5,,0.4948609806292061
0.3,2.0,10.0,30.0,0.0,3.0,30.0,1.0,0.3,2.0,True,0.0,0.0,0.4944962413464581,False,xxxxxxx,True,0.0,0.0,0.9808317362219158,4.670456980232254,4.672172528674034,3.8715522508832936,4.833333333333333,,0.4944962413464581
0.3,2.0,10.0,30.0,0.0,3.0,30.0,1.0,0.3,2.0,False,0.0,0.0,0.4935302332397394,False,xxxxxxx,True,0.0,0.0,0.9997108397661174,4.911238421814176,4.913683488677416,4.437494828986127,5.6,,0.4935302332397394
0.3,2.0,5.0,30.0,0.0,0.3,10.0,1.0,0.3,2.0,True,0.0,0.0,0.4917940324341791,False,xxxxxxx,True,0.0,0.0,0.9714549436234855,4.992496354639037,4.994607131368987,4.293615813391267,4.866666666666666,,0.4917940324341791
0.3,2.0,10.0,30.0,0.0,0.1,10.0,1.0,0.3,2.0,True,0.0,0.0,0.4892554918033808,False,xxxxxxx,True,0.0,0.0,0.9790091653674395,4.758105527687807,4.7577448181560165,4.012367297084833,4.833333333333333,,0.4892554918033808
0.3,2.0,2.5,30.0,0.0,0.1,30.0,1.0,0.3,2.0,True,0.0,0.0,0.48910826619488845,False,xxxxxxx,True,0.0,0.0,0.9572337969407507,5.134833035039037,5.136627778588737,4.507975378758501,4.9,,0.48910826619488845
0.1,2.0,5.0,30.0,0.0,0.1,10.0,1.0,0.3,2.0,True,0.0,0.0,0.48811605805811886,False,xxxxxxx,True,0.0,0.0,0.9658662441631941,7.765606221512748,7.766237344758532,7.218489796639636,5.5,,0.48811605805811886
0.1,2.0,20.0,30.0,0.0,3.0,3.0,1.0,0.3,2.0,True,0.0,0.0,0.48647455678547585,False,xxxxxxx,True,0.0,0.0,0.9962155510681906,6.505819203548024,6.504608870552122,5.815352134382476,5.333333333333333,,0.48647455678547585
0.1,2.0,20.0,30.0,0.0,1.0,10.0,1.0,0.3,2.0,True,0.0,0.0,0.48383455962770927,False,xxxxxxx,True,0.0,0.0,0.9880181056221083,7.340286620506189,7.340452169974779,6.636416893775643,5.633333333333333,,0.48383455962770927
1.0,2.0,10.0,30.0,0.0,3.0,30.0,1.0,0.3,2.0,True,0.0,0.0,0.483100664544106,False,xxxxxxx,True,0.0,0.0,0.9603084587039682,2.011274229162582,1.9135519291368892,1.339519518025169,4.066666666666666,,0.483100664544106
0.3,2.0,5.0,30.0,0.0,3.0,1.0,1.0,0.3,2.0,True,0.0,0.0,0.48219062361139015,False,xxxxxxx,True,0.0,0.0,0.9908493286228897,4.01782737909468,4.015723074749677,3.307122816779435,4.3,,0.48219062361139015
0.1,2.0,5.0,30.0,0.0,3.0,1.0,1.0,0.3,2.0,True,0.0,0.0,0.4815985841453362,False,xxxxxxx,True,0.0,0.0,0.9936276281965424,6.509112005142187,6.5086933320912745,5.918908980613807,5.1,,0.4815985841453362
3.0,2.0,10.0,30.0,0.0,0.3,3.0,1.0,0.3,2.0,True,0.0,0.0,0.48103837545115996,False,xxxxxxx,True,0.0,0.0,0.8491590940052907,0.6455515221160419,0.6446840703010761,0.16604640980458835,2.1333333333333333,,0.48103837545115996
0.3,2.0,10.0,30.0,0.0,0.3,10.0,1.0,0.3,2.0,True,0.0,0.0,0.4806382422936971,False,xxxxxxx,True,0.0,0.0,0.9797409156528615,4.752876103732014,4.752900875622457,4.003050930212919,4.866666666666666,,0.4806382422936971
0.3,2.0,2.5,30.0,0.0,0.3,30.0,1.0,0.3,2.0,True,0.0,0.0,0.47917330023747984,False,xxxxxxx,True,0.0,0.0,0.9578855369169003,5.13874055279819,5.140542688525472,4.519398958722773,4.9,,0.47917330023747984
0.1,2.0,2.5,30.0,0.0,0.1,30.0,1.0,0.3,2.0,True,0.0,0.0,0.4769594022961924,False,xxxxxxx,True,0.0,0.0,0.948891221192495,7.802486875170687,7.802870396577311,7.28784478034597,5.533333333333333,,0.4769594022961924
0.3,2.0,5.0,30.0,0.0,0.3,3.0,1.0,0.3,2.0,False,0.0,0.0,0.4735944898728189,False,xxxxxxx,True,0.0,0.0,0.9996301774561868,5.18689223157476,5.184576030460764,4.708677884980419,5.466666666666667,,0.4735944898728189
1.0,2.0,5.0,30.0,0.0,0.3,3.0,1.0,0.3,2.0,True,0.0,0.0,0.4729736208589148,False,xxxxxxx,True,0.0,0.0,0.9547929806387153,2.409229045229135,2.0524098320716253,1.6174436782901376,4.133333333333333,,0.4729736208589148
0.1,2.0,20.0,30.0,0.0,0.1,3.0,1.0,0.3,2.0,True,0.0,0.0,0.4708648650879708,False,xxxxxxx,True,0.0,0.0,0.9880075340446653,7.336299683536067,7.3350216059849345,6.723557154163591,5.733333333333333,,0.4708648650879708
1.0,2.0,5.0,30.0,0.0,1.0,1.0,1.0,0.3,2.0,True,0.0,0.0,0.4688267530451979,False,xxxxxxx,True,0.0,0.0,0.963139631493049,2.2020106682824347,1.9324257322550382,1.5812576300054273,4.0,,0.4688267530451979
0.1,2.0,2.5,30.0,0.0,0.3,30.0,1.0,0.3,2.0,True,0.0,0.0,0.4648524263948396,False,xxxxxxx,True,0.0,0.0,0.9501902313590548,7.880258085382746,7.88065662842574,7.373586080809822,5.533333333333333,,0.4648524263948396
0.1,2.0,2.5,30.0,0.0,0.1,1.0,1.0,0.3,2.0,False,0.0,0.0,0.4647891707078744,False,xxxxxxx,True,0.0,0.0,0.9992739508668304,8.551757732028388,8.551965852479613,8.059061586382896,6.2,,0.4647891707078744
0.1,2.0,10.0,30.0,0.0,0.1,1.0,1.0,0.3,2.0,False,0.0,0.0,0.46422584725967997,False,xxxxxxx,True,0.0,0.0,0.9996493804655171,8.423725786020654,8.422193943816087,7.9344604832439085,6.3,,0.46422584725967997
0.1,2.0,5.0,30.0,0.0,0.1,1.0,1.0,0.3,2.0,False,0.0,0.0,0.46392698542551564,False,xxxxxxx,True,0.0,0.0,0.9994465082961674,8.484882794641177,8.486712349530404,7.995753885932079,6.233333333333333,,0.46392698542551564
0.1,2.0,1.0,30.0,0.0,0.1,1.0,1.0,0.3,2.0,False,0.0,0.0,0.4626210543127525,False,xxxxxxx,True,0.0,0.0,0.9991299238557779,8.600323692018021,8.599040667896222,8.108258027568398,6.2,,0.4626210543127525
0.3,2.0,5.0,30.0,0.0,0.3,1.0,1.0,0.3,2.0,False,0.0,0.0,0.4623424853409264,False,xxxxxxx,True,0.0,0.0,0.9997726358932526,4.304416492018351,4.508641798859999,3.8574208089679796,5.066666666666666,,0.4623424853409264
0.3,2.0,10.0,30.0,0.0,1.0,10.0,1.0,0.3,2.0,True,0.0,0.0,0.4600195989476247,False,xxxxxxx,True,0.0,0.0,0.9819722969666683,4.722273957539198,4.723343274304354,3.980283215143981,4.866666666666666,,0.4600195989476247
0.3,2.0,2.5,30.0,0.0,0.3,3.0,1.0,0.3,2.0,False,0.0,0.0,0.460010698280876,False,xxxxxxx,True,0.0,0.0,0.9995156483760614,5.251959983850741,5.250017000726286,4.780069760557543,5.466666666666667,,0.460010698280876
0.3,2.0,2.5,30.0,0.0,0.1,10.0,1.0,0.3,2.0,True,0.0,0.0,0.4595301810810244,False,xxxxxxx,True,0.0,0.0,0.9619827479607621,5.1553018466126534,5.157168692387661,4.55213523175253,4.933333333333334,,0.4595301810810244
0.1,2.0,2.5,30.0,0.0,0.1,10.0,1.0,0.3,2.0,True,0.0,0.0,0.45940906463134457,False,xxxxxxx,True,0.0,0.0,0.9562153799909091,7.876331638863742,7.8767786784295595,7.374137535111863,5.533333333333333,,0.45940906463134457
0.3,2.0,1.0,30.0,0.0,0.1,1.0,1.0,0.3,2.0,False,0.0,0.0,0.457726319858044,False,xxxxxxx,True,0.0,0.0,0.9995405553416818,5.483896458823356,5.480611634498215,4.996314524286975,5.366666666666666,,0.457726319858044
3.0,2.0,10.0,30.0,0.0,3.0,1.0,1.0,0.3,2.0,False,0.0,0.0,0.4572772496312153,False,xxxxxxx,True,0.0,0.0,0.9994213694774219,0.4951695237657628,0.4960008052995637,0.03854430624798579,0.0,,0.4572772496312153
0.1,2.0,10.0,30.0,0.0,0.1,3.0,1.0,0.3,2.0,True,0.0,0.0,0.45702925829700836,False,xxxxxxx,True,0.0,0.0,0.9815218829381408,7.698010423704302,7.698388021479913,7.136360006728113,5.633333333333333,,0.45702925829700836
0.1,2.0,5.0,30.0,0.0,1.0,30.0,1.0,0.3,2.0,True,0.0,0.0,0.4569460252933466,False,xxxxxxx,True,0.0,0.0,0.964880726195868,7.918805078516757,7.91952088018111,7.388240087054023,5.5,,0.4569460252933466
0.3,2.0,1.0,30.0,0.0,0.3,3.0,1.0,0.3,2.0,False,0.0,0.0,0.4563343837186,False,xxxxxxx,True,0.0,0.0,0.9994214761186198,5.291009305262273,5.289145965545829,4.81290116847746,5.466666666666667,,0.4563343837186
0.1,2.0,5.0,30.0,0.0,0.3,10.0,1.0,0.3,2.0,True,0.0,0.0,0.45582642995993305,False,xxxxxxx,True,0.0,0.0,0.9676346537618258,7.896056259185942,7.896810686147836,7.369196077421159,5.5,,0.45582642995993305
0.1,2.0,1.0,30.0,0.0,0.1,30.0,1.0,0.3,2.0,True,0.0,0.0,0.4546487445284775,False,xxxxxxx,True,0.0,0.0,0.9377707116864191,7.874209939858549,7.874479123611952,7.3901476443099625,5.6,,0.4546487445284775
0.3,2.0,1.0,30.0,0.0,0.1,30.0,1.0,0.3,2.0,True,0.0,0.0,0.4541115174426438,False,xxxxxxx,True,0.0,0.0,0.9480170936720657,5.241502137024183,5.242704469935335,4.681814630571014,4.933333333333334,,0.4541115174426438
3.0,2.0,2.5,30.0,0.0,0.1,1.0,1.0,0.3,2.0,True,0.0,0.0,0.4486314123636181,False,xxxxxxx,True,0.0,0.0,0.83083903548766,0.7520105190538726,0.7549531458981846,0.3025345402973414,2.466666666666667,,0.4486314123636181
0.1,2.0,2.5,30.0,0.0,3.0,1.0,1.0,0.3,2.0,True,0.0,0.0,0.44813576815502637,False,xxxxxxx,True,0.0,0.0,0.9910509165650151,6.63567391158697,6.635658193091306,6.107094050544092,5.2,,0.44813576815502637
1.0,2.0,5.0,30.0,0.0,0.3,1.0,1.0,0.3,2.0,True,0.0,0.0,0.44678179475926616,False,xxxxxxx,True,0.0,0.0,0.9590361605846037,2.1570337220517155,2.144592498838394,1.6987604451577072,4.0,,0.44678179475926616
0.3,2.0,2.5,30.0,0.0,1.0,30.0,1.0,0.3,2.0,True,0.0,0.0,0.4439893207746358,False,xxxxxxx,True,0.0,0.0,0.9599418759168801,5.14527535658473,5.147020662180006,4.556185553851689,4.933333333333334,,0.4439893207746358
0.3,2.0,1.0,30.0,0.0,0.3,30.0,1.0,0.3,2.0,True,0.0,0.0,0.4438044760307792,False,xxxxxxx,True,0.0,0.0,0.9487779069871043,5.245165095933439,5.246335714062516,4.694231119051018,4.933333333333334,,0.4438044760307792
0.3,2.0,5.0,30.0,0.0,0.1,1.0,1.0,0.3,2.0,True,0.0,0.0,0.4437146816535646,False,xxxxxxx,True,0.0,0.0,0.9794563079506713,4.968455549029519,4.969812386725396,4.403146673145568,4.9,,0.4437146816535646
0.1,2.0,1.0,30.0,0.0,0.3,30.0,1.0,0.3,2.0,True,0.0,0.0,0.442681710807455,False,xxxxxxx,True,0.0,0.0,0.9397127944367161,7.956727164496186,7.95699714112928,7.481398975617618,5.566666666666666,,0.442681710807455
0.1,2.0,1.0,30.0,0.0,0.1,10.0,1.0,0.3,2.0,True,0.0,0.0,0.4384789823686991,False,xxxxxxx,True,0.0,0.0,0.9466227831774549,7.951784863685235,7.9520998920103505,7.479784568682055,5.566666666666666,,0.4384789823686991
0.1,2.0,20.0,30.0,0.0,1.0,1.0,1.0,0.3,2.0,True,0.0,0.0,0.4374380353670667,False,xxxxxxx,True,0.0,0.0,0.9946455335079726,6.966440666775055,6.965002996997356,6.318571349760023,5.5,,0.4374380353670667
3.0,2.0,5.0,30.0,0.0,0.1,3.0,1.0,0.3,2.0,True,0.0,0.0,0.4370110522674507,False,xxxxxxx,True,0.0,0.0,0.8368851557293558,0.708031958913783,0.7106623112586845,0.2700139267802585,2.3333333333333335,,0.4370110522674507
0.3,2.0,2.5,30.0,0.0,0.3,10.0,1.0,0.3,2.0,True,0.0,0.0,0.4304741664699948,False,xxxxxxx,True,0.0,0.0,0.9632379446264017,5.161930201760095,5.163828782002905,4.585640675701492,4.966666666666667,,0.4304741664699948
0.3,2.0,20.0,30.0,0.0,1.0,1.0,1.0,0.3,2.0,True,0.0,0.0,0.4281882263843137,False,xxxxxxx,True,0.0,0.0,0.9933158259263976,3.9779906407683554,3.990814197511787,3.340125805176194,4.666666666666667,,0.4281882263843137
0.3,2.0,5.0,30.0,0.0,3.0,30.0,1.0,0.3,2.0,True,0.0,0.0,0.42786245997773836,False,xxxxxxx,True,0.0,0.0,0.9728937738209416,4.954542853196031,4.95722611761128,4.313717872719028,4.933333333333334,,0.42786245997773836
0.1,2.0,2.5,30.0,0.0,0.3,10.0,1.0,0.3,2.0,True,0.0,0.0,0.4264120633451476,False,xxxxxxx,True,0.0,0.0,0.9585238771693044,8.023154226612847,8.023612334428298,7.5456152539049075,5.533333333333333,,0.4264120633451476
0.1,2.0,2.5,30.0,0.0,1.0,30.0,1.0,0.3,2.0,True,0.0,0.0,0.42640698715135955,False,xxxxxxx,True,0.0,0.0,0.9547812737154747,8.049919655091234,8.050312685683846,7.570735045372704,5.533333333333333,,0.42640698715135955
3.0,2.0,2.5,30.0,0.0,0.3,1.0,1.0,0.3,2.0,True,0.0,0.0,0.4237668255196142,False,xxxxxxx,True,0.0,0.0,0.8321666776599507,0.7116613313487011,0.7143812881530335,0.28728242372739715,2.5,,0.4237668255196142
1.0,2.0,20.0,30.0,0.0,0.1,30.0,1.0,0.3,2.0,True,0.0,0.0,0.42356444481613303,False,xxxxxxx,True,0.0,0.0,0.9650340332690578,1.539124833953426,1.6659448494249969,1.0658749265664866,3.8333333333333335,,0.42356444481613303
3.0,2.0,5.0,30.0,0.0,1.0,1.0,1.0,0.3,2.0,True,0.0,0.0,0.4219179293084178,False,xxxxxxx,True,0.0,0.0,0.8471489487396261,0.5943170060376628,0.5947501379899207,0.17264498323287947,2.3333333333333335,,0.4219179293084178
0.3,2.0,1.0,30.0,0.0,0.1,10.0,1.0,0.3,2.0,True,0.0,0.0,0.4218636880843216,False,xxxxxxx,True,0.0,0.0,0.9535777016996486,5.259605314959012,5.260972996762133,4.728479932642259,4.966666666666667,,0.4218636880843216
0.1,2.0,10.0,30.0,0.0,3.0,30.0,1.0,0.3,2.0,True,0.0,0.0,0.4213643414373297,False,xxxxxxx,True,0.0,0.0,0.9807367369313411,7.77596695587572,7.777457734406048,7.209853914399368,5.566666666666666,,0.4213643414373297
0.1,2.0,1.0,30.0,0.0,3.0,1.0,1.0,0.3,2.0,True,0.0,0.0,0.4213428483814294,False,xxxxxxx,True,0.0,0.0,0.9885800332726966,6.715937974027025,6.715994761406788,6.233939530762283,5.233333333333333,,0.4213428483814294
3.0,2.0,5.0,30.0,0.0,0.3,3.0,1.0,0.3,2.0,True,0.0,0.0,0.4195074749898551,False,xxxxxxx,True,0.0,0.0,0.837861714416633,0.6839484847730337,0.6864760512803818,0.2633968647162498,2.3666666666666667,,0.4195074749898551
1.0,2.0,20.0,30.0,0.0,0.3,30.0,1.0,0.3,2.0,True,0.0,0.0,0.4194089902679834,False,xxxxxxx,True,0.0,0.0,0.9652664937400424,1.536878792862639,1.6611257670731714,1.0699675902258916,3.8333333333333335,,0.4194089902679834
0.1,2.0,20.0,30.0,0.0,0.3,3.0,1.0,0.3,2.0,True,0.0,0.0,0.41802750351225615,False,xxxxxxx,True,0.0,0.0,0.989309044260046,7.4625946967691705,7.462009040036099,6.8653832408166195,5.733333333333333,,0.41802750351225615
0.3,2.0,2.5,30.0,0.0,3.0,1.0,1.0,0.3,2.0,True,0.0,0.0,0.41542263446673816,False,xxxxxxx,True,0.0,0.0,0.987348179508188,4.155513046449184,4.154685579266731,3.5734182502532086,4.433333333333334,,0.41542263446673816
0.1,2.0,10.0,30.0,0.0,1.0,10.0,1.0,0.3,2.0,True,0.0,0.0,0.4146957918911311,False,xxxxxxx,True,0.0,0.0,0.9816555816908481,7.795017654234574,7.796462956507982,7.242023136012817,5.566666666666666,,0.4146957918911311
0.1,2.0,5.0,30.0,0.0,3.0,1.0,1.0,0.3,2.0,False,0.0,0.0,0.41463675354014373,False,xxxxxxx,True,0.0,0.0,0.9999618368794124,5.013479445660295,5.013749991934036,4.481342898043142,4.733333333333333,,0.41463675354014373
0.3,2.0,5.0,30.0,0.0,1.0,10.0,1.0,0.3,2.0,True,0.0,0.0,0.41433612466285796,False,xxxxxxx,True,0.0,0.0,0.9745136947774872,4.983162018983863,4.9857882497684916,4.359072181003448,4.933333333333334,,0.41433612466285796
0.1,2.0,5.0,30.0,0.0,0.1,3.0,1.0,0.3,2.0,True,0.0,0.0,0.4132975495823423,False,xxxxxxx,True,0.0,0.0,0.9732418943879516,7.911951208598037,7.912672576828343,7.4304760983596925,5.633333333333333,,0.4132975495823423
1.0,2.0,2.5,30.0,0.0,0.1,1.0,1.0,0.3,2.0,True,0.0,0.0,0.41113363709581147,False,xxxxxxx,True,0.0,0.0,0.9477842074172267,2.3942299303810275,2.2583574272017923,1.87705528166665,4.166666666666667,,0.41113363709581147
0.3,2.0,1.0,30.0,0.0,1.0,30.0,1.0,0.3,2.0,True,0.0,0.0,0.40836751373546215,False,xxxxxxx,True,0.0,0.0,0.9511866336855715,5.249617701345944,5.250646526968309,4.7311664799587305,4.966666666666667,,0.40836751373546215
0.1,2.0,1.0,30.0,0.0,0.3,10.0,1.0,0.3,2.0,True,0.0,0.0,0.405949490589152,False,xxxxxxx,True,0.0,0.0,0.9494293052886082,8.10728066129217,8.107573476645042,7.661592922448715,5.566666666666666,,0.405949490589152
0.1,2.0,2.5,30.0,0.0,3.0,1.0,1.0,0.3,2.0,False,0.0,0.0,0.40571470784548536,False,xxxxxxx,True,0.0,0.0,0.9999484928972147,5.035693281133906,5.0353772705262285,4.538078672009778,4.966666666666667,,0.40571470784548536
0.1,2.0,1.0,30.0,0.0,1.0,30.0,1.0,0.3,2.0,True,0.0,0.0,0.4049091818555387,False,xxxxxxx,True,0.0,0.0,0.9451746957114325,8.136165986481325,8.13640341209531,7.690352339558125,5.566666666666666,,0.4049091818555387
1.0,2.0,20.0,30.0,0.0,1.0,30.0,1.0,0.3,2.0,True,0.0,0.0,0.40433764612282164,False,xxxxxxx,True,0.0,0.0,0.9660461458614398,1.5296791627649866,1.6442977668538779,1.0866950022730075,3.8666666666666667,,0.40433764612282164
0.3,2.0,20.0,30.0,0.0,0.1,3.0,1.0,0.3,2.0,True,0.0,0.0,0.3995332227827492,False,xxxxxxx,True,0.0,0.0,0.9884867970502061,4.488242100668383,4.343085455438285,3.8650286574807415,5.066666666666666,,0.3995332227827492
0.3,2.0,5.0,30.0,0.0,0.3,1.0,1.0,0.3,2.0,True,0.0,0.0,0.3988481910485417,False,xxxxxxx,True,0.0,0.0,0.980803059327058,4.942638168826846,4.940936676063753,4.395585391735055,4.866666666666666,,0.3988481910485417
0.3,2.0,20.0,30.0,0.0,0.1,30.0,1.0,0.3,2.0,True,0.0,0.0,0.39865905451724726,False,xxxxxxx,True,0.0,0.0,0.9835144996307599,4.437700864535863,4.435812052138218,3.833182334697038,5.033333333333333,,0.39865905451724726
0.3,2.0,5.0,30.0,0.0,1.0,1.0,1.0,0.3,2.0,True,0.0,0.0,0.39543900836791024,False,xxxxxxx,True,0.0,0.0,0.9847627991225146,4.666006344210157,4.6641512827050935,4.073848221008693,4.7,,0.39543900836791024
0.3,2.0,20.0,30.0,0.0,0.3,30.0,1.0,0.3,2.0,True,0.0,0.0,0.39440985613133195,False,xxxxxxx,True,0.0,0.0,0.9838110626319383,4.438550357176264,4.436707329066428,3.839478573284614,5.033333333333333,,0.39440985613133195
0.1,2.0,5.0,30.0,0.0,3.0,10.0,1.0,0.3,2.0,False,0.0,0.0,0.39352437730690104,False,xxxxxxx,True,0.0,0.0,0.9997484453433918,7.412617668047162,7.412763696452862,6.874669149474446,6.233333333333333,,0.39352437730690104
1.0,2.0,20.0,30.0,0.0,0.1,10.0,1.0,0.3,2.0,True,0.0,0.0,0.39317619687664124,False,xxxxxxx,True,0.0,0.0,0.9673917700252451,1.6451933017331841,1.6706668521065964,1.3163410878906394,4.066666666666666,,0.39317619687664124
0.3,2.0,1.0,30.0,0.0,3.0,1.0,1.0,0.3,2.0,True,0.0,0.0,0.3925493607599,False,xxxxxxx,True,0.0,0.0,0.9838263099015345,4.23052331114215,4.2303315671411585,3.7076495438477837,4.5,,0.3925493607599
0.3,2.0,20.0,30.0,0.0,3.0,3.0,1.0,0.3,2.0,False,0.0,0.0,0.3923157308113588,False,xxxxxxx,True,0.0,0.0,0.9999755005865041,4.534193773229294,4.597498781164505,4.035557854889089,5.233333333333333,,0.3923157308113588
0.3,2.0,1.0,30.0,0.0,0.3,10.0,1.0,0.3,2.0,True,0.0,0.0,0.3918045519458958,False,xxxxxxx,True,0.0,0.0,0.955043139155817,5.264409919873618,5.265680217746161,4.762715022254673,5.0,,0.3918045519458958
0.1,2.0,1.0,30.0,0.0,3.0,1.0,1.0,0.3,2.0,False,0.0,0.0,0.3905796529336014,False,xxxxxxx,True,0.0,0.0,0.9999376542727699,5.075095874663624,5.074676569354243,4.6109715431376,5.133333333333333,,0.3905796529336014
0.3,2.0,1.0,30.0,0.0,3.0,1.0,1.0,0.3,2.0,False,0.0,0.0,0.38739061180775014,False,xxxxxxx,True,0.0,0.0,0.9999318352273981,3.3647740286566643,3.36463637296811,2.8626515817212006,4.033333333333333,,0.38739061180775014
1.0,2.0,1.0,30.0,0.0,0.3,1.0,1.0,0.3,2.0,True,0.0,0.0,0.38722154780301826,False,xxxxxxx,True,0.0,0.0,0.9402777580142736,2.2983150591695107,2.2965609166909036,1.7125132821936202,3.8666666666666667,,0.38722154780301826
0.1,2.0,2.5,30.0,0.0,0.1,3.0,1.0,0.3,2.0,True,0.0,0.0,0.38678225838084024,False,xxxxxxx,True,0.0,0.0,0.9652077034427898,8.034657569328541,8.03519922381951,7.598638451203263,5.633333333333333,,0.38678225838084024
1.0,2.0,1.0,30.0,0.0,0.1,1.0,1.0,0.3,2.0,True,0.0,0.0,0.381235610720357,False,xxxxxxx,True,0.0,0.0,0.9385365785321566,2.34607417242192,2.345227499001968,1.788087747673068,3.966666666666667,,0.381235610720357
0.1,2.0,10.0,30.0,0.0,0.3,3.0,1.0,0.3,2.0,True,0.0,0.0,0.3807496330042548,False,xxxxxxx,True,0.0,0.0,0.9832961172978287,7.8452148024109185,7.846262238014807,7.344669492479978,5.666666666666667,,0.3807496330042548
1.0,2.0,2.5,30.0,0.0,0.3,1.0,1.0,0.3,2.0,True,0.0,0.0,0.37870521468991825,False,xxxxxxx,True,0.0,0.0,0.9492392978837392,2.2423963166286582,2.2172346096912308,1.7167400470074616,3.966666666666667,,0.37870521468991825
3.0,2.0,10.0,30.0,0.0,0.1,10.0,1.0,0.3,2.0,True,0.0,0.0,0.3784075358671202,False,xxxxxxx,True,0.0,0.0,0.8427598294599778,0.6016548794467802,0.6020548417873863,0.2232273814203512,2.3333333333333335,,0.3784075358671202
0.3,2.0,20.0,30.0,0.0,1.0,30.0,1.0,0.3,2.0,True,0.0,0.0,0.37820055550673204,False,xxxxxxx,True,0.0,0.0,0.9847476760222861,4.437430901222725,4.435712058967029,3.8610951821971145,5.033333333333333,,0.37820055550673204
0.3,2.0,2.5,30.0,0.0,3.0,1.0,1.0,0.3,2.0,False,0.0,0.0,0.3777294529052915,False,xxxxxxx,True,0.0,0.0,0.9999435437324263,3.383233791034921,3.383512224125502,2.865306257236569,3.966666666666667,,0.3777294529052915
1.0,2.0,20.0,30.0,0.0,0.3,10.0,1.0,0.3,2.0,True,0.0,0.0,0.37750570802628525,False,xxxxxxx,True,0.0,0.0,0.9678950133792895,1.6395858697037087,1.6620522332357484,1.317258566247338,4.1,,0.37750570802628525
0.3,2.0,20.0,30.0,0.0,3.0,1.0,1.0,0.3,2.0,True,0.0,0.0,0.3732831347388078,False,xxxxxxx,True,0.0,0.0,0.9962731768652434,3.4751426228840643,3.4768907387499657,2.887479171878761,4.5,,0.3732831347388078
1.0,2.0,5.0,30.0,0.0,1.0,3.0,1.0,0.3,2.0,True,0.0,0.0,0.37157848876087407,False,xxxxxxx,True,0.0,0.0,0.9583124064790659,2.154121528881438,1.9881542718168366,1.6900888303511357,4.166666666666667,,0.37157848876087407
0.3,2.0,5.0,30.0,0.0,0.1,3.0,1.0,0.3,2.0,True,0.0,0.0,0.37084288223579365,False,xxxxxxx,True,0.0,0.0,0.9759525167575479,5.0889355727106675,5.089679910969548,4.548002059890836,5.033333333333333,,0.37084288223579365
0.1,2.0,1.0,30.0,0.0,0.1,3.0,1.0,0.3,2.0,True,0.0,0.0,0.3690283074064501,False,xxxxxxx,True,0.0,0.0,0.9574243647402852,8.116695216254103,8.117079682152468,7.707600302569187,5.666666666666667,,0.3690283074064501
3.0,2.0,10.0,30.0,0.0,0.3,10.0,1.0,0.3,2.0,True,0.0,0.0,0.36585023642307446,False,xxxxxxx,True,0.0,0.0,0.8432795502159589,0.5886811634600063,0.5890677866807781,0.22283439250774267,2.3666666666666667,,0.36585023642307446
3.0,2.0,20.0,30.0,0.0,1.0,1.0,1.0,0.3,2.0,False,0.0,0.0,0.3651946922230713,False,xxxxxxx,True,0.0,0.0,0.9995543402096209,0.6784037941326715,0.5923936662756859,0.22121986258703513,2.1333333333333333,,0.3651946922230713
0.1,2.0,10.0,30.0,0.0,3.0,3.0,1.0,0.3,2.0,True,0.0,0.0,0.3643623479040449,False,xxxxxxx,True,0.0,0.0,0.9938842209855363,6.964317874628499,6.963266182353443,6.462646279745918,5.466666666666667,,0.3643623479040449
3.0,2.0,5.0,30.0,0.0,1.0,3.0,1.0,0.3,2.0,True,0.0,0.0,0.36373041782895843,False,xxxxxxx,True,0.0,0.0,0.8410809624730117,0.6063039649944691,0.608541964906013,0.2413608933776526,2.5,,0.36373041782895843
0.3,2.0,10.0,30.0,0.0,3.0,10.0,1.0,0.3,2.0,True,0.0,0.0,0.3636817703626421,False,xxxxxxx,True,0.0,0.0,0.9865817858462104,4.617486212594585,4.620770590256907,4.05201115543837,5.0,,0.3636817703626421
0.1,2.0,10.0,30.0,0.0,3.0,1.0,1.0,0.3,2.0,False,0.0,0.0,0.36358132097716467,False,xxxxxxx,True,0.0,0.0,0.9999778161435173,5.234368560037153,5.235784127087481,4.724589520268027,4.7,,0.36358132097716467
1.0,2.0,1.0,30.0,0.0,1.0,1.0,1.0,0.3,2.0,True,0.0,0.0,0.36323283187350364,False,xxxxxxx,True,0.0,0.0,0.9455057880582414,2.1382811468643066,2.1357345898385054,1.551024471294548,3.7666666666666666,,0.36323283187350364
3.0,2.0,10.0,30.0,0.0,1.0,3.0,1.0,0.3,2.0,True,0.0,0.0,0.36165021109409334,False,xxxxxxx,True,0.0,0.0,0.8521018328594263,0.5305022421559107,0.5290764205360614,0.169653740787436,2.3,,0.36165021109409334
0.1,2.0,5.0,30.0,0.0,3.0,30.0,1.0,0.3,2.0,True,0.0,0.0,0.3586274695277712,False,xxxxxxx,True,0.0,0.0,0.9725994376057792,8.038616119988138,8.039242204021253,7.586521485238941,5.533333333333333,,0.3586274695277712
1.0,2.0,20.0,30.0,0.0,3.0,30.0,1.0,0.3,2.0,True,0.0,0.0,0.3566923959590806,False,xxxxxxx,True,0.0,0.0,0.9680205450669773,1.5146232830713553,1.597306537911853,1.1519249839084023,3.9,,0.3566923959590806
1.0,2.0,20.0,30.0,0.0,0.1,1.0,1.0,0.3,2.0,True,0.0,0.0,0.3551269633498339,False,xxxxxxx,True,0.0,0.0,0.974006414442305,1.7387936606916354,1.7557864229523656,1.3795949536352596,4.266666666666667,,0.3551269633498339
3.0,2.0,1.0,30.0,0.0,0.1,1.0,1.0,0.3,2.0,True,0.0,0.0,0.35431841620673454,False,xxxxxxx,True,0.0,0.0,0.8214184868506018,0.7194601988326033,0.7230111317286808,0.3630488675756668,2.6666666666666665,,0.35431841620673454
0.1,2.0,5.0,30.0,0.0,1.0,10.0,1.0,0.3,2.0,True,0.0,0.0,0.3540143340690132,False,xxxxxxx,True,0.0,0.0,0.9734902343880166,8.050129065775245,8.05083838829524,7.607444660464381,5.566666666666666,,0.3540143340690132
3.0,2.0,2.5,30.0,0.0,1.0,1.0,1.0,0.3,2.0,True,0.0,0.0,0.3521190188181177,False,xxxxxxx,True,0.0,0.0,0.836320741030856,0.5921240360678139,0.5942373830429716,0.23911368678673312,2.6333333333333333,,0.3521190188181177
0.3,2.0,2.5,30.0,0.0,0.1,1.0,1.0,0.3,2.0,True,0.0,0.0,0.3471813063628374,False,xxxxxxx,True,0.0,0.0,0.9728863679117424,5.180864338502188,5.1800423565622395,4.733610926421124,4.966666666666667,,0.3471813063628374
0.1,2.0,10.0,30.0,0.0,3.0,10.0,1.0,0.3,2.0,False,0.0,0.0,0.34508015633795186,False,xxxxxxx,True,0.0,0.0,0.9998470108969677,7.50861139929012,7.508009141491686,7.005857829568821,6.4,,0.34508015633795186
0.3,2.0,2.5,30.0,0.0,3.0,30.0,1.0,0.3,2.0,True,0.0,0.0,0.34402426078183845,False,xxxxxxx,True,0.0,0.0,0.9649154501564651,5.1243291882699396,5.125636371612598,4.641243870699746,5.0,,0.34402426078183845
0.3,2.0,5.0,30.0,0.0,3.0,1.0,1.0,0.3,2.0,False,0.0,0.0,0.3430481618070633,False,xxxxxxx,True,0.0,0.0,0.999958098090638,3.4663271007934515,3.4673990040110843,2.9498742356439087,3.966666666666667,,0.3430481618070633
1.0,2.0,20.0,30.0,0.0,0.1,3.0,1.0,0.3,2.0,True,0.0,0.0,0.3427914827471976,False,xxxxxxx,True,0.0,0.0,0.9711530510129973,1.8514121382789985,1.8458305739200334,1.4581420311576991,4.233333333333333,,0.3427914827471976
0.3,2.0,2.5,30.0,0.0,0.1,3.0,1.0,0.3,2.0,True,0.0,0.0,0.3424086889719256,False,xxxxxxx,True,0.0,0.0,0.9686736206835567,5.220112583024246,5.221403374265563,4.753194773993442,5.1,,0.3424086889719256
1.0,2.0,2.5,30.0,0.0,1.0,1.0,1.0,0.3,2.0,False,0.0,0.0,0.33873079183654375,False,xxxxxxx,True,0.0,0.0,0.9997912759367722,2.8821912751155625,2.6936096119301087,2.4112172298795116,4.633333333333333,,0.33873079183654375
0.3,2.0,2.5,30.0,0.0,1.0,1.0,1.0,0.3,2.0,False,0.0,0.0,0.3381321745157654,False,xxxxxxx,True,0.0,0.0,0.999846291624311,4.266968179421786,4.265744836736773,3.771308047917654,4.9,,0.3381321745157654
0.1,2.0,20.0,30.0,0.0,0.1,1.0,1.0,0.3,2.0,True,0.0,0.0,0.3372847269430778,False,xxxxxxx,True,0.0,0.0,0.9904516061638414,7.559886046592917,7.558754672251162,7.125197941326875,5.9,,0.3372847269430778
1.0,2.0,2.5,30.0,0.0,3.0,3.0,1.0,0.3,2.0,False,0.0,0.0,0.33620387957313136,False,xxxxxxx,True,0.0,0.0,0.9998073165951356,2.1919424470404514,2.0993799218392715,2.040339057099601,4.466666666666667,,0.33620387957313136
1.0,2.0,5.0,30.0,0.0,1.0,1.0,1.0,0.3,2.0,False,0.0,0.0,0.3327204122994638,False,xxxxxxx,True,0.0,0.0,0.9998440104449824,2.25068977727049,2.4541161654532107,1.707188855720112,4.333333333333333,,0.3327204122994638
0.3,2.0,20.0,30.0,0.0,0.1,10.0,1.0,0.3,2.0,True,0.0,0.0,0.3324399913316039,False,xxxxxxx,True,0.0,0.0,0.9855538426501362,4.475686833266361,4.474101372259893,3.9926702889321493,5.133333333333333,,0.3324399913316039
0.1,2.0,2.5,30.0,0.0,3.0,30.0,1.0,0.3,2.0,True,0.0,0.0,0.33219639935017176,False,xxxxxxx,True,0.0,0.0,0.964428299191676,8.179762867175961,8.179976448409409,7.7752012294237085,5.566666666666666,,0.33219639935017176
0.1,2.0,10.0,30.0,0.0,0.1,1.0,1.0,0.3,2.0,True,0.0,0.0,0.33104529017399764,False,xxxxxxx,True,0.0,0.0,0.9849882024755029,7.878152325473633,7.878150611012693,7.461541180940097,5.766666666666667,,0.33104529017399764
0.3,2.0,5.0,30.0,0.0,0.3,3.0,1.0,0.3,2.0,True,0.0,0.0,0.33059295298022584,False,xxxxxxx,True,0.0,0.0,0.9772572815383684,5.068866201345248,5.0702716324727355,4.565758991051366,5.066666666666666,,0.33059295298022584
3.0,2.0,1.0,30.0,0.0,0.3,1.0,1.0,0.3,2.0,True,0.0,0.0,0.3296877062473436,False,xxxxxxx,True,0.0,0.0,0.8228282183347063,0.6824023047849823,0.6857180851130681,0.3495646469783653,2.7333333333333334,,0.3296877062473436
0.1,2.0,2.5,30.0,0.0,1.0,10.0,1.0,0.3,2.0,True,0.0,0.0,0.3286195345806039,False,xxxxxxx,True,0.0,0.0,0.9656838723337495,8.188863000197667,8.189149646149744,7.793288164011492,5.6,,0.3286195345806039
0.3,2.0,2.5,30.0,0.0,1.0,10.0,1.0,0.3,2.0,True,0.0,0.0,0.32848709071942706,False,xxxxxxx,True,0.0,0.0,0.9668281091922182,5.146215029664008,5.1477473134419505,4.682940940325915,5.033333333333333,,0.32848709071942706
0.1,2.0,5.0,30.0,0.0,0.3,3.0,1.0,0.3,2.0,True,0.0,0.0,0.3282064660670947,False,xxxxxxx,True,0.0,0.0,0.9759356116792274,8.075101478995645,8.075926026052802,7.668738147794399,5.666666666666667,,0.3282064660670947
0.1,2.0,5.0,30.0,0.0,1.0,3.0,1.0,0.3,2.0,False,0.0,0.0,0.32793814760311646,False,xxxxxxx,True,0.0,0.0,0.9997421353098652,7.593324578589664,7.593287131799441,7.15378656555313,6.333333333333333,,0.32793814760311646
0.3,2.0,1.0,30.0,0.0,0.1,1.0,1.0,0.3,2.0,True,0.0,0.0,0.3270503362751145,False,xxxxxxx,True,0.0,0.0,0.9663294295948661,5.272895705949532,5.272746642655674,4.859288370260145,5.0,,0.3270503362751145
3.0,2.0,10.0,30.0,0.0,1.0,1.0,1.0,0.3,2.0,True,0.0,0.0,0.3263485592303937,False,xxxxxxx,True,0.0,0.0,0.8575195724644822,0.4714726603328079,0.46833973212457053,0.14460803169303657,2.2333333333333334,,0.3263485592303937
1.0,2.0,2.5,30.0,0.0,1.0,1.0,1.0,0.3,2.0,True,0.0,0.0,0.32630195952390006,False,xxxxxxx,True,0.0,0.0,0.9540479581906932,2.064466884041866,2.0629167982988954,1.5394142311594639,3.8333333333333335,,0.32630195952390006
0.1,2.0,2.5,30.0,0.0,3.0,10.0,1.0,0.3,2.0,False,0.0,0.0,0.32553825305031103,False,xxxxxxx,True,0.0,0.0,0.999663523601789,7.410293399550864,7.410891828507979,6.973480993497196,6.233333333333333,,0.32553825305031103
0.3,2.0,5.0,30.0,0.0,3.0,3.0,1.0,0.3,2.0,True,0.0,0.0,0.3253668751760685,False,xxxxxxx,True,0.0,0.0,0.9875978796574433,4.4039763840978114,4.402316393015622,3.8873815453919107,4.766666666666667,,0.3253668751760685
0.1,2.0,5.0,30.0,0.0,0.1,1.0,1.0,0.3,2.0,True,0.0,0.0,0.32374285736543107,False,xxxxxxx,True,0.0,0.0,0.9779768786817553,8.067454569153654,8.067990649174007,7.682823416770077,5.7,,0.32374285736543107
0.3,2.0,5.0,30.0,0.0,1.0,1.0,1.0,0.3,2.0,False,0.0,0.0,0.3235286690798522,False,xxxxxxx,True,0.0,0.0,0.9998846629320541,4.307917945938557,4.311663609522794,3.8420756912078193,5.033333333333333,,0.3235286690798522
0.3,2.0,20.0,30.0,0.0,3.0,3.0,1.0,0.3,2.0,True,0.0,0.0,0.3233321879487368,False,xxxxxxx,True,0.0,0.0,0.994589915081642,3.8135457372487678,3.8139473538016784,3.3057047497373464,4.766666666666667,,0.3233321879487368
0.3,2.0,1.0,30.0,0.0,1.0,1.0,1.0,0.3,2.0,False,0.0,0.0,0.3225885718433973,False,xxxxxxx,True,0.0,0.0,0.9998143090573869,4.274422525409459,4.273222499980112,3.8016606628093346,4.933333333333334,,0.3225885718433973
0.3,2.0,10.0,30.0,0.0,3.0,1.0,1.0,0.3,2.0,False,0.0,0.0,0.321615525211261,False,xxxxxxx,True,0.0,0.0,0.9999752113896677,3.7189488247504285,3.7104598771945225,3.2823904742641177,4.9,,0.321615525211261
0.3,2.0,20.0,30.0,0.0,3.0,30.0,1.0,0.3,2.0,True,0.0,0.0,0.32103945364383984,False,xxxxxxx,True,0.0,0.0,0.9868438688231731,4.412985648461818,4.411590647866383,3.920701585349071,5.066666666666666,,0.32103945364383984
3.0,2.0,10.0,30.0,0.0,1.0,10.0,1.0,0.3,2.0,True,0.0,0.0,0.3205935960677268,False,xxxxxxx,True,0.0,0.0,0.8450121277799945,0.5440763814236624,0.5445114943245974,0.22371000932564528,2.5,,0.3205935960677268
0.1,2.0,2.5,30.0,0.0,0.1,1.0,1.0,0.3,2.0,True,0.0,0.0,0.3184170850744152,False,xxxxxxx,True,0.0,0.0,0.9707942529679947,8.1850336689719,8.185525684738526,7.820819172796204,5.7,,0.3184170850744152
0.3,2.0,20.0,30.0,0.0,0.3,3.0,1.0,0.3,2.0,True,0.0,0.0,0.31827028079734343,False,xxxxxxx,True,0.0,0.0,0.9892120610094034,4.408798525559594,4.35052383084518,3.9981733534653627,5.1,,0.31827028079734343
1.0,2.0,1.0,30.0,0.0,0.1,3.0,1.0,0.3,2.0,True,0.0,0.0,0.3180358417938027,False,xxxxxxx,True,0.0,0.0,0.9332413586509345,2.3583694500899326,2.3559327942772716,1.898370564535873,4.166666666666667,,0.3180358417938027
0.1,2.0,5.0,30.0,0.0,3.0,3.0,1.0,0.3,2.0,False,0.0,0.0,0.31778387069000014,False,xxxxxxx,True,0.0,0.0,0.9999153863599424,6.046323011033434,6.045697112105739,5.597450621816215,5.833333333333333,,0.31778387069000014
0.3,2.0,20.0,30.0,0.0,0.3,10.0,1.0,0.3,2.0,True,0.0,0.0,0.3160108664952439,False,xxxxxxx,True,0.0,0.0,0.9860439711732717,4.474207236566547,4.472491783879878,4.013249745963289,5.166666666666667,,0.3160108664952439
1.0,2.0,1.0,30.0,0.0,1.0,1.0,1.0,0.3,2.0,False,0.0,0.0,0.315692246288612,False,xxxxxxx,True,0.0,0.0,0.9997473167365492,2.783735809585661,2.5356988488475896,2.2894570315649623,4.5,,0.315692246288612
0.1,2.0,5.0,30.0,0.0,0.3,1.0,1.0,0.3,2.0,False,0.0,0.0,0.3152861443827351,False,xxxxxxx,True,0.0,0.0,0.9996570897609979,8.087312657745521,8.086628988812327,7.670580070804563,6.333333333333333,,0.3152861443827351
0.1,2.0,1.0,30.0,0.0,3.0,30.0,1.0,0.3,2.0,True,0.0,0.0,0.3140267864546982,False,xxxxxxx,True,0.0,0.0,0.9563295325674898,8.27053236900431,8.270617646385482,7.896561565508772,5.566666666666666,,0.3140267864546982
0.3,2.0,1.0,30.0,0.0,3.0,30.0,1.0,0.3,2.0,True,0.0,0.0,0.31358300689709373,False,xxxxxxx,True,0.0,0.0,0.9569565801269805,5.218613773137562,5.219230883172306,4.800932999616289,5.033333333333333,,0.31358300689709373
0.1,2.0,1.0,30.0,0.0,0.1,1.0,1.0,0.3,2.0,True,0.0,0.0,0.3133425563921765,False,xxxxxxx,True,0.0,0.0,0.9640813810446516,8.266812153236533,8.267183418150013,7.916590356406441,5.7,,0.3133425563921765
1.0,2.0,1.0,30.0,0.0,0.3,3.0,1.0,0.3,2.0,True,0.0,0.0,0.3128262047678084,False,xxxxxxx,True,0.0,0.0,0.934610669105076,2.32663037995331,2.3244127582282808,1.8649956162775256,4.133333333333333,,0.3128262047678084
0.1,2.0,1.0,30.0,0.0,1.0,10.0,1.0,0.3,2.0,True,0.0,0.0,0.3116233955654919,False,xxxxxxx,True,0.0,0.0,0.9575762708712492,8.278585759595122,8.278718821784118,7.911642096910341,5.6,,0.3116233955654919
1.0,2.0,5.0,30.0,0.0,3.0,1.0,1.0,0.3,2.0,False,0.0,0.0,0.3112686634456219,False,xxxxxxx,True,0.0,0.0,0.9999231888701365,1.8788922248094566,1.8820613913430027,1.519064999299675,4.166666666666667,,0.3112686634456219
0.3,2.0,2.5,30.0,0.0,1.0,1.0,1.0,0.3,2.0,True,0.0,0.0,0.3112408049451157,False,xxxxxxx,True,0.0,0.0,0.9794444276598773,4.81504240523736,4.814849269491921,4.351887053033966,4.766666666666667,,0.3112408049451157
0.1,2.0,2.5,30.0,0.0,0.3,1.0,1.0,0.3,2.0,False,0.0,0.0,0.31102734509328067,False,xxxxxxx,True,0.0,0.0,0.9995460746268404,8.094786948501289,8.094401972680714,7.690939234853268,6.3,,0.31102734509328067
0.3,2.0,1.0,30.0,0.0,0.1,3.0,1.0,0.3,2.0,True,0.0,0.0,0.31086709109933874,False,xxxxxxx,True,0.0,0.0,0.961417278930799,5.303531120867635,5.3047017757915675,4.896399629422438,5.133333333333333,,0.31086709109933874
0.3,2.0,2.5,30.0,0.0,0.3,1.0,1.0,0.3,2.0,True,0.0,0.0,0.31000885013923296,False,xxxxxxx,True,0.0,0.0,0.9744934756456562,5.122547533282658,5.122353677009011,4.694981078791676,4.933333333333334,,0.31000885013923296
1.0,2.0,20.0,30.0,0.0,0.3,3.0,1.0,0.3,2.0,True,0.0,0.0,0.30802529322396127,False,xxxxxxx,True,0.0,0.0,0.9719145184771228,1.826045278590764,1.821812850432642,1.4498562314796546,4.233333333333333,,0.30802529322396127
1.0,2.0,1.0,30.0,0.0,3.0,3.0,1.0,0.3,2.0,False,0.0,0.0,0.3075912743126429,False,xxxxxxx,True,0.0,0.0,0.9997674142440989,1.870830037769709,2.0112638415160635,1.6332726889193045,4.166666666666667,,0.3075912743126429
0.1,2.0,2.5,30.0,0.0,0.3,3.0,1.0,0.3,2.0,True,0.0,0.0,0.3056650170628514,False,xxxxxxx,True,0.0,0.0,0.9684774449392055,8.205855753269075,8.206297339818358,7.8394003249406,5.666666666666667,,0.3056650170628514
1.0,2.0,2.5,30.0,0.0,0.1,3.0,1.0,0.3,2.0,True,0.0,0.0,0.30438094806064847,False,xxxxxxx,True,0.0,0.0,0.9430960365188182,2.287484926374912,2.2853992985542235,1.8399466223990442,4.133333333333333,,0.30438094806064847
0.1,2.0,10.0,30.0,0.0,1.0,1.0,1.0,0.3,2.0,True,0.0,0.0,0.3037355203469529,False,xxxxxxx,True,0.0,0.0,0.991413344272748,7.4525226734954195,7.451891117552076,7.0157758721950785,5.5,,0.3037355203469529
1.0,2.0,1.0,30.0,0.0,1.0,3.0,1.0,0.3,2.0,False,0.0,0.0,0.3037125645886011,False,xxxxxxx,True,0.0,0.0,0.999591614724768,2.0185526552787363,2.1116505591648504,1.7766466515769013,4.5,,0.3037125645886011
0.1,2.0,5.0,30.0,0.0,1.0,1.0,1.0,0.3,2.0,False,0.0,0.0,0.3029634839566657,False,xxxxxxx,True,0.0,0.0,0.9998752446255778,6.569538730883787,6.568844430288104,6.14378465056963,6.0,,0.3029634839566657
0.1,2.0,1.0,30.0,0.0,0.3,1.0,1.0,0.3,2.0,False,0.0,0.0,0.3022989114228146,False,xxxxxxx,True,0.0,0.0,0.9994562254919345,8.097428750076748,8.09722158721219,7.710751050228799,6.3,,0.3022989114228146
1.0,2.0,2.5,30.0,0.0,0.3,3.0,1.0,0.3,2.0,True,0.0,0.0,0.30126863192570924,False,xxxxxxx,True,0.0,0.0,0.9443984061856845,2.2557810423600477,2.253980457803382,1.8045984849411139,4.133333333333333,,0.30126863192570924
0.3,2.0,1.0,30.0,0.0,0.3,1.0,1.0,0.3,2.0,True,0.0,0.0,0.3005317189564656,False,xxxxxxx,True,0.0,0.0,0.9682356422667285,5.203157884460671,5.203510056680271,4.799725412285728,4.933333333333334,,0.3005317189564656
0.3,2.0,2.5,30.0,0.0,3.0,3.0,1.0,0.3,2.0,False,0.0,0.0,0.29911559692426837,False,xxxxxxx,True,0.0,0.0,0.9998818467064985,4.008811105212784,4.007945278168249,3.5655720508465047,4.966666666666667,,0.29911559692426837
0.1,2.0,5.0,30.0,0.0,3.0,3.0,1.0,0.3,2.0,True,0.0,0.0,0.2977060097337698,False,xxxxxxx,True,0.0,0.0,0.9906019064942658,7.19743475724688,7.197286454185068,6.810904810117638,5.466666666666667,,0.2977060097337698
0.3,2.0,1.0,30.0,0.0,3.0,10.0,1.0,0.3,2.0,False,0.0,0.0,0.2951989503372806,False,xxxxxxx,True,0.0,0.0,0.9996340681109125,4.8773637089131885,4.877417604630099,4.503853366468617,5.533333333333333,,0.2951989503372806
0.3,2.0,1.0,30.0,0.0,1.0,10.0,1.0,0.3,2.0,True,0.0,0.0,0.2950360419903788,False,xxxxxxx,True,0.0,0.0,0.9592687638045656,5.238076592677421,5.238911740259706,4.843504288187059,5.066666666666666,,0.2950360419903788
0.3,2.0,1.0,30.0,0.0,1.0,1.0,1.0,0.3,2.0,True,0.0,0.0,0.2934691833753243,False,xxxxxxx,True,0.0,0.0,0.9741369628252121,4.893358016682448,4.893745328977772,4.461187534133337,4.8,,0.2934691833753243
0.3,2.0,2.5,30.0,0.0,0.3,1.0,1.0,0.3,2.0,False,0.0,0.0,0.292429881532295,False,xxxxxxx,True,0.0,0.0,0.9997008756755497,5.07841089165132,5.078951340437332,4.7142908135359365,5.333333333333333,,0.292429881532295
0.1,2.0,1.0,30.0,0.0,0.3,3.0,1.0,0.3,2.0,True,0.0,0.0,0.29163997273420067,False,xxxxxxx,True,0.0,0.0,0.9611582749625946,8.292242179935368,8.292491203961918,7.947461106654196,5.666666666666667,,0.29163997273420067
0.3,2.0,10.0,30.0,0.0,0.1,3.0,1.0,0.3,2.0,True,0.0,0.0,0.29119679324411285,False,xxxxxxx,True,0.0,0.0,0.9830316113927534,4.879147485148506,4.876516096850376,4.431837064015663,5.1,,0.29119679324411285
0.1,2.0,20.0,30.0,0.0,3.0,10.0,1.0,0.3,2.0,True,0.0,0.0,0.2907143949589329,False,xxxxxxx,True,0.0,0.0,0.9925651175364468,7.353988287257865,7.355584083707187,6.934467632285411,5.8,,0.2907143949589329
1.0,2.0,2.5,30.0,0.0,3.0,10.0,1.0,0.3,2.0,False,0.0,0.0,0.28966880542909423,False,xxxxxxx,True,0.0,0.0,0.9996083799751629,2.24389946218866,2.1832059675047555,1.7405131166323862,4.633333333333333,,0.28966880542909423
1.0,2.0,1.0,30.0,0.0,1.0,3.0,1.0,0.3,2.0,True,0.0,0.0,0.28953779125566437,False,xxxxxxx,True,0.0,0.0,0.9393996917221491,2.2207814850439176,2.2196533672048453,1.7733213432626829,4.1,,0.28953779125566437
0.3,2.0,1.0,30.0,0.0,0.3,1.0,1.0,0.3,2.0,False,0.0,0.0,0.2888849643689143,False,xxxxxxx,True,0.0,0.0,0.9996406280959634,5.10262962001335,5.101396724468677,4.747632738040919,5.333333333333333,,0.2888849643689143
0.3,2.0,1.0,30.0,0.0,3.0,3.0,1.0,0.3,2.0,False,0.0,0.0,0.2887019990931482,False,xxxxxxx,True,0.0,0.0,0.9998571128275123,4.014997145220076,4.014078339315516,3.597190157378491,5.0,,0.2887019990931482
1.0,2.0,20.0,30.0,0.0,1.0,10.0,1.0,0.3,2.0,True,0.0,0.0,0.2871168022646098,False,xxxxxxx,True,0.0,0.0,0.9694992633695656,1.6244387932125863,1.6362088836819326,1.3758327813043982,4.366666666666666,,0.2871168022646098
3.0,2.0,2.5,30.0,0.0,0.1,3.0,1.0,0.3,2.0,True,0.0,0.0,0.2871151516436163,False,xxxxxxx,True,0.0,0.0,0.8253038098384327,0.659826157741287,0.6648599229730858,0.3722139093202239,2.7666666666666666,,0.2871151516436163
0.1,2.0,10.0,30.0,0.0,3.0,3.0,1.0,0.3,2.0,False,0.0,0.0,0.28589722367535697,False,xxxxxxx,True,0.0,0.0,0.9999498697033449,6.185534089917814,6.185961043076576,5.758608216494898,6.066666666666666,,0.28589722367535697
0.3,2.0,5.0,30.0,0.0,3.0,3.0,1.0,0.3,2.0,False,0.0,0.0,0.28561537548851346,False,xxxxxxx,True,0.0,0.0,0.9999116636414979,4.0699648032647655,4.069805050349304,3.65449095371984,5.133333333333333,,0.28561537548851346
0.1,2.0,10.0,30.0,0.0,0.3,1.0,1.0,0.3,2.0,False,0.0,0.0,0.2840773580855688,False,xxxxxxx,True,0.0,0.0,0.9997886825243267,8.072196043269003,8.071190010845502,7.707393421629488,6.4,,0.2840773580855688
0.3,2.0,2.5,30.0,0.0,3.0,10.0,1.0,0.3,2.0,False,0.0,0.0,0.2839176512840321,False,xxxxxxx,True,0.0,0.0,0.9996959173030691,4.870669718190853,4.870550555463359,4.506761828936428,5.566666666666666,,0.2839176512840321
0.1,2.0,2.5,30.0,0.0,1.0,3.0,1.0,0.3,2.0,False,0.0,0.0,0.283545579533125,False,xxxxxxx,True,0.0,0.0,0.9996550984004297,7.572211073376154,7.572541115787779,7.199571333006957,6.333333333333333,,0.283545579533125
0.1,2.0,20.0,30.0,0.0,3.0,1.0,1.0,0.3,2.0,False,0.0,0.0,0.2832885747412075,False,xxxxxxx,True,0.0,0.0,0.9999904341386583,6.105277659711815,6.10826245586253,5.743883641945248,6.6,,0.2832885747412075
1.0,2.0,2.5,30.0,0.0,3.0,1.0,1.0,0.3,2.0,False,0.0,0.0,0.28274824381955843,False,xxxxxxx,True,0.0,0.0,0.9998966693504459,1.9096504522225568,1.8726848267354863,1.558361130451741,4.233333333333333,,0.28274824381955843
3.0,2.0,10.0,30.0,0.0,0.1,30.0,1.0,0.3,2.0,True,0.0,0.0,0.28178601766372097,False,xxxxxxx,True,0.0,0.0,0.8395753676119804,0.5477302026729122,0.5512517274118889,0.2646457260039698,2.5666666666666664,,0.28178601766372097
1.0,2.0,2.5,30.0,0.0,1.0,3.0,1.0,0.3,2.0,True,0.0,0.0,0.28169319315277985,False,xxxxxxx,True,0.0,0.0,0.9484103742929538,2.153013677129281,2.1509996484148215,1.7108699082399133,4.066666666666666,,0.28169319315277985
0.1,2.0,1.0,30.0,0.0,3.0,10.0,1.0,0.3,2.0,False,0.0,0.0,0.28158031538177164,False,xxxxxxx,True,0.0,0.0,0.9995952876247022,7.412970436037825,7.413597070017428,7.03728315334056,6.266666666666667,,0.28158031538177164
0.1,2.0,10.0,30.0,0.0,1.0,1.0,1.0,0.3,2.0,False,0.0,0.0,0.27930486319352177,False,xxxxxxx,True,0.0,0.0,0.9999254341169894,6.645982847610789,6.646123559468222,6.224804037946717,6.066666666666666,,0.27930486319352177
0.3,2.0,20.0,30.0,0.0,1.0,3.0,1.0,0.3,2.0,True,0.0,0.0,0.2785131047786894,False,xxxxxxx,True,0.0,0.0,0.9912645840382569,4.226667770569697,4.2256319303364895,3.8180570561105904,5.0,,0.2785131047786894
3.0,2.0,10.0,30.0,0.0,0.3,30.0,1.0,0.3,2.0,True,0.0,0.0,0.2775952716093359,False,xxxxxxx,True,0.0,0.0,0.839805781544953,0.543677555669509,0.5472447848671056,0.2648509801468456,2.6,,0.2775952716093359
3.0,2.0,1.0,30.0,0.0,1.0,1.0,1.0,0.3,2.0,True,0.0,0.0,0.2771606908107027,False,xxxxxxx,True,0.0,0.0,0.8272285465428407,0.5778504298866989,0.5804929108157558,0.29879651477832503,2.9,,0.2771606908107027
0.3,2.0,2.5,30.0,0.0,0.3,3.0,1.0,0.3,2.0,True,0.0,0.0,0.2767392685443777,False,xxxxxxx,True,0.0,0.0,0.9702027328216566,5.196530690888288,5.197952594274625,4.799532803476177,5.133333333333333,,0.2767392685443777
3.0,2.0,2.5,30.0,0.0,0.3,3.0,1.0,0.3,2.0,True,0.0,0.0,0.2758876465149651,False,xxxxxxx,True,0.0,0.0,0.8263569597156314,0.641196777675404,0.6460039116604885,0.36479837831022494,2.8333333333333335,,0.2758876465149651
0.1,2.0,2.5,30.0,0.0,3.0,3.0,1.0,0.3,2.0,False,0.0,0.0,0.2756262504553928,False,xxxxxxx,True,0.0,0.0,0.9998859121189045,6.1225843522165375,6.1219727076767665,5.758636229895968,6.066666666666666,,0.2756262504553928
1.0,2.0,1.0,30.0,0.0,3.0,1.0,1.0,0.3,2.0,False,0.0,0.0,0.2720369720493764,False,xxxxxxx,True,0.0,0.0,0.999874939703707,1.8158509317085079,1.8154500540105398,1.4530288909263094,4.033333333333333,,0.2720369720493764
0.1,2.0,20.0,30.0,0.0,0.3,1.0,1.0,0.3,2.0,True,0.0,0.0,0.27129299460668954,False,xxxxxxx,True,0.0,0.0,0.9916911114546041,7.613035330089744,7.612933618498735,7.238191825688187,5.866666666666666,,0.27129299460668954
0.1,2.0,5.0,30.0,0.0,1.0,1.0,1.0,0.3,2.0,True,0.0,0.0,0.27019028984223464,False,xxxxxxx,True,0.0,0.0,0.9870025038458787,7.672044898368748,7.67225063533827,7.300813730725867,5.466666666666667,,0.27019028984223464
1.0,2.0,1.0,30.0,0.0,0.3,1.0,1.0,0.3,2.0,False,0.0,0.0,0.2697999863229783,False,xxxxxxx,True,0.0,0.0,0.999637990429421,2.555558643741387,2.5437548184188907,2.2362291251077355,4.6,,0.2697999863229783
0.1,2.0,2.5,30.0,0.0,3.0,3.0,1.0,0.3,2.0,True,0.0,0.0,0.26919825285071713,False,xxxxxxx,True,0.0,0.0,0.9871263763357133,7.317932837747841,7.318047536710893,6.986480868850645,5.5,,0.26919825285071713
0.1,2.0,10.0,30.0,0.0,0.3,1.0,1.0,0.3,2.0,True,0.0,0.0,0.2672038270609418,False,xxxxxxx,True,0.0,0.0,0.9869020620944535,7.937775104166074,7.93813358675318,7.584530022528989,5.7,,0.2672038270609418
0.1,2.0,5.0,30.0,0.0,0.3,1.0,1.0,0.3,2.0,True,0.0,0.0,0.2667982220799107,False,xxxxxxx,True,0.0,0.0,0.9805974977210823,8.129393659083888,8.130000722551042,7.797033895142908,5.633333333333333,,0.2667982220799107
0.3,2.0,10.0,30.0,0.0,0.3,3.0,1.0,0.3,2.0,True,0.0,0.0,0.26505307259908345,False,xxxxxxx,True,0.0,0.0,0.9840453658186435,4.856650167454156,4.855199097541493,4.427319073002832,5.1,,0.26505307259908345
3.0,2.0,10.0,30.0,0.0,1.0,30.0,1.0,0.3,2.0,True,0.0,0.0,0.26282230400119355,False,xxxxxxx,True,0.0,0.0,0.8405950213298841,0.5297050308285198,0.533446295209139,0.2659606932582428,2.6666666666666665,,0.26282230400119355
0.1,2.0,2.5,30.0,0.0,0.3,1.0,1.0,0.3,2.0,True,0.0,0.0,0.2621030540518233,False,xxxxxxx,True,0.0,0.0,0.9743189676365837,8.253401500276848,8.253775775493578,7.933735327123646,5.633333333333333,,0.2621030540518233
1.0,2.0,20.0,30.0,0.0,0.3,1.0,1.0,0.3,2.0,True,0.0,0.0,0.26203361335626735,False,xxxxxxx,True,0.0,0.0,0.9749560809741324,1.6927914672161828,1.693525231674208,1.4178379756509276,4.4,,0.26203361335626735
0.1,2.0,2.5,30.0,0.0,1.0,1.0,1.0,0.3,2.0,False,0.0,0.0,0.25746114389154107,False,xxxxxxx,True,0.0,0.0,0.9998324171584649,6.6427749840048795,6.642221387312915,6.307050812751536,6.133333333333333,,0.25746114389154107
0.1,2.0,1.0,30.0,0.0,0.3,1.0,1.0,0.3,2.0,True,0.0,0.0,0.2566327668139195,False,xxxxxxx,True,0.0,0.0,0.967874758215381,8.339367600352606,8.33957151738564,8.030634160145459,5.633333333333333,,0.2566327668139195
0.1,2.0,10.0,30.0,0.0,1.0,3.0,1.0,0.3,2.0,False,0.0,0.0,0.2552461496595363,False,xxxxxxx,True,0.0,0.0,0.9998424236966936,7.663670424057603,7.662499534672415,7.280330259682293,6.5,,0.2552461496595363
0.3,2.0,20.0,30.0,0.0,1.0,10.0,1.0,0.3,2.0,True,0.0,0.0,0.25340593061818617,False,xxxxxxx,True,0.0,0.0,0.9877066482739875,4.445531334856552,4.444019099851227,4.0751078697894965,5.2,,0.25340593061818617
1.0,2.0,1.0,30.0,0.0,3.0,1.0,1.0,0.3,2.0,True,0.0,0.0,0.2517787871835212,False,xxxxxxx,True,0.0,0.0,0.9569288953508432,1.7571748085304828,1.7559606999954998,1.3391469815776533,3.8,,0.2517787871835212
0.3,2.0,1.0,30.0,0.0,0.3,3.0,1.0,0.3,2.0,True,0.0,0.0,0.25093161506143785,False,xxxxxxx,True,0.0,0.0,0.9632133370722209,5.27534010273871,5.276443662042208,4.9331246257769,5.133333333333333,,0.25093161506143785
0.1,2.0,1.0,30.0,0.0,1.0,3.0,1.0,0.3,2.0,False,0.0,0.0,0.24996344897140155,False,xxxxxxx,True,0.0,0.0,0.9995859895696112,7.564041961245051,7.564457542191709,7.23458945066913,6.366666666666666,,0.24996344897140155
0.1,2.0,1.0,30.0,0.0,3.0,3.0,1.0,0.3,2.0,False,0.0,0.0,0.2493802478693692,False,xxxxxxx,True,0.0,0.0,0.9998628416386944,6.157882729021412,6.157405281070152,5.844782861251472,6.166666666666667,,0.2493802478693692
3.0,2.0,5.0,30.0,0.0,0.1,10.0,1.0,0.3,2.0,True,0.0,0.0,0.24882697692894268,False,xxxxxxx,True,0.0,0.0,0.8305708307922683,0.6041029807889415,0.6113087804063906,0.3552088327730074,2.8333333333333335,,0.24882697692894268
0.1,2.0,2.5,30.0,0.0,1.0,1.0,1.0,0.3,2.0,True,0.0,0.0,0.24870450065890604,False,xxxxxxx,True,0.0,0.0,0.9823157799636817,7.798327959825638,7.798556811981108,7.4688214449760055,5.5,,0.24870450065890604
0.3,2.0,2.5,30.0,0.0,3.0,3.0,1.0,0.3,2.0,True,0.0,0.0,0.24850684956962915,False,xxxxxxx,True,0.0,0.0,0.9831892792868672,4.54272425579976,4.542368306777502,4.161583621990658,4.833333333333333,,0.24850684956962915
0.1,2.0,1.0,30.0,0.0,3.0,3.0,1.0,0.3,2.0,True,0.0,0.0,0.24600156391204597,False,xxxxxxx,True,0.0,0.0,0.9836906541980935,7.397370019567099,7.397473850228362,7.106896170290671,5.5,,0.24600156391204597
3.0,2.0,5.0,30.0,0.0,0.3,10.0,1.0,0.3,2.0,True,0.0,0.0,0.24546146730752494,False,xxxxxxx,True,0.0,0.0,0.8311287798411625,0.5973749203782381,0.6044219747571573,0.35194636113662464,2.8333333333333335,,0.24546146730752494
1.0,2.0,5.0,30.0,0.0,3.0,3.0,1.0,0.3,2.0,False,0.0,0.0,0.24418497385997284,False,xxxxxxx,True,0.0,0.0,0.9998561109815813,2.1848861847081116,2.142963000427873,2.0387052843414177,4.5,,0.24418497385997284
3.0,2.0,2.5,30.0,0.0,1.0,3.0,1.0,0.3,2.0,True,0.0,0.0,0.24324756242787998,False,xxxxxxx,True,0.0,0.0,0.8297613619424469,0.5832003919015811,0.5873300594731181,0.3393948952190145,2.933333333333333,,0.24324756242787998
0.3,2.0,1.0,30.0,0.0,3.0,3.0,1.0,0.3,2.0,True,0.0,0.0,0.23777895545530792,False,xxxxxxx,True,0.0,0.0,0.9787246615363804,4.61739848431234,4.6175227651341695,4.274701954995515,4.833333333333333,,0.23777895545530792
0.1,2.0,1.0,30.0,0.0,1.0,1.0,1.0,0.3,2.0,False,0.0,0.0,0.2353526289000062,False,xxxxxxx,True,0.0,0.0,0.9997977110728712,6.66834120671375,6.667947996109241,6.377133885700221,6.166666666666667,,0.2353526289000062
3.0,2.0,5.0,30.0,0.0,1.0,10.0,1.0,0.3,2.0,True,0.0,0.0,0.2333373087299619,False,xxxxxxx,True,0.0,0.0,0.832998931090111,0.5743946920163975,0.5809651511937376,0.3410315680035404,2.9,,0.2333373087299619
1.0,2.0,1.0,30.0,0.0,3.0,3.0,1.0,0.3,2.0,True,0.0,0.0,0.23094410931938514,False,xxxxxxx,True,0.0,0.0,0.9497166218488577,1.9660083486253497,1.964839431260502,1.5798233264772024,4.033333333333333,,0.23094410931938514
0.1,2.0,1.0,30.0,0.0,1.0,1.0,1.0,0.3,2.0,True,0.0,0.0,0.2306520440717798,False,xxxxxxx,True,0.0,0.0,0.9776661777939661,7.88345245892029,7.88357516207391,7.585563227334164,5.533333333333333,,0.2306520440717798
1.0,2.0,20.0,30.0,0.0,3.0,3.0,1.0,0.3,2.0,True,0.0,0.0,0.2276326654242864,False,xxxxxxx,True,0.0,0.0,0.9796689794696809,1.398876683410027,1.400643356315073,1.1708341584362998,4.2,,0.2276326654242864
0.3,2.0,5.0,30.0,0.0,3.0,10.0,1.0,0.3,2.0,False,0.0,0.0,0.22655753651285848,False,xxxxxxx,True,0.0,0.0,0.9997703145142528,4.853149103791388,4.857176961137375,4.561382681040704,5.633333333333333,,0.22655753651285848
3.0,2.0,10.0,30.0,0.0,3.0,30.0,1.0,0.3,2.0,True,0.0,0.0,0.22094443923836682,False,xxxxxxx,True,0.0,0.0,0.8427137816388913,0.4920663667461879,0.49639203324963904,0.2720934980998245,2.9,,0.22094443923836682
1.0,2.0,5.0,30.0,0.0,3.0,3.0,1.0,0.3,2.0,True,0.0,0.0,0.22051353073732588,False,xxxxxxx,True,0.0,0.0,0.9661101420388383,1.8420749845172653,1.7925275278334225,1.5906159487243043,4.2,,0.22051353073732588
1.0,2.0,1.0,30.0,0.0,0.1,30.0,1.0,0.3,2.0,True,0.0,0.0,0.21658349283986378,False,xxxxxxx,True,0.0,0.0,0.9208013707827829,2.4238412565121794,2.425066322318604,2.0907767439763396,4.433333333333334,,0.21658349283986378
1.0,2.0,1.0,30.0,0.0,0.3,30.0,1.0,0.3,2.0,True,0.0,0.0,0.21144971956662867,False,xxxxxxx,True,0.0,0.0,0.92125609955872,2.41750132303213,2.418701660279501,2.091757425823662,4.433333333333334,,0.21144971956662867
1.0,2.0,2.5,30.0,0.0,3.0,3.0,1.0,0.3,2.0,True,0.0,0.0,0.21102146574972652,False,xxxxxxx,True,0.0,0.0,0.9576388608102857,1.9046126550994278,1.9035035553453334,1.5510027391965344,4.066666666666666,,0.21102146574972652
1.0,2.0,2.5,30.0,0.0,3.0,1.0,1.0,0.3,2.0,True,0.0,0.0,0.21065352946416538,False,xxxxxxx,True,0.0,0.0,0.9638995015947381,1.6980608767436016,1.6977441954723134,1.337475027973306,3.9,,0.21065352946416538
0.1,2.0,20.0,30.0,0.0,1.0,3.0,1.0,0.3,2.0,True,0.0,0.0,0.20729931755715253,False,xxxxxxx,True,0.0,0.0,0.9924204495308807,7.490004272962165,7.491340955159828,7.174397066806594,5.866666666666666,,0.20729931755715253
0.3,2.0,10.0,30.0,0.0,1.0,3.0,1.0,0.3,2.0,True,0.0,0.0,0.2065930821930157,False,xxxxxxx,True,0.0,0.0,0.986921987011305,4.682790777608499,4.705878217041654,4.3458305553668275,5.066666666666666,,0.2065930821930157
3.0,2.0,5.0,30.0,0.0,3.0,3.0,1.0,0.3,2.0,True,0.0,0.0,0.20540688910010085,False,xxxxxxx,True,0.0,0.0,0.8489428225501362,0.4293416427113651,0.4311816560539222,0.22216874944602685,3.033333333333333,,0.20540688910010085
3.0,2.0,5.0,30.0,0.0,3.0,10.0,1.0,0.3,2.0,True,0.0,0.0,0.19710756636880877,False,xxxxxxx,True,0.0,0.0,0.8380735687712804,0.5130259009597538,0.5187015718606858,0.31587130087831616,3.1,,0.19710756636880877
1.0,2.0,1.0,30.0,0.0,1.0,30.0,1.0,0.3,2.0,True,0.0,0.0,0.19374824527662488,False,xxxxxxx,True,0.0,0.0,0.9227822137166868,2.3956120415628366,2.3967208310049877,2.0953892768260016,4.433333333333334,,0.19374824527662488
1.0,2.0,2.5,30.0,0.0,0.1,30.0,1.0,0.3,2.0,True,0.0,0.0,0.19232584174064415,False,xxxxxxx,True,0.0,0.0,0.9317692204485675,2.3585980106499784,2.3587952529433087,2.047804257041616,4.433333333333334,,0.19232584174064415
3.0,2.0,10.0,30.0,0.0,3.0,10.0,1.0,0.3,2.0,True,0.0,0.0,0.1912815431214004,False,xxxxxxx,True,0.0,0.0,0.8494357868681482,0.4387856674283373,0.44069397205903693,0.246891653944737,3.1666666666666665,,0.1912815431214004
1.0,2.0,5.0,30.0,0.0,3.0,1.0,1.0,0.3,2.0,True,0.0,0.0,0.18849192003730042,False,xxxxxxx,True,0.0,0.0,0.9714396285156482,1.6602147103207747,1.59247850489532,1.4046294548774858,4.133333333333333,,0.18849192003730042
1.0,2.0,2.5,30.0,0.0,0.3,30.0,1.0,0.3,2.0,True,0.0,0.0,0.18740933978866509,False,xxxxxxx,True,0.0,0.0,0.9322022934830939,2.3523943077709335,2.3526127854409062,2.0492026035061444,4.433333333333334,,0.18740933978866509
0.3,2.0,1.0,30.0,0.0,1.0,3.0,1.0,0.3,2.0,False,0.0,0.0,0.1773183406028559,False,xxxxxxx,True,0.0,0.0,0.9996544579290219,4.935119763812418,4.934880546903761,4.689878479729229,5.6,,0.1773183406028559
3.0,2.0,2.5,30.0,0.0,3.0,3.0,1.0,0.3,2.0,True,0.0,0.0,0.1769144724375133,False,xxxxxxx,True,0.0,0.0,0.8381918107346952,0.45356917231364796,0.4564401470134265,0.2758711287731659,3.3,,0.1769144724375133
1.0,2.0,2.5,30.0,0.0,1.0,30.0,1.0,0.3,2.0,True,0.0,0.0,0.17056762563552336,False,xxxxxxx,True,0.0,0.0,0.9336896652828574,2.3309812142717155,2.331285395358866,2.0541858932150303,4.466666666666667,,0.17056762563552336
3.0,2.0,20.0,30.0,0.0,0.1,1.0,1.0,0.3,2.0,True,0.0,0.0,0.1699399487192927,False,xxxxxxx,True,0.0,0.0,0.8510338693233631,0.35731948639200073,0.35668364227361077,0.18691153679471,3.1,,0.1699399487192927
1.0,2.0,20.0,30.0,0.0,1.0,1.0,1.0,0.3,2.0,True,0.0,0.0,0.16745873882333945,False,xxxxxxx,True,0.0,0.0,0.9778122401006776,1.5369632240881606,1.5508489445925464,1.3598077699433972,4.3,,0.16745873882333945
3.0,2.0,1.0,30.0,0.0,0.1,3.0,1.0,0.3,2.0,True,0.0,0.0,0.16664173684112166,False,xxxxxxx,True,0.0,0.0,0.8155527311234093,0.6402010183847693,0.6453077861018783,0.47354402467155077,3.433333333333333,,0.16664173684112166
3.0,2.0,1.0,30.0,0.0,0.3,3.0,1.0,0.3,2.0,True,0.0,0.0,0.1632469219159392,False,xxxxxxx,True,0.0,0.0,0.8166737624377383,0.6248383626755525,0.6296003899151524,0.4615552757714553,3.433333333333333,,0.1632469219159392
0.3,2.0,2.5,30.0,0.0,1.0,3.0,1.0,0.3,2.0,False,0.0,0.0,0.1630346893654686,False,xxxxxxx,True,0.0,0.0,0.999713609711165,4.920388415167617,4.9198490247492,4.6867634409868435,5.6,,0.1630346893654686
1.0,2.0,20.0,30.0,0.0,1.0,3.0,1.0,0.3,2.0,True,0.0,0.0,0.16294245107359934,False,xxxxxxx,True,0.0,0.0,0.9744493229734636,1.650647401944426,1.653077366140062,1.4200951994328177,4.333333333333333,,0.16294245107359934
0.3,2.0,5.0,30.0,0.0,3.0,10.0,1.0,0.3,2.0,True,0.0,0.0,0.160654048993496,False,xxxxxxx,True,0.0,0.0,0.9805434161706481,4.857693879261573,4.858870746040964,4.612813162773561,5.133333333333333,,0.160654048993496
0.1,2.0,10.0,30.0,0.0,3.0,10.0,1.0,0.3,2.0,True,0.0,0.0,0.1603447466962296,False,xxxxxxx,True,0.0,0.0,0.988520399788813,7.7113256348535675,7.712034014045701,7.490272746357366,5.7,,0.1603447466962296
3.0,2.0,2.5,30.0,0.0,3.0,1.0,1.0,0.3,2.0,True,0.0,0.0,0.15643418604803205,False,xxxxxxx,True,0.0,0.0,0.8460632157121346,0.3675923796929165,0.368209076702241,0.21038399158653803,3.3,,0.15643418604803205
0.1,2.0,10.0,30.0,0.0,1.0,3.0,1.0,0.3,2.0,True,0.0,0.0,0.15624725629224356,False,xxxxxxx,True,0.0,0.0,0.9881562117961877,7.803481948028816,7.804114020145582,7.572923032315475,5.7,,0.15624725629224356
0.3,2.0,1.0,30.0,0.0,1.0,3.0,1.0,0.3,2.0,True,0.0,0.0,0.15619313120769351,False,xxxxxxx,True,0.0,0.0,0.9687670368398235,5.095313521688496,5.0959271731007245,4.879868181240413,5.033333333333333,,0.15619313120769351
0.3,2.0,2.5,30.0,0.0,1.0,3.0,1.0,0.3,2.0,True,0.0,0.0,0.1558890914255135,False,xxxxxxx,True,0.0,0.0,0.9749317473545157,5.023438616190585,5.0241573015807806,4.794247249998188,5.066666666666666,,0.1558890914255135
0.3,2.0,5.0,30.0,0.0,1.0,3.0,1.0,0.3,2.0,True,0.0,0.0,0.15448347892119396,False,xxxxxxx,True,0.0,0.0,0.9810885196213028,4.9165271424831865,4.917246286728064,4.668069646894065,5.066666666666666,,0.15448347892119396
3.0,2.0,1.0,30.0,0.0,1.0,3.0,1.0,0.3,2.0,True,0.0,0.0,0.1533253010004883,False,xxxxxxx,True,0.0,0.0,0.8202667186266893,0.5761450112403672,0.5800017565079568,0.42199211114080426,3.466666666666667,,0.1533253010004883
3.0,2.0,1.0,30.0,0.0,3.0,1.0,1.0,0.3,2.0,True,0.0,0.0,0.1525801898617446,False,xxxxxxx,True,0.0,0.0,0.8374045021167816,0.38495331530231924,0.3861210224452478,0.23058198166931673,3.3333333333333335,,0.1525801898617446
0.1,2.0,5.0,30.0,0.0,1.0,3.0,1.0,0.3,2.0,True,0.0,0.0,0.1509002515045671,False,xxxxxxx,True,0.0,0.0,0.9824030766275236,7.987972647028717,7.988346565821633,7.768752282736791,5.633333333333333,,0.1509002515045671
1.0,2.0,5.0,30.0,0.0,0.1,10.0,1.0,0.3,2.0,True,0.0,0.0,0.150628677545599,False,xxxxxxx,True,0.0,0.0,0.9479636024687516,2.217289435868528,2.2159409316060654,2.0056251479417586,4.5,,0.150628677545599
0.3,2.0,5.0,30.0,0.0,1.0,3.0,1.0,0.3,2.0,False,0.0,0.0,0.14945405186308747,False,xxxxxxx,True,0.0,0.0,0.9997842988051374,4.890762779611929,4.8899237527309705,4.684680346655407,5.566666666666666,,0.14945405186308747
0.1,2.0,2.5,30.0,0.0,1.0,3.0,1.0,0.3,2.0,True,0.0,0.0,0.14915064589858879,False,xxxxxxx,True,0.0,0.0,0.9766308555201015,8.103388931631242,8.10351954761068,7.888224375525692,5.633333333333333,,0.14915064589858879
0.1,2.0,1.0,30.0,0.0,1.0,3.0,1.0,0.3,2.0,True,0.0,0.0,0.14693039314132084,False,xxxxxxx,True,0.0,0.0,0.970628455060058,8.182623673156609,8.182664934758854,7.9744287860619005,5.633333333333333,,0.14693039314132084
1.0,2.0,1.0,30.0,0.0,3.0,30.0,1.0,0.3,2.0,True,0.0,0.0,0.14601872424034235,False,xxxxxxx,True,0.0,0.0,0.9267509947050141,2.335758952002033,2.33660166502169,2.10646217403813,4.5,,0.14601872424034235
1.0,2.0,5.0,30.0,0.0,0.3,10.0,1.0,0.3,2.0,True,0.0,0.0,0.14452081799595445,False,xxxxxxx,True,0.0,0.0,0.9486637457807909,2.2034834633640497,2.202183228106459,2.0024093540269567,4.5,,0.14452081799595445
3.0,2.0,20.0,30.0,0.0,0.3,1.0,1.0,0.3,2.0,True,0.0,0.0,0.1421409795893902,False,xxxxxxx,True,0.0,0.0,0.8519505391779988,0.33741209929293353,0.33704591389456245,0.1949012020940989,3.3,,0.1421409795893902
3.0,2.0,1.0,30.0,0.0,3.0,3.0,1.0,0.3,2.0,True,0.0,0.0,0.13695969220933518,False,xxxxxxx,True,0.0,0.0,0.8290655235730733,0.4645648810760109,0.46703457502633783,0.32632808436626304,3.6,,0.13695969220933518
1.0,2.0,1.0,30.0,0.0,0.1,10.0,1.0,0.3,2.0,True,0.0,0.0,0.1362311198689382,False,xxxxxxx,True,0.0,0.0,0.9258463545242958,2.404687816565993,2.404730782471334,2.199089048581918,4.533333333333333,,0.1362311198689382
3.0,2.0,5.0,30.0,0.0,3.0,30.0,1.0,0.3,2.0,True,0.0,0.0,0.1333856914402763,False,xxxxxxx,True,0.0,0.0,0.8303888694544562,0.537192328544524,0.5465489019886745,0.4038294622010758,3.5,,0.1333856914402763
3.0,2.0,5.0,30.0,0.0,1.0,30.0,1.0,0.3,2.0,True,0.0,0.0,0.13321098503823497,False,xxxxxxx,True,0.0,0.0,0.8279630762492205,0.556494667306989,0.5668110821817987,0.42322856358281813,3.5,,0.13321098503823497
3.0,2.0,5.0,30.0,0.0,0.3,30.0,1.0,0.3,2.0,True,0.0,0.0,0.1323425628772154,False,xxxxxxx,True,0.0,0.0,0.8271088407236447,0.5633637041766069,0.574068392117047,0.43101044847692943,3.5,,0.1323425628772154
3.0,2.0,5.0,30.0,0.0,0.1,30.0,1.0,0.3,2.0,True,0.0,0.0,0.13196914453080272,False,xxxxxxx,True,0.0,0.0,0.826859445419486,0.5653385519996708,0.5761594172351667,0.4333201166744325,3.533333333333333,,0.13196914453080272
1.0,2.0,2.5,30.0,0.0,0.1,10.0,1.0,0.3,2.0,True,0.0,0.0,0.13192898492844712,False,xxxxxxx,True,0.0,0.0,0.9363727255686094,2.3290829400814417,2.3278948401700568,2.14414275517752,4.5,,0.13192898492844712
0.1,2.0,5.0,30.0,0.0,3.0,10.0,1.0,0.3,2.0,True,0.0,0.0,0.13039934828055716,False,xxxxxxx,True,0.0,0.0,0.9829958103402732,7.89918434802798,7.899402623827759,7.701373456281644,5.633333333333333,,0.13039934828055716
3.0,2.0,5.0,30.0,0.0,3.0,1.0,1.0,0.3,2.0,True,0.0,0.0,0.12970728976897639,False,xxxxxxx,True,0.0,0.0,0.8562469025399335,0.33337471162705157,0.3322615564436767,0.20373575488219028,3.466666666666667,,0.12970728976897639
1.0,2.0,2.5,30.0,0.0,0.3,10.0,1.0,0.3,2.0,True,0.0,0.0,0.12660862291616848,False,xxxxxxx,True,0.0,0.0,0.9371549543257672,2.313664822976003,2.3126224945688394,2.1370621905258886,4.5,,0.12660862291616848
1.0,2.0,1.0,30.0,0.0,0.3,10.0,1.0,0.3,2.0,True,0.0,0.0,0.12610627280273823,False,xxxxxxx,True,0.0,0.0,0.926794089697679,2.38814645892092,2.3881774469940957,2.1980684789942426,4.533333333333333,,0.12610627280273823
1.0,2.0,5.0,30.0,0.0,1.0,10.0,1.0,0.3,2.0,True,0.0,0.0,0.1256531530351629,False,xxxxxxx,True,0.0,0.0,0.9509843136859628,2.1567743153236103,2.1556531777368404,1.9870362746543724,4.5,,0.1256531530351629
1.0,2.0,2.5,30.0,0.0,3.0,30.0,1.0,0.3,2.0,True,0.0,0.0,0.1253138174481202,False,xxxxxxx,True,0.0,0.0,0.9374350301825831,2.272375933109452,2.272709349788332,2.0678295226511727,4.5,,0.1253138174481202
3.0,2.0,20.0,30.0,0.0,0.1,3.0,1.0,0.3,2.0,True,0.0,0.0,0.1251936025244592,False,xxxxxxx,True,0.0,0.0,0.8473634608149954,0.3565232892532697,0.35480617731782627,0.23063410442703494,3.533333333333333,,0.1251936025244592
0.1,2.0,2.5,30.0,0.0,3.0,10.0,1.0,0.3,2.0,True,0.0,0.0,0.122717713711326,False,xxxxxxx,True,0.0,0.0,0.9775444538886875,8.012047929997268,8.012060202031076,7.820133392605724,5.633333333333333,,0.122717713711326
1.0,2.0,5.0,30.0,0.0,0.1,30.0,1.0,0.3,2.0,True,0.0,0.0,0.12085336019554516,False,xxxxxxx,True,0.0,0.0,0.9441006555793231,2.2391666904280254,2.2383385605724677,2.0570555216783344,4.533333333333333,,0.12085336019554516
1.0,2.0,20.0,30.0,0.0,3.0,10.0,1.0,0.3,2.0,True,0.0,0.0,0.12059357918740121,False,xxxxxxx,True,0.0,0.0,0.9733479226458431,1.5864514991131213,1.5797489222285654,1.4092636146628084,4.433333333333334,,0.12059357918740121
1.0,2.0,5.0,30.0,0.0,0.3,30.0,1.0,0.3,2.0,True,0.0,0.0,0.11776816530994533,False,xxxxxxx,True,0.0,0.0,0.9444333861560078,2.233531728398369,2.2327163235805454,2.056523622785514,4.533333333333333,,0.11776816530994533
0.1,2.0,1.0,30.0,0.0,3.0,10.0,1.0,0.3,2.0,True,0.0,0.0,0.11511309600673408,False,xxxxxxx,True,0.0,0.0,0.9718909834434903,8.089091594905433,8.089062175842919,7.906162481470243,5.633333333333333,,0.11511309600673408
1.0,2.0,2.5,30.0,0.0,1.0,10.0,1.0,0.3,2.0,True,0.0,0.0,0.11358052012671066,False,xxxxxxx,True,0.0,0.0,0.9400166998814801,2.2617843536521223,2.260819977732322,2.1057547549970073,4.533333333333333,,0.11358052012671066
3.0,2.0,20.0,30.0,0.0,0.3,3.0,1.0,0.3,2.0,True,0.0,0.0,0.11047909695164776,False,xxxxxxx,True,0.0,0.0,0.848084385085803,0.345496121548902,0.344452320110338,0.2345902130204056,3.6333333333333333,,0.11047909695164776
0.3,2.0,2.5,30.0,0.0,3.0,10.0,1.0,0.3,2.0,True,0.0,0.0,0.10920518142803554,False,xxxxxxx,True,0.0,0.0,0.9742878351024781,4.972527547946539,4.97309165442628,4.808327118948962,5.133333333333333,,0.10920518142803554
1.0,2.0,2.5,30.0,0.0,3.0,10.0,1.0,0.3,2.0,True,0.0,0.0,0.10794721283094671,False,xxxxxxx,True,0.0,0.0,0.9466343462528845,2.1312286257487907,2.1303380761091426,1.970600663716831,4.466666666666667,,0.10794721283094671
1.0,2.0,5.0,30.0,0.0,1.0,30.0,1.0,0.3,2.0,True,0.0,0.0,0.10741847357723944,False,xxxxxxx,True,0.0,0.0,0.9455488707674276,2.214154860189467,2.213384048164948,2.054133482332226,4.533333333333333,,0.10741847357723944
3.0,2.0,10.0,30.0,0.0,3.0,3.0,1.0,0.3,2.0,True,0.0,0.0,0.10287715207457715,False,xxxxxxx,True,0.0,0.0,0.8591074908716687,0.3429300503070256,0.34038215297112184,0.23955011965540407,3.7333333333333334,,0.10287715207457715
1.0,2.0,1.0,30.0,0.0,1.0,10.0,1.0,0.3,2.0,True,0.0,0.0,0.0960816296314968,False,xxxxxxx,True,0.0,0.0,0.9298366527058356,2.332636995864305,2.332579238256505,2.1913663362521953,4.566666666666666,,0.0960816296314968
0.3,2.0,20.0,30.0,0.0,3.0,10.0,1.0,0.3,2.0,True,0.0,0.0,0.09535637595086349,False,xxxxxxx,True,0.0,0.0,0.9908872269286695,4.275166203095074,4.274448671372541,4.135883648888995,5.266666666666667,,0.09535637595086349
0.3,2.0,1.0,30.0,0.0,3.0,10.0,1.0,0.3,2.0,True,0.0,0.0,0.09534012967649502,False,xxxxxxx,True,0.0,0.0,0.968121669774852,5.046635013564538,5.04692669968461,4.905521730345621,5.133333333333333,,0.09534012967649502
3.0,2.0,2.5,30.0,0.0,3.0,10.0,1.0,0.3,2.0,True,0.0,0.0,0.09397612519141008,False,xxxxxxx,True,0.0,0.0,0.8265028616705706,0.5249103495911203,0.5297601383718906,0.4309144057134442,3.8,,0.09397612519141008
1.0,2.0,5.0,30.0,0.0,3.0,10.0,1.0,0.3,2.0,True,0.0,0.0,0.0892806703461696,False,xxxxxxx,True,0.0,0.0,0.9567760544444573,2.036149131675968,2.035542957390451,1.9055444195672742,4.466666666666667,,0.0892806703461696
10.0,2.0,1.0,30.0,0.0,3.0,3.0,1.0,0.3,2.0,False,0.0,0.0,0.08609968110630695,False,xxxxxxx,True,0.0,0.0,0.7970881148953219,0.07858840235572348,0.1029843426807267,0.04156578035404237,2.3333333333333335,,0.08609968110630695
3.0,2.0,2.5,30.0,0.0,1.0,10.0,1.0,0.3,2.0,True,0.0,0.0,0.08405632219558656,False,xxxxxxx,True,0.0,0.0,0.8210562295841753,0.5745187581948479,0.5800293686732578,0.4904648961747854,3.8333333333333335,,0.08405632219558656
3.0,2.0,20.0,30.0,0.0,1.0,1.0,1.0,0.3,2.0,True,0.0,0.0,0.08395919346530889,False,xxxxxxx,True,0.0,0.0,0.8548644105831679,0.28805975675503165,0.2878348544075864,0.20387725810481766,3.6999999999999997,,0.08395919346530889
1.0,2.0,5.0,30.0,0.0,3.0,30.0,1.0,0.3,2.0,True,0.0,0.0,0.08134123300850155,False,xxxxxxx,True,0.0,0.0,0.9488555801219356,2.161568037217567,2.1609291149077383,2.0439887587723335,4.533333333333333,,0.08134123300850155
1.0,2.0,1.0,30.0,0.0,3.0,10.0,1.0,0.3,2.0,True,0.0,0.0,0.07854424530337645,False,xxxxxxx,True,0.0,0.0,0.9374450547691887,2.1947668417166373,2.1957139378591792,2.0889547721859256,4.533333333333333,,0.07854424530337645
3.0,2.0,2.5,30.0,0.0,0.3,10.0,1.0,0.3,2.0,True,0.0,0.0,0.07725953036599248,False,xxxxxxx,True,0.0,0.0,0.8190364603705285,0.5938977911690702,0.5995023971872054,0.5166499689939469,3.8666666666666667,,0.07725953036599248
3.0,2.0,2.5,30.0,0.0,0.1,10.0,1.0,0.3,2.0,True,0.0,0.0,0.07501582435972565,False,xxxxxxx,True,0.0,0.0,0.8184303624733449,0.5996992028705035,0.6052960213398353,0.5246849232009929,3.9,,0.07501582435972565
3.0,2.0,20.0,30.0,0.0,1.0,3.0,1.0,0.3,2.0,True,0.0,0.0,0.07422845379488674,False,xxxxxxx,True,0.0,0.0,0.8504496025786357,0.3141979253386812,0.3140384646107661,0.2398103340840504,3.8666666666666667,,0.07422845379488674
3.0,2.0,10.0,30.0,0.0,3.0,1.0,1.0,0.3,2.0,True,0.0,0.0,0.0681047878970591,False,xxxxxxx,True,0.0,0.0,0.8656582002206263,0.2760962514031614,0.2757985524199366,0.20779849611852536,3.8,,0.0681047878970591
3.0,2.0,20.0,30.0,0.0,0.1,10.0,1.0,0.3,2.0,True,0.0,0.0,0.06299492522132999,False,xxxxxxx,True,0.0,0.0,0.8430093211934043,0.35614788701030253,0.3522678302580414,0.29303231518915956,4.0,,0.06299492522132999
3.0,2.0,20.0,30.0,0.0,0.3,10.0,1.0,0.3,2.0,True,0.0,0.0,0.0591785616236552,False,xxxxxxx,True,0.0,0.0,0.8434094182382477,0.35215742269208017,0.3487529237157638,0.292845558787206,4.0,,0.0591785616236552
3.0,2.0,20.0,30.0,0.0,1.0,10.0,1.0,0.3,2.0,True,0.0,0.0,0.04816020368222729,False,xxxxxxx,True,0.0,0.0,0.8447504176213949,0.33902043468872933,0.33707625011539855,0.29101049546708774,4.066666666666666,,0.04816020368222729
3.0,2.0,20.0,30.0,0.0,3.0,1.0,1.0,0.3,2.0,True,0.0,0.0,0.0471856638764977,False,xxxxxxx,True,0.0,0.0,0.861501697831703,0.20059155256920416,0.20562874710063372,0.1702206990765257,3.933333333333333,,0.0471856638764977
3.0,2.0,1.0,30.0,0.0,3.0,10.0,1.0,0.3,2.0,True,0.0,0.0,0.046784599710194885,False,xxxxxxx,True,0.0,0.0,0.816759442318878,0.5456970228183069,0.5474443064260599,0.49576447348416885,4.066666666666666,,0.046784599710194885
3.0,2.0,1.0,30.0,0.0,1.0,10.0,1.0,0.3,2.0,True,0.0,0.0,0.035756310055266693,False,xxxxxxx,True,0.0,0.0,0.8110674121221247,0.5982959742421481,0.5994072843254833,0.5584347439347157,4.1,,0.035756310055266693
3.0,2.0,1.0,30.0,0.0,0.1,10.0,1.0,0.3,2.0,True,0.0,0.0,0.035191348408847634,False,xxxxxxx,True,0.0,0.0,0.8082615095986819,0.6253147961326684,0.6259562028149044,0.5849903927926894,4.133333333333333,,0.035191348408847634
3.0,2.0,1.0,30.0,0.0,0.3,10.0,1.0,0.3,2.0,True,0.0,0.0,0.034714265959228996,False,xxxxxxx,True,0.0,0.0,0.8089096661226682,0.6191008512096976,0.6198549751118825,0.5785965193648597,4.133333333333333,,0.034714265959228996
3.0,2.0,2.5,30.0,0.0,0.1,30.0,1.0,0.3,2.0,True,0.0,0.0,0.03336873650931327,False,xxxxxxx,True,0.0,0.0,0.8143734150042982,0.59862942814559,0.6005676401601705,0.5646456653245893,4.2,,0.03336873650931327
3.0,2.0,2.5,30.0,0.0,0.3,30.0,1.0,0.3,2.0,True,0.0,0.0,0.03239931278745589,False,xxxxxxx,True,0.0,0.0,0.8146457752062511,0.5963306755182972,0.5983577729366991,0.562882349961616,4.2,,0.03239931278745589
3.0,2.0,20.0,30.0,0.0,3.0,3.0,1.0,0.3,2.0,True,0.0,0.0,0.032075535718640524,False,xxxxxxx,True,0.0,0.0,0.8561702049001957,0.25135633259267226,0.2511893881582969,0.21963992429888013,4.066666666666666,,0.032075535718640524
3.0,2.0,1.0,30.0,0.0,0.1,30.0,1.0,0.3,2.0,True,0.0,0.0,0.030408324033212253,False,xxxxxxx,True,0.0,0.0,0.8039566099791641,0.6263513097969868,0.6263799614224066,0.5956909105876729,4.266666666666667,,0.030408324033212253
10.0,2.0,10.0,30.0,0.0,3.0,1.0,1.0,0.3,2.0,False,0.0,0.0,0.030370621070644144,False,xxxxxxx,True,0.0,0.0,0.7709308444247938,0.06415778620794078,0.05875857806974406,0.036475317250481545,3.433333333333333,,0.030370621070644144
3.0,2.0,20.0,30.0,0.0,0.1,30.0,1.0,0.3,2.0,True,0.0,0.0,0.02955198760100941,False,xxxxxxx,True,0.0,0.0,0.8405578991409864,0.3581289788228146,0.3533004928934013,0.32691745422096685,4.133333333333333,,0.02955198760100941
3.0,2.0,1.0,30.0,0.0,0.3,30.0,1.0,0.3,2.0,True,0.0,0.0,0.029238793068417257,False,xxxxxxx,True,0.0,0.0,0.8042487093767222,0.6240259454440847,0.6240751761148211,0.5945288738143284,4.266666666666667,,0.029238793068417257
3.0,2.0,20.0,30.0,0.0,0.3,30.0,1.0,0.3,2.0,True,0.0,0.0,0.028685245361924516,False,xxxxxxx,True,0.0,0.0,0.8407319796976035,0.3566763886968617,0.35203076309721126,0.3264271865868138,4.133333333333333,,0.028685245361924516
3.0,2.0,20.0,30.0,0.0,3.0,10.0,1.0,0.3,2.0,True,0.0,0.0,0.02737711019378819,False,xxxxxxx,True,0.0,0.0,0.8483553974220223,0.30685755770750023,0.3067495474822339,0.27942910545939204,4.166666666666667,,0.02737711019378819
3.0,2.0,2.5,30.0,0.0,1.0,30.0,1.0,0.3,2.0,True,0.0,0.0,0.026938003952182155,False,xxxxxxx,True,0.0,0.0,0.8155781977063739,0.5884241464730959,0.5907544374514453,0.5594434520653708,4.166666666666667,,0.026938003952182155
3.0,2.0,20.0,30.0,0.0,1.0,30.0,1.0,0.3,2.0,True,0.0,0.0,0.02585457332965435,False,xxxxxxx,True,0.0,0.0,0.8413296464157634,0.35167719739381986,0.34767127587841706,0.3245765979046954,4.166666666666667,,0.02585457332965435
10.0,2.0,5.0,30.0,0.0,3.0,1.0,1.0,0.3,2.0,False,0.0,0.0,0.025695591309670474,False,xxxxxxx,True,0.0,0.0,0.7675847023819015,0.06093468388645249,0.06101987230016846,0.03658668942423145,3.533333333333333,,0.025695591309670474
3.0,2.0,2.5,30.0,0.0,3.0,30.0,1.0,0.3,2.0,True,0.0,0.0,0.025634676776427057,False,xxxxxxx,True,0.0,0.0,0.8181403356181143,0.5670503114894412,0.5700701556179066,0.5414123925470423,4.133333333333333,,0.025634676776427057
3.0,2.0,1.0,30.0,0.0,1.0,30.0,1.0,0.3,2.0,True,0.0,0.0,0.025416280717158513,False,xxxxxxx,True,0.0,0.0,0.8052482282694612,0.6160128464486918,0.616136273111215,0.5904469223124309,4.233333333333333,,0.025416280717158513
10.0,2.0,2.5,30.0,0.0,3.0,1.0,1.0,0.3,2.0,False,0.0,0.0,0.022648244009933483,False,xxxxxxx,True,0.0,0.0,0.7667704579976834,0.059415894340937435,0.061099676267984085,0.0390403628295022,3.5666666666666664,,0.022648244009933483
10.0,2.0,1.0,30.0,0.0,3.0,1.0,1.0,0.3,2.0,False,0.0,0.0,0.021905641843387835,False,xxxxxxx,True,0.0,0.0,0.7665311010926288,0.058785593666213665,0.061175298589229404,0.040999692183792014,3.6,,0.021905641843387835
3.0,2.0,20.0,30.0,0.0,3.0,30.0,1.0,0.3,2.0,True,0.0,0.0,0.019171634905224333,False,xxxxxxx,True,0.0,0.0,0.8430206020399025,0.3381154681131324,0.33579213087900756,0.31839274065578527,4.233333333333333,,0.019171634905224333
3.0,2.0,1.0,30.0,0.0,3.0,30.0,1.0,0.3,2.0,True,0.0,0.0,0.015706907633460054,False,xxxxxxx,True,0.0,0.0,0.8079241155113787,0.5941401289610575,0.5944883087694308,0.5781715699058978,4.233333333333333,,0.015706907633460054
10.0,2.0,20.0,30.0,0.0,3.0,1.0,1.0,0.3,2.0,False,0.0,0.0,0.009808438366494365,False,xxxxxxx,True,0.0,0.0,0.7545990430446828,0.056879855234848994,0.05826696873395186,0.04870631166001156,4.033333333333333,,0.009808438366494365
10.0,2.0,1.0,30.0,0.0,0.1,1.0,1.0,0.3,2.0,True,0.0,0.0,0.009639062358484107,False,xxxxxxx,True,0.0,0.0,0.5518047913898374,0.06831865199954423,0.06830932981308169,0.058670582158022344,3.8,,0.009639062358484107
10.0,2.0,2.5,30.0,0.0,0.1,1.0,1.0,0.3,2.0,True,0.0,0.0,0.009012419933349114,False,xxxxxxx,True,0.0,0.0,0.5508134031401988,0.06450963778517771,0.06449891933187157,0.05548671833473542,3.8,,0.009012419933349114
10.0,2.0,1.0,30.0,0.0,0.3,1.0,1.0,0.3,2.0,True,0.0,0.0,0.008921955106978019,False,xxxxxxx,True,0.0,0.0,0.5524297045696196,0.06522668965593002,0.06521614999646869,0.05629539244441931,3.8333333333333335,,0.008921955106978019
10.0,2.0,2.5,30.0,0.0,0.3,1.0,1.0,0.3,2.0,True,0.0,0.0,0.008352318087448074,False,xxxxxxx,True,0.0,0.0,0.5517410113728125,0.06158730485491208,0.06157694156451581,0.053224301597285154,3.8333333333333335,,0.008352318087448074
10.0,2.0,5.0,30.0,0.0,0.1,1.0,1.0,0.3,2.0,True,0.0,0.0,0.008079589382114838,False,xxxxxxx,True,0.0,0.0,0.5505361186541173,0.05874474018905165,0.058733050483542784,0.05065351536183945,3.8333333333333335,,0.008079589382114838
10.0,2.0,5.0,30.0,0.0,0.3,1.0,1.0,0.3,2.0,True,0.0,0.0,0.00750357926726819,False,xxxxxxx,True,0.0,0.0,0.5516054727103553,0.056079538473207624,0.05606804124424632,0.04856455324586523,3.8333333333333335,,0.00750357926726819
10.0,2.0,1.0,30.0,0.0,1.0,1.0,1.0,0.3,2.0,True,0.0,0.0,0.006994165705831112,False,xxxxxxx,True,0.0,0.0,0.5556438144617932,0.05594664626075957,0.05593659797538473,0.048942311464820726,3.8333333333333335,,0.006994165705831112
10.0,2.0,10.0,30.0,0.0,0.1,1.0,1.0,0.3,2.0,True,0.0,0.0,0.00657916851483531,False,xxxxxxx,True,0.0,0.0,0.5499060475353962,0.04911355991259168,0.04910064726235253,0.04252160080968845,3.8666666666666667,,0.00657916851483531
10.0,2.0,2.5,30.0,0.0,1.0,1.0,1.0,0.3,2.0,True,0.0,0.0,0.006571133052772682,False,xxxxxxx,True,0.0,0.0,0.5553763805364524,0.05281628478541719,0.05280558158778718,0.04623434031039937,3.8333333333333335,,0.006571133052772682
10.0,2.0,10.0,30.0,0.0,0.3,1.0,1.0,0.3,2.0,True,0.0,0.0,0.006133863535851214,False,xxxxxxx,True,0.0,0.0,0.5509190543908575,0.04687956529043848,0.0468462488125196,0.040731245396213596,3.8333333333333335,,0.006133863535851214
10.0,2.0,1.0,30.0,0.0,0.1,3.0,1.0,0.3,2.0,True,0.0,0.0,0.006021623673301724,False,xxxxxxx,True,0.0,0.0,0.5487603454021699,0.06959332594365458,0.0695875061568873,0.06356885120768112,3.933333333333333,,0.006021623673301724
10.0,2.0,5.0,30.0,0.0,1.0,1.0,1.0,0.3,2.0,True,0.0,0.0,0.005939692528157847,False,xxxxxxx,True,0.0,0.0,0.5549482792603497,0.04808045714203272,0.04806278248991211,0.04212913067739928,3.8666666666666667,,0.005939692528157847
10.0,2.0,1.0,30.0,0.0,0.3,3.0,1.0,0.3,2.0,True,0.0,0.0,0.005721960471577581,False,xxxxxxx,True,0.0,0.0,0.5491674260104097,0.06768440185126254,0.06767973783894402,0.06195883170476377,3.933333333333333,,0.005721960471577581
10.0,2.0,2.5,30.0,0.0,0.1,3.0,1.0,0.3,2.0,True,0.0,0.0,0.0056306814366616775,False,xxxxxxx,True,0.0,0.0,0.5477888996712037,0.06571265015167671,0.06570863135561245,0.06007805459530637,3.933333333333333,,0.0056306814366616775
10.0,2.0,2.5,30.0,0.0,0.3,3.0,1.0,0.3,2.0,True,0.0,0.0,0.005355255975096007,False,xxxxxxx,True,0.0,0.0,0.548439216130434,0.06390853629474624,0.06390402497696407,0.05854880234030076,3.933333333333333,,0.005355255975096007
10.0,2.0,5.0,30.0,0.0,0.1,3.0,1.0,0.3,2.0,True,0.0,0.0,0.0050452608158796375,False,xxxxxxx,True,0.0,0.0,0.5477354880289953,0.059836660850156445,0.059831402357406124,0.05478588435202909,3.933333333333333,,0.0050452608158796375
10.0,2.0,10.0,30.0,0.0,1.0,1.0,1.0,0.3,2.0,True,0.0,0.0,0.004907637740862225,False,xxxxxxx,True,0.0,0.0,0.5541697670065581,0.04019414872350993,0.03986976690536969,0.0351914644872497,3.8666666666666667,,0.004907637740862225
10.0,2.0,1.0,30.0,0.0,1.0,3.0,1.0,0.3,2.0,True,0.0,0.0,0.00485673504240236,False,xxxxxxx,True,0.0,0.0,0.5511349403478175,0.06160937290876464,0.06160391173179283,0.05674692139149324,3.966666666666667,,0.00485673504240236
10.0,2.0,5.0,30.0,0.0,0.3,3.0,1.0,0.3,2.0,True,0.0,0.0,0.00480620937678633,False,xxxxxxx,True,0.0,0.0,0.5484626723168982,0.05819166323519778,0.05818606698052872,0.05337959125952861,3.966666666666667,,0.00480620937678633
10.0,2.0,20.0,30.0,0.0,3.0,1.0,1.0,0.3,2.0,True,0.0,0.0,0.004764942790384752,False,xxxxxxx,True,0.0,0.0,0.5584746399005771,0.022157172094349573,0.017392251625956662,0.01619286167379331,3.966666666666667,,0.004764942790384752
10.0,2.0,20.0,30.0,0.0,0.1,1.0,1.0,0.3,2.0,True,0.0,0.0,0.004584023781596169,False,xxxxxxx,True,0.0,0.0,0.5491255551490026,0.035707010840154874,0.03496485971317288,0.03050205526944119,3.9,,0.004584023781596169
10.0,2.0,2.5,30.0,0.0,1.0,3.0,1.0,0.3,2.0,True,0.0,0.0,0.00455837996994557,False,xxxxxxx,True,0.0,0.0,0.5510399877382399,0.05816681957048328,0.058160837250385,0.05360247167692417,3.966666666666667,,0.00455837996994557
10.0,2.0,20.0,30.0,0.0,0.3,1.0,1.0,0.3,2.0,True,0.0,0.0,0.004305126319597119,False,xxxxxxx,True,0.0,0.0,0.5500158916745292,0.03418148803395585,0.033183245377754064,0.02916926379355564,3.9,,0.004305126319597119
10.0,2.0,1.0,30.0,0.0,3.0,1.0,1.0,0.3,2.0,True,0.0,0.0,0.004145039852987864,False,xxxxxxx,True,0.0,0.0,0.5639278187330955,0.03830132494658479,0.038124747627488076,0.03407880802709649,3.8666666666666667,,0.004145039852987864
10.0,2.0,5.0,30.0,0.0,1.0,3.0,1.0,0.3,2.0,True,0.0,0.0,0.0041113282862031975,False,xxxxxxx,True,0.0,0.0,0.5507578512440751,0.05295625248286849,0.05294952506734829,0.04883824081886448,3.966666666666667,,0.0041113282862031975
10.0,2.0,10.0,30.0,0.0,0.1,3.0,1.0,0.3,2.0,True,0.0,0.0,0.004099887844343009,False,xxxxxxx,True,0.0,0.0,0.5473697964105254,0.05001593112001629,0.050009247420823216,0.045909165787741554,3.966666666666667,,0.004099887844343009
10.0,2.0,10.0,30.0,0.0,0.3,3.0,1.0,0.3,2.0,True,0.0,0.0,0.003917586579300636,False,xxxxxxx,True,0.0,0.0,0.5480485090724005,0.048638106608779846,0.048625533179979606,0.04471336613936018,3.966666666666667,,0.003917586579300636
10.0,2.0,2.5,30.0,0.0,3.0,1.0,1.0,0.3,2.0,True,0.0,0.0,0.003907985025012106,False,xxxxxxx,True,0.0,0.0,0.563452681567876,0.03616353235189229,0.035868661657767906,0.03211856883978869,3.8666666666666667,,0.003907985025012106
10.0,2.0,5.0,30.0,0.0,3.0,1.0,1.0,0.3,2.0,True,0.0,0.0,0.003563959890982904,False,xxxxxxx,True,0.0,0.0,0.5626913391743928,0.03297037743349511,0.03245721181009297,0.029095991047185733,3.8666666666666667,,0.003563959890982904
10.0,2.0,20.0,30.0,0.0,1.0,1.0,1.0,0.3,2.0,True,0.0,0.0,0.003479552043471168,False,xxxxxxx,True,0.0,0.0,0.5528204940779115,0.029758275575815174,0.027745786987394168,0.02498665745146847,3.933333333333333,,0.003479552043471168
10.0,2.0,1.0,30.0,0.0,3.0,3.0,1.0,0.3,2.0,True,0.0,0.0,0.0033871081977504547,False,xxxxxxx,True,0.0,0.0,0.5574744317382618,0.0482493517716862,0.04822987895795994,0.04485064026872457,3.966666666666667,,0.0033871081977504547
10.0,2.0,10.0,30.0,0.0,1.0,3.0,1.0,0.3,2.0,True,0.0,0.0,0.0033823175502364355,False,xxxxxxx,True,0.0,0.0,0.5503033409334835,0.044255792064857594,0.04413384301935874,0.040844333164543375,3.966666666666667,,0.0033823175502364355
10.0,2.0,2.5,30.0,0.0,3.0,3.0,1.0,0.3,2.0,True,0.0,0.0,0.0031910617475074954,False,xxxxxxx,True,0.0,0.0,0.557155631045126,0.045541493177613857,0.04550022681274976,0.04233113450756261,3.966666666666667,,0.0031910617475074954
10.0,2.0,20.0,30.0,0.0,3.0,3.0,1.0,0.3,2.0,True,0.0,0.0,0.003090582670582709,False,xxxxxxx,True,0.0,0.0,0.5540412900819148,0.026305417106704386,0.023214850639424855,0.02217568272011966,4.066666666666666,,0.003090582670582709
10.0,2.0,10.0,30.0,0.0,3.0,1.0,1.0,0.3,2.0,True,0.0,0.0,0.0029866960423812206,False,xxxxxxx,True,0.0,0.0,0.5612781536103552,0.027885565025407587,0.026895688571195932,0.024056460750527947,3.9,,0.0029866960423812206
10.0,2.0,5.0,30.0,0.0,3.0,3.0,1.0,0.3,2.0,True,0.0,0.0,0.002898350150792428,False,xxxxxxx,True,0.0,0.0,0.5566445008139567,0.041453286943702525,0.041312239471080814,0.03849457355668491,4.0,,0.002898350150792428
10.0,2.0,20.0,30.0,0.0,0.1,3.0,1.0,0.3,2.0,True,0.0,0.0,0.00284976461471953,False,xxxxxxx,True,0.0,0.0,0.5470073083155546,0.03632370192104815,0.035647645258729314,0.03286445697009962,4.033333333333333,,0.00284976461471953
10.0,2.0,20.0,30.0,0.0,0.3,3.0,1.0,0.3,2.0,True,0.0,0.0,0.0027341192408636417,False,xxxxxxx,True,0.0,0.0,0.5475965548071124,0.03537728507623346,0.0345714183613834,0.0319833900231111,4.033333333333333,,0.0027341192408636417
10.0,2.0,1.0,30.0,0.0,0.1,10.0,1.0,0.3,2.0,True,0.0,0.0,0.0026246708618113956,False,xxxxxxx,True,0.0,0.0,0.546546958380488,0.07050540341800726,0.0705049462049493,0.0678806539474486,4.066666666666666,,0.0026246708618113956
10.0,2.0,1.0,30.0,0.0,0.3,10.0,1.0,0.3,2.0,True,0.0,0.0,0.0025534352204377164,False,xxxxxxx,True,0.0,0.0,0.5466736214964105,0.06969776839001038,0.06969730833544494,0.06714426835485407,4.066666666666666,,0.0025534352204377164
10.0,2.0,2.5,30.0,0.0,0.1,10.0,1.0,0.3,2.0,True,0.0,0.0,0.0024525940474704466,False,xxxxxxx,True,0.0,0.0,0.5454285600456185,0.06657360198926328,0.06657344983548938,0.06412076070306609,4.066666666666666,,0.0024525940474704466
10.0,2.0,10.0,30.0,0.0,3.0,3.0,1.0,0.3,2.0,True,0.0,0.0,0.002415861893938942,False,xxxxxxx,True,0.0,0.0,0.5557032637992062,0.03472402170961377,0.03418348549785121,0.03184870423976636,4.0,,0.002415861893938942
10.0,2.0,2.5,30.0,0.0,0.3,10.0,1.0,0.3,2.0,True,0.0,0.0,0.002387366082988396,False,xxxxxxx,True,0.0,0.0,0.5457946593499393,0.06581030139709651,0.06580981716452293,0.06342230057946913,4.066666666666666,,0.002387366082988396
10.0,2.0,20.0,30.0,0.0,1.0,3.0,1.0,0.3,2.0,True,0.0,0.0,0.00238486826981954,False,xxxxxxx,True,0.0,0.0,0.5495271111910774,0.032421789320868435,0.03106598222611924,0.029133568658646185,4.033333333333333,,0.00238486826981954
10.0,2.0,1.0,30.0,0.0,1.0,10.0,1.0,0.3,2.0,True,0.0,0.0,0.002332690495691403,False,xxxxxxx,True,0.0,0.0,0.5472519894639245,0.06698276419660457,0.06698165664772535,0.06464891180672713,4.066666666666666,,0.002332690495691403
10.0,2.0,5.0,30.0,0.0,0.1,10.0,1.0,0.3,2.0,True,0.0,0.0,0.002193389865729811,False,xxxxxxx,True,0.0,0.0,0.5456377415770988,0.06061816891612899,0.06061717366669442,0.05842358703569989,4.066666666666666,,0.002193389865729811
10.0,2.0,2.5,30.0,0.0,1.0,10.0,1.0,0.3,2.0,True,0.0,0.0,0.0021854671571254203,False,xxxxxxx,True,0.0,0.0,0.5470302523876094,0.06324428722012276,0.06324273417897769,0.06105727393511885,4.066666666666666,,0.0021854671571254203
10.0,2.0,5.0,30.0,0.0,0.3,10.0,1.0,0.3,2.0,True,0.0,0.0,0.00213741299848047,False,xxxxxxx,True,0.0,0.0,0.5459636519284481,0.059922256720135195,0.05992100092592598,0.0577835904076429,4.066666666666666,,0.00213741299848047
10.0,2.0,5.0,30.0,0.0,1.0,10.0,1.0,0.3,2.0,True,0.0,0.0,0.0019637902178629707,False,xxxxxxx,True,0.0,0.0,0.5470574058069879,0.0575829329570888,0.0575806232596024,0.055616786124549816,4.066666666666666,,0.0019637902178629707
10.0,2.0,1.0,30.0,0.0,3.0,10.0,1.0,0.3,2.0,True,0.0,0.0,0.0019110833388705784,False,xxxxxxx,True,0.0,0.0,0.550350514938114,0.06007698336729771,0.06007313730683531,0.05816204923081467,4.066666666666666,,0.0019110833388705784
10.0,2.0,2.5,30.0,0.0,3.0,10.0,1.0,0.3,2.0,True,0.0,0.0,0.0017970974118408645,False,xxxxxxx,True,0.0,0.0,0.5502338570411482,0.05671754152810286,0.05671343062268207,0.05491629581172529,4.066666666666666,,0.0017970974118408645
10.0,2.0,10.0,30.0,0.0,0.1,10.0,1.0,0.3,2.0,True,0.0,0.0,0.0017736135896242455,False,xxxxxxx,True,0.0,0.0,0.5454674214680236,0.050661782908873465,0.050659604526041555,0.04888564248774495,4.1,,0.0017736135896242455
10.0,2.0,10.0,30.0,0.0,0.3,10.0,1.0,0.3,2.0,True,0.0,0.0,0.0017320959874574937,False,xxxxxxx,True,0.0,0.0,0.5457731627851194,0.05007925307701962,0.05007621407320003,0.048344573726770285,4.1,,0.0017320959874574937
10.0,2.0,5.0,30.0,0.0,3.0,10.0,1.0,0.3,2.0,True,0.0,0.0,0.0016261609857570747,False,xxxxxxx,True,0.0,0.0,0.550010094563483,0.05163183933921459,0.0516269948997004,0.050001342540342,4.1,,0.0016261609857570747
10.0,2.0,10.0,30.0,0.0,1.0,10.0,1.0,0.3,2.0,True,0.0,0.0,0.0016030372587895192,False,xxxxxxx,True,0.0,0.0,0.5468300572054918,0.048120425701581884,0.04809191551377241,0.04651329194324512,4.1,,0.0016030372587895192
10.0,2.0,20.0,30.0,0.0,3.0,10.0,1.0,0.3,2.0,True,0.0,0.0,0.001533518566491865,False,xxxxxxx,True,0.0,0.0,0.5489885519474069,0.0316957686673808,0.03016225830376105,0.02958424425065498,4.166666666666667,,0.001533518566491865
10.0,2.0,10.0,30.0,0.0,3.0,10.0,1.0,0.3,2.0,True,0.0,0.0,0.0013459710576866346,False,xxxxxxx,True,0.0,0.0,0.5496369450877255,0.04314536721149021,0.04296002045376181,0.04172088789379317,4.133333333333333,,0.0013459710576866346
10.0,2.0,20.0,30.0,0.0,0.1,10.0,1.0,0.3,2.0,True,0.0,0.0,0.0012528909693233503,False,xxxxxxx,True,0.0,0.0,0.545458063808654,0.03677146765728628,0.036092084020182984,0.03493531229087277,4.133333333333333,,0.0012528909693233503
10.0,2.0,20.0,30.0,0.0,0.3,10.0,1.0,0.3,2.0,True,0.0,0.0,0.0012332635198396558,False,xxxxxxx,True,0.0,0.0,0.5457218771133342,0.03636970428903341,0.0356652239654774,0.03453894415833561,4.133333333333333,,0.0012332635198396558
10.0,2.0,20.0,30.0,0.0,1.0,10.0,1.0,0.3,2.0,True,0.0,0.0,0.0011765334000021221,False,xxxxxxx,True,0.0,0.0,0.5466205916525185,0.03502874024536422,0.03414710018014605,0.03319471673824873,4.133333333333333,,0.0011765334000021221
10.0,2.0,1.0,30.0,0.0,0.1,30.0,1.0,0.3,2.0,True,0.0,0.0,0.0010737975161517754,False,xxxxxxx,True,0.0,0.0,0.5459355173471356,0.07083744065999659,0.0708385313121783,0.06976357656087173,4.1,,0.0010737975161517754
10.0,2.0,1.0,30.0,0.0,0.3,30.0,1.0,0.3,2.0,True,0.0,0.0,0.001054531743614806,False,xxxxxxx,True,0.0,0.0,0.5459587318290393,0.0705336321802027,0.07053466799907314,0.0694790935134462,4.133333333333333,,0.001054531743614806
10.0,2.0,2.5,30.0,0.0,0.1,30.0,1.0,0.3,2.0,True,0.0,0.0,0.0009990621961400992,False,xxxxxxx,True,0.0,0.0,0.5445891452873799,0.0668871706027794,0.06688831719864896,0.065888048899857,4.1,,0.0009990621961400992
10.0,2.0,1.0,30.0,0.0,1.0,30.0,1.0,0.3,2.0,True,0.0,0.0,0.0009910026444714948,False,xxxxxxx,True,0.0,0.0,0.5460459064214843,0.06948630994455794,0.0694871227384562,0.06849527728705657,4.133333333333333,,0.0009910026444714948
10.0,2.0,2.5,30.0,0.0,0.3,30.0,1.0,0.3,2.0,True,0.0,0.0,0.0009814881894556482,False,xxxxxxx,True,0.0,0.0,0.5447298143811716,0.0666000322529039,0.06660104133736168,0.06561856414495951,4.133333333333333,,0.0009814881894556482
10.0,2.0,2.5,30.0,0.0,1.0,30.0,1.0,0.3,2.0,True,0.0,0.0,0.000923680189890308,False,xxxxxxx,True,0.0,0.0,0.5452146198215362,0.06561017100106867,0.06561071433462426,0.06468643392462997,4.133333333333333,,0.000923680189890308
10.0,2.0,20.0,30.0,0.0,3.0,30.0,1.0,0.3,2.0,True,0.0,0.0,0.000921596789968504,False,xxxxxxx,True,0.0,0.0,0.5463009918036504,0.03485598410305792,0.033934391842073114,0.03368851873554705,4.2,,0.000921596789968504
10.0,2.0,5.0,30.0,0.0,0.1,30.0,1.0,0.3,2.0,True,0.0,0.0,0.0008866211353824038,False,xxxxxxx,True,0.0,0.0,0.5448873472124957,0.060903126334617926,0.060903702490664624,0.06001620716354787,4.133333333333333,,0.0008866211353824038
10.0,2.0,5.0,30.0,0.0,0.3,30.0,1.0,0.3,2.0,True,0.0,0.0,0.0008716366923862129,False,xxxxxxx,True,0.0,0.0,0.5450095507554703,0.0606413510987065,0.06064180017476349,0.059769431825175946,4.133333333333333,,0.0008716366923862129
10.0,2.0,1.0,30.0,0.0,3.0,30.0,1.0,0.3,2.0,True,0.0,0.0,0.0008491522830085252,False,xxxxxxx,True,0.0,0.0,0.5465413604110457,0.06662508465023807,0.06662461009225443,0.06577548752881852,4.133333333333333,,0.0008491522830085252
10.0,2.0,5.0,30.0,0.0,1.0,30.0,1.0,0.3,2.0,True,0.0,0.0,0.0008225885112558284,False,xxxxxxx,True,0.0,0.0,0.5454280453250445,0.0597389586603161,0.0597389330032819,0.05891619799711935,4.133333333333333,,0.0008225885112558284
10.0,2.0,2.5,30.0,0.0,3.0,30.0,1.0,0.3,2.0,True,0.0,0.0,0.000795653646004757,False,xxxxxxx,True,0.0,0.0,0.5465416457167498,0.06290588757394533,0.0629052282731195,0.06210960748090969,4.133333333333333,,0.000795653646004757
10.0,2.0,5.0,30.0,0.0,3.0,30.0,1.0,0.3,2.0,True,0.0,0.0,0.0007152758838367967,False,xxxxxxx,True,0.0,0.0,0.5465665257802423,0.057273440628043,0.05727230675683932,0.05655704860441732,4.133333333333333,,0.0007152758838367967
10.0,2.0,10.0,30.0,0.0,0.1,30.0,1.0,0.3,2.0,True,0.0,0.0,0.0007063482892243345,False,xxxxxxx,True,0.0,0.0,0.5447381902589007,0.05089796526651845,0.05089757569615308,0.050190776604241635,4.166666666666667,,0.0007063482892243345
10.0,2.0,20.0,30.0,0.0,1.0,30.0,1.0,0.3,2.0,True,0.0,0.0,0.0007058372837295268,False,xxxxxxx,True,0.0,0.0,0.5453249900899517,0.03626643433301051,0.03554029988999974,0.035164616050730735,4.2,,0.0007058372837295268
10.0,2.0,10.0,30.0,0.0,0.3,30.0,1.0,0.3,2.0,True,0.0,0.0,0.0006955040799544454,False,xxxxxxx,True,0.0,0.0,0.5448543772405983,0.05067877230179488,0.0506783118953468,0.049982812657930684,4.166666666666667,,0.0006955040799544454
10.0,2.0,10.0,30.0,0.0,1.0,30.0,1.0,0.3,2.0,True,0.0,0.0,0.0006602290622821361,False,xxxxxxx,True,0.0,0.0,0.5452649979525248,0.04992331364494784,0.04991617175602637,0.049262151393465084,4.166666666666667,,0.0006602290622821361
10.0,2.0,20.0,30.0,0.0,0.3,30.0,1.0,0.3,2.0,True,0.0,0.0,0.0006351360815416429,False,xxxxxxx,True,0.0,0.0,0.5449750748759769,0.03678685773716967,0.03609381693766481,0.03569614798763991,4.2,,0.0006351360815416429
10.0,2.0,20.0,30.0,0.0,0.1,30.0,1.0,0.3,2.0,True,0.0,0.0,0.0006154421901559681,False,xxxxxxx,True,0.0,0.0,0.5448742872277057,0.03693821089783532,0.03625411463329599,0.03584938352174581,4.2,,0.0006154421901559681
10.0,2.0,10.0,30.0,0.0,3.0,30.0,1.0,0.3,2.0,True,0.0,0.0,0.0005849383686183929,False,xxxxxxx,True,0.0,0.0,0.5464155733169473,0.04785925104430113,0.04782091742994472,0.04726681137958214,4.166666666666667,,0.0005849383686183929
