solver_success,status,resolved_oscillation,period_generations,period_h,deterministic_period_cv,TetR_relative_amplitude,C31_flux_peak_uM_h,C31_flux_trough_fraction_of_peak,C31_flux_FWHM_h,C31_flux_dose_uM_per_cycle,resource_min,scenario_id,candidate_id,RBS_scale,mRNA_half_life_min,nominal_period_generations,Td_min,oscillator_plasmid_copies,K_copies,hill_n,PLlacO1_leak,PLtetO1_leak,PR_leak,oscillator_RBS_multiplier,oscillator_mrna_half_life_multiplier,effective_sponge_sites,C31_RBS_multiplier,C31_mrna_half_life_multiplier,peak_load_fraction
True,resolved_oscillation,1.0,7.765483384183142,6.206060606060606,0.0013549254810069928,0.9361986984929426,3.0529775990019257,0.01026969746907285,2.433333333333333,7.255608010097716,0.8494402644962656,0,RBS0p6_mRNA1min,0.6,1.0,7.42,47.951121384416645,11.825975073104322,15.473913234601795,2.9173297774415436,0.00206038399374373,0.005493051205389417,0.0041854444798429535,0.9742133503098772,1.1525068234969855,78.46271321059103,1.0762201815686268,1.19863222770296,0.0990024011767786
True,resolved_oscillation,1.0,9.356750243018848,7.477777777777778,0.001114413075780089,0.9707905421803773,3.3853426686630868,0.00819573260299917,2.7333333333333334,8.894787016614547,0.8523049196898373,0,RBS0p6_mRNA1p5min,0.6,1.5,9.077777777777778,47.951121384416645,11.825975073104322,15.473913234601795,2.9173297774415436,0.00206038399374373,0.005493051205389417,0.0041854444798429535,0.9742133503098772,1.1525068234969855,78.46271321059103,1.0762201815686268,1.19863222770296,0.0990024011767786
True,resolved_oscillation,1.0,10.49245534773891,8.385416666666666,0.0007027148136015379,0.9816448312712067,3.543918230809835,0.007702188471119559,2.966666666666667,10.044619668539807,0.8531336941896613,0,RBS0p6_mRNA2min,0.6,2.0,10.248571428571427,47.951121384416645,11.825975073104322,15.473913234601795,2.9173297774415436,0.00206038399374373,0.005493051205389417,0.0041854444798429535,0.9742133503098772,1.1525068234969855,78.46271321059103,1.0762201815686268,1.19863222770296,0.0990024011767786
True,resolved_oscillation,1.0,12.00627366144108,9.595238095238095,0.0008475558946203143,0.9893757421320594,3.6795724632581432,0.007373599403946691,3.25,11.429305113045643,0.8533198345560955,0,RBS0p6_mRNA3min,0.6,3.0,11.794285714285714,47.951121384416645,11.825975073104322,15.473913234601795,2.9173297774415436,0.00206038399374373,0.005493051205389417,0.0041854444798429535,0.9742133503098772,1.1525068234969855,78.46271321059103,1.0762201815686268,1.19863222770296,0.0990024011767786
True,resolved_oscillation,1.0,12.97154231313014,10.366666666666667,0.0,0.9921499424122219,3.722259298940548,0.007280448153701337,3.4166666666666665,12.11675230294477,0.8529121676876602,0,RBS0p6_mRNA4min,0.6,4.0,12.76,47.951121384416645,11.825975073104322,15.473913234601795,2.9173297774415436,0.00206038399374373,0.005493051205389417,0.0041854444798429535,0.9742133503098772,1.1525068234969855,78.46271321059103,1.0762201815686268,1.19863222770296,0.0990024011767786
True,resolved_oscillation,1.0,8.729722849318772,6.9766666666666675,0.001233630624687822,0.9626663212280115,3.256838064089402,0.008665385735160293,2.5833333333333335,8.11756032843549,0.8517201296776397,0,RBS0p8_mRNA1min,0.8,1.0,8.448,47.951121384416645,11.825975073104322,15.473913234601795,2.9173297774415436,0.00206038399374373,0.005493051205389417,0.0041854444798429535,0.9742133503098772,1.1525068234969855,78.46271321059103,1.0762201815686268,1.19863222770296,0.0990024011767786
True,resolved_oscillation,1.0,10.291730114999556,8.225,0.0010831256004556207,0.980903596874041,3.500029500957472,0.007801205258162193,2.8833333333333333,9.66988405876957,0.8531872710074859,0,RBS0p8_mRNA1p5min,0.8,1.5,10.075,47.951121384416645,11.825975073104322,15.473913234601795,2.9173297774415436,0.00206038399374373,0.005493051205389417,0.0041854444798429535,0.9742133503098772,1.1525068234969855,78.46271321059103,1.0762201815686268,1.19863222770296,0.0990024011767786
True,resolved_oscillation,1.0,11.33892743311284,9.061904761904762,0.0008974383224697494,0.9871491204456703,3.605539908943604,0.007533017288317821,3.0833333333333335,10.618788890942058,0.8534454691537529,0,RBS0p8_mRNA2min,0.8,2.0,11.154285714285711,47.951121384416645,11.825975073104322,15.473913234601795,2.9173297774415436,0.00206038399374373,0.005493051205389417,0.0041854444798429535,0.9742133503098772,1.1525068234969855,78.46271321059103,1.0762201815686268,1.19863222770296,0.0990024011767786
True,resolved_oscillation,1.0,12.643827647433238,10.104761904761906,0.00080481862754945,0.9917021905236003,3.6735456220977505,0.007377287767917497,3.283333333333333,11.528406070472617,0.8530245513893341,0,RBS0p8_mRNA3min,0.8,3.0,12.476666666666668,47.951121384416645,11.825975073104322,15.473913234601795,2.9173297774415436,0.00206038399374373,0.005493051205389417,0.0041854444798429535,0.9742133503098772,1.1525068234969855,78.46271321059103,1.0762201815686268,1.19863222770296,0.0990024011767786
True,resolved_oscillation,1.0,13.385157944229414,10.697222222222223,0.0006360658901020976,0.993196839229249,3.664926791223588,0.007391098048385091,3.35,11.719027267040076,0.8521594265961466,0,RBS0p8_mRNA4min,0.8,4.0,13.19,47.951121384416645,11.825975073104322,15.473913234601795,2.9173297774415436,0.00206038399374373,0.005493051205389417,0.0041854444798429535,0.9742133503098772,1.1525068234969855,78.46271321059103,1.0762201815686268,1.19863222770296,0.0990024011767786
True,resolved_oscillation,1.0,9.484194835234309,7.57962962962963,0.0009696132339596594,0.9740097819802205,3.376621366479055,0.008156895278562394,2.7,8.782250731959333,0.8527528086810878,0,RBS1_mRNA1min,1.0,1.0,9.253333333333334,47.951121384416645,11.825975073104322,15.473913234601795,2.9173297774415436,0.00206038399374373,0.005493051205389417,0.0041854444798429535,0.9742133503098772,1.1525068234969855,78.46271321059103,1.0762201815686268,1.19863222770296,0.0990024011767786
True,resolved_oscillation,1.0,10.966524403911816,8.764285714285714,0.0007187588457116518,0.9856404678440039,3.5570794057276074,0.007642083804481251,2.9833333333333334,10.153219056982891,0.8534956123271739,0,RBS1_mRNA1p5min,1.0,1.5,10.794285714285714,47.951121384416645,11.825975073104322,15.473913234601795,2.9173297774415436,0.00206038399374373,0.005493051205389417,0.0041854444798429535,0.9742133503098772,1.1525068234969855,78.46271321059103,1.0762201815686268,1.19863222770296,0.0990024011767786
True,resolved_oscillation,1.0,11.910938485965618,9.519047619047619,0.0006617687121222087,0.9897671774982921,3.623238180097004,0.007484803603700402,3.1416666666666666,10.868781534751653,0.8534045178388466,0,RBS1_mRNA2min,1.0,2.0,11.762857142857142,47.951121384416645,11.825975073104322,15.473913234601795,2.9173297774415436,0.00206038399374373,0.005493051205389417,0.0041854444798429535,0.9742133503098772,1.1525068234969855,78.46271321059103,1.0762201815686268,1.19863222770296,0.0990024011767786
True,resolved_oscillation,1.0,12.992396882765398,10.383333333333333,0.0,0.9926576834334935,3.633235762408301,0.00745623984960628,3.25,11.280172017943032,0.8525081017004494,0,RBS1_mRNA3min,1.0,3.0,12.836666666666668,47.951121384416645,11.825975073104322,15.473913234601795,2.9173297774415436,0.00206038399374373,0.005493051205389417,0.0041854444798429535,0.9742133503098772,1.1525068234969855,78.46271321059103,1.0762201815686268,1.19863222770296,0.0990024011767786
True,resolved_oscillation,1.0,13.503333838829205,10.791666666666666,0.0008459035637145422,0.9933126571994022,3.572894053867995,0.007580317709482967,3.216666666666667,10.995797965192802,0.8511631068665041,0,RBS1_mRNA4min,1.0,4.0,13.29,47.951121384416645,11.825975073104322,15.473913234601795,2.9173297774415436,0.00206038399374373,0.005493051205389417,0.0041854444798429535,0.9742133503098772,1.1525068234969855,78.46271321059103,1.0762201815686268,1.19863222770296,0.0990024011767786
True,resolved_oscillation,1.0,10.080577597442575,8.05625,0.0010706990835412788,0.9800693674166722,3.450981338788029,0.007914958889458052,2.8,9.277059226495924,0.8532732562157948,0,RBS1p2_mRNA1min,1.2,1.0,9.89,47.951121384416645,11.825975073104322,15.473913234601795,2.9173297774415436,0.00206038399374373,0.005493051205389417,0.0041854444798429535,0.9742133503098772,1.1525068234969855,78.46271321059103,1.0762201815686268,1.19863222770296,0.0990024011767786
True,resolved_oscillation,1.0,11.464054850924386,9.161904761904761,0.000887642997744248,0.9882657450522867,3.5830071520846603,0.007573757431009246,3.05,10.429367821389583,0.8535514827987567,0,RBS1p2_mRNA1p5min,1.2,1.5,11.325714285714287,47.951121384416645,11.825975073104322,15.473913234601795,2.9173297774415436,0.00206038399374373,0.005493051205389417,0.0041854444798429535,0.9742133503098772,1.1525068234969855,78.46271321059103,1.0762201815686268,1.19863222770296,0.0990024011767786
True,resolved_oscillation,1.0,12.301216860568294,9.83095238095238,0.0006407729016867499,0.9911750051505748,3.6158910286166237,0.007495287282386221,3.15,10.898733463262015,0.8531974469931753,0,RBS1p2_mRNA2min,1.2,2.0,12.174285714285713,47.951121384416645,11.825975073104322,15.473913234601795,2.9173297774415436,0.00206038399374373,0.005493051205389417,0.0041854444798429535,0.9742133503098772,1.1525068234969855,78.46271321059103,1.0762201815686268,1.19863222770296,0.0990024011767786
True,resolved_oscillation,1.0,13.148806155029828,10.508333333333333,0.0008687114314118416,0.9929605697020131,3.569658413574319,0.007587745720581374,3.1666666666666665,10.815724460519197,0.8518399814863569,0,RBS1p2_mRNA3min,1.2,3.0,12.986666666666668,47.951121384416645,11.825975073104322,15.473913234601795,2.9173297774415436,0.00206038399374373,0.005493051205389417,0.0041854444798429535,0.9742133503098772,1.1525068234969855,78.46271321059103,1.0762201815686268,1.19863222770296,0.0990024011767786
True,resolved_oscillation,1.0,13.440770129923433,10.741666666666667,0.0008498410512104981,0.9928901017055848,3.4545232468231934,0.007839609202881742,3.05,10.115598546326702,0.8499340198845073,0,RBS1p2_mRNA4min,1.2,4.0,13.183333333333332,47.951121384416645,11.825975073104322,15.473913234601795,2.9173297774415436,0.00206038399374373,0.005493051205389417,0.0041854444798429535,0.9742133503098772,1.1525068234969855,78.46271321059103,1.0762201815686268,1.19863222770296,0.0990024011767786
True,resolved_oscillation,1.0,10.560232699053497,8.439583333333333,0.0010220669849553506,0.9837402475281224,3.4980283816731137,0.007780431585389523,2.875,9.638496760773592,0.8535353903760141,0,RBS1p4_mRNA1min,1.4,1.0,10.402857142857142,47.951121384416645,11.825975073104322,15.473913234601795,2.9173297774415436,0.00206038399374373,0.005493051205389417,0.0041854444798429535,0.9742133503098772,1.1525068234969855,78.46271321059103,1.0762201815686268,1.19863222770296,0.0990024011767786
True,resolved_oscillation,1.0,11.841919791220361,9.46388888888889,0.000718957952093683,0.9898595068661856,3.5896105622712864,0.0075536896954420734,3.0833333333333335,10.554951644806298,0.8534746318293853,0,RBS1p4_mRNA1p5min,1.4,1.5,11.722857142857142,47.951121384416645,11.825975073104322,15.473913234601795,2.9173297774415436,0.00206038399374373,0.005493051205389417,0.0041854444798429535,0.9742133503098772,1.1525068234969855,78.46271321059103,1.0762201815686268,1.19863222770296,0.0990024011767786
True,resolved_oscillation,1.0,12.557430144658598,10.035714285714285,0.00062769900618377,0.9919567394345916,3.591697385700109,0.0075434212095744635,3.1333333333333333,10.771481047591058,0.852889555447477,0,RBS1p4_mRNA2min,1.4,2.0,12.446666666666667,47.951121384416645,11.825975073104322,15.473913234601795,2.9173297774415436,0.00206038399374373,0.005493051205389417,0.0041854444798429535,0.9742133503098772,1.1525068234969855,78.46271321059103,1.0762201815686268,1.19863222770296,0.0990024011767786
True,resolved_oscillation,1.0,13.17313648627096,10.527777777777777,0.0008175162736057871,0.9928661120937485,3.4879101921368134,0.00776493392596941,3.05,10.221886398001214,0.851034188624647,0,RBS1p4_mRNA3min,1.4,3.0,12.99,47.951121384416645,11.825975073104322,15.473913234601795,2.9173297774415436,0.00206038399374373,0.005493051205389417,0.0041854444798429535,0.9742133503098772,1.1525068234969855,78.46271321059103,1.0762201815686268,1.19863222770296,0.0990024011767786
True,resolved_oscillation,1.0,13.26698204962962,10.602777777777778,0.0006417316590996013,0.9920544535587869,3.314963245646464,0.008169620369556863,2.8666666666666667,9.181556953148391,0.8484547757468196,0,RBS1p4_mRNA4min,1.4,4.0,12.96,47.951121384416645,11.825975073104322,15.473913234601795,2.9173297774415436,0.00206038399374373,0.005493051205389417,0.0041854444798429535,0.9742133503098772,1.1525068234969855,78.46271321059103,1.0762201815686268,1.19863222770296,0.0990024011767786
True,resolved_oscillation,1.0,6.484861982956805,5.881944444444445,0.0008179696848023034,0.8277242373479102,1.8179295186367335,0.014360255454441733,2.45,4.481471151934685,0.9440825530197513,1,RBS0p6_mRNA1min,0.6,1.0,7.42,54.42161569424066,9.42957398705266,14.808351021464013,3.1590755023078696,0.005764155842700739,0.0018821203937628883,0.001179207404535295,0.904801048257755,0.8340517770780351,87.70769952500552,0.9438408926172762,1.0500091431828231,0.06413849233293585
True,resolved_oscillation,1.0,8.056439318299113,7.307407407407408,0.001202082232704655,0.9403024689839407,2.1753249827372625,0.0032301266040606186,2.775,5.806094028506719,0.9408066922219614,1,RBS0p6_mRNA1p5min,0.6,1.5,9.077777777777778,54.42161569424066,9.42957398705266,14.808351021464013,3.1590755023078696,0.005764155842700739,0.0018821203937628883,0.001179207404535295,0.904801048257755,0.8340517770780351,87.70769952500552,0.9438408926172762,1.0500091431828231,0.06413849233293585
True,resolved_oscillation,1.0,9.329276230364036,8.461904761904762,0.0009610721033539297,0.9670435408091295,2.340714645745421,0.0025560149319668354,3.1,6.902575987683554,0.9394976813812199,1,RBS0p6_mRNA2min,0.6,2.0,10.248571428571427,54.42161569424066,9.42957398705266,14.808351021464013,3.1590755023078696,0.005764155842700739,0.0018821203937628883,0.001179207404535295,0.904801048257755,0.8340517770780351,87.70769952500552,0.9438408926172762,1.0500091431828231,0.06413849233293585
True,resolved_oscillation,1.0,11.135281308161012,10.1,0.0,0.9837117720333617,2.485957311011481,0.0023072982987165144,3.6,8.445622650886015,0.9381908508344801,1,RBS0p6_mRNA3min,0.6,3.0,11.794285714285714,54.42161569424066,9.42957398705266,14.808351021464013,3.1590755023078696,0.005764155842700739,0.0018821203937628883,0.001179207404535295,0.904801048257755,0.8340517770780351,87.70769952500552,0.9438408926172762,1.0500091431828231,0.06413849233293585
True,resolved_oscillation,1.0,12.400097364341018,11.247222222222224,0.000604961655416937,0.9893954585744013,2.542161825489271,0.0022433149680954867,3.966666666666667,9.466892569897027,0.9373446176498054,1,RBS0p6_mRNA4min,0.6,4.0,12.76,54.42161569424066,9.42957398705266,14.808351021464013,3.1590755023078696,0.005764155842700739,0.0018821203937628883,0.001179207404535295,0.904801048257755,0.8340517770780351,87.70769952500552,0.9438408926172762,1.0500091431828231,0.06413849233293585
True,resolved_oscillation,1.0,7.441895923770974,6.75,0.0,0.9193554797182852,2.0611052935411585,0.00411523700604914,2.6083333333333334,5.222858967350364,0.9414709764590612,1,RBS0p8_mRNA1min,0.8,1.0,8.448,54.42161569424066,9.42957398705266,14.808351021464013,3.1590755023078696,0.005764155842700739,0.0018821203937628883,0.001179207404535295,0.904801048257755,0.8340517770780351,87.70769952500552,0.9438408926172762,1.0500091431828231,0.06413849233293585
True,resolved_oscillation,1.0,9.187525831816018,8.333333333333334,0.0,0.966202651395007,2.3174344274671097,0.002584886490521469,3.05,6.703846386689196,0.9393704243326986,1,RBS0p8_mRNA1p5min,0.8,1.5,10.075,54.42161569424066,9.42957398705266,14.808351021464013,3.1590755023078696,0.005764155842700739,0.0018821203937628883,0.001179207404535295,0.904801048257755,0.8340517770780351,87.70769952500552,0.9438408926172762,1.0500091431828231,0.06413849233293585
True,resolved_oscillation,1.0,10.452779389226109,9.480952380952381,0.0006644277526530864,0.9797642449876248,2.4324790426688936,0.002371574216683347,3.3833333333333333,7.779734630099281,0.9383315379945703,1,RBS0p8_mRNA2min,0.8,2.0,11.154285714285711,54.42161569424066,9.42957398705266,14.808351021464013,3.1590755023078696,0.005764155842700739,0.0018821203937628883,0.001179207404535295,0.904801048257755,0.8340517770780351,87.70769952500552,0.9438408926172762,1.0500091431828231,0.06413849233293585
True,resolved_oscillation,1.0,12.201034304651671,11.066666666666666,0.0,0.9891139270768831,2.5247618785518804,0.002258901584486106,3.8666666666666667,9.191678220032555,0.9369964750130426,1,RBS0p8_mRNA3min,0.8,3.0,12.476666666666668,54.42161569424066,9.42957398705266,14.808351021464013,3.1590755023078696,0.005764155842700739,0.0018821203937628883,0.001179207404535295,0.904801048257755,0.8340517770780351,87.70769952500552,0.9438408926172762,1.0500091431828231,0.06413849233293585
True,resolved_oscillation,1.0,13.417462724784112,12.17,0.0006124535682004354,0.9925432029575024,2.552371798451738,0.002230428769484482,4.2,10.082579235180647,0.9357819166447819,1,RBS0p8_mRNA4min,0.8,4.0,13.19,54.42161569424066,9.42957398705266,14.808351021464013,3.1590755023078696,0.005764155842700739,0.0018821203937628883,0.001179207404535295,0.904801048257755,0.8340517770780351,87.70769952500552,0.9438408926172762,1.0500091431828231,0.06413849233293585
True,resolved_oscillation,1.0,8.307565024368749,7.535185185185185,0.000737281887441632,0.950504176930267,2.2010683709648893,0.002939320235606595,2.8,5.9070829279693955,0.9401335844355831,1,RBS1_mRNA1min,1.0,1.0,9.253333333333334,54.42161569424066,9.42957398705266,14.808351021464013,3.1590755023078696,0.005764155842700739,0.0018821203937628883,0.001179207404535295,0.904801048257755,0.8340517770780351,87.70769952500552,0.9438408926172762,1.0500091431828231,0.06413849233293585
True,resolved_oscillation,1.0,10.076418956044217,9.139583333333333,0.0009437869514597961,0.9770662377726013,2.397260060317068,0.002418115065199819,3.2666666666666666,7.405120960287939,0.938417503770052,1,RBS1_mRNA1p5min,1.0,1.5,10.794285714285714,54.42161569424066,9.42957398705266,14.808351021464013,3.1590755023078696,0.005764155842700739,0.0018821203937628883,0.001179207404535295,0.904801048257755,0.8340517770780351,87.70769952500552,0.9438408926172762,1.0500091431828231,0.06413849233293585
True,resolved_oscillation,1.0,11.312906807576121,10.261111111111111,0.00083876195911368,0.9855689532985835,2.479808718273079,0.002306651589992707,3.6,8.419483700957592,0.9374212401485308,1,RBS1_mRNA2min,1.0,2.0,11.762857142857142,54.42161569424066,9.42957398705266,14.808351021464013,3.1590755023078696,0.005764155842700739,0.0018821203937628883,0.001179207404535295,0.904801048257755,0.8340517770780351,87.70769952500552,0.9438408926172762,1.0500091431828231,0.06413849233293585
True,resolved_oscillation,1.0,13.005861567518753,11.796666666666665,0.0006318361055382284,0.9917773655153903,2.537499666864781,0.0022440968348679652,4.066666666666666,9.697581186272343,0.9357511074106929,1,RBS1_mRNA3min,1.0,3.0,12.836666666666668,54.42161569424066,9.42957398705266,14.808351021464013,3.1590755023078696,0.005764155842700739,0.0018821203937628883,0.001179207404535295,0.904801048257755,0.8340517770780351,87.70769952500552,0.9438408926172762,1.0500091431828231,0.06413849233293585
True,resolved_oscillation,1.0,14.178189863658478,12.860000000000001,0.0007098529775857519,0.99415590583702,2.5441877695778814,0.0022364592000176276,4.383333333333334,10.466131480810686,0.9338964648597364,1,RBS1_mRNA4min,1.0,4.0,13.29,54.42161569424066,9.42957398705266,14.808351021464013,3.1590755023078696,0.005764155842700739,0.0018821203937628883,0.001179207404535295,0.904801048257755,0.8340517770780351,87.70769952500552,0.9438408926172762,1.0500091431828231,0.06413849233293585
True,resolved_oscillation,1.0,9.04511918142287,8.204166666666667,0.0009403962415160502,0.9652852581851565,2.29210488636698,0.002617079238306399,2.9833333333333334,6.497928803990512,0.9392164272688236,1,RBS1p2_mRNA1min,1.2,1.0,9.89,54.42161569424066,9.42957398705266,14.808351021464013,3.1590755023078696,0.005764155842700739,0.0018821203937628883,0.001179207404535295,0.904801048257755,0.8340517770780351,87.70769952500552,0.9438408926172762,1.0500091431828231,0.06413849233293585
True,resolved_oscillation,1.0,10.788780333932522,9.785714285714285,0.0006437351121811656,0.9828232002015248,2.445314434423158,0.002346559743739985,3.45,7.9545411044979915,0.9376613945235991,1,RBS1p2_mRNA1p5min,1.2,1.5,11.325714285714287,54.42161569424066,9.42957398705266,14.808351021464013,3.1590755023078696,0.005764155842700739,0.0018821203937628883,0.001179207404535295,0.904801048257755,0.8340517770780351,87.70769952500552,0.9438408926172762,1.0500091431828231,0.06413849233293585
True,resolved_oscillation,1.0,11.992783719130507,10.877777777777776,0.0007912121238421691,0.9888003763950896,2.505081280054901,0.0022767939396231033,3.783333333333333,8.900673127618237,0.9365655521764756,1,RBS1p2_mRNA2min,1.2,2.0,12.174285714285713,54.42161569424066,9.42957398705266,14.808351021464013,3.1590755023078696,0.005764155842700739,0.0018821203937628883,0.001179207404535295,0.904801048257755,0.8340517770780351,87.70769952500552,0.9438408926172762,1.0500091431828231,0.06413849233293585
True,resolved_oscillation,1.0,13.641638355080422,12.373333333333333,0.0007377728414670881,0.993332234742524,2.536895246769249,0.0022433372092759995,4.216666666666667,10.051030138985206,0.9343262271900415,1,RBS1p2_mRNA3min,1.2,3.0,12.986666666666668,54.42161569424066,9.42957398705266,14.808351021464013,3.1590755023078696,0.005764155842700739,0.0018821203937628883,0.001179207404535295,0.904801048257755,0.8340517770780351,87.70769952500552,0.9438408926172762,1.0500091431828231,0.06413849233293585
True,resolved_oscillation,1.0,14.78272906339197,13.408333333333333,0.0007176510493345254,0.9951220140033632,2.525905617549657,0.002252188558257707,4.508333333333334,10.700930845802933,0.9315621565656198,1,RBS1p2_mRNA4min,1.2,4.0,13.183333333333332,54.42161569424066,9.42957398705266,14.808351021464013,3.1590755023078696,0.005764155842700739,0.0018821203937628883,0.001179207404535295,0.904801048257755,0.8340517770780351,87.70769952500552,0.9438408926172762,1.0500091431828231,0.06413849233293585
True,resolved_oscillation,1.0,9.667902182450968,8.769047619047619,0.0007183685340930194,0.9736405296969138,2.354232979183127,0.0024803107188968608,3.1333333333333333,6.997384421211077,0.9385185818680013,1,RBS1p4_mRNA1min,1.4,1.0,10.402857142857142,54.42161569424066,9.42957398705266,14.808351021464013,3.1590755023078696,0.005764155842700739,0.0018821203937628883,0.001179207404535295,0.904801048257755,0.8340517770780351,87.70769952500552,0.9438408926172762,1.0500091431828231,0.06413849233293585
True,resolved_oscillation,1.0,11.383344505620045,10.325,0.0008841364931479679,0.9863154759661539,2.475329930869976,0.0023086767451221987,3.6,8.392724152067156,0.9369792383341617,1,RBS1p4_mRNA1p5min,1.4,1.5,11.722857142857142,54.42161569424066,9.42957398705266,14.808351021464013,3.1590755023078696,0.005764155842700739,0.0018821203937628883,0.001179207404535295,0.904801048257755,0.8340517770780351,87.70769952500552,0.9438408926172762,1.0500091431828231,0.06413849233293585
True,resolved_oscillation,1.0,12.559347812092495,11.391666666666667,0.0008013497549453783,0.9908259640013892,2.517835439007608,0.0022624739914939612,3.9166666666666665,9.271650525712362,0.9356784977441086,1,RBS1p4_mRNA2min,1.4,2.0,12.446666666666667,54.42161569424066,9.42957398705266,14.808351021464013,3.1590755023078696,0.005764155842700739,0.0018821203937628883,0.001179207404535295,0.904801048257755,0.8340517770780351,87.70769952500552,0.9438408926172762,1.0500091431828231,0.06413849233293585
True,resolved_oscillation,1.0,14.167164832660298,12.85,0.0,0.9943399792054444,2.5282821364213746,0.002250386547971191,4.35,10.299082873170079,0.9326508814424445,1,RBS1p4_mRNA3min,1.4,3.0,12.99,54.42161569424066,9.42957398705266,14.808351021464013,3.1590755023078696,0.005764155842700739,0.0018821203937628883,0.001179207404535295,0.904801048257755,0.8340517770780351,87.70769952500552,0.9438408926172762,1.0500091431828231,0.06413849233293585
True,resolved_oscillation,1.0,15.274261695394129,13.854166666666666,0.0006015037593984962,0.9957600763738197,2.501019094259215,0.0022743722119208886,4.6,10.830304676594903,0.928687508140737,1,RBS1p4_mRNA4min,1.4,4.0,12.96,54.42161569424066,9.42957398705266,14.808351021464013,3.1590755023078696,0.005764155842700739,0.0018821203937628883,0.001179207404535295,0.904801048257755,0.8340517770780351,87.70769952500552,0.9438408926172762,1.0500091431828231,0.06413849233293585
True,resolved_oscillation,1.0,9.204432548061774,7.73125,0.0007621738412142792,0.9692435931655308,2.3284480459765535,0.0022768916466558283,3.1083333333333334,6.8184244715492035,0.7474992862310176,2,RBS0p6_mRNA1min,0.6,1.0,7.42,50.39691448417215,11.61752278309906,11.327424093053958,3.091721590037859,0.01614393766005514,0.0012820978345838357,0.001873199232132463,1.0463040751368502,1.1360635279587927,70.02685098024425,0.9016147838205594,1.1436372034136517,0.19460061940870343
True,resolved_oscillation,1.0,10.997697094612208,9.2375,0.0008352008117027979,0.9842823419781267,2.4919398653936717,0.002014894553258711,3.566666666666667,8.321750255081527,0.7609373195217445,2,RBS0p6_mRNA1p5min,0.6,1.5,9.077777777777778,50.39691448417215,11.61752278309906,11.327424093053958,3.091721590037859,0.01614393766005514,0.0012820978345838357,0.001873199232132463,1.0463040751368502,1.1360635279587927,70.02685098024425,0.9016147838205594,1.1436372034136517,0.19460061940870343
True,resolved_oscillation,1.0,12.242813003835332,10.283333333333333,0.0,0.9892755484258755,2.5422777932038443,0.0019601748714741895,3.8833333333333333,9.253637639267449,0.7683286578274885,2,RBS0p6_mRNA2min,0.6,2.0,10.248571428571427,50.39691448417215,11.61752278309906,11.327424093053958,3.091721590037859,0.01614393766005514,0.0012820978345838357,0.001873199232132463,1.0463040751368502,1.1360635279587927,70.02685098024425,0.9016147838205594,1.1436372034136517,0.19460061940870343
True,resolved_oscillation,1.0,13.94529818329898,11.713333333333333,0.000636331240039781,0.9930064026669447,2.5357180088530598,0.0019597553901904157,4.333333333333333,10.26366334978541,0.7777274567654953,2,RBS0p6_mRNA3min,0.6,3.0,11.794285714285714,50.39691448417215,11.61752278309906,11.327424093053958,3.091721590037859,0.01614393766005514,0.0012820978345838357,0.001873199232132463,1.0463040751368502,1.1360635279587927,70.02685098024425,0.9016147838205594,1.1436372034136517,0.19460061940870343
True,resolved_oscillation,1.0,15.123941769081508,12.703333333333335,0.0005867404821568591,0.9944523256562763,2.476177869625302,0.002005809474062862,4.616666666666666,10.690343866888023,0.7848393762788113,2,RBS0p6_mRNA4min,0.6,4.0,12.76,50.39691448417215,11.61752278309906,11.327424093053958,3.091721590037859,0.01614393766005514,0.0012820978345838357,0.001873199232132463,1.0463040751368502,1.1360635279587927,70.02685098024425,0.9016147838205594,1.1436372034136517,0.19460061940870343
True,resolved_oscillation,1.0,10.354942325309208,8.697619047619048,0.0007242680840581961,0.9808647151369417,2.436746121594224,0.0020758527379888462,3.375,7.719148759307125,0.7560464465520744,2,RBS0p8_mRNA1min,0.8,1.0,8.448,50.39691448417215,11.61752278309906,11.327424093053958,3.091721590037859,0.01614393766005514,0.0012820978345838357,0.001873199232132463,1.0463040751368502,1.1360635279587927,70.02685098024425,0.9016147838205594,1.1436372034136517,0.19460061940870343
True,resolved_oscillation,1.0,12.084073126962265,10.15,0.0,0.9890789635884945,2.5253390853372775,0.001973476063130784,3.816666666666667,9.035828851288567,0.7670715484228495,2,RBS0p8_mRNA1p5min,0.8,1.5,10.075,50.39691448417215,11.61752278309906,11.327424093053958,3.091721590037859,0.01614393766005514,0.0012820978345838357,0.001873199232132463,1.0463040751368502,1.1360635279587927,70.02685098024425,0.9016147838205594,1.1436372034136517,0.19460061940870343
True,resolved_oscillation,1.0,13.264700961205705,11.141666666666667,0.0008193306768962843,0.9920399434868948,2.5309595969394225,0.0019643469467836073,4.116666666666666,9.765485902440536,0.773783130849166,2,RBS0p8_mRNA2min,0.8,2.0,11.154285714285711,50.39691448417215,11.61752278309906,11.327424093053958,3.091721590037859,0.01614393766005514,0.0012820978345838357,0.001873199232132463,1.0463040751368502,1.1360635279587927,70.02685098024425,0.9016147838205594,1.1436372034136517,0.19460061940870343
True,resolved_oscillation,1.0,14.869957966084598,12.49,0.0007308814484990209,0.994350613101525,2.4611172922885634,0.002018097548210129,4.516666666666667,10.38974594950441,0.7834777650872495,2,RBS0p8_mRNA3min,0.8,3.0,12.476666666666668,50.39691448417215,11.61752278309906,11.327424093053958,3.091721590037859,0.01614393766005514,0.0012820978345838357,0.001873199232132463,1.0463040751368502,1.1360635279587927,70.02685098024425,0.9016147838205594,1.1436372034136517,0.19460061940870343
True,resolved_oscillation,1.0,15.94343638343872,13.391666666666667,0.0007185442055875864,0.9952239659155776,2.34783403589488,0.0021150294645516142,4.741666666666666,10.432958941461807,0.7917396656570219,2,RBS0p8_mRNA4min,0.8,4.0,13.19,50.39691448417215,11.61752278309906,11.327424093053958,3.091721590037859,0.01614393766005514,0.0012820978345838357,0.001873199232132463,1.0463040751368502,1.1360635279587927,70.02685098024425,0.9016147838205594,1.1436372034136517,0.19460061940870343
True,resolved_oscillation,1.0,11.22801164811108,9.430952380952382,0.0006679503436164075,0.9860315981716857,2.4863156106424475,0.002012221689697116,3.5833333333333335,8.354062423031898,0.7615860052388063,2,RBS1_mRNA1min,1.0,1.0,9.253333333333334,50.39691448417215,11.61752278309906,11.327424093053958,3.091721590037859,0.01614393766005514,0.0012820978345838357,0.001873199232132463,1.0463040751368502,1.1360635279587927,70.02685098024425,0.9016147838205594,1.1436372034136517,0.19460061940870343
True,resolved_oscillation,1.0,12.894307915168547,10.830555555555556,0.0006282353790159472,0.9914030022065978,2.5231448027377232,0.001971142240961077,4.008333333333334,9.468755254821298,0.7714874380808171,2,RBS1_mRNA1p5min,1.0,1.5,10.794285714285714,50.39691448417215,11.61752278309906,11.327424093053958,3.091721590037859,0.01614393766005514,0.0012820978345838357,0.001873199232132463,1.0463040751368502,1.1360635279587927,70.02685098024425,0.9016147838205594,1.1436372034136517,0.19460061940870343
True,resolved_oscillation,1.0,14.024668121735514,11.78,0.0006327300445670034,0.9934286245429276,2.49416063369223,0.0019919377758690735,4.283333333333333,10.00361176450156,0.7780991554978146,2,RBS1_mRNA2min,1.0,2.0,11.762857142857142,50.39691448417215,11.61752278309906,11.327424093053958,3.091721590037859,0.01614393766005514,0.0012820978345838357,0.001873199232132463,1.0463040751368502,1.1360635279587927,70.02685098024425,0.9016147838205594,1.1436372034136517,0.19460061940870343
True,resolved_oscillation,1.0,15.51682296434235,13.033333333333333,0.0,0.9950064673954748,2.3682043568292572,0.002096906672358412,4.616666666666666,10.24581390405624,0.788600189691696,2,RBS1_mRNA3min,1.0,3.0,12.836666666666668,50.39691448417215,11.61752278309906,11.327424093053958,3.091721590037859,0.01614393766005514,0.0012820978345838357,0.001873199232132463,1.0463040751368502,1.1360635279587927,70.02685098024425,0.9016147838205594,1.1436372034136517,0.19460061940870343
True,resolved_oscillation,1.0,16.47422284673304,13.8375,0.0006022282445046673,0.9955052668650541,2.202289636301897,0.002254632305501463,4.783333333333333,9.895783302832905,0.7982675675697257,2,RBS1_mRNA4min,1.0,4.0,13.29,50.39691448417215,11.61752278309906,11.327424093053958,3.091721590037859,0.01614393766005514,0.0012820978345838357,0.001873199232132463,1.0463040751368502,1.1360635279587927,70.02685098024425,0.9016147838205594,1.1436372034136517,0.19460061940870343
True,resolved_oscillation,1.0,11.92249860943075,10.014285714285714,0.0006290421566962887,0.9888627613708474,2.50662337769006,0.0019883829629918338,3.75,8.807069296312777,0.7656491208286704,2,RBS1p2_mRNA1min,1.2,1.0,9.89,50.39691448417215,11.61752278309906,11.327424093053958,3.091721590037859,0.01614393766005514,0.0012820978345838357,0.001873199232132463,1.0463040751368502,1.1360635279587927,70.02685098024425,0.9016147838205594,1.1436372034136517,0.19460061940870343
True,resolved_oscillation,1.0,13.525960341892628,11.36111111111111,0.0007575517547593971,0.9927409604696362,2.5028727636133232,0.001985555026054859,4.15,9.723282106486954,0.775049528059712,2,RBS1p2_mRNA1p5min,1.2,1.5,11.325714285714287,50.39691448417215,11.61752278309906,11.327424093053958,3.091721590037859,0.01614393766005514,0.0012820978345838357,0.001873199232132463,1.0463040751368502,1.1360635279587927,70.02685098024425,0.9016147838205594,1.1436372034136517,0.19460061940870343
True,resolved_oscillation,1.0,14.604068672322212,12.266666666666667,0.0,0.9942336675001234,2.4436606794019786,0.0020325298973286783,4.4,10.067131722677296,0.7818425704242533,2,RBS1p2_mRNA2min,1.2,2.0,12.174285714285713,50.39691448417215,11.61752278309906,11.327424093053958,3.091721590037859,0.01614393766005514,0.0012820978345838357,0.001873199232132463,1.0463040751368502,1.1360635279587927,70.02685098024425,0.9016147838205594,1.1436372034136517,0.19460061940870343
True,resolved_oscillation,1.0,15.988081973809269,13.429166666666667,0.0006205398696866273,0.9953297352065887,2.263918516351772,0.002193323619889906,4.675,9.923277390310748,0.7933782726085489,2,RBS1p2_mRNA3min,1.2,3.0,12.986666666666668,50.39691448417215,11.61752278309906,11.327424093053958,3.091721590037859,0.01614393766005514,0.0012820978345838357,0.001873199232132463,1.0463040751368502,1.1360635279587927,70.02685098024425,0.9016147838205594,1.1436372034136517,0.19460061940870343
True,resolved_oscillation,1.0,16.796663221631455,14.108333333333333,0.0006820440273947143,0.9954997386370125,2.0446964695825187,0.002428300134095843,4.766666666666667,9.17117772438459,0.8046858044451561,2,RBS1p2_mRNA4min,1.2,4.0,13.183333333333332,50.39691448417215,11.61752278309906,11.327424093053958,3.091721590037859,0.01614393766005514,0.0012820978345838357,0.001873199232132463,1.0463040751368502,1.1360635279587927,70.02685098024425,0.9016147838205594,1.1436372034136517,0.19460061940870343
True,resolved_oscillation,1.0,12.4908440614495,10.491666666666667,0.0008700914336857285,0.9906179814842144,2.510308133397207,0.0019822255636268164,3.8833333333333333,9.132664283060617,0.7688748343925984,2,RBS1p4_mRNA1min,1.4,1.0,10.402857142857142,50.39691448417215,11.61752278309906,11.327424093053958,3.091721590037859,0.01614393766005514,0.0012820978345838357,0.001873199232132463,1.0463040751368502,1.1360635279587927,70.02685098024425,0.9016147838205594,1.1436372034136517,0.19460061940870343
True,resolved_oscillation,1.0,14.040542109422821,11.793333333333333,0.0007740567517031744,0.9935924966679257,2.471892259778263,0.0020097116206196043,4.258333333333334,9.854818465838035,0.7781262840072604,2,RBS1p4_mRNA1p5min,1.4,1.5,11.722857142857142,50.39691448417215,11.61752278309906,11.327424093053958,3.091721590037859,0.01614393766005514,0.0012820978345838357,0.001873199232132463,1.0463040751368502,1.1360635279587927,70.02685098024425,0.9016147838205594,1.1436372034136517,0.19460061940870343
True,resolved_oscillation,1.0,15.064414315254108,12.653333333333334,0.0005890590035563197,0.99473360383978,2.384475589503753,0.002082692378330858,4.483333333333333,10.008261591808994,0.7852429237585984,2,RBS1p4_mRNA2min,1.4,2.0,12.446666666666667,50.39691448417215,11.61752278309906,11.327424093053958,3.091721590037859,0.01614393766005514,0.0012820978345838357,0.001873199232132463,1.0463040751368502,1.1360635279587927,70.02685098024425,0.9016147838205594,1.1436372034136517,0.19460061940870343
True,resolved_oscillation,1.0,16.320443591012253,13.708333333333334,0.0007019456160360191,0.9954492966398087,2.151437571396545,0.002307887541023669,4.7,9.472347273445054,0.7979490514596461,2,RBS1p4_mRNA3min,1.4,3.0,12.99,50.39691448417215,11.61752278309906,11.327424093053958,3.091721590037859,0.01614393766005514,0.0012820978345838357,0.001873199232132463,1.0463040751368502,1.1360635279587927,70.02685098024425,0.9016147838205594,1.1436372034136517,0.19460061940870343
True,resolved_oscillation,1.0,16.96532434080909,14.25,0.0,0.9952694588577461,1.8775466565689045,0.0026443954424838355,4.7,8.316548161834563,0.811259497199059,2,RBS1p4_mRNA4min,1.4,4.0,12.96,50.39691448417215,11.61752278309906,11.327424093053958,3.091721590037859,0.01614393766005514,0.0012820978345838357,0.001873199232132463,1.0463040751368502,1.1360635279587927,70.02685098024425,0.9016147838205594,1.1436372034136517,0.19460061940870343
True,resolved_oscillation,1.0,6.627289747758411,5.357692307692307,0.0016141107397980425,0.8663757122111948,1.2153412089138875,0.017554048217644662,2.2333333333333334,2.737787888703438,0.9138304954437422,3,RBS0p6_mRNA1min,0.6,1.0,7.42,48.50573170884348,8.202879948981172,12.935010937324744,2.6280375553620425,0.001279787991892614,0.0019402657792229135,0.0012937816025769518,1.034458401594418,1.0082444593807254,73.52755361815119,1.00538898555249,0.8146746708583233,0.13642454963220174
True,resolved_oscillation,1.0,8.075896578132719,6.528787878787879,0.001192409615100035,0.9499238065296335,1.4341746382712264,0.004465306188212926,2.45,3.403594948303936,0.9100428725214166,3,RBS0p6_mRNA1p5min,0.6,1.5,9.077777777777778,48.50573170884348,8.202879948981172,12.935010937324744,2.6280375553620425,0.001279787991892614,0.0019402657792229135,0.0012937816025769518,1.034458401594418,1.0082444593807254,73.52755361815119,1.00538898555249,0.8146746708583233,0.13642454963220174
True,resolved_oscillation,1.0,9.254347333287383,7.481481481481482,0.0007425742574257426,0.971881206747508,1.5482998546028268,0.003151577889658387,2.683333333333333,3.981911520914205,0.9077505686350243,3,RBS0p6_mRNA2min,0.6,2.0,10.248571428571427,48.50573170884348,8.202879948981172,12.935010937324744,2.6280375553620425,0.001279787991892614,0.0019402657792229135,0.0012937816025769518,1.034458401594418,1.0082444593807254,73.52755361815119,1.00538898555249,0.8146746708583233,0.13642454963220174
True,resolved_oscillation,1.0,10.976611478092599,8.873809523809523,0.0010039327573850125,0.9862713624424443,1.6657276936272238,0.0026227390490152647,3.075,4.858253733161583,0.9045341192053121,3,RBS0p6_mRNA3min,0.6,3.0,11.794285714285714,48.50573170884348,8.202879948981172,12.935010937324744,2.6280375553620425,0.001279787991892614,0.0019402657792229135,0.0012937816025769518,1.034458401594418,1.0082444593807254,73.52755361815119,1.00538898555249,0.8146746708583233,0.13642454963220174
True,resolved_oscillation,1.0,12.210633535865822,9.871428571428572,0.0008238423191799002,0.9913241227162702,1.7230398393681787,0.0024811887038036877,3.3666666666666667,5.482396795982107,0.9021106172961784,3,RBS0p6_mRNA4min,0.6,4.0,12.76,48.50573170884348,8.202879948981172,12.935010937324744,2.6280375553620425,0.001279787991892614,0.0019402657792229135,0.0012937816025769518,1.034458401594418,1.0082444593807254,73.52755361815119,1.00538898555249,0.8146746708583233,0.13642454963220174
True,resolved_oscillation,1.0,7.457412969224898,6.028787878787879,0.0012913025964981278,0.9320186091311216,1.351683228892612,0.0060597588587893575,2.316666666666667,3.058825254145079,0.9115228541941219,3,RBS0p8_mRNA1min,0.8,1.0,8.448,48.50573170884348,8.202879948981172,12.935010937324744,2.6280375553620425,0.001279787991892614,0.0019402657792229135,0.0012937816025769518,1.034458401594418,1.0082444593807254,73.52755361815119,1.00538898555249,0.8146746708583233,0.13642454963220174
True,resolved_oscillation,1.0,9.055058170417086,7.32037037037037,0.001003953191651122,0.9705281171417719,1.5226771539763475,0.0032252527250403464,2.6166666666666667,3.8128025635000324,0.908173086949507,3,RBS0p8_mRNA1p5min,0.8,1.5,10.075,48.50573170884348,8.202879948981172,12.935010937324744,2.6280375553620425,0.001279787991892614,0.0019402657792229135,0.0012937816025769518,1.034458401594418,1.0082444593807254,73.52755361815119,1.00538898555249,0.8146746708583233,0.13642454963220174
True,resolved_oscillation,1.0,10.23848074246154,8.277083333333334,0.00104213273497461,0.9824014317986095,1.612357030059539,0.002763536372767492,2.8666666666666667,4.400703722255618,0.9057762673737257,3,RBS0p8_mRNA2min,0.8,2.0,11.154285714285711,48.50573170884348,8.202879948981172,12.935010937324744,2.6280375553620425,0.001279787991892614,0.0019402657792229135,0.0012937816025769518,1.034458401594418,1.0082444593807254,73.52755361815119,1.00538898555249,0.8146746708583233,0.13642454963220174
True,resolved_oscillation,1.0,11.916117531624002,9.633333333333333,0.0,0.9908283790559417,1.700829354892597,0.0025151409100108188,3.25,5.229740043240942,0.9021659018228559,3,RBS0p8_mRNA3min,0.8,3.0,12.476666666666668,48.50573170884348,8.202879948981172,12.935010937324744,2.6280375553620425,0.001279787991892614,0.0019402657792229135,0.0012937816025769518,1.034458401594418,1.0082444593807254,73.52755361815119,1.00538898555249,0.8146746708583233,0.13642454963220174
True,resolved_oscillation,1.0,13.098108428647837,10.58888888888889,0.0008127981838840328,0.9939676011476133,1.7410848915108863,0.0024359038524011814,3.5166666666666666,5.7890466372627545,0.899023938353887,3,RBS0p8_mRNA4min,0.8,4.0,13.19,48.50573170884348,8.202879948981172,12.935010937324744,2.6280375553620425,0.001279787991892614,0.0019402657792229135,0.0012937816025769518,1.034458401594418,1.0082444593807254,73.52755361815119,1.00538898555249,0.8146746708583233,0.13642454963220174
True,resolved_oscillation,1.0,8.201467492668549,6.63030303030303,0.0010168462276639392,0.9566272724866953,1.435501395041917,0.003985569712203397,2.433333333333333,3.363546443891487,0.9100008473032353,3,RBS1_mRNA1min,1.0,1.0,9.253333333333334,48.50573170884348,8.202879948981172,12.935010937324744,2.6280375553620425,0.001279787991892614,0.0019402657792229135,0.0012937816025769518,1.034458401594418,1.0082444593807254,73.52755361815119,1.00538898555249,0.8146746708583233,0.13642454963220174
True,resolved_oscillation,1.0,9.833889381634341,7.95,0.0,0.9797020094829955,1.578245831660367,0.0028681418861387143,2.75,4.146811370171138,0.906545144784144,3,RBS1_mRNA1p5min,1.0,1.5,10.794285714285714,48.50573170884348,8.202879948981172,12.935010937324744,2.6280375553620425,0.001279787991892614,0.0019402657792229135,0.0012937816025769518,1.034458401594418,1.0082444593807254,73.52755361815119,1.00538898555249,0.8146746708583233,0.13642454963220174
True,resolved_oscillation,1.0,10.997227598389527,8.89047619047619,0.0010020507195431015,0.9874012287975888,1.6506334831859426,0.002623957196185945,3.0083333333333333,4.7170608976084365,0.9039838032650825,3,RBS1_mRNA2min,1.0,2.0,11.762857142857142,48.50573170884348,8.202879948981172,12.935010937324744,2.6280375553620425,0.001279787991892614,0.0019402657792229135,0.0012937816025769518,1.034458401594418,1.0082444593807254,73.52755361815119,1.00538898555249,0.8146746708583233,0.13642454963220174
True,resolved_oscillation,1.0,12.620010781761948,10.202380952380953,0.0006174448800617481,0.9931276664398936,1.7185756473038147,0.0024715961446536918,3.3666666666666667,5.483531060608999,0.899697124201134,3,RBS1_mRNA3min,1.0,3.0,12.836666666666668,48.50573170884348,8.202879948981172,12.935010937324744,2.6280375553620425,0.001279787991892614,0.0019402657792229135,0.0012937816025769518,1.034458401594418,1.0082444593807254,73.52755361815119,1.00538898555249,0.8146746708583233,0.13642454963220174
True,resolved_oscillation,1.0,13.747516218001048,11.113888888888889,0.0006122193808505819,0.9953361310421103,1.7458768410685233,0.002422346549464298,3.6333333333333333,5.9748484933408195,0.8954379213621909,3,RBS1_mRNA4min,1.0,4.0,13.29,48.50573170884348,8.202879948981172,12.935010937324744,2.6280375553620425,0.001279787991892614,0.0019402657792229135,0.0012937816025769518,1.034458401594418,1.0082444593807254,73.52755361815119,1.00538898555249,0.8146746708583233,0.13642454963220174
True,resolved_oscillation,1.0,8.842253995352134,7.1483333333333325,0.0007372995244039122,0.968979948497883,1.4942050621614325,0.0033117030211014258,2.533333333333333,3.6357718684411906,0.9086629419884589,3,RBS1p2_mRNA1min,1.2,1.0,9.89,48.50573170884348,8.202879948981172,12.935010937324744,2.6280375553620425,0.001279787991892614,0.0019402657792229135,0.0012937816025769518,1.034458401594418,1.0082444593807254,73.52755361815119,1.00538898555249,0.8146746708583233,0.13642454963220174
True,resolved_oscillation,1.0,10.46525806572774,8.460416666666667,0.0010195501984866105,0.9847232200384034,1.615478645088814,0.0027134717246808777,2.875,4.416800088326839,0.9050688653404034,3,RBS1p2_mRNA1p5min,1.2,1.5,11.325714285714287,48.50573170884348,8.202879948981172,12.935010937324744,2.6280375553620425,0.001279787991892614,0.0019402657792229135,0.0012937816025769518,1.034458401594418,1.0082444593807254,73.52755361815119,1.00538898555249,0.8146746708583233,0.13642454963220174
True,resolved_oscillation,1.0,11.603439707120604,9.380555555555556,0.0007253449045848913,0.9902463721937419,1.6747878973526276,0.0025561674399618953,3.1166666666666667,4.9593128603652605,0.902242916779105,3,RBS1p2_mRNA2min,1.2,2.0,12.174285714285713,48.50573170884348,8.202879948981172,12.935010937324744,2.6280375553620425,0.001279787991892614,0.0019402657792229135,0.0012937816025769518,1.034458401594418,1.0082444593807254,73.52755361815119,1.00538898555249,0.8146746708583233,0.13642454963220174
True,resolved_oscillation,1.0,13.17370086973657,10.65,0.0,0.9944829993364175,1.726651453279142,0.0024524534184967657,3.466666666666667,5.658471157769183,0.8969663253669923,3,RBS1p2_mRNA3min,1.2,3.0,12.986666666666668,48.50573170884348,8.202879948981172,12.935010937324744,2.6280375553620425,0.001279787991892614,0.0019402657792229135,0.0012937816025769518,1.034458401594418,1.0082444593807254,73.52755361815119,1.00538898555249,0.8146746708583233,0.13642454963220174
True,resolved_oscillation,1.0,14.249175145226278,11.519444444444444,0.0005906654793304023,0.9961530312749949,1.7427143492332435,0.002423635859037154,3.7,6.080003045848032,0.8911595112796868,3,RBS1p2_mRNA4min,1.2,4.0,13.183333333333332,48.50573170884348,8.202879948981172,12.935010937324744,2.6280375553620425,0.001279787991892614,0.0019402657792229135,0.0012937816025769518,1.034458401594418,1.0082444593807254,73.52755361815119,1.00538898555249,0.8146746708583233,0.13642454963220174
True,resolved_oscillation,1.0,9.389497455233906,7.590740740740741,0.0011572130983782795,0.9762102591261487,1.5373918502332373,0.0030117862308481195,2.6333333333333333,3.873056409022321,0.9074526280558941,3,RBS1p4_mRNA1min,1.4,1.0,10.402857142857142,48.50573170884348,8.202879948981172,12.935010937324744,2.6280375553620425,0.001279787991892614,0.0019402657792229135,0.0012937816025769518,1.034458401594418,1.0082444593807254,73.52755361815119,1.00538898555249,0.8146746708583233,0.13642454963220174
True,resolved_oscillation,1.0,10.99133727830469,8.885714285714284,0.0007089365785274894,0.9878297019467176,1.6414516422283765,0.002630421883854168,2.966666666666667,4.636269249490997,0.9036695195721013,3,RBS1p4_mRNA1p5min,1.4,1.5,11.722857142857142,48.50573170884348,8.202879948981172,12.935010937324744,2.6280375553620425,0.001279787991892614,0.0019402657792229135,0.0012937816025769518,1.034458401594418,1.0082444593807254,73.52755361815119,1.00538898555249,0.8146746708583233,0.13642454963220174
True,resolved_oscillation,1.0,12.104607774338765,9.785714285714285,0.0006437351121811656,0.9920527572395128,1.6902985210954629,0.002518325844807199,3.216666666666667,5.14700428691775,0.9004646547033063,3,RBS1p4_mRNA2min,1.4,2.0,12.446666666666667,48.50573170884348,8.202879948981172,12.935010937324744,2.6280375553620425,0.001279787991892614,0.0019402657792229135,0.0012937816025769518,1.034458401594418,1.0082444593807254,73.52755361815119,1.00538898555249,0.8146746708583233,0.13642454963220174
True,resolved_oscillation,1.0,13.616947456120506,11.008333333333333,0.0008292544398261409,0.9953625051139242,1.728500686630867,0.002445959562268637,3.5416666666666665,5.7767853888199605,0.8938644156422291,3,RBS1p4_mRNA3min,1.4,3.0,12.99,48.50573170884348,8.202879948981172,12.935010937324744,2.6280375553620425,0.001279787991892614,0.0019402657792229135,0.0012937816025769518,1.034458401594418,1.0082444593807254,73.52755361815119,1.00538898555249,0.8146746708583233,0.13642454963220174
True,resolved_oscillation,1.0,14.641568634877796,11.836666666666668,0.0006297009229793831,0.996684968058771,1.7338962405078366,0.002434311005570536,3.75,6.126686310792752,0.8860388590393878,3,RBS1p4_mRNA4min,1.4,4.0,12.96,48.50573170884348,8.202879948981172,12.935010937324744,2.6280375553620425,0.001279787991892614,0.0019402657792229135,0.0012937816025769518,1.034458401594418,1.0082444593807254,73.52755361815119,1.00538898555249,0.8146746708583233,0.13642454963220174
True,resolved_oscillation,1.0,7.039154868064054,5.421794871794872,0.0014767079684082282,0.9057846955865195,1.965982641944965,0.007621939538047382,2.25,4.328744432004723,0.8652074138212275,4,RBS0p6_mRNA1min,0.6,1.0,7.42,46.21402688319602,10.903245190313724,12.350316422543676,2.756647106401961,0.014539862816985875,0.0015496190725968547,0.0011050627123112633,1.0761003047791662,0.9155319512300705,89.2369049714174,0.9950858920479679,1.0027391856211714,0.13252032808307285
True,resolved_oscillation,1.0,8.657544624086443,6.668333333333334,0.0007903718220865732,0.9633975824920147,2.2619299904997,0.0029092231601711644,2.533333333333333,5.480376732538546,0.8628033034315963,4,RBS0p6_mRNA1p5min,0.6,1.5,9.077777777777778,46.21402688319602,10.903245190313724,12.350316422543676,2.756647106401961,0.014539862816985875,0.0015496190725968547,0.0011050627123112633,1.0761003047791662,0.9155319512300705,89.2369049714174,0.9950858920479679,1.0027391856211714,0.13252032808307285
True,resolved_oscillation,1.0,9.910410991831018,7.633333333333334,0.0,0.9785428095117564,2.3959445409504925,0.002414142192175957,2.816666666666667,6.386325476067438,0.8619563795782065,4,RBS0p6_mRNA2min,0.6,2.0,10.248571428571427,46.21402688319602,10.903245190313724,12.350316422543676,2.756647106401961,0.014539862816985875,0.0015496190725968547,0.0011050627123112633,1.0761003047791662,0.9155319512300705,89.2369049714174,0.9950858920479679,1.0027391856211714,0.13252032808307285
True,resolved_oscillation,1.0,11.687855258924852,9.002380952380951,0.0006997490904693442,0.9884209039198937,2.4937606891888047,0.002215780812726594,3.2333333333333334,7.591871044687271,0.8617930423036175,4,RBS0p6_mRNA3min,0.6,3.0,11.794285714285714,46.21402688319602,10.903245190313724,12.350316422543676,2.756647106401961,0.014539862816985875,0.0015496190725968547,0.0011050627123112633,1.0761003047791662,0.9155319512300705,89.2369049714174,0.9950858920479679,1.0027391856211714,0.13252032808307285
True,resolved_oscillation,1.0,12.933611849601053,9.96190476190476,0.0008163600036615359,0.9918843771509234,2.5059174451305277,0.0021866380104139807,3.533333333333333,8.3079872161855,0.8623304207623711,4,RBS0p6_mRNA4min,0.6,4.0,12.76,46.21402688319602,10.903245190313724,12.350316422543676,2.756647106401961,0.014539862816985875,0.0015496190725968547,0.0011050627123112633,1.0761003047791662,0.9155319512300705,89.2369049714174,0.9950858920479679,1.0027391856211714,0.13252032808307285
True,resolved_oscillation,1.0,8.01409574845565,6.172727272727273,0.0013622422116358966,0.9515136310727748,2.1564284002940663,0.0034792703303213783,2.3833333333333333,4.941901106694863,0.8635032921847985,4,RBS0p8_mRNA1min,0.8,1.0,8.448,46.21402688319602,10.903245190313724,12.350316422543676,2.756647106401961,0.014539862816985875,0.0015496190725968547,0.0011050627123112633,1.0761003047791662,0.9155319512300705,89.2369049714174,0.9950858920479679,1.0027391856211714,0.13252032808307285
True,resolved_oscillation,1.0,9.732494831376021,7.496296296296296,0.000980392037202788,0.977827923850555,2.366713050408625,0.002448698807476043,2.75,6.161495664230548,0.861981051759471,4,RBS0p8_mRNA1p5min,0.8,1.5,10.075,46.21402688319602,10.903245190313724,12.350316422543676,2.756647106401961,0.014539862816985875,0.0015496190725968547,0.0011050627123112633,1.0761003047791662,0.9155319512300705,89.2369049714174,0.9950858920479679,1.0027391856211714,0.13252032808307285
True,resolved_oscillation,1.0,10.965285524258446,8.445833333333333,0.0009134880116157389,0.9859051497376682,2.449003693649796,0.0022734283543891006,3.033333333333333,7.000759695203263,0.8616052918727133,4,RBS0p8_mRNA2min,0.8,2.0,11.154285714285711,46.21402688319602,10.903245190313724,12.350316422543676,2.756647106401961,0.014539862816985875,0.0015496190725968547,0.0011050627123112633,1.0761003047791662,0.9155319512300705,89.2369049714174,0.9950858920479679,1.0027391856211714,0.13252032808307285
True,resolved_oscillation,1.0,12.67085921881327,9.75952380952381,0.0009128220021405078,0.9916290343709494,2.4821069691444477,0.002208012036526056,3.425,7.994959975594524,0.861935840898164,4,RBS0p8_mRNA3min,0.8,3.0,12.476666666666668,46.21402688319602,10.903245190313724,12.350316422543676,2.756647106401961,0.014539862816985875,0.0015496190725968547,0.0011050627123112633,1.0761003047791662,0.9155319512300705,89.2369049714174,0.9950858920479679,1.0027391856211714,0.13252032808307285
True,resolved_oscillation,1.0,13.85221565488462,10.669444444444444,0.0006377218804434205,0.9937712194308543,2.4496242260744867,0.0022301185292188863,3.7,8.488955369742136,0.8626182942393652,4,RBS0p8_mRNA4min,0.8,4.0,13.19,46.21402688319602,10.903245190313724,12.350316422543676,2.756647106401961,0.014539862816985875,0.0015496190725968547,0.0011050627123112633,1.0761003047791662,0.9155319512300705,89.2369049714174,0.9950858920479679,1.0027391856211714,0.13252032808307285
True,resolved_oscillation,1.0,8.847963001222059,6.8149999999999995,0.0007733621081360674,0.9685500140861512,2.2664903176680142,0.002735932476345447,2.55,5.480582156616148,0.8625895933515042,4,RBS1_mRNA1min,1.0,1.0,9.253333333333334,46.21402688319602,10.903245190313724,12.350316422543676,2.756647106401961,0.014539862816985875,0.0015496190725968547,0.0011050627123112633,1.0761003047791662,0.9155319512300705,89.2369049714174,0.9950858920479679,1.0027391856211714,0.13252032808307285
True,resolved_oscillation,1.0,10.564974163234705,8.1375,0.0009481004605965709,0.9841712734250848,2.4172612891905145,0.0023172641307923204,2.9166666666666665,6.662417774517779,0.8615854420552845,4,RBS1_mRNA1p5min,1.0,1.5,10.794285714285714,46.21402688319602,10.903245190313724,12.350316422543676,2.756647106401961,0.014539862816985875,0.0015496190725968547,0.0011050627123112633,1.0761003047791662,0.9155319512300705,89.2369049714174,0.9950858920479679,1.0027391856211714,0.13252032808307285
True,resolved_oscillation,1.0,11.76204423702964,9.059523809523808,0.0009833527954727836,0.98936947836179,2.462141372490685,0.0022362607940357004,3.2,7.402546733104909,0.8615038217251342,4,RBS1_mRNA2min,1.0,2.0,11.762857142857142,46.21402688319602,10.903245190313724,12.350316422543676,2.756647106401961,0.014539862816985875,0.0015496190725968547,0.0011050627123112633,1.0761003047791662,0.9155319512300705,89.2369049714174,0.9950858920479679,1.0027391856211714,0.13252032808307285
True,resolved_oscillation,1.0,13.397292962755968,10.319047619047618,0.0006104640773107039,0.9932415241107836,2.445287808745215,0.0022352988477795208,3.566666666666667,8.176735020702843,0.8619915529420229,4,RBS1_mRNA3min,1.0,3.0,12.836666666666668,46.21402688319602,10.903245190313724,12.350316422543676,2.756647106401961,0.014539862816985875,0.0015496190725968547,0.0011050627123112633,1.0761003047791662,0.9155319512300705,89.2369049714174,0.9950858920479679,1.0027391856211714,0.13252032808307285
True,resolved_oscillation,1.0,14.512188439275114,11.177777777777777,0.0007699768083911367,0.9947459341680978,2.374492616995177,0.0022982771490555358,3.783333333333333,8.452591435767573,0.8624811023150842,4,RBS1_mRNA4min,1.0,4.0,13.29,46.21402688319602,10.903245190313724,12.350316422543676,2.756647106401961,0.014539862816985875,0.0015496190725968547,0.0011050627123112633,1.0761003047791662,0.9155319512300705,89.2369049714174,0.9950858920479679,1.0027391856211714,0.13252032808307285
True,resolved_oscillation,1.0,9.544961581166701,7.351851851851851,0.0007556675062972293,0.9770257016223044,2.3344280182165544,0.0024881084692018607,2.6666666666666665,5.926796506481613,0.8620097958118395,4,RBS1p2_mRNA1min,1.2,1.0,9.89,46.21402688319602,10.903245190313724,12.350316422543676,2.756647106401961,0.014539862816985875,0.0015496190725968547,0.0011050627123112633,1.0761003047791662,0.9155319512300705,89.2369049714174,0.9950858920479679,1.0027391856211714,0.13252032808307285
True,resolved_oscillation,1.0,11.233447768033038,8.652380952380952,0.0007280548461927877,0.9876182628528472,2.4392600925213266,0.0022674617376877717,3.066666666666667,7.0279379192415075,0.8613893769250337,4,RBS1p2_mRNA1p5min,1.2,1.5,11.325714285714287,46.21402688319602,10.903245190313724,12.350316422543676,2.756647106401961,0.014539862816985875,0.0015496190725968547,0.0011050627123112633,1.0761003047791662,0.9155319512300705,89.2369049714174,0.9950858920479679,1.0027391856211714,0.13252032808307285
True,resolved_oscillation,1.0,12.391620148446643,9.544444444444444,0.0009017423390471287,0.9913314215761225,2.4545215888695497,0.0022333039676178724,3.316666666666667,7.660470893584841,0.8614564753026636,4,RBS1p2_mRNA2min,1.2,2.0,12.174285714285713,46.21402688319602,10.903245190313724,12.350316422543676,2.756647106401961,0.014539862816985875,0.0015496190725968547,0.0011050627123112633,1.0761003047791662,0.9155319512300705,89.2369049714174,0.9950858920479679,1.0027391856211714,0.13252032808307285
True,resolved_oscillation,1.0,13.956801505962897,10.75,0.0,0.9941901809034773,2.3948747418693164,0.002279759636244635,3.65,8.215887574462286,0.8618062923203365,4,RBS1p2_mRNA3min,1.2,3.0,12.986666666666668,46.21402688319602,10.903245190313724,12.350316422543676,2.756647106401961,0.014539862816985875,0.0015496190725968547,0.0011050627123112633,1.0761003047791662,0.9155319512300705,89.2369049714174,0.9950858920479679,1.0027391856211714,0.13252032808307285
True,resolved_oscillation,1.0,15.006266425403517,11.558333333333334,0.0007897946034681559,0.995319946225353,2.2886603954949836,0.0023833515839065374,3.841666666666667,8.277673944816096,0.8617781869478355,4,RBS1p2_mRNA4min,1.2,4.0,13.183333333333332,46.21402688319602,10.903245190313724,12.350316422543676,2.756647106401961,0.014539862816985875,0.0015496190725968547,0.0011050627123112633,1.0761003047791662,0.9155319512300705,89.2369049714174,0.9950858920479679,1.0027391856211714,0.13252032808307285
True,resolved_oscillation,1.0,10.132205124290119,7.804166666666666,0.0009885959420956236,0.9819539624956747,2.376897214792043,0.0023771697343837658,2.8,6.290224330660129,0.8616367123483031,4,RBS1p4_mRNA1min,1.4,1.0,10.402857142857142,46.21402688319602,10.903245190313724,12.350316422543676,2.756647106401961,0.014539862816985875,0.0015496190725968547,0.0011050627123112633,1.0761003047791662,0.9155319512300705,89.2369049714174,0.9950858920479679,1.0027391856211714,0.13252032808307285
True,resolved_oscillation,1.0,11.780591481555836,9.073809523809524,0.000981804614739948,0.9897416584021906,2.4444823954488393,0.0022495611265710026,3.1666666666666665,7.293426557381584,0.8612753932851875,4,RBS1p4_mRNA1p5min,1.4,1.5,11.722857142857142,46.21402688319602,10.903245190313724,12.350316422543676,2.756647106401961,0.014539862816985875,0.0015496190725968547,0.0011050627123112633,1.0761003047791662,0.9155319512300705,89.2369049714174,0.9950858920479679,1.0027391856211714,0.13252032808307285
True,resolved_oscillation,1.0,12.90579098281176,9.940476190476192,0.0008962053621015428,0.9925742213027788,2.4346173430627793,0.002246796740111984,3.4166666666666665,7.816815431285202,0.8613641395692102,4,RBS1p4_mRNA2min,1.4,2.0,12.446666666666667,46.21402688319602,10.903245190313724,12.350316422543676,2.756647106401961,0.014539862816985875,0.0015496190725968547,0.0011050627123112633,1.0761003047791662,0.9155319512300705,89.2369049714174,0.9950858920479679,1.0027391856211714,0.13252032808307285
True,resolved_oscillation,1.0,14.400389770881096,11.091666666666667,0.0008230241284825937,0.9948022375829993,2.336021448195179,0.0023358488701437597,3.716666666666667,8.156135425093987,0.8612927250078246,4,RBS1p4_mRNA3min,1.4,3.0,12.99,46.21402688319602,10.903245190313724,12.350316422543676,2.756647106401961,0.014539862816985875,0.0015496190725968547,0.0011050627123112633,1.0761003047791662,0.9155319512300705,89.2369049714174,0.9950858920479679,1.0027391856211714,0.13252032808307285
True,resolved_oscillation,1.0,15.38493933448003,11.85,0.0,0.9956797363121895,2.196006302936814,0.0024832865100274646,3.8833333333333333,8.00833187187589,0.8604280259994258,4,RBS1p4_mRNA4min,1.4,4.0,12.96,46.21402688319602,10.903245190313724,12.350316422543676,2.756647106401961,0.014539862816985875,0.0015496190725968547,0.0011050627123112633,1.0761003047791662,0.9155319512300705,89.2369049714174,0.9950858920479679,1.0027391856211714,0.13252032808307285
True,resolved_oscillation,1.0,8.032959221813295,6.926666666666667,0.0012425355618246447,0.9366360997290807,2.0117661019812676,0.005541075832151272,2.716666666666667,5.239883853126069,0.8770228545354573,5,RBS0p6_mRNA1min,0.6,1.0,7.42,51.73684921385495,9.915541653926434,13.726357275509912,3.454949640122604,0.010582780961627737,0.0035020989927905853,0.0015642396120233305,1.0252692273024784,1.0443872947874109,96.62347602300308,0.9506064052822195,0.9772248054910206,0.11987488535411901
True,resolved_oscillation,1.0,9.885189747728445,8.523809523809524,0.0010451556946295926,0.9725389879685543,2.2198230605729674,0.0047269776328338784,3.183333333333333,6.689645794270916,0.879955173163938,5,RBS0p6_mRNA1p5min,0.6,1.5,9.077777777777778,51.73684921385495,9.915541653926434,13.726357275509912,3.454949640122604,0.010582780961627737,0.0035020989927905853,0.0015642396120233305,1.0252692273024784,1.0443872947874109,96.62347602300308,0.9506064052822195,0.9772248054910206,0.11987488535411901
True,resolved_oscillation,1.0,11.182966055391118,9.642857142857142,0.0009238660214256646,0.9829656874830712,2.299593348062215,0.004541357677956485,3.533333333333333,7.649341619138123,0.8818724440755936,5,RBS0p6_mRNA2min,0.6,2.0,10.248571428571427,51.73684921385495,9.915541653926434,13.726357275509912,3.454949640122604,0.010582780961627737,0.0035020989927905853,0.0015642396120233305,1.0252692273024784,1.0443872947874109,96.62347602300308,0.9506064052822195,0.9772248054910206,0.11987488535411901
True,resolved_oscillation,1.0,12.956593675863438,11.172222222222222,0.0007703596909413061,0.9902323930881075,2.345800696340676,0.004446278505772457,3.9916666666666667,8.79925248886507,0.8840884166154135,5,RBS0p6_mRNA3min,0.6,3.0,11.794285714285714,51.73684921385495,9.915541653926434,13.726357275509912,3.454949640122604,0.010582780961627737,0.0035020989927905853,0.0015642396120233305,1.0252692273024784,1.0443872947874109,96.62347602300308,0.9506064052822195,0.9772248054910206,0.11987488535411901
True,resolved_oscillation,1.0,14.17558299633751,12.223333333333333,0.000746826503279474,0.9929489890245257,2.3407773871955,0.00445503703560461,4.283333333333333,9.427593821736066,0.8853452810779819,5,RBS0p6_mRNA4min,0.6,4.0,12.76,51.73684921385495,9.915541653926434,13.726357275509912,3.454949640122604,0.010582780961627737,0.0035020989927905853,0.0015642396120233305,1.0252692273024784,1.0443872947874109,96.62347602300308,0.9506064052822195,0.9772248054910206,0.11987488535411901
True,resolved_oscillation,1.0,9.222150309691212,7.952083333333333,0.0007410078922573199,0.965108520899138,2.1532606569254837,0.0049013297559801165,2.9833333333333334,6.112785245792548,0.8784809588127328,5,RBS0p8_mRNA1min,0.8,1.0,8.448,51.73684921385495,9.915541653926434,13.726357275509912,3.454949640122604,0.010582780961627737,0.0035020989927905853,0.0015642396120233305,1.0252692273024784,1.0443872947874109,96.62347602300308,0.9506064052822195,0.9772248054910206,0.11987488535411901
True,resolved_oscillation,1.0,11.036621067505752,9.516666666666667,0.0,0.9826426804864384,2.284006770518661,0.004572441236716639,3.466666666666667,7.459357682261894,0.881245222562986,5,RBS0p8_mRNA1p5min,0.8,1.5,10.075,51.73684921385495,9.915541653926434,13.726357275509912,3.454949640122604,0.010582780961627737,0.0035020989927905853,0.0015642396120233305,1.0252692273024784,1.0443872947874109,96.62347602300308,0.9506064052822195,0.9772248054910206,0.11987488535411901
True,resolved_oscillation,1.0,12.273650399065065,10.583333333333334,0.0,0.9884513862757912,2.32507652496124,0.004486653450017245,3.783333333333333,8.276607153209888,0.8828538849979568,5,RBS0p8_mRNA2min,0.8,2.0,11.154285714285711,51.73684921385495,9.915541653926434,13.726357275509912,3.454949640122604,0.010582780961627737,0.0035020989927905853,0.0015642396120233305,1.0252692273024784,1.0443872947874109,96.62347602300308,0.9506064052822195,0.9772248054910206,0.11987488535411901
True,resolved_oscillation,1.0,13.947505713331264,12.026666666666667,0.00075903902093288,0.9928236917241073,2.3274192480234976,0.004480584921323744,4.183333333333334,9.16011367798938,0.8845761184695566,5,RBS0p8_mRNA3min,0.8,3.0,12.476666666666668,51.73684921385495,9.915541653926434,13.726357275509912,3.454949640122604,0.010582780961627737,0.0035020989927905853,0.0015642396120233305,1.0252692273024784,1.0443872947874109,96.62347602300308,0.9506064052822195,0.9772248054910206,0.11987488535411901
True,resolved_oscillation,1.0,15.08016069504026,13.003333333333334,0.0005732037881311944,0.9945629832588604,2.2913714889675463,0.004550799628788995,4.425,9.525821124977746,0.8854261423135277,5,RBS0p8_mRNA4min,0.8,4.0,13.19,51.73684921385495,9.915541653926434,13.726357275509912,3.454949640122604,0.010582780961627737,0.0035020989927905853,0.0015642396120233305,1.0252692273024784,1.0443872947874109,96.62347602300308,0.9506064052822195,0.9772248054910206,0.11987488535411901
True,resolved_oscillation,1.0,10.147506235447496,8.75,0.0,0.9764375053588652,2.2265197494717297,0.004700935108023569,3.216666666666667,6.768265581863852,0.8796481131224676,5,RBS1_mRNA1min,1.0,1.0,9.253333333333334,51.73684921385495,9.915541653926434,13.726357275509912,3.454949640122604,0.010582780961627737,0.0035020989927905853,0.0015642396120233305,1.0252692273024784,1.0443872947874109,96.62347602300308,0.9506064052822195,0.9772248054910206,0.11987488535411901
True,resolved_oscillation,1.0,11.896743024605588,10.258333333333333,0.0008898823030140797,0.987265592650193,2.309551355403466,0.004517444815294153,3.6666666666666665,7.974185346660006,0.8820911532376693,5,RBS1_mRNA1p5min,1.0,1.5,10.794285714285714,51.73684921385495,9.915541653926434,13.726357275509912,3.454949640122604,0.010582780961627737,0.0035020989927905853,0.0015642396120233305,1.0252692273024784,1.0443872947874109,96.62347602300308,0.9506064052822195,0.9772248054910206,0.11987488535411901
True,resolved_oscillation,1.0,13.079008036798994,11.277777777777777,0.0007631494278241217,0.991124773203534,2.3249709762127213,0.004485687625660389,3.9583333333333335,8.655204459479632,0.8833988229746537,5,RBS1_mRNA2min,1.0,2.0,11.762857142857142,51.73684921385495,9.915541653926434,13.726357275509912,3.454949640122604,0.010582780961627737,0.0035020989927905853,0.0015642396120233305,1.0252692273024784,1.0443872947874109,96.62347602300308,0.9506064052822195,0.9772248054910206,0.11987488535411901
True,resolved_oscillation,1.0,14.658797578977868,12.639999999999999,0.0007222080135880357,0.9941706262606459,2.293097507714847,0.00454739617904049,4.3,9.275607035315428,0.8846124894345286,5,RBS1_mRNA3min,1.0,3.0,12.836666666666668,51.73684921385495,9.915541653926434,13.726357275509912,3.454949640122604,0.010582780961627737,0.0035020989927905853,0.0015642396120233305,1.0252692273024784,1.0443872947874109,96.62347602300308,0.9506064052822195,0.9772248054910206,0.11987488535411901
True,resolved_oscillation,1.0,15.68997749833239,13.529166666666667,0.0006159531875577456,0.9954258086416646,2.228731141829736,0.004678552142589945,4.466666666666667,9.365620137684278,0.8849173548580526,5,RBS1_mRNA4min,1.0,4.0,13.29,51.73684921385495,9.915541653926434,13.726357275509912,3.454949640122604,0.010582780961627737,0.0035020989927905853,0.0015642396120233305,1.0252692273024784,1.0443872947874109,96.62347602300308,0.9506064052822195,0.9772248054910206,0.11987488535411901
True,resolved_oscillation,1.0,10.881992401060838,9.383333333333333,0.0,0.9822906765941917,2.2668505956377745,0.004607149878408729,3.3833333333333333,7.260978489717597,0.8805320909271527,5,RBS1p2_mRNA1min,1.2,1.0,9.89,51.73684921385495,9.915541653926434,13.726357275509912,3.454949640122604,0.010582780961627737,0.0035020989927905853,0.0015642396120233305,1.0252692273024784,1.0443872947874109,96.62347602300308,0.9506064052822195,0.9772248054910206,0.11987488535411901
True,resolved_oscillation,1.0,12.573243440302088,10.841666666666667,0.0008420023943200094,0.9898534155356229,2.3166160487068286,0.0045022776460792845,3.816666666666667,8.326434571913719,0.8826310928175851,5,RBS1p2_mRNA1p5min,1.2,1.5,11.325714285714287,51.73684921385495,9.915541653926434,13.726357275509912,3.454949640122604,0.010582780961627737,0.0035020989927905853,0.0015642396120233305,1.0252692273024784,1.0443872947874109,96.62347602300308,0.9506064052822195,0.9772248054910206,0.11987488535411901
True,resolved_oscillation,1.0,13.707831280341647,11.82,0.0006305888261420726,0.992681572329952,2.312053929165897,0.00451033542511012,4.083333333333333,8.875243470513196,0.8836469074203732,5,RBS1p2_mRNA2min,1.2,2.0,12.174285714285713,51.73684921385495,9.915541653926434,13.726357275509912,3.454949640122604,0.010582780961627737,0.0035020989927905853,0.0015642396120233305,1.0252692273024784,1.0443872947874109,96.62347602300308,0.9506064052822195,0.9772248054910206,0.11987488535411901
True,resolved_oscillation,1.0,15.192266478212822,13.1,0.0,0.9949856446450283,2.249641892814833,0.004635101271274926,4.366666666666666,9.226667504056213,0.884261073144087,5,RBS1p2_mRNA3min,1.2,3.0,12.986666666666668,51.73684921385495,9.915541653926434,13.726357275509912,3.454949640122604,0.010582780961627737,0.0035020989927905853,0.0015642396120233305,1.0252692273024784,1.0443872947874109,96.62347602300308,0.9506064052822195,0.9772248054910206,0.11987488535411901
True,resolved_oscillation,1.0,16.105542039403097,13.8875,0.0006000600060006001,0.9959481028094876,2.157540754391683,0.004832786505930754,4.45,9.030847731435399,0.8838244241085199,5,RBS1p2_mRNA4min,1.2,4.0,13.183333333333332,51.73684921385495,9.915541653926434,13.726357275509912,3.454949640122604,0.010582780961627737,0.0035020989927905853,0.0015642396120233305,1.0252692273024784,1.0443872947874109,96.62347602300308,0.9506064052822195,0.9772248054910206,0.11987488535411901
True,resolved_oscillation,1.0,11.486700935907914,9.904761904761905,0.0008210697729134293,0.9857921371059125,2.2891830662391457,0.004558588647326758,3.55,7.637496376745554,0.8811903844124215,5,RBS1p4_mRNA1min,1.4,1.0,10.402857142857142,51.73684921385495,9.915541653926434,13.726357275509912,3.454949640122604,0.010582780961627737,0.0035020989927905853,0.0015642396120233305,1.0252692273024784,1.0443872947874109,96.62347602300308,0.9506064052822195,0.9772248054910206,0.11987488535411901
True,resolved_oscillation,1.0,13.124108064512095,11.316666666666666,0.0,0.9914866299108411,2.313298798124395,0.004508168305029316,3.941666666666667,8.566757258340994,0.8829533695748586,5,RBS1p4_mRNA1p5min,1.4,1.5,11.722857142857142,51.73684921385495,9.915541653926434,13.726357275509912,3.454949640122604,0.010582780961627737,0.0035020989927905853,0.0015642396120233305,1.0252692273024784,1.0443872947874109,96.62347602300308,0.9506064052822195,0.9772248054910206,0.11987488535411901
True,resolved_oscillation,1.0,14.21424016294874,12.256666666666666,0.0007447954276654423,0.9936914320931962,2.2914942021154814,0.004550609025966295,4.166666666666667,8.984013689392096,0.8836612941018624,5,RBS1p4_mRNA2min,1.4,2.0,12.446666666666667,51.73684921385495,9.915541653926434,13.726357275509912,3.454949640122604,0.010582780961627737,0.0035020989927905853,0.0015642396120233305,1.0252692273024784,1.0443872947874109,96.62347602300308,0.9506064052822195,0.9772248054910206,0.11987488535411901
True,resolved_oscillation,1.0,15.588502435977915,13.441666666666666,0.0007158713815122452,0.9955242137946005,2.199979041974442,0.00473962462601798,4.375,9.05778320215133,0.8835333583982758,5,RBS1p4_mRNA3min,1.4,3.0,12.99,51.73684921385495,9.915541653926434,13.726357275509912,3.454949640122604,0.010582780961627737,0.0035020989927905853,0.0015642396120233305,1.0252692273024784,1.0443872947874109,96.62347602300308,0.9506064052822195,0.9772248054910206,0.11987488535411901
True,resolved_oscillation,1.0,16.371310059855293,14.116666666666667,0.0,0.9962823627963494,2.0800577222118375,0.0050126491605287345,4.366666666666666,8.57604116167202,0.8821307227349248,5,RBS1p4_mRNA4min,1.4,4.0,12.96,51.73684921385495,9.915541653926434,13.726357275509912,3.454949640122604,0.010582780961627737,0.0035020989927905853,0.0015642396120233305,1.0252692273024784,1.0443872947874109,96.62347602300308,0.9506064052822195,0.9772248054910206,0.11987488535411901
True,resolved_oscillation,1.0,8.904283828262756,7.808333333333334,0.0011409231244927402,0.9653304218578278,2.5324919712725125,0.014830133543379937,2.7916666666666665,6.857956006794313,0.8494999858493374,6,RBS0p6_mRNA1min,0.6,1.0,7.42,52.61512425209893,11.96527143177041,10.051065116785033,3.4696317899399793,0.0047607341578486334,0.009919733034396791,0.0014274263158549438,1.004422830731181,0.9563604201969228,78.05054163189548,1.0523497546782838,0.9288610734084356,0.11692869562715834
True,resolved_oscillation,1.0,10.551012946067713,9.252380952380951,0.0006808418196254737,0.9830447530742916,2.7194132761958056,0.013775906750031531,3.0833333333333335,8.087602350835597,0.8570310110935989,6,RBS0p6_mRNA1p5min,0.6,1.5,9.077777777777778,52.61512425209893,11.96527143177041,10.051065116785033,3.4696317899399793,0.0047607341578486334,0.009919733034396791,0.0014274263158549438,1.004422830731181,0.9563604201969228,78.05054163189548,1.0523497546782838,0.9288610734084356,0.11692869562715834
True,resolved_oscillation,1.0,11.571451022640998,10.147222222222222,0.0006705419498448338,0.988711087800962,2.7739798550218,0.013502602937533458,3.2,8.54658990933227,0.8614696220192518,6,RBS0p6_mRNA2min,0.6,2.0,10.248571428571427,52.61512425209893,11.96527143177041,10.051065116785033,3.4696317899399793,0.0047607341578486334,0.009919733034396791,0.0014274263158549438,1.004422830731181,0.9563604201969228,78.05054163189548,1.0523497546782838,0.9288610734084356,0.11692869562715834
True,resolved_oscillation,1.0,12.70230457180137,11.13888888888889,0.0007726650067246718,0.9928331220820743,2.7486210450029227,0.013627049430625633,3.1333333333333333,8.309373017192742,0.8679640676235475,6,RBS0p6_mRNA3min,0.6,3.0,11.794285714285714,52.61512425209893,11.96527143177041,10.051065116785033,3.4696317899399793,0.0047607341578486334,0.009919733034396791,0.0014274263158549438,1.004422830731181,0.9563604201969228,78.05054163189548,1.0523497546782838,0.9288610734084356,0.11692869562715834
True,resolved_oscillation,1.0,13.235738010677018,11.606666666666666,0.0007865056828046614,0.9943789611516699,2.6414265011898856,0.014180111314758003,2.8666666666666667,7.402063945134133,0.8742199123552292,6,RBS0p6_mRNA4min,0.6,4.0,12.76,52.61512425209893,11.96527143177041,10.051065116785033,3.4696317899399793,0.0047607341578486334,0.009919733034396791,0.0014274263158549438,1.004422830731181,0.9563604201969228,78.05054163189548,1.0523497546782838,0.9288610734084356,0.11692869562715834
True,resolved_oscillation,1.0,9.987622522416387,8.758333333333333,0.0010171693317313963,0.979200726173823,2.657920499071092,0.014097631617321494,2.966666666666667,7.6153371206886105,0.854175244432341,6,RBS0p8_mRNA1min,0.8,1.0,8.448,52.61512425209893,11.96527143177041,10.051065116785033,3.4696317899399793,0.0047607341578486334,0.009919733034396791,0.0014274263158549438,1.004422830731181,0.9563604201969228,78.05054163189548,1.0523497546782838,0.9288610734084356,0.11692869562715834
True,resolved_oscillation,1.0,11.44157708562258,10.033333333333333,0.0,0.9885142515595926,2.7523324277145838,0.013608510162343726,3.15,8.336424639711376,0.8608778977164931,6,RBS0p8_mRNA1p5min,0.8,1.5,10.075,52.61512425209893,11.96527143177041,10.051065116785033,3.4696317899399793,0.0047607341578486334,0.009919733034396791,0.0014274263158549438,1.004422830731181,0.9563604201969228,78.05054163189548,1.0523497546782838,0.9288610734084356,0.11692869562715834
True,resolved_oscillation,1.0,12.25566493473803,10.747222222222224,0.0006331066794477069,0.9917771557336393,2.7451369556589924,0.013644019270851574,3.1166666666666667,8.260156789360783,0.8655390432793062,6,RBS0p8_mRNA2min,0.8,2.0,11.154285714285711,52.61512425209893,11.96527143177041,10.051065116785033,3.4696317899399793,0.0047607341578486334,0.009919733034396791,0.0014274263158549438,1.004422830731181,0.9563604201969228,78.05054163189548,1.0523497546782838,0.9288610734084356,0.11692869562715834
True,resolved_oscillation,1.0,13.022871460246831,11.42,0.000652676000437767,0.9942442718387461,2.6073740365312887,0.014364986459578342,2.8,7.118732262778904,0.8742911274107591,6,RBS0p8_mRNA3min,0.8,3.0,12.476666666666668,52.61512425209893,11.96527143177041,10.051065116785033,3.4696317899399793,0.0047607341578486334,0.009919733034396791,0.0014274263158549438,1.004422830731181,0.9563604201969228,78.05054163189548,1.0523497546782838,0.9288610734084356,0.11692869562715834
True,resolved_oscillation,1.0,13.26994870628187,11.636666666666667,0.0006405236257518732,0.9951511112759192,2.376957449975697,0.01575719671864427,2.375,5.642103304693764,0.8844545149362459,6,RBS0p8_mRNA4min,0.8,4.0,13.19,52.61512425209893,11.96527143177041,10.051065116785033,3.4696317899399793,0.0047607341578486334,0.009919733034396791,0.0014274263158549438,1.004422830731181,0.9563604201969228,78.05054163189548,1.0523497546782838,0.9288610734084356,0.11692869562715834
True,resolved_oscillation,1.0,10.75193290438192,9.428571428571427,0.0008625379432625925,0.9851271311205327,2.711524079124476,0.013814066875329512,3.066666666666667,7.995876099623604,0.8575109933356175,6,RBS1_mRNA1min,1.0,1.0,9.253333333333334,52.61512425209893,11.96527143177041,10.051065116785033,3.4696317899399793,0.0047607341578486334,0.009919733034396791,0.0014274263158549438,1.004422830731181,0.9563604201969228,78.05054163189548,1.0523497546782838,0.9288610734084356,0.11692869562715834
True,resolved_oscillation,1.0,11.995917060701192,10.519444444444444,0.0006468153532567146,0.9910851749110683,2.7373191329755215,0.013682781845053208,3.1,8.182810310418487,0.8641418355705486,6,RBS1_mRNA1p5min,1.0,1.5,10.794285714285714,52.61512425209893,11.96527143177041,10.051065116785033,3.4696317899399793,0.0047607341578486334,0.009919733034396791,0.0014274263158549438,1.004422830731181,0.9563604201969228,78.05054163189548,1.0523497546782838,0.9288610734084356,0.11692869562715834
True,resolved_oscillation,1.0,12.616777832789241,11.06388888888889,0.0006149861267344158,0.993261401297239,2.6726540427218217,0.014013922335553888,2.933333333333333,7.619212244613211,0.8696924179707214,6,RBS1_mRNA2min,1.0,2.0,11.762857142857142,52.61512425209893,11.96527143177041,10.051065116785033,3.4696317899399793,0.0047607341578486334,0.009919733034396791,0.0014274263158549438,1.004422830731181,0.9563604201969228,78.05054163189548,1.0523497546782838,0.9288610734084356,0.11692869562715834
True,resolved_oscillation,1.0,13.0684857210533,11.46,0.0007965714914269432,0.9949002840639483,2.411234851622542,0.015533026982808939,2.4166666666666665,5.8206445552866155,0.8820447337361077,6,RBS1_mRNA3min,1.0,3.0,12.836666666666668,52.61512425209893,11.96527143177041,10.051065116785033,3.4696317899399793,0.0047607341578486334,0.009919733034396791,0.0014274263158549438,1.004422830731181,0.9563604201969228,78.05054163189548,1.0523497546782838,0.9288610734084356,0.11692869562715834
True,resolved_oscillation,1.0,13.076088097854377,11.466666666666667,0.0,0.9953837034248588,2.034878484179715,0.01840498950785858,1.9166666666666667,4.053436368919459,0.8978514572412718,6,RBS1_mRNA4min,1.0,4.0,13.29,52.61512425209893,11.96527143177041,10.051065116785033,3.4696317899399793,0.0047607341578486334,0.009919733034396791,0.0014274263158549438,1.004422830731181,0.9563604201969228,78.05054163189548,1.0523497546782838,0.9288610734084356,0.11692869562715834
True,resolved_oscillation,1.0,11.303105222460085,9.911904761904761,0.0008204780819889182,0.9883030578217911,2.7288104564876874,0.013725479092190853,3.0833333333333335,8.118875897850849,0.8601883769222298,6,RBS1p2_mRNA1min,1.2,1.0,9.89,52.61512425209893,11.96527143177041,10.051065116785033,3.4696317899399793,0.0047607341578486334,0.009919733034396791,0.0014274263158549438,1.004422830731181,0.9563604201969228,78.05054163189548,1.0523497546782838,0.9288610734084356,0.11692869562715834
True,resolved_oscillation,1.0,12.344359330750608,10.825,0.0008432987798385929,0.992526390728025,2.693728833143503,0.013904112949446974,2.9833333333333334,7.791332922877828,0.8673233746126854,6,RBS1p2_mRNA1p5min,1.2,1.5,11.325714285714287,52.61512425209893,11.96527143177041,10.051065116785033,3.4696317899399793,0.0047607341578486334,0.009919733034396791,0.0014274263158549438,1.004422830731181,0.9563604201969228,78.05054163189548,1.0523497546782838,0.9288610734084356,0.11692869562715834
True,resolved_oscillation,1.0,12.794166624814396,11.219444444444443,0.0006064594559997966,0.9940939431021634,2.5692311894203814,0.014577862962217816,2.7,6.821206341443648,0.8743030620154675,6,RBS1p2_mRNA2min,1.2,2.0,12.174285714285713,52.61512425209893,11.96527143177041,10.051065116785033,3.4696317899399793,0.0047607341578486334,0.009919733034396791,0.0014274263158549438,1.004422830731181,0.9563604201969228,78.05054163189548,1.0523497546782838,0.9288610734084356,0.11692869562715834
True,resolved_oscillation,1.0,12.965853634238744,11.370000000000001,0.0006555461675461124,0.9951925356402832,2.168343837400595,0.017272256366954016,2.0833333333333335,4.590438952001987,0.8915484528355623,6,RBS1p2_mRNA3min,1.2,3.0,12.986666666666668,52.61512425209893,11.96527143177041,10.051065116785033,3.4696317899399793,0.0047607341578486334,0.009919733034396791,0.0014274263158549438,1.004422830731181,0.9563604201969228,78.05054163189548,1.0523497546782838,0.9288610734084356,0.11692869562715834
True,resolved_oscillation,1.0,12.727645827804961,11.16111111111111,0.0007711265995435376,0.9952127927838811,1.6229236543436687,0.023074954165225987,1.5333333333333334,2.721768528940371,0.9150437258237252,6,RBS1p2_mRNA4min,1.2,4.0,13.183333333333332,52.61512425209893,11.96527143177041,10.051065116785033,3.4696317899399793,0.0047607341578486334,0.009919733034396791,0.0014274263158549438,1.004422830731181,0.9563604201969228,78.05054163189548,1.0523497546782838,0.9288610734084356,0.11692869562715834
True,resolved_oscillation,1.0,11.704492616659866,10.26388888888889,0.0006629200927694663,0.9902373228391228,2.724111796320432,0.013748882601227754,3.066666666666667,8.061724428332026,0.8625522817634775,6,RBS1p4_mRNA1min,1.4,1.0,10.402857142857142,52.61512425209893,11.96527143177041,10.051065116785033,3.4696317899399793,0.0047607341578486334,0.009919733034396791,0.0014274263158549438,1.004422830731181,0.9563604201969228,78.05054163189548,1.0523497546782838,0.9288610734084356,0.11692869562715834
True,resolved_oscillation,1.0,12.556592349780704,11.011111111111111,0.0007816313514041204,0.9934211960431826,2.6294283858700043,0.014244040379023812,2.8333333333333335,7.2628923322703525,0.8706608292871041,6,RBS1p4_mRNA1p5min,1.4,1.5,11.722857142857142,52.61512425209893,11.96527143177041,10.051065116785033,3.4696317899399793,0.0047607341578486334,0.009919733034396791,0.0014274263158549438,1.004422830731181,0.9563604201969228,78.05054163189548,1.0523497546782838,0.9288610734084356,0.11692869562715834
True,resolved_oscillation,1.0,12.844849136821585,11.26388888888889,0.0006040665210316099,0.9945936394580333,2.440334343707705,0.0153475663774323,2.466666666666667,5.976478497777559,0.8795529023758961,6,RBS1p4_mRNA2min,1.4,2.0,12.446666666666667,52.61512425209893,11.96527143177041,10.051065116785033,3.4696317899399793,0.0047607341578486334,0.009919733034396791,0.0014274263158549438,1.004422830731181,0.9563604201969228,78.05054163189548,1.0523497546782838,0.9288610734084356,0.11692869562715834
True,resolved_oscillation,1.0,12.762490054809904,11.191666666666666,0.0008156702271111929,0.9952341712554663,1.8831430731972958,0.019887036788828135,1.7666666666666666,3.4915981647195453,0.9030812358488403,6,RBS1p4_mRNA3min,1.4,3.0,12.99,52.61512425209893,11.96527143177041,10.051065116785033,3.4696317899399793,0.0047607341578486334,0.009919733034396791,0.0014274263158549438,1.004422830731181,0.9563604201969228,78.05054163189548,1.0523497546782838,0.9288610734084356,0.11692869562715834
True,resolved_oscillation,1.0,12.201814765730392,10.7,0.0,0.9944256395670481,1.1468677663099256,0.0326498337562007,1.1666666666666667,1.6579083644378405,0.936819927202638,6,RBS1p4_mRNA4min,1.4,4.0,12.96,52.61512425209893,11.96527143177041,10.051065116785033,3.4696317899399793,0.0047607341578486334,0.009919733034396791,0.0014274263158549438,1.004422830731181,0.9563604201969228,78.05054163189548,1.0523497546782838,0.9288610734084356,0.11692869562715834
True,resolved_oscillation,1.0,8.486096103243138,7.592592592592593,0.0011569308512811142,0.9480226742101703,2.48348305228965,0.010994521970278526,2.825,6.8053171526264125,0.8804610835196318,7,RBS0p6_mRNA1min,0.6,1.0,7.42,53.68258266383002,9.976953284246868,15.105545376169028,3.3512351290860183,0.011908232114001523,0.007464838442254082,0.001912233121928177,0.9710095905741505,1.1249481876436227,60.09788430285523,1.0604230905062808,1.0446622984255916,0.09685911296410547
True,resolved_oscillation,1.0,10.162913211309055,9.092857142857143,0.0009797479410248602,0.9737809428096589,2.6497121282742517,0.010092566431535294,3.183333333333333,8.101209746570309,0.8871698990394828,7,RBS0p6_mRNA1p5min,0.6,1.5,9.077777777777778,53.68258266383002,9.976953284246868,15.105545376169028,3.3512351290860183,0.011908232114001523,0.007464838442254082,0.001912233121928177,0.9710095905741505,1.1249481876436227,60.09788430285523,1.0604230905062808,1.0446622984255916,0.09685911296410547
True,resolved_oscillation,1.0,11.317850193165073,10.126190476190477,0.0008797689599750627,0.9824669481392433,2.703821956708574,0.00986746838268126,3.4166666666666665,8.854790796206634,0.8906347229169009,7,RBS0p6_mRNA2min,0.6,2.0,10.248571428571427,53.68258266383002,9.976953284246868,15.105545376169028,3.3512351290860183,0.011908232114001523,0.007464838442254082,0.001912233121928177,0.9710095905741505,1.1249481876436227,60.09788430285523,1.0604230905062808,1.0446622984255916,0.09685911296410547
True,resolved_oscillation,1.0,12.844016919189096,11.491666666666667,0.0007943764430821843,0.9890283840728414,2.7009682931925685,0.009870632732526086,3.6666666666666665,9.492491118104617,0.8949112065066147,7,RBS0p6_mRNA3min,0.6,3.0,11.794285714285714,53.68258266383002,9.976953284246868,15.105545376169028,3.3512351290860183,0.011908232114001523,0.007464838442254082,0.001912233121928177,0.9710095905741505,1.1249481876436227,60.09788430285523,1.0604230905062808,1.0446622984255916,0.09685911296410547
True,resolved_oscillation,1.0,13.8108109410976,12.356666666666666,0.0007387679491572245,0.9916172685652878,2.6390943732659435,0.010100858897066403,3.7333333333333334,9.483149537529812,0.8982140267065817,7,RBS0p6_mRNA4min,0.6,4.0,12.76,53.68258266383002,9.976953284246868,15.105545376169028,3.3512351290860183,0.011908232114001523,0.007464838442254082,0.001912233121928177,0.9710095905741505,1.1249481876436227,60.09788430285523,1.0604230905062808,1.0446622984255916,0.09685911296410547
True,resolved_oscillation,1.0,9.561494414305693,8.554761904761905,0.0009506402046534555,0.9678954672287254,2.591652826611618,0.010344540618499267,3.033333333333333,7.564371084317556,0.8848336122917687,7,RBS0p8_mRNA1min,0.8,1.0,8.448,53.68258266383002,9.976953284246868,15.105545376169028,3.3512351290860183,0.011908232114001523,0.007464838442254082,0.001912233121928177,0.9710095905741505,1.1249481876436227,60.09788430285523,1.0604230905062808,1.0446622984255916,0.09685911296410547
True,resolved_oscillation,1.0,11.168826066473974,9.992857142857142,0.0008915075975158308,0.9821210453014387,2.683839015152159,0.009941011843502502,3.35,8.631820869210657,0.8901218452394462,7,RBS0p8_mRNA1p5min,0.8,1.5,10.075,53.68258266383002,9.976953284246868,15.105545376169028,3.3512351290860183,0.011908232114001523,0.007464838442254082,0.001912233121928177,0.9710095905741505,1.1249481876436227,60.09788430285523,1.0604230905062808,1.0446622984255916,0.09685911296410547
True,resolved_oscillation,1.0,12.238606404506505,10.95,0.0,0.9873142155609183,2.6911016313311893,0.009907790376074156,3.533333333333333,9.110984582370797,0.8932367143108516,7,RBS0p8_mRNA2min,0.8,2.0,11.154285714285711,53.68258266383002,9.976953284246868,15.105545376169028,3.3512351290860183,0.011908232114001523,0.007464838442254082,0.001912233121928177,0.9710095905741505,1.1249481876436227,60.09788430285523,1.0604230905062808,1.0446622984255916,0.09685911296410547
True,resolved_oscillation,1.0,13.564921132057288,12.136666666666667,0.0006141356708321313,0.9914333694541364,2.615967361211145,0.010190045210375864,3.65,9.153931244954219,0.8978461905399234,7,RBS0p8_mRNA3min,0.8,3.0,12.476666666666668,53.68258266383002,9.976953284246868,15.105545376169028,3.3512351290860183,0.011908232114001523,0.007464838442254082,0.001912233121928177,0.9710095905741505,1.1249481876436227,60.09788430285523,1.0604230905062808,1.0446622984255916,0.09685911296410547
True,resolved_oscillation,1.0,14.306316162345505,12.8,0.0,0.9931002993127112,2.4868568868995196,0.010718526700256813,3.55,8.54738370461154,0.9020866258794507,7,RBS0p8_mRNA4min,0.8,4.0,13.19,53.68258266383002,9.976953284246868,15.105545376169028,3.3512351290860183,0.011908232114001523,0.007464838442254082,0.001912233121928177,0.9710095905741505,1.1249481876436227,60.09788430285523,1.0604230905062808,1.0446622984255916,0.09685911296410547
True,resolved_oscillation,1.0,10.375804820867769,9.283333333333333,0.0,0.9768207039611652,2.6416968791213393,0.01011120909252974,3.1666666666666665,8.071634814605867,0.8875626691504092,7,RBS1_mRNA1min,1.0,1.0,9.253333333333334,53.68258266383002,9.976953284246868,15.105545376169028,3.3512351290860183,0.011908232114001523,0.007464838442254082,0.001912233121928177,0.9710095905741505,1.1249481876436227,60.09788430285523,1.0604230905062808,1.0446622984255916,0.09685911296410547
True,resolved_oscillation,1.0,11.897092780839403,10.644444444444444,0.0008085560221727384,0.9861901087713776,2.6805213036552953,0.009947707264726257,3.45,8.872475559739375,0.8922445553060783,7,RBS1_mRNA1p5min,1.0,1.5,10.794285714285714,53.68258266383002,9.976953284246868,15.105545376169028,3.3512351290860183,0.011908232114001523,0.007464838442254082,0.001912233121928177,0.9710095905741505,1.1249481876436227,60.09788430285523,1.0604230905062808,1.0446622984255916,0.09685911296410547
True,resolved_oscillation,1.0,12.868854273637613,11.51388888888889,0.0005909504807679561,0.9897716129692338,2.6491237424200267,0.01006306346440998,3.566666666666667,9.060557103679761,0.8953862341293913,7,RBS1_mRNA2min,1.0,2.0,11.762857142857142,53.68258266383002,9.976953284246868,15.105545376169028,3.3512351290860183,0.011908232114001523,0.007464838442254082,0.001912233121928177,0.9710095905741505,1.1249481876436227,60.09788430285523,1.0604230905062808,1.0446622984255916,0.09685911296410547
True,resolved_oscillation,1.0,13.978463083625087,12.506666666666666,0.0007299074593618952,0.9926767838570404,2.504554290829321,0.01064279048717635,3.5166666666666666,8.505997207809143,0.9007643030659338,7,RBS1_mRNA3min,1.0,3.0,12.836666666666668,53.68258266383002,9.976953284246868,15.105545376169028,3.3512351290860183,0.011908232114001523,0.007464838442254082,0.001912233121928177,0.9710095905741505,1.1249481876436227,60.09788430285523,1.0604230905062808,1.0446622984255916,0.09685911296410547
True,resolved_oscillation,1.0,14.492596320709378,12.966666666666667,0.0,0.993823254276589,2.3052785287273077,0.011562243718683437,3.283333333333333,7.388351649662246,0.9062704025753461,7,RBS1_mRNA4min,1.0,4.0,13.29,53.68258266383002,9.976953284246868,15.105545376169028,3.3512351290860183,0.011908232114001523,0.007464838442254082,0.001912233121928177,0.9710095905741505,1.1249481876436227,60.09788430285523,1.0604230905062808,1.0446622984255916,0.09685911296410547
True,resolved_oscillation,1.0,11.014479649543908,9.854761904761906,0.0008252356258322943,0.981743588228703,2.6619764289232517,0.01002273810270595,3.283333333333333,8.399576465195802,0.8895326938895273,7,RBS1p2_mRNA1min,1.2,1.0,9.89,53.68258266383002,9.976953284246868,15.105545376169028,3.3512351290860183,0.011908232114001523,0.007464838442254082,0.001912233121928177,0.9710095905741505,1.1249481876436227,60.09788430285523,1.0604230905062808,1.0446622984255916,0.09685911296410547
True,resolved_oscillation,1.0,12.446619248012832,11.136111111111111,0.0006109976908912891,0.9885477778392615,2.6570037661413224,0.010033792325392477,3.5,8.918596517607627,0.8940032955872816,7,RBS1p2_mRNA1p5min,1.2,1.5,11.325714285714287,53.68258266383002,9.976953284246868,15.105545376169028,3.3512351290860183,0.011908232114001523,0.007464838442254082,0.001912233121928177,0.9710095905741505,1.1249481876436227,60.09788430285523,1.0604230905062808,1.0446622984255916,0.09685911296410547
True,resolved_oscillation,1.0,13.31158011668242,11.91,0.0007664743318012401,0.9912231454703425,2.5896167009563427,0.010293597886174885,3.533333333333333,8.806923782807777,0.8973836292599363,7,RBS1p2_mRNA2min,1.2,2.0,12.174285714285713,53.68258266383002,9.976953284246868,15.105545376169028,3.3512351290860183,0.011908232114001523,0.007464838442254082,0.001912233121928177,0.9710095905741505,1.1249481876436227,60.09788430285523,1.0604230905062808,1.0446622984255916,0.09685911296410547
True,resolved_oscillation,1.0,14.187096860992627,12.693333333333333,0.000719173526135985,0.9933899641260839,2.374338909280095,0.011226046112520281,3.3333333333333335,7.696056459227327,0.903814421288204,7,RBS1p2_mRNA3min,1.2,3.0,12.986666666666668,53.68258266383002,9.976953284246868,15.105545376169028,3.3512351290860183,0.011908232114001523,0.007464838442254082,0.001912233121928177,0.9710095905741505,1.1249481876436227,60.09788430285523,1.0604230905062808,1.0446622984255916,0.09685911296410547
True,resolved_oscillation,1.0,14.481419511207546,12.956666666666667,0.0007045569301584335,0.9941548143884787,2.101950486670667,0.01268004335755219,2.9833333333333334,6.195341430953028,0.9108791130512637,7,RBS1p2_mRNA4min,1.2,4.0,13.183333333333332,53.68258266383002,9.976953284246868,15.105545376169028,3.3512351290860183,0.011908232114001523,0.007464838442254082,0.001912233121928177,0.9710095905741505,1.1249481876436227,60.09788430285523,1.0604230905062808,1.0446622984255916,0.09685911296410547
True,resolved_oscillation,1.0,11.530741802723785,10.316666666666666,0.0,0.9848105952108382,2.6648231930731328,0.010007506247032798,3.3666666666666667,8.596846483790541,0.8910967957842856,7,RBS1p4_mRNA1min,1.4,1.0,10.402857142857142,53.68258266383002,9.976953284246868,15.105545376169028,3.3512351290860183,0.011908232114001523,0.007464838442254082,0.001912233121928177,0.9710095905741505,1.1249481876436227,60.09788430285523,1.0604230905062808,1.0446622984255916,0.09685911296410547
True,resolved_oscillation,1.0,12.856435596413354,11.502777777777776,0.0005915213095346965,0.9900637485467502,2.6206344680479594,0.010172161421145834,3.5,8.823737915001889,0.8955917480635206,7,RBS1p4_mRNA1p5min,1.4,1.5,11.722857142857142,53.68258266383002,9.976953284246868,15.105545376169028,3.3512351290860183,0.011908232114001523,0.007464838442254082,0.001912233121928177,0.9710095905741505,1.1249481876436227,60.09788430285523,1.0604230905062808,1.0446622984255916,0.09685911296410547
True,resolved_oscillation,1.0,13.609628370064618,12.176666666666668,0.0007496886908091516,0.9921595883319347,2.517679973326831,0.010587306673769321,3.466666666666667,8.414769111635481,0.8993515285578261,7,RBS1p4_mRNA2min,1.4,2.0,12.446666666666667,53.68258266383002,9.976953284246868,15.105545376169028,3.3512351290860183,0.011908232114001523,0.007464838442254082,0.001912233121928177,0.9710095905741505,1.1249481876436227,60.09788430285523,1.0604230905062808,1.0446622984255916,0.09685911296410547
True,resolved_oscillation,1.0,14.261608924338175,12.76,0.0007154160886953581,0.9938038487606999,2.229455567625608,0.011955129027937496,3.1166666666666667,6.822668401764783,0.9070642040671557,7,RBS1p4_mRNA3min,1.4,3.0,12.99,53.68258266383002,9.976953284246868,15.105545376169028,3.3512351290860183,0.011908232114001523,0.007464838442254082,0.001912233121928177,0.9710095905741505,1.1249481876436227,60.09788430285523,1.0604230905062808,1.0446622984255916,0.09685911296410547
True,resolved_oscillation,1.0,14.343572194018279,12.833333333333334,0.0,0.9942187024369538,1.882199767861359,0.014159594776053264,2.683333333333333,5.068295241001886,0.9160168535449464,7,RBS1p4_mRNA4min,1.4,4.0,12.96,53.68258266383002,9.976953284246868,15.105545376169028,3.3512351290860183,0.011908232114001523,0.007464838442254082,0.001912233121928177,0.9710095905741505,1.1249481876436227,60.09788430285523,1.0604230905062808,1.0446622984255916,0.09685911296410547
True,resolved_oscillation,1.0,9.417515106191445,8.166666666666666,0.0,0.969997562937898,2.952668024514868,0.003474176534106176,3.0083333333333333,8.437200297501601,0.8993526027629556,8,RBS0p6_mRNA1min,0.6,1.0,7.42,52.03071027492748,10.17786471713427,12.167364435078952,3.275446905115497,0.001367879781474272,0.0025778205794332004,0.0011280290422608647,1.0825489682665745,1.1712760998412137,68.05555520488247,1.0856954953071727,1.0906246175233507,0.07058833157493825
True,resolved_oscillation,1.0,11.20217540328312,9.714285714285715,0.0006484684585942623,0.9854183790479107,3.1642077568766775,0.003184772462225638,3.475,10.357447390100624,0.9045818291142359,8,RBS0p6_mRNA1p5min,0.6,1.5,9.077777777777778,52.03071027492748,10.17786471713427,12.167364435078952,3.275446905115497,0.001367879781474272,0.0025778205794332004,0.0011280290422608647,1.0825489682665745,1.1712760998412137,68.05555520488247,1.0856954953071727,1.0906246175233507,0.07058833157493825
True,resolved_oscillation,1.0,12.434963823889522,10.783333333333333,0.0,0.9907420194250537,3.2580783906237563,0.003086016542352808,3.7916666666666665,11.629702373412755,0.9066739876437119,8,RBS0p6_mRNA2min,0.6,2.0,10.248571428571427,52.03071027492748,10.17786471713427,12.167364435078952,3.275446905115497,0.001367879781474272,0.0025778205794332004,0.0011280290422608647,1.0825489682665745,1.1712760998412137,68.05555520488247,1.0856954953071727,1.0906246175233507,0.07058833157493825
True,resolved_oscillation,1.0,14.133960426720794,12.256666666666666,0.0007447954276654423,0.9948141085201511,3.338359187468942,0.00300945939628469,4.233333333333333,13.260105996908047,0.9080165286220685,8,RBS0p6_mRNA3min,0.6,3.0,11.794285714285714,52.03071027492748,10.17786471713427,12.167364435078952,3.275446905115497,0.001367879781474272,0.0025778205794332004,0.0011280290422608647,1.0825489682665745,1.1712760998412137,68.05555520488247,1.0856954953071727,1.0906246175233507,0.07058833157493825
True,resolved_oscillation,1.0,15.313071756853132,13.279166666666667,0.0006275494195167869,0.996419491216375,3.3680592572421753,0.0029825206712134913,4.508333333333334,14.275864382994468,0.9080074727775922,8,RBS0p6_mRNA4min,0.6,4.0,12.76,52.03071027492748,10.17786471713427,12.167364435078952,3.275446905115497,0.001367879781474272,0.0025778205794332004,0.0011280290422608647,1.0825489682665745,1.1712760998412137,68.05555520488247,1.0856954953071727,1.0906246175233507,0.07058833157493825
True,resolved_oscillation,1.0,10.570680221235296,9.166666666666666,0.0,0.98186756144327,3.093516830256434,0.0032649710146651976,3.283333333333333,9.601799236446825,0.9026488205513582,8,RBS0p8_mRNA1min,0.8,1.0,8.448,52.03071027492748,10.17786471713427,12.167364435078952,3.275446905115497,0.001367879781474272,0.0025778205794332004,0.0011280290422608647,1.0825489682665745,1.1712760998412137,68.05555520488247,1.0856954953071727,1.0906246175233507,0.07058833157493825
True,resolved_oscillation,1.0,12.287614948078364,10.655555555555557,0.0008077128980620264,0.9905312373598434,3.2405086805595533,0.0031027845383823755,3.7333333333333334,11.369929803100645,0.9060475958412529,8,RBS0p8_mRNA1p5min,0.8,1.5,10.075,52.03071027492748,10.17786471713427,12.167364435078952,3.275446905115497,0.001367879781474272,0.0025778205794332004,0.0011280290422608647,1.0825489682665745,1.1712760998412137,68.05555520488247,1.0856954953071727,1.0906246175233507,0.07058833157493825
True,resolved_oscillation,1.0,13.465124659995361,11.676666666666668,0.0007817906901301259,0.9937480375385219,3.303626783448742,0.003041453745166365,4.025,12.50127872248844,0.9071840481244159,8,RBS0p8_mRNA2min,0.8,2.0,11.154285714285711,52.03071027492748,10.17786471713427,12.167364435078952,3.275446905115497,0.001367879781474272,0.0025778205794332004,0.0011280290422608647,1.0825489682665745,1.1712760998412137,68.05555520488247,1.0856954953071727,1.0906246175233507,0.07058833157493825
True,resolved_oscillation,1.0,15.075711937339939,13.073333333333332,0.0006982694511794571,0.9963092555782589,3.3516632151765346,0.0029971045708899716,4.408333333333333,13.879097276817243,0.9073122303738742,8,RBS0p8_mRNA3min,0.8,3.0,12.476666666666668,52.03071027492748,10.17786471713427,12.167364435078952,3.275446905115497,0.001367879781474272,0.0025778205794332004,0.0011280290422608647,1.0825489682665745,1.1712760998412137,68.05555520488247,1.0856954953071727,1.0906246175233507,0.07058833157493825
True,resolved_oscillation,1.0,16.17314073849,14.025,0.0006860965765770954,0.9973435021291857,3.360969439712412,0.002988656173975401,4.633333333333334,14.63573906865608,0.9062879151054781,8,RBS0p8_mRNA4min,0.8,4.0,13.19,52.03071027492748,10.17786471713427,12.167364435078952,3.275446905115497,0.001367879781474272,0.0025778205794332004,0.0011280290422608647,1.0825489682665745,1.1712760998412137,68.05555520488247,1.0856954953071727,1.0906246175233507,0.07058833157493825
True,resolved_oscillation,1.0,11.441045319970774,9.921428571428573,0.0008196904860378848,0.9872838123129943,3.1723591874078223,0.0031730156094617336,3.5,10.451850641874975,0.9043797859937106,8,RBS1_mRNA1min,1.0,1.0,9.253333333333334,52.03071027492748,10.17786471713427,12.167364435078952,3.275446905115497,0.001367879781474272,0.0025778205794332004,0.0011280290422608647,1.0825489682665745,1.1712760998412137,68.05555520488247,1.0856954953071727,1.0906246175233507,0.07058833157493825
True,resolved_oscillation,1.0,13.098033765039736,11.358333333333333,0.0008037014783641469,0.9930509050298568,3.280878856427818,0.0030628264146472218,3.9166666666666665,12.07311361684851,0.9065993350306931,8,RBS1_mRNA1p5min,1.0,1.5,10.794285714285714,52.03071027492748,10.17786471713427,12.167364435078952,3.275446905115497,0.001367879781474272,0.0025778205794332004,0.0011280290422608647,1.0825489682665745,1.1712760998412137,68.05555520488247,1.0856954953071727,1.0906246175233507,0.07058833157493825
True,resolved_oscillation,1.0,14.230057519641115,12.34,0.0007397657448746167,0.9952788113602953,3.3244941386851896,0.0030218050656340375,4.183333333333334,13.074735970460695,0.9070280423340668,8,RBS1_mRNA2min,1.0,2.0,11.762857142857142,52.03071027492748,10.17786471713427,12.167364435078952,3.275446905115497,0.001367879781474272,0.0025778205794332004,0.0011280290422608647,1.0825489682665745,1.1712760998412137,68.05555520488247,1.0856954953071727,1.0906246175233507,0.07058833157493825
True,resolved_oscillation,1.0,15.750313529640591,13.658333333333333,0.0007045152766194335,0.9970890041722643,3.348900289214553,0.0029994437014710653,4.508333333333334,14.193675249366875,0.9060321037664681,8,RBS1_mRNA3min,1.0,3.0,12.836666666666668,52.03071027492748,10.17786471713427,12.167364435078952,3.275446905115497,0.001367879781474272,0.0025778205794332004,0.0011280290422608647,1.0825489682665745,1.1712760998412137,68.05555520488247,1.0856954953071727,1.0906246175233507,0.07058833157493825
True,resolved_oscillation,1.0,16.74972329601193,14.525,0.0006624787942508615,0.9978256137878777,3.3398645496348194,0.0030074710412424377,4.666666666666667,14.662221802034283,0.9038338977994448,8,RBS1_mRNA4min,1.0,4.0,13.29,52.03071027492748,10.17786471713427,12.167364435078952,3.275446905115497,0.001367879781474272,0.0025778205794332004,0.0011280290422608647,1.0825489682665745,1.1712760998412137,68.05555520488247,1.0856954953071727,1.0906246175233507,0.07058833157493825
True,resolved_oscillation,1.0,12.130656362975172,10.519444444444444,0.0006468153532567146,0.9903034479478925,3.2211219363269032,0.0031214989462716625,3.6666666666666665,11.097908909286643,0.9053378124713679,8,RBS1p2_mRNA1min,1.2,1.0,9.89,52.03071027492748,10.17786471713427,12.167364435078952,3.275446905115497,0.001367879781474272,0.0025778205794332004,0.0011280290422608647,1.0825489682665745,1.1712760998412137,68.05555520488247,1.0856954953071727,1.0906246175233507,0.07058833157493825
True,resolved_oscillation,1.0,13.738040403889071,11.913333333333332,0.0006256485667318942,0.9945185353192135,3.3035392556159393,0.003041180381966607,4.05,12.58224260410549,0.9066703842867807,8,RBS1p2_mRNA1p5min,1.2,1.5,11.325714285714287,52.03071027492748,10.17786471713427,12.167364435078952,3.275446905115497,0.001367879781474272,0.0025778205794332004,0.0011280290422608647,1.0825489682665745,1.1712760998412137,68.05555520488247,1.0856954953071727,1.0906246175233507,0.07058833157493825
True,resolved_oscillation,1.0,14.822015612030292,12.853333333333333,0.0005798931476918541,0.9961860867489901,3.332645099845064,0.0030142001317160793,4.3,13.455827203349232,0.9064788057916102,8,RBS1p2_mRNA2min,1.2,2.0,12.174285714285713,52.03071027492748,10.17786471713427,12.167364435078952,3.275446905115497,0.001367879781474272,0.0025778205794332004,0.0011280290422608647,1.0825489682665745,1.1712760998412137,68.05555520488247,1.0856954953071727,1.0906246175233507,0.07058833157493825
True,resolved_oscillation,1.0,16.25001841282626,14.091666666666667,0.0006828507027671505,0.9975544962186209,3.3365192185090717,0.0030105069589376715,4.566666666666666,14.299058907806122,0.904280439327861,8,RBS1p2_mRNA3min,1.2,3.0,12.986666666666668,52.03071027492748,10.17786471713427,12.167364435078952,3.275446905115497,0.001367879781474272,0.0025778205794332004,0.0011280290422608647,1.0825489682665745,1.1712760998412137,68.05555520488247,1.0856954953071727,1.0906246175233507,0.07058833157493825
True,resolved_oscillation,1.0,17.138916522339226,14.8625,0.000560695262125035,0.9981091694651316,3.308738453220691,0.0030357078608813566,4.65,14.45431433452865,0.9006519676052951,8,RBS1p2_mRNA4min,1.2,4.0,13.183333333333332,52.03071027492748,10.17786471713427,12.167364435078952,3.275446905115497,0.001367879781474272,0.0025778205794332004,0.0011280290422608647,1.0825489682665745,1.1712760998412137,68.05555520488247,1.0856954953071727,1.0906246175233507,0.07058833157493825
True,resolved_oscillation,1.0,12.704035684066419,11.016666666666667,0.0,0.9921983970641914,3.2531349055165584,0.003089356250787735,3.8,11.604224213350797,0.9058513395660102,8,RBS1p4_mRNA1min,1.4,1.0,10.402857142857142,52.03071027492748,10.17786471713427,12.167364435078952,3.275446905115497,0.001367879781474272,0.0025778205794332004,0.0011280290422608647,1.0825489682665745,1.1712760998412137,68.05555520488247,1.0856954953071727,1.0906246175233507,0.07058833157493825
True,resolved_oscillation,1.0,14.260808589375618,12.366666666666667,0.0,0.9954649868834614,3.3160067616623974,0.0030294646608209084,4.166666666666667,12.957174130528024,0.9064414254384608,8,RBS1p4_mRNA1p5min,1.4,1.5,11.722857142857142,52.03071027492748,10.17786471713427,12.167364435078952,3.275446905115497,0.001367879781474272,0.0025778205794332004,0.0011280290422608647,1.0825489682665745,1.1712760998412137,68.05555520488247,1.0856954953071727,1.0906246175233507,0.07058833157493825
True,resolved_oscillation,1.0,15.298657192915083,13.266666666666667,0.0,0.9967765735456353,3.3330193957081122,0.0030137581552796395,4.375,13.699663302641117,0.9056407865014355,8,RBS1p4_mRNA2min,1.4,2.0,12.446666666666667,52.03071027492748,10.17786471713427,12.167364435078952,3.275446905115497,0.001367879781474272,0.0025778205794332004,0.0011280290422608647,1.0825489682665745,1.1712760998412137,68.05555520488247,1.0856954953071727,1.0906246175233507,0.07058833157493825
True,resolved_oscillation,1.0,16.62479707521551,14.416666666666666,0.0,0.9978561126447696,3.3171463518842708,0.0030280410667910024,4.566666666666666,14.247467642038691,0.9020761122566019,8,RBS1p4_mRNA3min,1.4,3.0,12.99,52.03071027492748,10.17786471713427,12.167364435078952,3.275446905115497,0.001367879781474272,0.0025778205794332004,0.0011280290422608647,1.0825489682665745,1.1712760998412137,68.05555520488247,1.0856954953071727,1.0906246175233507,0.07058833157493825
True,resolved_oscillation,1.0,17.398378673224094,15.0875,0.0005523336095001381,0.9982867761860382,3.2692139845285015,0.0030723522612338193,4.583333333333333,14.076156810005557,0.8966977960716255,8,RBS1p4_mRNA4min,1.4,4.0,12.96,52.03071027492748,10.17786471713427,12.167364435078952,3.275446905115497,0.001367879781474272,0.0025778205794332004,0.0011280290422608647,1.0825489682665745,1.1712760998412137,68.05555520488247,1.0856954953071727,1.0906246175233507,0.07058833157493825
True,resolved_oscillation,1.0,7.015968697310002,6.3090909090909095,0.0013795779650667694,0.9071496978839682,1.1774054744566116,0.0118011849295086,2.533333333333333,2.968144739525021,0.8776279471693632,9,RBS0p6_mRNA1min,0.6,1.0,7.42,53.9548380098379,8.349198508150863,12.664018583769634,2.514370860148603,0.0073028211092878844,0.002225828792969478,0.0012229835589401613,0.96315416366665,1.1264463899818167,62.24986482129669,0.9116920431676987,0.8630240160396426,0.18803207457896898
True,resolved_oscillation,1.0,8.480343421142823,7.625925925925926,0.00115187384416041,0.9603013147515028,1.3380415406820323,0.004741166808173507,2.783333333333333,3.605162981158235,0.8769720010570625,9,RBS0p6_mRNA1p5min,0.6,1.5,9.077777777777778,53.9548380098379,8.349198508150863,12.664018583769634,2.514370860148603,0.0073028211092878844,0.002225828792969478,0.0012229835589401613,0.96315416366665,1.1264463899818167,62.24986482129669,0.9116920431676987,0.8630240160396426,0.18803207457896898
True,resolved_oscillation,1.0,9.619155930101536,8.65,0.0,0.976175640045818,1.4198234651816752,0.003727774439163083,3.0166666666666666,4.121908523397331,0.8759936864716692,9,RBS0p6_mRNA2min,0.6,2.0,10.248571428571427,53.9548380098379,8.349198508150863,12.664018583769634,2.514370860148603,0.0073028211092878844,0.002225828792969478,0.0012229835589401613,0.96315416366665,1.1264463899818167,62.24986482129669,0.9116920431676987,0.8630240160396426,0.18803207457896898
True,resolved_oscillation,1.0,11.255445047856217,10.121428571428572,0.0008034933557562611,0.9872142804462614,1.4944246409086168,0.0032643160613791064,3.4,4.844411338855325,0.8744493341747779,9,RBS0p6_mRNA3min,0.6,3.0,11.794285714285714,53.9548380098379,8.349198508150863,12.664018583769634,2.514370860148603,0.0073028211092878844,0.002225828792969478,0.0012229835589401613,0.96315416366665,1.1264463899818167,62.24986482129669,0.9116920431676987,0.8630240160396426,0.18803207457896898
True,resolved_oscillation,1.0,12.417792819206221,11.166666666666666,0.0,0.9912442052736609,1.519975993807961,0.0031522468088106335,3.675,5.304069776249721,0.8734162893709561,9,RBS0p6_mRNA4min,0.6,4.0,12.76,53.9548380098379,8.349198508150863,12.664018583769634,2.514370860148603,0.0073028211092878844,0.002225828792969478,0.0012229835589401613,0.96315416366665,1.1264463899818167,62.24986482129669,0.9116920431676987,0.8630240160396426,0.18803207457896898
True,resolved_oscillation,1.0,7.871397925846093,7.078333333333333,0.0011373814258056228,0.9477987733698486,1.2740684403555314,0.005847234837211177,2.6333333333333333,3.2739839248757905,0.8777497489308631,9,RBS0p8_mRNA1min,0.8,1.0,8.448,53.9548380098379,8.349198508150863,12.664018583769634,2.514370860148603,0.0073028211092878844,0.002225828792969478,0.0012229835589401613,0.96315416366665,1.1264463899818167,62.24986482129669,0.9116920431676987,0.8630240160396426,0.18803207457896898
True,resolved_oscillation,1.0,9.420577153674998,8.471428571428572,0.0009599916400561736,0.9750330982952365,1.3972286381325836,0.0038085928389302933,2.933333333333333,3.953011917929809,0.8764819421324705,9,RBS0p8_mRNA1p5min,0.8,1.5,10.075,53.9548380098379,8.349198508150863,12.664018583769634,2.514370860148603,0.0073028211092878844,0.002225828792969478,0.0012229835589401613,0.96315416366665,1.1264463899818167,62.24986482129669,0.9116920431676987,0.8630240160396426,0.18803207457896898
True,resolved_oscillation,1.0,10.545856886758717,9.483333333333333,0.0,0.9840898845888316,1.455514465092611,0.0034053362429414744,3.183333333333333,4.440567793172636,0.8753143603240517,9,RBS0p8_mRNA2min,0.8,2.0,11.154285714285711,53.9548380098379,8.349198508150863,12.664018583769634,2.514370860148603,0.0073028211092878844,0.002225828792969478,0.0012229835589401613,0.96315416366665,1.1264463899818167,62.24986482129669,0.9116920431676987,0.8630240160396426,0.18803207457896898
True,resolved_oscillation,1.0,12.118159509887068,10.897222222222222,0.0006243919813365225,0.9907754261238636,1.4983844521766483,0.003199996091443207,3.533333333333333,5.052462571561462,0.8736563020774776,9,RBS0p8_mRNA3min,0.8,3.0,12.476666666666668,53.9548380098379,8.349198508150863,12.664018583769634,2.514370860148603,0.0073028211092878844,0.002225828792969478,0.0012229835589401613,0.96315416366665,1.1264463899818167,62.24986482129669,0.9116920431676987,0.8630240160396426,0.18803207457896898
True,resolved_oscillation,1.0,13.20363523045151,11.873333333333333,0.0007688413215962467,0.9933312614809889,1.501375867142111,0.003168802264811099,3.775,5.387618028674316,0.8723594300912914,9,RBS0p8_mRNA4min,0.8,4.0,13.19,53.9548380098379,8.349198508150863,12.664018583769634,2.514370860148603,0.0073028211092878844,0.002225828792969478,0.0012229835589401613,0.96315416366665,1.1264463899818167,62.24986482129669,0.9116920431676987,0.8630240160396426,0.18803207457896898
True,resolved_oscillation,1.0,8.599784877778637,7.733333333333333,0.0,0.9647521889777928,1.3330092603511416,0.004432040048888137,2.75,3.5469208042206466,0.8774907754069562,9,RBS1_mRNA1min,1.0,1.0,9.253333333333334,53.9548380098379,8.349198508150863,12.664018583769634,2.514370860148603,0.0073028211092878844,0.002225828792969478,0.0012229835589401613,0.96315416366665,1.1264463899818167,62.24986482129669,0.9116920431676987,0.8630240160396426,0.18803207457896898
True,resolved_oscillation,1.0,10.14869933390564,9.126190476190477,0.000976169419977548,0.9819254841770947,1.4299229226092733,0.0035095380036839785,3.075,4.212988230095002,0.8758803137795796,9,RBS1_mRNA1p5min,1.0,1.5,10.794285714285714,53.9548380098379,8.349198508150863,12.664018583769634,2.514370860148603,0.0073028211092878844,0.002225828792969478,0.0012229835589401613,0.96315416366665,1.1264463899818167,62.24986482129669,0.9116920431676987,0.8630240160396426,0.18803207457896898
True,resolved_oscillation,1.0,11.244854179780132,10.11190476190476,0.00080425011898278,0.9879698784504208,1.4701727293415054,0.003296594421999373,3.316666666666667,4.650221972065756,0.8746388307679318,9,RBS1_mRNA2min,1.0,2.0,11.762857142857142,53.9548380098379,8.349198508150863,12.664018583769634,2.514370860148603,0.0073028211092878844,0.002225828792969478,0.0012229835589401613,0.96315416366665,1.1264463899818167,62.24986482129669,0.9116920431676987,0.8630240160396426,0.18803207457896898
True,resolved_oscillation,1.0,12.742138154036235,11.458333333333334,0.0007966873563711506,0.9925967528666778,1.4877364127645485,0.003202729159185944,3.6333333333333333,5.140413459404194,0.8727166647228758,9,RBS1_mRNA3min,1.0,3.0,12.836666666666668,53.9548380098379,8.349198508150863,12.664018583769634,2.514370860148603,0.0073028211092878844,0.002225828792969478,0.0012229835589401613,0.96315416366665,1.1264463899818167,62.24986482129669,0.9116920431676987,0.8630240160396426,0.18803207457896898
True,resolved_oscillation,1.0,13.759655804445819,12.373333333333333,0.0007377728414670881,0.994410126516211,1.4712358836289745,0.003225049831585368,3.816666666666667,5.350851588163554,0.8708353309088305,9,RBS1_mRNA4min,1.0,4.0,13.29,53.9548380098379,8.349198508150863,12.664018583769634,2.514370860148603,0.0073028211092878844,0.002225828792969478,0.0012229835589401613,0.96315416366665,1.1264463899818167,62.24986482129669,0.9116920431676987,0.8630240160396426,0.18803207457896898
True,resolved_oscillation,1.0,9.206774004389091,8.279166666666667,0.0009318773022370926,0.9737206233680499,1.372139610703365,0.003903003089474004,2.8583333333333334,3.7762162308787017,0.8770479031298347,9,RBS1p2_mRNA1min,1.2,1.0,9.89,53.9548380098379,8.349198508150863,12.664018583769634,2.514370860148603,0.0073028211092878844,0.002225828792969478,0.0012229835589401613,0.96315416366665,1.1264463899818167,62.24986482129669,0.9116920431676987,0.8630240160396426,0.18803207457896898
True,resolved_oscillation,1.0,10.739140229147216,9.657142857142857,0.0009224993557134964,0.9857996845689367,1.447764259398837,0.0033812870990249525,3.183333333333333,4.404145870835619,0.8752886087470514,9,RBS1p2_mRNA1p5min,1.2,1.5,11.325714285714287,53.9548380098379,8.349198508150863,12.664018583769634,2.514370860148603,0.0073028211092878844,0.002225828792969478,0.0012229835589401613,0.96315416366665,1.1264463899818167,62.24986482129669,0.9116920431676987,0.8630240160396426,0.18803207457896898
True,resolved_oscillation,1.0,11.793814175057054,10.605555555555556,0.0008115208687705432,0.9902149671220539,1.4731854582749915,0.0032576412963895643,3.4,4.783410079559023,0.8739488920817489,9,RBS1p2_mRNA2min,1.2,2.0,12.174285714285713,53.9548380098379,8.349198508150863,12.664018583769634,2.514370860148603,0.0073028211092878844,0.002225828792969478,0.0012229835589401613,0.96315416366665,1.1264463899818167,62.24986482129669,0.9116920431676987,0.8630240160396426,0.18803207457896898
True,resolved_oscillation,1.0,13.214755641931397,11.883333333333333,0.0,0.9936718493270383,1.4687888795087471,0.0032346740968600043,3.683333333333333,5.149586408287795,0.8715202422947885,9,RBS1p2_mRNA3min,1.2,3.0,12.986666666666668,53.9548380098379,8.349198508150863,12.664018583769634,2.514370860148603,0.0073028211092878844,0.002225828792969478,0.0012229835589401613,0.96315416366665,1.1264463899818167,62.24986482129669,0.9116920431676987,0.8630240160396426,0.18803207457896898
True,resolved_oscillation,1.0,14.156283813895092,12.729999999999999,0.0005855113845246897,0.9950403062321628,1.4341878718593384,0.0033041324195460433,3.8333333333333335,5.237421637779653,0.8686980595400968,9,RBS1p2_mRNA4min,1.2,4.0,13.183333333333332,53.9548380098379,8.349198508150863,12.664018583769634,2.514370860148603,0.0073028211092878844,0.002225828792969478,0.0012229835589401613,0.96315416366665,1.1264463899818167,62.24986482129669,0.9116920431676987,0.8630240160396426,0.18803207457896898
True,resolved_oscillation,1.0,9.725064610862356,8.745238095238095,0.0009299347278300753,0.9791396366531426,1.3987546287569017,0.0036510268050339843,2.95,3.9650867168928965,0.8765696741324638,9,RBS1p4_mRNA1min,1.4,1.0,10.402857142857142,53.9548380098379,8.349198508150863,12.664018583769634,2.514370860148603,0.0073028211092878844,0.002225828792969478,0.0012229835589401613,0.96315416366665,1.1264463899818167,62.24986482129669,0.9116920431676987,0.8630240160396426,0.18803207457896898
True,resolved_oscillation,1.0,11.221024726608949,10.09047619047619,0.000882882818965064,0.9882375550123852,1.4564021662609234,0.003319851103910458,3.2666666666666666,4.542876170761612,0.8747096067289399,9,RBS1p4_mRNA1p5min,1.4,1.5,11.722857142857142,53.9548380098379,8.349198508150863,12.664018583769634,2.514370860148603,0.0073028211092878844,0.002225828792969478,0.0012229835589401613,0.96315416366665,1.1264463899818167,62.24986482129669,0.9116920431676987,0.8630240160396426,0.18803207457896898
True,resolved_oscillation,1.0,12.238630634252502,11.005555555555556,0.0007820259154381457,0.991652512891893,1.4689795956653138,0.0032504793392281925,3.466666666666667,4.861486618212917,0.873196715752446,9,RBS1p4_mRNA2min,1.4,2.0,12.446666666666667,53.9548380098379,8.349198508150863,12.664018583769634,2.514370860148603,0.0073028211092878844,0.002225828792969478,0.0012229835589401613,0.96315416366665,1.1264463899818167,62.24986482129669,0.9116920431676987,0.8630240160396426,0.18803207457896898
True,resolved_oscillation,1.0,13.58543602459427,12.216666666666667,0.0,0.99436297214071,1.4444662254158536,0.0032840537239392877,3.716666666666667,5.1041160419122935,0.8699831399978994,9,RBS1p4_mRNA3min,1.4,3.0,12.99,53.9548380098379,8.349198508150863,12.664018583769634,2.514370860148603,0.0073028211092878844,0.002225828792969478,0.0012229835589401613,0.96315416366665,1.1264463899818167,62.24986482129669,0.9116920431676987,0.8630240160396426,0.18803207457896898
True,resolved_oscillation,1.0,14.449121316198763,12.993333333333334,0.0007025686986982634,0.9954313545171632,1.3924785998658802,0.0034007011445645685,3.825,5.073293133844444,0.8658400042132821,9,RBS1p4_mRNA4min,1.4,4.0,12.96,53.9548380098379,8.349198508150863,12.664018583769634,2.514370860148603,0.0073028211092878844,0.002225828792969478,0.0012229835589401613,0.96315416366665,1.1264463899818167,62.24986482129669,0.9116920431676987,0.8630240160396426,0.18803207457896898
True,resolved_oscillation,1.0,6.222109819171148,5.426388888888889,0.0015815571554986553,0.8224182153002723,2.047622624950904,0.06434668288565883,2.1666666666666665,4.860922500565144,0.9710227054038959,10,RBS0p6_mRNA1min,0.6,1.0,7.42,52.32683812975588,11.269392949230223,15.255296554307105,2.5239577907330655,0.006077080510312201,0.01937420781586966,0.0022601669295892347,0.9515456805850275,0.9287966291447878,93.36620400818889,1.0441679953286247,1.103505791390149,0.030567666475149594
True,resolved_oscillation,1.0,7.3541264019037555,6.413636363636363,0.0010511975176606184,0.9312439312682257,2.391823605453758,0.036742243861673116,2.1666666666666665,5.4557201683466685,0.9700556263747891,10,RBS0p6_mRNA1p5min,0.6,1.5,9.077777777777778,52.32683812975588,11.269392949230223,15.255296554307105,2.5239577907330655,0.006077080510312201,0.01937420781586966,0.0022601669295892347,0.9515456805850275,0.9287966291447878,93.36620400818889,1.0441679953286247,1.103505791390149,0.030567666475149594
True,resolved_oscillation,1.0,8.204839976547161,7.155555555555555,0.0011645962732919255,0.958186606593318,2.5055456365845683,0.03328681175513194,2.2,5.753386652388085,0.9702036212055085,10,RBS0p6_mRNA2min,0.6,2.0,10.248571428571427,52.32683812975588,11.269392949230223,15.255296554307105,2.5239577907330655,0.006077080510312201,0.01937420781586966,0.0022601669295892347,0.9515456805850275,0.9287966291447878,93.36620400818889,1.0441679953286247,1.103505791390149,0.030567666475149594
True,resolved_oscillation,1.0,9.29733225603306,8.108333333333333,0.0010987101414693706,0.975559749233457,2.5138516838477662,0.03255424925746074,2.1666666666666665,5.753151545231318,0.9712434770393804,10,RBS0p6_mRNA3min,0.6,3.0,11.794285714285714,52.32683812975588,11.269392949230223,15.255296554307105,2.5239577907330655,0.006077080510312201,0.01937420781586966,0.0022601669295892347,0.9515456805850275,0.9287966291447878,93.36620400818889,1.0441679953286247,1.103505791390149,0.030567666475149594
True,resolved_oscillation,1.0,9.932078915709374,8.661904761904761,0.0009388813236173355,0.9814500211545074,2.4024537693706614,0.03393653202614254,2.066666666666667,5.349085789111777,0.9727574438694965,10,RBS0p6_mRNA4min,0.6,4.0,12.76,52.32683812975588,11.269392949230223,15.255296554307105,2.5239577907330655,0.006077080510312201,0.01937420781586966,0.0022601669295892347,0.9515456805850275,0.9287966291447878,93.36620400818889,1.0441679953286247,1.103505791390149,0.030567666475149594
True,resolved_oscillation,1.0,6.858986778813142,5.981818181818182,0.0008400772012045085,0.908289771450863,2.2610279672545093,0.04122317091914269,2.1166666666666667,5.078307093488431,0.9704597165873896,10,RBS0p8_mRNA1min,0.8,1.0,8.448,52.32683812975588,11.269392949230223,15.255296554307105,2.5239577907330655,0.006077080510312201,0.01937420781586966,0.0022601669295892347,0.9515456805850275,0.9287966291447878,93.36620400818889,1.0441679953286247,1.103505791390149,0.030567666475149594
True,resolved_oscillation,1.0,8.015007498828911,6.989999999999999,0.001231277490449028,0.9558566006844564,2.439252429413286,0.03425105645340129,2.1333333333333333,5.476874142467755,0.9706389593840523,10,RBS0p8_mRNA1p5min,0.8,1.5,10.075,52.32683812975588,11.269392949230223,15.255296554307105,2.5239577907330655,0.006077080510312201,0.01937420781586966,0.0022601669295892347,0.9515456805850275,0.9287966291447878,93.36620400818889,1.0441679953286247,1.103505791390149,0.030567666475149594
True,resolved_oscillation,1.0,8.76966591696164,7.648148148148149,0.0007263922518159807,0.9702223250523678,2.4568275540122673,0.033432431823886284,2.1166666666666667,5.496915997992238,0.9713432913871433,10,RBS0p8_mRNA2min,0.8,2.0,11.154285714285711,52.32683812975588,11.269392949230223,15.255296554307105,2.5239577907330655,0.006077080510312201,0.01937420781586966,0.0022601669295892347,0.9515456805850275,0.9287966291447878,93.36620400818889,1.0441679953286247,1.103505791390149,0.030567666475149594
True,resolved_oscillation,1.0,9.623578388640887,8.392857142857142,0.0010614630884465083,0.9799988745810053,2.3094122420118355,0.035313721576471904,1.9833333333333334,4.9721798797408265,0.9734854957515091,10,RBS0p8_mRNA3min,0.8,3.0,12.476666666666668,52.32683812975588,11.269392949230223,15.255296554307105,2.5239577907330655,0.006077080510312201,0.01937420781586966,0.0022601669295892347,0.9515456805850275,0.9287966291447878,93.36620400818889,1.0441679953286247,1.103505791390149,0.030567666475149594
True,resolved_oscillation,1.0,10.038552548945402,8.754761904761905,0.0009289231045199526,0.9829917373022535,2.0597074936289808,0.03953168847384172,1.8,4.195213419739031,0.9761572374006596,10,RBS0p8_mRNA4min,0.8,4.0,13.19,52.32683812975588,11.269392949230223,15.255296554307105,2.5239577907330655,0.006077080510312201,0.01937420781586966,0.0022601669295892347,0.9515456805850275,0.9287966291447878,93.36620400818889,1.0441679953286247,1.103505791390149,0.030567666475149594
True,resolved_oscillation,1.0,7.3888730421206406,6.443939393939393,0.0013049082459921568,0.9383853170690722,2.3423976709888987,0.03672864652833776,2.1,5.181483603410015,0.9706878297886236,10,RBS1_mRNA1min,1.0,1.0,9.253333333333334,52.32683812975588,11.269392949230223,15.255296554307105,2.5239577907330655,0.006077080510312201,0.01937420781586966,0.0022601669295892347,0.9515456805850275,0.9287966291447878,93.36620400818889,1.0441679953286247,1.103505791390149,0.030567666475149594
True,resolved_oscillation,1.0,8.468142294635113,7.385185185185184,0.000752256770310933,0.9664910600717864,2.415331937806865,0.034108800590587324,2.0833333333333335,5.325722396314048,0.9714532555991928,10,RBS1_mRNA1p5min,1.0,1.5,10.794285714285714,52.32683812975588,11.269392949230223,15.255296554307105,2.5239577907330655,0.006077080510312201,0.01937420781586966,0.0022601669295892347,0.9515456805850275,0.9287966291447878,93.36620400818889,1.0441679953286247,1.103505791390149,0.030567666475149594
True,resolved_oscillation,1.0,9.10383690332528,7.939583333333333,0.0010864322634621163,0.9755565096608195,2.3483955520510724,0.03481003592875299,2.0166666666666666,5.074282354104559,0.972734237822634,10,RBS1_mRNA2min,1.0,2.0,11.762857142857142,52.32683812975588,11.269392949230223,15.255296554307105,2.5239577907330655,0.006077080510312201,0.01937420781586966,0.0022601669295892347,0.9515456805850275,0.9287966291447878,93.36620400818889,1.0441679953286247,1.103505791390149,0.030567666475149594
True,resolved_oscillation,1.0,9.71913164923732,8.476190476190476,0.001051027355835377,0.9813991746471165,2.0548591117238098,0.039641287752666,1.8,4.14311473121503,0.9760624705055436,10,RBS1_mRNA3min,1.0,3.0,12.836666666666668,52.32683812975588,11.269392949230223,15.255296554307105,2.5239577907330655,0.006077080510312201,0.01937420781586966,0.0022601669295892347,0.9515456805850275,0.9287966291447878,93.36620400818889,1.0441679953286247,1.103505791390149,0.030567666475149594
True,resolved_oscillation,1.0,9.915698356749987,8.647619047619049,0.0007284557574517044,0.9820046228165114,1.6719639305526177,0.048679416312708584,1.55,3.1529557920203692,0.980013347913965,10,RBS1_mRNA4min,1.0,4.0,13.29,52.32683812975588,11.269392949230223,15.255296554307105,2.5239577907330655,0.006077080510312201,0.01937420781586966,0.0022601669295892347,0.9515456805850275,0.9287966291447878,93.36620400818889,1.0441679953286247,1.103505791390149,0.030567666475149594
True,resolved_oscillation,1.0,7.810523521152542,6.8116666666666665,0.00118190822495632,0.9531496432435277,2.368111745986387,0.03535503773524238,2.066666666666667,5.189889872253315,0.9711070722397576,10,RBS1p2_mRNA1min,1.2,1.0,9.89,52.32683812975588,11.269392949230223,15.255296554307105,2.5239577907330655,0.006077080510312201,0.01937420781586966,0.0022601669295892347,0.9515456805850275,0.9287966291447878,93.36620400818889,1.0441679953286247,1.103505791390149,0.030567666475149594
True,resolved_oscillation,1.0,8.780282945916799,7.657407407407407,0.0011471382080417336,0.9720449799383512,2.349501009614895,0.03487307584138956,2.0166666666666666,5.064593823498345,0.9724427655744872,10,RBS1p2_mRNA1p5min,1.2,1.5,11.325714285714287,52.32683812975588,11.269392949230223,15.255296554307105,2.5239577907330655,0.006077080510312201,0.01937420781586966,0.0022601669295892347,0.9515456805850275,0.9287966291447878,93.36620400818889,1.0441679953286247,1.103505791390149,0.030567666475149594
True,resolved_oscillation,1.0,9.287776929973417,8.1,0.0,0.9781674727490676,2.204510825388047,0.03700823676755418,1.9,4.576101074091393,0.9743165594440497,10,RBS1p2_mRNA2min,1.2,2.0,12.174285714285713,52.32683812975588,11.269392949230223,15.255296554307105,2.5239577907330655,0.006077080510312201,0.01937420781586966,0.0022601669295892347,0.9515456805850275,0.9287966291447878,93.36620400818889,1.0441679953286247,1.103505791390149,0.030567666475149594
True,resolved_oscillation,1.0,9.667259879199255,8.43095238095238,0.0007471763092529203,0.9810677979614424,1.7707290077407325,0.04598005684484163,1.6083333333333334,3.3606541200072093,0.9789098748560594,10,RBS1p2_mRNA3min,1.2,3.0,12.986666666666668,52.32683812975588,11.269392949230223,15.255296554307105,2.5239577907330655,0.006077080510312201,0.01937420781586966,0.0022601669295892347,0.9515456805850275,0.9287966291447878,93.36620400818889,1.0441679953286247,1.103505791390149,0.030567666475149594
True,resolved_oscillation,1.0,9.599007550201803,8.371428571428572,0.0009714591169851723,0.9781556274029994,1.2603493165043345,0.06457730485693787,1.3333333333333333,2.274539195280772,0.9842888581140605,10,RBS1p2_mRNA4min,1.2,4.0,13.183333333333332,52.32683812975588,11.269392949230223,15.255296554307105,2.5239577907330655,0.006077080510312201,0.01937420781586966,0.0022601669295892347,0.9515456805850275,0.9287966291447878,93.36620400818889,1.0441679953286247,1.103505791390149,0.030567666475149594
True,resolved_oscillation,1.0,8.139226737604277,7.098333333333333,0.0007424929937000187,0.9616491957111045,2.3622515008486134,0.03502873800890035,2.05,5.120515904596916,0.9716170067346572,10,RBS1p4_mRNA1min,1.4,1.0,10.402857142857142,52.32683812975588,11.269392949230223,15.255296554307105,2.5239577907330655,0.006077080510312201,0.01937420781586966,0.0022601669295892347,0.9515456805850275,0.9287966291447878,93.36620400818889,1.0441679953286247,1.103505791390149,0.030567666475149594
True,resolved_oscillation,1.0,8.984395327579739,7.835416666666666,0.000752041245611856,0.9752173184816809,2.257326708432762,0.03620236882236018,1.9333333333333333,4.73453329378894,0.9735587125184945,10,RBS1p4_mRNA1p5min,1.4,1.5,11.722857142857142,52.32683812975588,11.269392949230223,15.255296554307105,2.5239577907330655,0.006077080510312201,0.01937420781586966,0.0022601669295892347,0.9515456805850275,0.9287966291447878,93.36620400818889,1.0441679953286247,1.103505791390149,0.030567666475149594
True,resolved_oscillation,1.0,9.366608369965476,8.16875,0.0007213535130696737,0.9793235029668108,2.037301053250667,0.040006441616061185,1.7666666666666666,4.054202820315427,0.9760546234953761,10,RBS1p4_mRNA2min,1.4,2.0,12.446666666666667,52.32683812975588,11.269392949230223,15.255296554307105,2.5239577907330655,0.006077080510312201,0.01937420781586966,0.0022601669295892347,0.9515456805850275,0.9287966291447878,93.36620400818889,1.0441679953286247,1.103505791390149,0.030567666475149594
True,resolved_oscillation,1.0,9.49082760874084,8.277083333333334,0.00104213273497461,0.9790931665198911,1.4689529117010234,0.05541814163380393,1.4333333333333333,2.658612312062994,0.9819967099757166,10,RBS1p4_mRNA3min,1.4,3.0,12.99,52.32683812975588,11.269392949230223,15.255296554307105,2.5239577907330655,0.006077080510312201,0.01937420781586966,0.0022601669295892347,0.9515456805850275,0.9287966291447878,93.36620400818889,1.0441679953286247,1.103505791390149,0.030567666475149594
True,resolved_oscillation,1.0,9.063226767571797,7.904166666666667,0.0009760886660754364,0.9676026859201747,0.8440876300911656,0.0964849796278367,1.1666666666666667,1.56711741259889,0.9889267841933262,10,RBS1p4_mRNA4min,1.4,4.0,12.96,52.32683812975588,11.269392949230223,15.255296554307105,2.5239577907330655,0.006077080510312201,0.01937420781586966,0.0022601669295892347,0.9515456805850275,0.9287966291447878,93.36620400818889,1.0441679953286247,1.103505791390149,0.030567666475149594
True,resolved_oscillation,1.0,6.54643632970965,5.534722222222222,0.0008692852233720841,0.8182194761213474,1.5835155536629795,0.02076414705291655,2.4,3.831536968441139,0.8694011081499089,11,RBS0p6_mRNA1min,0.6,1.0,7.42,50.72734486490637,8.613761493275254,10.918322758690291,3.2031568931458834,0.005095139087763343,0.004540177141417451,0.003798641205636594,1.0027720311424881,0.8171943073241192,98.87348867793244,0.9384652230259223,1.1630134904422376,0.15523508860493582
True,resolved_oscillation,1.0,8.092282399033811,6.841666666666667,0.0012839129761138366,0.9454549119103399,1.952451191970988,0.007478781738267426,2.683333333333333,5.038775287667499,0.857545716313538,11,RBS0p6_mRNA1p5min,0.6,1.5,9.077777777777778,50.72734486490637,8.613761493275254,10.918322758690291,3.2031568931458834,0.005095139087763343,0.004540177141417451,0.003798641205636594,1.0027720311424881,0.8171943073241192,98.87348867793244,0.9384652230259223,1.1630134904422376,0.15523508860493582
True,resolved_oscillation,1.0,9.358857658809505,7.9125,0.0009750606632675634,0.9706587119446394,2.110689687215906,0.006611046690379212,2.9833333333333334,6.005738519076866,0.8537166830253998,11,RBS0p6_mRNA2min,0.6,2.0,10.248571428571427,50.72734486490637,8.613761493275254,10.918322758690291,3.2031568931458834,0.005095139087763343,0.004540177141417451,0.003798641205636594,1.0027720311424881,0.8171943073241192,98.87348867793244,0.9384652230259223,1.1630134904422376,0.15523508860493582
True,resolved_oscillation,1.0,11.109815230272623,9.392857142857142,0.0009484556113495416,0.9854302120150614,2.243587431429135,0.006158862670208363,3.441666666666667,7.302301063151167,0.8504284609344357,11,RBS0p6_mRNA3min,0.6,3.0,11.794285714285714,50.72734486490637,8.613761493275254,10.918322758690291,3.2031568931458834,0.005095139087763343,0.004540177141417451,0.003798641205636594,1.0027720311424881,0.8171943073241192,98.87348867793244,0.9384652230259223,1.1630134904422376,0.15523508860493582
True,resolved_oscillation,1.0,12.274773464389085,10.377777777777776,0.000829332622314222,0.9902400412294765,2.290984379897052,0.006023950159189723,3.7333333333333334,8.075952735774822,0.8486005891177433,11,RBS0p6_mRNA4min,0.6,4.0,12.76,50.72734486490637,8.613761493275254,10.918322758690291,3.2031568931458834,0.005095139087763343,0.004540177141417451,0.003798641205636594,1.0027720311424881,0.8171943073241192,98.87348867793244,0.9384652230259223,1.1630134904422376,0.15523508860493582
True,resolved_oscillation,1.0,7.4641470915681145,6.3106060606060606,0.0013324789364236838,0.9244895873079602,1.8387019769248063,0.008493712352316485,2.533333333333333,4.505274014370054,0.8599995897303727,11,RBS0p8_mRNA1min,0.8,1.0,8.448,50.72734486490637,8.613761493275254,10.918322758690291,3.2031568931458834,0.005095139087763343,0.004540177141417451,0.003798641205636594,1.0027720311424881,0.8171943073241192,98.87348867793244,0.9384652230259223,1.1630134904422376,0.15523508860493582
True,resolved_oscillation,1.0,9.201151789888018,7.779166666666667,0.0009917730045769164,0.9698281966903834,2.085780570154838,0.006692115476483826,2.925,5.808585617385028,0.8536837516138562,11,RBS0p8_mRNA1p5min,0.8,1.5,10.075,50.72734486490637,8.613761493275254,10.918322758690291,3.2031568931458834,0.005095139087763343,0.004540177141417451,0.003798641205636594,1.0027720311424881,0.8171943073241192,98.87348867793244,0.9384652230259223,1.1630134904422376,0.15523508860493582
True,resolved_oscillation,1.0,10.43111675866408,8.819047619047618,0.000714295710330613,0.9819281701699294,2.191389060159931,0.006313535433281175,3.2333333333333334,6.714391477698641,0.851036329552227,11,RBS0p8_mRNA2min,0.8,2.0,11.154285714285711,50.72734486490637,8.613761493275254,10.918322758690291,3.2031568931458834,0.005095139087763343,0.004540177141417451,0.003798641205636594,1.0027720311424881,0.8171943073241192,98.87348867793244,0.9384652230259223,1.1630134904422376,0.15523508860493582
True,resolved_oscillation,1.0,12.044785738878584,10.183333333333334,0.0,0.9899130324844868,2.2696231162913274,0.006080692111345103,3.6333333333333333,7.786017560406992,0.8481394264368304,11,RBS0p8_mRNA3min,0.8,3.0,12.476666666666668,50.72734486490637,8.613761493275254,10.918322758690291,3.2031568931458834,0.005095139087763343,0.004540177141417451,0.003798641205636594,1.0027720311424881,0.8171943073241192,98.87348867793244,0.9384652230259223,1.1630134904422376,0.15523508860493582
True,resolved_oscillation,1.0,13.056731731124794,11.03888888888889,0.0007796644884161885,0.9926480821249667,2.2852788596700044,0.006036617128517655,3.85,8.307566689547437,0.8458301429778594,11,RBS0p8_mRNA4min,0.8,4.0,13.19,50.72734486490637,8.613761493275254,10.918322758690291,3.2031568931458834,0.005095139087763343,0.004540177141417451,0.003798641205636594,1.0027720311424881,0.8171943073241192,98.87348867793244,0.9384652230259223,1.1630134904422376,0.15523508860493582
True,resolved_oscillation,1.0,8.31898458560845,7.033333333333333,0.0,0.9552014371948366,1.973860701697503,0.007216920082565352,2.7,5.101892120670627,0.8560495294356343,11,RBS1_mRNA1min,1.0,1.0,9.253333333333334,50.72734486490637,8.613761493275254,10.918322758690291,3.2031568931458834,0.005095139087763343,0.004540177141417451,0.003798641205636594,1.0027720311424881,0.8171943073241192,98.87348867793244,0.9384652230259223,1.1630134904422376,0.15523508860493582
True,resolved_oscillation,1.0,10.050932967514067,8.497619047619047,0.0007413144609315187,0.9795108185213294,2.156850076582918,0.006421644911468968,3.1166666666666667,6.380182548485846,0.8514375808838902,11,RBS1_mRNA1p5min,1.0,1.5,10.794285714285714,50.72734486490637,8.613761493275254,10.918322758690291,3.2031568931458834,0.005095139087763343,0.004540177141417451,0.003798641205636594,1.0027720311424881,0.8171943073241192,98.87348867793244,0.9384652230259223,1.1630134904422376,0.15523508860493582
True,resolved_oscillation,1.0,11.216829927040775,9.483333333333333,0.0,0.986879122312565,2.228973436868949,0.006195527717901006,3.4,7.180088771069571,0.8491794472636937,11,RBS1_mRNA2min,1.0,2.0,11.762857142857142,50.72734486490637,8.613761493275254,10.918322758690291,3.2031568931458834,0.005095139087763343,0.004540177141417451,0.003798641205636594,1.0027720311424881,0.8171943073241192,98.87348867793244,0.9384652230259223,1.1630134904422376,0.15523508860493582
True,resolved_oscillation,1.0,12.672323675628668,10.71388888888889,0.0006350764176259212,0.9919843711825025,2.2694787314466565,0.006078982106194135,3.7333333333333334,8.001734812059128,0.8459248373056714,11,RBS1_mRNA3min,1.0,3.0,12.836666666666668,50.72734486490637,8.613761493275254,10.918322758690291,3.2031568931458834,0.005095139087763343,0.004540177141417451,0.003798641205636594,1.0027720311424881,0.8171943073241192,98.87348867793244,0.9384652230259223,1.1630134904422376,0.15523508860493582
True,resolved_oscillation,1.0,13.513421643209933,11.425,0.0007990117542015551,0.993677564590703,2.2585301453969304,0.0061072616136730136,3.8666666666666667,8.253933653693219,0.8426566899974616,11,RBS1_mRNA4min,1.0,4.0,13.29,50.72734486490637,8.613761493275254,10.918322758690291,3.2031568931458834,0.005095139087763343,0.004540177141417451,0.003798641205636594,1.0027720311424881,0.8171943073241192,98.87348867793244,0.9384652230259223,1.1630134904422376,0.15523508860493582
True,resolved_oscillation,1.0,9.039612792208022,7.642592592592592,0.001149361882784727,0.9689166674871897,2.058562439014866,0.006783027515269447,2.85,5.604083368089461,0.8536264364694381,11,RBS1p2_mRNA1min,1.2,1.0,9.89,50.72734486490637,8.613761493275254,10.918322758690291,3.2031568931458834,0.005095139087763343,0.004540177141417451,0.003798641205636594,1.0027720311424881,0.8171943073241192,98.87348867793244,0.9384652230259223,1.1630134904422376,0.15523508860493582
True,resolved_oscillation,1.0,10.716606624055434,9.060416666666667,0.0009520334228682744,0.9844900860166067,2.196983528911114,0.006290049313952131,3.2666666666666666,6.7981858957680155,0.8498255542771519,11,RBS1p2_mRNA1p5min,1.2,1.5,11.325714285714287,50.72734486490637,8.613761493275254,10.918322758690291,3.2031568931458834,0.005095139087763343,0.004540177141417451,0.003798641205636594,1.0027720311424881,0.8171943073241192,98.87348867793244,0.9384652230259223,1.1630134904422376,0.15523508860493582
True,resolved_oscillation,1.0,11.80259458303487,9.978571428571428,0.0008149964818229221,0.9895439587609833,2.2450582867149778,0.006147275819850195,3.525,7.477767673944052,0.8475674101754915,11,RBS1p2_mRNA2min,1.2,2.0,12.174285714285713,50.72734486490637,8.613761493275254,10.918322758690291,3.2031568931458834,0.005095139087763343,0.004540177141417451,0.003798641205636594,1.0027720311424881,0.8171943073241192,98.87348867793244,0.9384652230259223,1.1630134904422376,0.15523508860493582
True,resolved_oscillation,1.0,13.096158198355166,11.072222222222223,0.0007773172797205051,0.993067839372888,2.254651635826384,0.006118070779929125,3.783333333333333,8.03588522179166,0.8434994940881918,11,RBS1p2_mRNA3min,1.2,3.0,12.986666666666668,50.72734486490637,8.613761493275254,10.918322758690291,3.2031568931458834,0.005095139087763343,0.004540177141417451,0.003798641205636594,1.0027720311424881,0.8171943073241192,98.87348867793244,0.9384652230259223,1.1630134904422376,0.15523508860493582
True,resolved_oscillation,1.0,13.744066476507609,11.620000000000001,0.000641442334337289,0.9940758466370863,2.217773153082743,0.006218991757546489,3.816666666666667,8.00956500380857,0.8388823256730594,11,RBS1p2_mRNA4min,1.2,4.0,13.183333333333332,50.72734486490637,8.613761493275254,10.918322758690291,3.2031568931458834,0.005095139087763343,0.004540177141417451,0.003798641205636594,1.0027720311424881,0.8171943073241192,98.87348867793244,0.9384652230259223,1.1630134904422376,0.15523508860493582
True,resolved_oscillation,1.0,9.642235392027802,8.152083333333334,0.0007228282966384336,0.9764153271897577,2.1145085621711823,0.00656120093031917,2.9833333333333334,6.014676933888131,0.8519355660711486,11,RBS1p4_mRNA1min,1.4,1.0,10.402857142857142,50.72734486490637,8.613761493275254,10.918322758690291,3.2031568931458834,0.005095139087763343,0.004540177141417451,0.003798641205636594,1.0027720311424881,0.8171943073241192,98.87348867793244,0.9384652230259223,1.1630134904422376,0.15523508860493582
True,resolved_oscillation,1.0,11.247807865578924,9.50952380952381,0.0009368195760575717,0.9874373984045911,2.219624360804583,0.006220355163345303,3.3833333333333333,7.101318641717734,0.8484775784015736,11,RBS1p4_mRNA1p5min,1.4,1.5,11.722857142857142,50.72734486490637,8.613761493275254,10.918322758690291,3.2031568931458834,0.005095139087763343,0.004540177141417451,0.003798641205636594,1.0027720311424881,0.8171943073241192,98.87348867793244,0.9384652230259223,1.1630134904422376,0.15523508860493582
True,resolved_oscillation,1.0,12.2550602307739,10.36111111111111,0.0008306666694278644,0.9911455231785551,2.248539063973507,0.006136075436078783,3.6,7.654101343177124,0.8459803474602486,11,RBS1p4_mRNA2min,1.4,2.0,12.446666666666667,50.72734486490637,8.613761493275254,10.918322758690291,3.2031568931458834,0.005095139087763343,0.004540177141417451,0.003798641205636594,1.0027720311424881,0.8171943073241192,98.87348867793244,0.9384652230259223,1.1630134904422376,0.15523508860493582
True,resolved_oscillation,1.0,13.36557239109604,11.3,0.0,0.9936412058626509,2.2297459194208193,0.006185892079076403,3.775,7.937877055973492,0.8407392989185066,11,RBS1p4_mRNA3min,1.4,3.0,12.99,50.72734486490637,8.613761493275254,10.918322758690291,3.2031568931458834,0.005095139087763343,0.004540177141417451,0.003798641205636594,1.0027720311424881,0.8171943073241192,98.87348867793244,0.9384652230259223,1.1630134904422376,0.15523508860493582
True,resolved_oscillation,1.0,13.818976764245313,11.683333333333334,0.0,0.9940983529049152,2.165933994344208,0.006367410304061909,3.7333333333333334,7.6373266166182665,0.8344074905148524,11,RBS1p4_mRNA4min,1.4,4.0,12.96,50.72734486490637,8.613761493275254,10.918322758690291,3.2031568931458834,0.005095139087763343,0.004540177141417451,0.003798641205636594,1.0027720311424881,0.8171943073241192,98.87348867793244,0.9384652230259223,1.1630134904422376,0.15523508860493582
True,resolved_oscillation,1.0,7.597799888532755,6.392424242424243,0.0013615934217914266,0.9369297210919677,1.9898412215666588,0.03120613458751641,2.183333333333333,4.46134031241306,0.9596906489787795,12,RBS0p6_mRNA1min,0.6,1.0,7.42,50.48112087346943,9.020935711354744,10.289572126444584,2.931659616801543,0.005484922521691104,0.018922733071293205,0.002734002509995598,0.9015175120015492,1.1991239605046344,72.45065369892436,0.93508578413756,1.171094525260127,0.043186836562250995
True,resolved_oscillation,1.0,8.945038219087415,7.525925925925926,0.0011671792544912815,0.9693327280085312,2.129420865162465,0.028478682212558833,2.2666666666666666,4.9354556953497255,0.9618383576871516,12,RBS0p6_mRNA1p5min,0.6,1.5,9.077777777777778,50.48112087346943,9.020935711354744,10.289572126444584,2.931659616801543,0.005484922521691104,0.018922733071293205,0.002734002509995598,0.9015175120015492,1.1991239605046344,72.45065369892436,0.93508578413756,1.171094525260127,0.043186836562250995
True,resolved_oscillation,1.0,9.768503382403381,8.21875,0.0007169650506327478,0.9791599824136473,2.1359325266090803,0.02831325552219312,2.25,4.9492909421386235,0.9636396408139386,12,RBS0p6_mRNA2min,0.6,2.0,10.248571428571427,50.48112087346943,9.020935711354744,10.289572126444584,2.931659616801543,0.005484922521691104,0.018922733071293205,0.002734002509995598,0.9015175120015492,1.1991239605046344,72.45065369892436,0.93508578413756,1.171094525260127,0.043186836562250995
True,resolved_oscillation,1.0,10.650021051385789,8.960416666666667,0.0009626583018028657,0.9859006500484458,1.9975720114569988,0.030245074947492203,2.066666666666667,4.365667975166419,0.967290143970056,12,RBS0p6_mRNA3min,0.6,3.0,11.794285714285714,50.48112087346943,9.020935711354744,10.289572126444584,2.931659616801543,0.005484922521691104,0.018922733071293205,0.002734002509995598,0.9015175120015492,1.1991239605046344,72.45065369892436,0.93508578413756,1.171094525260127,0.043186836562250995
True,resolved_oscillation,1.0,11.05646719972479,9.302380952380952,0.0006771823166277426,0.9879907694794968,1.7681159517142049,0.034163900284009716,1.8333333333333333,3.5513854450326447,0.9712999255308921,12,RBS0p6_mRNA4min,0.6,4.0,12.76,50.48112087346943,9.020935711354744,10.289572126444584,2.931659616801543,0.005484922521691104,0.018922733071293205,0.002734002509995598,0.9015175120015492,1.1991239605046344,72.45065369892436,0.93508578413756,1.171094525260127,0.043186836562250995
True,resolved_oscillation,1.0,8.41106521909957,7.076666666666667,0.0012161982559922805,0.9618025123411104,2.065594586135115,0.029446845931336483,2.2,4.65456259450009,0.9613692378742268,12,RBS0p8_mRNA1min,0.8,1.0,8.448,50.48112087346943,9.020935711354744,10.289572126444584,2.931659616801543,0.005484922521691104,0.018922733071293205,0.002734002509995598,0.9015175120015492,1.1991239605046344,72.45065369892436,0.93508578413756,1.171094525260127,0.043186836562250995
True,resolved_oscillation,1.0,9.567933350977608,8.05,0.0,0.9783501074469267,2.0908208745759627,0.028925468691604308,2.2,4.723136940875681,0.9639744192008293,12,RBS0p8_mRNA1p5min,0.8,1.5,10.075,50.48112087346943,9.020935711354744,10.289572126444584,2.931659616801543,0.005484922521691104,0.018922733071293205,0.002734002509995598,0.9015175120015492,1.1991239605046344,72.45065369892436,0.93508578413756,1.171094525260127,0.043186836562250995
True,resolved_oscillation,1.0,10.18202431139232,8.566666666666666,0.0,0.9837863706898731,2.0033972300598837,0.0301620087132869,2.066666666666667,4.355846901501425,0.9665498423711697,12,RBS0p8_mRNA2min,0.8,2.0,11.154285714285711,50.48112087346943,9.020935711354744,10.289572126444584,2.931659616801543,0.005484922521691104,0.018922733071293205,0.002734002509995598,0.9015175120015492,1.1991239605046344,72.45065369892436,0.93508578413756,1.171094525260127,0.043186836562250995
True,resolved_oscillation,1.0,10.70449686239032,9.00625,0.0009577592773662098,0.9871840721674381,1.6898302081429226,0.03574668889756861,1.7416666666666667,3.270173760917497,0.9722281645500999,12,RBS0p8_mRNA3min,0.8,3.0,12.476666666666668,50.48112087346943,9.020935711354744,10.289572126444584,2.931659616801543,0.005484922521691104,0.018922733071293205,0.002734002509995598,0.9015175120015492,1.1991239605046344,72.45065369892436,0.93508578413756,1.171094525260127,0.043186836562250995
True,resolved_oscillation,1.0,10.801775096326983,9.088095238095239,0.0008948520448833812,0.98699019622461,1.2839856477883898,0.04704201067890598,1.4166666666666667,2.2368894839764337,0.9787239667208066,12,RBS0p8_mRNA4min,0.8,4.0,13.19,50.48112087346943,9.020935711354744,10.289572126444584,2.931659616801543,0.005484922521691104,0.018922733071293205,0.002734002509995598,0.9015175120015492,1.1991239605046344,72.45065369892436,0.93508578413756,1.171094525260127,0.043186836562250995
True,resolved_oscillation,1.0,8.973651776382725,7.55,0.0,0.972087428112866,2.0727310497547817,0.029220260833308014,2.175,4.641188710063671,0.9628712980918115,12,RBS1_mRNA1min,1.0,1.0,9.253333333333334,50.48112087346943,9.020935711354744,10.289572126444584,2.931659616801543,0.005484922521691104,0.018922733071293205,0.002734002509995598,0.9015175120015492,1.1991239605046344,72.45065369892436,0.93508578413756,1.171094525260127,0.043186836562250995
True,resolved_oscillation,1.0,9.914597602824623,8.341666666666667,0.0010679769906590385,0.9823504991883815,1.9979303965643693,0.030248507118609814,2.066666666666667,4.316509234639693,0.9661982190569155,12,RBS1_mRNA1p5min,1.0,1.5,10.794285714285714,50.48112087346943,9.020935711354744,10.289572126444584,2.931659616801543,0.005484922521691104,0.018922733071293205,0.002734002509995598,0.9015175120015492,1.1991239605046344,72.45065369892436,0.93508578413756,1.171094525260127,0.043186836562250995
True,resolved_oscillation,1.0,10.332009661171027,8.692857142857143,0.0010248308372429312,0.9856423334437228,1.8191895893647132,0.03320820430484019,1.8666666666666667,3.6601157192886573,0.9697654282621901,12,RBS1_mRNA2min,1.0,2.0,11.762857142857142,50.48112087346943,9.020935711354744,10.289572126444584,2.931659616801543,0.005484922521691104,0.018922733071293205,0.002734002509995598,0.9015175120015492,1.1991239605046344,72.45065369892436,0.93508578413756,1.171094525260127,0.043186836562250995
True,resolved_oscillation,1.0,10.508879177419505,8.841666666666667,0.0010075824388781315,0.9864705972909824,1.3275543125992115,0.04549875731569274,1.4333333333333333,2.3028477219394015,0.9778624762580993,12,RBS1_mRNA3min,1.0,3.0,12.836666666666668,50.48112087346943,9.020935711354744,10.289572126444584,2.931659616801543,0.005484922521691104,0.018922733071293205,0.002734002509995598,0.9015175120015492,1.1991239605046344,72.45065369892436,0.93508578413756,1.171094525260127,0.043186836562250995
True,resolved_oscillation,1.0,10.167167272027447,8.554166666666667,0.000901919239914809,0.9806633101371017,0.7359419878440734,0.08207366152043166,1.075,1.250485286745535,0.9874067972310664,12,RBS1_mRNA4min,1.0,4.0,13.29,50.48112087346943,9.020935711354744,10.289572126444584,2.931659616801543,0.005484922521691104,0.018922733071293205,0.002734002509995598,0.9015175120015492,1.1991239605046344,72.45065369892436,0.93508578413756,1.171094525260127,0.043186836562250995
True,resolved_oscillation,1.0,9.35745862664192,7.872916666666667,0.0010956320074236902,0.9774265082199438,2.0414142062158396,0.029627170426824143,2.1166666666666667,4.489170352220346,0.9643466815151853,12,RBS1p2_mRNA1min,1.2,1.0,9.89,50.48112087346943,9.020935711354744,10.289572126444584,2.931659616801543,0.005484922521691104,0.018922733071293205,0.002734002509995598,0.9015175120015492,1.1991239605046344,72.45065369892436,0.93508578413756,1.171094525260127,0.043186836562250995
True,resolved_oscillation,1.0,10.085807294553149,8.485714285714286,0.000742354464384004,0.9843476201714036,1.8709691561420536,0.03229236593397554,1.9166666666666667,3.8274818198797362,0.9685872405294313,12,RBS1p2_mRNA1p5min,1.2,1.5,11.325714285714287,50.48112087346943,9.020935711354744,10.289572126444584,2.931659616801543,0.005484922521691104,0.018922733071293205,0.002734002509995598,0.9015175120015492,1.1991239605046344,72.45065369892436,0.93508578413756,1.171094525260127,0.043186836562250995
True,resolved_oscillation,1.0,10.318213838903647,8.68125,0.0006787682084824071,0.9861619760196798,1.6008921868213457,0.03773277331763563,1.65,2.9738359493317907,0.9733017671273023,12,RBS1p2_mRNA2min,1.2,2.0,12.174285714285713,50.48112087346943,9.020935711354744,10.289572126444584,2.931659616801543,0.005484922521691104,0.018922733071293205,0.002734002509995598,0.9015175120015492,1.1991239605046344,72.45065369892436,0.93508578413756,1.171094525260127,0.043186836562250995
True,resolved_oscillation,1.0,10.100310594885523,8.497916666666667,0.0006934118962358888,0.9831422903295471,0.930797011376361,0.06489189762756827,1.1666666666666667,1.5208210083486315,0.9841305636705072,12,RBS1p2_mRNA3min,1.2,3.0,12.986666666666668,50.48112087346943,9.020935711354744,10.289572126444584,2.931659616801543,0.005484922521691104,0.018922733071293205,0.002734002509995598,0.9015175120015492,1.1991239605046344,72.45065369892436,0.93508578413756,1.171094525260127,0.043186836562250995
True,resolved_oscillation,1.0,8.47841713088699,7.133333333333334,0.005507062158773735,0.9246199335737493,0.21172534958643036,0.2856196234458459,0.9916666666666667,0.5904536180587839,0.9962219374376255,12,RBS1p2_mRNA4min,1.2,4.0,13.183333333333332,50.48112087346943,9.020935711354744,10.289572126444584,2.931659616801543,0.005484922521691104,0.018922733071293205,0.002734002509995598,0.9015175120015492,1.1991239605046344,72.45065369892436,0.93508578413756,1.171094525260127,0.043186836562250995
True,resolved_oscillation,1.0,9.614980642299702,8.089583333333334,0.0010662872408071403,0.9805436251558097,1.9848440428374095,0.030453721631420284,2.05,4.247588282578074,0.9658620125103148,12,RBS1p4_mRNA1min,1.4,1.0,10.402857142857142,50.48112087346943,9.020935711354744,10.289572126444584,2.931659616801543,0.005484922521691104,0.018922733071293205,0.002734002509995598,0.9015175120015492,1.1991239605046344,72.45065369892436,0.93508578413756,1.171094525260127,0.043186836562250995
True,resolved_oscillation,1.0,10.14240553975266,8.533333333333333,0.0,0.9852963315116939,1.7201532638631596,0.03511919244828017,1.7666666666666666,3.3177421886504277,0.9711573747076572,12,RBS1p4_mRNA1p5min,1.4,1.5,11.722857142857142,50.48112087346943,9.020935711354744,10.289572126444584,2.931659616801543,0.005484922521691104,0.018922733071293205,0.002734002509995598,0.9015175120015492,1.1991239605046344,72.45065369892436,0.93508578413756,1.171094525260127,0.043186836562250995
True,resolved_oscillation,1.0,10.186976657847277,8.570833333333333,0.0009001653862640267,0.9856862364534402,1.3590040776122185,0.04444669927226104,1.45,2.347505739864542,0.9771352379389373,12,RBS1p4_mRNA2min,1.4,2.0,12.446666666666667,50.48112087346943,9.020935711354744,10.289572126444584,2.931659616801543,0.005484922521691104,0.018922733071293205,0.002734002509995598,0.9015175120015492,1.1991239605046344,72.45065369892436,0.93508578413756,1.171094525260127,0.043186836562250995
True,resolved_oscillation,1.0,9.347829064090615,7.864814814814816,0.0012734464123371752,0.9716091692431311,0.5209952503883125,0.11594659949482558,0.95,0.9282605349967034,0.9908597676965148,12,RBS1p4_mRNA3min,1.4,3.0,12.99,50.48112087346943,9.020935711354744,10.289572126444584,2.931659616801543,0.005484922521691104,0.018922733071293205,0.002734002509995598,0.9015175120015492,1.1991239605046344,72.45065369892436,0.93508578413756,1.171094525260127,0.043186836562250995
True,resolved_oscillation,1.0,7.8181042702260095,6.577777777777778,0.0077408373225605395,0.24141081354639238,0.06831906447929259,0.9356820084391765,3.283333333333333,0.432812941228986,0.9987170562804308,12,RBS1p4_mRNA4min,1.4,4.0,12.96,50.48112087346943,9.020935711354744,10.289572126444584,2.931659616801543,0.005484922521691104,0.018922733071293205,0.002734002509995598,0.9015175120015492,1.1991239605046344,72.45065369892436,0.93508578413756,1.171094525260127,0.043186836562250995
True,resolved_oscillation,1.0,6.139409973009,5.395833333333333,0.001396963758661453,0.8112892977245806,1.2803432753524873,0.057959887661895824,2.2,3.0379075654398195,0.989346000508532,13,RBS0p6_mRNA1min,0.6,1.0,7.42,52.73308044638142,8.419184900686274,10.57185283539186,2.5356223600135457,0.0019486008942524108,0.014799401444049506,0.004378187994570595,1.0737809897657669,0.8474757043572568,86.27485139450819,0.923774552606806,1.0627797177387235,0.018203076027734945
True,resolved_oscillation,1.0,7.3198833963906536,6.433333333333334,0.0,0.9331937409003395,1.5614284243842949,0.02782706710118659,2.2333333333333334,3.585818935633942,0.9885055949600945,13,RBS0p6_mRNA1p5min,0.6,1.5,9.077777777777778,52.73308044638142,8.419184900686274,10.57185283539186,2.5356223600135457,0.0019486008942524108,0.014799401444049506,0.004378187994570595,1.0737809897657669,0.8474757043572568,86.27485139450819,0.923774552606806,1.0627797177387235,0.018203076027734945
True,resolved_oscillation,1.0,8.20484339250006,7.211111111111111,0.001155624036979969,0.9603055855763792,1.668383578444129,0.024448622179566653,2.3,3.909565592232793,0.9883336391276335,13,RBS0p6_mRNA2min,0.6,2.0,10.248571428571427,52.73308044638142,8.419184900686274,10.57185283539186,2.5356223600135457,0.0019486008942524108,0.014799401444049506,0.004378187994570595,1.0737809897657669,0.8474757043572568,86.27485139450819,0.923774552606806,1.0627797177387235,0.018203076027734945
True,resolved_oscillation,1.0,9.327636387563867,8.197916666666666,0.0007187870710917892,0.9769537933575636,1.7274491596791115,0.023095193404894368,2.341666666666667,4.132122838061713,0.9883806903103562,13,RBS0p6_mRNA3min,0.6,3.0,11.794285714285714,52.73308044638142,8.419184900686274,10.57185283539186,2.5356223600135457,0.0019486008942524108,0.014799401444049506,0.004378187994570595,1.0737809897657669,0.8474757043572568,86.27485139450819,0.923774552606806,1.0627797177387235,0.018203076027734945
True,resolved_oscillation,1.0,9.977133813279877,8.76875,0.0006719950403293396,0.9822844159566497,1.7049410185666283,0.023297991498311035,2.308333333333333,4.046796301703625,0.988632093182799,13,RBS0p6_mRNA4min,0.6,4.0,12.76,52.73308044638142,8.419184900686274,10.57185283539186,2.5356223600135457,0.0019486008942524108,0.014799401444049506,0.004378187994570595,1.0737809897657669,0.8474757043572568,86.27485139450819,0.923774552606806,1.0627797177387235,0.018203076027734945
True,resolved_oscillation,1.0,6.820513112871775,5.9944444444444445,0.0013689507801223286,0.9096777060517776,1.4634155462639622,0.031929379002907037,2.1666666666666665,3.2954515938915754,0.9887577117016452,13,RBS0p8_mRNA1min,0.8,1.0,8.448,52.73308044638142,8.419184900686274,10.57185283539186,2.5356223600135457,0.0019486008942524108,0.014799401444049506,0.004378187994570595,1.0737809897657669,0.8474757043572568,86.27485139450819,0.923774552606806,1.0627797177387235,0.018203076027734945
True,resolved_oscillation,1.0,8.021530250448825,7.05,0.0,0.958241475306082,1.6270702495218148,0.02511719821136058,2.2333333333333334,3.726233973830303,0.9884840616225447,13,RBS0p8_mRNA1p5min,0.8,1.5,10.075,52.73308044638142,8.419184900686274,10.57185283539186,2.5356223600135457,0.0019486008942524108,0.014799401444049506,0.004378187994570595,1.0737809897657669,0.8474757043572568,86.27485139450819,0.923774552606806,1.0627797177387235,0.018203076027734945
True,resolved_oscillation,1.0,8.806142104142253,7.739583333333333,0.0011145069599068978,0.9720369181945752,1.6745117517673105,0.02392687663407241,2.2666666666666666,3.886633619782697,0.988515339439532,13,RBS0p8_mRNA2min,0.8,2.0,11.154285714285711,52.73308044638142,8.419184900686274,10.57185283539186,2.5356223600135457,0.0019486008942524108,0.014799401444049506,0.004378187994570595,1.0737809897657669,0.8474757043572568,86.27485139450819,0.923774552606806,1.0627797177387235,0.018203076027734945
True,resolved_oscillation,1.0,9.687602896185409,8.514285714285714,0.0007398633420202993,0.9809998794626141,1.6464998908933226,0.024133540051887503,2.216666666666667,3.7762735559199134,0.9888846770749145,13,RBS0p8_mRNA3min,0.8,3.0,12.476666666666668,52.73308044638142,8.419184900686274,10.57185283539186,2.5356223600135457,0.0019486008942524108,0.014799401444049506,0.004378187994570595,1.0737809897657669,0.8474757043572568,86.27485139450819,0.923774552606806,1.0627797177387235,0.018203076027734945
True,resolved_oscillation,1.0,10.114618669818302,8.889583333333333,0.0009703288858809761,0.9834278381654042,1.5525825145294536,0.025546787433446752,2.1166666666666667,3.4334269085412976,0.9894322131096738,13,RBS0p8_mRNA4min,0.8,4.0,13.19,52.73308044638142,8.419184900686274,10.57185283539186,2.5356223600135457,0.0019486008942524108,0.014799401444049506,0.004378187994570595,1.0737809897657669,0.8474757043572568,86.27485139450819,0.923774552606806,1.0627797177387235,0.018203076027734945
True,resolved_oscillation,1.0,7.383669474032305,6.489393939393939,0.0012957680995107734,0.941056528239782,1.5426806962935493,0.027424197760878576,2.183333333333333,3.452195332688887,0.9886488014045879,13,RBS1_mRNA1min,1.0,1.0,9.253333333333334,52.73308044638142,8.419184900686274,10.57185283539186,2.5356223600135457,0.0019486008942524108,0.014799401444049506,0.004378187994570595,1.0737809897657669,0.8474757043572568,86.27485139450819,0.923774552606806,1.0627797177387235,0.018203076027734945
True,resolved_oscillation,1.0,8.508258248308998,7.477777777777778,0.001114413075780089,0.9685896393651074,1.6395283552152273,0.024521435003892308,2.2333333333333334,3.73655600407634,0.9886059787524142,13,RBS1_mRNA1p5min,1.0,1.5,10.794285714285714,52.73308044638142,8.419184900686274,10.57185283539186,2.5356223600135457,0.0019486008942524108,0.014799401444049506,0.004378187994570595,1.0737809897657669,0.8474757043572568,86.27485139450819,0.923774552606806,1.0627797177387235,0.018203076027734945
True,resolved_oscillation,1.0,9.168817673976376,8.058333333333334,0.0011055273708890357,0.9770438435045397,1.639398726406284,0.024305139430992884,2.216666666666667,3.7269022276006702,0.9888079583674908,13,RBS1_mRNA2min,1.0,2.0,11.762857142857142,52.73308044638142,8.419184900686274,10.57185283539186,2.5356223600135457,0.0019486008942524108,0.014799401444049506,0.004378187994570595,1.0737809897657669,0.8474757043572568,86.27485139450819,0.923774552606806,1.0627797177387235,0.018203076027734945
True,resolved_oscillation,1.0,9.812219711964081,8.623809523809523,0.0010330362746476924,0.9821394174792893,1.5337099279646134,0.025873776319022886,2.0833333333333335,3.3401049783430543,0.9894944490044066,13,RBS1_mRNA3min,1.0,3.0,12.836666666666668,52.73308044638142,8.419184900686274,10.57185283539186,2.5356223600135457,0.0019486008942524108,0.014799401444049506,0.004378187994570595,1.0737809897657669,0.8474757043572568,86.27485139450819,0.923774552606806,1.0627797177387235,0.018203076027734945
True,resolved_oscillation,1.0,10.04587624154909,8.829166666666667,0.0008738273711869292,0.9824872096602105,1.3751731294357143,0.0288318796664489,1.9166666666666667,2.827959413312499,0.9903339540193806,13,RBS1_mRNA4min,1.0,4.0,13.29,52.73308044638142,8.419184900686274,10.57185283539186,2.5356223600135457,0.0019486008942524108,0.014799401444049506,0.004378187994570595,1.0737809897657669,0.8474757043572568,86.27485139450819,0.923774552606806,1.0627797177387235,0.018203076027734945
True,resolved_oscillation,1.0,7.8299996227194315,6.881666666666666,0.0007658701041822184,0.9558627728059222,1.58246077532482,0.025884308502939816,2.183333333333333,3.5373099767684333,0.9886472612446215,13,RBS1p2_mRNA1min,1.2,1.0,9.89,52.73308044638142,8.419184900686274,10.57185283539186,2.5356223600135457,0.0019486008942524108,0.014799401444049506,0.004378187994570595,1.0737809897657669,0.8474757043572568,86.27485139450819,0.923774552606806,1.0627797177387235,0.018203076027734945
True,resolved_oscillation,1.0,8.841698532557363,7.770833333333333,0.0009928365681206985,0.9738621694331105,1.6237944431761897,0.024603025406888534,2.191666666666667,3.6567443088207026,0.9888012544747792,13,RBS1p2_mRNA1p5min,1.2,1.5,11.325714285714287,52.73308044638142,8.419184900686274,10.57185283539186,2.5356223600135457,0.0019486008942524108,0.014799401444049506,0.004378187994570595,1.0737809897657669,0.8474757043572568,86.27485139450819,0.923774552606806,1.0627797177387235,0.018203076027734945
True,resolved_oscillation,1.0,9.375044958784013,8.239583333333334,0.0010468756905320166,0.9794051962276409,1.580770155021806,0.025148960089748915,2.1333333333333333,3.4923793897404445,0.9891710082234932,13,RBS1p2_mRNA2min,1.2,2.0,12.174285714285713,52.73308044638142,8.419184900686274,10.57185283539186,2.5356223600135457,0.0019486008942524108,0.014799401444049506,0.004378187994570595,1.0737809897657669,0.8474757043572568,86.27485139450819,0.923774552606806,1.0627797177387235,0.018203076027734945
True,resolved_oscillation,1.0,9.801722099765334,8.614583333333334,0.0006840210700716301,0.9818215053680515,1.4035305574387635,0.028259715276690127,1.9333333333333333,2.895433366668298,0.9901705943624807,13,RBS1p2_mRNA3min,1.2,3.0,12.986666666666668,52.73308044638142,8.419184900686274,10.57185283539186,2.5356223600135457,0.0019486008942524108,0.014799401444049506,0.004378187994570595,1.0737809897657669,0.8474757043572568,86.27485139450819,0.923774552606806,1.0627797177387235,0.018203076027734945
True,resolved_oscillation,1.0,9.85861238522951,8.664583333333333,0.0006800738458153859,0.9800189539459674,1.1869243061800432,0.033407886309985674,1.7333333333333334,2.283581277861794,0.9913000215971318,13,RBS1p2_mRNA4min,1.2,4.0,13.183333333333332,52.73308044638142,8.419184900686274,10.57185283539186,2.5356223600135457,0.0019486008942524108,0.014799401444049506,0.004378187994570595,1.0737809897657669,0.8474757043572568,86.27485139450819,0.923774552606806,1.0627797177387235,0.018203076027734945
True,resolved_oscillation,1.0,8.181665868792432,7.190740740740741,0.001221585498391081,0.9641157141241163,1.5970116707858266,0.025300234531191065,2.183333333333333,3.5640077500682583,0.9887171586641481,13,RBS1p4_mRNA1min,1.4,1.0,10.402857142857142,52.73308044638142,8.419184900686274,10.57185283539186,2.5356223600135457,0.0019486008942524108,0.014799401444049506,0.004378187994570595,1.0737809897657669,0.8474757043572568,86.27485139450819,0.923774552606806,1.0627797177387235,0.018203076027734945
True,resolved_oscillation,1.0,9.06688924585306,7.96875,0.0007394580718290694,0.9768035200873915,1.590282696689168,0.02504618907955678,2.1333333333333333,3.519134339513622,0.9890468044342773,13,RBS1p4_mRNA1p5min,1.4,1.5,11.722857142857142,52.73308044638142,8.419184900686274,10.57185283539186,2.5356223600135457,0.0019486008942524108,0.014799401444049506,0.004378187994570595,1.0737809897657669,0.8474757043572568,86.27485139450819,0.923774552606806,1.0627797177387235,0.018203076027734945
True,resolved_oscillation,1.0,9.476296121604184,8.32857142857143,0.0009764580489765197,0.9804110928595676,1.5072252555896466,0.026346884622535753,2.033333333333333,3.2212800020137755,0.9895834727697621,13,RBS1p4_mRNA2min,1.4,2.0,12.446666666666667,52.73308044638142,8.419184900686274,10.57185283539186,2.5356223600135457,0.0019486008942524108,0.014799401444049506,0.004378187994570595,1.0737809897657669,0.8474757043572568,86.27485139450819,0.923774552606806,1.0627797177387235,0.018203076027734945
True,resolved_oscillation,1.0,9.699793671642018,8.525,0.0010450097435480915,0.9804643843637179,1.2639429606859653,0.03137753626979435,1.7833333333333334,2.473193709879224,0.9908914381979304,13,RBS1p4_mRNA3min,1.4,3.0,12.99,52.73308044638142,8.419184900686274,10.57185283539186,2.5356223600135457,0.0019486008942524108,0.014799401444049506,0.004378187994570595,1.0737809897657669,0.8474757043572568,86.27485139450819,0.923774552606806,1.0627797177387235,0.018203076027734945
True,resolved_oscillation,1.0,9.60023567207971,8.4375,0.0009143902219975816,0.975914292838128,0.9967942318013789,0.03979838101403284,1.5666666666666667,1.815063305192359,0.9923109962132487,13,RBS1p4_mRNA4min,1.4,4.0,12.96,52.73308044638142,8.419184900686274,10.57185283539186,2.5356223600135457,0.0019486008942524108,0.014799401444049506,0.004378187994570595,1.0737809897657669,0.8474757043572568,86.27485139450819,0.923774552606806,1.0627797177387235,0.018203076027734945
True,resolved_oscillation,1.0,6.4928629897737045,5.082142857142857,0.0008764716296027037,0.8356096131098862,1.4736595972575215,0.023942041143580287,2.2333333333333334,3.3398529286359393,0.8676060113296813,14,RBS0p6_mRNA1min,0.6,1.0,7.42,46.96365407815253,8.504082333350722,12.732493180470462,2.748411333186394,0.008344430704431024,0.0021124438201732035,0.00207294531532351,1.0523790600530758,0.9071021999639558,77.48708512451984,1.0388083684121983,0.9925370310820296,0.1667875756140058
True,resolved_oscillation,1.0,7.888111620064094,6.174242424242424,0.0014097086249173078,0.9419354806461434,1.754722105564883,0.005068755656611173,2.433333333333333,4.121540521627023,0.860537448739294,14,RBS0p6_mRNA1p5min,0.6,1.5,9.077777777777778,46.96365407815253,8.504082333350722,12.732493180470462,2.748411333186394,0.008344430704431024,0.0021124438201732035,0.00207294531532351,1.0523790600530758,0.9071021999639558,77.48708512451984,1.0388083684121983,0.9925370310820296,0.1667875756140058
True,resolved_oscillation,1.0,9.064456511232915,7.095,0.0011347096348124216,0.9675376186739099,1.8879488729670018,0.003594165878833822,2.6666666666666665,4.804398846886098,0.8574672804745248,14,RBS0p6_mRNA2min,0.6,2.0,10.248571428571427,46.96365407815253,8.504082333350722,12.732493180470462,2.748411333186394,0.008344430704431024,0.0021124438201732035,0.00207294531532351,1.0523790600530758,0.9071021999639558,77.48708512451984,1.0388083684121983,0.9925370310820296,0.1667875756140058
True,resolved_oscillation,1.0,10.790259189728166,8.445833333333333,0.0009134880116157389,0.9836883794775804,2.010068936145204,0.0030630121912651443,3.05,5.811269144395824,0.8540275668018604,14,RBS0p6_mRNA3min,0.6,3.0,11.794285714285714,46.96365407815253,8.504082333350722,12.732493180470462,2.748411333186394,0.008344430704431024,0.0021124438201732035,0.00207294531532351,1.0523790600530758,0.9071021999639558,77.48708512451984,1.0388083684121983,0.9925370310820296,0.1667875756140058
True,resolved_oscillation,1.0,12.016384678973713,9.405555555555557,0.0009150580853413861,0.9891952475017983,2.056355536167704,0.0029428739480573977,3.35,6.485677643580777,0.8519684818668753,14,RBS0p6_mRNA4min,0.6,4.0,12.76,46.96365407815253,8.504082333350722,12.732493180470462,2.748411333186394,0.008344430704431024,0.0021124438201732035,0.00207294531532351,1.0523790600530758,0.9071021999639558,77.48708512451984,1.0388083684121983,0.9925370310820296,0.1667875756140058
True,resolved_oscillation,1.0,7.287550483837128,5.704166666666667,0.0013214522041392123,0.9208376019661778,1.655873824346241,0.006980824732746064,2.308333333333333,3.7200150985816194,0.8626593376344868,14,RBS0p8_mRNA1min,0.8,1.0,8.448,46.96365407815253,8.504082333350722,12.732493180470462,2.748411333186394,0.008344430704431024,0.0021124438201732035,0.00207294531532351,1.0523790600530758,0.9071021999639558,77.48708512451984,1.0388083684121983,0.9925370310820296,0.1667875756140058
True,resolved_oscillation,1.0,8.877077565264276,6.948333333333333,0.0007585218661953418,0.9661716772341763,1.8592214712739792,0.0036691087805547852,2.6,4.613458472463567,0.8579278355183829,14,RBS0p8_mRNA1p5min,0.8,1.5,10.075,46.96365407815253,8.504082333350722,12.732493180470462,2.748411333186394,0.008344430704431024,0.0021124438201732035,0.00207294531532351,1.0523790600530758,0.9071021999639558,77.48708512451984,1.0388083684121983,0.9925370310820296,0.1667875756140058
True,resolved_oscillation,1.0,10.068956713059116,7.88125,0.0007476677570040154,0.9795083691870861,1.9553185032781442,0.0032003292703468244,2.85,5.297644618060995,0.8552120841245798,14,RBS0p8_mRNA2min,0.8,2.0,11.154285714285711,46.96365407815253,8.504082333350722,12.732493180470462,2.748411333186394,0.008344430704431024,0.0021124438201732035,0.00207294531532351,1.0523790600530758,0.9071021999639558,77.48708512451984,1.0388083684121983,0.9925370310820296,0.1667875756140058
True,resolved_oscillation,1.0,11.744644649105771,9.192857142857143,0.0009690902322646831,0.9887136020792853,2.032005189202652,0.0029795072548811138,3.2333333333333334,6.208411681220696,0.8518948932092526,14,RBS0p8_mRNA3min,0.8,3.0,12.476666666666668,46.96365407815253,8.504082333350722,12.732493180470462,2.748411333186394,0.008344430704431024,0.0021124438201732035,0.00207294531532351,1.0523790600530758,0.9071021999639558,77.48708512451984,1.0388083684121983,0.9925370310820296,0.1667875756140058
True,resolved_oscillation,1.0,12.906637463391812,10.102380952380951,0.0006235567549056306,0.9920566283594132,2.049288507714907,0.0029351780051351953,3.5,6.761271212685161,0.8494026591999777,14,RBS0p8_mRNA4min,0.8,4.0,13.19,46.96365407815253,8.504082333350722,12.732493180470462,2.748411333186394,0.008344430704431024,0.0021124438201732035,0.00207294531532351,1.0523790600530758,0.9071021999639558,77.48708512451984,1.0388083684121983,0.9925370310820296,0.1667875756140058
True,resolved_oscillation,1.0,8.031743002201212,6.286666666666666,0.0011178075857788544,0.9503277121818822,1.7588686218990577,0.004490918311451294,2.4166666666666665,4.085810642974741,0.8602718462412569,14,RBS1_mRNA1min,1.0,1.0,9.253333333333334,46.96365407815253,8.504082333350722,12.732493180470462,2.748411333186394,0.008344430704431024,0.0021124438201732035,0.00207294531532351,1.0523790600530758,0.9071021999639558,77.48708512451984,1.0388083684121983,0.9925370310820296,0.1667875756140058
True,resolved_oscillation,1.0,9.669416062800858,7.568518518518518,0.0007340347443112309,0.9765867336747766,1.9191941235713994,0.003304016554212643,2.75,5.0096202991221634,0.8560002159319833,14,RBS1_mRNA1p5min,1.0,1.5,10.794285714285714,46.96365407815253,8.504082333350722,12.732493180470462,2.748411333186394,0.008344430704431024,0.0021124438201732035,0.00207294531532351,1.0523790600530758,0.9071021999639558,77.48708512451984,1.0388083684121983,0.9925370310820296,0.1667875756140058
True,resolved_oscillation,1.0,10.83816857932242,8.483333333333333,0.0,0.9850502139097201,1.9886166389968105,0.003074169927103837,3.0,5.654406779657498,0.8534247528076396,14,RBS1_mRNA2min,1.0,2.0,11.762857142857142,46.96365407815253,8.504082333350722,12.732493180470462,2.748411333186394,0.008344430704431024,0.0021124438201732035,0.00207294531532351,1.0523790600530758,0.9071021999639558,77.48708512451984,1.0388083684121983,0.9925370310820296,0.1667875756140058
True,resolved_oscillation,1.0,12.447315696488168,9.742857142857142,0.0009143835256045801,0.991192694618708,2.0316079122803554,0.0029641002853731755,3.3583333333333334,6.447242937157251,0.8497548904478983,14,RBS1_mRNA3min,1.0,3.0,12.836666666666668,46.96365407815253,8.504082333350722,12.732493180470462,2.748411333186394,0.008344430704431024,0.0021124438201732035,0.00207294531532351,1.0523790600530758,0.9071021999639558,77.48708512451984,1.0388083684121983,0.9925370310820296,0.1667875756140058
True,resolved_oscillation,1.0,13.542387458642553,10.6,0.0,0.9934972988668809,2.0252686844527275,0.0029638353549486683,3.6,6.874305178711082,0.8463052725122631,14,RBS1_mRNA4min,1.0,4.0,13.29,46.96365407815253,8.504082333350722,12.732493180470462,2.748411333186394,0.008344430704431024,0.0021124438201732035,0.00207294531532351,1.0523790600530758,0.9071021999639558,77.48708512451984,1.0388083684121983,0.9925370310820296,0.1667875756140058
True,resolved_oscillation,1.0,8.676922782070504,6.791666666666667,0.0012933650961833862,0.9646189864290602,1.8273919056401235,0.0037562854582449024,2.525,4.413824347703608,0.8584583578594304,14,RBS1p2_mRNA1min,1.2,1.0,9.89,46.96365407815253,8.504082333350722,12.732493180470462,2.748411333186394,0.008344430704431024,0.0021124438201732035,0.00207294531532351,1.0523790600530758,0.9071021999639558,77.48708512451984,1.0388083684121983,0.9925370310820296,0.1667875756140058
True,resolved_oscillation,1.0,10.311165293785622,8.070833333333333,0.0009559319563991238,0.9821694937157917,1.9549306180281314,0.0031574183740192222,2.8666666666666667,5.32068772784983,0.8544358205718015,14,RBS1p2_mRNA1p5min,1.2,1.5,11.325714285714287,46.96365407815253,8.504082333350722,12.732493180470462,2.748411333186394,0.008344430704431024,0.0021124438201732035,0.00207294531532351,1.0523790600530758,0.9071021999639558,77.48708512451984,1.0388083684121983,0.9925370310820296,0.1667875756140058
True,resolved_oscillation,1.0,11.449583646525284,8.96190476190476,0.0009074522463655331,0.9881488716308812,2.003637550386362,0.003023361733310935,3.1166666666666667,5.9116249384889406,0.8518084975797656,14,RBS1p2_mRNA2min,1.2,2.0,12.174285714285713,46.96365407815253,8.504082333350722,12.732493180470462,2.748411333186394,0.008344430704431024,0.0021124438201732035,0.00207294531532351,1.0523790600530758,0.9071021999639558,77.48708512451984,1.0388083684121983,0.9925370310820296,0.1667875756140058
True,resolved_oscillation,1.0,12.988767845553392,10.166666666666666,0.0,0.9926246373631016,2.0189133610115495,0.00297594680826145,3.45,6.579970196712747,0.8473460978421102,14,RBS1p2_mRNA3min,1.2,3.0,12.986666666666668,46.96365407815253,8.504082333350722,12.732493180470462,2.748411333186394,0.008344430704431024,0.0021124438201732035,0.00207294531532351,1.0523790600530758,0.9071021999639558,77.48708512451984,1.0388083684121983,0.9925370310820296,0.1667875756140058
True,resolved_oscillation,1.0,14.014383667237798,10.969444444444443,0.0006202810186840158,0.9943265421978452,1.9912368898021666,0.003011704745277523,3.6666666666666665,6.879410815601708,0.8424193370749501,14,RBS1p2_mRNA4min,1.2,4.0,13.183333333333332,46.96365407815253,8.504082333350722,12.732493180470462,2.748411333186394,0.008344430704431024,0.0021124438201732035,0.00207294531532351,1.0523790600530758,0.9071021999639558,77.48708512451984,1.0388083684121983,0.9925370310820296,0.1667875756140058
True,resolved_oscillation,1.0,9.234091238833313,7.227777777777778,0.0011529592621060721,0.9728049337236724,1.875029738824947,0.003447788400256244,2.625,4.697156064268345,0.8569778198130551,14,RBS1p4_mRNA1min,1.4,1.0,10.402857142857142,46.96365407815253,8.504082333350722,12.732493180470462,2.748411333186394,0.008344430704431024,0.0021124438201732035,0.00207294531532351,1.0523790600530758,0.9071021999639558,77.48708512451984,1.0388083684121983,0.9925370310820296,0.1667875756140058
True,resolved_oscillation,1.0,10.84615347758813,8.489583333333334,0.0010160474493384356,0.985571749157734,1.9760317987286737,0.0030859693060157393,2.975,5.564208412133053,0.8530582254951063,14,RBS1p4_mRNA1p5min,1.4,1.5,11.722857142857142,46.96365407815253,8.504082333350722,12.732493180470462,2.748411333186394,0.008344430704431024,0.0021124438201732035,0.00207294531532351,1.0523790600530758,0.9071021999639558,77.48708512451984,1.0388083684121983,0.9925370310820296,0.1667875756140058
True,resolved_oscillation,1.0,11.945407805500743,9.35,0.0,0.9900880612914804,2.007639399214247,0.0030042810460992934,3.216666666666667,6.095561059636411,0.8501987823443684,14,RBS1p4_mRNA2min,1.4,2.0,12.446666666666667,46.96365407815253,8.504082333350722,12.732493180470462,2.748411333186394,0.008344430704431024,0.0021124438201732035,0.00207294531532351,1.0523790600530758,0.9071021999639558,77.48708512451984,1.0388083684121983,0.9925370310820296,0.1667875756140058
True,resolved_oscillation,1.0,13.414629086391209,10.5,0.0,0.9935323795440624,1.9983888547359088,0.003003059511453623,3.5166666666666666,6.636913723098343,0.8445154734530356,14,RBS1p4_mRNA3min,1.4,3.0,12.99,46.96365407815253,8.504082333350722,12.732493180470462,2.748411333186394,0.008344430704431024,0.0021124438201732035,0.00207294531532351,1.0523790600530758,0.9071021999639558,77.48708512451984,1.0388083684121983,0.9925370310820296,0.1667875756140058
True,resolved_oscillation,1.0,14.372816878276295,11.25,0.0,0.9948371224612832,1.9503185574505868,0.0030733883415910066,3.7,6.807623562627664,0.8375742224311049,14,RBS1p4_mRNA4min,1.4,4.0,12.96,46.96365407815253,8.504082333350722,12.732493180470462,2.748411333186394,0.008344430704431024,0.0021124438201732035,0.00207294531532351,1.0523790600530758,0.9071021999639558,77.48708512451984,1.0388083684121983,0.9925370310820296,0.1667875756140058
True,resolved_oscillation,1.0,6.695716577823782,5.915151515151516,0.0008495452844148052,0.8695400051791202,1.8176547447364162,0.02192108477650946,2.566666666666667,4.692452110210562,0.8131288202171207,15,RBS0p6_mRNA1min,0.6,1.0,7.42,53.005393341251946,9.140401897011992,15.867355258926874,2.681215290209554,0.003559389579644342,0.003992380492441001,0.002630140808908848,0.9414357707869396,1.0190300206334475,62.916475641666814,1.0577843942473535,1.1194186619567372,0.18637654681790006
True,resolved_oscillation,1.0,8.042577804402935,7.105,0.0011331125769168376,0.9460115499188532,2.078343387794288,0.008540566964588714,2.75,5.564724999937736,0.8109718839799797,15,RBS0p6_mRNA1p5min,0.6,1.5,9.077777777777778,53.005393341251946,9.140401897011992,15.867355258926874,2.681215290209554,0.003559389579644342,0.003992380492441001,0.002630140808908848,0.9414357707869396,1.0190300206334475,62.916475641666814,1.0577843942473535,1.1194186619567372,0.18637654681790006
True,resolved_oscillation,1.0,9.133504526287991,8.06875,0.0007302936030844798,0.9681353819919855,2.2123110361800036,0.006854867088983652,2.966666666666667,6.318496453061016,0.8088693346613082,15,RBS0p6_mRNA2min,0.6,2.0,10.248571428571427,53.005393341251946,9.140401897011992,15.867355258926874,2.681215290209554,0.003559389579644342,0.003992380492441001,0.002630140808908848,0.9414357707869396,1.0190300206334475,62.916475641666814,1.0577843942473535,1.1194186619567372,0.18637654681790006
True,resolved_oscillation,1.0,10.718585814185339,9.469047619047618,0.0006652630905367338,0.9833353824941276,2.342724188415747,0.006083015961201992,3.3,7.4059035610898984,0.805311230491373,15,RBS0p6_mRNA3min,0.6,3.0,11.794285714285714,53.005393341251946,9.140401897011992,15.867355258926874,2.681215290209554,0.003559389579644342,0.003992380492441001,0.002630140808908848,0.9414357707869396,1.0190300206334475,62.916475641666814,1.0577843942473535,1.1194186619567372,0.18637654681790006
True,resolved_oscillation,1.0,11.832129282183221,10.452777777777778,0.000650940670418065,0.9888392942387584,2.398359896893782,0.0058694920691584425,3.5416666666666665,8.1154457646634,0.8024258212557537,15,RBS0p6_mRNA4min,0.6,4.0,12.76,53.005393341251946,9.140401897011992,15.867355258926874,2.681215290209554,0.003559389579644342,0.003992380492441001,0.002630140808908848,0.9414357707869396,1.0190300206334475,62.916475641666814,1.0577843942473535,1.1194186619567372,0.18637654681790006
True,resolved_oscillation,1.0,7.469222770600044,6.598484848484849,0.0007615671160402755,0.9286387231968413,1.9781324722536522,0.010441240500949068,2.6166666666666667,5.092710534076374,0.8122469018361675,15,RBS0p8_mRNA1min,0.8,1.0,8.448,53.005393341251946,9.140401897011992,15.867355258926874,2.681215290209554,0.003559389579644342,0.003992380492441001,0.002630140808908848,0.9414357707869396,1.0190300206334475,62.916475641666814,1.0577843942473535,1.1194186619567372,0.18637654681790006
True,resolved_oscillation,1.0,8.947202729857123,7.904166666666667,0.0009760886660754364,0.9666608412282239,2.179037815742641,0.006988227424849209,2.8833333333333333,6.075816647614922,0.8094528395102405,15,RBS0p8_mRNA1p5min,0.8,1.5,10.075,53.005393341251946,9.140401897011992,15.867355258926874,2.681215290209554,0.003559389579644342,0.003992380492441001,0.002630140808908848,0.9414357707869396,1.0190300206334475,62.916475641666814,1.0577843942473535,1.1194186619567372,0.18637654681790006
True,resolved_oscillation,1.0,10.039409644918377,8.869047619047619,0.0007102688083394874,0.9791024596145449,2.27878028726107,0.006325067630850713,3.1083333333333334,6.80776240540229,0.8069022986328239,15,RBS0p8_mRNA2min,0.8,2.0,11.154285714285711,53.005393341251946,9.140401897011992,15.867355258926874,2.681215290209554,0.003559389579644342,0.003992380492441001,0.002630140808908848,0.9414357707869396,1.0190300206334475,62.916475641666814,1.0577843942473535,1.1194186619567372,0.18637654681790006
True,resolved_oscillation,1.0,11.54869002106718,10.202380952380953,0.0006174448800617481,0.9882082632226864,2.365442601575858,0.005953884506613986,3.425,7.747288854943668,0.8027043643234388,15,RBS0p8_mRNA3min,0.8,3.0,12.476666666666668,53.005393341251946,9.140401897011992,15.867355258926874,2.681215290209554,0.003559389579644342,0.003992380492441001,0.002630140808908848,0.9414357707869396,1.0190300206334475,62.916475641666814,1.0577843942473535,1.1194186619567372,0.18637654681790006
True,resolved_oscillation,1.0,12.574192133789715,11.108333333333333,0.0008217892835786438,0.9916479769437531,2.3911815724657615,0.005860414505234814,3.625,8.276741140432971,0.7989117950903355,15,RBS0p8_mRNA4min,0.8,4.0,13.19,53.005393341251946,9.140401897011992,15.867355258926874,2.681215290209554,0.003559389579644342,0.003992380492441001,0.002630140808908848,0.9414357707869396,1.0190300206334475,62.916475641666814,1.0577843942473535,1.1194186619567372,0.18637654681790006
True,resolved_oscillation,1.0,8.162691367671444,7.211111111111111,0.001155624036979969,0.9525129969571993,2.076102134492031,0.008010968577591496,2.716666666666667,5.482097764833825,0.8112621177011813,15,RBS1_mRNA1min,1.0,1.0,9.253333333333334,53.005393341251946,9.140401897011992,15.867355258926874,2.681215290209554,0.003559389579644342,0.003992380492441001,0.002630140808908848,0.9414357707869396,1.0190300206334475,62.916475641666814,1.0577843942473535,1.1194186619567372,0.18637654681790006
True,resolved_oscillation,1.0,9.662089550881177,8.535714285714285,0.0007380059445089513,0.97618274011804,2.2377858364873346,0.00649976064988969,3.0,6.4722107022508455,0.8078584456007558,15,RBS1_mRNA1p5min,1.0,1.5,10.794285714285714,53.005393341251946,9.140401897011992,15.867355258926874,2.681215290209554,0.003559389579644342,0.003992380492441001,0.002630140808908848,0.9414357707869396,1.0190300206334475,62.916475641666814,1.0577843942473535,1.1194186619567372,0.18637654681790006
True,resolved_oscillation,1.0,10.718585814185339,9.469047619047618,0.0006652630905367338,0.9844193154452386,2.3121893125579898,0.006134961803653734,3.216666666666667,7.138569246965393,0.80497387168749,15,RBS1_mRNA2min,1.0,2.0,11.762857142857142,53.005393341251946,9.140401897011992,15.867355258926874,2.681215290209554,0.003559389579644342,0.003992380492441001,0.002630140808908848,0.9414357707869396,1.0190300206334475,62.916475641666814,1.0577843942473535,1.1194186619567372,0.18637654681790006
True,resolved_oscillation,1.0,12.140274025646935,10.725,0.0008511617055247336,0.9906579018788961,2.3645191572695077,0.005932104730607302,3.5,7.9024110545979,0.7998926090861949,15,RBS1_mRNA3min,1.0,3.0,12.836666666666668,53.005393341251946,9.140401897011992,15.867355258926874,2.681215290209554,0.003559389579644342,0.003992380492441001,0.002630140808908848,0.9414357707869396,1.0190300206334475,62.916475641666814,1.0577843942473535,1.1194186619567372,0.18637654681790006
True,resolved_oscillation,1.0,13.067852590155052,11.544444444444444,0.0007455213370947866,0.9930501194521872,2.3640850576535883,0.0059177340713432326,3.65,8.241926004163501,0.794695124444092,15,RBS1_mRNA4min,1.0,4.0,13.29,53.005393341251946,9.140401897011992,15.867355258926874,2.681215290209554,0.003559389579644342,0.003992380492441001,0.002630140808908848,0.9414357707869396,1.0190300206334475,62.916475641666814,1.0577843942473535,1.1194186619567372,0.18637654681790006
True,resolved_oscillation,1.0,8.751729958918407,7.731481481481482,0.000718562874251497,0.9649813536399849,2.1422301704367284,0.007142748030882957,2.816666666666667,5.822144844502913,0.8101203127090715,15,RBS1p2_mRNA1min,1.2,1.0,9.89,53.005393341251946,9.140401897011992,15.867355258926874,2.681215290209554,0.003559389579644342,0.003992380492441001,0.002630140808908848,0.9414357707869396,1.0190300206334475,62.916475641666814,1.0577843942473535,1.1194186619567372,0.18637654681790006
True,resolved_oscillation,1.0,10.233459978994652,9.040476190476191,0.0009854246475570032,0.9814919706465981,2.2732571422589545,0.006283497009412494,3.1,6.76979405624598,0.8062991281253079,15,RBS1p2_mRNA1p5min,1.2,1.5,11.325714285714287,53.005393341251946,9.140401897011992,15.867355258926874,2.681215290209554,0.003559389579644342,0.003992380492441001,0.002630140808908848,0.9414357707869396,1.0190300206334475,62.916475641666814,1.0577843942473535,1.1194186619567372,0.18637654681790006
True,resolved_oscillation,1.0,11.24952908936626,9.938095238095238,0.0008183158254240216,0.9874646966849824,2.3271380422754233,0.006055253895676886,3.3,7.354142705827048,0.8030363299604909,15,RBS1p2_mRNA2min,1.2,2.0,12.174285714285713,53.005393341251946,9.140401897011992,15.867355258926874,2.681215290209554,0.003559389579644342,0.003992380492441001,0.002630140808908848,0.9414357707869396,1.0190300206334475,62.916475641666814,1.0577843942473535,1.1194186619567372,0.18637654681790006
True,resolved_oscillation,1.0,12.574192133789715,11.108333333333333,0.0008217892835786438,0.9920717634507142,2.3495840534431998,0.005959022191071074,3.533333333333333,7.931056860588848,0.7966982779054264,15,RBS1p2_mRNA3min,1.2,3.0,12.986666666666668,53.005393341251946,9.140401897011992,15.867355258926874,2.681215290209554,0.003559389579644342,0.003992380492441001,0.002630140808908848,0.9414357707869396,1.0190300206334475,62.916475641666814,1.0577843942473535,1.1194186619567372,0.18637654681790006
True,resolved_oscillation,1.0,13.40240974020137,11.84,0.000771005852343984,0.9938257823641453,2.323914614500746,0.006015272799444484,3.6333333333333333,8.078067959081848,0.7895446336566897,15,RBS1p2_mRNA4min,1.2,4.0,13.183333333333332,53.005393341251946,9.140401897011992,15.867355258926874,2.681215290209554,0.003559389579644342,0.003992380492441001,0.002630140808908848,0.9414357707869396,1.0190300206334475,62.916475641666814,1.0577843942473535,1.1194186619567372,0.18637654681790006
True,resolved_oscillation,1.0,9.25377530626235,8.175,0.0010897502218651352,0.9724444554399653,2.1886295821289523,0.006733255243293574,2.8916666666666666,6.108050840837803,0.808958665982765,15,RBS1p4_mRNA1min,1.4,1.0,10.402857142857142,53.005393341251946,9.140401897011992,15.867355258926874,2.681215290209554,0.003559389579644342,0.003992380492441001,0.002630140808908848,0.9414357707869396,1.0190300206334475,62.916475641666814,1.0577843942473535,1.1194186619567372,0.18637654681790006
True,resolved_oscillation,1.0,10.702414953012317,9.454761904761906,0.0008601486414807016,0.9848077205039948,2.2942427626182207,0.006172675239097981,3.175,6.989149916053273,0.804768197124681,15,RBS1p4_mRNA1p5min,1.4,1.5,11.722857142857142,53.005393341251946,9.140401897011992,15.867355258926874,2.681215290209554,0.003559389579644342,0.003992380492441001,0.002630140808908848,0.9414357707869396,1.0190300206334475,62.916475641666814,1.0577843942473535,1.1194186619567372,0.18637654681790006
True,resolved_oscillation,1.0,11.669971479864852,10.309523809523808,0.0008641241077999866,0.9893940921051352,2.330459611202307,0.00602677364126539,3.35,7.4842184263272715,0.8010100891083359,15,RBS1p4_mRNA2min,1.4,2.0,12.446666666666667,53.005393341251946,9.140401897011992,15.867355258926874,2.681215290209554,0.003559389579644342,0.003992380492441001,0.002630140808908848,0.9414357707869396,1.0190300206334475,62.916475641666814,1.0577843942473535,1.1194186619567372,0.18637654681790006
True,resolved_oscillation,1.0,12.894914213721336,11.391666666666667,0.0008013497549453783,0.9929526760266082,2.3249976860347346,0.006016287843293347,3.5416666666666665,7.869108158966085,0.7929908486448941,15,RBS1p4_mRNA3min,1.4,3.0,12.99,53.005393341251946,9.140401897011992,15.867355258926874,2.681215290209554,0.003559389579644342,0.003992380492441001,0.002630140808908848,0.9414357707869396,1.0190300206334475,62.916475641666814,1.0577843942473535,1.1194186619567372,0.18637654681790006
True,resolved_oscillation,1.0,13.621255394742947,12.033333333333333,0.0,0.9942655285355715,2.27386682437641,0.006144895598623134,3.6,7.826150053854087,0.7832923362982913,15,RBS1p4_mRNA4min,1.4,4.0,12.96,53.005393341251946,9.140401897011992,15.867355258926874,2.681215290209554,0.003559389579644342,0.003992380492441001,0.002630140808908848,0.9414357707869396,1.0190300206334475,62.916475641666814,1.0577843942473535,1.1194186619567372,0.18637654681790006
True,resolved_oscillation,1.0,7.003655277910263,5.719444444444445,0.0011342869511824034,0.876897257071635,2.2407195781574285,0.019798765050850313,2.441666666666667,5.42393710127623,0.8061914608210571,16,RBS0p6_mRNA1min,0.6,1.0,7.42,48.99822350609182,9.744725990192244,15.63800378940855,3.364418143365321,0.008750846683314939,0.00920610261659989,0.002346360059551536,0.9759929236413463,0.9717360059372212,92.08815043845756,1.0904371945132678,1.1568200621027294,0.1615788439928028
True,resolved_oscillation,1.0,8.575821120285262,7.003333333333333,0.001003419850918096,0.9520375953417303,2.5437906129686527,0.014564049429942038,2.7,6.654311974745974,0.8053542486934945,16,RBS0p6_mRNA1p5min,0.6,1.5,9.077777777777778,48.99822350609182,9.744725990192244,15.63800378940855,3.364418143365321,0.008750846683314939,0.00920610261659989,0.002346360059551536,0.9759929236413463,0.9717360059372212,92.08815043845756,1.0904371945132678,1.1568200621027294,0.1615788439928028
True,resolved_oscillation,1.0,9.775864627835888,7.983333333333333,0.0,0.9717157012259993,2.674844046595672,0.01369204228108551,2.925,7.553226406896292,0.8055817103615363,16,RBS0p6_mRNA2min,0.6,2.0,10.248571428571427,48.99822350609182,9.744725990192244,15.63800378940855,3.364418143365321,0.008750846683314939,0.00920610261659989,0.002346360059551536,0.9759929236413463,0.9717360059372212,92.08815043845756,1.0904371945132678,1.1568200621027294,0.1615788439928028
True,resolved_oscillation,1.0,11.414407998203849,9.321428571428573,0.0008724521724954958,0.9846651044609316,2.769445510945986,0.013188592107821967,3.225,8.573973209600869,0.8063725037581656,16,RBS0p6_mRNA3min,0.6,3.0,11.794285714285714,48.99822350609182,9.744725990192244,15.63800378940855,3.364418143365321,0.008750846683314939,0.00920610261659989,0.002346360059551536,0.9759929236413463,0.9717360059372212,92.08815043845756,1.0904371945132678,1.1568200621027294,0.1615788439928028
True,resolved_oscillation,1.0,12.481502079261986,10.192857142857143,0.0008740148065344409,0.9892574515439244,2.7821535268812667,0.013123807735708386,3.3583333333333334,8.977785333627724,0.807180305756588,16,RBS0p6_mRNA4min,0.6,4.0,12.76,48.99822350609182,9.744725990192244,15.63800378940855,3.364418143365321,0.008750846683314939,0.00920610261659989,0.002346360059551536,0.9759929236413463,0.9717360059372212,92.08815043845756,1.0904371945132678,1.1568200621027294,0.1615788439928028
True,resolved_oscillation,1.0,7.9520508246165535,6.493939393939394,0.001294861122306263,0.9370477823326457,2.4389932587943424,0.015428901877071468,2.566666666666667,6.0782242074837045,0.8052413272744634,16,RBS0p8_mRNA1min,0.8,1.0,8.448,48.99822350609182,9.744725990192244,15.63800378940855,3.364418143365321,0.008750846683314939,0.00920610261659989,0.002346360059551536,0.9759929236413463,0.9717360059372212,92.08815043845756,1.0904371945132678,1.1568200621027294,0.1615788439928028
True,resolved_oscillation,1.0,9.612593402318797,7.85,0.0,0.9709494626062588,2.646098254379336,0.013841644711452404,2.8666666666666667,7.31227581001055,0.8053303954158987,16,RBS0p8_mRNA1p5min,0.8,1.5,10.075,48.99822350609182,9.744725990192244,15.63800378940855,3.364418143365321,0.008750846683314939,0.00920610261659989,0.002346360059551536,0.9759929236413463,0.9717360059372212,92.08815043845756,1.0904371945132678,1.1568200621027294,0.1615788439928028
True,resolved_oscillation,1.0,10.75549198093844,8.783333333333333,0.0,0.9814273949672307,2.7240462881177234,0.013412772041939363,3.066666666666667,8.042664784390453,0.8058025158044644,16,RBS0p8_mRNA2min,0.8,2.0,11.154285714285711,48.99822350609182,9.744725990192244,15.63800378940855,3.364418143365321,0.008750846683314939,0.00920610261659989,0.002346360059551536,0.9759929236413463,0.9717360059372212,92.08815043845756,1.0904371945132678,1.1568200621027294,0.1615788439928028
True,resolved_oscillation,1.0,12.227848568190788,9.985714285714286,0.0006308419911932739,0.9889305411947904,2.75326912298699,0.01326113299097602,3.2583333333333333,8.632381114280003,0.8067995227509076,16,RBS0p8_mRNA3min,0.8,3.0,12.476666666666668,48.99822350609182,9.744725990192244,15.63800378940855,3.364418143365321,0.008750846683314939,0.00920610261659989,0.002346360059551536,0.9759929236413463,0.9717360059372212,92.08815043845756,1.0904371945132678,1.1568200621027294,0.1615788439928028
True,resolved_oscillation,1.0,13.112720299341458,10.708333333333334,0.0008524864708251613,0.991738037464177,2.715869895663878,0.013441947351937437,3.2666666666666666,8.574428593407795,0.8078512916181103,16,RBS0p8_mRNA4min,0.8,4.0,13.19,48.99822350609182,9.744725990192244,15.63800378940855,3.364418143365321,0.008750846683314939,0.00920610261659989,0.002346360059551536,0.9759929236413463,0.9717360059372212,92.08815043845756,1.0904371945132678,1.1568200621027294,0.1615788439928028
True,resolved_oscillation,1.0,8.77129305972378,7.162962962962963,0.0010260152447251515,0.9591578063492432,2.54907650172276,0.014445088724623292,2.683333333333333,6.634801856115525,0.8050390202509319,16,RBS1_mRNA1min,1.0,1.0,9.253333333333334,48.99822350609182,9.744725990192244,15.63800378940855,3.364418143365321,0.008750846683314939,0.00920610261659989,0.002346360059551536,0.9759929236413463,0.9717360059372212,92.08815043845756,1.0904371945132678,1.1568200621027294,0.1615788439928028
True,resolved_oscillation,1.0,10.388131723524983,8.483333333333333,0.0,0.9792329394651906,2.692821198726442,0.013572215749089706,2.9833333333333334,7.728323939078975,0.8054797751773173,16,RBS1_mRNA1p5min,1.0,1.5,10.794285714285714,48.99822350609182,9.744725990192244,15.63800378940855,3.364418143365321,0.008750846683314939,0.00920610261659989,0.002346360059551536,0.9759929236413463,0.9717360059372212,92.08815043845756,1.0904371945132678,1.1568200621027294,0.1615788439928028
True,resolved_oscillation,1.0,11.452310246984602,9.352380952380951,0.0006735619427353846,0.9859874042120783,2.7330006480901443,0.013361628625528851,3.1416666666666666,8.250903594926964,0.8060616882625344,16,RBS1_mRNA2min,1.0,2.0,11.762857142857142,48.99822350609182,9.744725990192244,15.63800378940855,3.364418143365321,0.008750846683314939,0.00920610261659989,0.002346360059551536,0.9759929236413463,0.9717360059372212,92.08815043845756,1.0904371945132678,1.1568200621027294,0.1615788439928028
True,resolved_oscillation,1.0,12.741958558063063,10.405555555555557,0.0008271187071452039,0.9910394962002225,2.7073263222375763,0.01348437331683095,3.216666666666667,8.38411704477157,0.807240689336922,16,RBS1_mRNA3min,1.0,3.0,12.836666666666668,48.99822350609182,9.744725990192244,15.63800378940855,3.364418143365321,0.008750846683314939,0.00920610261659989,0.002346360059551536,0.9759929236413463,0.9717360059372212,92.08815043845756,1.0904371945132678,1.1568200621027294,0.1615788439928028
True,resolved_oscillation,1.0,13.439262750375642,10.975,0.000831773056196152,0.9929642076349641,2.6198170020717892,0.01393318111556332,3.1,7.890045999106212,0.8085913379063175,16,RBS1_mRNA4min,1.0,4.0,13.29,48.99822350609182,9.744725990192244,15.63800378940855,3.364418143365321,0.008750846683314939,0.00920610261659989,0.002346360059551536,0.9759929236413463,0.9717360059372212,92.08815043845756,1.0904371945132678,1.1568200621027294,0.1615788439928028
True,resolved_oscillation,1.0,9.440251553161866,7.709259259259259,0.0011394226495922575,0.97010420223919,2.6144146267606603,0.014010386802557733,2.7916666666666665,7.061341136108458,0.805041889437788,16,RBS1p2_mRNA1min,1.2,1.0,9.89,48.99822350609182,9.744725990192244,15.63800378940855,3.364418143365321,0.008750846683314939,0.00920610261659989,0.002346360059551536,0.9759929236413463,0.9717360059372212,92.08815043845756,1.0904371945132678,1.1568200621027294,0.1615788439928028
True,resolved_oscillation,1.0,10.985821031221484,8.971428571428572,0.0009064889212632341,0.9837336870868564,2.710893962172838,0.01347299723941824,3.05,7.96589280679293,0.8056654549897427,16,RBS1p2_mRNA1p5min,1.2,1.5,11.325714285714287,48.99822350609182,9.744725990192244,15.63800378940855,3.364418143365321,0.008750846683314939,0.00920610261659989,0.002346360059551536,0.9759929236413463,0.9717360059372212,92.08815043845756,1.0904371945132678,1.1568200621027294,0.1615788439928028
True,resolved_oscillation,1.0,11.962532826725514,9.769047619047619,0.000644833368526588,0.988557697039145,2.719983972855546,0.013422981318716106,3.15,8.265544718408881,0.8063199923955332,16,RBS1p2_mRNA2min,1.2,2.0,12.174285714285713,48.99822350609182,9.744725990192244,15.63800378940855,3.364418143365321,0.008750846683314939,0.00920610261659989,0.002346360059551536,0.9759929236413463,0.9717360059372212,92.08815043845756,1.0904371945132678,1.1568200621027294,0.1615788439928028
True,resolved_oscillation,1.0,13.061698041367368,10.666666666666666,0.0,0.9922461386498146,2.641756714479495,0.01381777218962277,3.1,7.94807097624953,0.80769199715966,16,RBS1p2_mRNA3min,1.2,3.0,12.986666666666668,48.99822350609182,9.744725990192244,15.63800378940855,3.364418143365321,0.008750846683314939,0.00920610261659989,0.002346360059551536,0.9759929236413463,0.9717360059372212,92.08815043845756,1.0904371945132678,1.1568200621027294,0.1615788439928028
True,resolved_oscillation,1.0,13.578723588838159,11.08888888888889,0.0007761489671758351,0.9936320739166354,2.5015630104056585,0.014589995455917559,2.9,7.081647502641399,0.8094075249383674,16,RBS1p2_mRNA4min,1.2,4.0,13.183333333333332,48.99822350609182,9.744725990192244,15.63800378940855,3.364418143365321,0.008750846683314939,0.00920610261659989,0.002346360059551536,0.9759929236413463,0.9717360059372212,92.08815043845756,1.0904371945132678,1.1568200621027294,0.1615788439928028
True,resolved_oscillation,1.0,9.990158111327073,8.158333333333333,0.0010919764735951966,0.9764658991995144,2.6536410660982006,0.013778752793383295,2.8833333333333333,7.375243400953078,0.8051269767439678,16,RBS1p4_mRNA1min,1.4,1.0,10.402857142857142,48.99822350609182,9.744725990192244,15.63800378940855,3.364418143365321,0.008750846683314939,0.00920610261659989,0.002346360059551536,0.9759929236413463,0.9717360059372212,92.08815043845756,1.0904371945132678,1.1568200621027294,0.1615788439928028
True,resolved_oscillation,1.0,11.452310246984602,9.352380952380951,0.0006735619427353846,0.986502959505358,2.711850353359281,0.01346474635110764,3.1,8.06967289766183,0.8058526884008684,16,RBS1p4_mRNA1p5min,1.4,1.5,11.722857142857142,48.99822350609182,9.744725990192244,15.63800378940855,3.364418143365321,0.008750846683314939,0.00920610261659989,0.002346360059551536,0.9759929236413463,0.9717360059372212,92.08815043845756,1.0904371945132678,1.1568200621027294,0.1615788439928028
True,resolved_oscillation,1.0,12.33863975693453,10.076190476190476,0.0008841345431885495,0.9901707449846011,2.692661878856706,0.01355782387447285,3.1333333333333333,8.142117194169703,0.8065691389414615,16,RBS1p4_mRNA2min,1.4,2.0,12.446666666666667,48.99822350609182,9.744725990192244,15.63800378940855,3.364418143365321,0.008750846683314939,0.00920610261659989,0.002346360059551536,0.9759929236413463,0.9717360059372212,92.08815043845756,1.0904371945132678,1.1568200621027294,0.1615788439928028
True,resolved_oscillation,1.0,13.248779653939035,10.819444444444445,0.0006288805501368878,0.9929912273476741,2.5611680187276993,0.014251235895612994,2.966666666666667,7.403316462319541,0.8081509926662012,16,RBS1p4_mRNA3min,1.4,3.0,12.99,48.99822350609182,9.744725990192244,15.63800378940855,3.364418143365321,0.008750846683314939,0.00920610261659989,0.002346360059551536,0.9759929236413463,0.9717360059372212,92.08815043845756,1.0904371945132678,1.1568200621027294,0.1615788439928028
True,resolved_oscillation,1.0,13.592329524297917,11.1,0.0,0.993989188753005,2.3654230722966156,0.01542738168995653,2.6666666666666665,6.2443780650121194,0.8103414003529904,16,RBS1p4_mRNA4min,1.4,4.0,12.96,48.99822350609182,9.744725990192244,15.63800378940855,3.364418143365321,0.008750846683314939,0.00920610261659989,0.002346360059551536,0.9759929236413463,0.9717360059372212,92.08815043845756,1.0904371945132678,1.1568200621027294,0.1615788439928028
True,resolved_oscillation,1.0,7.943684553957464,6.057575757575758,0.0014368590911800973,0.9380887365299222,1.9070132196124518,0.0027769269117322035,2.275,4.176706898263162,0.9881557500208521,17,RBS0p6_mRNA1min,0.6,1.0,7.42,45.753899589766064,8.983146544068092,11.594119012180757,3.0699988009909327,0.0034059218138344314,0.001471449715617466,0.0016161892376874705,0.9927487211280723,1.1593862296158326,73.78545044975553,0.9687373408567128,0.9176192200707338,0.013649662949429375
True,resolved_oscillation,1.0,9.774515969831214,7.453703703703704,0.0009859942774153754,0.9736330539189295,2.133203702962372,0.0018691612924861246,2.683333333333333,5.415757960920109,0.9882790082873029,17,RBS0p6_mRNA1p5min,0.6,1.5,9.077777777777778,45.753899589766064,8.983146544068092,11.594119012180757,3.0699988009909327,0.0034059218138344314,0.001471449715617466,0.0016161892376874705,0.9927487211280723,1.1593862296158326,73.78545044975553,0.9687373408567128,0.9176192200707338,0.013649662949429375
True,resolved_oscillation,1.0,11.083754708274755,8.452083333333333,0.0006971720790599434,0.9841877087471135,2.2362260268412815,0.001723518064800894,3.0,6.311801688550499,0.9883286038051569,17,RBS0p6_mRNA2min,0.6,2.0,10.248571428571427,45.753899589766064,8.983146544068092,11.594119012180757,3.0699988009909327,0.0034059218138344314,0.001471449715617466,0.0016161892376874705,0.9927487211280723,1.1593862296158326,73.78545044975553,0.9687373408567128,0.9176192200707338,0.013649662949429375
True,resolved_oscillation,1.0,12.90756490411855,9.842857142857143,0.0009050937074924871,0.9915624091105858,2.3242933956614666,0.001639808592337839,3.45,7.520832201276955,0.988331000666899,17,RBS0p6_mRNA3min,0.6,3.0,11.794285714285714,45.753899589766064,8.983146544068092,11.594119012180757,3.0699988009909327,0.0034059218138344314,0.001471449715617466,0.0016161892376874705,0.9927487211280723,1.1593862296158326,73.78545044975553,0.9687373408567128,0.9176192200707338,0.013649662949429375
True,resolved_oscillation,1.0,14.191868652843135,10.822222222222223,0.0007952737877222622,0.9942795128300906,2.3576220913053287,0.0016135546384493222,3.7666666666666666,8.326519173221314,0.9882668951365942,17,RBS0p6_mRNA4min,0.6,4.0,12.76,45.753899589766064,8.983146544068092,11.594119012180757,3.0699988009909327,0.0034059218138344314,0.001471449715617466,0.0016161892376874705,0.9927487211280723,1.1593862296158326,73.78545044975553,0.9687373408567128,0.9176192200707338,0.013649662949429375
True,resolved_oscillation,1.0,9.079007553990305,6.923333333333333,0.0012431337975308675,0.9658314607437878,2.0530945778054255,0.002014277829892432,2.4916666666666667,4.875730205924203,0.9882276375670395,17,RBS0p8_mRNA1min,0.8,1.0,8.448,45.753899589766064,8.983146544068092,11.594119012180757,3.0699988009909327,0.0034059218138344314,0.001471449715617466,0.0016161892376874705,0.9927487211280723,1.1593862296158326,73.78545044975553,0.9687373408567128,0.9176192200707338,0.013649662949429375
True,resolved_oscillation,1.0,10.89251417843023,8.30625,0.001038473377490375,0.9836873616095451,2.21581657910297,0.0017399926101847628,2.9166666666666665,6.103097630376423,0.9882943792353125,17,RBS0p8_mRNA1p5min,0.8,1.5,10.075,45.753899589766064,8.983146544068092,11.594119012180757,3.0699988009909327,0.0034059218138344314,0.001471449715617466,0.0016161892376874705,0.9927487211280723,1.1593862296158326,73.78545044975553,0.9687373408567128,0.9176192200707338,0.013649662949429375
True,resolved_oscillation,1.0,12.158214256564499,9.271428571428572,0.0008771572304365347,0.9896403982688041,2.28648894453424,0.0016698208709026883,3.2333333333333334,6.938582098308655,0.9882951275866787,17,RBS0p8_mRNA2min,0.8,2.0,11.154285714285711,45.753899589766064,8.983146544068092,11.594119012180757,3.0699988009909327,0.0034059218138344314,0.001471449715617466,0.0016161892376874705,0.9927487211280723,1.1593862296158326,73.78545044975553,0.9687373408567128,0.9176192200707338,0.013649662949429375
True,resolved_oscillation,1.0,13.904097188886611,10.602777777777778,0.0006417316590996013,0.9940759261936029,2.3422298822761007,0.0016242032381548956,3.65,8.031417092430475,0.9881979483784129,17,RBS0p8_mRNA3min,0.8,3.0,12.476666666666668,45.753899589766064,8.983146544068092,11.594119012180757,3.0699988009909327,0.0034059218138344314,0.001471449715617466,0.0016161892376874705,0.9927487211280723,1.1593862296158326,73.78545044975553,0.9687373408567128,0.9176192200707338,0.013649662949429375
True,resolved_oscillation,1.0,15.131679256650509,11.53888888888889,0.0007458802785185204,0.9957838861267228,2.3577998116301533,0.001612382286863623,3.95,8.737926553188052,0.9880214596835522,17,RBS0p8_mRNA4min,0.8,4.0,13.19,45.753899589766064,8.983146544068092,11.594119012180757,3.0699988009909327,0.0034059218138344314,0.001471449715617466,0.0016161892376874705,0.9927487211280723,1.1593862296158326,73.78545044975553,0.9687373408567128,0.9176192200707338,0.013649662949429375
True,resolved_oscillation,1.0,9.971220514814153,7.603703703703704,0.0009665433430581797,0.9771887211997241,2.138619838390448,0.0018338822216805082,2.683333333333333,5.435473981029458,0.9882546251369754,17,RBS1_mRNA1min,1.0,1.0,9.253333333333334,45.753899589766064,8.983146544068092,11.594119012180757,3.0699988009909327,0.0034059218138344314,0.001471449715617466,0.0016161892376874705,0.9927487211280723,1.1593862296158326,73.78545044975553,0.9687373408567128,0.9176192200707338,0.013649662949429375
True,resolved_oscillation,1.0,11.739826811680151,8.952380952380953,0.0007036572635810082,0.9883405698482373,2.261034176815263,0.001690984145686622,3.1083333333333334,6.60926326146876,0.9882717602792181,17,RBS1_mRNA1p5min,1.0,1.5,10.794285714285714,45.753899589766064,8.983146544068092,11.594119012180757,3.0699988009909327,0.0034059218138344314,0.001471449715617466,0.0016161892376874705,0.9927487211280723,1.1593862296158326,73.78545044975553,0.9687373408567128,0.9176192200707338,0.013649662949429375
True,resolved_oscillation,1.0,12.963766202685104,9.885714285714284,0.0006372233408151711,0.9923017043174711,2.3115487221110236,0.0016474361857863433,3.4,7.383930345617295,0.9882213534525559,17,RBS1_mRNA2min,1.0,2.0,11.762857142857142,45.753899589766064,8.983146544068092,11.594119012180757,3.0699988009909327,0.0034059218138344314,0.001471449715617466,0.0016161892376874705,0.9927487211280723,1.1593862296158326,73.78545044975553,0.9687373408567128,0.9176192200707338,0.013649662949429375
True,resolved_oscillation,1.0,14.647203247711047,11.169444444444444,0.0006091742707742298,0.9953603706441375,2.3457701201728787,0.0016208268790920434,3.8,8.37178150213477,0.9880069768850664,17,RBS1_mRNA3min,1.0,3.0,12.836666666666668,45.753899589766064,8.983146544068092,11.594119012180757,3.0699988009909327,0.0034059218138344314,0.001471449715617466,0.0016161892376874705,0.9927487211280723,1.1593862296158326,73.78545044975553,0.9687373408567128,0.9176192200707338,0.013649662949429375
True,resolved_oscillation,1.0,15.823787840849736,12.066666666666666,0.0,0.996563858512226,2.3478493650705237,0.001618877887381719,4.066666666666666,8.984130992368902,0.9876823084974085,17,RBS1_mRNA4min,1.0,4.0,13.29,45.753899589766064,8.983146544068092,11.594119012180757,3.0699988009909327,0.0034059218138344314,0.001471449715617466,0.0016161892376874705,0.9927487211280723,1.1593862296158326,73.78545044975553,0.9687373408567128,0.9176192200707338,0.013649662949429375
True,resolved_oscillation,1.0,10.693077625878086,8.154166666666667,0.000946162595577467,0.9831304921712324,2.1929065593309356,0.0017588662594175087,2.841666666666667,5.883582038120987,0.9882576389131894,17,RBS1p2_mRNA1min,1.2,1.0,9.89,45.753899589766064,8.983146544068092,11.594119012180757,3.0699988009909327,0.0034059218138344314,0.001471449715617466,0.0016161892376874705,0.9927487211280723,1.1593862296158326,73.78545044975553,0.9687373408567128,0.9176192200707338,0.013649662949429375
True,resolved_oscillation,1.0,12.4142423944788,9.466666666666667,0.0,0.9909508961490596,2.2877217373075833,0.0016662837545487964,3.2666666666666666,6.996276031011793,0.9882236924754715,17,RBS1p2_mRNA1p5min,1.2,1.5,11.325714285714287,45.753899589766064,8.983146544068092,11.594119012180757,3.0699988009909327,0.0034059218138344314,0.001471449715617466,0.0016161892376874705,0.9927487211280723,1.1593862296158326,73.78545044975553,0.9687373408567128,0.9176192200707338,0.013649662949429375
True,resolved_oscillation,1.0,13.601755017894318,10.372222222222224,0.0008297768283251028,0.9938409800538002,2.3240907915879454,0.001636933846860513,3.533333333333333,7.7144142542134855,0.9881166195801208,17,RBS1p2_mRNA2min,1.2,2.0,12.174285714285713,45.753899589766064,8.983146544068092,11.594119012180757,3.0699988009909327,0.0034059218138344314,0.001471449715617466,0.0016161892376874705,0.9927487211280723,1.1593862296158326,73.78545044975553,0.9687373408567128,0.9176192200707338,0.013649662949429375
True,resolved_oscillation,1.0,15.224931781679457,11.610000000000001,0.0007862798700906779,0.9961206980723469,2.3418064688487594,0.0016231962246383363,3.9166666666666665,8.603494956055686,0.9877587997931193,17,RBS1p2_mRNA3min,1.2,3.0,12.986666666666668,45.753899589766064,8.983146544068092,11.594119012180757,3.0699988009909327,0.0034059218138344314,0.001471449715617466,0.0016161892376874705,0.9927487211280723,1.1593862296158326,73.78545044975553,0.9687373408567128,0.9176192200707338,0.013649662949429375
True,resolved_oscillation,1.0,16.348333294137575,12.466666666666667,0.0,0.9970234663096309,2.3322440606413775,0.0016295676092174594,4.183333333333334,9.121263748453634,0.9872404087818354,17,RBS1p2_mRNA4min,1.2,4.0,13.183333333333332,45.753899589766064,8.983146544068092,11.594119012180757,3.0699988009909327,0.0034059218138344314,0.001471449715617466,0.0016161892376874705,0.9927487211280723,1.1593862296158326,73.78545044975553,0.9687373408567128,0.9176192200707338,0.013649662949429375
True,resolved_oscillation,1.0,11.29021642314772,8.60952380952381,0.0010347503835104928,0.9867048616870839,2.2293350103223237,0.0017184892464627668,2.966666666666667,6.248378482098006,0.9882441687937955,17,RBS1p4_mRNA1min,1.4,1.0,10.402857142857142,45.753899589766064,8.983146544068092,11.594119012180757,3.0699988009909327,0.0034059218138344314,0.001471449715617466,0.0016161892376874705,0.9927487211280723,1.1593862296158326,73.78545044975553,0.9687373408567128,0.9176192200707338,0.013649662949429375
True,resolved_oscillation,1.0,12.97313308577953,9.892857142857142,0.0009005192266603951,0.9925933503659925,2.303960349951086,0.0016523679361700298,3.375,7.300989224542231,0.9881557075131161,17,RBS1p4_mRNA1p5min,1.4,1.5,11.722857142857142,45.753899589766064,8.983146544068092,11.594119012180757,3.0699988009909327,0.0034059218138344314,0.001471449715617466,0.0016161892376874705,0.9927487211280723,1.1593862296158326,73.78545044975553,0.9687373408567128,0.9176192200707338,0.013649662949429375
True,resolved_oscillation,1.0,14.126300471182155,10.772222222222222,0.0007989651049422212,0.9948281382244946,2.329448659762543,0.0016324298652360912,3.65,7.966237306637202,0.9879838442671734,17,RBS1p4_mRNA2min,1.4,2.0,12.446666666666667,45.753899589766064,8.983146544068092,11.594119012180757,3.0699988009909327,0.0034059218138344314,0.001471449715617466,0.0016161892376874705,0.9927487211280723,1.1593862296158326,73.78545044975553,0.9687373408567128,0.9176192200707338,0.013649662949429375
True,resolved_oscillation,1.0,15.69702268963851,11.97,0.0006226867105262573,0.9966123083212748,2.3332674389833814,0.0016289559727312576,4.0,8.75880202279517,0.9874496895568595,17,RBS1p4_mRNA3min,1.4,3.0,12.99,45.753899589766064,8.983146544068092,11.594119012180757,3.0699988009909327,0.0034059218138344314,0.001471449715617466,0.0016161892376874705,0.9927487211280723,1.1593862296158326,73.78545044975553,0.9687373408567128,0.9176192200707338,0.013649662949429375
True,resolved_oscillation,1.0,16.759227232546376,12.78,0.0005832206514083958,0.9973130129147906,2.3128862751696,0.0016431349754579003,4.233333333333333,9.178824958912031,0.9866836116571437,17,RBS1p4_mRNA4min,1.4,4.0,12.96,45.753899589766064,8.983146544068092,11.594119012180757,3.0699988009909327,0.0034059218138344314,0.001471449715617466,0.0016161892376874705,0.9927487211280723,1.1593862296158326,73.78545044975553,0.9687373408567128,0.9176192200707338,0.013649662949429375
True,resolved_oscillation,1.0,9.031799114517845,8.258333333333333,0.0010787537514124093,0.9688264813859928,2.8511589342144834,0.0019232782391660965,2.9916666666666667,8.12958356541649,0.9504773784156155,18,RBS0p6_mRNA1min,0.6,1.0,7.42,54.86171622257697,11.17919195043671,10.960242450849199,2.82452731095708,0.01824803397311747,0.0011966869254820712,0.0024845879463753764,1.0791795793689263,1.1458644210719493,80.59080115561095,1.0365967737015318,1.077812067519635,0.03725878041970381
True,resolved_oscillation,1.0,10.769935458453455,9.847619047619048,0.0006396884214372801,0.9836893628834036,3.0263821560811563,0.001640930212051236,3.466666666666667,9.93694827138791,0.9534966610801062,18,RBS0p6_mRNA1p5min,0.6,1.5,9.077777777777778,54.86171622257697,11.17919195043671,10.960242450849199,2.82452731095708,0.01824803397311747,0.0011966869254820712,0.0024845879463753764,1.0791795793689263,1.1458644210719493,80.59080115561095,1.0365967737015318,1.077812067519635,0.03725878041970381
True,resolved_oscillation,1.0,11.954298525270005,10.930555555555555,0.0006224878634773006,0.9885798714234505,3.0583854081059108,0.0015969187883953194,3.816666666666667,11.004351697680475,0.9553596423459334,18,RBS0p6_mRNA2min,0.6,2.0,10.248571428571427,54.86171622257697,11.17919195043671,10.960242450849199,2.82452731095708,0.01824803397311747,0.0011966869254820712,0.0024845879463753764,1.0791795793689263,1.1458644210719493,80.59080115561095,1.0365967737015318,1.077812067519635,0.03725878041970381
True,resolved_oscillation,1.0,13.528559642371635,12.370000000000001,0.0006025513278091593,0.9920950876192556,2.9811050585183163,0.0016266613836761245,4.266666666666667,11.979286798505075,0.9581449093513287,18,RBS0p6_mRNA3min,0.6,3.0,11.794285714285714,54.86171622257697,11.17919195043671,10.960242450849199,2.82452731095708,0.01824803397311747,0.0011966869254820712,0.0024845879463753764,1.0791795793689263,1.1458644210719493,80.59080115561095,1.0365967737015318,1.077812067519635,0.03725878041970381
True,resolved_oscillation,1.0,14.541105436138468,13.295833333333333,0.0006267627702914447,0.9932707076409151,2.8333898546472525,0.0017087742523886015,4.558333333333334,12.13631528325903,0.9605657638430044,18,RBS0p6_mRNA4min,0.6,4.0,12.76,54.86171622257697,11.17919195043671,10.960242450849199,2.82452731095708,0.01824803397311747,0.0011966869254820712,0.0024845879463753764,1.0791795793689263,1.1458644210719493,80.59080115561095,1.0365967737015318,1.077812067519635,0.03725878041970381
True,resolved_oscillation,1.0,10.142383609931384,9.273809523809524,0.0009606309080292532,0.980254317850867,2.9659985889332283,0.0017000139056433472,3.275,9.198342628073366,0.9524386748117218,18,RBS0p8_mRNA1min,0.8,1.0,8.448,54.86171622257697,11.17919195043671,10.960242450849199,2.82452731095708,0.01824803397311747,0.0011966869254820712,0.0024845879463753764,1.0791795793689263,1.1458644210719493,80.59080115561095,1.0365967737015318,1.077812067519635,0.03725878041970381
True,resolved_oscillation,1.0,11.793287642972848,10.783333333333333,0.0,0.9883336223739775,3.0355383932587605,0.0016093692982467923,3.7333333333333334,10.709513496281462,0.9551538968961517,18,RBS0p8_mRNA1p5min,0.8,1.5,10.075,54.86171622257697,11.17919195043671,10.960242450849199,2.82452731095708,0.01824803397311747,0.0011966869254820712,0.0024845879463753764,1.0791795793689263,1.1458644210719493,80.59080115561095,1.0365967737015318,1.077812067519635,0.03725878041970381
True,resolved_oscillation,1.0,12.890591995533846,11.786666666666667,0.0006323721655825197,0.991154172146654,2.997042991154796,0.0016201672908980527,4.05,11.43474267336654,0.9570939149259741,18,RBS0p8_mRNA2min,0.8,2.0,11.154285714285711,54.86171622257697,11.17919195043671,10.960242450849199,2.82452731095708,0.01824803397311747,0.0011966869254820712,0.0024845879463753764,1.0791795793689263,1.1458644210719493,80.59080115561095,1.0365967737015318,1.077812067519635,0.03725878041970381
True,resolved_oscillation,1.0,14.275893171524473,13.053333333333335,0.0005710081658579648,0.9931035679770618,2.8126073780891754,0.0017215245454042718,4.433333333333334,11.723264281703873,0.9603662247158745,18,RBS0p8_mRNA3min,0.8,3.0,12.476666666666668,54.86171622257697,11.17919195043671,10.960242450849199,2.82452731095708,0.01824803397311747,0.0011966869254820712,0.0024845879463753764,1.0791795793689263,1.1458644210719493,80.59080115561095,1.0365967737015318,1.077812067519635,0.03725878041970381
True,resolved_oscillation,1.0,15.087934847713717,13.795833333333333,0.0006040471156750226,0.9934747640277936,2.572491489111187,0.0018810151388135975,4.633333333333334,11.206253999678582,0.9634506838638744,18,RBS0p8_mRNA4min,0.8,4.0,13.19,54.86171622257697,11.17919195043671,10.960242450849199,2.82452731095708,0.01824803397311747,0.0011966869254820712,0.0024845879463753764,1.0791795793689263,1.1458644210719493,80.59080115561095,1.0365967737015318,1.077812067519635,0.03725878041970381
True,resolved_oscillation,1.0,10.978251424767835,10.03809523809524,0.0008101637227988297,0.9853167178237091,3.007088890483401,0.0016391367725938947,3.5,9.920737802153015,0.9538142611300949,18,RBS1_mRNA1min,1.0,1.0,9.253333333333334,54.86171622257697,11.17919195043671,10.960242450849199,2.82452731095708,0.01824803397311747,0.0011966869254820712,0.0024845879463753764,1.0791795793689263,1.1458644210719493,80.59080115561095,1.0365967737015318,1.077812067519635,0.03725878041970381
True,resolved_oscillation,1.0,12.534545289774849,11.46111111111111,0.0007509419963562613,0.9905210486476276,2.9977994588749812,0.0016213828167422574,3.933333333333333,11.09821615452742,0.9565132829523445,18,RBS1_mRNA1p5min,1.0,1.5,10.794285714285714,54.86171622257697,11.17919195043671,10.960242450849199,2.82452731095708,0.01824803397311747,0.0011966869254820712,0.0024845879463753764,1.0791795793689263,1.1458644210719493,80.59080115561095,1.0365967737015318,1.077812067519635,0.03725878041970381
True,resolved_oscillation,1.0,13.535850701192638,12.376666666666667,0.0007375741415367172,0.9923394116832863,2.901775721045201,0.0016701388687679207,4.2,11.48071244723906,0.9586491425853629,18,RBS1_mRNA2min,1.0,2.0,11.762857142857142,54.86171622257697,11.17919195043671,10.960242450849199,2.82452731095708,0.01824803397311747,0.0011966869254820712,0.0024845879463753764,1.0791795793689263,1.1458644210719493,80.59080115561095,1.0365967737015318,1.077812067519635,0.03725878041970381
True,resolved_oscillation,1.0,14.718824994900423,13.458333333333334,0.0007149848534856047,0.9933404795818451,2.621087734614244,0.0018463895121179493,4.491666666666666,11.094656673026229,0.9625240097429608,18,RBS1_mRNA3min,1.0,3.0,12.836666666666668,54.86171622257697,11.17919195043671,10.960242450849199,2.82452731095708,0.01824803397311747,0.0011966869254820712,0.0024845879463753764,1.0791795793689263,1.1458644210719493,80.59080115561095,1.0365967737015318,1.077812067519635,0.03725878041970381
True,resolved_oscillation,1.0,15.306666612343815,13.995833333333334,0.0005954153021732659,0.9929769775669018,2.2929577105662986,0.0021100902531123737,4.583333333333333,9.933034383343976,0.9663578706091643,18,RBS1_mRNA4min,1.0,4.0,13.29,54.86171622257697,11.17919195043671,10.960242450849199,2.82452731095708,0.01824803397311747,0.0011966869254820712,0.0024845879463753764,1.0791795793689263,1.1458644210719493,80.59080115561095,1.0365967737015318,1.077812067519635,0.03725878041970381
True,resolved_oscillation,1.0,11.626200878324855,10.630555555555556,0.0006400548060577941,0.9880614327915088,3.0104219565993677,0.0016232821578194487,3.6666666666666665,10.401645723897612,0.9549192621204594,18,RBS1p2_mRNA1min,1.2,1.0,9.89,54.86171622257697,11.17919195043671,10.960242450849199,2.82452731095708,0.01824803397311747,0.0011966869254820712,0.0024845879463753764,1.0791795793689263,1.1458644210719493,80.59080115561095,1.0365967737015318,1.077812067519635,0.03725878041970381
True,resolved_oscillation,1.0,13.087450583700933,11.966666666666667,0.0,0.9917146645242624,2.936049858033126,0.0016520071996295113,4.066666666666666,11.238507372225335,0.9577333620038737,18,RBS1p2_mRNA1p5min,1.2,1.5,11.325714285714287,54.86171622257697,11.17919195043671,10.960242450849199,2.82452731095708,0.01824803397311747,0.0011966869254820712,0.0024845879463753764,1.0791795793689263,1.1458644210719493,80.59080115561095,1.0365967737015318,1.077812067519635,0.03725878041970381
True,resolved_oscillation,1.0,13.991541877505345,12.793333333333333,0.0007135520551135567,0.9929101138488864,2.7885623292432133,0.0017365153760369365,4.3,11.281692199252662,0.9601254674285127,18,RBS1p2_mRNA2min,1.2,2.0,12.174285714285713,54.86171622257697,11.17919195043671,10.960242450849199,2.82452731095708,0.01824803397311747,0.0011966869254820712,0.0024845879463753764,1.0791795793689263,1.1458644210719493,80.59080115561095,1.0365967737015318,1.077812067519635,0.03725878041970381
True,resolved_oscillation,1.0,14.960341318346158,13.679166666666667,0.0006091989034419738,0.9931307327654664,2.4165310817916295,0.0020023399726824447,4.491666666666666,10.238759284433838,0.9646740602708834,18,RBS1p2_mRNA3min,1.2,3.0,12.986666666666668,54.86171622257697,11.17919195043671,10.960242450849199,2.82452731095708,0.01824803397311747,0.0011966869254820712,0.0024845879463753764,1.0791795793689263,1.1458644210719493,80.59080115561095,1.0365967737015318,1.077812067519635,0.03725878041970381
True,resolved_oscillation,1.0,15.288438965291308,13.979166666666666,0.0005961251862891207,0.9918872897822603,2.0029985096211647,0.0024157946344381094,4.466666666666667,8.486177948473987,0.969354145878791,18,RBS1p2_mRNA4min,1.2,4.0,13.183333333333332,54.86171622257697,11.17919195043671,10.960242450849199,2.82452731095708,0.01824803397311747,0.0011966869254820712,0.0024845879463753764,1.0791795793689263,1.1458644210719493,80.59080115561095,1.0365967737015318,1.077812067519635,0.03725878041970381
True,resolved_oscillation,1.0,12.148726760496759,11.108333333333333,0.0008217892835786438,0.9897312963663296,2.991974453284796,0.0016267624388145794,3.8,10.70971240892064,0.9558770821249146,18,RBS1p4_mRNA1min,1.4,1.0,10.402857142857142,54.86171622257697,11.17919195043671,10.960242450849199,2.82452731095708,0.01824803397311747,0.0011966869254820712,0.0024845879463753764,1.0791795793689263,1.1458644210719493,80.59080115561095,1.0365967737015318,1.077812067519635,0.03725878041970381
True,resolved_oscillation,1.0,13.513977524729627,12.356666666666666,0.0007387679491572245,0.9924060671361291,2.8601572224932745,0.001694088889248236,4.166666666666667,11.206385415724734,0.9588800698660956,18,RBS1p4_mRNA1p5min,1.4,1.5,11.722857142857142,54.86171622257697,11.17919195043671,10.960242450849199,2.82452731095708,0.01824803397311747,0.0011966869254820712,0.0024845879463753764,1.0791795793689263,1.1458644210719493,80.59080115561095,1.0365967737015318,1.077812067519635,0.03725878041970381
True,resolved_oscillation,1.0,14.31234846562949,13.086666666666668,0.0005695537385378985,0.9931351301304066,2.66435976526515,0.0018167368959195835,4.35,10.91458816746733,0.9615644048393539,18,RBS1p4_mRNA2min,1.4,2.0,12.446666666666667,54.86171622257697,11.17919195043671,10.960242450849199,2.82452731095708,0.01824803397311747,0.0011966869254820712,0.0024845879463753764,1.0791795793689263,1.1458644210719493,80.59080115561095,1.0365967737015318,1.077812067519635,0.03725878041970381
True,resolved_oscillation,1.0,15.037808818319318,13.75,0.0,0.9925678978562976,2.203736197637033,0.0021956616117278717,4.433333333333334,9.243189341267078,0.9668504305622924,18,RBS1p4_mRNA3min,1.4,3.0,12.99,54.86171622257697,11.17919195043671,10.960242450849199,2.82452731095708,0.01824803397311747,0.0011966869254820712,0.0024845879463753764,1.0791795793689263,1.1458644210719493,80.59080115561095,1.0365967737015318,1.077812067519635,0.03725878041970381
True,resolved_oscillation,1.0,15.09704867123997,13.804166666666667,0.0006036824630244491,0.9901167648607019,1.7075171908622986,0.002834696994713941,4.283333333333333,6.979648925496503,0.9725067807030419,18,RBS1p4_mRNA4min,1.4,4.0,12.96,54.86171622257697,11.17919195043671,10.960242450849199,2.82452731095708,0.01824803397311747,0.0011966869254820712,0.0024845879463753764,1.0791795793689263,1.1458644210719493,80.59080115561095,1.0365967737015318,1.077812067519635,0.03725878041970381
True,resolved_oscillation,1.0,6.365367548274876,5.020238095238096,0.0014136624118492958,0.8139487706626227,1.7744731290546314,0.028266962655223094,2.1666666666666665,3.9508606339405157,0.9188936698181615,19,RBS0p6_mRNA1min,0.6,1.0,7.42,47.320800162736866,8.688515389816132,12.067548919666592,2.7958014727274723,0.00623994337902091,0.002905742206458502,0.0033679743401388244,1.0545166814797016,0.8576019691805762,85.61774320755465,1.010820473274441,1.192855962148231,0.09242794711533978
True,resolved_oscillation,1.0,7.780549291551199,6.136363636363637,0.0010986960721623203,0.9388116240563624,2.1805735587213007,0.0060253205945622985,2.3666666666666667,5.019155565775639,0.9118272807772716,19,RBS0p6_mRNA1p5min,0.6,1.5,9.077777777777778,47.320800162736866,8.688515389816132,12.067548919666592,2.7958014727274723,0.00623994337902091,0.002905742206458502,0.0033679743401388244,1.0545166814797016,0.8576019691805762,85.61774320755465,1.010820473274441,1.192855962148231,0.09242794711533978
True,resolved_oscillation,1.0,8.960118986615997,7.066666666666666,0.0,0.9663851710822992,2.367510808728757,0.004518211237669249,2.6,5.919173231189974,0.9090651096751056,19,RBS0p6_mRNA2min,0.6,2.0,10.248571428571427,47.320800162736866,8.688515389816132,12.067548919666592,2.7958014727274723,0.00623994337902091,0.002905742206458502,0.0033679743401388244,1.0545166814797016,0.8576019691805762,85.61774320755465,1.010820473274441,1.192855962148231,0.09242794711533978
True,resolved_oscillation,1.0,10.666556741732135,8.4125,0.0009171075777836071,0.9832207880860779,2.541834564989567,0.003941653558287242,3.0,7.232344155269781,0.9060879305247124,19,RBS0p6_mRNA3min,0.6,3.0,11.794285714285714,47.320800162736866,8.688515389816132,12.067548919666592,2.7958014727274723,0.00623994337902091,0.002905742206458502,0.0033679743401388244,1.0545166814797016,0.8576019691805762,85.61774320755465,1.010820473274441,1.192855962148231,0.09242794711533978
True,resolved_oscillation,1.0,11.851729713035706,9.347222222222223,0.0007279315728924749,0.9888320680644084,2.6127012282398376,0.003792993252616879,3.283333333333333,8.101095431126842,0.9043114503027218,19,RBS0p6_mRNA4min,0.6,4.0,12.76,47.320800162736866,8.688515389816132,12.067548919666592,2.7958014727274723,0.00623994337902091,0.002905742206458502,0.0033679743401388244,1.0545166814797016,0.8576019691805762,85.61774320755465,1.010820473274441,1.192855962148231,0.09242794711533978
True,resolved_oscillation,1.0,7.179717985148079,5.6625,0.001331175914250612,0.9156428203320044,2.0446231866655573,0.008020324900347398,2.25,4.4995737607821376,0.913722130448569,19,RBS0p8_mRNA1min,0.8,1.0,8.448,47.320800162736866,8.688515389816132,12.067548919666592,2.7958014727274723,0.00623994337902091,0.002905742206458502,0.0033679743401388244,1.0545166814797016,0.8576019691805762,85.61774320755465,1.010820473274441,1.192855962148231,0.09242794711533978
True,resolved_oscillation,1.0,8.778380724151617,6.923333333333333,0.0012431337975308675,0.965011172412781,2.32962990544644,0.004607649958043198,2.5416666666666665,5.6801768309841005,0.9094311114868013,19,RBS0p8_mRNA1p5min,0.8,1.5,10.075,47.320800162736866,8.688515389816132,12.067548919666592,2.7958014727274723,0.00623994337902091,0.002905742206458502,0.0033679743401388244,1.0545166814797016,0.8576019691805762,85.61774320755465,1.010820473274441,1.192855962148231,0.09242794711533978
True,resolved_oscillation,1.0,9.961264356877631,7.85625,0.0010979563394468643,0.9789229766628297,2.4654848506351987,0.0041064972090780645,2.8,6.57248082552386,0.907118038248936,19,RBS0p8_mRNA2min,0.8,2.0,11.154285714285711,47.320800162736866,8.688515389816132,12.067548919666592,2.7958014727274723,0.00623994337902091,0.002905742206458502,0.0033679743401388244,1.0545166814797016,0.8576019691805762,85.61774320755465,1.010820473274441,1.192855962148231,0.09242794711533978
True,resolved_oscillation,1.0,11.577512235064809,9.130952380952381,0.0006898960393910274,0.9883137238613721,2.579538128321827,0.003842905970982427,3.1666666666666665,7.741754943053621,0.9043463807717581,19,RBS0p8_mRNA3min,0.8,3.0,12.476666666666668,47.320800162736866,8.688515389816132,12.067548919666592,2.7958014727274723,0.00623994337902091,0.002905742206458502,0.0033679743401388244,1.0545166814797016,0.8576019691805762,85.61774320755465,1.010820473274441,1.192855962148231,0.09242794711533978
True,resolved_oscillation,1.0,12.658281304205149,9.983333333333333,0.0,0.9916237158154939,2.613372929312697,0.003777731857669656,3.4,8.429397720562276,0.9022920680341777,19,RBS0p8_mRNA4min,0.8,4.0,13.19,47.320800162736866,8.688515389816132,12.067548919666592,2.7958014727274723,0.00623994337902091,0.002905742206458502,0.0033679743401388244,1.0545166814797016,0.8576019691805762,85.61774320755465,1.010820473274441,1.192855962148231,0.09242794711533978
True,resolved_oscillation,1.0,7.932318030818494,6.256060606060606,0.0013440965779134518,0.9481994287623846,2.1909549651545652,0.005453498619074422,2.3583333333333334,4.994732032931659,0.9114480345952296,19,RBS1_mRNA1min,1.0,1.0,9.253333333333334,47.320800162736866,8.688515389816132,12.067548919666592,2.7958014727274723,0.00623994337902091,0.002905742206458502,0.0033679743401388244,1.0545166814797016,0.8576019691805762,85.61774320755465,1.010820473274441,1.192855962148231,0.09242794711533978
True,resolved_oscillation,1.0,9.568261234397324,7.546296296296296,0.0009738961881219352,0.9759191576164816,2.4157509095658107,0.004227379105069807,2.683333333333333,6.203657819269576,0.9077833541345889,19,RBS1_mRNA1p5min,1.0,1.5,10.794285714285714,47.320800162736866,8.688515389816132,12.067548919666592,2.7958014727274723,0.00623994337902091,0.002905742206458502,0.0033679743401388244,1.0545166814797016,0.8576019691805762,85.61774320755465,1.010820473274441,1.192855962148231,0.09242794711533978
True,resolved_oscillation,1.0,10.708821453933153,8.445833333333333,0.0009134880116157389,0.9845965177255249,2.5158814525602113,0.003964285906885839,2.933333333333333,7.034978165138695,0.9056560676095784,19,RBS1_mRNA2min,1.0,2.0,11.762857142857142,47.320800162736866,8.688515389816132,12.067548919666592,2.7958014727274723,0.00623994337902091,0.002905742206458502,0.0033679743401388244,1.0545166814797016,0.8576019691805762,85.61774320755465,1.010820473274441,1.192855962148231,0.09242794711533978
True,resolved_oscillation,1.0,12.223558550137525,9.64047619047619,0.0009240941928313019,0.9907436662284702,2.586319193860305,0.003820006551872338,3.283333333333333,8.027893381041961,0.9026901492467403,19,RBS1_mRNA3min,1.0,3.0,12.836666666666668,47.320800162736866,8.688515389816132,12.067548919666592,2.7958014727274723,0.00623994337902091,0.002905742206458502,0.0033679743401388244,1.0545166814797016,0.8576019691805762,85.61774320755465,1.010820473274441,1.192855962148231,0.09242794711533978
True,resolved_oscillation,1.0,13.197156384768139,10.408333333333333,0.0008770577381988248,0.9929219049126864,2.5905029423244827,0.0038062173087513394,3.4833333333333334,8.523430179496142,0.8999828106259804,19,RBS1_mRNA4min,1.0,4.0,13.29,47.320800162736866,8.688515389816132,12.067548919666592,2.7958014727274723,0.00623994337902091,0.002905742206458502,0.0033679743401388244,1.0545166814797016,0.8576019691805762,85.61774320755465,1.010820473274441,1.192855962148231,0.09242794711533978
True,resolved_oscillation,1.0,8.58396304802693,6.77,0.0010380034991525945,0.9634578894674392,2.287841769704428,0.004710816608844083,2.466666666666667,5.431445075592081,0.9098443908230601,19,RBS1p2_mRNA1min,1.2,1.0,9.89,47.320800162736866,8.688515389816132,12.067548919666592,2.7958014727274723,0.00623994337902091,0.002905742206458502,0.0033679743401388244,1.0545166814797016,0.8576019691805762,85.61774320755465,1.010820473274441,1.192855962148231,0.09242794711533978
True,resolved_oscillation,1.0,10.1963618184958,8.041666666666666,0.0011078186193261114,0.9816603686829181,2.468122706013436,0.004065832233581041,2.816666666666667,6.60846172669565,0.9065016062820822,19,RBS1p2_mRNA1p5min,1.2,1.5,11.325714285714287,47.320800162736866,8.688515389816132,12.067548919666592,2.7958014727274723,0.00623994337902091,0.002905742206458502,0.0033679743401388244,1.0545166814797016,0.8576019691805762,85.61774320755465,1.010820473274441,1.192855962148231,0.09242794711533978
True,resolved_oscillation,1.0,11.287697065686393,8.902380952380952,0.0007076093370057744,0.9877099293389138,2.5410169350581735,0.0039025598481322423,3.05,7.358766487708918,0.904385021261725,19,RBS1p2_mRNA2min,1.2,2.0,12.174285714285713,47.320800162736866,8.688515389816132,12.067548919666592,2.7958014727274723,0.00623994337902091,0.002905742206458502,0.0033679743401388244,1.0545166814797016,0.8576019691805762,85.61774320755465,1.010820473274441,1.192855962148231,0.09242794711533978
True,resolved_oscillation,1.0,12.694508200377449,10.011904761904761,0.000812283057150979,0.9920791659608157,2.5761167222459993,0.0038297353001133234,3.35,8.162927879967972,0.9009008340583895,19,RBS1p2_mRNA3min,1.2,3.0,12.986666666666668,47.320800162736866,8.688515389816132,12.067548919666592,2.7958014727274723,0.00623994337902091,0.002905742206458502,0.0033679743401388244,1.0545166814797016,0.8576019691805762,85.61774320755465,1.010820473274441,1.192855962148231,0.09242794711533978
True,resolved_oscillation,1.0,13.545840260426544,10.683333333333334,0.0,0.9935621189956652,2.5535201129837644,0.003859189744455616,3.5166666666666666,8.459834100924116,0.8971904374734493,19,RBS1p2_mRNA4min,1.2,4.0,13.183333333333332,47.320800162736866,8.688515389816132,12.067548919666592,2.7958014727274723,0.00623994337902091,0.002905742206458502,0.0033679743401388244,1.0545166814797016,0.8576019691805762,85.61774320755465,1.010820473274441,1.192855962148231,0.09242794711533978
True,resolved_oscillation,1.0,9.140918033253689,7.209259259259259,0.0012184475957494397,0.9720287722630622,2.3554705353260807,0.0043911463072670185,2.575,5.804497697168662,0.9085913817218525,19,RBS1p4_mRNA1min,1.4,1.0,10.402857142857142,47.320800162736866,8.688515389816132,12.067548919666592,2.7958014727274723,0.00623994337902091,0.002905742206458502,0.0033679743401388244,1.0545166814797016,0.8576019691805762,85.61774320755465,1.010820473274441,1.192855962148231,0.09242794711533978
True,resolved_oscillation,1.0,10.711462998445716,8.447916666666666,0.0006975159370520814,0.9851111792194222,2.5002645981884077,0.003982701328793186,2.9166666666666665,6.919377723996153,0.9054086209212727,19,RBS1p4_mRNA1p5min,1.4,1.5,11.722857142857142,47.320800162736866,8.688515389816132,12.067548919666592,2.7958014727274723,0.00623994337902091,0.002905742206458502,0.0033679743401388244,1.0545166814797016,0.8576019691805762,85.61774320755465,1.010820473274441,1.192855962148231,0.09242794711533978
True,resolved_oscillation,1.0,11.7526088998976,9.269047619047619,0.0006796175985267379,0.9896177200288269,2.5509809349398767,0.0038768313875830684,3.15,7.58037639787095,0.9031608250032623,19,RBS1p4_mRNA2min,1.4,2.0,12.446666666666667,47.320800162736866,8.688515389816132,12.067548919666592,2.7958014727274723,0.00623994337902091,0.002905742206458502,0.0033679743401388244,1.0545166814797016,0.8576019691805762,85.61774320755465,1.010820473274441,1.192855962148231,0.09242794711533978
True,resolved_oscillation,1.0,13.038663714014318,10.283333333333333,0.0,0.9928601878683518,2.5550141877863592,0.0038586492860657406,3.3833333333333333,8.188454726982334,0.8988619147785202,19,RBS1p4_mRNA3min,1.4,3.0,12.99,47.320800162736866,8.688515389816132,12.067548919666592,2.7958014727274723,0.00623994337902091,0.002905742206458502,0.0033679743401388244,1.0545166814797016,0.8576019691805762,85.61774320755465,1.010820473274441,1.192855962148231,0.09242794711533978
True,resolved_oscillation,1.0,13.76420794013181,10.855555555555556,0.0007928318006565849,0.9938431050022346,2.506618418474674,0.003930298668143475,3.4916666666666667,8.284744775727415,0.8937933128430373,19,RBS1p4_mRNA4min,1.4,4.0,12.96,47.320800162736866,8.688515389816132,12.067548919666592,2.7958014727274723,0.00623994337902091,0.002905742206458502,0.0033679743401388244,1.0545166814797016,0.8576019691805762,85.61774320755465,1.010820473274441,1.192855962148231,0.09242794711533978
True,resolved_oscillation,1.0,8.423242806083332,7.357407407407408,0.0011939130355531256,0.951973997327044,1.8228575263231235,0.007255257042750387,2.7666666666666666,4.855956440956197,0.8837681348002853,20,RBS0p6_mRNA1min,0.6,1.0,7.42,52.40789736295264,8.851097804119915,12.473301453645245,3.12624521636753,0.008206919563640173,0.004718771792710619,0.001356153358378786,0.9868672689375854,1.1920005047408502,64.04013552482553,1.0219646218051632,0.908844073653336,0.1243986764584711
True,resolved_oscillation,1.0,10.142964234760516,8.85952380952381,0.0010055515686035856,0.9769356633874262,1.9740632847518442,0.006402729298111036,3.15,5.93490705430259,0.888644487419147,20,RBS0p6_mRNA1p5min,0.6,1.5,9.077777777777778,52.40789736295264,8.851097804119915,12.473301453645245,3.12624521636753,0.008206919563640173,0.004718771792710619,0.001356153358378786,0.9868672689375854,1.1920005047408502,64.04013552482553,1.0219646218051632,0.908844073653336,0.1243986764584711
True,resolved_oscillation,1.0,11.34507313761711,9.90952380952381,0.0008990046580427539,0.9851084465332413,2.0348960642201868,0.0061766667667730235,3.433333333333333,6.631390006469635,0.8909644883294611,20,RBS0p6_mRNA2min,0.6,2.0,10.248571428571427,52.40789736295264,8.851097804119915,12.473301453645245,3.12624521636753,0.008206919563640173,0.004718771792710619,0.001356153358378786,0.9868672689375854,1.1920005047408502,64.04013552482553,1.0219646218051632,0.908844073653336,0.1243986764584711
True,resolved_oscillation,1.0,12.981504077938144,11.33888888888889,0.0007590364225786216,0.9911585095605704,2.0685172517637787,0.006064612426951743,3.783333333333333,7.414589639191778,0.893384478805928,20,RBS0p6_mRNA3min,0.6,3.0,11.794285714285714,52.40789736295264,8.851097804119915,12.473301453645245,3.12624521636753,0.008206919563640173,0.004718771792710619,0.001356153358378786,0.9868672689375854,1.1920005047408502,64.04013552482553,1.0219646218051632,0.908844073653336,0.1243986764584711
True,resolved_oscillation,1.0,14.085663366487905,12.303333333333335,0.000605816303847139,0.9935047990548522,2.0586038703606575,0.006091759025685208,3.9833333333333334,7.760039147271355,0.8948207269159543,20,RBS0p6_mRNA4min,0.6,4.0,12.76,52.40789736295264,8.851097804119915,12.473301453645245,3.12624521636753,0.008206919563640173,0.004718771792710619,0.001356153358378786,0.9868672689375854,1.1920005047408502,64.04013552482553,1.0219646218051632,0.908844073653336,0.1243986764584711
True,resolved_oscillation,1.0,9.509540070811987,8.30625,0.001038473377490375,0.9712342797823609,1.9204263031554965,0.006619816055792776,2.9833333333333334,5.477042014089343,0.8869499043997164,20,RBS0p8_mRNA1min,0.8,1.0,8.448,52.40789736295264,8.851097804119915,12.473301453645245,3.12624521636753,0.008206919563640173,0.004718771792710619,0.001356153358378786,0.9868672689375854,1.1920005047408502,64.04013552482553,1.0219646218051632,0.908844073653336,0.1243986764584711
True,resolved_oscillation,1.0,11.18152090593594,9.766666666666667,0.0,0.984744323715116,2.0184153139822034,0.0062274021840123955,3.3666666666666667,6.445661321604557,0.890531341730456,20,RBS0p8_mRNA1p5min,0.8,1.5,10.075,52.40789736295264,8.851097804119915,12.473301453645245,3.12624521636753,0.008206919563640173,0.004718771792710619,0.001356153358378786,0.9868672689375854,1.1920005047408502,64.04013552482553,1.0219646218051632,0.908844073653336,0.1243986764584711
True,resolved_oscillation,1.0,12.316845980856058,10.758333333333333,0.0008485244887763998,0.9895661039198314,2.0485477524704256,0.0061255487130528275,3.6,6.99968718989846,0.8923380379014756,20,RBS0p8_mRNA2min,0.8,2.0,11.154285714285711,52.40789736295264,8.851097804119915,12.473301453645245,3.12624521636753,0.008206919563640173,0.004718771792710619,0.001356153358378786,0.9868672689375854,1.1920005047408502,64.04013552482553,1.0219646218051632,0.908844073653336,0.1243986764584711
True,resolved_oscillation,1.0,13.818528054741995,12.07,0.0006175277485500661,0.9933330539611455,2.0419080485573624,0.006141551653010652,3.8666666666666667,7.485664421902517,0.894371091132068,20,RBS0p8_mRNA3min,0.8,3.0,12.476666666666668,52.40789736295264,8.851097804119915,12.473301453645245,3.12624521636753,0.008206919563640173,0.004718771792710619,0.001356153358378786,0.9868672689375854,1.1920005047408502,64.04013552482553,1.0219646218051632,0.908844073653336,0.1243986764584711
True,resolved_oscillation,1.0,14.784031395766496,12.913333333333332,0.0005771987551625683,0.9948561954058255,1.99995534830895,0.006269570944828793,3.966666666666667,7.523854182495076,0.8956876114578122,20,RBS0p8_mRNA4min,0.8,4.0,13.19,52.40789736295264,8.851097804119915,12.473301453645245,3.12624521636753,0.008206919563640173,0.004718771792710619,0.001356153358378786,0.9868672689375854,1.1920005047408502,64.04013552482553,1.0219646218051632,0.908844073653336,0.1243986764584711
True,resolved_oscillation,1.0,10.344678653833958,9.035714285714285,0.0006971676708997604,0.979718315919487,1.9721023104134827,0.0063917011367674165,3.15,5.926857043235115,0.8888060000912269,20,RBS1_mRNA1min,1.0,1.0,9.253333333333334,52.40789736295264,8.851097804119915,12.473301453645245,3.12624521636753,0.008206919563640173,0.004718771792710619,0.001356153358378786,0.9868672689375854,1.1920005047408502,64.04013552482553,1.0219646218051632,0.908844073653336,0.1243986764584711
True,resolved_oscillation,1.0,11.944764653781398,10.433333333333334,0.0,0.9885100595843759,2.033847190990275,0.00617129050711462,3.5,6.757130397207507,0.8916914735303291,20,RBS1_mRNA1p5min,1.0,1.5,10.794285714285714,52.40789736295264,8.851097804119915,12.473301453645245,3.12624521636753,0.008206919563640173,0.004718771792710619,0.001356153358378786,0.9868672689375854,1.1920005047408502,64.04013552482553,1.0219646218051632,0.908844073653336,0.1243986764584711
True,resolved_oscillation,1.0,13.016486083047726,11.369444444444444,0.0005984582806702122,0.9918099047303132,2.0412776150135477,0.006144535509560956,3.7,7.164054077871809,0.8932143166622181,20,RBS1_mRNA2min,1.0,2.0,11.762857142857142,52.40789736295264,8.851097804119915,12.473301453645245,3.12624521636753,0.008206919563640173,0.004718771792710619,0.001356153358378786,0.9868672689375854,1.1920005047408502,64.04013552482553,1.0219646218051632,0.908844073653336,0.1243986764584711
True,resolved_oscillation,1.0,14.379512209408405,12.56,0.0007268080646299975,0.9944719979323007,2.0001376230804055,0.006269098962881544,3.8666666666666667,7.345759044986661,0.895016337432567,20,RBS1_mRNA3min,1.0,3.0,12.836666666666668,52.40789736295264,8.851097804119915,12.473301453645245,3.12624521636753,0.008206919563640173,0.004718771792710619,0.001356153358378786,0.9868672689375854,1.1920005047408502,64.04013552482553,1.0219646218051632,0.908844073653336,0.1243986764584711
True,resolved_oscillation,1.0,15.193320855548622,13.270833333333334,0.0006279434850863422,0.9955677049305683,1.9270663483489525,0.006506323555918806,3.8666666666666667,7.081275898690085,0.8962054904877385,20,RBS1_mRNA4min,1.0,4.0,13.29,52.40789736295264,8.851097804119915,12.473301453645245,3.12624521636753,0.008206919563640173,0.004718771792710619,0.001356153358378786,0.9868672689375854,1.1920005047408502,64.04013552482553,1.0219646218051632,0.908844073653336,0.1243986764584711
True,resolved_oscillation,1.0,11.007065192142694,9.614285714285716,0.0006552133014028208,0.9843435152809722,2.0002351841984205,0.006284346672215719,3.283333333333333,6.25171069451168,0.8900399352369252,20,RBS1p2_mRNA1min,1.2,1.0,9.89,52.40789736295264,8.851097804119915,12.473301453645245,3.12624521636753,0.008206919563640173,0.004718771792710619,0.001356153358378786,0.9868672689375854,1.1920005047408502,64.04013552482553,1.0219646218051632,0.908844073653336,0.1243986764584711
True,resolved_oscillation,1.0,12.539458740644315,10.952777777777778,0.0006212248903837632,0.9906777021429473,2.0344063079236934,0.006166369585092872,3.591666666666667,6.9369852511086085,0.8924866848620305,20,RBS1p2_mRNA1p5min,1.2,1.5,11.325714285714287,52.40789736295264,8.851097804119915,12.473301453645245,3.12624521636753,0.008206919563640173,0.004718771792710619,0.001356153358378786,0.9868672689375854,1.1920005047408502,64.04013552482553,1.0219646218051632,0.908844073653336,0.1243986764584711
True,resolved_oscillation,1.0,13.539944086778403,11.826666666666666,0.0007718750810388475,0.993135389640385,2.022641866972738,0.0062000305009366815,3.75,7.194056077004175,0.8938244490978562,20,RBS1p2_mRNA2min,1.2,2.0,12.174285714285713,52.40789736295264,8.851097804119915,12.473301453645245,3.12624521636753,0.008206919563640173,0.004718771792710619,0.001356153358378786,0.9868672689375854,1.1920005047408502,64.04013552482553,1.0219646218051632,0.908844073653336,0.1243986764584711
True,resolved_oscillation,1.0,14.757317864591906,12.889999999999999,0.0007082008760087487,0.9951554556952068,1.9488085639478578,0.0064338532452125645,3.816666666666667,7.0710239581036625,0.8954170713626681,20,RBS1p2_mRNA3min,1.2,3.0,12.986666666666668,52.40789736295264,8.851097804119915,12.473301453645245,3.12624521636753,0.008206919563640173,0.004718771792710619,0.001356153358378786,0.9868672689375854,1.1920005047408502,64.04013552482553,1.0219646218051632,0.908844073653336,0.1243986764584711
True,resolved_oscillation,1.0,15.417523706478226,13.466666666666667,0.0,0.9959818052489557,1.8442821222109778,0.006798068648982862,3.7083333333333335,6.528752698667708,0.8964121684708778,20,RBS1p2_mRNA4min,1.2,4.0,13.183333333333332,52.40789736295264,8.851097804119915,12.473301453645245,3.12624521636753,0.008206919563640173,0.004718771792710619,0.001356153358378786,0.9868672689375854,1.1920005047408502,64.04013552482553,1.0219646218051632,0.908844073653336,0.1243986764584711
True,resolved_oscillation,1.0,11.549513427218573,10.088095238095239,0.0008061482783384154,0.9872024096783922,2.0147933761730554,0.0062317719878828065,3.3833333333333333,6.485726533053732,0.8909245182322886,20,RBS1p4_mRNA1min,1.4,1.0,10.402857142857142,52.40789736295264,8.851097804119915,12.473301453645245,3.12624521636753,0.008206919563640173,0.004718771792710619,0.001356153358378786,0.9868672689375854,1.1920005047408502,64.04013552482553,1.0219646218051632,0.908844073653336,0.1243986764584711
True,resolved_oscillation,1.0,13.013305900765037,11.366666666666667,0.0,0.9920672072926607,2.0260784257995414,0.006190260680273669,3.65,7.0235793114346485,0.8930676786377613,20,RBS1p4_mRNA1p5min,1.4,1.5,11.722857142857142,52.40789736295264,8.851097804119915,12.473301453645245,3.12624521636753,0.008206919563640173,0.004718771792710619,0.001356153358378786,0.9868672689375854,1.1920005047408502,64.04013552482553,1.0219646218051632,0.908844073653336,0.1243986764584711
True,resolved_oscillation,1.0,13.940647054397267,12.176666666666668,0.0007496886908091516,0.9939986763383655,1.9967192262441797,0.0062799690428198595,3.75,7.128572260996417,0.8942578771382876,20,RBS1p4_mRNA2min,1.4,2.0,12.446666666666667,52.40789736295264,8.851097804119915,12.473301453645245,3.12624521636753,0.008206919563640173,0.004718771792710619,0.001356153358378786,0.9868672689375854,1.1920005047408502,64.04013552482553,1.0219646218051632,0.908844073653336,0.1243986764584711
True,resolved_oscillation,1.0,15.005372082641678,13.106666666666666,0.0006964935878753385,0.9955973644372699,1.890533730345999,0.006631910591426613,3.725,6.710683894293292,0.8956018029166165,20,RBS1p4_mRNA3min,1.4,3.0,12.99,52.40789736295264,8.851097804119915,12.473301453645245,3.12624521636753,0.008206919563640173,0.004718771792710619,0.001356153358378786,0.9868672689375854,1.1920005047408502,64.04013552482553,1.0219646218051632,0.908844073653336,0.1243986764584711
True,resolved_oscillation,1.0,15.512929174958908,13.55,0.0,0.9962274680183958,1.7540339909189842,0.007147522862899598,3.533333333333333,5.928198306395706,0.896321477809043,20,RBS1p4_mRNA4min,1.4,4.0,12.96,52.40789736295264,8.851097804119915,12.473301453645245,3.12624521636753,0.008206919563640173,0.004718771792710619,0.001356153358378786,0.9868672689375854,1.1920005047408502,64.04013552482553,1.0219646218051632,0.908844073653336,0.1243986764584711
True,resolved_oscillation,1.0,7.809706343108348,6.628333333333333,0.001214598671208569,0.939061026499585,2.513172243511783,0.011471616751387312,2.5,6.120100551470512,0.9100454743128044,21,RBS0p6_mRNA1min,0.6,1.0,7.42,50.92380974746242,11.70632527349802,13.773575754085272,3.100663583121992,0.004667069083651787,0.007100658854659198,0.0035367296993063877,1.0902624657571742,0.9462012995701796,93.95621472397214,0.9859168725987654,1.0257104435161553,0.07386078295158499
True,resolved_oscillation,1.0,9.472484529185037,8.039583333333333,0.001072918724035793,0.9727159197981438,2.7906822580269206,0.009809650856359582,2.8333333333333335,7.6043985231262585,0.9116331602789581,21,RBS0p6_mRNA1p5min,0.6,1.5,9.077777777777778,50.92380974746242,11.70632527349802,13.773575754085272,3.100663583121992,0.004667069083651787,0.007100658854659198,0.0035367296993063877,1.0902624657571742,0.9462012995701796,93.95621472397214,0.9859168725987654,1.0257104435161553,0.07386078295158499
True,resolved_oscillation,1.0,10.609687628735147,9.004761904761905,0.0009031333303331216,0.9827977987370295,2.9088513793854123,0.009360110166985961,3.066666666666667,8.541980095765878,0.9125065485849326,21,RBS0p6_mRNA2min,0.6,2.0,10.248571428571427,50.92380974746242,11.70632527349802,13.773575754085272,3.100663583121992,0.004667069083651787,0.007100658854659198,0.0035367296993063877,1.0902624657571742,0.9462012995701796,93.95621472397214,0.9859168725987654,1.0257104435161553,0.07386078295158499
True,resolved_oscillation,1.0,12.057228299392824,10.233333333333333,0.0,0.9898266252593788,2.9868324230310366,0.009099629715828998,3.3,9.467349820466836,0.9135827531439769,21,RBS0p6_mRNA3min,0.6,3.0,11.794285714285714,50.92380974746242,11.70632527349802,13.773575754085272,3.100663583121992,0.004667069083651787,0.007100658854659198,0.0035367296993063877,1.0902624657571742,0.9462012995701796,93.95621472397214,0.9859168725987654,1.0257104435161553,0.07386078295158499
True,resolved_oscillation,1.0,12.91799134031039,10.96388888888889,0.000620595323735287,0.9923105083757043,2.9847281088000157,0.009103234771657299,3.4,9.694749508600228,0.9143967136677452,21,RBS0p6_mRNA4min,0.6,4.0,12.76,50.92380974746242,11.70632527349802,13.773575754085272,3.100663583121992,0.004667069083651787,0.007100658854659198,0.0035367296993063877,1.0902624657571742,0.9462012995701796,93.95621472397214,0.9859168725987654,1.0257104435161553,0.07386078295158499
True,resolved_oscillation,1.0,8.867277562202757,7.525925925925926,0.0011671792544912815,0.9654335376241481,2.6943221232036896,0.010221264279927589,2.683333333333333,6.979971017781316,0.9109669835731965,21,RBS0p8_mRNA1min,0.8,1.0,8.448,50.92380974746242,11.70632527349802,13.773575754085272,3.100663583121992,0.004667069083651787,0.007100658854659198,0.0035367296993063877,1.0902624657571742,0.9462012995701796,93.95621472397214,0.9859168725987654,1.0257104435161553,0.07386078295158499
True,resolved_oscillation,1.0,10.45539550298675,8.873809523809523,0.0010039327573850125,0.9823374776820677,2.880024263676976,0.009454262184190626,3.0,8.286954241098382,0.9123193640340609,21,RBS0p8_mRNA1p5min,0.8,1.5,10.075,50.92380974746242,11.70632527349802,13.773575754085272,3.100663583121992,0.004667069083651787,0.007100658854659198,0.0035367296993063877,1.0902624657571742,0.9462012995701796,93.95621472397214,0.9859168725987654,1.0257104435161553,0.07386078295158499
True,resolved_oscillation,1.0,11.473723532926163,9.738095238095239,0.0008351223118141482,0.9879771014294298,2.9445311577196507,0.009232867823735828,3.183333333333333,8.957339310704246,0.9131318375862605,21,RBS0p8_mRNA2min,0.8,2.0,11.154285714285711,50.92380974746242,11.70632527349802,13.773575754085272,3.100663583121992,0.004667069083651787,0.007100658854659198,0.0035367296993063877,1.0902624657571742,0.9462012995701796,93.95621472397214,0.9859168725987654,1.0257104435161553,0.07386078295158499
True,resolved_oscillation,1.0,12.665980868254676,10.75,0.0,0.992030265421261,2.9504327730904345,0.009209034472836851,3.3,9.305639062433482,0.9143237167105759,21,RBS0p8_mRNA3min,0.8,3.0,12.476666666666668,50.92380974746242,11.70632527349802,13.773575754085272,3.100663583121992,0.004667069083651787,0.007100658854659198,0.0035367296993063877,1.0902624657571742,0.9462012995701796,93.95621472397214,0.9859168725987654,1.0257104435161553,0.07386078295158499
True,resolved_oscillation,1.0,13.261641984022726,11.255555555555556,0.0007646561394289076,0.9933300709605304,2.888421708755725,0.009405595047710427,3.2333333333333334,8.985374342157428,0.9154323090193031,21,RBS0p8_mRNA4min,0.8,4.0,13.19,50.92380974746242,11.70632527349802,13.773575754085272,3.100663583121992,0.004667069083651787,0.007100658854659198,0.0035367296993063877,1.0902624657571742,0.9462012995701796,93.95621472397214,0.9859168725987654,1.0257104435161553,0.07386078295158499
True,resolved_oscillation,1.0,9.671310973047175,8.208333333333334,0.0010853248402535002,0.976211533319655,2.792791105350631,0.009775999653228427,2.8333333333333335,7.596372475899127,0.9116068428556334,21,RBS1_mRNA1min,1.0,1.0,9.253333333333334,50.92380974746242,11.70632527349802,13.773575754085272,3.100663583121992,0.004667069083651787,0.007100658854659198,0.0035367296993063877,1.0902624657571742,0.9462012995701796,93.95621472397214,0.9859168725987654,1.0257104435161553,0.07386078295158499
True,resolved_oscillation,1.0,11.145502101788665,9.459523809523809,0.0009417713029886589,0.9867384075146369,2.915489947737956,0.009326875313323478,3.1,8.651600175973686,0.9128466354323079,21,RBS1_mRNA1p5min,1.0,1.5,10.794285714285714,50.92380974746242,11.70632527349802,13.773575754085272,3.100663583121992,0.004667069083651787,0.007100658854659198,0.0035367296993063877,1.0902624657571742,0.9462012995701796,93.95621472397214,0.9859168725987654,1.0257104435161553,0.07386078295158499
True,resolved_oscillation,1.0,12.037591119752118,10.216666666666667,0.0,0.9904080721780534,2.9394954592313884,0.009244812053437329,3.216666666666667,9.03485605493308,0.9136798803282405,21,RBS1_mRNA2min,1.0,2.0,11.762857142857142,50.92380974746242,11.70632527349802,13.773575754085272,3.100663583121992,0.004667069083651787,0.007100658854659198,0.0035367296993063877,1.0902624657571742,0.9462012995701796,93.95621472397214,0.9859168725987654,1.0257104435161553,0.07386078295158499
True,resolved_oscillation,1.0,12.96053856286525,11.0,0.0,0.9929402590688429,2.88072752290701,0.009430864007757325,3.183333333333333,8.82313790203532,0.9151225536369556,21,RBS1_mRNA3min,1.0,3.0,12.836666666666668,50.92380974746242,11.70632527349802,13.773575754085272,3.100663583121992,0.004667069083651787,0.007100658854659198,0.0035367296993063877,1.0902624657571742,0.9462012995701796,93.95621472397214,0.9859168725987654,1.0257104435161553,0.07386078295158499
True,resolved_oscillation,1.0,13.304189206577586,11.291666666666666,0.0008084465793434186,0.9934553584825103,2.7571552019087844,0.009852831414727134,3.0166666666666666,8.046155329600573,0.9166381759434228,21,RBS1_mRNA4min,1.0,4.0,13.29,50.92380974746242,11.70632527349802,13.773575754085272,3.100663583121992,0.004667069083651787,0.007100658854659198,0.0035367296993063877,1.0902624657571742,0.9462012995701796,93.95621472397214,0.9859168725987654,1.0257104435161553,0.07386078295158499
True,resolved_oscillation,1.0,10.295492754483869,8.738095238095239,0.0009306948924577292,0.9818345123250974,2.848523717865036,0.009559338973665002,2.933333333333333,8.022389004974022,0.9120973340690115,21,RBS1p2_mRNA1min,1.2,1.0,9.89,50.92380974746242,11.70632527349802,13.773575754085272,3.100663583121992,0.004667069083651787,0.007100658854659198,0.0035367296993063877,1.0902624657571742,0.9462012995701796,93.95621472397214,0.9859168725987654,1.0257104435161553,0.07386078295158499
True,resolved_oscillation,1.0,11.642042215560776,9.880952380952381,0.0006375304364011061,0.989150438262025,2.922578346058018,0.009299820339112842,3.1333333333333333,8.799191879710811,0.9133000186834821,21,RBS1p2_mRNA1p5min,1.2,1.5,11.325714285714287,50.92380974746242,11.70632527349802,13.773575754085272,3.100663583121992,0.004667069083651787,0.007100658854659198,0.0035367296993063877,1.0902624657571742,0.9462012995701796,93.95621472397214,0.9859168725987654,1.0257104435161553,0.07386078295158499
True,resolved_oscillation,1.0,12.400878943105159,10.525,0.0008673357996914744,0.9917113527914175,2.9112430211694202,0.009332982308345346,3.183333333333333,8.894448921903216,0.9142148187838569,21,RBS1p2_mRNA2min,1.2,2.0,12.174285714285713,50.92380974746242,11.70632527349802,13.773575754085272,3.100663583121992,0.004667069083651787,0.007100658854659198,0.0035367296993063877,1.0902624657571742,0.9462012995701796,93.95621472397214,0.9859168725987654,1.0257104435161553,0.07386078295158499
True,resolved_oscillation,1.0,13.061997324342224,11.08611111111111,0.0006137533808026004,0.993235997006576,2.788165170433772,0.009743421984586756,3.0416666666666665,8.175262738330204,0.9160079077813931,21,RBS1p2_mRNA3min,1.2,3.0,12.986666666666668,50.92380974746242,11.70632527349802,13.773575754085272,3.100663583121992,0.004667069083651787,0.007100658854659198,0.0035367296993063877,1.0902624657571742,0.9462012995701796,93.95621472397214,0.9859168725987654,1.0257104435161553,0.07386078295158499
True,resolved_oscillation,1.0,13.16672894909265,11.175,0.0008168867375170262,0.9930433610413398,2.6000710755495398,0.01044766919431362,2.783333333333333,7.050167770009654,0.9180224589244971,21,RBS1p2_mRNA4min,1.2,4.0,13.183333333333332,50.92380974746242,11.70632527349802,13.773575754085272,3.100663583121992,0.004667069083651787,0.007100658854659198,0.0035367296993063877,1.0902624657571742,0.9462012995701796,93.95621472397214,0.9859168725987654,1.0257104435161553,0.07386078295158499
True,resolved_oscillation,1.0,10.78572091765718,9.154166666666667,0.0008428039142217127,0.9851952793676633,2.8792629894727932,0.009447194567303953,3.0083333333333333,8.304733719369233,0.9125003648170942,21,RBS1p4_mRNA1min,1.4,1.0,10.402857142857142,50.92380974746242,11.70632527349802,13.773575754085272,3.100663583121992,0.004667069083651787,0.007100658854659198,0.0035367296993063877,1.0902624657571742,0.9462012995701796,93.95621472397214,0.9859168725987654,1.0257104435161553,0.07386078295158499
True,resolved_oscillation,1.0,12.003927383225196,10.188095238095238,0.0007982356287263066,0.990607721929918,2.912115932433945,0.009331228743702792,3.15,8.794876426299385,0.9137240628775657,21,RBS1p4_mRNA1p5min,1.4,1.5,11.722857142857142,50.92380974746242,11.70632527349802,13.773575754085272,3.100663583121992,0.004667069083651787,0.007100658854659198,0.0035367296993063877,1.0902624657571742,0.9462012995701796,93.95621472397214,0.9859168725987654,1.0257104435161553,0.07386078295158499
True,resolved_oscillation,1.0,12.629979372246716,10.719444444444443,0.0006347472772177191,0.9924374269682066,2.8671120638031273,0.009475853033152043,3.1166666666666667,8.611309256914645,0.914767745665935,21,RBS1p4_mRNA2min,1.4,2.0,12.446666666666667,50.92380974746242,11.70632527349802,13.773575754085272,3.100663583121992,0.004667069083651787,0.007100658854659198,0.0035367296993063877,1.0902624657571742,0.9462012995701796,93.95621472397214,0.9859168725987654,1.0257104435161553,0.07386078295158499
True,resolved_oscillation,1.0,13.032541554881167,11.06111111111111,0.0007780981107398127,0.9931504495137154,2.677933070981643,0.01014410931204998,2.8666666666666667,7.4557439914131995,0.916988823524446,21,RBS1p4_mRNA3min,1.4,3.0,12.99,50.92380974746242,11.70632527349802,13.773575754085272,3.100663583121992,0.004667069083651787,0.007100658854659198,0.0035367296993063877,1.0902624657571742,0.9462012995701796,93.95621472397214,0.9859168725987654,1.0257104435161553,0.07386078295158499
True,resolved_oscillation,1.0,12.931082793404192,10.975,0.000831773056196152,0.9921894518870888,2.4232578440479555,0.011209582181313243,2.55,6.087023035986552,0.9195958060826321,21,RBS1p4_mRNA4min,1.4,4.0,12.96,50.92380974746242,11.70632527349802,13.773575754085272,3.100663583121992,0.004667069083651787,0.007100658854659198,0.0035367296993063877,1.0902624657571742,0.9462012995701796,93.95621472397214,0.9859168725987654,1.0257104435161553,0.07386078295158499
True,resolved_oscillation,1.0,7.226947078977489,6.415151515151516,0.0007833313156247991,0.9132145383986752,1.848428917105594,0.008406823051348817,2.533333333333333,4.590996828407402,0.907538369878024,22,RBS0p6_mRNA1min,0.6,1.0,7.42,53.26026144964523,11.312559356392581,13.393586371861275,2.834679580212155,0.017817028613864087,0.003142672562658999,0.0024208774880200494,0.9388345962637167,0.8672435285887319,60.708492350597545,0.9548673615061483,0.8749658669894984,0.10027765456552458
True,resolved_oscillation,1.0,8.805814827691275,7.816666666666666,0.0,0.9611951912684163,2.057611052740731,0.005088666253416848,2.8333333333333335,5.6337509021942225,0.9089457451292849,22,RBS0p6_mRNA1p5min,0.6,1.5,9.077777777777778,53.26026144964523,11.312559356392581,13.393586371861275,2.834679580212155,0.017817028613864087,0.003142672562658999,0.0024208774880200494,0.9388345962637167,0.8672435285887319,60.708492350597545,0.9548673615061483,0.8749658669894984,0.10027765456552458
True,resolved_oscillation,1.0,9.972591997976291,8.852380952380951,0.0007116060546166193,0.9755125996135843,2.142472397189278,0.004610961003375926,3.1166666666666667,6.375848212035548,0.9099409668988816,22,RBS0p6_mRNA2min,0.6,2.0,10.248571428571427,53.26026144964523,11.312559356392581,13.393586371861275,2.834679580212155,0.017817028613864087,0.003142672562658999,0.0024208774880200494,0.9388345962637167,0.8672435285887319,60.708492350597545,0.9548673615061483,0.8749658669894984,0.10027765456552458
True,resolved_oscillation,1.0,11.579257572690599,10.278571428571428,0.0007912092321797235,0.9854598021880011,2.1785300045941147,0.0044386666632129385,3.4833333333333334,7.233416657450274,0.9119131371360011,22,RBS0p6_mRNA3min,0.6,3.0,11.794285714285714,53.26026144964523,11.312559356392581,13.393586371861275,2.834679580212155,0.017817028613864087,0.003142672562658999,0.0024208774880200494,0.9388345962637167,0.8672435285887319,60.708492350597545,0.9548673615061483,0.8749658669894984,0.10027765456552458
True,resolved_oscillation,1.0,12.66422622873724,11.241666666666667,0.000812042338777118,0.9890798297399387,2.1453515422341507,0.0044888348436890775,3.7333333333333334,7.6065954104108835,0.9140111467252874,22,RBS0p6_mRNA4min,0.6,4.0,12.76,53.26026144964523,11.312559356392581,13.393586371861275,2.834679580212155,0.017817028613864087,0.003142672562658999,0.0024208774880200494,0.9388345962637167,0.8672435285887319,60.708492350597545,0.9548673615061483,0.8749658669894984,0.10027765456552458
True,resolved_oscillation,1.0,8.215422599253316,7.292592592592593,0.001204524248413552,0.9506914897231635,1.9841684788188838,0.00559608399211747,2.7,5.173824758117841,0.9083699033292714,22,RBS0p8_mRNA1min,0.8,1.0,8.448,53.26026144964523,11.312559356392581,13.393586371861275,2.834679580212155,0.017817028613864087,0.003142672562658999,0.0024208774880200494,0.9388345962637167,0.8672435285887319,60.708492350597545,0.9548673615061483,0.8749658669894984,0.10027765456552458
True,resolved_oscillation,1.0,9.82506844771037,8.721428571428572,0.0009324734521757755,0.9748594773022398,2.120570695157649,0.004662722953519013,3.05,6.1925842313734085,0.9097767788063091,22,RBS0p8_mRNA1p5min,0.8,1.5,10.075,53.26026144964523,11.312559356392581,13.393586371861275,2.834679580212155,0.017817028613864087,0.003142672562658999,0.0024208774880200494,0.9388345962637167,0.8672435285887319,60.708492350597545,0.9548673615061483,0.8749658669894984,0.10027765456552458
True,resolved_oscillation,1.0,10.948929676099844,9.719047619047618,0.0006481507376444366,0.9828769995269,2.157030354352304,0.004499311189675788,3.308333333333333,6.804509664312675,0.9110678553814373,22,RBS0p8_mRNA2min,0.8,2.0,11.154285714285711,53.26026144964523,11.312559356392581,13.393586371861275,2.834679580212155,0.017817028613864087,0.003142672562658999,0.0024208774880200494,0.9388345962637167,0.8672435285887319,60.708492350597545,0.9548673615061483,0.8749658669894984,0.10027765456552458
True,resolved_oscillation,1.0,12.43891753378565,11.041666666666666,0.0008267510301964771,0.9887708086581841,2.1248394405113924,0.004532670010541764,3.6333333333333333,7.345229302406929,0.913769869755724,22,RBS0p8_mRNA3min,0.8,3.0,12.476666666666668,53.26026144964523,11.312559356392581,13.393586371861275,2.834679580212155,0.017817028613864087,0.003142672562658999,0.0024208774880200494,0.9388345962637167,0.8672435285887319,60.708492350597545,0.9548673615061483,0.8749658669894984,0.10027765456552458
True,resolved_oscillation,1.0,13.402112204703695,11.896666666666667,0.0006265250707480498,0.9909443925750847,2.037531898668722,0.0047191964062492245,3.816666666666667,7.391340731788086,0.9166306688145731,22,RBS0p8_mRNA4min,0.8,4.0,13.19,53.26026144964523,11.312559356392581,13.393586371861275,2.834679580212155,0.017817028613864087,0.003142672562658999,0.0024208774880200494,0.9388345962637167,0.8672435285887319,60.708492350597545,0.9548673615061483,0.8749658669894984,0.10027765456552458
True,resolved_oscillation,1.0,9.019388694780803,8.00625,0.0010773857288717474,0.966097194837704,2.057314975917786,0.004954927605677897,2.85,5.643409326705845,0.909000499354686,22,RBS1_mRNA1min,1.0,1.0,9.253333333333334,53.26026144964523,11.312559356392581,13.393586371861275,2.834679580212155,0.017817028613864087,0.003142672562658999,0.0024208774880200494,0.9388345962637167,0.8672435285887319,60.708492350597545,0.9548673615061483,0.8749658669894984,0.10027765456552458
True,resolved_oscillation,1.0,10.597555401830105,9.407142857142857,0.000947015283921524,0.9811368498090338,2.139477660032635,0.00454927925415667,3.216666666666667,6.552584452190919,0.9106204026497429,22,RBS1_mRNA1p5min,1.0,1.5,10.794285714285714,53.26026144964523,11.312559356392581,13.393586371861275,2.834679580212155,0.017817028613864087,0.003142672562658999,0.0024208774880200494,0.9388345962637167,0.8672435285887319,60.708492350597545,0.9548673615061483,0.8749658669894984,0.10027765456552458
True,resolved_oscillation,1.0,11.659724963744738,10.35,0.0,0.9864165673469745,2.1382278191884114,0.004514678549794415,3.45,7.01079954716415,0.9122491677466676,22,RBS1_mRNA2min,1.0,2.0,11.762857142857142,53.26026144964523,11.312559356392581,13.393586371861275,2.834679580212155,0.017817028613864087,0.003142672562658999,0.0024208774880200494,0.9388345962637167,0.8672435285887319,60.708492350597545,0.9548673615061483,0.8749658669894984,0.10027765456552458
True,resolved_oscillation,1.0,13.030352858033572,11.566666666666666,0.0,0.990370769078072,2.048237096302961,0.004695915347600809,3.7083333333333335,7.227332581519316,0.915661013301106,22,RBS1_mRNA3min,1.0,3.0,12.836666666666668,53.26026144964523,11.312559356392581,13.393586371861275,2.834679580212155,0.017817028613864087,0.003142672562658999,0.0024208774880200494,0.9388345962637167,0.8672435285887319,60.708492350597545,0.9548673615061483,0.8749658669894984,0.10027765456552458
True,resolved_oscillation,1.0,13.852729594606872,12.296666666666665,0.0006061447485767933,0.9917313366705007,1.910929872184759,0.005029155851972022,3.816666666666667,6.952267239260366,0.9192562764398771,22,RBS1_mRNA4min,1.0,4.0,13.29,53.26026144964523,11.312559356392581,13.393586371861275,2.834679580212155,0.017817028613864087,0.003142672562658999,0.0024208774880200494,0.9388345962637167,0.8672435285887319,60.708492350597545,0.9548673615061483,0.8749658669894984,0.10027765456552458
True,resolved_oscillation,1.0,9.674862651075978,8.588095238095239,0.0009469504450567968,0.9741393653642858,2.0967860226112474,0.004720331321158692,2.9833333333333334,6.0025666181884265,0.9095737859892589,22,RBS1p2_mRNA1min,1.2,1.0,9.89,53.26026144964523,11.312559356392581,13.393586371861275,2.834679580212155,0.017817028613864087,0.003142672562658999,0.0024208774880200494,0.9388345962637167,0.8672435285887319,60.708492350597545,0.9548673615061483,0.8749658669894984,0.10027765456552458
True,resolved_oscillation,1.0,11.201060834736147,9.942857142857143,0.0008959907535378213,0.9846201103429577,2.1349568384946798,0.004531562413383061,3.3333333333333335,6.770837145146228,0.9114884452093113,22,RBS1p2_mRNA1p5min,1.2,1.5,11.325714285714287,53.26026144964523,11.312559356392581,13.393586371861275,2.834679580212155,0.017817028613864087,0.003142672562658999,0.0024208774880200494,0.9388345962637167,0.8672435285887319,60.708492350597545,0.9548673615061483,0.8749658669894984,0.10027765456552458
True,resolved_oscillation,1.0,12.20109168911453,10.830555555555556,0.0006282353790159472,0.9884166799783939,2.101607009052503,0.004583369682509201,3.533333333333333,7.0688650176872105,0.9134547276031063,22,RBS1p2_mRNA2min,1.2,2.0,12.174285714285713,53.26026144964523,11.312559356392581,13.393586371861275,2.834679580212155,0.017817028613864087,0.003142672562658999,0.0024208774880200494,0.9388345962637167,0.8672435285887319,60.708492350597545,0.9548673615061483,0.8749658669894984,0.10027765456552458
True,resolved_oscillation,1.0,13.439663653862292,11.93,0.0006247745117350628,0.9912103228726761,1.9586339473208236,0.004907889955307731,3.7333333333333334,6.963351456567006,0.9175423017251493,22,RBS1p2_mRNA3min,1.2,3.0,12.986666666666668,53.26026144964523,11.312559356392581,13.393586371861275,2.834679580212155,0.017817028613864087,0.003142672562658999,0.0024208774880200494,0.9388345962637167,0.8672435285887319,60.708492350597545,0.9548673615061483,0.8749658669894984,0.10027765456552458
True,resolved_oscillation,1.0,14.1118345938012,12.526666666666667,0.0007287420935406682,0.9919690479674207,1.7730962866562217,0.005418802259784549,3.7666666666666666,6.381938497375656,0.9218732036382575,22,RBS1p2_mRNA4min,1.2,4.0,13.183333333333332,53.26026144964523,11.312559356392581,13.393586371861275,2.834679580212155,0.017817028613864087,0.003142672562658999,0.0024208774880200494,0.9388345962637167,0.8672435285887319,60.708492350597545,0.9548673615061483,0.8749658669894984,0.10027765456552458
True,resolved_oscillation,1.0,10.219358663875651,9.071428571428573,0.0008964961300052142,0.9789547917330103,2.115787608419146,0.0046189668878053956,3.1,6.270983156283302,0.9101423606215611,22,RBS1p4_mRNA1min,1.4,1.0,10.402857142857142,53.26026144964523,11.312559356392581,13.393586371861275,2.834679580212155,0.017817028613864087,0.003142672562658999,0.0024208774880200494,0.9388345962637167,0.8672435285887319,60.708492350597545,0.9548673615061483,0.8749658669894984,0.10027765456552458
True,resolved_oscillation,1.0,11.684759263183805,10.372222222222224,0.0008297768283251026,0.9867810461734224,2.116435966386436,0.00455840383944788,3.4166666666666665,6.886185769592684,0.9123717403304886,22,RBS1p4_mRNA1p5min,1.4,1.5,11.722857142857142,53.26026144964523,11.312559356392581,13.393586371861275,2.834679580212155,0.017817028613864087,0.003142672562658999,0.0024208774880200494,0.9388345962637167,0.8672435285887319,60.708492350597545,0.9548673615061483,0.8749658669894984,0.10027765456552458
True,resolved_oscillation,1.0,12.623545492148759,11.205555555555556,0.0007680680904724674,0.9896514146120285,2.0540930314818833,0.00468441378049966,3.5833333333333335,7.0230875975424905,0.9146629855235551,22,RBS1p4_mRNA2min,1.4,2.0,12.446666666666667,53.26026144964523,11.312559356392581,13.393586371861275,2.834679580212155,0.017817028613864087,0.003142672562658999,0.0024208774880200494,0.9388345962637167,0.8672435285887319,60.708492350597545,0.9548673615061483,0.8749658669894984,0.10027765456552458
True,resolved_oscillation,1.0,13.713789232720059,12.173333333333334,0.0007498939724879055,0.9916266564814111,1.8605871922169919,0.00516498384422874,3.716666666666667,6.6021769221933635,0.9193981693282688,22,RBS1p4_mRNA3min,1.4,3.0,12.99,53.26026144964523,11.312559356392581,13.393586371861275,2.834679580212155,0.017817028613864087,0.003142672562658999,0.0024208774880200494,0.9388345962637167,0.8672435285887319,60.708492350597545,0.9548673615061483,0.8749658669894984,0.10027765456552458
True,resolved_oscillation,1.0,14.224488941276995,12.626666666666667,0.0007229706408463123,0.9918346827023706,1.6278560058454459,0.005901560210391424,3.6666666666666665,5.738038460948027,0.9245163156819788,22,RBS1p4_mRNA4min,1.4,4.0,12.96,53.26026144964523,11.312559356392581,13.393586371861275,2.834679580212155,0.017817028613864087,0.003142672562658999,0.0024208774880200494,0.9388345962637167,0.8672435285887319,60.708492350597545,0.9548673615061483,0.8749658669894984,0.10027765456552458
True,resolved_oscillation,1.0,7.6411875871344925,6.03030303030303,0.0011180198724264818,0.9152517039322456,2.2909210214575166,0.004639944119312842,2.5166666666666666,5.539579565493181,0.8276996153542437,23,RBS0p6_mRNA1min,0.6,1.0,7.42,47.35104035757177,9.37309496635426,14.18567443938583,3.4980945115194344,0.007069244290244099,0.002356629235586842,0.0032155488092694452,0.9994681519102737,1.0783926770818937,91.07048784070265,1.0700529057006316,1.1170868685835553,0.1435250378634712
True,resolved_oscillation,1.0,9.45655627408353,7.462962962962963,0.0009847709594533215,0.9655505711172951,2.5646275500180606,0.0033907546077014904,2.933333333333333,7.115085627960705,0.8293608804071653,23,RBS0p6_mRNA1p5min,0.6,1.5,9.077777777777778,47.35104035757177,9.37309496635426,14.18567443938583,3.4980945115194344,0.007069244290244099,0.002356629235586842,0.0032155488092694452,0.9994681519102737,1.0783926770818937,91.07048784070265,1.0700529057006316,1.1170868685835553,0.1435250378634712
True,resolved_oscillation,1.0,10.76760170435438,8.497619047619047,0.0007413144609315187,0.9794351867616425,2.679068217314366,0.0031994894375896757,3.283333333333333,8.243219493248345,0.8306780916174537,23,RBS0p6_mRNA2min,0.6,2.0,10.248571428571427,47.35104035757177,9.37309496635426,14.18567443938583,3.4980945115194344,0.007069244290244099,0.002356629235586842,0.0032155488092694452,0.9994681519102737,1.0783926770818937,91.07048784070265,1.0700529057006316,1.1170868685835553,0.1435250378634712
True,resolved_oscillation,1.0,12.586840658606466,9.933333333333334,0.0,0.9887998416887086,2.7647513111014037,0.003089217953119761,3.75,9.71527565610362,0.831918077061706,23,RBS0p6_mRNA3min,0.6,3.0,11.794285714285714,47.35104035757177,9.37309496635426,14.18567443938583,3.4980945115194344,0.007069244290244099,0.002356629235586842,0.0032155488092694452,0.9994681519102737,1.0783926770818937,91.07048784070265,1.0700529057006316,1.1170868685835553,0.1435250378634712
True,resolved_oscillation,1.0,13.857492078560865,10.93611111111111,0.0006221716390102052,0.9921600152187169,2.786507952612245,0.0030636341654407253,4.083333333333333,10.652397725249223,0.8320726961709072,23,RBS0p6_mRNA4min,0.6,4.0,12.76,47.35104035757177,9.37309496635426,14.18567443938583,3.4980945115194344,0.007069244290244099,0.002356629235586842,0.0032155488092694452,0.9994681519102737,1.0783926770818937,91.07048784070265,1.0700529057006316,1.1170868685835553,0.1435250378634712
True,resolved_oscillation,1.0,8.772774512726722,6.923333333333333,0.0012431337975308675,0.9552420788060265,2.4734402510146802,0.0035818298310110854,2.75,6.4446151819304385,0.8282572706409654,23,RBS0p8_mRNA1min,0.8,1.0,8.448,47.35104035757177,9.37309496635426,14.18567443938583,3.4980945115194344,0.007069244290244099,0.002356629235586842,0.0032155488092694452,0.9994681519102737,1.0783926770818937,91.07048784070265,1.0700529057006316,1.1170868685835553,0.1435250378634712
True,resolved_oscillation,1.0,10.59902794553376,8.364583333333334,0.000704465037296685,0.9789163777961141,2.657721258600795,0.0032255035649418683,3.2,8.007155567649711,0.8299830029751173,23,RBS0p8_mRNA1p5min,0.8,1.5,10.075,47.35104035757177,9.37309496635426,14.18567443938583,3.4980945115194344,0.007069244290244099,0.002356629235586842,0.0032155488092694452,0.9994681519102737,1.0783926770818937,91.07048784070265,1.0700529057006316,1.1170868685835553,0.1435250378634712
True,resolved_oscillation,1.0,11.865279602953692,9.363888888888889,0.0007266359367496819,0.9864698459020331,2.7283961448703153,0.003131875577972134,3.533333333333333,9.037063769673887,0.8308674199416713,23,RBS0p8_mRNA2min,0.8,2.0,11.154285714285711,47.35104035757177,9.37309496635426,14.18567443938583,3.4980945115194344,0.007069244290244099,0.002356629235586842,0.0032155488092694452,0.9994681519102737,1.0783926770818937,91.07048784070265,1.0700529057006316,1.1170868685835553,0.1435250378634712
True,resolved_oscillation,1.0,13.600545946547927,10.733333333333333,0.0,0.9919532946800186,2.7692219892376007,0.0030827573160844375,3.9833333333333334,10.32358350424919,0.831030611479883,23,RBS0p8_mRNA3min,0.8,3.0,12.476666666666668,47.35104035757177,9.37309496635426,14.18567443938583,3.4980945115194344,0.007069244290244099,0.002356629235586842,0.0032155488092694452,0.9994681519102737,1.0783926770818937,91.07048784070265,1.0700529057006316,1.1170868685835553,0.1435250378634712
True,resolved_oscillation,1.0,14.791649659879141,11.673333333333334,0.0007820139313323332,0.9939976334314526,2.7632280441408614,0.0030889742708143627,4.275,11.089121123201425,0.8300050709232119,23,RBS0p8_mRNA4min,0.8,4.0,13.19,47.35104035757177,9.37309496635426,14.18567443938583,3.4980945115194344,0.007069244290244099,0.002356629235586842,0.0032155488092694452,0.9994681519102737,1.0783926770818937,91.07048784070265,1.0700529057006316,1.1170868685835553,0.1435250378634712
True,resolved_oscillation,1.0,9.684170655866682,7.642592592592592,0.001149361882784727,0.9705832882442542,2.574002494123751,0.003352851280461416,2.9583333333333335,7.178298369775462,0.8288154668048558,23,RBS1_mRNA1min,1.0,1.0,9.253333333333334,47.35104035757177,9.37309496635426,14.18567443938583,3.4980945115194344,0.007069244290244099,0.002356629235586842,0.0032155488092694452,0.9994681519102737,1.0783926770818937,91.07048784070265,1.0700529057006316,1.1170868685835553,0.1435250378634712
True,resolved_oscillation,1.0,11.464524089814136,9.047619047619047,0.0006962503450169974,0.9848956322599126,2.7032143786495872,0.0031623384413199383,3.408333333333333,8.650472568898739,0.8302036053478113,23,RBS1_mRNA1p5min,1.0,1.5,10.794285714285714,47.35104035757177,9.37309496635426,14.18567443938583,3.4980945115194344,0.007069244290244099,0.002356629235586842,0.0032155488092694452,0.9994681519102737,1.0783926770818937,91.07048784070265,1.0700529057006316,1.1170868685835553,0.1435250378634712
True,resolved_oscillation,1.0,12.68640099938643,10.011904761904761,0.000812283057150979,0.9898173390791181,2.746458186308377,0.003109059782901205,3.716666666666667,9.582688618528802,0.8305320414736193,23,RBS1_mRNA2min,1.0,2.0,11.762857142857142,47.35104035757177,9.37309496635426,14.18567443938583,3.4980945115194344,0.007069244290244099,0.002356629235586842,0.0032155488092694452,0.9994681519102737,1.0783926770818937,91.07048784070265,1.0700529057006316,1.1170868685835553,0.1435250378634712
True,resolved_oscillation,1.0,14.339706052338574,11.316666666666666,0.0,0.9935154230653342,2.7550554551045154,0.003098196216373631,4.15,10.691140993314976,0.8294326767267148,23,RBS1_mRNA3min,1.0,3.0,12.836666666666668,47.35104035757177,9.37309496635426,14.18567443938583,3.4980945115194344,0.007069244290244099,0.002356629235586842,0.0032155488092694452,0.9994681519102737,1.0783926770818937,91.07048784070265,1.0700529057006316,1.1170868685835553,0.1435250378634712
True,resolved_oscillation,1.0,15.446334325008001,12.19,0.0007488686867721714,0.9948806295917133,2.7249482000558065,0.0031321893678983638,4.416666666666667,11.273862551039946,0.8268830417752764,23,RBS1_mRNA4min,1.0,4.0,13.29,47.35104035757177,9.37309496635426,14.18567443938583,3.4980945115194344,0.007069244290244099,0.002356629235586842,0.0032155488092694452,0.9994681519102737,1.0783926770818937,91.07048784070265,1.0700529057006316,1.1170868685835553,0.1435250378634712
True,resolved_oscillation,1.0,10.42215749164814,8.225,0.0010831256004556207,0.9783443789967373,2.6339220467696514,0.0032550092220863013,3.1333333333333333,7.758753254877395,0.8292107660856555,23,RBS1p2_mRNA1min,1.2,1.0,9.89,47.35104035757177,9.37309496635426,14.18567443938583,3.4980945115194344,0.007069244290244099,0.002356629235586842,0.0032155488092694452,0.9994681519102737,1.0783926770818937,91.07048784070265,1.0700529057006316,1.1170868685835553,0.1435250378634712
True,resolved_oscillation,1.0,12.149378555179348,9.588095238095239,0.0008481872995579503,0.9881826693733774,2.725831536767348,0.003133403390587098,3.566666666666667,9.130364205431878,0.8300867606102245,23,RBS1p2_mRNA1p5min,1.2,1.5,11.325714285714287,47.35104035757177,9.37309496635426,14.18567443938583,3.4980945115194344,0.007069244290244099,0.002356629235586842,0.0032155488092694452,0.9994681519102737,1.0783926770818937,91.07048784070265,1.0700529057006316,1.1170868685835553,0.1435250378634712
True,resolved_oscillation,1.0,13.329520574424688,10.519444444444444,0.0006468153532567146,0.991716584364986,2.7490190466136903,0.003105411779820355,3.8666666666666667,9.969761402097355,0.8297892726004118,23,RBS1p2_mRNA2min,1.2,2.0,12.174285714285713,47.35104035757177,9.37309496635426,14.18567443938583,3.4980945115194344,0.007069244290244099,0.002356629235586842,0.0032155488092694452,0.9994681519102737,1.0783926770818937,91.07048784070265,1.0700529057006316,1.1170868685835553,0.1435250378634712
True,resolved_oscillation,1.0,14.901467732739468,11.76,0.0007762507901150314,0.9943978086076994,2.7303149612197655,0.003126089955241528,4.25,10.89684123528621,0.8271744224234304,23,RBS1p2_mRNA3min,1.2,3.0,12.986666666666668,47.35104035757177,9.37309496635426,14.18567443938583,3.4980945115194344,0.007069244290244099,0.002356629235586842,0.0032155488092694452,0.9994681519102737,1.0783926770818937,91.07048784070265,1.0700529057006316,1.1170868685835553,0.1435250378634712
True,resolved_oscillation,1.0,15.898277932548568,12.546666666666665,0.0005940669440753958,0.9953185416879594,2.676764743444253,0.003188449445756763,4.483333333333333,11.27607834012343,0.8226646823791011,23,RBS1p2_mRNA4min,1.2,4.0,13.183333333333332,47.35104035757177,9.37309496635426,14.18567443938583,3.4980945115194344,0.007069244290244099,0.002356629235586842,0.0032155488092694452,0.9994681519102737,1.0783926770818937,91.07048784070265,1.0700529057006316,1.1170868685835553,0.1435250378634712
True,resolved_oscillation,1.0,11.033095946434287,8.707142857142857,0.0010231494084697679,0.9829170558628157,2.6713502809128498,0.0032020265644183703,3.283333333333333,8.224153654553124,0.8294188207593303,23,RBS1p4_mRNA1min,1.4,1.0,10.402857142857142,47.35104035757177,9.37309496635426,14.18567443938583,3.4980945115194344,0.007069244290244099,0.002356629235586842,0.0032155488092694452,0.9994681519102737,1.0783926770818937,91.07048784070265,1.0700529057006316,1.1170868685835553,0.1435250378634712
True,resolved_oscillation,1.0,12.716570799622783,10.035714285714285,0.00062769900618377,0.9902197201045472,2.7356670481315066,0.0031210715708774412,3.7,9.49738150811163,0.829698046241451,23,RBS1p4_mRNA1p5min,1.4,1.5,11.722857142857142,47.35104035757177,9.37309496635426,14.18567443938583,3.4980945115194344,0.007069244290244099,0.002356629235586842,0.0032155488092694452,0.9994681519102737,1.0783926770818937,91.07048784070265,1.0700529057006316,1.1170868685835553,0.1435250378634712
True,resolved_oscillation,1.0,13.850452458505718,10.930555555555555,0.0006224878634773006,0.9929103092687888,2.7424476083543885,0.0031125241928704,3.9833333333333334,10.245848826539838,0.8286938269571461,23,RBS1p4_mRNA2min,1.4,2.0,12.446666666666667,47.35104035757177,9.37309496635426,14.18567443938583,3.4980945115194344,0.007069244290244099,0.002356629235586842,0.0032155488092694452,0.9994681519102737,1.0783926770818937,91.07048784070265,1.0700529057006316,1.1170868685835553,0.1435250378634712
True,resolved_oscillation,1.0,15.32384493604841,12.093333333333334,0.0007548546823389832,0.994922474013514,2.6983259248438696,0.0031630365667759206,4.333333333333333,10.980472333835989,0.8242454315596759,23,RBS1p4_mRNA3min,1.4,3.0,12.99,47.35104035757177,9.37309496635426,14.18567443938583,3.4980945115194344,0.007069244290244099,0.002356629235586842,0.0032155488092694452,0.9994681519102737,1.0783926770818937,91.07048784070265,1.0700529057006316,1.1170868685835553,0.1435250378634712
True,resolved_oscillation,1.0,16.193941974864828,12.78,0.0005832206514083958,0.9954933266646154,2.6208484809742996,0.003256358943758912,4.533333333333333,11.131977271711401,0.8172756796537505,23,RBS1p4_mRNA4min,1.4,4.0,12.96,47.35104035757177,9.37309496635426,14.18567443938583,3.4980945115194344,0.007069244290244099,0.002356629235586842,0.0032155488092694452,0.9994681519102737,1.0783926770818937,91.07048784070265,1.0700529057006316,1.1170868685835553,0.1435250378634712
True,resolved_oscillation,1.0,8.168467415881407,7.453703703703704,0.0009859942774153754,0.9457303576682966,2.2536403646805647,0.02068670733531568,2.7583333333333333,6.1238136595009545,0.8287082288652313,24,RBS0p6_mRNA1min,0.6,1.0,7.42,54.74983242911857,11.417381067340434,14.479156536428231,3.4210603325675493,0.007698554097920231,0.012986609064077831,0.0010909817215053019,1.0248290522487262,0.9422420449730392,76.63126693891238,0.9816399101910148,0.9827406285676906,0.1448250614317784
True,resolved_oscillation,1.0,9.756063780366468,8.902380952380952,0.0007076093370057744,0.9736630939121015,2.4282886913404567,0.01901631902470175,3.0166666666666666,7.147061946893235,0.8367209843864418,24,RBS0p6_mRNA1p5min,0.6,1.5,9.077777777777778,54.74983242911857,11.417381067340434,14.479156536428231,3.4210603325675493,0.007698554097920231,0.012986609064077831,0.0010909817215053019,1.0248290522487262,0.9422420449730392,76.63126693891238,0.9816399101910148,0.9827406285676906,0.1448250614317784
True,resolved_oscillation,1.0,10.784116502876333,9.84047619047619,0.0009053126994371985,0.9825831253586778,2.4811837388562705,0.018596042232925748,3.1166666666666667,7.565290470449903,0.8415237936800519,24,RBS0p6_mRNA2min,0.6,2.0,10.248571428571427,54.74983242911857,11.417381067340434,14.479156536428231,3.4210603325675493,0.007698554097920231,0.012986609064077831,0.0010909817215053019,1.0248290522487262,0.9422420449730392,76.63126693891238,0.9816399101910148,0.9827406285676906,0.1448250614317784
True,resolved_oscillation,1.0,11.978727682544102,10.930555555555555,0.0006224878634773006,0.9890664211285146,2.456754852736584,0.018777761802661157,3.066666666666667,7.412910757968365,0.849060636073706,24,RBS0p6_mRNA3min,0.6,3.0,11.794285714285714,54.74983242911857,11.417381067340434,14.479156536428231,3.4210603325675493,0.007698554097920231,0.012986609064077831,0.0010909817215053019,1.0248290522487262,0.9422420449730392,76.63126693891238,0.9816399101910148,0.9827406285676906,0.1448250614317784
True,resolved_oscillation,1.0,12.573554465052135,11.473333333333333,0.0007956457837088411,0.9915060500180531,2.3510658642336715,0.019621540065467583,2.825,6.631837089829589,0.8568136620818144,24,RBS0p6_mRNA4min,0.6,4.0,12.76,54.74983242911857,11.417381067340434,14.479156536428231,3.4210603325675493,0.007698554097920231,0.012986609064077831,0.0010909817215053019,1.0248290522487262,0.9422420449730392,76.63126693891238,0.9816399101910148,0.9827406285676906,0.1448250614317784
True,resolved_oscillation,1.0,9.202898356071818,8.397619047619047,0.0007501421352607288,0.9675649332189079,2.369091036391038,0.019509825637569173,2.9,6.73416192068241,0.8337604158674862,24,RBS0p8_mRNA1min,0.8,1.0,8.448,54.74983242911857,11.417381067340434,14.479156536428231,3.4210603325675493,0.007698554097920231,0.012986609064077831,0.0010909817215053019,1.0248290522487262,0.9422420449730392,76.63126693891238,0.9816399101910148,0.9827406285676906,0.1448250614317784
True,resolved_oscillation,1.0,10.653652959410616,9.721428571428572,0.0008365540669409419,0.9822634233954884,2.4598638311301757,0.0187566528256603,3.066666666666667,7.375961502664127,0.8409734140985646,24,RBS0p8_mRNA1p5min,0.8,1.5,10.075,54.74983242911857,11.417381067340434,14.479156536428231,3.4210603325675493,0.007698554097920231,0.012986609064077831,0.0010909817215053019,1.0248290522487262,0.9422420449730392,76.63126693891238,0.9816399101910148,0.9827406285676906,0.1448250614317784
True,resolved_oscillation,1.0,11.512972832371485,10.505555555555556,0.0008192455518154239,0.9874032927323334,2.4533154805236776,0.018803799525800365,3.05,7.3477881364175195,0.8463087992562669,24,RBS0p8_mRNA2min,0.8,2.0,11.154285714285711,54.74983242911857,11.417381067340434,14.479156536428231,3.4210603325675493,0.007698554097920231,0.012986609064077831,0.0010909817215053019,1.0248290522487262,0.9422420449730392,76.63126693891238,0.9816399101910148,0.9827406285676906,0.1448250614317784
True,resolved_oscillation,1.0,12.35924635098578,11.277777777777777,0.0007631494278241217,0.9912999114266126,2.3184540114752887,0.019896851617447475,2.75,6.375298291699573,0.8570367197811172,24,RBS0p8_mRNA3min,0.8,3.0,12.476666666666668,54.74983242911857,11.417381067340434,14.479156536428231,3.4210603325675493,0.007698554097920231,0.012986609064077831,0.0010909817215053019,1.0248290522487262,0.9422420449730392,76.63126693891238,0.9816399101910148,0.9827406285676906,0.1448250614317784
True,resolved_oscillation,1.0,12.664878945478138,11.556666666666667,0.000789908505199259,0.9927589609141918,2.09035081494973,0.022067214706831467,2.3333333333333335,5.036027965044951,0.8700386618450797,24,RBS0p8_mRNA4min,0.8,4.0,13.19,54.74983242911857,11.417381067340434,14.479156536428231,3.4210603325675493,0.007698554097920231,0.012986609064077831,0.0010909817215053019,1.0248290522487262,0.9422420449730392,76.63126693891238,0.9816399101910148,0.9827406285676906,0.1448250614317784
True,resolved_oscillation,1.0,9.95893459045566,9.0875,0.0008489867948395703,0.9769116721413676,2.4199740191575985,0.01907233763051707,2.9833333333333334,7.06233898088845,0.8373545117421147,24,RBS1_mRNA1min,1.0,1.0,9.253333333333334,54.74983242911857,11.417381067340434,14.479156536428231,3.4210603325675493,0.007698554097920231,0.012986609064077831,0.0010909817215053019,1.0248290522487262,0.9422420449730392,76.63126693891238,0.9816399101910148,0.9827406285676906,0.1448250614317784
True,resolved_oscillation,1.0,11.242043540441008,10.258333333333333,0.0008898823030140797,0.9863111271706309,2.445569071197888,0.01886326246931251,3.025,7.267681340333486,0.8447599883775883,24,RBS1_mRNA1p5min,1.0,1.5,10.794285714285714,54.74983242911857,11.417381067340434,14.479156536428231,3.4210603325675493,0.007698554097920231,0.012986609064077831,0.0010909817215053019,1.0248290522487262,0.9422420449730392,76.63126693891238,0.9816399101910148,0.9827406285676906,0.1448250614317784
True,resolved_oscillation,1.0,11.920888844940965,10.877777777777776,0.0007912121238421691,0.9897458641727621,2.3828961939504225,0.019358572173128075,2.8833333333333333,6.806396527756301,0.8514079796750486,24,RBS1_mRNA2min,1.0,2.0,11.762857142857142,54.74983242911857,11.417381067340434,14.479156536428231,3.4210603325675493,0.007698554097920231,0.012986609064077831,0.0010909817215053019,1.0248290522487262,0.9422420449730392,76.63126693891238,0.9816399101910148,0.9827406285676906,0.1448250614317784
True,resolved_oscillation,1.0,12.456659130106852,11.366666666666667,0.0,0.9923599989218943,2.1259323098565135,0.021697528437377395,2.3833333333333333,5.203254930490181,0.8669880442607143,24,RBS1_mRNA3min,1.0,3.0,12.836666666666668,54.74983242911857,11.417381067340434,14.479156536428231,3.4210603325675493,0.007698554097920231,0.012986609064077831,0.0010909817215053019,1.0248290522487262,0.9422420449730392,76.63126693891238,0.9816399101910148,0.9827406285676906,0.1448250614317784
True,resolved_oscillation,1.0,12.507800839145412,11.413333333333332,0.0006530572364193311,0.9931907354579201,1.752152211126888,0.026324039154750088,1.8666666666666667,3.5695885577451483,0.8875061059589598,24,RBS1_mRNA4min,1.0,4.0,13.29,54.74983242911857,11.417381067340434,14.479156536428231,3.4210603325675493,0.007698554097920231,0.012986609064077831,0.0010909817215053019,1.0248290522487262,0.9422420449730392,76.63126693891238,0.9816399101910148,0.9827406285676906,0.1448250614317784
True,resolved_oscillation,1.0,10.52058014507558,9.6,0.0,0.9819192181279938,2.436789202476228,0.018933617719137184,3.0166666666666666,7.181356681375599,0.8403197175090601,24,RBS1p2_mRNA1min,1.2,1.0,9.89,54.74983242911857,11.417381067340434,14.479156536428231,3.4210603325675493,0.007698554097920231,0.012986609064077831,0.0010909817215053019,1.0248290522487262,0.9422420449730392,76.63126693891238,0.9816399101910148,0.9827406285676906,0.1448250614317784
True,resolved_oscillation,1.0,11.625606358230222,10.608333333333333,0.0008605224784056026,0.9885851567731367,2.403488700811278,0.019192584360635964,2.9166666666666665,6.94432886165852,0.8485929665319719,24,RBS1p2_mRNA1p5min,1.2,1.5,11.325714285714287,54.74983242911857,11.417381067340434,14.479156536428231,3.4210603325675493,0.007698554097920231,0.012986609064077831,0.0010909817215053019,1.0248290522487262,0.9422420449730392,76.63126693891238,0.9816399101910148,0.9827406285676906,0.1448250614317784
True,resolved_oscillation,1.0,12.133979299268306,11.072222222222223,0.0007773172797205051,0.9910689586768805,2.2821216416075822,0.020212780709574996,2.6666666666666665,6.105929820495127,0.8572014735571725,24,RBS1p2_mRNA2min,1.2,2.0,12.174285714285713,54.74983242911857,11.417381067340434,14.479156536428231,3.4210603325675493,0.007698554097920231,0.012986609064077831,0.0010909817215053019,1.0248290522487262,0.9422420449730392,76.63126693891238,0.9816399101910148,0.9827406285676906,0.1448250614317784
True,resolved_oscillation,1.0,12.386643695113582,11.302777777777777,0.000601988140276033,0.9928627240242488,1.886940784274804,0.024443953499019667,2.033333333333333,4.073568490431542,0.8792938780489443,24,RBS1p2_mRNA3min,1.2,3.0,12.986666666666668,54.74983242911857,11.417381067340434,14.479156536428231,3.4210603325675493,0.007698554097920231,0.012986609064077831,0.0010909817215053019,1.0248290522487262,0.9422420449730392,76.63126693891238,0.9816399101910148,0.9827406285676906,0.1448250614317784
True,resolved_oscillation,1.0,12.152244195353507,11.08888888888889,0.0007761489671758351,0.992999916489933,1.3426458905168648,0.034348457260240634,1.4583333333333333,2.3389839523803535,0.9101077443409964,24,RBS1p2_mRNA4min,1.2,4.0,13.183333333333332,54.74983242911857,11.417381067340434,14.479156536428231,3.4210603325675493,0.007698554097920231,0.012986609064077831,0.0010909817215053019,1.0248290522487262,0.9422420449730392,76.63126693891238,0.9816399101910148,0.9827406285676906,0.1448250614317784
True,resolved_oscillation,1.0,10.94328202590451,9.985714285714286,0.0006308419911932739,0.9849702687247387,2.432532607178754,0.01896434822640766,2.9833333333333334,7.149687490523705,0.8430234782199693,24,RBS1p4_mRNA1min,1.4,1.0,10.402857142857142,54.74983242911857,11.417381067340434,14.479156536428231,3.4210603325675493,0.007698554097920231,0.012986609064077831,0.0010909817215053019,1.0248290522487262,0.9422420449730392,76.63126693891238,0.9816399101910148,0.9827406285676906,0.1448250614317784
True,resolved_oscillation,1.0,11.87218245538043,10.833333333333334,0.0,0.9900017097099444,2.341121797207944,0.0197033633042484,2.783333333333333,6.492043999495768,0.8527158009773392,24,RBS1p4_mRNA1p5min,1.4,1.5,11.722857142857142,54.74983242911857,11.417381067340434,14.479156536428231,3.4210603325675493,0.007698554097920231,0.012986609064077831,0.0010909817215053019,1.0248290522487262,0.9422420449730392,76.63126693891238,0.9816399101910148,0.9827406285676906,0.1448250614317784
True,resolved_oscillation,1.0,12.225303779694311,11.155555555555557,0.0007715106267345451,0.9918736879688128,2.156202672842131,0.021392432480174327,2.433333333333333,5.348284262493873,0.8638868730433447,24,RBS1p4_mRNA2min,1.4,2.0,12.446666666666667,54.74983242911857,11.417381067340434,14.479156536428231,3.4210603325675493,0.007698554097920231,0.012986609064077831,0.0010909817215053019,1.0248290522487262,0.9422420449730392,76.63126693891238,0.9816399101910148,0.9827406285676906,0.1448250614317784
True,resolved_oscillation,1.0,12.194862286218974,11.127777777777776,0.0007734365144697788,0.9929844720604533,1.6054289352376816,0.028727686156774245,1.7,3.0582554275018623,0.8943233444203564,24,RBS1p4_mRNA3min,1.4,3.0,12.99,54.74983242911857,11.417381067340434,14.479156536428231,3.4210603325675493,0.007698554097920231,0.012986609064077831,0.0010909817215053019,1.0248290522487262,0.9422420449730392,76.63126693891238,0.9816399101910148,0.9827406285676906,0.1448250614317784
True,resolved_oscillation,1.0,11.534281877804219,10.525,0.0008673357996914744,0.9916515957499307,0.8668617452505982,0.053192273687151764,1.1,1.3746266270115628,0.9389226709411942,24,RBS1p4_mRNA4min,1.4,4.0,12.96,54.74983242911857,11.417381067340434,14.479156536428231,3.4210603325675493,0.007698554097920231,0.012986609064077831,0.0010909817215053019,1.0248290522487262,0.9422420449730392,76.63126693891238,0.9816399101910148,0.9827406285676906,0.1448250614317784
True,resolved_oscillation,1.0,8.461344511660103,7.259259259259259,0.001210055227105247,0.9570184619407252,2.485075425050755,0.02593338103423625,2.45,6.104008052917938,0.8996775692634126,25,RBS0p6_mRNA1min,0.6,1.0,7.42,51.475927372457285,11.48635190856003,12.269438814988867,3.2218587091378637,0.013434564600140787,0.01659414755375347,0.0035559458448420193,1.0473794458776324,1.088316103552294,79.1041195724784,1.0941533879899794,0.9525328466574927,0.08252570550325854
True,resolved_oscillation,1.0,9.802085252793418,8.40952380952381,0.0010593593960288622,0.976668677876687,2.5735548592643798,0.02492891886863221,2.533333333333333,6.553163410150134,0.9080884541036057,25,RBS0p6_mRNA1p5min,0.6,1.5,9.077777777777778,51.475927372457285,11.48635190856003,12.269438814988867,3.2218587091378637,0.013434564600140787,0.01659414755375347,0.0035559458448420193,1.0473794458776324,1.088316103552294,79.1041195724784,1.0941533879899794,0.9525328466574927,0.08252570550325854
True,resolved_oscillation,1.0,10.548620058286462,9.05,0.0,0.9830328023568701,2.522800294056421,0.025418367588599444,2.4833333333333334,6.335218912856803,0.9144156025637846,25,RBS0p6_mRNA2min,0.6,2.0,10.248571428571427,51.475927372457285,11.48635190856003,12.269438814988867,3.2218587091378637,0.013434564600140787,0.01659414755375347,0.0035559458448420193,1.0473794458776324,1.088316103552294,79.1041195724784,1.0941533879899794,0.9525328466574927,0.08252570550325854
True,resolved_oscillation,1.0,11.20634774937141,9.614285714285716,0.0006552133014028208,0.9872827309588476,2.2550602070028445,0.02843270191586443,2.183333333333333,5.147520112065069,0.9264122678895355,25,RBS0p6_mRNA3min,0.6,3.0,11.794285714285714,51.475927372457285,11.48635190856003,12.269438814988867,3.2218587091378637,0.013434564600140787,0.01659414755375347,0.0035559458448420193,1.0473794458776324,1.088316103552294,79.1041195724784,1.0941533879899794,0.9525328466574927,0.08252570550325854
True,resolved_oscillation,1.0,11.358984977260322,9.745238095238095,0.0008345102016417948,0.9880098168083865,1.8813408863867456,0.03408009532150591,1.8333333333333333,3.814629450834379,0.9391429545130494,25,RBS0p6_mRNA4min,0.6,4.0,12.76,51.475927372457285,11.48635190856003,12.269438814988867,3.2218587091378637,0.013434564600140787,0.01659414755375347,0.0035559458448420193,1.0473794458776324,1.088316103552294,79.1041195724784,1.0941533879899794,0.9525328466574927,0.08252570550325854
True,resolved_oscillation,1.0,9.315033734711525,7.991666666666666,0.0011147497055784125,0.9721093666030155,2.535485025045012,0.025316175226365367,2.4833333333333334,6.315821675508436,0.9055024979692688,25,RBS0p8_mRNA1min,0.8,1.0,8.448,51.475927372457285,11.48635190856003,12.269438814988867,3.2218587091378637,0.013434564600140787,0.01659414755375347,0.0035559458448420193,1.0473794458776324,1.088316103552294,79.1041195724784,1.0941533879899794,0.9525328466574927,0.08252570550325854
True,resolved_oscillation,1.0,10.38349432993391,8.908333333333333,0.001000042065154067,0.9825960563551911,2.486136339281827,0.025792767138869147,2.425,6.112607432424214,0.9146329656392823,25,RBS0p8_mRNA1p5min,0.8,1.5,10.075,51.475927372457285,11.48635190856003,12.269438814988867,3.2218587091378637,0.013434564600140787,0.01659414755375347,0.0035559458448420193,1.0473794458776324,1.088316103552294,79.1041195724784,1.0941533879899794,0.9525328466574927,0.08252570550325854
True,resolved_oscillation,1.0,10.859444958714791,9.316666666666666,0.0,0.9860271290706675,2.3141137398056864,0.02770698915223031,2.2333333333333334,5.345886788656835,0.9230006800409024,25,RBS0p8_mRNA2min,0.8,2.0,11.154285714285711,51.475927372457285,11.48635190856003,12.269438814988867,3.2218587091378637,0.013434564600140787,0.01659414755375347,0.0035559458448420193,1.0473794458776324,1.088316103552294,79.1041195724784,1.0941533879899794,0.9525328466574927,0.08252570550325854
True,resolved_oscillation,1.0,11.04538485450674,9.476190476190476,0.0009401149212999853,0.9873560301203238,1.8081783301058951,0.035458253251452805,1.7666666666666666,3.5469762661520323,0.940779255473283,25,RBS0p8_mRNA3min,0.8,3.0,12.476666666666668,51.475927372457285,11.48635190856003,12.269438814988867,3.2218587091378637,0.013434564600140787,0.01659414755375347,0.0035559458448420193,1.0473794458776324,1.088316103552294,79.1041195724784,1.0941533879899794,0.9525328466574927,0.08252570550325854
True,resolved_oscillation,1.0,10.75398651035518,9.226190476190476,0.0009655890030384366,0.9844158190392761,1.1983026034585027,0.05350362890878055,1.3333333333333333,2.0752000869232585,0.9604298147406968,25,RBS0p8_mRNA4min,0.8,4.0,13.19,51.475927372457285,11.48635190856003,12.269438814988867,3.2218587091378637,0.013434564600140787,0.01659414755375347,0.0035559458448420193,1.0473794458776324,1.088316103552294,79.1041195724784,1.0941533879899794,0.9525328466574927,0.08252570550325854
True,resolved_oscillation,1.0,9.863140143948982,8.461904761904762,0.0009610721033539296,0.9786611674949895,2.5121796381125554,0.02553087033848291,2.45,6.2010449338422715,0.910321446884907,25,RBS1_mRNA1min,1.0,1.0,9.253333333333334,51.475927372457285,11.48635190856003,12.269438814988867,3.2218587091378637,0.013434564600140787,0.01659414755375347,0.0035559458448420193,1.0473794458776324,1.088316103552294,79.1041195724784,1.0941533879899794,0.9525328466574927,0.08252570550325854
True,resolved_oscillation,1.0,10.653037798274104,9.139583333333333,0.0009437869514597961,0.9851708452422898,2.336223300124064,0.027444775967457875,2.2333333333333334,5.412775538149293,0.9212329340142901,25,RBS1_mRNA1p5min,1.0,1.5,10.794285714285714,51.475927372457285,11.48635190856003,12.269438814988867,3.2218587091378637,0.013434564600140787,0.01659414755375347,0.0035559458448420193,1.0473794458776324,1.088316103552294,79.1041195724784,1.0941533879899794,0.9525328466574927,0.08252570550325854
True,resolved_oscillation,1.0,10.87609629266631,9.33095238095238,0.0006751087805727457,0.9869210686021196,2.0416085904108088,0.031403991893949414,1.95,4.271183616683663,0.9323808927350445,25,RBS1_mRNA2min,1.0,2.0,11.762857142857142,51.475927372457285,11.48635190856003,12.269438814988867,3.2218587091378637,0.013434564600140787,0.01659414755375347,0.0035559458448420193,1.0473794458776324,1.088316103552294,79.1041195724784,1.0941533879899794,0.9525328466574927,0.08252570550325854
True,resolved_oscillation,1.0,10.587473170840003,9.083333333333334,0.0,0.9847734251341793,1.294938873408584,0.04951030104827271,1.3833333333333333,2.241580012942023,0.956967448274634,25,RBS1_mRNA3min,1.0,3.0,12.836666666666668,51.475927372457285,11.48635190856003,12.269438814988867,3.2218587091378637,0.013434564600140787,0.01659414755375347,0.0035559458448420193,1.0473794458776324,1.088316103552294,79.1041195724784,1.0941533879899794,0.9525328466574927,0.08252570550325854
True,resolved_oscillation,1.0,9.460732906787305,8.116666666666667,0.001026694045174538,0.9635610468573798,0.47737931490782515,0.13431152609153202,0.9666666666666667,0.9380959573484229,0.9837210158419343,25,RBS1_mRNA4min,1.0,4.0,13.29,51.475927372457285,11.48635190856003,12.269438814988867,3.2218587091378637,0.013434564600140787,0.01659414755375347,0.0035559458448420193,1.0473794458776324,1.088316103552294,79.1041195724784,1.0941533879899794,0.9525328466574927,0.08252570550325854
True,resolved_oscillation,1.0,10.210042934605601,8.75952380952381,0.001017031091811346,0.9821125246209876,2.4463166361496262,0.026212087064049407,2.3666666666666667,5.883832167965367,0.9148562873032957,25,RBS1p2_mRNA1min,1.2,1.0,9.89,51.475927372457285,11.48635190856003,12.269438814988867,3.2218587091378637,0.013434564600140787,0.01659414755375347,0.0035559458448420193,1.0473794458776324,1.088316103552294,79.1041195724784,1.0941533879899794,0.9525328466574927,0.08252570550325854
True,resolved_oscillation,1.0,10.729009509427904,9.204761904761906,0.000883510153988584,0.9862916607289631,2.145158692249824,0.029888048752041072,2.05,4.627798176578309,0.928225533118184,25,RBS1p2_mRNA1p5min,1.2,1.5,11.325714285714287,51.475927372457285,11.48635190856003,12.269438814988867,3.2218587091378637,0.013434564600140787,0.01659414755375347,0.0035559458448420193,1.0473794458776324,1.088316103552294,79.1041195724784,1.0941533879899794,0.9525328466574927,0.08252570550325854
True,resolved_oscillation,1.0,10.709582953151132,9.188095238095238,0.0008851127896656818,0.986547412850189,1.7259302947210549,0.03714701831942408,1.6833333333333333,3.2679022137298386,0.9426392564101704,25,RBS1p2_mRNA2min,1.2,2.0,12.174285714285713,51.475927372457285,11.48635190856003,12.269438814988867,3.2218587091378637,0.013434564600140787,0.01659414755375347,0.0035559458448420193,1.0473794458776324,1.088316103552294,79.1041195724784,1.0941533879899794,0.9525328466574927,0.08252570550325854
True,resolved_oscillation,1.0,9.790984363492406,8.4,0.0,0.9759424298802746,0.7556539652825092,0.08484355905162942,1.0666666666666667,1.281628202532245,0.974325583886526,25,RBS1p2_mRNA3min,1.2,3.0,12.986666666666668,51.475927372457285,11.48635190856003,12.269438814988867,3.2218587091378637,0.013434564600140787,0.01659414755375347,0.0035559458448420193,1.0473794458776324,1.088316103552294,79.1041195724784,1.0941533879899794,0.9525328466574927,0.08252570550325854
True,resolved_oscillation,1.0,6.988262107925586,5.995454545454546,0.011930262866050798,0.5563357914654771,0.08585506644148812,0.7652534462557444,4.466666666666667,0.42877814167287925,0.9969469543058883,25,RBS1p2_mRNA4min,1.2,4.0,13.183333333333332,51.475927372457285,11.48635190856003,12.269438814988867,3.2218587091378637,0.013434564600140787,0.01659414755375347,0.0035559458448420193,1.0473794458776324,1.088316103552294,79.1041195724784,1.0941533879899794,0.9525328466574927,0.08252570550325854
True,resolved_oscillation,1.0,10.419919122952855,8.939583333333333,0.000964901737602919,0.9840983395217523,2.351784654838131,0.027263292150722807,2.25,5.451049261768533,0.9193916246626914,25,RBS1p4_mRNA1min,1.4,1.0,10.402857142857142,51.475927372457285,11.48635190856003,12.269438814988867,3.2218587091378637,0.013434564600140787,0.01659414755375347,0.0035559458448420193,1.0473794458776324,1.088316103552294,79.1041195724784,1.0941533879899794,0.9525328466574927,0.08252570550325854
True,resolved_oscillation,1.0,10.679055507573349,9.161904761904761,0.000887642997744248,0.986538562252152,1.9241154005596703,0.033320900168613325,1.8333333333333333,3.8497712567197593,0.9357060884027804,25,RBS1p4_mRNA1p5min,1.4,1.5,11.722857142857142,51.475927372457285,11.48635190856003,12.269438814988867,3.2218587091378637,0.013434564600140787,0.01659414755375347,0.0035559458448420193,1.0473794458776324,1.088316103552294,79.1041195724784,1.0941533879899794,0.9525328466574927,0.08252570550325854
True,resolved_oscillation,1.0,10.395635927606893,8.91875,0.0006606930915081034,0.9848486098389967,1.3817799083219107,0.046398026097299976,1.4333333333333333,2.3981084029890214,0.9536706839276886,25,RBS1p4_mRNA2min,1.4,2.0,12.446666666666667,51.475927372457285,11.48635190856003,12.269438814988867,3.2218587091378637,0.013434564600140787,0.01659414755375347,0.0035559458448420193,1.0473794458776324,1.088316103552294,79.1041195724784,1.0941533879899794,0.9525328466574927,0.08252570550325854
True,resolved_oscillation,1.0,8.243335380109677,7.072222222222222,0.0016663946139510153,0.9267138488710606,0.27020418180185724,0.2374198260258679,0.9333333333333333,0.6573832915835577,0.9905531585901027,25,RBS1p4_mRNA3min,1.4,3.0,12.99,51.475927372457285,11.48635190856003,12.269438814988867,3.2218587091378637,0.013434564600140787,0.01659414755375347,0.0035559458448420193,1.0473794458776324,1.088316103552294,79.1041195724784,1.0941533879899794,0.9525328466574927,0.08252570550325854
True,unresolved_oscillation,0.0,,,,0.015597756409831761,0.06711153000443962,0.9977819517803316,,,0.997488495716178,25,RBS1p4_mRNA4min,1.4,4.0,12.96,51.475927372457285,11.48635190856003,12.269438814988867,3.2218587091378637,0.013434564600140787,0.01659414755375347,0.0035559458448420193,1.0473794458776324,1.088316103552294,79.1041195724784,1.0941533879899794,0.9525328466574927,0.08252570550325854
True,resolved_oscillation,1.0,8.049949036188801,6.703333333333333,0.0010483267562301937,0.9398413158564138,2.0387541767513673,0.003084305386799654,2.7416666666666667,5.325216382348221,0.81390337998125,26,RBS0p6_mRNA1min,0.6,1.0,7.42,49.9630492307339,8.802457464887725,11.174743724480729,3.3866792879174175,0.0026443645619943523,0.0016940558214820016,0.001714571250628655,0.9492763712343311,1.1763580900984372,95.33457272245889,0.9989360338594278,1.1340088327686488,0.1690080229306857
True,resolved_oscillation,1.0,9.944849396708879,8.28125,0.0007115539936468403,0.9757650909071109,2.2832550862617764,0.0024231355407783595,3.2333333333333334,6.94715927227378,0.8156232208389378,26,RBS0p6_mRNA1p5min,0.6,1.5,9.077777777777778,49.9630492307339,8.802457464887725,11.174743724480729,3.3866792879174175,0.0026443645619943523,0.0016940558214820016,0.001714571250628655,0.9492763712343311,1.1763580900984372,95.33457272245889,0.9989360338594278,1.1340088327686488,0.1690080229306857
True,resolved_oscillation,1.0,11.288342258603889,9.4,0.0,0.985756330894992,2.387212356711272,0.0022948510391846517,3.6166666666666667,8.088875165754462,0.816887526937351,26,RBS0p6_mRNA2min,0.6,2.0,10.248571428571427,49.9630492307339,8.802457464887725,11.174743724480729,3.3866792879174175,0.0026443645619943523,0.0016940558214820016,0.001714571250628655,0.9492763712343311,1.1763580900984372,95.33457272245889,0.9989360338594278,1.1340088327686488,0.1690080229306857
True,resolved_oscillation,1.0,13.143046246719656,10.944444444444445,0.000786392557605567,0.9925581975429856,2.4715690989135477,0.002210718254301895,4.15,9.585132854352057,0.8176376483767475,26,RBS0p6_mRNA3min,0.6,3.0,11.794285714285714,49.9630492307339,8.802457464887725,11.174743724480729,3.3866792879174175,0.0026443645619943523,0.0016940558214820016,0.001714571250628655,0.9492763712343311,1.1763580900984372,95.33457272245889,0.9989360338594278,1.1340088327686488,0.1690080229306857
True,resolved_oscillation,1.0,14.442673357816608,12.026666666666667,0.00075903902093288,0.9950306687991911,2.5015288976986616,0.0021834344301146255,4.516666666666667,10.559619968517,0.8170366748603646,26,RBS0p6_mRNA4min,0.6,4.0,12.76,49.9630492307339,8.802457464887725,11.174743724480729,3.3866792879174175,0.0026443645619943523,0.0016940558214820016,0.001714571250628655,0.9492763712343311,1.1763580900984372,95.33457272245889,0.9989360338594278,1.1340088327686488,0.1690080229306857
True,resolved_oscillation,1.0,9.242385820874263,7.696296296296296,0.000954915054522831,0.9683973951467222,2.2027591966346765,0.0025424295390626124,3.025,6.274849497461513,0.814372869340726,26,RBS0p8_mRNA1min,0.8,1.0,8.448,49.9630492307339,8.802457464887725,11.174743724480729,3.3866792879174175,0.0026443645619943523,0.0016940558214820016,0.001714571250628655,0.9492763712343311,1.1763580900984372,95.33457272245889,0.9989360338594278,1.1340088327686488,0.1690080229306857
True,resolved_oscillation,1.0,11.116786905129665,9.257142857142858,0.0009623604389850673,0.985383099505894,2.3691038558696134,0.0023125245463575628,3.55,7.859375136108478,0.8160649467982451,26,RBS0p8_mRNA1p5min,0.8,1.5,10.075,49.9630492307339,8.802457464887725,11.174743724480729,3.3866792879174175,0.0026443645619943523,0.0016940558214820016,0.001714571250628655,0.9492763712343311,1.1763580900984372,95.33457272245889,0.9989360338594278,1.1340088327686488,0.1690080229306857
True,resolved_oscillation,1.0,12.405834769429038,10.330555555555556,0.0006586420389306744,0.990856530044794,2.437011191583303,0.002242866198413543,3.908333333333333,8.905550573416644,0.81665255503759,26,RBS0p8_mRNA2min,0.8,2.0,11.154285714285711,49.9630492307339,8.802457464887725,11.174743724480729,3.3866792879174175,0.0026443645619943523,0.0016940558214820016,0.001714571250628655,0.9492763712343311,1.1763580900984372,95.33457272245889,0.9989360338594278,1.1340088327686488,0.1690080229306857
True,resolved_oscillation,1.0,14.178478113466301,11.806666666666667,0.0007731826051738653,0.9948778603115153,2.4870847591243765,0.0021961122323413958,4.4,10.2419549772124,0.8158217513432424,26,RBS0p8_mRNA3min,0.8,3.0,12.476666666666668,49.9630492307339,8.802457464887725,11.174743724480729,3.3866792879174175,0.0026443645619943523,0.0016940558214820016,0.001714571250628655,0.9492763712343311,1.1763580900984372,95.33457272245889,0.9989360338594278,1.1340088327686488,0.1690080229306857
True,resolved_oscillation,1.0,15.415392212015453,12.836666666666668,0.0005806460601142014,0.9964128066118473,2.49775746850043,0.002186464701391177,4.75,11.084767920700237,0.8135050841121358,26,RBS0p8_mRNA4min,0.8,4.0,13.19,49.9630492307339,8.802457464887725,11.174743724480729,3.3866792879174175,0.0026443645619943523,0.0016940558214820016,0.001714571250628655,0.9492763712343311,1.1763580900984372,95.33457272245889,0.9989360338594278,1.1340088327686488,0.1690080229306857
True,resolved_oscillation,1.0,10.181810228695149,8.47857142857143,0.0009591828855152671,0.9793882605037492,2.293592906049076,0.002399756011338895,3.2666666666666666,7.026066445967512,0.8148731599841366,26,RBS1_mRNA1min,1.0,1.0,9.253333333333334,49.9630492307339,8.802457464887725,11.174743724480729,3.3866792879174175,0.0026443645619943523,0.0016940558214820016,0.001714571250628655,0.9492763712343311,1.1763580900984372,95.33457272245889,0.9989360338594278,1.1340088327686488,0.1690080229306857
True,resolved_oscillation,1.0,12.000296975521914,9.992857142857142,0.0008915075975158308,0.9897117883940411,2.413733610082956,0.002265172523568148,3.775,8.51900740851009,0.815992804847784,26,RBS1_mRNA1p5min,1.0,1.5,10.794285714285714,49.9630492307339,8.802457464887725,11.174743724480729,3.3866792879174175,0.0026443645619943523,0.0016940558214820016,0.001714571250628655,0.9492763712343311,1.1763580900984372,95.33457272245889,0.9989360338594278,1.1340088327686488,0.1690080229306857
True,resolved_oscillation,1.0,13.243120202912953,11.027777777777777,0.0007804500445758021,0.9933029086566885,2.4601195208172597,0.002220597416996576,4.116666666666666,9.478332502493057,0.8157666261580553,26,RBS1_mRNA2min,1.0,2.0,11.762857142857142,49.9630492307339,8.802457464887725,11.174743724480729,3.3866792879174175,0.0026443645619943523,0.0016940558214820016,0.001714571250628655,0.9492763712343311,1.1763580900984372,95.33457272245889,0.9989360338594278,1.1340088327686488,0.1690080229306857
True,resolved_oscillation,1.0,14.951049055278554,12.45,0.0,0.9960496162391304,2.486958662850693,0.0021959911600485703,4.583333333333333,10.673358907415638,0.8131334585460342,26,RBS1_mRNA3min,1.0,3.0,12.836666666666668,49.9630492307339,8.802457464887725,11.174743724480729,3.3866792879174175,0.0026443645619943523,0.0016940558214820016,0.001714571250628655,0.9492763712343311,1.1763580900984372,95.33457272245889,0.9989360338594278,1.1340088327686488,0.1690080229306857
True,resolved_oscillation,1.0,16.121914342740126,13.425,0.0007167601107257923,0.9971206658028403,2.481449268442341,0.0022007331518581383,4.9,11.384170289713632,0.8086694788866687,26,RBS1_mRNA4min,1.0,4.0,13.29,49.9630492307339,8.802457464887725,11.174743724480729,3.3866792879174175,0.0026443645619943523,0.0016940558214820016,0.001714571250628655,0.9492763712343311,1.1763580900984372,95.33457272245889,0.9989360338594278,1.1340088327686488,0.1690080229306857
True,resolved_oscillation,1.0,10.935581563022517,9.10625,0.000947241673771248,0.9849730781803929,2.3488714218375866,0.0023325946132424138,3.466666666666667,7.617614908707972,0.8151521903126088,26,RBS1p2_mRNA1min,1.2,1.0,9.89,49.9630492307339,8.802457464887725,11.174743724480729,3.3866792879174175,0.0026443645619943523,0.0016940558214820016,0.001714571250628655,0.9492763712343311,1.1763580900984372,95.33457272245889,0.9989360338594278,1.1340088327686488,0.1690080229306857
True,resolved_oscillation,1.0,12.696049242389599,10.572222222222223,0.000814079526265353,0.9921059449586344,2.4387898300843647,0.0022404607393299507,3.95,9.017307872681743,0.8154984261548349,26,RBS1p2_mRNA1p5min,1.2,1.5,11.325714285714287,49.9630492307339,8.802457464887725,11.174743724480729,3.3866792879174175,0.0026443645619943523,0.0016940558214820016,0.001714571250628655,0.9492763712343311,1.1763580900984372,95.33457272245889,0.9989360338594278,1.1340088327686488,0.1690080229306857
True,resolved_oscillation,1.0,13.906276952620534,11.58,0.0006436580246113384,0.9947043508776435,2.470113560854727,0.002211197245336224,4.283333333333333,9.899368659524619,0.8143805033432627,26,RBS1p2_mRNA2min,1.2,2.0,12.174285714285713,49.9630492307339,8.802457464887725,11.174743724480729,3.3866792879174175,0.0026443645619943523,0.0016940558214820016,0.001714571250628655,0.9492763712343311,1.1763580900984372,95.33457272245889,0.9989360338594278,1.1340088327686488,0.1690080229306857
True,resolved_oscillation,1.0,15.543486875942872,12.943333333333333,0.000705282716334234,0.9967373557782585,2.477971272772332,0.0022038539652756615,4.733333333333333,10.958156874067209,0.8096341566137386,26,RBS1p2_mRNA3min,1.2,3.0,12.986666666666668,49.9630492307339,8.802457464887725,11.174743724480729,3.3866792879174175,0.0026443645619943523,0.0016940558214820016,0.001714571250628655,0.9492763712343311,1.1763580900984372,95.33457272245889,0.9989360338594278,1.1340088327686488,0.1690080229306857
True,resolved_oscillation,1.0,16.6523063105646,13.866666666666667,0.0,0.9975326274387123,2.4566103881821304,0.002222916912201649,5.0,11.52615415759689,0.8024764830928667,26,RBS1p2_mRNA4min,1.2,4.0,13.183333333333332,49.9630492307339,8.802457464887725,11.174743724480729,3.3866792879174175,0.0026443645619943523,0.0016940558214820016,0.001714571250628655,0.9492763712343311,1.1763580900984372,95.33457272245889,0.9989360338594278,1.1340088327686488,0.1690080229306857
True,resolved_oscillation,1.0,11.557112312380172,9.623809523809523,0.0009256945538777688,0.9882776828792449,2.3847154304846914,0.002293754371386264,3.6333333333333333,8.093104373330753,0.8151862294684432,26,RBS1p4_mRNA1min,1.4,1.0,10.402857142857142,49.9630492307339,8.802457464887725,11.174743724480729,3.3866792879174175,0.0026443645619943523,0.0016940558214820016,0.001714571250628655,0.9492763712343311,1.1763580900984372,95.33457272245889,0.9989360338594278,1.1340088327686488,0.1690080229306857
True,resolved_oscillation,1.0,13.273142389770943,11.052777777777777,0.0006156043585783308,0.9935995647800067,2.452986335461607,0.002226913110713157,4.1,9.406364309015434,0.8146685976488046,26,RBS1p4_mRNA1p5min,1.4,1.5,11.722857142857142,49.9630492307339,8.802457464887725,11.174743724480729,3.3866792879174175,0.0026443645619943523,0.0016940558214820016,0.001714571250628655,0.9492763712343311,1.1763580900984372,95.33457272245889,0.9989360338594278,1.1340088327686488,0.1690080229306857
True,resolved_oscillation,1.0,14.442673357816608,12.026666666666667,0.00075903902093288,0.9955972521258992,2.472421132165579,0.0022089495747249746,4.416666666666667,10.216291660142057,0.8125633073966029,26,RBS1p4_mRNA2min,1.4,2.0,12.446666666666667,49.9630492307339,8.802457464887725,11.174743724480729,3.3866792879174175,0.0026443645619943523,0.0016940558214820016,0.001714571250628655,0.9492763712343311,1.1763580900984372,95.33457272245889,0.9989360338594278,1.1340088327686488,0.1690080229306857
True,resolved_oscillation,1.0,16.02184038654683,13.341666666666667,0.0007212370633224556,0.9971784851165277,2.4628062653835,0.002217360597339462,4.833333333333333,11.135657901953556,0.8053116527706672,26,RBS1p4_mRNA3min,1.4,3.0,12.99,49.9630492307339,8.802457464887725,11.174743724480729,3.3866792879174175,0.0026443645619943523,0.0016940558214820016,0.001714571250628655,0.9492763712343311,1.1763580900984372,95.33457272245889,0.9989360338594278,1.1340088327686488,0.1690080229306857
True,resolved_oscillation,1.0,17.05260213533779,14.2,0.0,0.997787815357968,2.424763454068657,0.002252048042718707,5.083333333333333,11.54475257554983,0.7948264792288897,26,RBS1p4_mRNA4min,1.4,4.0,12.96,49.9630492307339,8.802457464887725,11.174743724480729,3.3866792879174175,0.0026443645619943523,0.0016940558214820016,0.001714571250628655,0.9492763712343311,1.1763580900984372,95.33457272245889,0.9989360338594278,1.1340088327686488,0.1690080229306857
True,resolved_oscillation,1.0,7.630509680998267,6.504545454545454,0.001196853722680189,0.928429487443342,1.8456040725514673,0.0036346743246089565,2.4833333333333334,4.45097919640787,0.9496533191200829,27,RBS0p6_mRNA1min,0.6,1.0,7.42,51.14635110739674,9.116384814975328,14.67056372299144,2.9538393783887242,0.00242365658767231,0.001396773236220774,0.00164004288350776,1.0618403822643765,1.0645868330216066,72.75158497887308,0.9315702967212215,0.9682435273841722,0.057298514830968796
True,resolved_oscillation,1.0,9.331066433221675,7.954166666666667,0.0009699529594264551,0.9687987096648937,2.06597353814216,0.0020038970560243684,2.8666666666666667,5.636561762411461,0.9501419569350854,27,RBS0p6_mRNA1p5min,0.6,1.5,9.077777777777778,51.14635110739674,9.116384814975328,14.67056372299144,2.9538393783887242,0.00242365658767231,0.001396773236220774,0.00164004288350776,1.0618403822643765,1.0645868330216066,72.75158497887308,0.9315702967212215,0.9682435273841722,0.057298514830968796
True,resolved_oscillation,1.0,10.574696555018264,9.014285714285714,0.00069882496330285,0.9812425657427154,2.1743481143816847,0.0017681224271165485,3.1666666666666665,6.529500145776728,0.9501557995484762,27,RBS0p6_mRNA2min,0.6,2.0,10.248571428571427,51.14635110739674,9.116384814975328,14.67056372299144,2.9538393783887242,0.00242365658767231,0.001396773236220774,0.00164004288350776,1.0618403822643765,1.0645868330216066,72.75158497887308,0.9315702967212215,0.9682435273841722,0.057298514830968796
True,resolved_oscillation,1.0,12.32085286677533,10.502777777777776,0.0006478417727540805,0.9900872577635677,2.274756272989783,0.0016455822066915066,3.625,7.7670470258201245,0.9498401785418473,27,RBS0p6_mRNA3min,0.6,3.0,11.794285714285714,51.14635110739674,9.116384814975328,14.67056372299144,2.9538393783887242,0.00242365658767231,0.001396773236220774,0.00164004288350776,1.0618403822643765,1.0645868330216066,72.75158497887308,0.9315702967212215,0.9682435273841722,0.057298514830968796
True,resolved_oscillation,1.0,13.552612291171275,11.552777777777777,0.0005889612269255057,0.9933860119229558,2.317792267638743,0.0016071867585733654,3.95,8.607665715677419,0.9493369054518753,27,RBS0p6_mRNA4min,0.6,4.0,12.76,51.14635110739674,9.116384814975328,14.67056372299144,2.9538393783887242,0.00242365658767231,0.001396773236220774,0.00164004288350776,1.0618403822643765,1.0645868330216066,72.75158497887308,0.9315702967212215,0.9682435273841722,0.057298514830968796
True,resolved_oscillation,1.0,8.689660842299448,7.407407407407407,0.001185854122563142,0.9597529519096316,1.9872840517054304,0.0022428443283122037,2.683333333333333,5.1181333660413335,0.949951270278972,27,RBS0p8_mRNA1min,0.8,1.0,8.448,51.14635110739674,9.116384814975328,14.67056372299144,2.9538393783887242,0.00242365658767231,0.001396773236220774,0.00164004288350776,1.0618403822643765,1.0645868330216066,72.75158497887308,0.9315702967212215,0.9682435273841722,0.057298514830968796
True,resolved_oscillation,1.0,10.409903344044656,8.873809523809523,0.0010039327573850125,0.9806542124419791,2.1541338340867084,0.0017863785165861598,3.1,6.3322273867809225,0.9500182142881272,27,RBS0p8_mRNA1p5min,0.8,1.5,10.075,51.14635110739674,9.116384814975328,14.67056372299144,2.9538393783887242,0.00242365658767231,0.001396773236220774,0.00164004288350776,1.0618403822643765,1.0645868330216066,72.75158497887308,0.9315702967212215,0.9682435273841722,0.057298514830968796
True,resolved_oscillation,1.0,11.619317926274691,9.904761904761905,0.0008210697729134293,0.9877710531994665,2.2325630446277382,0.0016840105214059517,3.4,7.183537494433627,0.9498027698524432,27,RBS0p8_mRNA2min,0.8,2.0,11.154285714285711,51.14635110739674,9.116384814975328,14.67056372299144,2.9538393783887242,0.00242365658767231,0.001396773236220774,0.00164004288350776,1.0618403822643765,1.0645868330216066,72.75158497887308,0.9315702967212215,0.9682435273841722,0.057298514830968796
True,resolved_oscillation,1.0,13.301698334349881,11.33888888888889,0.0007590364225786217,0.9931347797848934,2.301144859370667,0.0016189499693669352,3.841666666666667,8.320583138450239,0.9490727301175718,27,RBS0p8_mRNA3min,0.8,3.0,12.476666666666668,51.14635110739674,9.116384814975328,14.67056372299144,2.9538393783887242,0.00242365658767231,0.001396773236220774,0.00164004288350776,1.0618403822643765,1.0645868330216066,72.75158497887308,0.9315702967212215,0.9682435273841722,0.057298514830968796
True,resolved_oscillation,1.0,14.483926691944719,12.346666666666666,0.0006036900587202456,0.9952192087745303,2.326304862775342,0.0015985349153749286,4.15,9.068761374027076,0.9480910740964983,27,RBS0p8_mRNA4min,0.8,4.0,13.19,51.14635110739674,9.116384814975328,14.67056372299144,2.9538393783887242,0.00242365658767231,0.001396773236220774,0.00164004288350776,1.0618403822643765,1.0645868330216066,72.75158497887308,0.9315702967212215,0.9682435273841722,0.057298514830968796
True,resolved_oscillation,1.0,9.541247604844793,8.133333333333333,0.0,0.9729818264437265,2.0743054863125474,0.0019279284967492504,2.8666666666666667,5.672413984022671,0.9499637848957944,27,RBS1_mRNA1min,1.0,1.0,9.253333333333334,51.14635110739674,9.116384814975328,14.67056372299144,2.9538393783887242,0.00242365658767231,0.001396773236220774,0.00164004288350776,1.0618403822643765,1.0645868330216066,72.75158497887308,0.9315702967212215,0.9682435273841722,0.057298514830968796
True,resolved_oscillation,1.0,11.233869398912693,9.576190476190476,0.0009302977092923773,0.986214068775755,2.2051107689186025,0.0017108931101753326,3.283333333333333,6.8567261711936895,0.9497617432424273,27,RBS1_mRNA1p5min,1.0,1.5,10.794285714285714,51.14635110739674,9.116384814975328,14.67056372299144,2.9538393783887242,0.00242365658767231,0.001396773236220774,0.00164004288350776,1.0618403822643765,1.0645868330216066,72.75158497887308,0.9315702967212215,0.9682435273841722,0.057298514830968796
True,resolved_oscillation,1.0,12.412094305619474,10.580555555555556,0.0006430794809092092,0.9909828433945067,2.2640657717608907,0.001649828020842571,3.5833333333333335,7.657274313422865,0.94932895968304,27,RBS1_mRNA2min,1.0,2.0,11.762857142857142,51.14635110739674,9.116384814975328,14.67056372299144,2.9538393783887242,0.00242365658767231,0.001396773236220774,0.00164004288350776,1.0618403822643765,1.0645868330216066,72.75158497887308,0.9315702967212215,0.9682435273841722,0.057298514830968796
True,resolved_oscillation,1.0,14.038147090734757,11.966666666666667,0.0,0.994698637887186,2.311125390023374,0.0016095149008870436,4.0,8.697918350562105,0.948102651086893,27,RBS1_mRNA3min,1.0,3.0,12.836666666666668,51.14635110739674,9.116384814975328,14.67056372299144,2.9538393783887242,0.00242365658767231,0.001396773236220774,0.00164004288350776,1.0618403822643765,1.0645868330216066,72.75158497887308,0.9315702967212215,0.9682435273841722,0.057298514830968796
True,resolved_oscillation,1.0,15.1682374832758,12.93,0.0005764547505799924,0.9961729358052898,2.322742710406514,0.001600063717900689,4.283333333333333,9.356962186991787,0.9464772224630277,27,RBS1_mRNA4min,1.0,4.0,13.29,51.14635110739674,9.116384814975328,14.67056372299144,2.9538393783887242,0.00242365658767231,0.001396773236220774,0.00164004288350776,1.0618403822643765,1.0645868330216066,72.75158497887308,0.9315702967212215,0.9682435273841722,0.057298514830968796
True,resolved_oscillation,1.0,10.236730817258831,8.726190476190476,0.0010209160673325898,0.9800049415400738,2.1318189857964724,0.0018069887726742259,3.033333333333333,6.126140277074421,0.9498623384870248,27,RBS1p2_mRNA1min,1.2,1.0,9.89,51.14635110739674,9.116384814975328,14.67056372299144,2.9538393783887242,0.00242365658767231,0.001396773236220774,0.00164004288350776,1.0618403822643765,1.0645868330216066,72.75158497887308,0.9315702967212215,0.9682435273841722,0.057298514830968796
True,resolved_oscillation,1.0,11.895835348077862,10.14047619047619,0.0008785295578243582,0.9893541898701698,2.2368700537924573,0.0016742183342684518,3.441666666666667,7.264050668655983,0.9494262521756087,27,RBS1p2_mRNA1p5min,1.2,1.5,11.325714285714287,51.14635110739674,9.116384814975328,14.67056372299144,2.9538393783887242,0.00242365658767231,0.001396773236220774,0.00164004288350776,1.0618403822643765,1.0645868330216066,72.75158497887308,0.9315702967212215,0.9682435273841722,0.057298514830968796
True,resolved_oscillation,1.0,13.041008509080896,11.116666666666667,0.0,0.9928486120444748,2.2818621076358365,0.0016327924150249587,3.7333333333333334,8.014221946882566,0.9487546161258306,27,RBS1p2_mRNA2min,1.2,2.0,12.174285714285713,51.14635110739674,9.116384814975328,14.67056372299144,2.9538393783887242,0.00242365658767231,0.001396773236220774,0.00164004288350776,1.0618403822643765,1.0645868330216066,72.75158497887308,0.9315702967212215,0.9682435273841722,0.057298514830968796
True,resolved_oscillation,1.0,14.612968155452865,12.456666666666667,0.0007328372457923016,0.9956271028800403,2.3123261955788172,0.0016076641210568286,4.116666666666666,8.96207361916843,0.9469114892475139,27,RBS1p2_mRNA3min,1.2,3.0,12.986666666666668,51.14635110739674,9.116384814975328,14.67056372299144,2.9538393783887242,0.00242365658767231,0.001396773236220774,0.00164004288350776,1.0618403822643765,1.0645868330216066,72.75158497887308,0.9315702967212215,0.9682435273841722,0.057298514830968796
True,resolved_oscillation,1.0,15.695156792600734,13.379166666666666,0.0006228589224540642,0.9967386763165721,2.3121696284998086,0.0016069803600726896,4.383333333333334,9.531089817251381,0.9444401708897163,27,RBS1p2_mRNA4min,1.2,4.0,13.183333333333332,51.14635110739674,9.116384814975328,14.67056372299144,2.9538393783887242,0.00242365658767231,0.001396773236220774,0.00164004288350776,1.0618403822643765,1.0645868330216066,72.75158497887308,0.9315702967212215,0.9682435273841722,0.057298514830968796
True,resolved_oscillation,1.0,10.817696713572568,9.221428571428572,0.0008819133114691107,0.9842647580502705,2.17178745094366,0.001745741160311473,3.1666666666666665,6.50121416440618,0.9496993301610025,27,RBS1p4_mRNA1min,1.4,1.0,10.402857142857142,51.14635110739674,9.116384814975328,14.67056372299144,2.9538393783887242,0.00242365658767231,0.001396773236220774,0.00164004288350776,1.0618403822643765,1.0645868330216066,72.75158497887308,0.9315702967212215,0.9682435273841722,0.057298514830968796
True,resolved_oscillation,1.0,12.441421910962235,10.605555555555556,0.000811520868770543,0.9913382478467894,2.257471735012759,0.0016533962578718997,3.566666666666667,7.588691701546379,0.9490276228515955,27,RBS1p4_mRNA1p5min,1.4,1.5,11.722857142857142,51.14635110739674,9.116384814975328,14.67056372299144,2.9538393783887242,0.00242365658767231,0.001396773236220774,0.00164004288350776,1.0618403822643765,1.0645868330216066,72.75158497887308,0.9315702967212215,0.9682435273841722,0.057298514830968796
True,resolved_oscillation,1.0,13.555870913987139,11.555555555555555,0.0007448044896552726,0.9940486235373908,2.2916141148348763,0.0016238893382665637,3.85,8.290140262008698,0.9480802805056456,27,RBS1p4_mRNA2min,1.4,2.0,12.446666666666667,51.14635110739674,9.116384814975328,14.67056372299144,2.9538393783887242,0.00242365658767231,0.001396773236220774,0.00164004288350776,1.0618403822643765,1.0645868330216066,72.75158497887308,0.9315702967212215,0.9682435273841722,0.057298514830968796
True,resolved_oscillation,1.0,15.078299493558003,12.853333333333333,0.0005798931476918541,0.9962297356276767,2.3080256162127926,0.0016101584380876913,4.216666666666667,9.146339393968963,0.945473324863223,27,RBS1p4_mRNA3min,1.4,3.0,12.99,51.14635110739674,9.116384814975328,14.67056372299144,2.9538393783887242,0.00242365658767231,0.001396773236220774,0.00164004288350776,1.0618403822643765,1.0645868330216066,72.75158497887308,0.9315702967212215,0.9682435273841722,0.057298514830968796
True,resolved_oscillation,1.0,16.110631201623175,13.733333333333333,0.0,0.997100457410917,2.2967506887602624,0.0016175623654917722,4.45,9.622380887792387,0.9419202856149184,27,RBS1p4_mRNA4min,1.4,4.0,12.96,51.14635110739674,9.116384814975328,14.67056372299144,2.9538393783887242,0.00242365658767231,0.001396773236220774,0.00164004288350776,1.0618403822643765,1.0645868330216066,72.75158497887308,0.9315702967212215,0.9682435273841722,0.057298514830968796
True,resolved_oscillation,1.0,7.436235849126469,5.577777777777778,0.0014712130395936182,0.9067047414323942,1.6145411179463043,0.0044384376770400785,2.275,3.5546392137157503,0.8820578668370802,28,RBS0p6_mRNA1min,0.6,1.0,7.42,45.0048483475655,8.276066699822795,15.185002603294713,3.2899236640874987,0.0012588287955978936,0.0016709909720747586,0.0020488287971715128,1.0647726296874296,1.0721466662869814,65.44526553798543,0.9614694651832463,0.9328371667976,0.1399798057951576
True,resolved_oscillation,1.0,9.139015352825846,6.855,0.0011744368867971017,0.960680922389949,1.8040245868339835,0.0024038957719206572,2.6166666666666667,4.47287966905519,0.8834155872140782,28,RBS0p6_mRNA1p5min,0.6,1.5,9.077777777777778,45.0048483475655,8.276066699822795,15.185002603294713,3.2899236640874987,0.0012588287955978936,0.0016709909720747586,0.0020488287971715128,1.0647726296874296,1.0721466662869814,65.44526553798543,0.9614694651832463,0.9328371667976,0.1399798057951576
True,resolved_oscillation,1.0,10.406286223130166,7.805555555555555,0.0010676156583629894,0.976824424466909,1.894212091461139,0.0021614619043096635,2.8833333333333333,5.17267249800264,0.8837208827956675,28,RBS0p6_mRNA2min,0.6,2.0,10.248571428571427,45.0048483475655,8.276066699822795,15.185002603294713,3.2899236640874987,0.0012588287955978936,0.0016709909720747586,0.0020488287971715128,1.0647726296874296,1.0721466662869814,65.44526553798543,0.9614694651832463,0.9328371667976,0.1399798057951576
True,resolved_oscillation,1.0,12.19868570070846,9.15,0.0,0.9881484233105295,1.9762197367686984,0.0020370319865674444,3.3,6.150535569684405,0.8833072414134091,28,RBS0p6_mRNA3min,0.6,3.0,11.794285714285714,45.0048483475655,8.276066699822795,15.185002603294713,3.2899236640874987,0.0012588287955978936,0.0016709909720747586,0.0020488287971715128,1.0647726296874296,1.0721466662869814,65.44526553798543,0.9614694651832463,0.9328371667976,0.1399798057951576
True,resolved_oscillation,1.0,13.477912954777027,10.10952380952381,0.0008812193562821341,0.9923461554643419,2.011503913216317,0.0019962314932835167,3.6166666666666667,6.8288410983103045,0.8822595614572816,28,RBS0p6_mRNA4min,0.6,4.0,12.76,45.0048483475655,8.276066699822795,15.185002603294713,3.2899236640874987,0.0012588287955978936,0.0016709909720747586,0.0020488287971715128,1.0647726296874296,1.0721466662869814,65.44526553798543,0.9614694651832463,0.9328371667976,0.1399798057951576
True,resolved_oscillation,1.0,8.47908645426293,6.36,0.001353243656955771,0.9488061659281395,1.7366631659497898,0.002665908855548385,2.45,4.0592824752696055,0.8828785963249506,28,RBS0p8_mRNA1min,0.8,1.0,8.448,45.0048483475655,8.276066699822795,15.185002603294713,3.2899236640874987,0.0012588287955978936,0.0016709909720747586,0.0020488287971715128,1.0647726296874296,1.0721466662869814,65.44526553798543,0.9614694651832463,0.9328371667976,0.1399798057951576
True,resolved_oscillation,1.0,10.228527597254635,7.672222222222222,0.0010861694424330196,0.9760774681946954,1.8774674159474734,0.0021820092237060757,2.8333333333333335,5.013392374974304,0.8833461549646712,28,RBS0p8_mRNA1p5min,0.8,1.5,10.075,45.0048483475655,8.276066699822795,15.185002603294713,3.2899236640874987,0.0012588287955978936,0.0016709909720747586,0.0020488287971715128,1.0647726296874296,1.0721466662869814,65.44526553798543,0.9614694651832463,0.9328371667976,0.1399798057951576
True,resolved_oscillation,1.0,11.471779891324584,8.604761904761906,0.0009451162853679762,0.9851992851800602,1.9420964796601368,0.002077940894327224,3.1166666666666667,5.686871066366526,0.8830677283841804,28,RBS0p8_mRNA2min,0.8,2.0,11.154285714285711,45.0048483475655,8.276066699822795,15.185002603294713,3.2899236640874987,0.0012588287955978936,0.0016709909720747586,0.0020488287971715128,1.0647726296874296,1.0721466662869814,65.44526553798543,0.9614694651832463,0.9328371667976,0.1399798057951576
True,resolved_oscillation,1.0,13.211275015963729,9.90952380952381,0.0008990046580427539,0.9920272401868354,1.998572679905171,0.0020092109992097366,3.5166666666666666,6.603869710106724,0.8815557598251735,28,RBS0p8_mRNA3min,0.8,3.0,12.476666666666668,45.0048483475655,8.276066699822795,15.185002603294713,3.2899236640874987,0.0012588287955978936,0.0016709909720747586,0.0020488287971715128,1.0647726296874296,1.0721466662869814,65.44526553798543,0.9614694651832463,0.9328371667976,0.1399798057951576
True,resolved_oscillation,1.0,14.450294961798546,10.83888888888889,0.0007940509167006491,0.9946729278748414,2.0200884245027697,0.0019861606299261267,3.8,7.229639376749943,0.8792927494566793,28,RBS0p8_mRNA4min,0.8,4.0,13.19,45.0048483475655,8.276066699822795,15.185002603294713,3.2899236640874987,0.0012588287955978936,0.0016709909720747586,0.0020488287971715128,1.0647726296874296,1.0721466662869814,65.44526553798543,0.9614694651832463,0.9328371667976,0.1399798057951576
True,resolved_oscillation,1.0,9.336771824112377,7.003333333333333,0.001003419850918096,0.966158005725514,1.810506730178435,0.0023281034680729383,2.6166666666666667,4.490024112341102,0.8830502111559404,28,RBS1_mRNA1min,1.0,1.0,9.253333333333334,45.0048483475655,8.276066699822795,15.185002603294713,3.2899236640874987,0.0012588287955978936,0.0016709909720747586,0.0020488287971715128,1.0647726296874296,1.0721466662869814,65.44526553798543,0.9614694651832463,0.9328371667976,0.1399798057951576
True,resolved_oscillation,1.0,11.068251939281241,8.302083333333334,0.0007097684127343012,0.9832143802075168,1.9196320501622368,0.002106579792800718,3.0,5.4264385818869565,0.8828857593368292,28,RBS1_mRNA1p5min,1.0,1.5,10.794285714285714,45.0048483475655,8.276066699822795,15.185002603294713,3.2899236640874987,0.0012588287955978936,0.0016709909720747586,0.0020488287971715128,1.0647726296874296,1.0721466662869814,65.44526553798543,0.9614694651832463,0.9328371667976,0.1399798057951576
True,resolved_oscillation,1.0,12.281216491293527,9.21190476190476,0.0008828250853760317,0.9892937430540534,1.9682537763917465,0.0020428758888223634,3.283333333333333,6.067816477432483,0.8820387302536248,28,RBS1_mRNA2min,1.0,2.0,11.762857142857142,45.0048483475655,8.276066699822795,15.185002603294713,3.2899236640874987,0.0012588287955978936,0.0016709909720747586,0.0020488287971715128,1.0647726296874296,1.0721466662869814,65.44526553798543,0.9614694651832463,0.9328371667976,0.1399798057951576
True,resolved_oscillation,1.0,13.97627195946379,10.483333333333333,0.0,0.994012788351773,2.007784241517869,0.0019985823234125646,3.683333333333333,6.928010535118812,0.8792669229570744,28,RBS1_mRNA3min,1.0,3.0,12.836666666666668,45.0048483475655,8.276066699822795,15.185002603294713,3.2899236640874987,0.0012588287955978936,0.0016709909720747586,0.0020488287971715128,1.0647726296874296,1.0721466662869814,65.44526553798543,0.9614694651832463,0.9328371667976,0.1399798057951576
True,resolved_oscillation,1.0,15.179845988829378,11.386111111111111,0.0005975822744042884,0.9958824652681342,2.0186508387657542,0.0019870925760211546,3.95,7.5021598596925365,0.875437789349108,28,RBS1_mRNA4min,1.0,4.0,13.29,45.0048483475655,8.276066699822795,15.185002603294713,3.2899236640874987,0.0012588287955978936,0.0016709909720747586,0.0020488287971715128,1.0647726296874296,1.0721466662869814,65.44526553798543,0.9614694651832463,0.9328371667976,0.1399798057951576
True,resolved_oscillation,1.0,10.04336236196762,7.533333333333333,0.0,0.9752506985531424,1.8587532821048358,0.0022054532910423847,2.7666666666666666,4.845954573270957,0.8829360806638076,28,RBS1p2_mRNA1min,1.2,1.0,9.89,45.0048483475655,8.276066699822795,15.185002603294713,3.2899236640874987,0.0012588287955978936,0.0016709909720747586,0.0020488287971715128,1.0647726296874296,1.0721466662869814,65.44526553798543,0.9614694651832463,0.9328371667976,0.1399798057951576
True,resolved_oscillation,1.0,11.74476635249058,8.809523809523808,0.0010112587531821463,0.9872227445923774,1.9459559170763576,0.0020691592352217523,3.1333333333333333,5.751867317168772,0.8821838180278334,28,RBS1p2_mRNA1p5min,1.2,1.5,11.325714285714287,45.0048483475655,8.276066699822795,15.185002603294713,3.2899236640874987,0.0012588287955978936,0.0016709909720747586,0.0020488287971715128,1.0647726296874296,1.0721466662869814,65.44526553798543,0.9614694651832463,0.9328371667976,0.1399798057951576
True,resolved_oscillation,1.0,12.931940032445034,9.7,0.0,0.9916654762617345,1.9833526986585746,0.0020247056969838043,3.4166666666666665,6.362439388517208,0.8807240541349661,28,RBS1p2_mRNA2min,1.2,2.0,12.174285714285713,45.0048483475655,8.276066699822795,15.185002603294713,3.2899236640874987,0.0012588287955978936,0.0016709909720747586,0.0020488287971715128,1.0647726296874296,1.0721466662869814,65.44526553798543,0.9614694651832463,0.9328371667976,0.1399798057951576
True,resolved_oscillation,1.0,14.587317235910936,10.941666666666666,0.0008343070182866201,0.9951909866499409,2.0097520774330353,0.00199608316750276,3.8,7.168099968557982,0.8764389775756228,28,RBS1p2_mRNA3min,1.2,3.0,12.986666666666668,45.0048483475655,8.276066699822795,15.185002603294713,3.2899236640874987,0.0012588287955978936,0.0016709909720747586,0.0020488287971715128,1.0647726296874296,1.0721466662869814,65.44526553798543,0.9614694651832463,0.9328371667976,0.1399798057951576
True,resolved_oscillation,1.0,15.749414252572233,11.813333333333333,0.0006309446889107759,0.9966018937041357,2.0108525012695586,0.001994593690610268,4.066666666666666,7.6876005446772755,0.8706075344509127,28,RBS1p2_mRNA4min,1.2,4.0,13.183333333333332,45.0048483475655,8.276066699822795,15.185002603294713,3.2899236640874987,0.0012588287955978936,0.0016709909720747586,0.0020488287971715128,1.0647726296874296,1.0721466662869814,65.44526553798543,0.9614694651832463,0.9328371667976,0.1399798057951576
True,resolved_oscillation,1.0,10.63496528870963,7.977083333333334,0.0010813249819937648,0.9807248947086183,1.8920625002726692,0.002143782595039504,2.8833333333333333,5.142196413597238,0.8826509735351459,28,RBS1p4_mRNA1min,1.4,1.0,10.402857142857142,45.0048483475655,8.276066699822795,15.185002603294713,3.2899236640874987,0.0012588287955978936,0.0016709909720747586,0.0020488287971715128,1.0647726296874296,1.0721466662869814,65.44526553798543,0.9614694651832463,0.9328371667976,0.1399798057951576
True,resolved_oscillation,1.0,12.30661058070432,9.230952380952381,0.0006824223139191617,0.9897479923530204,1.96318458415013,0.0020473274057812483,3.25,6.015739317515812,0.8812971175089128,28,RBS1p4_mRNA1p5min,1.4,1.5,11.722857142857142,45.0048483475655,8.276066699822795,15.185002603294713,3.2899236640874987,0.0012588287955978936,0.0016709909720747586,0.0020488287971715128,1.0647726296874296,1.0721466662869814,65.44526553798543,0.9614694651832463,0.9328371667976,0.1399798057951576
True,resolved_oscillation,1.0,13.471564432424332,10.104761904761906,0.00080481862754945,0.9931893786158347,1.9919342381235843,0.0020148439472063807,3.533333333333333,6.597036452200738,0.8791481205005195,28,RBS1p4_mRNA2min,1.4,2.0,12.446666666666667,45.0048483475655,8.276066699822795,15.185002603294713,3.2899236640874987,0.0012588287955978936,0.0016709909720747586,0.0020488287971715128,1.0647726296874296,1.0721466662869814,65.44526553798543,0.9614694651832463,0.9328371667976,0.1399798057951576
True,resolved_oscillation,1.0,15.087263371185873,11.316666666666666,0.0,0.9959565932463149,2.0069037077106175,0.001998658888174801,3.9,7.347801086267173,0.873035446160723,28,RBS1p4_mRNA3min,1.4,3.0,12.99,45.0048483475655,8.276066699822795,15.185002603294713,3.2899236640874987,0.0012588287955978936,0.0016709909720747586,0.0020488287971715128,1.0647726296874296,1.0721466662869814,65.44526553798543,0.9614694651832463,0.9328371667976,0.1399798057951576
True,resolved_oscillation,1.0,16.21158667984862,12.16,0.0007507162246507212,0.997065699130594,1.9981246228614165,0.002007185362919419,4.15,7.807158385184524,0.8646928483042641,28,RBS1p4_mRNA4min,1.4,4.0,12.96,45.0048483475655,8.276066699822795,15.185002603294713,3.2899236640874987,0.0012588287955978936,0.0016709909720747586,0.0020488287971715128,1.0647726296874296,1.0721466662869814,65.44526553798543,0.9614694651832463,0.9328371667976,0.1399798057951576
True,resolved_oscillation,1.0,7.479502724017583,5.684722222222222,0.0008463478170382984,0.9310818127186364,2.163761434261586,0.012007636622527004,2.3333333333333335,4.90326938151407,0.7881019197847648,29,RBS0p6_mRNA1min,0.6,1.0,7.42,45.60240779618593,11.804420030552652,11.414161087197357,2.9376976186459305,0.0017134610470052923,0.005790967459661016,0.0010569092982699103,1.0148126149922845,0.8913419229681765,69.23077030679707,1.0426641760897422,0.9728070071687276,0.17911665135287494
True,resolved_oscillation,1.0,9.096010935516718,6.913333333333333,0.0010164826937217547,0.9713162493543217,2.436507455759429,0.0093681425383889,2.6,6.062479267484872,0.7889119929434306,29,RBS0p6_mRNA1p5min,0.6,1.5,9.077777777777778,45.60240779618593,11.804420030552652,11.414161087197357,2.9376976186459305,0.0017134610470052923,0.005790967459661016,0.0010569092982699103,1.0148126149922845,0.8913419229681765,69.23077030679707,1.0426641760897422,0.9728070071687276,0.17911665135287494
True,resolved_oscillation,1.0,10.27632141913337,7.810416666666667,0.0011043994014548213,0.9829062230262089,2.5654521022173924,0.00877527443079183,2.816666666666667,6.893216278228995,0.788877359187414,29,RBS0p6_mRNA2min,0.6,2.0,10.248571428571427,45.60240779618593,11.804420030552652,11.414161087197357,2.9376976186459305,0.0017134610470052923,0.005790967459661016,0.0010569092982699103,1.0148126149922845,0.8913419229681765,69.23077030679707,1.0426641760897422,0.9728070071687276,0.17911665135287494
True,resolved_oscillation,1.0,11.879072002851421,9.028571428571428,0.0009007516496096694,0.9908979664431926,2.6763417780787635,0.008374276533823973,3.1,7.891477259620422,0.7881404598332883,29,RBS0p6_mRNA3min,0.6,3.0,11.794285714285714,45.60240779618593,11.804420030552652,11.414161087197357,2.9376976186459305,0.0017134610470052923,0.005790967459661016,0.0010569092982699103,1.0148126149922845,0.8913419229681765,69.23077030679707,1.0426641760897422,0.9728070071687276,0.17911665135287494
True,resolved_oscillation,1.0,12.944178669773756,9.838095238095239,0.0008266336532719908,0.9938236681210618,2.7141386124755353,0.008251336861793775,3.25,8.385676127601233,0.7870220863318133,29,RBS0p6_mRNA4min,0.6,4.0,12.76,45.60240779618593,11.804420030552652,11.414161087197357,2.9376976186459305,0.0017134610470052923,0.005790967459661016,0.0010569092982699103,1.0148126149922845,0.8913419229681765,69.23077030679707,1.0426641760897422,0.9728070071687276,0.17911665135287494
True,resolved_oscillation,1.0,8.478419941429078,6.443939393939393,0.0013049082459921568,0.9627194765119678,2.3394603921417323,0.009907290135100565,2.466666666666667,5.541908953746638,0.7884884197733512,29,RBS0p8_mRNA1min,0.8,1.0,8.448,45.60240779618593,11.804420030552652,11.414161087197357,2.9376976186459305,0.0017134610470052923,0.005790967459661016,0.0010569092982699103,1.0148126149922845,0.8913419229681765,69.23077030679707,1.0426641760897422,0.9728070071687276,0.17911665135287494
True,resolved_oscillation,1.0,10.111551854279003,7.685185185185185,0.0007228915662650604,0.982378684707454,2.5381326648870837,0.00887089580789838,2.7666666666666666,6.676893522479472,0.7885835648137154,29,RBS0p8_mRNA1p5min,0.8,1.5,10.075,45.60240779618593,11.804420030552652,11.414161087197357,2.9376976186459305,0.0017134610470052923,0.005790967459661016,0.0010569092982699103,1.0148126149922845,0.8913419229681765,69.23077030679707,1.0426641760897422,0.9728070071687276,0.17911665135287494
True,resolved_oscillation,1.0,11.230610002695768,8.535714285714285,0.0007380059445089513,0.9888189603469063,2.6249452348113067,0.008544034357307021,2.95,7.377490142557822,0.7881240756664494,29,RBS0p8_mRNA2min,0.8,2.0,11.154285714285711,45.60240779618593,11.804420030552652,11.414161087197357,2.9376976186459305,0.0017134610470052923,0.005790967459661016,0.0010569092982699103,1.0148126149922845,0.8913419229681765,69.23077030679707,1.0426641760897422,0.9728070071687276,0.17911665135287494
True,resolved_oscillation,1.0,12.690432669712845,9.645238095238094,0.0008431622452036205,0.9935795507848756,2.6861728009016126,0.008337164327881584,3.1666666666666665,8.066065733101214,0.786584614779963,29,RBS0p8_mRNA3min,0.8,3.0,12.476666666666668,45.60240779618593,11.804420030552652,11.414161087197357,2.9376976186459305,0.0017134610470052923,0.005790967459661016,0.0010569092982699103,1.0148126149922845,0.8913419229681765,69.23077030679707,1.0426641760897422,0.9728070071687276,0.17911665135287494
True,resolved_oscillation,1.0,13.610392447711448,10.344444444444443,0.0008320050152969748,0.9954048680130922,2.689534940950544,0.008324256671236152,3.216666666666667,8.242836784389532,0.7845542427548072,29,RBS0p8_mRNA4min,0.8,4.0,13.19,45.60240779618593,11.804420030552652,11.414161087197357,2.9376976186459305,0.0017134610470052923,0.005790967459661016,0.0010569092982699103,1.0148126149922845,0.8913419229681765,69.23077030679707,1.0426641760897422,0.9728070071687276,0.17911665135287494
True,resolved_oscillation,1.0,9.286790335562511,7.058333333333334,0.001244501243671145,0.9753080309407369,2.4428976944289027,0.009280735625435832,2.591666666666667,6.056627171353558,0.7884551993797085,29,RBS1_mRNA1min,1.0,1.0,9.253333333333334,45.60240779618593,11.804420030552652,11.414161087197357,2.9376976186459305,0.0017134610470052923,0.005790967459661016,0.0010569092982699103,1.0148126149922845,0.8913419229681765,69.23077030679707,1.0426641760897422,0.9728070071687276,0.17911665135287494
True,resolved_oscillation,1.0,10.865654335941498,8.258333333333333,0.0010787537514124093,0.9874195326271009,2.5914211109807797,0.008659318515370966,2.8666666666666667,7.079931824139089,0.7880528971037163,29,RBS1_mRNA1p5min,1.0,1.5,10.794285714285714,45.60240779618593,11.804420030552652,11.414161087197357,2.9376976186459305,0.0017134610470052923,0.005790967459661016,0.0010569092982699103,1.0148126149922845,0.8913419229681765,69.23077030679707,1.0426641760897422,0.9728070071687276,0.17911665135287494
True,resolved_oscillation,1.0,11.916664002860447,9.057142857142857,0.0009836113004137595,0.9916694551145572,2.648973929583835,0.008457633262479492,3.033333333333333,7.629593869223902,0.7871695285841853,29,RBS1_mRNA2min,1.0,2.0,11.762857142857142,45.60240779618593,11.804420030552652,11.414161087197357,2.9376976186459305,0.0017134610470052923,0.005790967459661016,0.0010569092982699103,1.0148126149922845,0.8913419229681765,69.23077030679707,1.0426641760897422,0.9728070071687276,0.17911665135287494
True,resolved_oscillation,1.0,13.22611866984143,10.052380952380952,0.0006266582925306941,0.9949305528414591,2.6711131940856245,0.008381957133053574,3.15,8.000858558634496,0.7846725991525553,29,RBS1_mRNA3min,1.0,3.0,12.836666666666668,45.60240779618593,11.804420030552652,11.414161087197357,2.9376976186459305,0.0017134610470052923,0.005790967459661016,0.0010569092982699103,1.0148126149922845,0.8913419229681765,69.23077030679707,1.0426641760897422,0.9728070071687276,0.17911665135287494
True,resolved_oscillation,1.0,14.005108447806196,10.644444444444444,0.0008085560221727386,0.9962095991030403,2.642259226946855,0.008471951006705579,3.125,7.8769857362524345,0.7814261000296425,29,RBS1_mRNA4min,1.0,4.0,13.29,45.60240779618593,11.804420030552652,11.414161087197357,2.9376976186459305,0.0017134610470052923,0.005790967459661016,0.0010569092982699103,1.0148126149922845,0.8913419229681765,69.23077030679707,1.0426641760897422,0.9728070071687276,0.17911665135287494
True,resolved_oscillation,1.0,9.938559039422664,7.553703703703704,0.000972941153860477,0.9817979573684762,2.5081208821117884,0.008978384059061933,2.7,6.451790683972975,0.7882382323383318,29,RBS1p2_mRNA1min,1.2,1.0,9.89,45.60240779618593,11.804420030552652,11.414161087197357,2.9376976186459305,0.0017134610470052923,0.005790967459661016,0.0010569092982699103,1.0148126149922845,0.8913419229681765,69.23077030679707,1.0426641760897422,0.9728070071687276,0.17911665135287494
True,resolved_oscillation,1.0,11.44989666941507,8.702380952380953,0.0007238717677331301,0.9902200967884337,2.6195418388444076,0.008556075030115462,2.95,7.3344359505364976,0.7873844306427726,29,RBS1p2_mRNA1p5min,1.2,1.5,11.325714285714287,45.60240779618593,11.804420030552652,11.414161087197357,2.9376976186459305,0.0017134610470052923,0.005790967459661016,0.0010569092982699103,1.0148126149922845,0.8913419229681765,69.23077030679707,1.0426641760897422,0.9728070071687276,0.17911665135287494
True,resolved_oscillation,1.0,12.422589669648554,9.441666666666666,0.0009668535878290663,0.993302605683326,2.653954760660638,0.008438278852486247,3.058333333333333,7.726224828982422,0.7860342743621119,29,RBS1p2_mRNA2min,1.2,2.0,12.174285714285713,45.60240779618593,11.804420030552652,11.414161087197357,2.9376976186459305,0.0017134610470052923,0.005790967459661016,0.0010569092982699103,1.0148126149922845,0.8913419229681765,69.23077030679707,1.0426641760897422,0.9728070071687276,0.17911665135287494
True,resolved_oscillation,1.0,13.588463781039518,10.327777777777778,0.0008333476807331721,0.9957196075372264,2.64067131461969,0.008477417692839585,3.091666666666667,7.788277370022381,0.7823537782692576,29,RBS1p2_mRNA3min,1.2,3.0,12.986666666666668,45.60240779618593,11.804420030552652,11.414161087197357,2.9376976186459305,0.0017134610470052923,0.005790967459661016,0.0010569092982699103,1.0148126149922845,0.8913419229681765,69.23077030679707,1.0426641760897422,0.9728070071687276,0.17911665135287494
True,resolved_oscillation,1.0,14.235359447861464,10.819444444444445,0.0006288805501368878,0.9966768947905645,2.5790382956939877,0.008678615649608987,3.0,7.395214737380201,0.7775233987890441,29,RBS1p2_mRNA4min,1.2,4.0,13.183333333333332,45.60240779618593,11.804420030552652,11.414161087197357,2.9376976186459305,0.0017134610470052923,0.005790967459661016,0.0010569092982699103,1.0148126149922845,0.8913419229681765,69.23077030679707,1.0426641760897422,0.9728070071687276,0.17911665135287494
True,resolved_oscillation,1.0,10.476420502514733,7.9625,0.000968937833356935,0.9856649959954471,2.5507230773877163,0.00880448032950395,2.775,6.750432588806701,0.7879173693592063,29,RBS1p4_mRNA1min,1.4,1.0,10.402857142857142,45.60240779618593,11.804420030552652,11.414161087197357,2.9376976186459305,0.0017134610470052923,0.005790967459661016,0.0010569092982699103,1.0148126149922845,0.8913419229681765,69.23077030679707,1.0426641760897422,0.9728070071687276,0.17911665135287494
True,resolved_oscillation,1.0,11.913531336193028,9.054761904761905,0.0008981462675045664,0.9919691611209944,2.632674162831896,0.008508823329562718,2.9833333333333334,7.481306074115978,0.7865997033160756,29,RBS1p4_mRNA1p5min,1.4,1.5,11.722857142857142,45.60240779618593,11.804420030552652,11.414161087197357,2.9376976186459305,0.0017134610470052923,0.005790967459661016,0.0010569092982699103,1.0148126149922845,0.8913419229681765,69.23077030679707,1.0426641760897422,0.9728070071687276,0.17911665135287494
True,resolved_oscillation,1.0,12.809474003074753,9.735714285714286,0.0006470411619135707,0.9943409137025893,2.6469226046969254,0.008458965395541853,3.066666666666667,7.71520189067824,0.7847131849415796,29,RBS1p4_mRNA2min,1.4,2.0,12.446666666666667,45.60240779618593,11.804420030552652,11.414161087197357,2.9376976186459305,0.0017134610470052923,0.005790967459661016,0.0010569092982699103,1.0148126149922845,0.8913419229681765,69.23077030679707,1.0426641760897422,0.9728070071687276,0.17911665135287494
True,resolved_oscillation,1.0,13.833333892209408,10.51388888888889,0.0006471571315147101,0.9962236040883429,2.599034656742826,0.008612358982260773,3.0166666666666666,7.483717391295607,0.7795724854579121,29,RBS1p4_mRNA3min,1.4,3.0,12.99,45.60240779618593,11.804420030552652,11.414161087197357,2.9376976186459305,0.0017134610470052923,0.005790967459661016,0.0010569092982699103,1.0148126149922845,0.8913419229681765,69.23077030679707,1.0426641760897422,0.9728070071687276,0.17911665135287494
True,resolved_oscillation,1.0,14.35596711455708,10.91111111111111,0.000788794978860981,0.9969686933776585,2.5032504468855863,0.008940298066534695,2.8583333333333334,6.860462835219064,0.7727519003052554,29,RBS1p4_mRNA4min,1.4,4.0,12.96,45.60240779618593,11.804420030552652,11.414161087197357,2.9376976186459305,0.0017134610470052923,0.005790967459661016,0.0010569092982699103,1.0148126149922845,0.8913419229681765,69.23077030679707,1.0426641760897422,0.9728070071687276,0.17911665135287494
True,resolved_oscillation,1.0,7.371915812779882,6.616666666666666,0.0,0.9238410893803639,1.4979353138980958,0.009255437900555372,2.6666666666666665,3.8821156310156493,0.8543539329642856,30,RBS0p6_mRNA1min,0.6,1.0,7.42,53.85302953565539,9.828865198536604,10.518002962060274,2.9986786222078705,0.015355218854155939,0.0044387428334703195,0.0038430153305078186,1.0301959857119884,0.8553793567617248,81.27033009735142,0.9756625864588617,0.8349993695600141,0.1780654992030169
True,resolved_oscillation,1.0,9.02224079479704,8.097916666666666,0.0007276632685223026,0.967802250581887,1.6881357303608828,0.006966273660903444,3.033333333333333,4.885115809470216,0.8547917695340546,30,RBS0p6_mRNA1p5min,0.6,1.5,9.077777777777778,53.85302953565539,9.828865198536604,10.518002962060274,2.9986786222078705,0.015355218854155939,0.0044387428334703195,0.0038430153305078186,1.0301959857119884,0.8553793567617248,81.27033009735142,0.9756625864588617,0.8349993695600141,0.1780654992030169
True,resolved_oscillation,1.0,10.201375943692565,9.15625,0.0009420690229929751,0.9799119708388536,1.7651077065687164,0.006552557750880617,3.316666666666667,5.570961530387967,0.8557784475658897,30,RBS0p6_mRNA2min,0.6,2.0,10.248571428571427,53.85302953565539,9.828865198536604,10.518002962060274,2.9986786222078705,0.015355218854155939,0.0044387428334703195,0.0038430153305078186,1.0301959857119884,0.8553793567617248,81.27033009735142,0.9756625864588617,0.8349993695600141,0.1780654992030169
True,resolved_oscillation,1.0,11.74802368820841,10.544444444444444,0.0008162240982523536,0.9879415930777639,1.8056751309260208,0.00637112117703236,3.7,6.3206499013410244,0.8580830972074406,30,RBS0p6_mRNA3min,0.6,3.0,11.794285714285714,53.85302953565539,9.828865198536604,10.518002962060274,2.9986786222078705,0.015355218854155939,0.0044387428334703195,0.0038430153305078186,1.0301959857119884,0.8553793567617248,81.27033009735142,0.9756625864588617,0.8349993695600141,0.1780654992030169
True,resolved_oscillation,1.0,12.710519833369847,11.408333333333333,0.0008001790467569994,0.9906418452369959,1.7904785227267128,0.006419119856360706,3.9,6.601503296818748,0.8605046545270356,30,RBS0p6_mRNA4min,0.6,4.0,12.76,53.85302953565539,9.828865198536604,10.518002962060274,2.9986786222078705,0.015355218854155939,0.0044387428334703195,0.0038430153305078186,1.0301959857119884,0.8553793567617248,81.27033009735142,0.9756625864588617,0.8349993695600141,0.1780654992030169
True,resolved_oscillation,1.0,8.415909487917476,7.553703703703704,0.000972941153860477,0.9587976916839426,1.6246305002658092,0.007374954453351171,2.8666666666666667,4.4641663182576385,0.8541652198011737,30,RBS0p8_mRNA1min,0.8,1.0,8.448,53.85302953565539,9.828865198536604,10.518002962060274,2.9986786222078705,0.015355218854155939,0.0044387428334703195,0.0038430153305078186,1.0301959857119884,0.8553793567617248,81.27033009735142,0.9756625864588617,0.8349993695600141,0.1780654992030169
True,resolved_oscillation,1.0,10.057465748354922,9.027083333333334,0.000955548893619692,0.979425004864806,1.7479196452861943,0.006618172804532842,3.25,5.4138392127063275,0.855444724115185,30,RBS0p8_mRNA1p5min,0.8,1.5,10.075,53.85302953565539,9.828865198536604,10.518002962060274,2.9986786222078705,0.015355218854155939,0.0044387428334703195,0.0038430153305078186,1.0301959857119884,0.8553793567617248,81.27033009735142,0.9756625864588617,0.8349993695600141,0.1780654992030169
True,resolved_oscillation,1.0,11.146739922742379,10.004761904761905,0.0008128629831794065,0.9859141304084184,1.7847773211787297,0.0064512126595795026,3.5166666666666666,5.953555409446041,0.8569679187448821,30,RBS0p8_mRNA2min,0.8,2.0,11.154285714285711,53.85302953565539,9.828865198536604,10.518002962060274,2.9986786222078705,0.015355218854155939,0.0044387428334703195,0.0038430153305078186,1.0301959857119884,0.8553793567617248,81.27033009735142,0.9756625864588617,0.8349993695600141,0.1780654992030169
True,resolved_oscillation,1.0,12.478406615083328,11.2,0.0,0.9903737350700277,1.772867937714787,0.00648299721268525,3.783333333333333,6.366295586669112,0.8601520130241594,30,RBS0p8_mRNA3min,0.8,3.0,12.476666666666668,53.85302953565539,9.828865198536604,10.518002962060274,2.9986786222078705,0.015355218854155939,0.0044387428334703195,0.0038430153305078186,1.0301959857119884,0.8553793567617248,81.27033009735142,0.9756625864588617,0.8349993695600141,0.1780654992030169
True,resolved_oscillation,1.0,13.210027479122438,11.856666666666666,0.0007699220656524686,0.9916700746129649,1.716860735971451,0.006692078732518209,3.8666666666666667,6.304774185218943,0.8634524601823566,30,RBS0p8_mRNA4min,0.8,4.0,13.19,53.85302953565539,9.828865198536604,10.518002962060274,2.9986786222078705,0.015355218854155939,0.0044387428334703195,0.0038430153305078186,1.0301959857119884,0.8553793567617248,81.27033009735142,0.9756625864588617,0.8349993695600141,0.1780654992030169
True,resolved_oscillation,1.0,9.24971174871783,8.302083333333334,0.0007097684127343012,0.97216706148303,1.692228536335177,0.00689283544453654,3.033333333333333,4.916539301062772,0.8545063140657131,30,RBS1_mRNA1min,1.0,1.0,9.253333333333334,53.85302953565539,9.828865198536604,10.518002962060274,2.9986786222078705,0.015355218854155939,0.0044387428334703195,0.0038430153305078186,1.0301959857119884,0.8553793567617248,81.27033009735142,0.9756625864588617,0.8349993695600141,0.1780654992030169
True,resolved_oscillation,1.0,10.80719144342038,9.7,0.0,0.9845398586238475,1.7690115477913426,0.00651313103502412,3.4166666666666665,5.7360997319306195,0.8563491447017898,30,RBS1_mRNA1p5min,1.0,1.5,10.794285714285714,53.85302953565539,9.828865198536604,10.518002962060274,2.9986786222078705,0.015355218854155939,0.0044387428334703195,0.0038430153305078186,1.0301959857119884,0.8553793567617248,81.27033009735142,0.9756625864588617,0.8349993695600141,0.1780654992030169
True,resolved_oscillation,1.0,11.791351488955227,10.583333333333334,0.0,0.9886457489171853,1.7762749262938278,0.006473903467841681,3.6333333333333333,6.110276635590356,0.8583050526025034,30,RBS1_mRNA2min,1.0,2.0,11.762857142857142,53.85302953565539,9.828865198536604,10.518002962060274,2.9986786222078705,0.015355218854155939,0.0044387428334703195,0.0038430153305078186,1.0301959857119884,0.8553793567617248,81.27033009735142,0.9756625864588617,0.8349993695600141,0.1780654992030169
True,resolved_oscillation,1.0,12.894353502252772,11.573333333333332,0.0007887709641491449,0.9913090622188667,1.7202457935973865,0.006679307447786561,3.783333333333333,6.180180991890949,0.862315336895359,30,RBS1_mRNA3min,1.0,3.0,12.836666666666668,53.85302953565539,9.828865198536604,10.518002962060274,2.9986786222078705,0.015355218854155939,0.0044387428334703195,0.0038430153305078186,1.0301959857119884,0.8553793567617248,81.27033009735142,0.9756625864588617,0.8349993695600141,0.1780654992030169
True,resolved_oscillation,1.0,13.37343518479615,12.003333333333334,0.0006209575055539545,0.9916387185376231,1.6252999233286287,0.007068266834406579,3.75,5.797230626485134,0.8665113167533093,30,RBS1_mRNA4min,1.0,4.0,13.29,53.85302953565539,9.828865198536604,10.518002962060274,2.9986786222078705,0.015355218854155939,0.0044387428334703195,0.0038430153305078186,1.0301959857119884,0.8553793567617248,81.27033009735142,0.9756625864588617,0.8349993695600141,0.1780654992030169
True,resolved_oscillation,1.0,9.908913288651549,8.89375,0.000969874292821299,0.9788929350663735,1.7292326585482916,0.006691025171271404,3.183333333333333,5.251068378018252,0.8550425386254978,30,RBS1p2_mRNA1min,1.2,1.0,9.89,53.85302953565539,9.828865198536604,10.518002962060274,2.9986786222078705,0.015355218854155939,0.0044387428334703195,0.0038430153305078186,1.0301959857119884,0.8553793567617248,81.27033009735142,0.9756625864588617,0.8349993695600141,0.1780654992030169
True,resolved_oscillation,1.0,11.370452853129004,10.205555555555556,0.0008433278924784793,0.9872747968749098,1.7702825743893178,0.006499084063595159,3.5166666666666666,5.914810691525466,0.8573406059723313,30,RBS1p2_mRNA1p5min,1.2,1.5,11.325714285714287,53.85302953565539,9.828865198536604,10.518002962060274,2.9986786222078705,0.015355218854155939,0.0044387428334703195,0.0038430153305078186,1.0301959857119884,0.8553793567617248,81.27033009735142,0.9756625864588617,0.8349993695600141,0.1780654992030169
True,resolved_oscillation,1.0,12.240103710975832,10.98611111111111,0.0006193400108174913,0.990068402112749,1.7528235547067028,0.006557263424247376,3.683333333333333,6.117723022032485,0.8596937710642163,30,RBS1p2_mRNA2min,1.2,2.0,12.174285714285713,53.85302953565539,9.828865198536604,10.518002962060274,2.9986786222078705,0.015355218854155939,0.0044387428334703195,0.0038430153305078186,1.0301959857119884,0.8553793567617248,81.27033009735142,0.9756625864588617,0.8349993695600141,0.1780654992030169
True,resolved_oscillation,1.0,13.094899322852326,11.753333333333334,0.0006341656203913186,0.9915262160674848,1.6555208493869757,0.006939560517259582,3.716666666666667,5.853090938224976,0.8645248953395331,30,RBS1p2_mRNA3min,1.2,3.0,12.986666666666668,53.85302953565539,9.828865198536604,10.518002962060274,2.9986786222078705,0.015355218854155939,0.0044387428334703195,0.0038430153305078186,1.0301959857119884,0.8553793567617248,81.27033009735142,0.9756625864588617,0.8349993695600141,0.1780654992030169
True,resolved_oscillation,1.0,13.328869446885136,11.963333333333333,0.0006230337078572833,0.9909473919188544,1.5218260584182592,0.007548572048019286,3.566666666666667,5.19217850105026,0.8696594279969196,30,RBS1p2_mRNA4min,1.2,4.0,13.183333333333332,53.85302953565539,9.828865198536604,10.518002962060274,2.9986786222078705,0.015355218854155939,0.0044387428334703195,0.0038430153305078186,1.0301959857119884,0.8553793567617248,81.27033009735142,0.9756625864588617,0.8349993695600141,0.1780654992030169
True,resolved_oscillation,1.0,10.441115739151357,9.371428571428572,0.0008677973209654131,0.9828127490884363,1.7484216918092932,0.006596248903673304,3.3,5.492132295013422,0.855663545757218,30,RBS1p4_mRNA1min,1.4,1.0,10.402857142857142,53.85302953565539,9.828865198536604,10.518002962060274,2.9986786222078705,0.015355218854155939,0.0044387428334703195,0.0038430153305078186,1.0301959857119884,0.8553793567617248,81.27033009735142,0.9756625864588617,0.8349993695600141,0.1780654992030169
True,resolved_oscillation,1.0,11.791351488955227,10.583333333333334,0.0,0.9888934768336981,1.7598426906597828,0.006533394424277505,3.6,5.989745204952974,0.8583685138165339,30,RBS1p4_mRNA1p5min,1.4,1.5,11.722857142857142,53.85302953565539,9.828865198536604,10.518002962060274,2.9986786222078705,0.015355218854155939,0.0044387428334703195,0.0038430153305078186,1.0301959857119884,0.8553793567617248,81.27033009735142,0.9756625864588617,0.8349993695600141,0.1780654992030169
True,resolved_oscillation,1.0,12.543398316203554,11.258333333333333,0.0008108402035605716,0.9908264744722391,1.7199639869383017,0.006680949399263909,3.683333333333333,6.020910048506226,0.8611059634074816,30,RBS1p4_mRNA2min,1.4,2.0,12.446666666666667,53.85302953565539,9.828865198536604,10.518002962060274,2.9986786222078705,0.015355218854155939,0.0044387428334703195,0.0038430153305078186,1.0301959857119884,0.8553793567617248,81.27033009735142,0.9756625864588617,0.8349993695600141,0.1780654992030169
True,resolved_oscillation,1.0,13.146892683748506,11.8,0.0,0.9912869475699969,1.5822412064128661,0.00726051990226732,3.6,5.44355202713359,0.866766180015211,30,RBS1p4_mRNA3min,1.4,3.0,12.99,53.85302953565539,9.828865198536604,10.518002962060274,2.9986786222078705,0.015355218854155939,0.0044387428334703195,0.0038430153305078186,1.0301959857119884,0.8553793567617248,81.27033009735142,0.9756625864588617,0.8349993695600141,0.1780654992030169
True,resolved_oscillation,1.0,13.15060649524109,11.803333333333335,0.0006314792367974556,0.9897011759253904,1.4100300610586167,0.008147132141884889,3.3666666666666667,4.560245499978737,0.8729097056402155,30,RBS1p4_mRNA4min,1.4,4.0,12.96,53.85302953565539,9.828865198536604,10.518002962060274,2.9986786222078705,0.015355218854155939,0.0044387428334703195,0.0038430153305078186,1.0301959857119884,0.8553793567617248,81.27033009735142,0.9756625864588617,0.8349993695600141,0.1780654992030169
True,resolved_oscillation,1.0,7.799047260542679,5.9,0.0,0.9316216131020383,1.5371077460013345,0.010545401619833214,2.25,3.374886828912954,0.9112658034097895,31,RBS0p6_mRNA1min,0.6,1.0,7.42,45.39015961487682,8.461128093306694,11.729940623271345,3.1916669840006344,0.0016499330831855107,0.0066415358651393695,0.001370932371731035,0.9962412973341088,1.1404458026176147,67.34816204518141,0.9909051022802613,0.8302128605478704,0.11396568872953478
True,resolved_oscillation,1.0,9.527273050229788,7.207407407407407,0.001218760660393774,0.9704356197720522,1.7092182406364276,0.008825498489493903,2.575,4.222870847478166,0.9127104211590025,31,RBS0p6_mRNA1p5min,0.6,1.5,9.077777777777778,45.39015961487682,8.461128093306694,11.729940623271345,3.1916669840006344,0.0016499330831855107,0.0066415358651393695,0.001370932371731035,0.9962412973341088,1.1404458026176147,67.34816204518141,0.9909051022802613,0.8302128605478704,0.11396568872953478
True,resolved_oscillation,1.0,10.75673679367221,8.1375,0.0009481004605965709,0.9820932958252944,1.7880753590502347,0.008377622563979045,2.816666666666667,4.80490192191005,0.9132587289968532,31,RBS0p6_mRNA2min,0.6,2.0,10.248571428571427,45.39015961487682,8.461128093306694,11.729940623271345,3.1916669840006344,0.0016499330831855107,0.0066415358651393695,0.001370932371731035,0.9962412973341088,1.1404458026176147,67.34816204518141,0.9909051022802613,0.8302128605478704,0.11396568872953478
True,resolved_oscillation,1.0,12.42560072018664,9.4,0.0,0.9903256171536133,1.8549366828492553,0.008058708747272785,3.1166666666666667,5.500618538103021,0.9134425196485106,31,RBS0p6_mRNA3min,0.6,3.0,11.794285714285714,45.39015961487682,8.461128093306694,11.729940623271345,3.1916669840006344,0.0016499330831855107,0.0066415358651393695,0.001370932371731035,0.9962412973341088,1.1404458026176147,67.34816204518141,0.9909051022802613,0.8302128605478704,0.11396568872953478
True,resolved_oscillation,1.0,13.542897644114262,10.245238095238095,0.0007937834662607173,0.9933850782712604,1.8776058431705995,0.007958779692970873,3.2666666666666666,5.848736428491327,0.9131487572368391,31,RBS0p6_mRNA4min,0.6,4.0,12.76,45.39015961487682,8.461128093306694,11.729940623271345,3.1916669840006344,0.0016499330831855107,0.0066415358651393695,0.001370932371731035,0.9962412973341088,1.1404458026176147,67.34816204518141,0.9909051022802613,0.8302128605478704,0.11396568872953478
True,resolved_oscillation,1.0,8.86315455626079,6.705,0.00120071064265386,0.9618765043903298,1.6464428818360792,0.009235602724381608,2.4166666666666665,3.8408338563294335,0.9122526143110659,31,RBS0p8_mRNA1min,0.8,1.0,8.448,45.39015961487682,8.461128093306694,11.729940623271345,3.1916669840006344,0.0016499330831855107,0.0066415358651393695,0.001370932371731035,0.9962412973341088,1.1404458026176147,67.34816204518141,0.9909051022802613,0.8302128605478704,0.11396568872953478
True,resolved_oscillation,1.0,10.566717633722549,7.99375,0.001079070460269514,0.9815179466518037,1.7695497031229468,0.008465814086390099,2.7416666666666667,4.639215347054597,0.9131127089438729,31,RBS0p8_mRNA1p5min,0.8,1.5,10.075,45.39015961487682,8.461128093306694,11.729940623271345,3.1916669840006344,0.0016499330831855107,0.0066415358651393695,0.001370932371731035,0.9962412973341088,1.1404458026176147,67.34816204518141,0.9909051022802613,0.8302128605478704,0.11396568872953478
True,resolved_oscillation,1.0,11.723749413043372,8.869047619047619,0.0007102688083394874,0.9881388612328346,1.822299081359008,0.00820553534770357,2.95,5.124648486303764,0.9132938138748398,31,RBS0p8_mRNA2min,0.8,2.0,11.154285714285711,45.39015961487682,8.461128093306694,11.729940623271345,3.1916669840006344,0.0016499330831855107,0.0066415358651393695,0.001370932371731035,0.9962412973341088,1.1404458026176147,67.34816204518141,0.9909051022802613,0.8302128605478704,0.11396568872953478
True,resolved_oscillation,1.0,13.240755377362005,10.016666666666667,0.0,0.9931090537548513,1.8592119421321072,0.008037484800010321,3.1666666666666665,5.602774750381699,0.9129257500975838,31,RBS0p8_mRNA3min,0.8,3.0,12.476666666666668,45.39015961487682,8.461128093306694,11.729940623271345,3.1916669840006344,0.0016499330831855107,0.0066415358651393695,0.001370932371731035,0.9962412973341088,1.1404458026176147,67.34816204518141,0.9909051022802613,0.8302128605478704,0.11396568872953478
True,resolved_oscillation,1.0,14.199112879716825,10.741666666666667,0.0008498410512104981,0.9950249918386347,1.860670715041225,0.00803022114893483,3.216666666666667,5.718107667771089,0.9121383526409312,31,RBS0p8_mRNA4min,0.8,4.0,13.19,45.39015961487682,8.461128093306694,11.729940623271345,3.1916669840006344,0.0016499330831855107,0.0066415358651393695,0.001370932371731035,0.9962412973341088,1.1404458026176147,67.34816204518141,0.9909051022802613,0.8302128605478704,0.11396568872953478
True,resolved_oscillation,1.0,9.698626882068453,7.337037037037037,0.0010016726316498955,0.9743337895037394,1.7096013357148363,0.00879279994161488,2.566666666666667,4.197724331822444,0.9127308012224861,31,RBS1_mRNA1min,1.0,1.0,9.253333333333334,45.39015961487682,8.461128093306694,11.729940623271345,3.1916669840006344,0.0016499330831855107,0.0066415358651393695,0.001370932371731035,0.9962412973341088,1.1404458026176147,67.34816204518141,0.9909051022802613,0.8302128605478704,0.11396568872953478
True,resolved_oscillation,1.0,11.333482318488372,8.573809523809524,0.0010390606461466096,0.9866698382177794,1.800739009451951,0.008305863745853596,2.8583333333333334,4.907007845344183,0.9131820895024696,31,RBS1_mRNA1p5min,1.0,1.5,10.794285714285714,45.39015961487682,8.461128093306694,11.729940623271345,3.1916669840006344,0.0016499330831855107,0.0066415358651393695,0.001370932371731035,0.9962412973341088,1.1404458026176147,67.34816204518141,0.9909051022802613,0.8302128605478704,0.11396568872953478
True,resolved_oscillation,1.0,12.418256984536411,9.394444444444444,0.0009161403539225116,0.991091894840015,1.835645632907402,0.008142053126406387,3.0166666666666666,5.286325090794237,0.9130611217068139,31,RBS1_mRNA2min,1.0,2.0,11.762857142857142,45.39015961487682,8.461128093306694,11.729940623271345,3.1916669840006344,0.0016499330831855107,0.0066415358651393695,0.001370932371731035,0.9962412973341088,1.1404458026176147,67.34816204518141,0.9909051022802613,0.8302128605478704,0.11396568872953478
True,resolved_oscillation,1.0,13.776848079828687,10.422222222222222,0.0008257960226455047,0.9945147315595273,1.8484516329337073,0.008083410998638126,3.1416666666666666,5.534982890344848,0.9121616516432952,31,RBS1_mRNA3min,1.0,3.0,12.836666666666668,45.39015961487682,8.461128093306694,11.729940623271345,3.1916669840006344,0.0016499330831855107,0.0066415358651393695,0.001370932371731035,0.9962412973341088,1.1404458026176147,67.34816204518141,0.9909051022802613,0.8302128605478704,0.11396568872953478
True,resolved_oscillation,1.0,14.577315265703593,11.027777777777777,0.0007804500445758021,0.9958540935668395,1.8290665575775884,0.008168512491032995,3.1,5.422939231142025,0.9108089140643316,31,RBS1_mRNA4min,1.0,4.0,13.29,45.39015961487682,8.461128093306694,11.729940623271345,3.1916669840006344,0.0016499330831855107,0.0066415358651393695,0.001370932371731035,0.9962412973341088,1.1404458026176147,67.34816204518141,0.9909051022802613,0.8302128605478704,0.11396568872953478
True,resolved_oscillation,1.0,10.365682870297544,7.841666666666667,0.0011360732918700293,0.9808800025652702,1.748861364378918,0.008566528585941199,2.675,4.465462830375506,0.9129590670844236,31,RBS1p2_mRNA1min,1.2,1.0,9.89,45.39015961487682,8.461128093306694,11.729940623271345,3.1916669840006344,0.0016499330831855107,0.0066415358651393695,0.001370932371731035,0.9962412973341088,1.1404458026176147,67.34816204518141,0.9909051022802613,0.8302128605478704,0.11396568872953478
True,resolved_oscillation,1.0,11.925177590878214,9.021428571428572,0.0009014648338136358,0.9895650734857854,1.8169161371041949,0.008227420589255144,2.933333333333333,5.073268076531681,0.9130692011024245,31,RBS1p2_mRNA1p5min,1.2,1.5,11.325714285714287,45.39015961487682,8.461128093306694,11.729940623271345,3.1916669840006344,0.0016499330831855107,0.0066415358651393695,0.001370932371731035,0.9962412973341088,1.1404458026176147,67.34816204518141,0.9909051022802613,0.8302128605478704,0.11396568872953478
True,resolved_oscillation,1.0,12.92917116477374,9.780952380952382,0.0006440485177859276,0.9927939219648667,1.8376222802695237,0.008131873697199636,3.05,5.3404891293098204,0.9126674769097664,31,RBS1p2_mRNA2min,1.2,2.0,12.174285714285713,45.39015961487682,8.461128093306694,11.729940623271345,3.1916669840006344,0.0016499330831855107,0.0066415358651393695,0.001370932371731035,0.9962412973341088,1.1404458026176147,67.34816204518141,0.9909051022802613,0.8302128605478704,0.11396568872953478
True,resolved_oscillation,1.0,14.129347391039655,10.68888888888889,0.0008051940428705647,0.9953328643568004,1.827862318730793,0.008174027545060017,3.066666666666667,5.359232012465935,0.9111925645613927,31,RBS1p2_mRNA3min,1.2,3.0,12.986666666666668,45.39015961487682,8.461128093306694,11.729940623271345,3.1916669840006344,0.0016499330831855107,0.0066415358651393695,0.001370932371731035,0.9962412973341088,1.1404458026176147,67.34816204518141,0.9909051022802613,0.8302128605478704,0.11396568872953478
True,resolved_oscillation,1.0,14.77926799608488,11.180555555555555,0.0006085688801945783,0.9963296637496208,1.7863867899232555,0.008363299465412664,2.95,5.04207152165437,0.9091612576237911,31,RBS1p2_mRNA4min,1.2,4.0,13.183333333333332,45.39015961487682,8.461128093306694,11.729940623271345,3.1916669840006344,0.0016499330831855107,0.0066415358651393695,0.001370932371731035,0.9962412973341088,1.1404458026176147,67.34816204518141,0.9909051022802613,0.8302128605478704,0.11396568872953478
True,resolved_oscillation,1.0,10.908201341458174,8.252083333333333,0.0007140689534830068,0.9848306428433037,1.7742604606594534,0.008432927153627616,2.75,4.665287880451102,0.9130382583923247,31,RBS1p4_mRNA1min,1.4,1.0,10.402857142857142,45.39015961487682,8.461128093306694,11.729940623271345,3.1916669840006344,0.0016499330831855107,0.0066415358651393695,0.001370932371731035,0.9962412973341088,1.1404458026176147,67.34816204518141,0.9909051022802613,0.8302128605478704,0.11396568872953478
True,resolved_oscillation,1.0,12.392553909760611,9.375,0.0009737289911202952,0.991385419780742,1.8241216026456666,0.008193003342822979,2.966666666666667,5.16564841144131,0.9128392901701838,31,RBS1p4_mRNA1p5min,1.4,1.5,11.722857142857142,45.39015961487682,8.461128093306694,11.729940623271345,3.1916669840006344,0.0016499330831855107,0.0066415358651393695,0.001370932371731035,0.9962412973341088,1.1404458026176147,67.34816204518141,0.9909051022802613,0.8302128605478704,0.11396568872953478
True,resolved_oscillation,1.0,13.31629094405007,10.073809523809524,0.0008843435090460746,0.9938778212307001,1.832232744252891,0.008155116232456069,3.0416666666666665,5.318325442636077,0.9121532104237996,31,RBS1p4_mRNA2min,1.4,2.0,12.446666666666667,45.39015961487682,8.461128093306694,11.729940623271345,3.1916669840006344,0.0016499330831855107,0.0066415358651393695,0.001370932371731035,0.9962412973341088,1.1404458026176147,67.34816204518141,0.9909051022802613,0.8302128605478704,0.11396568872953478
True,resolved_oscillation,1.0,14.357003196196738,10.86111111111111,0.0007924262600935893,0.9958517194576805,1.7997292105381444,0.008301483373707728,2.966666666666667,5.115281030357631,0.9100233203018837,31,RBS1p4_mRNA3min,1.4,3.0,12.99,45.39015961487682,8.461128093306694,11.729940623271345,3.1916669840006344,0.0016499330831855107,0.0066415358651393695,0.001370932371731035,0.9962412973341088,1.1404458026176147,67.34816204518141,0.9909051022802613,0.8302128605478704,0.11396568872953478
True,resolved_oscillation,1.0,14.863720956062505,11.244444444444444,0.0007654117284994895,0.9966207439857033,1.7344922694649834,0.008613124303123332,2.7666666666666666,4.6249116511452355,0.9071808919682464,31,RBS1p4_mRNA4min,1.4,4.0,12.96,45.39015961487682,8.461128093306694,11.729940623271345,3.1916669840006344,0.0016499330831855107,0.0066415358651393695,0.001370932371731035,0.9962412973341088,1.1404458026176147,67.34816204518141,0.9909051022802613,0.8302128605478704,0.11396568872953478
True,resolved_oscillation,1.0,6.439269567102795,5.020238095238096,0.0014136624118492958,0.8389889613864514,1.691731858071268,0.020723793324181755,2.1333333333333333,3.6482798800371468,0.9329292198861188,32,RBS0p6_mRNA1min,0.6,1.0,7.42,46.7777102007255,10.948647005229407,15.556299064266666,2.715354898477371,0.0010668577976236304,0.0012427381383097965,0.0023055224968550874,1.0845646968788647,0.8304441999241026,85.99095267163128,0.9079715259300564,0.9460754041016285,0.08116627687547671
True,resolved_oscillation,1.0,7.866994737897463,6.133333333333334,0.0,0.9423900172026082,2.035167469503125,0.0035203791069008746,2.3333333333333335,4.588573911880192,0.9286194071187405,32,RBS0p6_mRNA1p5min,0.6,1.5,9.077777777777778,46.7777102007255,10.948647005229407,15.556299064266666,2.715354898477371,0.0010668577976236304,0.0012427381383097965,0.0023055224968550874,1.0845646968788647,0.8304441999241026,85.99095267163128,0.9079715259300564,0.9460754041016285,0.08116627687547671
True,resolved_oscillation,1.0,9.047043948582083,7.053333333333333,0.0009963067612376746,0.9680917115727969,2.2099578693858444,0.002144616132356196,2.566666666666667,5.415380285110668,0.9263726656934416,32,RBS0p6_mRNA2min,0.6,2.0,10.248571428571427,46.7777102007255,10.948647005229407,15.556299064266666,2.715354898477371,0.0010668577976236304,0.0012427381383097965,0.0023055224968550874,1.0845646968788647,0.8304441999241026,85.99095267163128,0.9079715259300564,0.9460754041016285,0.08116627687547671
True,resolved_oscillation,1.0,10.771690145538273,8.397916666666667,0.0007016688476175119,0.9845382902590171,2.389436552043611,0.0016698012731393172,2.95,6.684597951521198,0.9234251528705532,32,RBS0p6_mRNA3min,0.6,3.0,11.794285714285714,46.7777102007255,10.948647005229407,15.556299064266666,2.715354898477371,0.0010668577976236304,0.0012427381383097965,0.0023055224968550874,1.0845646968788647,0.8304441999241026,85.99095267163128,0.9079715259300564,0.9460754041016285,0.08116627687547671
True,resolved_oscillation,1.0,12.003580286221265,9.358333333333333,0.0009754631478275442,0.9902232305217847,2.47725133784215,0.0015584119656187189,3.25,7.598997805758679,0.9213032494839929,32,RBS0p6_mRNA4min,0.6,4.0,12.76,46.7777102007255,10.948647005229407,15.556299064266666,2.715354898477371,0.0010668577976236304,0.0012427381383097965,0.0023055224968550874,1.0845646968788647,0.8304441999241026,85.99095267163128,0.9079715259300564,0.9460754041016285,0.08116627687547671
True,resolved_oscillation,1.0,7.270200526575984,5.668055555555555,0.000848836465360881,0.9215435484556564,1.9142692415084865,0.005293765575137248,2.2083333333333335,4.125283576034027,0.929934268908054,32,RBS0p8_mRNA1min,0.8,1.0,8.448,46.7777102007255,10.948647005229407,15.556299064266666,2.715354898477371,0.0010668577976236304,0.0012427381383097965,0.0023055224968550874,1.0845646968788647,0.8304441999241026,85.99095267163128,0.9079715259300564,0.9460754041016285,0.08116627687547671
True,resolved_oscillation,1.0,8.869609012917547,6.915,0.0007621782743235429,0.9667516252975942,2.176439731628613,0.0021964603099098846,2.5,5.206692832440149,0.9266068958464915,32,RBS0p8_mRNA1p5min,0.8,1.5,10.075,46.7777102007255,10.948647005229407,15.556299064266666,2.715354898477371,0.0010668577976236304,0.0012427381383097965,0.0023055224968550874,1.0845646968788647,0.8304441999241026,85.99095267163128,0.9079715259300564,0.9460754041016285,0.08116627687547671
True,resolved_oscillation,1.0,10.06355373061204,7.845833333333333,0.0009833458308789711,0.980277051996229,2.3134363072592463,0.0017772149181709278,2.75,6.062466460753969,0.9244032553848849,32,RBS0p8_mRNA2min,0.8,2.0,11.154285714285711,46.7777102007255,10.948647005229407,15.556299064266666,2.715354898477371,0.0010668577976236304,0.0012427381383097965,0.0023055224968550874,1.0845646968788647,0.8304441999241026,85.99095267163128,0.9079715259300564,0.9460754041016285,0.08116627687547671
True,resolved_oscillation,1.0,11.74552087032362,9.157142857142857,0.000972869835354639,0.9897273951348441,2.448887471079079,0.0015778045861246672,3.15,7.285335520966966,0.9212329119199085,32,RBS0p8_mRNA3min,0.8,3.0,12.476666666666668,46.7777102007255,10.948647005229407,15.556299064266666,2.715354898477371,0.0010668577976236304,0.0012427381383097965,0.0023055224968550874,1.0845646968788647,0.8304441999241026,85.99095267163128,0.9079715259300564,0.9460754041016285,0.08116627687547671
True,resolved_oscillation,1.0,12.912132667636053,10.066666666666666,0.0,0.9932035823574303,2.5117323222755013,0.0015187961521129479,3.433333333333333,8.125841472917019,0.9185448977292614,32,RBS0p8_mRNA4min,0.8,4.0,13.19,46.7777102007255,10.948647005229407,15.556299064266666,2.715354898477371,0.0010668577976236304,0.0012427381383097965,0.0023055224968550874,1.0845646968788647,0.8304441999241026,85.99095267163128,0.9079715259300564,0.9460754041016285,0.08116627687547671
True,resolved_oscillation,1.0,8.027327511088307,6.258333333333334,0.0014035852907982155,0.950873996176859,2.046930527337475,0.002943636504387142,2.316666666666667,4.578935936295299,0.9282396806536571,32,RBS1_mRNA1min,1.0,1.0,9.253333333333334,46.7777102007255,10.948647005229407,15.556299064266666,2.715354898477371,0.0010668577976236304,0.0012427381383097965,0.0023055224968550874,1.0845646968788647,0.8304441999241026,85.99095267163128,0.9079715259300564,0.9460754041016285,0.08116627687547671
True,resolved_oscillation,1.0,9.669847698665631,7.538888888888889,0.001105379513633014,0.9773216051011493,2.2652046544688798,0.001859027828990515,2.65,5.719158314406888,0.9249965705977575,32,RBS1_mRNA1p5min,1.0,1.5,10.794285714285714,46.7777102007255,10.948647005229407,15.556299064266666,2.715354898477371,0.0010668577976236304,0.0012427381383097965,0.0023055224968550874,1.0845646968788647,0.8304441999241026,85.99095267163128,0.9079715259300564,0.9460754041016285,0.08116627687547671
True,resolved_oscillation,1.0,10.846512106360667,8.45625,0.0010200525636989714,0.9859605663768992,2.3758380915582156,0.0016567653300479004,2.9166666666666665,6.5609659034722165,0.9227217733254653,32,RBS1_mRNA2min,1.0,2.0,11.762857142857142,46.7777102007255,10.948647005229407,15.556299064266666,2.715354898477371,0.0010668577976236304,0.0012427381383097965,0.0023055224968550874,1.0845646968788647,0.8304441999241026,85.99095267163128,0.9079715259300564,0.9460754041016285,0.08116627687547671
True,resolved_oscillation,1.0,12.466254860286273,9.719047619047618,0.0006481507376444366,0.9923038613770842,2.480997897664563,0.001541057124998252,3.3,7.713008771226195,0.9190312218568583,32,RBS1_mRNA3min,1.0,3.0,12.836666666666668,46.7777102007255,10.948647005229407,15.556299064266666,2.715354898477371,0.0010668577976236304,0.0012427381383097965,0.0023055224968550874,1.0845646968788647,0.8304441999241026,85.99095267163128,0.9079715259300564,0.9460754041016285,0.08116627687547671
True,resolved_oscillation,1.0,13.578404414006897,10.58611111111111,0.0006427419949575383,0.9947148301476434,2.525732874708337,0.0015041495964281473,3.566666666666667,8.474747390809183,0.9154147808316029,32,RBS1_mRNA4min,1.0,4.0,13.29,46.7777102007255,10.948647005229407,15.556299064266666,2.715354898477371,0.0010668577976236304,0.0012427381383097965,0.0023055224968550874,1.0845646968788647,0.8304441999241026,85.99095267163128,0.9079715259300564,0.9460754041016285,0.08116627687547671
True,resolved_oscillation,1.0,8.683622996016167,6.77,0.0010380034991525945,0.965240676817193,2.1395382043242965,0.0022566903030666495,2.433333333333333,4.989319138125734,0.9268686957222935,32,RBS1p2_mRNA1min,1.2,1.0,9.89,46.7777102007255,10.948647005229407,15.556299064266666,2.715354898477371,0.0010668577976236304,0.0012427381383097965,0.0023055224968550874,1.0845646968788647,0.8304441999241026,85.99095267163128,0.9079715259300564,0.9460754041016285,0.08116627687547671
True,resolved_oscillation,1.0,10.322758380603906,8.047916666666667,0.0007321840861367305,0.9830212746814778,2.324930080200054,0.0017239313229797828,2.783333333333333,6.139153748566571,0.9236051988766288,32,RBS1p2_mRNA1p5min,1.2,1.5,11.325714285714287,46.7777102007255,10.948647005229407,15.556299064266666,2.715354898477371,0.0010668577976236304,0.0012427381383097965,0.0023055224968550874,1.0845646968788647,0.8304441999241026,85.99095267163128,0.9079715259300564,0.9460754041016285,0.08116627687547671
True,resolved_oscillation,1.0,11.470664687710741,8.942857142857143,0.0009961814128791112,0.9891552531558391,2.4160184549175994,0.001600890235229904,3.0416666666666665,6.950894593657273,0.9211439304847154,32,RBS1p2_mRNA2min,1.2,2.0,12.174285714285713,46.7777102007255,10.948647005229407,15.556299064266666,2.715354898477371,0.0010668577976236304,0.0012427381383097965,0.0023055224968550874,1.0845646968788647,0.8304441999241026,85.99095267163128,0.9079715259300564,0.9460754041016285,0.08116627687547671
True,resolved_oscillation,1.0,13.02818305585038,10.157142857142857,0.0008770879950243651,0.9938006152048415,2.4982074243702703,0.0015235459758562015,3.4166666666666665,8.024744376686538,0.9166415821674736,32,RBS1p2_mRNA3min,1.2,3.0,12.986666666666668,46.7777102007255,10.948647005229407,15.556299064266666,2.715354898477371,0.0010668577976236304,0.0012427381383097965,0.0023055224968550874,1.0845646968788647,0.8304441999241026,85.99095267163128,0.9079715259300564,0.9460754041016285,0.08116627687547671
True,resolved_oscillation,1.0,14.0843433871869,10.980555555555556,0.0006196533627076089,0.9955936831508789,2.5278339381111667,0.0015001407275585426,3.6666666666666665,8.704187775954331,0.9117206200318911,32,RBS1p2_mRNA4min,1.2,4.0,13.183333333333332,46.7777102007255,10.948647005229407,15.556299064266666,2.715354898477371,0.0010668577976236304,0.0012427381383097965,0.0023055224968550874,1.0845646968788647,0.8304441999241026,85.99095267163128,0.9079715259300564,0.9460754041016285,0.08116627687547671
True,resolved_oscillation,1.0,9.247044237510515,7.209259259259259,0.0012184475957494397,0.9735176410872437,2.2076442143867148,0.001973832839918255,2.5416666666666665,5.350623403046694,0.925688666026373,32,RBS1p4_mRNA1min,1.4,1.0,10.402857142857142,46.7777102007255,10.948647005229407,15.556299064266666,2.715354898477371,0.0010668577976236304,0.0012427381383097965,0.0023055224968550874,1.0845646968788647,0.8304441999241026,85.99095267163128,0.9079715259300564,0.9460754041016285,0.08116627687547671
True,resolved_oscillation,1.0,10.865217596566266,8.470833333333333,0.000910792031256814,0.9865110217345575,2.367010276070799,0.001654884937063548,2.9,6.485698921672144,0.9223248260174061,32,RBS1p4_mRNA1p5min,1.4,1.5,11.722857142857142,46.7777102007255,10.948647005229407,15.556299064266666,2.715354898477371,0.0010668577976236304,0.0012427381383097965,0.0023055224968550874,1.0845646968788647,0.8304441999241026,85.99095267163128,0.9079715259300564,0.9460754041016285,0.08116627687547671
True,resolved_oscillation,1.0,11.983729561921447,9.342857142857143,0.0009535314441319933,0.9911638678971488,2.442782062497606,0.0015700358059544688,3.15,7.261074320665012,0.9195649944623967,32,RBS1p4_mRNA2min,1.4,2.0,12.446666666666667,46.7777102007255,10.948647005229407,15.556299064266666,2.715354898477371,0.0010668577976236304,0.0012427381383097965,0.0023055224968550874,1.0845646968788647,0.8304441999241026,85.99095267163128,0.9079715259300564,0.9460754041016285,0.08116627687547671
True,resolved_oscillation,1.0,13.478641799577039,10.508333333333333,0.0008687114314118416,0.9947559538354579,2.506041491888916,0.0015153196228163768,3.5,8.253106021168172,0.9139548939758824,32,RBS1p4_mRNA3min,1.4,3.0,12.99,46.7777102007255,10.948647005229407,15.556299064266666,2.715354898477371,0.0010668577976236304,0.0012427381383097965,0.0023055224968550874,1.0845646968788647,0.8304441999241026,85.99095267163128,0.9079715259300564,0.9460754041016285,0.08116627687547671
True,resolved_oscillation,1.0,14.472704993360278,11.283333333333333,0.0,0.9961455633337022,2.5217156422993465,0.0015023477676916989,3.7333333333333334,8.845950483127792,0.9073220851720618,32,RBS1p4_mRNA4min,1.4,4.0,12.96,46.7777102007255,10.948647005229407,15.556299064266666,2.715354898477371,0.0010668577976236304,0.0012427381383097965,0.0023055224968550874,1.0845646968788647,0.8304441999241026,85.99095267163128,0.9079715259300564,0.9460754041016285,0.08116627687547671
True,resolved_oscillation,1.0,6.82590813872694,5.922727272727273,0.0014197428422114717,0.8948116274467829,1.9030832270794416,0.01090082608925807,2.3333333333333335,4.433105846512705,0.9721629056825083,33,RBS0p6_mRNA1min,0.6,1.0,7.42,52.061004798390556,10.448287029243946,13.317429098075444,2.6123118928370075,0.00224808783607643,0.002134498034237422,0.004429163686357227,1.0385301822338608,0.9504647180626468,88.69908952293623,0.931061029282105,1.0224469524410555,0.0315627245709647
True,resolved_oscillation,1.0,8.315031386068666,7.214814814814815,0.0007700205338809035,0.9575807686873674,2.2287977193844766,0.004013651744923134,2.6,5.609957232015936,0.9711586926409838,33,RBS0p6_mRNA1p5min,0.6,1.5,9.077777777777778,52.061004798390556,10.448287029243946,13.317429098075444,2.6123118928370075,0.00224808783607643,0.002134498034237422,0.004429163686357227,1.0385301822338608,0.9504647180626468,88.69908952293623,0.931061029282105,1.0224469524410555,0.0315627245709647
True,resolved_oscillation,1.0,9.4408473655736,8.191666666666666,0.0010875330291451654,0.974750795738972,2.3971729414281358,0.003161290453560164,2.85,6.5516910965670645,0.9705341659250839,33,RBS0p6_mRNA2min,0.6,2.0,10.248571428571427,52.061004798390556,10.448287029243946,13.317429098075444,2.6123118928370075,0.00224808783607643,0.002134498034237422,0.004429163686357227,1.0385301822338608,0.9504647180626468,88.69908952293623,0.931061029282105,1.0224469524410555,0.0315627245709647
True,resolved_oscillation,1.0,10.99259832771046,9.53809523809524,0.0008526336134098517,0.9861744652565622,2.564020353388912,0.0027581337136690716,3.225,7.875066730953688,0.9696836862322623,33,RBS0p6_mRNA3min,0.6,3.0,11.794285714285714,52.061004798390556,10.448287029243946,13.317429098075444,2.6123118928370075,0.00224808783607643,0.002134498034237422,0.004429163686357227,1.0385301822338608,0.9504647180626468,88.69908952293623,0.931061029282105,1.0224469524410555,0.0315627245709647
True,resolved_oscillation,1.0,12.021153563149836,10.430555555555555,0.0006523274947491819,0.9901212262235092,2.6389099321152254,0.0026404955949026294,3.4833333333333334,8.726138879970355,0.969070308683404,33,RBS0p6_mRNA4min,0.6,4.0,12.76,52.061004798390556,10.448287029243946,13.317429098075444,2.6123118928370075,0.00224808783607643,0.002134498034237422,0.004429163686357227,1.0385301822338608,0.9504647180626468,88.69908952293623,0.931061029282105,1.0224469524410555,0.0315627245709647
True,resolved_oscillation,1.0,7.714027064118734,6.693333333333333,0.0012858510445575755,0.9438629733918369,2.105669716884199,0.004963506427609207,2.45,5.042670482460911,0.9715647417075947,33,RBS0p8_mRNA1min,0.8,1.0,8.448,52.061004798390556,10.448287029243946,13.317429098075444,2.6123118928370075,0.00224808783607643,0.002134498034237422,0.004429163686357227,1.0385301822338608,0.9504647180626468,88.69908952293623,0.931061029282105,1.0224469524410555,0.0315627245709647
True,resolved_oscillation,1.0,9.25356707703984,8.029166666666667,0.0009608926826907644,0.9736080548530365,2.357389314820069,0.003228535649546027,2.7666666666666666,6.282168027646821,0.9706705302654295,33,RBS0p8_mRNA1p5min,0.8,1.5,10.075,52.061004798390556,10.448287029243946,13.317429098075444,2.6123118928370075,0.00224808783607643,0.002134498034237422,0.004429163686357227,1.0385301822338608,0.9504647180626468,88.69908952293623,0.931061029282105,1.0224469524410555,0.0315627245709647
True,resolved_oscillation,1.0,10.32854221305596,8.96190476190476,0.0009074522463655331,0.9829657102760591,2.4835665412170265,0.002885411746319661,3.0166666666666666,7.170276150794826,0.9700576669483482,33,RBS0p8_mRNA2min,0.8,2.0,11.154285714285711,52.061004798390556,10.448287029243946,13.317429098075444,2.6123118928370075,0.00224808783607643,0.002134498034237422,0.004429163686357227,1.0385301822338608,0.9504647180626468,88.69908952293623,0.931061029282105,1.0224469524410555,0.0315627245709647
True,resolved_oscillation,1.0,11.727999314187345,10.176190476190476,0.0008754462767370008,0.9895251534848793,2.5972319036113807,0.002685010659664429,3.3583333333333334,8.28519717396523,0.9691786980943694,33,RBS0p8_mRNA3min,0.8,3.0,12.476666666666668,52.061004798390556,10.448287029243946,13.317429098075444,2.6123118928370075,0.00224808783607643,0.002134498034237422,0.004429163686357227,1.0385301822338608,0.9504647180626468,88.69908952293623,0.931061029282105,1.0224469524410555,0.0315627245709647
True,resolved_oscillation,1.0,12.587796487431467,10.922222222222222,0.0007879925424633605,0.991725427033623,2.636762240814514,0.00262822369177925,3.55,8.889067298700828,0.9684513921937467,33,RBS0p8_mRNA4min,0.8,4.0,13.19,52.061004798390556,10.448287029243946,13.317429098075444,2.6123118928370075,0.00224808783607643,0.002134498034237422,0.004429163686357227,1.0385301822338608,0.9504647180626468,88.69908952293623,0.931061029282105,1.0224469524410555,0.0315627245709647
True,resolved_oscillation,1.0,8.4537575257233,7.335185185185185,0.0007573844988639234,0.962758332212693,2.2301853569648737,0.0037438041303647753,2.5833333333333335,5.566934716133614,0.9711539395584774,33,RBS1_mRNA1min,1.0,1.0,9.253333333333334,52.061004798390556,10.448287029243946,13.317429098075444,2.6123118928370075,0.00224808783607643,0.002134498034237422,0.004429163686357227,1.0385301822338608,0.9504647180626468,88.69908952293623,0.931061029282105,1.0224469524410555,0.0315627245709647
True,resolved_oscillation,1.0,9.958097686285887,8.64047619047619,0.0010310436447434393,0.9807497606173169,2.432650852994265,0.0029763379194646614,2.9166666666666665,6.778909624085836,0.9702821253531287,33,RBS1_mRNA1p5min,1.0,1.5,10.794285714285714,52.061004798390556,10.448287029243946,13.317429098075444,2.6123118928370075,0.00224808783607643,0.002134498034237422,0.004429163686357227,1.0385301822338608,0.9504647180626468,88.69908952293623,0.931061029282105,1.0224469524410555,0.0315627245709647
True,resolved_oscillation,1.0,10.95692589179927,9.507142857142858,0.0009370541915286605,0.9867731206778136,2.5278010442729046,0.0027833347407464786,3.1416666666666666,7.570830814299429,0.969664756528014,33,RBS1_mRNA2min,1.0,2.0,11.762857142857142,52.061004798390556,10.448287029243946,13.317429098075444,2.6123118928370075,0.00224808783607643,0.002134498034237422,0.004429163686357227,1.0385301822338608,0.9504647180626468,88.69908952293623,0.931061029282105,1.0224469524410555,0.0315627245709647
True,resolved_oscillation,1.0,12.1876249307354,10.575,0.0008632349212059355,0.9909744162496616,2.6002305419991,0.002668810520251823,3.4166666666666665,8.441154684052911,0.9686911342812223,33,RBS1_mRNA3min,1.0,3.0,12.836666666666668,52.061004798390556,10.448287029243946,13.317429098075444,2.6123118928370075,0.00224808783607643,0.002134498034237422,0.004429163686357227,1.0385301822338608,0.9504647180626468,88.69908952293623,0.931061029282105,1.0224469524410555,0.0315627245709647
True,resolved_oscillation,1.0,12.869517263345497,11.166666666666666,0.0,0.9921497639685468,2.6089374599059,0.002651766725053751,3.55,8.781910760673712,0.9677644547939411,33,RBS1_mRNA4min,1.0,4.0,13.29,52.061004798390556,10.448287029243946,13.317429098075444,2.6123118928370075,0.00224808783607643,0.002134498034237422,0.004429163686357227,1.0385301822338608,0.9504647180626468,88.69908952293623,0.931061029282105,1.0224469524410555,0.0315627245709647
True,resolved_oscillation,1.0,9.056682671145376,7.858333333333333,0.0011336638045065723,0.9723135290890725,2.3136045651880575,0.003306187217448995,2.691666666666667,6.001702767294287,0.9708232647085033,33,RBS1p2_mRNA1min,1.2,1.0,9.89,52.061004798390556,10.448287029243946,13.317429098075444,2.6123118928370075,0.00224808783607643,0.002134498034237422,0.004429163686357227,1.0385301822338608,0.9504647180626468,88.69908952293623,0.931061029282105,1.0224469524410555,0.0315627245709647
True,resolved_oscillation,1.0,10.49867229201703,9.10952380952381,0.000977955406893346,0.9846130073381865,2.478413765934709,0.0028622374226208685,3.0166666666666666,7.139443081316188,0.9699536300502425,33,RBS1p2_mRNA1p5min,1.2,1.5,11.325714285714287,52.061004798390556,10.448287029243946,13.317429098075444,2.6123118928370075,0.00224808783607643,0.002134498034237422,0.004429163686357227,1.0385301822338608,0.9504647180626468,88.69908952293623,0.931061029282105,1.0224469524410555,0.0315627245709647
True,resolved_oscillation,1.0,11.415179491581508,9.904761904761905,0.0008210697729134293,0.9888237838018812,2.5486494946785196,0.00273883131463378,3.225,7.8161599715633105,0.9693091242270706,33,RBS1p2_mRNA2min,1.2,2.0,12.174285714285713,52.061004798390556,10.448287029243946,13.317429098075444,2.6123118928370075,0.00224808783607643,0.002134498034237422,0.004429163686357227,1.0385301822338608,0.9504647180626468,88.69908952293623,0.931061029282105,1.0224469524410555,0.0315627245709647
True,resolved_oscillation,1.0,12.462942961742295,10.81388888888889,0.0006292036328752063,0.9915747279183207,2.5852205656963703,0.002678858959365259,3.433333333333333,8.42424622683394,0.9681739412699913,33,RBS1p2_mRNA3min,1.2,3.0,12.986666666666668,52.061004798390556,10.448287029243946,13.317429098075444,2.6123118928370075,0.00224808783607643,0.002134498034237422,0.004429163686357227,1.0385301822338608,0.9504647180626468,88.69908952293623,0.931061029282105,1.0224469524410555,0.0315627245709647
True,resolved_oscillation,1.0,12.968759809406121,11.252777777777776,0.0006046629826667929,0.9919680895941676,2.564122162827029,0.002697335136030984,3.4916666666666667,8.501526522873517,0.9669620009864995,33,RBS1p2_mRNA4min,1.2,4.0,13.183333333333332,52.061004798390556,10.448287029243946,13.317429098075444,2.6123118928370075,0.00224808783607643,0.002134498034237422,0.004429163686357227,1.0385301822338608,0.9504647180626468,88.69908952293623,0.931061029282105,1.0224469524410555,0.0315627245709647
True,resolved_oscillation,1.0,9.556096773902066,8.291666666666666,0.001074417052914269,0.977917287052013,2.3722152793258795,0.003096684486957026,2.8,6.356877681704068,0.9705392117717792,33,RBS1p4_mRNA1min,1.4,1.0,10.402857142857142,52.061004798390556,10.448287029243946,13.317429098075444,2.6123118928370075,0.00224808783607643,0.002134498034237422,0.004429163686357227,1.0385301822338608,0.9504647180626468,88.69908952293623,0.931061029282105,1.0224469524410555,0.0315627245709647
True,resolved_oscillation,1.0,10.918509422356447,9.473809523809525,0.0009403511904433128,0.9869363154966453,2.505940686222267,0.0028025577495967347,3.1,7.395276766842167,0.9696598888053353,33,RBS1p4_mRNA1p5min,1.4,1.5,11.722857142857142,52.061004798390556,10.448287029243946,13.317429098075444,2.6123118928370075,0.00224808783607643,0.002134498034237422,0.004429163686357227,1.0385301822338608,0.9504647180626468,88.69908952293623,0.931061029282105,1.0224469524410555,0.0315627245709647
True,resolved_oscillation,1.0,11.747207548908756,10.192857142857143,0.0008740148065344409,0.9900020997047906,2.5547478970506643,0.0027214652624995193,3.2666666666666666,7.94608459724055,0.9689635018738348,33,RBS1p4_mRNA2min,1.4,2.0,12.446666666666667,52.061004798390556,10.448287029243946,13.317429098075444,2.6123118928370075,0.00224808783607643,0.002134498034237422,0.004429163686357227,1.0385301822338608,0.9504647180626468,88.69908952293623,0.931061029282105,1.0224469524410555,0.0315627245709647
True,resolved_oscillation,1.0,12.613407467060014,10.944444444444445,0.000786392557605567,0.9916986949239646,2.5576929784991114,0.00270552351983289,3.4,8.285158771882813,0.9675995816710908,33,RBS1p4_mRNA3min,1.4,3.0,12.99,52.061004798390556,10.448287029243946,13.317429098075444,2.6123118928370075,0.00224808783607643,0.002134498034237422,0.004429163686357227,1.0385301822338608,0.9504647180626468,88.69908952293623,0.931061029282105,1.0224469524410555,0.0315627245709647
True,resolved_oscillation,1.0,12.94955157468471,11.23611111111111,0.0006055598869674112,0.9913809461010139,2.5064470915385546,0.0027607720669413356,3.4,8.111815190358893,0.966013771531798,33,RBS1p4_mRNA4min,1.4,4.0,12.96,52.061004798390556,10.448287029243946,13.317429098075444,2.6123118928370075,0.00224808783607643,0.002134498034237422,0.004429163686357227,1.0385301822338608,0.9504647180626468,88.69908952293623,0.931061029282105,1.0224469524410555,0.0315627245709647
True,resolved_oscillation,1.0,7.0270581012308755,5.446153846153846,0.0013420143892409816,0.9005290164879988,1.7920230453063644,0.013134100299192498,2.1333333333333333,3.8137318775163496,0.9625758930583997,34,RBS0p6_mRNA1min,0.6,1.0,7.42,46.50156951342029,8.164991100706104,11.834157981163575,2.6497957470516416,0.0018942014021396444,0.00419575754631016,0.002774578391279504,0.9622688142515926,1.1849523036659364,68.2258374597829,1.0908374700963277,1.0094820039943537,0.04446236123216566
True,resolved_oscillation,1.0,8.556895930023499,6.631818181818182,0.0007577392712715101,0.9593605396722602,2.066626889419117,0.006719169136501263,2.3666666666666667,4.7587280354634585,0.9618189295892267,34,RBS0p6_mRNA1p5min,0.6,1.5,9.077777777777778,46.50156951342029,8.164991100706104,11.834157981163575,2.6497957470516416,0.0018942014021396444,0.00419575754631016,0.002774578391279504,0.9622688142515926,1.1849523036659364,68.2258374597829,1.0908374700963277,1.0094820039943537,0.04446236123216566
True,resolved_oscillation,1.0,9.722491430759824,7.535185185185185,0.000737281887441632,0.9760578599398734,2.2085808533370312,0.005773313349433229,2.591666666666667,5.507669566053691,0.9612408351416037,34,RBS0p6_mRNA2min,0.6,2.0,10.248571428571427,46.50156951342029,8.164991100706104,11.834157981163575,2.6497957470516416,0.0018942014021396444,0.00419575754631016,0.002774578391279504,0.9622688142515926,1.1849523036659364,68.2258374597829,1.0908374700963277,1.0094820039943537,0.04446236123216566
True,resolved_oscillation,1.0,11.369815927647332,8.811904761904762,0.0009228992854147167,0.9874282817922152,2.3488932311681388,0.005253155423381009,2.9166666666666665,6.55307243562934,0.9603484711485215,34,RBS0p6_mRNA3min,0.6,3.0,11.794285714285714,46.50156951342029,8.164991100706104,11.834157981163575,2.6497957470516416,0.0018942014021396444,0.00419575754631016,0.002774578391279504,0.9622688142515926,1.1849523036659364,68.2258374597829,1.0908374700963277,1.0094820039943537,0.04446236123216566
True,resolved_oscillation,1.0,12.509562404047537,9.695238095238095,0.0008388139133889653,0.991522200633707,2.4127365592639802,0.005080540256085547,3.15,7.226999372864785,0.9596259181836965,34,RBS0p6_mRNA4min,0.6,4.0,12.76,46.50156951342029,8.164991100706104,11.834157981163575,2.6497957470516416,0.0018942014021396444,0.00419575754631016,0.002774578391279504,0.9622688142515926,1.1849523036659364,68.2258374597829,1.0908374700963277,1.0094820039943537,0.04446236123216566
True,resolved_oscillation,1.0,7.90393654217158,6.125757575757576,0.001420866348389322,0.9457841269167867,1.953956432642171,0.007758442668372347,2.2333333333333334,4.26012388281723,0.9623275783705157,34,RBS0p8_mRNA1min,0.8,1.0,8.448,46.50156951342029,8.164991100706104,11.834157981163575,2.6497957470516416,0.0018942014021396444,0.00419575754631016,0.002774578391279504,0.9622688142515926,1.1849523036659364,68.2258374597829,1.0908374700963277,1.0094820039943537,0.04446236123216566
True,resolved_oscillation,1.0,9.49071908650234,7.355555555555555,0.0011329305135951663,0.9747733464052009,2.1673724689010143,0.005896295980644542,2.5,5.2412342586796115,0.961501111719801,34,RBS0p8_mRNA1p5min,0.8,1.5,10.075,46.50156951342029,8.164991100706104,11.834157981163575,2.6497957470516416,0.0018942014021396444,0.00419575754631016,0.002774578391279504,0.9622688142515926,1.1849523036659364,68.2258374597829,1.0908374700963277,1.0094820039943537,0.04446236123216566
True,resolved_oscillation,1.0,10.617921183445311,8.229166666666666,0.0009375393415418243,0.9841367936815334,2.2745401802711434,0.005457817191862614,2.716666666666667,5.939123353011789,0.9608487903144662,34,RBS0p8_mRNA2min,0.8,2.0,11.154285714285711,46.50156951342029,8.164991100706104,11.834157981163575,2.6497957470516416,0.0018942014021396444,0.00419575754631016,0.002774578391279504,0.9622688142515926,1.1849523036659364,68.2258374597829,1.0908374700963277,1.0094820039943537,0.04446236123216566
True,resolved_oscillation,1.0,12.150127531436153,9.416666666666666,0.0,0.9909487088365838,2.3726116242184387,0.005167862792572748,3.0166666666666666,6.818092164511325,0.9598016117708109,34,RBS0p8_mRNA3min,0.8,3.0,12.476666666666668,46.50156951342029,8.164991100706104,11.834157981163575,2.6497957470516416,0.0018942014021396444,0.00419575754631016,0.002774578391279504,0.9622688142515926,1.1849523036659364,68.2258374597829,1.0908374700963277,1.0094820039943537,0.04446236123216566
True,resolved_oscillation,1.0,13.173134476560866,10.209523809523809,0.0008725880099752663,0.9934918549164551,2.4093551649562923,0.005075077003240712,3.183333333333333,7.307222174617154,0.9588422344818007,34,RBS0p8_mRNA4min,0.8,4.0,13.19,46.50156951342029,8.164991100706104,11.834157981163575,2.6497957470516416,0.0018942014021396444,0.00419575754631016,0.002774578391279504,0.9622688142515926,1.1849523036659364,68.2258374597829,1.0908374700963277,1.0094820039943537,0.04446236123216566
True,resolved_oscillation,1.0,8.636267640043823,6.693333333333333,0.0012858510445575755,0.9639008031984404,2.053556510535858,0.006525679454452918,2.3333333333333335,4.644145042925654,0.9620777634069765,34,RBS1_mRNA1min,1.0,1.0,9.253333333333334,46.50156951342029,8.164991100706104,11.834157981163575,2.6497957470516416,0.0018942014021396444,0.00419575754631016,0.002774578391279504,0.9622688142515926,1.1849523036659364,68.2258374597829,1.0908374700963277,1.0094820039943537,0.04446236123216566
True,resolved_oscillation,1.0,10.201268580044292,7.90625,0.0010910127420432477,0.9818433087020602,2.226452489099938,0.005602783178170177,2.6166666666666667,5.594047695957033,0.9611676983004577,34,RBS1_mRNA1p5min,1.0,1.5,10.794285714285714,46.50156951342029,8.164991100706104,11.834157981163575,2.6497957470516416,0.0018942014021396444,0.00419575754631016,0.002774578391279504,0.9622688142515926,1.1849523036659364,68.2258374597829,1.0908374700963277,1.0094820039943537,0.04446236123216566
True,resolved_oscillation,1.0,11.274581046869958,8.738095238095239,0.0009306948924577292,0.9880372191437656,2.308441792856744,0.005332315944405185,2.816666666666667,6.213914327061957,0.9604482904179643,34,RBS1_mRNA2min,1.0,2.0,11.762857142857142,46.50156951342029,8.164991100706104,11.834157981163575,2.6497957470516416,0.0018942014021396444,0.00419575754631016,0.002774578391279504,0.9622688142515926,1.1849523036659364,68.2258374597829,1.0908374700963277,1.0094820039943537,0.04446236123216566
True,resolved_oscillation,1.0,12.684671700960779,9.83095238095238,0.0006407729016867499,0.9926886164406008,2.3743203779748976,0.005152760416564281,3.05,6.909952232623681,0.9591834273369543,34,RBS1_mRNA3min,1.0,3.0,12.836666666666668,46.50156951342029,8.164991100706104,11.834157981163575,2.6497957470516416,0.0018942014021396444,0.00419575754631016,0.002774578391279504,0.9622688142515926,1.1849523036659364,68.2258374597829,1.0908374700963277,1.0094820039943537,0.04446236123216566
True,resolved_oscillation,1.0,13.576602681144587,10.522222222222222,0.0008179479083859382,0.994421967665779,2.388035184066799,0.005115742589807454,3.1666666666666665,7.211663849767701,0.9578736522646589,34,RBS1_mRNA4min,1.0,4.0,13.29,46.50156951342029,8.164991100706104,11.834157981163575,2.6497957470516416,0.0018942014021396444,0.00419575754631016,0.002774578391279504,0.9622688142515926,1.1849523036659364,68.2258374597829,1.0908374700963277,1.0094820039943537,0.04446236123216566
True,resolved_oscillation,1.0,9.240548319040911,7.161666666666666,0.001124146826948215,0.9732800984058194,2.120886443702621,0.006041921503649891,2.4166666666666665,4.960911591045071,0.9618137761002069,34,RBS1p2_mRNA1min,1.2,1.0,9.89,46.50156951342029,8.164991100706104,11.834157981163575,2.6497957470516416,0.0018942014021396444,0.00419575754631016,0.002774578391279504,0.9622688142515926,1.1849523036659364,68.2258374597829,1.0908374700963277,1.0094820039943537,0.04446236123216566
True,resolved_oscillation,1.0,10.757701411683072,8.3375,0.0009253574210620205,0.9857719871036769,2.2625223917685764,0.005460913279620244,2.7,5.847408103335877,0.9608390860054961,34,RBS1p2_mRNA1p5min,1.2,1.5,11.325714285714287,46.50156951342029,8.164991100706104,11.834157981163575,2.6497957470516416,0.0018942014021396444,0.00419575754631016,0.002774578391279504,0.9622688142515926,1.1849523036659364,68.2258374597829,1.0908374700963277,1.0094820039943537,0.04446236123216566
True,resolved_oscillation,1.0,11.769188008326651,9.121428571428572,0.0008915818990654831,0.9902571313855376,2.324610466079557,0.005276375962000576,2.8666666666666667,6.379285997135529,0.9600339623571796,34,RBS1p2_mRNA2min,1.2,2.0,12.174285714285713,46.50156951342029,8.164991100706104,11.834157981163575,2.6497957470516416,0.0018942014021396444,0.00419575754631016,0.002774578391279504,0.9622688142515926,1.1849523036659364,68.2258374597829,1.0908374700963277,1.0094820039943537,0.04446236123216566
True,resolved_oscillation,1.0,13.053322852357072,10.116666666666667,0.0,0.9936595476555594,2.363112556602812,0.00517207679534083,3.05,6.887518218607029,0.9584652690663057,34,RBS1p2_mRNA3min,1.2,3.0,12.986666666666668,46.50156951342029,8.164991100706104,11.834157981163575,2.6497957470516416,0.0018942014021396444,0.00419575754631016,0.002774578391279504,0.9622688142515926,1.1849523036659364,68.2258374597829,1.0908374700963277,1.0094820039943537,0.04446236123216566
True,resolved_oscillation,1.0,13.816737945040227,10.708333333333334,0.0008524864708251613,0.9948771752466138,2.3551613271637684,0.00518499395468159,3.1166666666666667,7.007268219835227,0.9566751148030352,34,RBS1p2_mRNA4min,1.2,4.0,13.183333333333332,46.50156951342029,8.164991100706104,11.834157981163575,2.6497957470516416,0.0018942014021396444,0.00419575754631016,0.002774578391279504,0.9622688142515926,1.1849523036659364,68.2258374597829,1.0908374700963277,1.0094820039943537,0.04446236123216566
True,resolved_oscillation,1.0,9.743996081257942,7.551851851851851,0.0007356547327121139,0.9788766004101495,2.1683120474543154,0.005793405637300757,2.5,5.217842670463534,0.9615537680235307,34,RBS1p4_mRNA1min,1.4,1.0,10.402857142857142,46.50156951342029,8.164991100706104,11.834157981163575,2.6497957470516416,0.0018942014021396444,0.00419575754631016,0.002774578391279504,0.9622688142515926,1.1849523036659364,68.2258374597829,1.0908374700963277,1.0094820039943537,0.04446236123216566
True,resolved_oscillation,1.0,11.206995002447304,8.685714285714285,0.0007252607760593724,0.9882161946296424,2.284407757047898,0.0053838086285614055,2.75,6.025879648275746,0.9605123087088625,34,RBS1p4_mRNA1p5min,1.4,1.5,11.722857142857142,46.50156951342029,8.164991100706104,11.834157981163575,2.6497957470516416,0.0018942014021396444,0.00419575754631016,0.002774578391279504,0.9622688142515926,1.1849523036659364,68.2258374597829,1.0908374700963277,1.0094820039943537,0.04446236123216566
True,resolved_oscillation,1.0,12.153711639852506,9.419444444444444,0.0007223502632802059,0.9916477813085965,2.3296809684783524,0.005255486932046534,2.9,6.465267656561284,0.9595924191196737,34,RBS1p4_mRNA2min,1.4,2.0,12.446666666666667,46.50156951342029,8.164991100706104,11.834157981163575,2.6497957470516416,0.0018942014021396444,0.00419575754631016,0.002774578391279504,0.9622688142515926,1.1849523036659364,68.2258374597829,1.0908374700963277,1.0094820039943537,0.04446236123216566
True,resolved_oscillation,1.0,13.30523447247787,10.311904761904762,0.0007886516405725852,0.9942283838603033,2.3431388878333697,0.005213471073030819,3.033333333333333,6.786475550068657,0.9576218519436088,34,RBS1p4_mRNA3min,1.4,3.0,12.99,46.50156951342029,8.164991100706104,11.834157981163575,2.6497957470516416,0.0018942014021396444,0.00419575754631016,0.002774578391279504,0.9622688142515926,1.1849523036659364,68.2258374597829,1.0908374700963277,1.0094820039943537,0.04446236123216566
True,resolved_oscillation,1.0,13.94576584802893,10.808333333333334,0.0008445991634620911,0.9950674192545519,2.3137728503194532,0.005276606824892918,3.033333333333333,6.735178789200882,0.9552073364989895,34,RBS1p4_mRNA4min,1.4,4.0,12.96,46.50156951342029,8.164991100706104,11.834157981163575,2.6497957470516416,0.0018942014021396444,0.00419575754631016,0.002774578391279504,0.9622688142515926,1.1849523036659364,68.2258374597829,1.0908374700963277,1.0094820039943537,0.04446236123216566
True,resolved_oscillation,1.0,7.553213526576265,6.257575757575757,0.001390935265505576,0.9332916234094588,2.688266754519009,0.026556094133902124,2.2,6.015524425414221,0.952154286372977,35,RBS0p6_mRNA1min,0.6,1.0,7.42,49.707921553322244,11.88752718167095,14.285431489899796,2.8962959628537424,0.009974668367062463,0.015896898996157295,0.001736510576963481,0.9258161314900127,1.166612273431656,92.54043704530619,1.0841405475813466,1.0316905690848175,0.03814327086497332
True,resolved_oscillation,1.0,8.985824647436171,7.444444444444445,0.0011194029850746267,0.9684535079736556,2.9086975901754406,0.023632460447924615,2.35,6.856339458000812,0.9542019048308537,35,RBS0p6_mRNA1p5min,0.6,1.5,9.077777777777778,49.707921553322244,11.88752718167095,14.285431489899796,2.8962959628537424,0.009974668367062463,0.015896898996157295,0.001736510576963481,0.9258161314900127,1.166612273431656,92.54043704530619,1.0841405475813466,1.0316905690848175,0.03814327086497332
True,resolved_oscillation,1.0,9.917936308625444,8.216666666666667,0.0,0.9791579240931069,2.954866933517538,0.02315937193806388,2.3833333333333333,7.115579366340905,0.9558061480765013,35,RBS0p6_mRNA2min,0.6,2.0,10.248571428571427,49.707921553322244,11.88752718167095,14.285431489899796,2.8962959628537424,0.009974668367062463,0.015896898996157295,0.001736510576963481,0.9258161314900127,1.166612273431656,92.54043704530619,1.0841405475813466,1.0316905690848175,0.03814327086497332
True,resolved_oscillation,1.0,10.995660480093003,9.10952380952381,0.000977955406893346,0.9867092784388688,2.855201134538338,0.023930446005523957,2.308333333333333,6.731219822715404,0.9589232392495789,35,RBS0p6_mRNA3min,0.6,3.0,11.794285714285714,49.707921553322244,11.88752718167095,14.285431489899796,2.8962959628537424,0.009974668367062463,0.015896898996157295,0.001736510576963481,0.9258161314900127,1.166612273431656,92.54043704530619,1.0841405475813466,1.0316905690848175,0.03814327086497332
True,resolved_oscillation,1.0,11.558950980380045,9.576190476190476,0.0009302977092923773,0.9894320672865894,2.6457832329093063,0.025817083864852063,2.1333333333333333,5.87537301820365,0.9622679992936941,35,RBS0p6_mRNA4min,0.6,4.0,12.76,49.707921553322244,11.88752718167095,14.285431489899796,2.8962959628537424,0.009974668367062463,0.015896898996157295,0.001736510576963481,0.9258161314900127,1.166612273431656,92.54043704530619,1.0841405475813466,1.0316905690848175,0.03814327086497332
True,resolved_oscillation,1.0,8.421192979291302,6.9766666666666675,0.001233630624687822,0.960362462989925,2.81433999872133,0.02454286776145356,2.25,6.405431975678322,0.9537567823210665,35,RBS0p8_mRNA1min,0.8,1.0,8.448,49.707921553322244,11.88752718167095,14.285431489899796,2.8962959628537424,0.009974668367062463,0.015896898996157295,0.001736510576963481,0.9258161314900127,1.166612273431656,92.54043704530619,1.0841405475813466,1.0316905690848175,0.03814327086497332
True,resolved_oscillation,1.0,9.72179050941835,8.054166666666667,0.0009579100877108654,0.9784051044498726,2.901269427981004,0.02358883050433943,2.325,6.81166643967292,0.9560796777275924,35,RBS0p8_mRNA1p5min,0.8,1.5,10.075,49.707921553322244,11.88752718167095,14.285431489899796,2.8962959628537424,0.009974668367062463,0.015896898996157295,0.001736510576963481,0.9258161314900127,1.166612273431656,92.54043704530619,1.0841405475813466,1.0316905690848175,0.03814327086497332
True,resolved_oscillation,1.0,10.478352877788575,8.680952380952382,0.0007256586152124494,0.9844821218673822,2.844444634768713,0.02402711821821594,2.283333333333333,6.600964684887981,0.958273507732531,35,RBS0p8_mRNA2min,0.8,2.0,11.154285714285711,49.707921553322244,11.88752718167095,14.285431489899796,2.8962959628537424,0.009974668367062463,0.015896898996157295,0.001736510576963481,0.9258161314900127,1.166612273431656,92.54043704530619,1.0841405475813466,1.0316905690848175,0.03814327086497332
True,resolved_oscillation,1.0,11.234196763377822,9.307142857142857,0.0009571904289521467,0.9888759342197387,2.5623841938959853,0.026657371595836987,2.033333333333333,5.484298431077784,0.9630010794771983,35,RBS0p8_mRNA3min,0.8,3.0,12.476666666666668,49.707921553322244,11.88752718167095,14.285431489899796,2.8962959628537424,0.009974668367062463,0.015896898996157295,0.001736510576963481,0.9258161314900127,1.166612273431656,92.54043704530619,1.0841405475813466,1.0316905690848175,0.03814327086497332
True,resolved_oscillation,1.0,11.533085600264826,9.554761904761905,0.0008511463382307167,0.9902206089240848,2.1788961405118132,0.03134521691759047,1.75,4.211138515737621,0.9682787484423897,35,RBS0p8_mRNA4min,0.8,4.0,13.19,49.707921553322244,11.88752718167095,14.285431489899796,2.8962959628537424,0.009974668367062463,0.015896898996157295,0.001736510576963481,0.9258161314900127,1.166612273431656,92.54043704530619,1.0841405475813466,1.0316905690848175,0.03814327086497332
True,resolved_oscillation,1.0,9.052883040327485,7.5,0.0,0.9716295175043557,2.852681741864498,0.024046620936989355,2.283333333333333,6.543582501127466,0.9551044364198438,35,RBS1_mRNA1min,1.0,1.0,9.253333333333334,49.707921553322244,11.88752718167095,14.285431489899796,2.8962959628537424,0.009974668367062463,0.015896898996157295,0.001736510576963481,0.9258161314900127,1.166612273431656,92.54043704530619,1.0841405475813466,1.0316905690848175,0.03814327086497332
True,resolved_oscillation,1.0,10.182337972025486,8.435714285714287,0.0007467545331822157,0.9829807998199678,2.8279771371857683,0.024172045822256644,2.25,6.482801838932949,0.9579642872709809,35,RBS1_mRNA1p5min,1.0,1.5,10.794285714285714,49.707921553322244,11.88752718167095,14.285431489899796,2.8962959628537424,0.009974668367062463,0.015896898996157295,0.001736510576963481,0.9258161314900127,1.166612273431656,92.54043704530619,1.0841405475813466,1.0316905690848175,0.03814327086497332
True,resolved_oscillation,1.0,10.76287205905601,8.916666666666666,0.0,0.9869499892766452,2.6749666501560645,0.02553954216640639,2.1166666666666667,5.869344890132488,0.9609404240624199,35,RBS1_mRNA2min,1.0,2.0,11.762857142857142,49.707921553322244,11.88752718167095,14.285431489899796,2.8962959628537424,0.009974668367062463,0.015896898996157295,0.001736510576963481,0.9258161314900127,1.166612273431656,92.54043704530619,1.0841405475813466,1.0316905690848175,0.03814327086497332
True,resolved_oscillation,1.0,11.228448901129994,9.302380952380952,0.0006771823166277426,0.9895782337595392,2.2111722923479027,0.030888230594170923,1.7666666666666666,4.265398053210391,0.9676046543210516,35,RBS1_mRNA3min,1.0,3.0,12.836666666666668,49.707921553322244,11.88752718167095,14.285431489899796,2.8962959628537424,0.009974668367062463,0.015896898996157295,0.001736510576963481,0.9258161314900127,1.166612273431656,92.54043704530619,1.0841405475813466,1.0316905690848175,0.03814327086497332
True,resolved_oscillation,1.0,11.260062143493043,9.328571428571427,0.0008717841386727582,0.9895358114838165,1.6481550038952604,0.04143650292446562,1.4166666666666667,2.8220602160298314,0.9752215599931799,35,RBS1_mRNA4min,1.0,4.0,13.29,49.707921553322244,11.88752718167095,14.285431489899796,2.8962959628537424,0.009974668367062463,0.015896898996157295,0.001736510576963481,0.9258161314900127,1.166612273431656,92.54043704530619,1.0841405475813466,1.0316905690848175,0.03814327086497332
True,resolved_oscillation,1.0,9.513071261544132,7.88125,0.0007476677570040154,0.9775508954483204,2.8424206535793823,0.02407917485965233,2.25,6.496776756070562,0.9563845388328338,35,RBS1p2_mRNA1min,1.2,1.0,9.89,49.707921553322244,11.88752718167095,14.285431489899796,2.8962959628537424,0.009974668367062463,0.015896898996157295,0.001736510576963481,0.9258161314900127,1.166612273431656,92.54043704530619,1.0841405475813466,1.0316905690848175,0.03814327086497332
True,resolved_oscillation,1.0,10.463983222169007,8.66904761904762,0.0007266551252580584,0.9854686625752734,2.715105068064949,0.02516592062478978,2.1416666666666666,5.998718376251983,0.9599493661206433,35,RBS1p2_mRNA1p5min,1.2,1.5,11.325714285714287,49.707921553322244,11.88752718167095,14.285431489899796,2.8962959628537424,0.009974668367062463,0.015896898996157295,0.001736510576963481,0.9258161314900127,1.166612273431656,92.54043704530619,1.0841405475813466,1.0316905690848175,0.03814327086497332
True,resolved_oscillation,1.0,10.88645109738429,9.019047619047619,0.000698455995529195,0.9881956585751076,2.467502424829389,0.027682464124239994,1.9416666666666667,5.072130748963041,0.9638455871771341,35,RBS1p2_mRNA2min,1.2,2.0,12.174285714285713,49.707921553322244,11.88752718167095,14.285431489899796,2.8962959628537424,0.009974668367062463,0.015896898996157295,0.001736510576963481,0.9258161314900127,1.166612273431656,92.54043704530619,1.0841405475813466,1.0316905690848175,0.03814327086497332
True,resolved_oscillation,1.0,11.062120137333501,9.164583333333333,0.0006429704761869039,0.9893407761618442,1.8208291653189062,0.03750780271765476,1.5,3.1873838433225017,0.9727253607616426,35,RBS1p2_mRNA3min,1.2,3.0,12.986666666666668,49.707921553322244,11.88752718167095,14.285431489899796,2.8962959628537424,0.009974668367062463,0.015896898996157295,0.001736510576963481,0.9258161314900127,1.166612273431656,92.54043704530619,1.0841405475813466,1.0316905690848175,0.03814327086497332
True,resolved_oscillation,1.0,10.717607643854373,8.879166666666666,0.0008689067102511042,0.9863419978009504,1.07380229546198,0.06359767272352615,1.125,1.74280331602715,0.9831653571412012,35,RBS1p2_mRNA4min,1.2,4.0,13.183333333333332,49.707921553322244,11.88752718167095,14.285431489899796,2.8962959628537424,0.009974668367062463,0.015896898996157295,0.001736510576963481,0.9258161314900127,1.166612273431656,92.54043704530619,1.0841405475813466,1.0316905690848175,0.03814327086497332
True,resolved_oscillation,1.0,9.850039685822988,8.160416666666666,0.0010570317477799657,0.9810942759243803,2.8014631546506723,0.02440814264149794,2.216666666666667,6.319879381989708,0.9576669329576167,35,RBS1p4_mRNA1min,1.4,1.0,10.402857142857142,49.707921553322244,11.88752718167095,14.285431489899796,2.8962959628537424,0.009974668367062463,0.015896898996157295,0.001736510576963481,0.9258161314900127,1.166612273431656,92.54043704530619,1.0841405475813466,1.0316905690848175,0.03814327086497332
True,resolved_oscillation,1.0,10.624923365108161,8.802380952380952,0.00071564817718815,0.9869285243813879,2.5749724566939665,0.026530074604006283,2.025,5.440497915752373,0.9620664467847925,35,RBS1p4_mRNA1p5min,1.4,1.5,11.722857142857142,49.707921553322244,11.88752718167095,14.285431489899796,2.8962959628537424,0.009974668367062463,0.015896898996157295,0.001736510576963481,0.9258161314900127,1.166612273431656,92.54043704530619,1.0841405475813466,1.0316905690848175,0.03814327086497332
True,resolved_oscillation,1.0,10.896150614927498,9.027083333333334,0.000955548893619692,0.988754438443523,2.232943858121096,0.030587837529608343,1.7666666666666666,4.2870821763826275,0.9669929262795185,35,RBS1p4_mRNA2min,1.4,2.0,12.446666666666667,49.707921553322244,11.88752718167095,14.285431489899796,2.8962959628537424,0.009974668367062463,0.015896898996157295,0.001736510576963481,0.9258161314900127,1.166612273431656,92.54043704530619,1.0841405475813466,1.0316905690848175,0.03814327086497332
True,resolved_oscillation,1.0,10.74526923092204,8.902083333333334,0.0006619300549370911,0.9879880950177359,1.4039743880646278,0.04864242344751412,1.2666666666666666,2.2803541094799025,0.9783595669345982,35,RBS1p4_mRNA3min,1.4,3.0,12.99,49.707921553322244,11.88752718167095,14.285431489899796,2.8962959628537424,0.009974668367062463,0.015896898996157295,0.001736510576963481,0.9258161314900127,1.166612273431656,92.54043704530619,1.0841405475813466,1.0316905690848175,0.03814327086497332
True,resolved_oscillation,1.0,9.616173540614529,7.966666666666667,0.0018117686271640974,0.97106689053381,0.492563059468871,0.13866021145070223,0.9333333333333333,0.9603008843224714,0.9918733636731499,35,RBS1p4_mRNA4min,1.4,4.0,12.96,49.707921553322244,11.88752718167095,14.285431489899796,2.8962959628537424,0.009974668367062463,0.015896898996157295,0.001736510576963481,0.9258161314900127,1.166612273431656,92.54043704530619,1.0841405475813466,1.0316905690848175,0.03814327086497332
True,resolved_oscillation,1.0,8.40685031840686,7.198148148148149,0.0007718034473887317,0.9454755114236749,2.3499889633674407,0.011565790518384411,2.566666666666667,5.879863038153721,0.9953869481994541,36,RBS0p6_mRNA1min,0.6,1.0,7.42,51.37344814421937,11.646906572601054,12.601324208865073,3.444990044936355,0.017346059955652728,0.00856081372247801,0.00390605627717055,0.9289593050906246,0.9672481610365927,65.78790638310373,0.9182662477006444,0.9036770661354956,0.0043547577478523425
True,resolved_oscillation,1.0,10.121960249586854,8.666666666666666,0.0,0.9729406509931969,2.5023218543638133,0.010713112212325106,2.95,7.093978991698096,0.9956544590538773,36,RBS0p6_mRNA1p5min,0.6,1.5,9.077777777777778,51.37344814421937,11.646906572601054,12.601324208865073,3.444990044936355,0.017346059955652728,0.00856081372247801,0.00390605627717055,0.9289593050906246,0.9672481610365927,65.78790638310373,0.9182662477006444,0.9036770661354956,0.0043547577478523425
True,resolved_oscillation,1.0,11.25372888188956,9.635714285714284,0.000653756192504223,0.9816645048542174,2.5310892262561446,0.010577042685980654,3.1666666666666665,7.707530448308357,0.9958247429620324,36,RBS0p6_mRNA2min,0.6,2.0,10.248571428571427,51.37344814421937,11.646906572601054,12.601324208865073,3.444990044936355,0.017346059955652728,0.00856081372247801,0.00390605627717055,0.9289593050906246,0.9672481610365927,65.78790638310373,0.9182662477006444,0.9036770661354956,0.0043547577478523425
True,resolved_oscillation,1.0,12.639473439868715,10.822222222222223,0.0007952737877222622,0.9879630439442686,2.470430414884898,0.010832298560374258,3.3666666666666667,7.988908046242486,0.9960800191994055,36,RBS0p6_mRNA3min,0.6,3.0,11.794285714285714,51.37344814421937,11.646906572601054,12.601324208865073,3.444990044936355,0.017346059955652728,0.00856081372247801,0.00390605627717055,0.9289593050906246,0.9672481610365927,65.78790638310373,0.9182662477006444,0.9036770661354956,0.0043547577478523425
True,resolved_oscillation,1.0,13.388238960895842,11.463333333333333,0.000650208775079904,0.9902029359494725,2.347312475519305,0.011399716401627734,3.35,7.603214951361893,0.9963078586908679,36,RBS0p6_mRNA4min,0.6,4.0,12.76,51.37344814421937,11.646906572601054,12.601324208865073,3.444990044936355,0.017346059955652728,0.00856081372247801,0.00390605627717055,0.9289593050906246,0.9672481610365927,65.78790638310373,0.9182662477006444,0.9036770661354956,0.0043547577478523425
True,resolved_oscillation,1.0,9.52340202328917,8.154166666666667,0.000946162595577467,0.9669496452291582,2.4528187911760586,0.010945820643447466,2.7916666666666665,6.615461023453802,0.9955548258476887,36,RBS0p8_mRNA1min,0.8,1.0,8.448,51.37344814421937,11.646906572601054,12.601324208865073,3.444990044936355,0.017346059955652728,0.00856081372247801,0.00390605627717055,0.9289593050906246,0.9672481610365927,65.78790638310373,0.9182662477006444,0.9036770661354956,0.0043547577478523425
True,resolved_oscillation,1.0,11.114690966373258,9.516666666666667,0.0,0.9813504205343518,2.512502260288157,0.010655394483232184,3.1166666666666667,7.512945181875135,0.995804963430827,36,RBS0p8_mRNA1p5min,0.8,1.5,10.075,51.37344814421937,11.646906572601054,12.601324208865073,3.444990044936355,0.017346059955652728,0.00856081372247801,0.00390605627717055,0.9289593050906246,0.9672481610365927,65.78790638310373,0.9182662477006444,0.9036770661354956,0.0043547577478523425
True,resolved_oscillation,1.0,12.09768902907352,10.358333333333333,0.0008812913234194145,0.9863581304671896,2.481277168720767,0.010785602820611284,3.25,7.767186596375641,0.9959854071641182,36,RBS0p8_mRNA2min,0.8,2.0,11.154285714285711,51.37344814421937,11.646906572601054,12.601324208865073,3.444990044936355,0.017346059955652728,0.00856081372247801,0.00390605627717055,0.9289593050906246,0.9672481610365927,65.78790638310373,0.9182662477006444,0.9036770661354956,0.0043547577478523425
True,resolved_oscillation,1.0,13.152059888405482,11.261111111111111,0.0007642789040369842,0.9899892827918007,2.3236002641669966,0.011516060653126377,3.25,7.325244855426035,0.996299520035092,36,RBS0p8_mRNA3min,0.8,3.0,12.476666666666668,51.37344814421937,11.646906572601054,12.601324208865073,3.444990044936355,0.017346059955652728,0.00856081372247801,0.00390605627717055,0.9289593050906246,0.9672481610365927,65.78790638310373,0.9182662477006444,0.9036770661354956,0.0043547577478523425
True,resolved_oscillation,1.0,13.543961426274102,11.596666666666666,0.0006427329627765996,0.990950665688017,2.109621414941735,0.012683855257115031,3.066666666666667,6.32692186868768,0.9966125714527553,36,RBS0p8_mRNA4min,0.8,4.0,13.19,51.37344814421937,11.646906572601054,12.601324208865073,3.444990044936355,0.017346059955652728,0.00856081372247801,0.00390605627717055,0.9289593050906246,0.9672481610365927,65.78790638310373,0.9182662477006444,0.9036770661354956,0.0043547577478523425
True,resolved_oscillation,1.0,10.34442091441294,8.857142857142858,0.001005821878165038,0.9761094847469219,2.489068721111386,0.010762767244254486,2.95,7.063640976481207,0.9956794520844106,36,RBS1_mRNA1min,1.0,1.0,9.253333333333334,51.37344814421937,11.646906572601054,12.601324208865073,3.444990044936355,0.017346059955652728,0.00856081372247801,0.00390605627717055,0.9289593050906246,0.9672481610365927,65.78790638310373,0.9182662477006444,0.9036770661354956,0.0043547577478523425
True,resolved_oscillation,1.0,11.787634477472164,10.092857142857143,0.0008826745427633738,0.9852960002775252,2.481326766665669,0.010785920754903583,3.183333333333333,7.609587288012949,0.9959320246263447,36,RBS1_mRNA1p5min,1.0,1.5,10.794285714285714,51.37344814421937,11.646906572601054,12.601324208865073,3.444990044936355,0.017346059955652728,0.00856081372247801,0.00390605627717055,0.9289593050906246,0.9672481610365927,65.78790638310373,0.9182662477006444,0.9036770661354956,0.0043547577478523425
True,resolved_oscillation,1.0,12.61027547761029,10.797222222222222,0.0006301748759411314,0.988584584038961,2.398890000813665,0.011155008305091217,3.2416666666666667,7.498541216757569,0.9961365853735621,36,RBS1_mRNA2min,1.0,2.0,11.762857142857142,51.37344814421937,11.646906572601054,12.601324208865073,3.444990044936355,0.017346059955652728,0.00856081372247801,0.00390605627717055,0.9289593050906246,0.9672481610365927,65.78790638310373,0.9182662477006444,0.9036770661354956,0.0043547577478523425
True,resolved_oscillation,1.0,13.311026571812457,11.397222222222222,0.0005969996935859561,0.9906856703518335,2.1471454419468596,0.012462231870100138,3.066666666666667,6.408828199045943,0.9965304485532517,36,RBS1_mRNA3min,1.0,3.0,12.836666666666668,51.37344814421937,11.646906572601054,12.601324208865073,3.444990044936355,0.017346059955652728,0.00856081372247801,0.00390605627717055,0.9289593050906246,0.9672481610365927,65.78790638310373,0.9182662477006444,0.9036770661354956,0.0043547577478523425
True,resolved_oscillation,1.0,13.353201406185736,11.433333333333334,0.0,0.9905057804138325,1.8424116236988115,0.014523347708266663,2.7333333333333334,4.998802040148883,0.9969449775521788,36,RBS1_mRNA4min,1.0,4.0,13.29,51.37344814421937,11.646906572601054,12.601324208865073,3.444990044936355,0.017346059955652728,0.00856081372247801,0.00390605627717055,0.9289593050906246,0.9672481610365927,65.78790638310373,0.9182662477006444,0.9036770661354956,0.0043547577478523425
True,resolved_oscillation,1.0,10.964530017615651,9.38809523809524,0.000866256722120179,0.9810088009993254,2.492316369387835,0.01074181242029501,3.05,7.3109680667859465,0.9957819946911808,36,RBS1p2_mRNA1min,1.2,1.0,9.89,51.37344814421937,11.646906572601054,12.601324208865073,3.444990044936355,0.017346059955652728,0.00856081372247801,0.00390605627717055,0.9289593050906246,0.9672481610365927,65.78790638310373,0.9182662477006444,0.9036770661354956,0.0043547577478523425
True,resolved_oscillation,1.0,12.253411494451779,10.491666666666667,0.0008700914336857285,0.9874845347431096,2.427908177024017,0.011022067574230835,3.2,7.494260976005289,0.9960499113279249,36,RBS1p2_mRNA1p5min,1.2,1.5,11.325714285714287,51.37344814421937,11.646906572601054,12.601324208865073,3.444990044936355,0.017346059955652728,0.00856081372247801,0.00390605627717055,0.9289593050906246,0.9672481610365927,65.78790638310373,0.9182662477006444,0.9036770661354956,0.0043547577478523425
True,resolved_oscillation,1.0,12.90549931822324,11.05,0.0,0.9897452181957582,2.2967916826220134,0.011650490661734212,3.1666666666666665,7.032166100514394,0.9962882632685985,36,RBS1p2_mRNA2min,1.2,2.0,12.174285714285713,51.37344814421937,11.646906572601054,12.601324208865073,3.444990044936355,0.017346059955652728,0.00856081372247801,0.00390605627717055,0.9289593050906246,0.9672481610365927,65.78790638310373,0.9182662477006444,0.9036770661354956,0.0043547577478523425
True,resolved_oscillation,1.0,13.24289799320947,11.33888888888889,0.0007590364225786217,0.9906240293555364,1.9509680720789244,0.013715263668956526,2.816666666666667,5.42387745092393,0.9967767661944078,36,RBS1p2_mRNA3min,1.2,3.0,12.986666666666668,51.37344814421937,11.646906572601054,12.601324208865073,3.444990044936355,0.017346059955652728,0.00856081372247801,0.00390605627717055,0.9289593050906246,0.9672481610365927,65.78790638310373,0.9182662477006444,0.9036770661354956,0.0043547577478523425
True,resolved_oscillation,1.0,12.957406806682659,11.094444444444443,0.0007757603097060426,0.9890292182845815,1.5587134593960885,0.01716672039597391,2.4,3.7953716958937926,0.9973047584176735,36,RBS1p2_mRNA4min,1.2,4.0,13.183333333333332,51.37344814421937,11.646906572601054,12.601324208865073,3.444990044936355,0.017346059955652728,0.00856081372247801,0.00390605627717055,0.9289593050906246,0.9672481610365927,65.78790638310373,0.9182662477006444,0.9036770661354956,0.0043547577478523425
True,resolved_oscillation,1.0,11.448381963612384,9.802380952380952,0.0006426405904941925,0.9839863174656938,2.476532250859838,0.010807575872966123,3.1083333333333334,7.413627503169365,0.9958724661761252,36,RBS1p4_mRNA1min,1.4,1.0,10.402857142857142,51.37344814421937,11.646906572601054,12.601324208865073,3.444990044936355,0.017346059955652728,0.00856081372247801,0.00390605627717055,0.9289593050906246,0.9672481610365927,65.78790638310373,0.9182662477006444,0.9036770661354956,0.0043547577478523425
True,resolved_oscillation,1.0,12.571344861265725,10.76388888888889,0.0006321263852343685,0.988800623143388,2.3601450983417744,0.011338015885184904,3.1666666666666665,7.235668058541105,0.9961652109924242,36,RBS1p4_mRNA1p5min,1.4,1.5,11.722857142857142,51.37344814421937,11.646906572601054,12.601324208865073,3.444990044936355,0.017346059955652728,0.00856081372247801,0.00390605627717055,0.9289593050906246,0.9672481610365927,65.78790638310373,0.9182662477006444,0.9036770661354956,0.0043547577478523425
True,resolved_oscillation,1.0,13.038512257400503,11.16388888888889,0.0006094774179604822,0.9903166018825044,2.1808294382094617,0.012269805913053941,3.033333333333333,6.453836530617252,0.9964444830484638,36,RBS1p4_mRNA2min,1.4,2.0,12.446666666666667,51.37344814421937,11.646906572601054,12.601324208865073,3.444990044936355,0.017346059955652728,0.00856081372247801,0.00390605627717055,0.9289593050906246,0.9672481610365927,65.78790638310373,0.9182662477006444,0.9036770661354956,0.0043547577478523425
True,resolved_oscillation,1.0,13.022291167256935,11.15,0.0,0.9899531569113612,1.741527284949308,0.015364665928180846,2.566666666666667,4.472382255280638,0.9970393376646713,36,RBS1p4_mRNA3min,1.4,3.0,12.99,51.37344814421937,11.646906572601054,12.601324208865073,3.444990044936355,0.017346059955652728,0.00856081372247801,0.00390605627717055,0.9289593050906246,0.9672481610365927,65.78790638310373,0.9182662477006444,0.9036770661354956,0.0043547577478523425
True,resolved_oscillation,1.0,12.422110831944892,10.636111111111111,0.0006397204864933869,0.986303250295021,1.2694603017790487,0.021078396262658453,2.0833333333333335,2.7779645890952764,0.9976899576347866,36,RBS1p4_mRNA4min,1.4,4.0,12.96,51.37344814421937,11.646906572601054,12.601324208865073,3.444990044936355,0.017346059955652728,0.00856081372247801,0.00390605627717055,0.9289593050906246,0.9672481610365927,65.78790638310373,0.9182662477006444,0.9036770661354956,0.0043547577478523425
True,resolved_oscillation,1.0,8.084839337827884,6.577272727272727,0.0012784553720812354,0.9462530441437912,1.7648057909604131,0.005439025608066313,2.575,4.36722770128915,0.842916301322663,37,RBS0p6_mRNA1min,0.6,1.0,7.42,48.811899302675414,10.266757604179597,13.560543070806983,3.006959709145945,0.002952860253109106,0.003014099422145681,0.0017838320590110182,1.0426638089657874,1.1009185212703847,69.77749670476163,0.9797651103517895,0.8424998294731181,0.1654998124636177
True,resolved_oscillation,1.0,9.795254985576717,7.96875,0.0007394580718290694,0.9756266308122055,1.946275182865503,0.004344706787461854,2.95,5.4362093423108275,0.8467443084527595,37,RBS0p6_mRNA1p5min,0.6,1.5,9.077777777777778,48.811899302675414,10.266757604179597,13.560543070806983,3.006959709145945,0.002952860253109106,0.003014099422145681,0.0017838320590110182,1.0426638089657874,1.1009185212703847,69.77749670476163,0.9797651103517895,0.8424998294731181,0.1654998124636177
True,resolved_oscillation,1.0,11.0160492297175,8.96190476190476,0.0009074522463655331,0.9849695705154689,2.0311580525394826,0.004095396786790429,3.2333333333333334,6.195832706651611,0.848074326569537,37,RBS0p6_mRNA2min,0.6,2.0,10.248571428571427,48.811899302675414,10.266757604179597,13.560543070806983,3.006959709145945,0.002952860253109106,0.003014099422145681,0.0017838320590110182,1.0426638089657874,1.1009185212703847,69.77749670476163,0.9797651103517895,0.8424998294731181,0.1654998124636177
True,resolved_oscillation,1.0,12.71206424794845,10.341666666666667,0.0008827116156408801,0.9917482349231805,2.104460686192478,0.0039299067519768804,3.6166666666666667,7.187450525891355,0.8485867710509682,37,RBS0p6_mRNA3min,0.6,3.0,11.794285714285714,48.811899302675414,10.266757604179597,13.560543070806983,3.006959709145945,0.002952860253109106,0.003014099422145681,0.0017838320590110182,1.0426638089657874,1.1009185212703847,69.77749670476163,0.9797651103517895,0.8424998294731181,0.1654998124636177
True,resolved_oscillation,1.0,13.893470165163105,11.302777777777777,0.000601988140276033,0.9943143539170078,2.130778580321844,0.0038772697875771186,3.8916666666666666,7.803691075207146,0.8480301553671898,37,RBS0p6_mRNA4min,0.6,4.0,12.76,48.811899302675414,10.266757604179597,13.560543070806983,3.006959709145945,0.002952860253109106,0.003014099422145681,0.0017838320590110182,1.0426638089657874,1.1009185212703847,69.77749670476163,0.9797651103517895,0.8424998294731181,0.1654998124636177
True,resolved_oscillation,1.0,9.15305046843956,7.446296296296296,0.0009869751222573702,0.9689331134659076,1.88125158245061,0.004571686569247856,2.775,4.971558282515226,0.8454098268627538,37,RBS0p8_mRNA1min,0.8,1.0,8.448,48.811899302675414,10.266757604179597,13.560543070806983,3.006959709145945,0.002952860253109106,0.003014099422145681,0.0017838320590110182,1.0426638089657874,1.1009185212703847,69.77749670476163,0.9797651103517895,0.8424998294731181,0.1654998124636177
True,resolved_oscillation,1.0,10.846301393552885,8.823809523809524,0.001009621529080934,0.9845075323865815,2.013064645681989,0.004133006610886257,3.15,6.01130478437222,0.847595180404983,37,RBS0p8_mRNA1p5min,0.8,1.5,10.075,48.811899302675414,10.266757604179597,13.560543070806983,3.006959709145945,0.002952860253109106,0.003014099422145681,0.0017838320590110182,1.0426638089657874,1.1009185212703847,69.77749670476163,0.9797651103517895,0.8424998294731181,0.1654998124636177
True,resolved_oscillation,1.0,12.019902812553074,9.778571428571428,0.0008316655114000162,0.98994104865962,2.070856824185284,0.003997433417865171,3.425,6.695871960685376,0.8480754393967712,37,RBS0p8_mRNA2min,0.8,2.0,11.154285714285711,48.811899302675414,10.266757604179597,13.560543070806983,3.006959709145945,0.002952860253109106,0.003014099422145681,0.0017838320590110182,1.0426638089657874,1.1009185212703847,69.77749670476163,0.9797651103517895,0.8424998294731181,0.1654998124636177
True,resolved_oscillation,1.0,13.620312727656827,11.080555555555556,0.0006140611037310549,0.9940968415391143,2.1139510170986178,0.00390818341676196,3.783333333333333,7.528004900608868,0.847347736048737,37,RBS0p8_mRNA3min,0.8,3.0,12.476666666666668,48.811899302675414,10.266757604179597,13.560543070806983,3.006959709145945,0.002952860253109106,0.003014099422145681,0.0017838320590110182,1.0426638089657874,1.1009185212703847,69.77749670476163,0.9797651103517895,0.8424998294731181,0.1654998124636177
True,resolved_oscillation,1.0,14.705430648150518,11.963333333333333,0.0006230337078572835,0.995722798952291,2.1208087246178193,0.003893981715835442,4.0,7.982478520779038,0.8455887961902335,37,RBS0p8_mRNA4min,0.8,4.0,13.19,48.811899302675414,10.266757604179597,13.560543070806983,3.006959709145945,0.002952860253109106,0.003014099422145681,0.0017838320590110182,1.0426638089657874,1.1009185212703847,69.77749670476163,0.9797651103517895,0.8424998294731181,0.1654998124636177
True,resolved_oscillation,1.0,9.99244051077656,8.129166666666666,0.0009490723729088175,0.9787251456785121,1.9497234984866976,0.004303419835735467,2.95,5.446513847845496,0.8465430175057039,37,RBS1_mRNA1min,1.0,1.0,9.253333333333334,48.811899302675414,10.266757604179597,13.560543070806983,3.006959709145945,0.002952860253109106,0.003014099422145681,0.0017838320590110182,1.0426638089657874,1.1009185212703847,69.77749670476163,0.9797651103517895,0.8424998294731181,0.1654998124636177
True,resolved_oscillation,1.0,11.639433524597901,9.469047619047618,0.0006652630905367338,0.9887323996564623,2.048710347018009,0.004043665950013141,3.316666666666667,6.417348505332979,0.8477046633503148,37,RBS1_mRNA1p5min,1.0,1.5,10.794285714285714,48.811899302675414,10.266757604179597,13.560543070806983,3.006959709145945,0.002952860253109106,0.003014099422145681,0.0017838320590110182,1.0426638089657874,1.1009185212703847,69.77749670476163,0.9797651103517895,0.8424998294731181,0.1654998124636177
True,resolved_oscillation,1.0,12.763281267480878,10.383333333333333,0.0,0.9924090442242397,2.0883855324299776,0.00395829199521437,3.566666666666667,7.02145272606585,0.8474952568989453,37,RBS1_mRNA2min,1.0,2.0,11.762857142857142,48.811899302675414,10.266757604179597,13.560543070806983,3.006959709145945,0.002952860253109106,0.003014099422145681,0.0017838320590110182,1.0426638089657874,1.1009185212703847,69.77749670476163,0.9797651103517895,0.8424998294731181,0.1654998124636177
True,resolved_oscillation,1.0,14.267012960952941,11.606666666666666,0.0007865056828046614,0.9952996804908237,2.108939679898618,0.003916141731896728,3.8666666666666667,7.6906790253129,0.8454789267081548,37,RBS1_mRNA3min,1.0,3.0,12.836666666666668,48.811899302675414,10.266757604179597,13.560543070806983,3.006959709145945,0.002952860253109106,0.003014099422145681,0.0017838320590110182,1.0426638089657874,1.1009185212703847,69.77749670476163,0.9797651103517895,0.8424998294731181,0.1654998124636177
True,resolved_oscillation,1.0,15.250379735975546,12.406666666666666,0.0007357906468366016,0.9964407470850881,2.098565806091734,0.00393468546928034,4.033333333333333,7.9747143482012826,0.8422163411651638,37,RBS1_mRNA4min,1.0,4.0,13.29,48.811899302675414,10.266757604179597,13.560543070806983,3.006959709145945,0.002952860253109106,0.003014099422145681,0.0017838320590110182,1.0426638089657874,1.1009185212703847,69.77749670476163,0.9797651103517895,0.8424998294731181,0.1654998124636177
True,resolved_oscillation,1.0,10.664846810066571,8.676190476190476,0.0010267995024077776,0.9839972696395901,1.9930124082959928,0.004175508218672249,3.0833333333333335,5.817930087498545,0.8470583946916518,37,RBS1p2_mRNA1min,1.2,1.0,9.89,48.811899302675414,10.266757604179597,13.560543070806983,3.006959709145945,0.002952860253109106,0.003014099422145681,0.0017838320590110182,1.0426638089657874,1.1009185212703847,69.77749670476163,0.9797651103517895,0.8424998294731181,0.1654998124636177
True,resolved_oscillation,1.0,12.259891132647878,9.973809523809525,0.0008932101663341946,0.9911387309004851,2.0684324848986564,0.003998712025906811,3.441666666666667,6.710375959407188,0.8474094541918842,37,RBS1p2_mRNA1p5min,1.2,1.5,11.325714285714287,48.811899302675414,10.266757604179597,13.560543070806983,3.006959709145945,0.002952860253109106,0.003014099422145681,0.0017838320590110182,1.0426638089657874,1.1009185212703847,69.77749670476163,0.9797651103517895,0.8424998294731181,0.1654998124636177
True,resolved_oscillation,1.0,13.336911886244062,10.85,0.0,0.9938474359974734,2.0943137218129597,0.003944887135797723,3.6666666666666665,7.23303629349805,0.8465351264861883,37,RBS1p2_mRNA2min,1.2,2.0,12.174285714285713,48.811899302675414,10.266757604179597,13.560543070806983,3.006959709145945,0.002952860253109106,0.003014099422145681,0.0017838320590110182,1.0426638089657874,1.1009185212703847,69.77749670476163,0.9797651103517895,0.8424998294731181,0.1654998124636177
True,resolved_oscillation,1.0,14.738209540651273,11.99,0.0007613602411803811,0.9960054519761461,2.0953718905481216,0.003940904830092929,3.9166666666666665,7.734103200240243,0.8430307980161053,37,RBS1p2_mRNA3min,1.2,3.0,12.986666666666668,48.811899302675414,10.266757604179597,13.560543070806983,3.006959709145945,0.002952860253109106,0.003014099422145681,0.0017838320590110182,1.0426638089657874,1.1009185212703847,69.77749670476163,0.9797651103517895,0.8424998294731181,0.1654998124636177
True,resolved_oscillation,1.0,15.615044915046429,12.703333333333335,0.0005867404821568589,0.9968475163217276,2.067934407418617,0.003992649410162817,4.016666666666667,7.840490599839423,0.8378638479516359,37,RBS1p2_mRNA4min,1.2,4.0,13.183333333333332,48.811899302675414,10.266757604179597,13.560543070806983,3.006959709145945,0.002952860253109106,0.003014099422145681,0.0017838320590110182,1.0426638089657874,1.1009185212703847,69.77749670476163,0.9797651103517895,0.8424998294731181,0.1654998124636177
True,resolved_oscillation,1.0,11.223843994677635,9.130952380952381,0.0006898960393910274,0.987226157546981,2.0216174037324675,0.004102224184771536,3.2,6.112132931758295,0.8472232348379134,37,RBS1p4_mRNA1min,1.4,1.0,10.402857142857142,48.811899302675414,10.266757604179597,13.560543070806983,3.006959709145945,0.002952860253109106,0.003014099422145681,0.0017838320590110182,1.0426638089657874,1.1009185212703847,69.77749670476163,0.9797651103517895,0.8424998294731181,0.1654998124636177
True,resolved_oscillation,1.0,12.766695735449705,10.386111111111111,0.0006551189469866752,0.9926660336809792,2.0788307543241236,0.003975814620741577,3.533333333333333,6.923480786252483,0.8468441489137826,37,RBS1p4_mRNA1p5min,1.4,1.5,11.722857142857142,48.811899302675414,10.266757604179597,13.560543070806983,3.006959709145945,0.002952860253109106,0.003014099422145681,0.0017838320590110182,1.0426638089657874,1.1009185212703847,69.77749670476163,0.9797651103517895,0.8424998294731181,0.1654998124636177
True,resolved_oscillation,1.0,13.79103612609825,11.219444444444443,0.0006064594559997966,0.9947714459088444,2.0931525064643575,0.003946019189097136,3.7333333333333334,7.363490325710452,0.8452631989088598,37,RBS1p4_mRNA2min,1.4,2.0,12.446666666666667,48.811899302675414,10.266757604179597,13.560543070806983,3.006959709145945,0.002952860253109106,0.003014099422145681,0.0017838320590110182,1.0426638089657874,1.1009185212703847,69.77749670476163,0.9797651103517895,0.8424998294731181,0.1654998124636177
True,resolved_oscillation,1.0,15.090582635034373,12.276666666666667,0.0007435820764392699,0.9964527162675076,2.0757737210371627,0.003977773200645049,3.933333333333333,7.69072085896551,0.8399888321633447,37,RBS1p4_mRNA3min,1.4,3.0,12.99,48.811899302675414,10.266757604179597,13.560543070806983,3.006959709145945,0.002952860253109106,0.003014099422145681,0.0017838320590110182,1.0426638089657874,1.1009185212703847,69.77749670476163,0.9797651103517895,0.8424998294731181,0.1654998124636177
True,resolved_oscillation,1.0,15.85269188567689,12.896666666666667,0.0005779446827345026,0.9970854369362818,2.030620187943468,0.004065771909360753,3.9833333333333334,7.616782057928485,0.8324512432457009,37,RBS1p4_mRNA4min,1.4,4.0,12.96,48.811899302675414,10.266757604179597,13.560543070806983,3.006959709145945,0.002952860253109106,0.003014099422145681,0.0017838320590110182,1.0426638089657874,1.1009185212703847,69.77749670476163,0.9797651103517895,0.8424998294731181,0.1654998124636177
True,resolved_oscillation,1.0,7.15362749942548,6.304545454545454,0.0012348216850435116,0.9032493920117591,1.943411455771347,0.005265557982492731,2.55,4.823550142309642,0.8968964671300815,38,RBS0p6_mRNA1min,0.6,1.0,7.42,52.878449053030366,10.201505990540849,14.123026197892486,3.1420075128678464,0.004106767556608418,0.001786695459979729,0.0014216396490985851,1.0161810522689139,0.8765893086423515,91.27491980411449,1.0144649712569824,0.9228034905222496,0.10571173248426942
True,resolved_oscillation,1.0,8.878853453684906,7.825,0.0011384930432904127,0.9624131475581246,2.2316592598361975,0.002665132298106117,2.95,6.258449021329145,0.8952594518681873,38,RBS0p6_mRNA1p5min,0.6,1.5,9.077777777777778,52.878449053030366,10.201505990540849,14.123026197892486,3.1420075128678464,0.004106767556608418,0.001786695459979729,0.0014216396490985851,1.0161810522689139,0.8765893086423515,91.27491980411449,1.0144649712569824,0.9228034905222496,0.10571173248426942
True,resolved_oscillation,1.0,10.163470772177885,8.957142857142857,0.0009945926067979642,0.9782947851904134,2.3650947097410158,0.002378795718155523,3.3,7.3536104573955745,0.8945587422431345,38,RBS0p6_mRNA2min,0.6,2.0,10.248571428571427,52.878449053030366,10.201505990540849,14.123026197892486,3.1420075128678464,0.004106767556608418,0.001786695459979729,0.0014216396490985851,1.0161810522689139,0.8765893086423515,91.27491980411449,1.0144649712569824,0.9228034905222496,0.10571173248426942
True,resolved_oscillation,1.0,11.951939047345816,10.533333333333333,0.0,0.9888324697669322,2.4797465803304606,0.002232986381375009,3.8,8.836041747450691,0.8936579828474281,38,RBS0p6_mRNA3min,0.6,3.0,11.794285714285714,52.878449053030366,10.201505990540849,14.123026197892486,3.1420075128678464,0.004106767556608418,0.001786695459979729,0.0014216396490985851,1.0161810522689139,0.8765893086423515,91.27491980411449,1.0144649712569824,0.9228034905222496,0.10571173248426942
True,resolved_oscillation,1.0,13.20008458077117,11.633333333333333,0.0,0.9925899151480863,2.5232233023881294,0.00218922975009345,4.133333333333334,9.803919142909953,0.8927371396992312,38,RBS0p6_mRNA4min,0.6,4.0,12.76,52.878449053030366,10.201505990540849,14.123026197892486,3.1420075128678464,0.004106767556608418,0.001786695459979729,0.0014216396490985851,1.0161810522689139,0.8765893086423515,91.27491980411449,1.0144649712569824,0.9228034905222496,0.10571173248426942
True,resolved_oscillation,1.0,8.24112252877818,7.262962962962963,0.0010118885687396446,0.9505976271615593,2.1373326832292436,0.002968255575551372,2.7666666666666666,5.658641342796707,0.8953156593216407,38,RBS0p8_mRNA1min,0.8,1.0,8.448,52.878449053030366,10.201505990540849,14.123026197892486,3.1420075128678464,0.004106767556608418,0.001786695459979729,0.0014216396490985851,1.0161810522689139,0.8765893086423515,91.27491980411449,1.0144649712569824,0.9228034905222496,0.10571173248426942
True,resolved_oscillation,1.0,10.025688473033526,8.835714285714285,0.0007129483457463192,0.9777696215594248,2.3453333940704004,0.002399826055247654,3.2333333333333334,7.159224602500396,0.8941672315668956,38,RBS0p8_mRNA1p5min,0.8,1.5,10.075,52.878449053030366,10.201505990540849,14.123026197892486,3.1420075128678464,0.004106767556608418,0.001786695459979729,0.0014216396490985851,1.0161810522689139,0.8765893086423515,91.27491980411449,1.0144649712569824,0.9228034905222496,0.10571173248426942
True,resolved_oscillation,1.0,11.276535620167595,9.938095238095238,0.0008183158254240216,0.9862666989223446,2.4361721719842815,0.0022781222692023484,3.575,8.194740346371841,0.8934728070180791,38,RBS0p8_mRNA2min,0.8,2.0,11.154285714285711,52.878449053030366,10.201505990540849,14.123026197892486,3.1420075128678464,0.004106767556608418,0.001786695459979729,0.0014216396490985851,1.0161810522689139,0.8765893086423515,91.27491980411449,1.0144649712569824,0.9228034905222496,0.10571173248426942
True,resolved_oscillation,1.0,12.995212207860442,11.452777777777778,0.0005941037455210231,0.9923893713526877,2.507467041401967,0.0022030364343954144,4.05,9.529316664831684,0.8920759702759367,38,RBS0p8_mRNA3min,0.8,3.0,12.476666666666668,52.878449053030366,10.201505990540849,14.123026197892486,3.1420075128678464,0.004106767556608418,0.001786695459979729,0.0014216396490985851,1.0161810522689139,0.8765893086423515,91.27491980411449,1.0144649712569824,0.9228034905222496,0.10571173248426942
True,resolved_oscillation,1.0,14.18725422993486,12.503333333333334,0.0005961258271127138,0.9947045127208016,2.526972907609899,0.0021842785812891106,4.366666666666666,10.363593675022763,0.8903389289854257,38,RBS0p8_mRNA4min,0.8,4.0,13.19,52.878449053030366,10.201505990540849,14.123026197892486,3.1420075128678464,0.004106767556608418,0.001786695459979729,0.0014216396490985851,1.0161810522689139,0.8765893086423515,91.27491980411449,1.0144649712569824,0.9228034905222496,0.10571173248426942
True,resolved_oscillation,1.0,9.141247685143645,8.05625,0.0010706990835412788,0.9683460888586154,2.2512426548557056,0.0025680423032924866,2.9833333333333334,6.371844677128922,0.8943886663120612,38,RBS1_mRNA1min,1.0,1.0,9.253333333333334,52.878449053030366,10.201505990540849,14.123026197892486,3.1420075128678464,0.004106767556608418,0.001786695459979729,0.0014216396490985851,1.0161810522689139,0.8765893086423515,91.27491980411449,1.0144649712569824,0.9228034905222496,0.10571173248426942
True,resolved_oscillation,1.0,10.903712928365215,9.60952380952381,0.0009270707103007784,0.9845370064681113,2.4074680381266855,0.0023096237529445828,3.45,7.83324967283754,0.8933302777127378,38,RBS1_mRNA1p5min,1.0,1.5,10.794285714285714,52.878449053030366,10.201505990540849,14.123026197892486,3.1420075128678464,0.004106767556608418,0.001786695459979729,0.0014216396490985851,1.0161810522689139,0.8765893086423515,91.27491980411449,1.0144649712569824,0.9228034905222496,0.10571173248426942
True,resolved_oscillation,1.0,12.115836945674397,10.677777777777777,0.0008060319138829173,0.9900291936282883,2.4716219234573793,0.0022377801042226665,3.783333333333333,8.7939148898812,0.8924205539123711,38,RBS1_mRNA2min,1.0,2.0,11.762857142857142,52.878449053030366,10.201505990540849,14.123026197892486,3.1420075128678464,0.004106767556608418,0.001786695459979729,0.0014216396490985851,1.0161810522689139,0.8765893086423515,91.27491980411449,1.0144649712569824,0.9228034905222496,0.10571173248426942
True,resolved_oscillation,1.0,13.771205718793075,12.136666666666667,0.0006141356708321312,0.9941754568296391,2.5141505392639156,0.0021956814630099504,4.233333333333333,9.989023040960259,0.8902032649234043,38,RBS1_mRNA3min,1.0,3.0,12.836666666666668,52.878449053030366,10.201505990540849,14.123026197892486,3.1420075128678464,0.004106767556608418,0.001786695459979729,0.0014216396490985851,1.0161810522689139,0.8765893086423515,91.27491980411449,1.0144649712569824,0.9228034905222496,0.10571173248426942
True,resolved_oscillation,1.0,14.916284689231032,13.145833333333334,0.0006339144215530904,0.9957968121200261,2.5151854679158507,0.0021939847426079057,4.533333333333333,10.695825212475349,0.8872843978390935,38,RBS1_mRNA4min,1.0,4.0,13.29,52.878449053030366,10.201505990540849,14.123026197892486,3.1420075128678464,0.004106767556608418,0.001786695459979729,0.0014216396490985851,1.0161810522689139,0.8765893086423515,91.27491980411449,1.0144649712569824,0.9228034905222496,0.10571173248426942
True,resolved_oscillation,1.0,9.882502946471744,8.709523809523809,0.0010228697066085133,0.9771997922504488,2.323773059440719,0.0024232016431306167,3.1666666666666665,6.957391767487244,0.8937120712182491,38,RBS1p2_mRNA1min,1.2,1.0,9.89,52.878449053030366,10.201505990540849,14.123026197892486,3.1420075128678464,0.004106767556608418,0.001786695459979729,0.0014216396490985851,1.0161810522689139,0.8765893086423515,91.27491980411449,1.0144649712569824,0.9228034905222496,0.10571173248426942
True,resolved_oscillation,1.0,11.603430878921852,10.226190476190476,0.0008711658642081354,0.9882286740989957,2.4440269020820513,0.0022659621525157217,3.6333333333333333,8.350616873947837,0.8925350481060427,38,RBS1p2_mRNA1p5min,1.2,1.5,11.325714285714287,52.878449053030366,10.201505990540849,14.123026197892486,3.1420075128678464,0.004106767556608418,0.001786695459979729,0.0014216396490985851,1.0161810522689139,0.8765893086423515,91.27491980411449,1.0144649712569824,0.9228034905222496,0.10571173248426942
True,resolved_oscillation,1.0,12.784036069629385,11.266666666666667,0.0,0.9921653014134402,2.4894702645849476,0.00221902005282741,3.95,9.237762208367625,0.8912701520459899,38,RBS1p2_mRNA2min,1.2,2.0,12.174285714285713,52.878449053030366,10.201505990540849,14.123026197892486,3.1420075128678464,0.004106767556608418,0.001786695459979729,0.0014216396490985851,1.0161810522689139,0.8765893086423515,91.27491980411449,1.0144649712569824,0.9228034905222496,0.10571173248426942
True,resolved_oscillation,1.0,14.387713967121355,12.68,0.0005878201833595662,0.995227292984171,2.5097166847168517,0.002198973483831041,4.383333333333334,10.300246423550012,0.8879394822630186,38,RBS1p2_mRNA3min,1.2,3.0,12.986666666666668,52.878449053030366,10.201505990540849,14.123026197892486,3.1420075128678464,0.004106767556608418,0.001786695459979729,0.0014216396490985851,1.0161810522689139,0.8765893086423515,91.27491980411449,1.0144649712569824,0.9228034905222496,0.10571173248426942
True,resolved_oscillation,1.0,15.47889574407049,13.641666666666667,0.0007053760161143869,0.996449857451536,2.494214342084631,0.0022122011380111693,4.65,10.878472044712364,0.883439483140327,38,RBS1p2_mRNA4min,1.2,4.0,13.183333333333332,52.878449053030366,10.201505990540849,14.123026197892486,3.1420075128678464,0.004106767556608418,0.001786695459979729,0.0014216396490985851,1.0161810522689139,0.8765893086423515,91.27491980411449,1.0144649712569824,0.9228034905222496,0.10571173248426942
True,resolved_oscillation,1.0,10.498470872058281,9.252380952380951,0.0006808418196254737,0.9823668097332687,2.3723675287142822,0.00235027138605191,3.3333333333333335,7.438803711131472,0.8931400655288357,38,RBS1p4_mRNA1min,1.4,1.0,10.402857142857142,52.878449053030366,10.201505990540849,14.123026197892486,3.1420075128678464,0.004106767556608418,0.001786695459979729,0.0014216396490985851,1.0161810522689139,0.8765893086423515,91.27491980411449,1.0144649712569824,0.9228034905222496,0.10571173248426942
True,resolved_oscillation,1.0,12.182026481537862,10.73611111111111,0.0006337618998145351,0.9905109316798663,2.466198514746685,0.002241826059330319,3.783333333333333,8.757762896587428,0.8917028365417762,38,RBS1p4_mRNA1p5min,1.4,1.5,11.722857142857142,52.878449053030366,10.201505990540849,14.123026197892486,3.1420075128678464,0.004106767556608418,0.001786695459979729,0.0014216396490985851,1.0161810522689139,0.8765893086423515,91.27491980411449,1.0144649712569824,0.9228034905222496,0.10571173248426942
True,resolved_oscillation,1.0,13.328681393305903,11.746666666666666,0.0006345255327751957,0.993520890282962,2.4972121369555453,0.0022109450086671735,4.083333333333333,9.574899064632906,0.8899670468009654,38,RBS1p4_mRNA2min,1.4,2.0,12.446666666666667,52.878449053030366,10.201505990540849,14.123026197892486,3.1420075128678464,0.004106767556608418,0.001786695459979729,0.0014216396490985851,1.0161810522689139,0.8765893086423515,91.27491980411449,1.0144649712569824,0.9228034905222496,0.10571173248426942
True,resolved_oscillation,1.0,14.8831899212993,13.116666666666667,0.0,0.9959105870755963,2.498253883843443,0.002208779469557133,4.483333333333333,10.506978732277707,0.8852159758060655,38,RBS1p4_mRNA3min,1.4,3.0,12.99,52.878449053030366,10.201505990540849,14.123026197892486,3.1420075128678464,0.004106767556608418,0.001786695459979729,0.0014216396490985851,1.0161810522689139,0.8765893086423515,91.27491980411449,1.0144649712569824,0.9228034905222496,0.10571173248426942
True,resolved_oscillation,1.0,15.928039023144008,14.0375,0.0005936479667557139,0.9968764023630803,2.466683524517334,0.0022367618236555694,4.733333333333333,10.952150268659341,0.8786889021313989,38,RBS1p4_mRNA4min,1.4,4.0,12.96,52.878449053030366,10.201505990540849,14.123026197892486,3.1420075128678464,0.004106767556608418,0.001786695459979729,0.0014216396490985851,1.0161810522689139,0.8765893086423515,91.27491980411449,1.0144649712569824,0.9228034905222496,0.10571173248426942
True,resolved_oscillation,1.0,7.021835429849573,5.559722222222222,0.0015436282304604663,0.904812345919697,1.4987983654585506,0.021820895484963642,2.283333333333333,3.419001848018459,0.8396430497518202,39,RBS0p6_mRNA1min,0.6,1.0,7.42,47.506572414853586,9.578221004132514,12.022154222245497,2.7239200852874714,0.0015816164204812675,0.008898989663441435,0.0030587744257833675,0.9448787494972144,1.1101415228760763,79.71117930389258,1.020535465678345,0.880236369774887,0.1924975816583956
True,resolved_oscillation,1.0,8.447252234819787,6.6883333333333335,0.0012037026950900771,0.9609547508080326,1.7067009900078318,0.015109031159727076,2.4583333333333335,4.105685552803781,0.8384599598736088,39,RBS0p6_mRNA1p5min,0.6,1.5,9.077777777777778,47.506572414853586,9.578221004132514,12.022154222245497,2.7239200852874714,0.0015816164204812675,0.008898989663441435,0.0030587744257833675,0.9448787494972144,1.1101415228760763,79.71117930389258,1.020535465678345,0.880236369774887,0.1924975816583956
True,resolved_oscillation,1.0,9.51681184580162,7.535185185185185,0.000737281887441632,0.9765203410888783,1.80557147745615,0.0138736903107127,2.6166666666666667,4.599601466533065,0.83766486908124,39,RBS0p6_mRNA2min,0.6,2.0,10.248571428571427,47.506572414853586,9.578221004132514,12.022154222245497,2.7239200852874714,0.0015816164204812675,0.008898989663441435,0.0030587744257833675,0.9448787494972144,1.1101415228760763,79.71117930389258,1.020535465678345,0.880236369774887,0.1924975816583956
True,resolved_oscillation,1.0,10.94585388015522,8.666666666666666,0.0,0.9870127488306143,1.888416692892133,0.0131303367739,2.816666666666667,5.14759877816006,0.8366830677101231,39,RBS0p6_mRNA3min,0.6,3.0,11.794285714285714,47.506572414853586,9.578221004132514,12.022154222245497,2.7239200852874714,0.0015816164204812675,0.008898989663441435,0.0030587744257833675,0.9448787494972144,1.1101415228760763,79.71117930389258,1.020535465678345,0.880236369774887,0.1924975816583956
True,resolved_oscillation,1.0,11.857006002596712,9.38809523809524,0.000866256722120179,0.9907324008154993,1.910540309154025,0.012952984153100039,2.8833333333333333,5.348334445263188,0.8362106418944969,39,RBS0p6_mRNA4min,0.6,4.0,12.76,47.506572414853586,9.578221004132514,12.022154222245497,2.7239200852874714,0.0015816164204812675,0.008898989663441435,0.0030587744257833675,0.9448787494972144,1.1101415228760763,79.71117930389258,1.020535465678345,0.880236369774887,0.1924975816583956
True,resolved_oscillation,1.0,7.843890743838504,6.21060606060606,0.0013539338302524136,0.9484461134611629,1.6238789006630843,0.016398847131038615,2.3333333333333335,3.7376956315607335,0.8396019725345857,39,RBS0p8_mRNA1min,0.8,1.0,8.448,47.506572414853586,9.578221004132514,12.022154222245497,2.7239200852874714,0.0015816164204812675,0.008898989663441435,0.0030587744257833675,0.9448787494972144,1.1101415228760763,79.71117930389258,1.020535465678345,0.880236369774887,0.1924975816583956
True,resolved_oscillation,1.0,9.299298082798536,7.362962962962963,0.000998145615341269,0.9753817517204265,1.7739730810875034,0.014129938415251777,2.5416666666666665,4.39319765315467,0.8385647450971853,39,RBS0p8_mRNA1p5min,0.8,1.5,10.075,47.506572414853586,9.578221004132514,12.022154222245497,2.7239200852874714,0.0015816164204812675,0.008898989663441435,0.0030587744257833675,0.9448787494972144,1.1101415228760763,79.71117930389258,1.020535465678345,0.880236369774887,0.1924975816583956
True,resolved_oscillation,1.0,10.290681376270928,8.147916666666667,0.0007231979352457659,0.9839762432414253,1.8380992179501694,0.013514062238674246,2.675,4.771120391214774,0.8379096184485705,39,RBS0p8_mRNA2min,0.8,2.0,11.154285714285711,47.506572414853586,9.578221004132514,12.022154222245497,2.7239200852874714,0.0015816164204812675,0.008898989663441435,0.0030587744257833675,0.9448787494972144,1.1101415228760763,79.71117930389258,1.020535465678345,0.880236369774887,0.1924975816583956
True,resolved_oscillation,1.0,11.523217601306264,9.123809523809523,0.0009764241614754545,0.9901357942486568,1.8735847633343443,0.013209284728713282,2.7666666666666666,5.041226698087663,0.8373732232528909,39,RBS0p8_mRNA3min,0.8,3.0,12.476666666666668,47.506572414853586,9.578221004132514,12.022154222245497,2.7239200852874714,0.0015816164204812675,0.008898989663441435,0.0030587744257833675,0.9448787494972144,1.1101415228760763,79.71117930389258,1.020535465678345,0.880236369774887,0.1924975816583956
True,resolved_oscillation,1.0,12.238908047316412,9.690476190476192,0.0009193261392564967,0.9923338127095013,1.8590226497915605,0.013301855023563961,2.75,4.982780564315709,0.8373056888637561,39,RBS0p8_mRNA4min,0.8,4.0,13.19,47.506572414853586,9.578221004132514,12.022154222245497,2.7239200852874714,0.0015816164204812675,0.008898989663441435,0.0030587744257833675,0.9448787494972144,1.1101415228760763,79.71117930389258,1.020535465678345,0.880236369774887,0.1924975816583956
True,resolved_oscillation,1.0,8.525136195120892,6.75,0.0,0.9654115300262974,1.6951073840142257,0.015019475049342312,2.4,3.9925092996670557,0.8396307039739996,39,RBS1_mRNA1min,1.0,1.0,9.253333333333334,47.506572414853586,9.578221004132514,12.022154222245497,2.7239200852874714,0.0015816164204812675,0.008898989663441435,0.0030587744257833675,0.9448787494972144,1.1101415228760763,79.71117930389258,1.020535465678345,0.880236369774887,0.1924975816583956
True,resolved_oscillation,1.0,9.922311293765704,7.85625,0.0010979563394468643,0.9818782451120915,1.8052179004494968,0.013780229344849154,2.5833333333333335,4.550560611218727,0.8386956592527605,39,RBS1_mRNA1p5min,1.0,1.5,10.794285714285714,47.506572414853586,9.578221004132514,12.022154222245497,2.7239200852874714,0.0015816164204812675,0.008898989663441435,0.0030587744257833675,0.9448787494972144,1.1101415228760763,79.71117930389258,1.020535465678345,0.880236369774887,0.1924975816583956
True,resolved_oscillation,1.0,10.81354136072477,8.561904761904762,0.0009498471232813867,0.9874877242025991,1.8423076963043692,0.013448850532340635,2.6666666666666665,4.791699719052482,0.8382868933668307,39,RBS1_mRNA2min,1.0,2.0,11.762857142857142,47.506572414853586,9.578221004132514,12.022154222245497,2.7239200852874714,0.0015816164204812675,0.008898989663441435,0.0030587744257833675,0.9448787494972144,1.1101415228760763,79.71117930389258,1.020535465678345,0.880236369774887,0.1924975816583956
True,resolved_oscillation,1.0,11.84197048902507,9.376190476190477,0.000950141540572357,0.9915627453377839,1.836621995944271,0.01346611459239865,2.6666666666666665,4.796404355643692,0.838246488338502,39,RBS1_mRNA3min,1.0,3.0,12.836666666666668,47.506572414853586,9.578221004132514,12.022154222245497,2.7239200852874714,0.0015816164204812675,0.008898989663441435,0.0030587744257833675,0.9448787494972144,1.1101415228760763,79.71117930389258,1.020535465678345,0.880236369774887,0.1924975816583956
True,resolved_oscillation,1.0,12.377234772175516,9.8,0.0,0.992906611296646,1.786570854691158,0.013836875058549998,2.5833333333333335,4.523633771802006,0.8385381017200316,39,RBS1_mRNA4min,1.0,4.0,13.29,47.506572414853586,9.578221004132514,12.022154222245497,2.7239200852874714,0.0015816164204812675,0.008898989663441435,0.0030587744257833675,0.9448787494972144,1.1101415228760763,79.71117930389258,1.020535465678345,0.880236369774887,0.1924975816583956
True,resolved_oscillation,1.0,9.072428889128652,7.183333333333334,0.0,0.9740716546429068,1.7386425009403765,0.014428226262115037,2.4583333333333335,4.177967292900732,0.8396251318729467,39,RBS1p2_mRNA1min,1.2,1.0,9.89,47.506572414853586,9.578221004132514,12.022154222245497,2.7239200852874714,0.0015816164204812675,0.008898989663441435,0.0030587744257833675,0.9448787494972144,1.1101415228760763,79.71117930389258,1.020535465678345,0.880236369774887,0.1924975816583956
True,resolved_oscillation,1.0,10.380142682022196,8.21875,0.0007169650506327478,0.9854293874242925,1.8165439264077674,0.013654599280446557,2.6,4.6104247474617255,0.8389196518307295,39,RBS1p2_mRNA1p5min,1.2,1.5,11.325714285714287,47.506572414853586,9.578221004132514,12.022154222245497,2.7239200852874714,0.0015816164204812675,0.008898989663441435,0.0030587744257833675,0.9448787494972144,1.1101415228760763,79.71117930389258,1.020535465678345,0.880236369774887,0.1924975816583956
True,resolved_oscillation,1.0,11.16537237830119,8.84047619047619,0.0010077181219428875,0.9894194598163242,1.8302177943373639,0.013523344129459054,2.65,4.714044946358708,0.8387942977343136,39,RBS1p2_mRNA2min,1.2,2.0,12.174285714285713,47.506572414853586,9.578221004132514,12.022154222245497,2.7239200852874714,0.0015816164204812675,0.008898989663441435,0.0030587744257833675,0.9448787494972144,1.1101415228760763,79.71117930389258,1.020535465678345,0.880236369774887,0.1924975816583956
True,resolved_oscillation,1.0,12.004354035598801,9.504761904761905,0.0008556238114528723,0.9922402537897985,1.785434714938001,0.013847670338879932,2.558333333333333,4.482360364241672,0.8392290084265512,39,RBS1p2_mRNA3min,1.2,3.0,12.986666666666668,47.506572414853586,9.578221004132514,12.022154222245497,2.7239200852874714,0.0015816164204812675,0.008898989663441435,0.0030587744257833675,0.9448787494972144,1.1101415228760763,79.71117930389258,1.020535465678345,0.880236369774887,0.1924975816583956
True,resolved_oscillation,1.0,12.374227669461188,9.797619047619047,0.0006429529309999005,0.9929647589127628,1.6997707719012685,0.014540595102651542,2.4,4.043546598186839,0.8398068879593639,39,RBS1p2_mRNA4min,1.2,4.0,13.183333333333332,47.506572414853586,9.578221004132514,12.022154222245497,2.7239200852874714,0.0015816164204812675,0.008898989663441435,0.0030587744257833675,0.9448787494972144,1.1101415228760763,79.71117930389258,1.020535465678345,0.880236369774887,0.1924975816583956
True,resolved_oscillation,1.0,9.51915070346832,7.537037037037037,0.0009750926207854755,0.9791866622354582,1.7652177909003184,0.014122292392125806,2.5,4.303689956903257,0.8396507188896899,39,RBS1p4_mRNA1min,1.4,1.0,10.402857142857142,47.506572414853586,9.578221004132514,12.022154222245497,2.7239200852874714,0.0015816164204812675,0.008898989663441435,0.0030587744257833675,0.9448787494972144,1.1101415228760763,79.71117930389258,1.020535465678345,0.880236369774887,0.1924975816583956
True,resolved_oscillation,1.0,10.72332827929492,8.49047619047619,0.001049258941888374,0.9875934395435507,1.8153721666832727,0.013644726055219434,2.6,4.601375974552137,0.8392353678165335,39,RBS1p4_mRNA1p5min,1.4,1.5,11.722857142857142,47.506572414853586,9.578221004132514,12.022154222245497,2.7239200852874714,0.0015816164204812675,0.008898989663441435,0.0030587744257833675,0.9448787494972144,1.1101415228760763,79.71117930389258,1.020535465678345,0.880236369774887,0.1924975816583956
True,resolved_oscillation,1.0,11.405940595447458,9.030952380952382,0.0006975352784246217,0.9905676341340456,1.8073119663794481,0.013687380543446736,2.591666666666667,4.573858898089962,0.83940343747628,39,RBS1p4_mRNA2min,1.4,2.0,12.446666666666667,47.506572414853586,9.578221004132514,12.022154222245497,2.7239200852874714,0.0015816164204812675,0.008898989663441435,0.0030587744257833675,0.9448787494972144,1.1101415228760763,79.71117930389258,1.020535465678345,0.880236369774887,0.1924975816583956
True,resolved_oscillation,1.0,12.058481884456711,9.547619047619047,0.0006597883568739627,0.9925037741682826,1.7239544047023234,0.014338627550268736,2.433333333333333,4.138566183875777,0.8402626631535965,39,RBS1p4_mRNA3min,1.4,3.0,12.99,47.506572414853586,9.578221004132514,12.022154222245497,2.7239200852874714,0.0015816164204812675,0.008898989663441435,0.0030587744257833675,0.9448787494972144,1.1101415228760763,79.71117930389258,1.020535465678345,0.880236369774887,0.1924975816583956
True,resolved_oscillation,1.0,12.287021690745664,9.728571428571428,0.0008359398569064774,0.9926849334299236,1.6024876335033222,0.015420847151853045,2.2333333333333334,3.5764578699964416,0.8410657211589047,39,RBS1p4_mRNA4min,1.4,4.0,12.96,47.506572414853586,9.578221004132514,12.022154222245497,2.7239200852874714,0.0015816164204812675,0.008898989663441435,0.0030587744257833675,0.9448787494972144,1.1101415228760763,79.71117930389258,1.020535465678345,0.880236369774887,0.1924975816583956
True,resolved_oscillation,1.0,6.498652344974266,5.025,0.0017209768546028884,0.8503458806325936,1.2600491835281928,0.019626616970650646,2.033333333333333,2.6126858649517914,0.9885764563236372,40,RBS0p6_mRNA1min,0.6,1.0,7.42,46.39423437278732,8.018563116043566,10.39672481694808,2.6978022261347134,0.009491612489216386,0.0033335732499771027,0.0011634466900541107,1.0667655601189472,0.9822495898469998,97.15180154530336,1.0295619089364296,0.8466270597133007,0.019799987760530397
True,resolved_oscillation,1.0,8.06526550638145,6.236363636363636,0.0010810784966611754,0.9517663335334704,1.557402560559947,0.00577378470529018,2.275,3.4359811246571,0.9875091382260129,40,RBS0p6_mRNA1p5min,0.6,1.5,9.077777777777778,46.39423437278732,8.018563116043566,10.39672481694808,2.6978022261347134,0.009491612489216386,0.0033335732499771027,0.0011634466900541107,1.0667655601189472,0.9822495898469998,97.15180154530336,1.0295619089364296,0.8466270597133007,0.019799987760530397
True,resolved_oscillation,1.0,9.311501867425815,7.2,0.0,0.9736762091713453,1.6929585337731667,0.004679784835627542,2.5166666666666666,4.0931054199680705,0.9871022806407473,40,RBS0p6_mRNA2min,0.6,2.0,10.248571428571427,46.39423437278732,8.018563116043566,10.39672481694808,2.6978022261347134,0.009491612489216386,0.0033335732499771027,0.0011634466900541107,1.0667655601189472,0.9822495898469998,97.15180154530336,1.0295619089364296,0.8466270597133007,0.019799987760530397
True,resolved_oscillation,1.0,11.091279671450986,8.576190476190476,0.0010387721784491787,0.9869074053890385,1.811885405456396,0.00420340068691935,2.908333333333333,5.008725396228527,0.986721993354585,40,RBS0p6_mRNA3min,0.6,3.0,11.794285714285714,46.39423437278732,8.018563116043566,10.39672481694808,2.6978022261347134,0.009491612489216386,0.0033335732499771027,0.0011634466900541107,1.0667655601189472,0.9822495898469998,97.15180154530336,1.0295619089364296,0.8466270597133007,0.019799987760530397
True,resolved_oscillation,1.0,12.329118213350847,9.533333333333333,0.0,0.9913147721044094,1.8528996196190468,0.004083015127762277,3.183333333333333,5.58100280572491,0.986539842550193,40,RBS0p6_mRNA4min,0.6,4.0,12.76,46.39423437278732,8.018563116043566,10.39672481694808,2.6978022261347134,0.009491612489216386,0.0033335732499771027,0.0011634466900541107,1.0667655601189472,0.9822495898469998,97.15180154530336,1.0295619089364296,0.8466270597133007,0.019799987760530397
True,resolved_oscillation,1.0,7.407529649163592,5.727777777777778,0.0014326846670727378,0.9329834111498057,1.4539150692275156,0.007149752299637064,2.1333333333333333,3.0385858343222063,0.9878310475528523,40,RBS0p8_mRNA1min,0.8,1.0,8.448,46.39423437278732,8.018563116043566,10.39672481694808,2.6978022261347134,0.009491612489216386,0.0033335732499771027,0.0011634466900541107,1.0667655601189472,0.9822495898469998,97.15180154530336,1.0295619089364296,0.8466270597133007,0.019799987760530397
True,resolved_oscillation,1.0,9.10457960370524,7.04,0.001222532621908907,0.9725555648615943,1.6627399950849069,0.004774219782957617,2.45,3.907432874883911,0.9871783335804,40,RBS0p8_mRNA1p5min,0.8,1.5,10.075,46.39423437278732,8.018563116043566,10.39672481694808,2.6978022261347134,0.009491612489216386,0.0033335732499771027,0.0011634466900541107,1.0667655601189472,0.9822495898469998,97.15180154530336,1.0295619089364296,0.8466270597133007,0.019799987760530397
True,resolved_oscillation,1.0,10.338030285102098,7.99375,0.001079070460269514,0.9835388125275997,1.7574783351261865,0.004360787528856908,2.7083333333333335,4.5337941240628075,0.9868675109801862,40,RBS0p8_mRNA2min,0.8,2.0,11.154285714285711,46.39423437278732,8.018563116043566,10.39672481694808,2.6978022261347134,0.009491612489216386,0.0033335732499771027,0.0011634466900541107,1.0667655601189472,0.9822495898469998,97.15180154530336,1.0295619089364296,0.8466270597133007,0.019799987760530397
True,resolved_oscillation,1.0,12.030948979170159,9.302777777777777,0.000731409299129047,0.9909407228541247,1.8278273657011852,0.004139624544816316,3.066666666666667,5.312084135354613,0.9865561810334238,40,RBS0p8_mRNA3min,0.8,3.0,12.476666666666668,46.39423437278732,8.018563116043566,10.39672481694808,2.6978022261347134,0.009491612489216386,0.0033335732499771027,0.0011634466900541107,1.0667655601189472,0.9822495898469998,97.15180154530336,1.0295619089364296,0.8466270597133007,0.019799987760530397
True,resolved_oscillation,1.0,13.178977510774631,10.190476190476192,0.0008742190156013882,0.9936049552399495,1.8384240344965415,0.004105550569780916,3.3,5.72932355781066,0.9863666637128126,40,RBS0p8_mRNA4min,0.8,4.0,13.19,46.39423437278732,8.018563116043566,10.39672481694808,2.6978022261347134,0.009491612489216386,0.0033335732499771027,0.0011634466900541107,1.0667655601189472,0.9822495898469998,97.15180154530336,1.0295619089364296,0.8466270597133007,0.019799987760530397
True,resolved_oscillation,1.0,8.21026785027655,6.348484848484849,0.000791557229201766,0.9591252239080392,1.5600886886358218,0.0054309489826422745,2.25,3.4038233059959606,0.9874933191613481,40,RBS1_mRNA1min,1.0,1.0,9.253333333333334,46.39423437278732,8.018563116043566,10.39672481694808,2.6978022261347134,0.009491612489216386,0.0033335732499771027,0.0011634466900541107,1.0667655601189472,0.9822495898469998,97.15180154530336,1.0295619089364296,0.8466270597133007,0.019799987760530397
True,resolved_oscillation,1.0,9.919815003826574,7.67037037037037,0.0009581426766288955,0.9811667360067229,1.721045117521387,0.004476104494327847,2.6,4.265264167883586,0.9869690088205954,40,RBS1_mRNA1p5min,1.0,1.5,10.794285714285714,46.39423437278732,8.018563116043566,10.39672481694808,2.6978022261347134,0.009491612489216386,0.0033335732499771027,0.0011634466900541107,1.0667655601189472,0.9822495898469998,97.15180154530336,1.0295619089364296,0.8466270597133007,0.019799987760530397
True,resolved_oscillation,1.0,11.109754873568896,8.59047619047619,0.001037044730258853,0.9880165049149555,1.787131436831757,0.004249530402913919,2.85,4.830021878836569,0.9867074494563175,40,RBS1_mRNA2min,1.0,2.0,11.762857142857142,46.39423437278732,8.018563116043566,10.39672481694808,2.6978022261347134,0.009491612489216386,0.0033335732499771027,0.0011634466900541107,1.0667655601189472,0.9822495898469998,97.15180154530336,1.0295619089364296,0.8466270597133007,0.019799987760530397
True,resolved_oscillation,1.0,12.707859856767968,9.826190476190476,0.0009066288797610714,0.992922855192422,1.8220617790543094,0.004144165921000118,3.1666666666666665,5.457306843458459,0.9864022889935642,40,RBS1_mRNA3min,1.0,3.0,12.836666666666668,46.39423437278732,8.018563116043566,10.39672481694808,2.6978022261347134,0.009491612489216386,0.0033335732499771027,0.0011634466900541107,1.0667655601189472,0.9822495898469998,97.15180154530336,1.0295619089364296,0.8466270597133007,0.019799987760530397
True,resolved_oscillation,1.0,13.766078378077053,10.644444444444444,0.0008085560221727386,0.9947688295758069,1.8083950035937002,0.004170422673949326,3.341666666666667,5.722000658749024,0.9861512084068992,40,RBS1_mRNA4min,1.0,4.0,13.29,46.39423437278732,8.018563116043566,10.39672481694808,2.6978022261347134,0.009491612489216386,0.0033335732499771027,0.0011634466900541107,1.0667655601189472,0.9822495898469998,97.15180154530336,1.0295619089364296,0.8466270597133007,0.019799987760530397
True,resolved_oscillation,1.0,8.889035578996308,6.873333333333333,0.0012521769628863297,0.9712747685185216,1.629125735730853,0.00488411719746177,2.3666666666666667,3.714093472878254,0.9872664529610633,40,RBS1p2_mRNA1min,1.2,1.0,9.89,46.39423437278732,8.018563116043566,10.39672481694808,2.6978022261347134,0.009491612489216386,0.0033335732499771027,0.0011634466900541107,1.0667655601189472,0.9822495898469998,97.15180154530336,1.0295619089364296,0.8466270597133007,0.019799987760530397
True,resolved_oscillation,1.0,10.5697401116642,8.172916666666667,0.0010554150792898612,0.985701671198116,1.7543803394121973,0.00434483940701312,2.716666666666667,4.532191012894603,0.9868177610629743,40,RBS1p2_mRNA1p5min,1.2,1.5,11.325714285714287,46.39423437278732,8.018563116043566,10.39672481694808,2.6978022261347134,0.009491612489216386,0.0033335732499771027,0.0011634466900541107,1.0667655601189472,0.9822495898469998,97.15180154530336,1.0295619089364296,0.8466270597133007,0.019799987760530397
True,resolved_oscillation,1.0,11.710198942400918,9.054761904761905,0.0008981462675045664,0.9904994371163952,1.7985214155457971,0.004207821764045093,2.95,5.025346633421772,0.9865766160705564,40,RBS1p2_mRNA2min,1.2,2.0,12.174285714285713,46.39423437278732,8.018563116043566,10.39672481694808,2.6978022261347134,0.009491612489216386,0.0033335732499771027,0.0011634466900541107,1.0667655601189472,0.9822495898469998,97.15180154530336,1.0295619089364296,0.8466270597133007,0.019799987760530397
True,resolved_oscillation,1.0,13.215927915010447,10.219047619047618,0.0006164378637149558,0.994072702691063,1.8048022174721663,0.004180172365801144,3.216666666666667,5.5002066029429635,0.9862291070089938,40,RBS1p2_mRNA3min,1.2,3.0,12.986666666666668,46.39423437278732,8.018563116043566,10.39672481694808,2.6978022261347134,0.009491612489216386,0.0033335732499771027,0.0011634466900541107,1.0667655601189472,0.9822495898469998,97.15180154530336,1.0295619089364296,0.8466270597133007,0.019799987760530397
True,resolved_oscillation,1.0,14.186389226259466,10.969444444444443,0.0006202810186840158,0.9954522140509484,1.7697709913801947,0.004259957114987543,3.35,5.617346702679629,0.985866838375292,40,RBS1p2_mRNA4min,1.2,4.0,13.183333333333332,46.39423437278732,8.018563116043566,10.39672481694808,2.6978022261347134,0.009491612489216386,0.0033335732499771027,0.0011634466900541107,1.0667655601189472,0.9822495898469998,97.15180154530336,1.0295619089364296,0.8466270597133007,0.019799987760530397
True,resolved_oscillation,1.0,9.462382684722066,7.316666666666666,0.0,0.9780731742232825,1.6761463633475164,0.004631037180612758,2.466666666666667,3.9721631445208163,0.987098225929865,40,RBS1p4_mRNA1min,1.4,1.0,10.402857142857142,46.39423437278732,8.018563116043566,10.39672481694808,2.6978022261347134,0.009491612489216386,0.0033335732499771027,0.0011634466900541107,1.0667655601189472,0.9822495898469998,97.15180154530336,1.0295619089364296,0.8466270597133007,0.019799987760530397
True,resolved_oscillation,1.0,11.103596472862925,8.585714285714285,0.0007337080729519108,0.9884397970120524,1.7728914336067392,0.004279378507988417,2.8,4.729802291070769,0.9866961986260357,40,RBS1p4_mRNA1p5min,1.4,1.5,11.722857142857142,46.39423437278732,8.018563116043566,10.39672481694808,2.6978022261347134,0.009491612489216386,0.0033335732499771027,0.0011634466900541107,1.0667655601189472,0.9822495898469998,97.15180154530336,1.0295619089364296,0.8466270597133007,0.019799987760530397
True,resolved_oscillation,1.0,12.196712598172503,9.430952380952382,0.0006679503436164075,0.9920493855403315,1.7991428649563175,0.004199427705974842,3.0166666666666666,5.1482340159311555,0.9864531742702802,40,RBS1p4_mRNA2min,1.4,2.0,12.446666666666667,46.39423437278732,8.018563116043566,10.39672481694808,2.6978022261347134,0.009491612489216386,0.0033335732499771027,0.0011634466900541107,1.0667655601189472,0.9822495898469998,97.15180154530336,1.0295619089364296,0.8466270597133007,0.019799987760530397
True,resolved_oscillation,1.0,13.611605160368985,10.525,0.0008673357996914744,0.99480921546507,1.7805573693484238,0.004235256809032139,3.2416666666666667,5.472928491331619,0.9860200567857113,40,RBS1p4_mRNA3min,1.4,3.0,12.99,46.39423437278732,8.018563116043566,10.39672481694808,2.6978022261347134,0.009491612489216386,0.0033335732499771027,0.0011634466900541107,1.0667655601189472,0.9822495898469998,97.15180154530336,1.0295619089364296,0.8466270597133007,0.019799987760530397
True,resolved_oscillation,1.0,14.495335661675602,11.208333333333334,0.0008144573345801726,0.9958868810486263,1.7256941759466615,0.004367975755368419,3.3333333333333335,5.449526345244227,0.9854970785646594,40,RBS1p4_mRNA4min,1.4,4.0,12.96,46.39423437278732,8.018563116043566,10.39672481694808,2.6978022261347134,0.009491612489216386,0.0033335732499771027,0.0011634466900541107,1.0667655601189472,0.9822495898469998,97.15180154530336,1.0295619089364296,0.8466270597133007,0.019799987760530397
True,resolved_oscillation,1.0,6.552458390476238,5.394871794871794,0.001484077471102281,0.8576683336756341,1.5936028602543113,0.03139046406814709,2.1333333333333333,3.522923154237271,0.9538925602144913,41,RBS0p6_mRNA1min,0.6,1.0,7.42,49.40013173723969,10.412217565426527,14.703428537972083,2.8552360687833604,0.0018249400764481717,0.01247610997814558,0.0010405666973996417,0.9558210447445018,0.9013708588645497,82.84054106959235,0.9194552522425895,0.8918941416823599,0.06056143545234152
True,resolved_oscillation,1.0,7.951763851715817,6.546969696969697,0.0010297891905247391,0.945411493850574,1.8570764619061195,0.019396776502091997,2.283333333333333,4.24682250371326,0.9524666020242297,41,RBS0p6_mRNA1p5min,0.6,1.5,9.077777777777778,49.40013173723969,10.412217565426527,14.703428537972083,2.8552360687833604,0.0018249400764481717,0.01247610997814558,0.0010405666973996417,0.9558210447445018,0.9013708588645497,82.84054106959235,0.9194552522425895,0.8918941416823599,0.06056143545234152
True,resolved_oscillation,1.0,9.026066797970925,7.431481481481482,0.0007475703962123101,0.9682009366901354,1.9778150593220922,0.017623831023004598,2.433333333333333,4.7624956453756475,0.9519127613125162,41,RBS0p6_mRNA2min,0.6,2.0,10.248571428571427,49.40013173723969,10.412217565426527,14.703428537972083,2.8552360687833604,0.0018249400764481717,0.01247610997814558,0.0010405666973996417,0.9558210447445018,0.9013708588645497,82.84054106959235,0.9194552522425895,0.8918941416823599,0.06056143545234152
True,resolved_oscillation,1.0,10.474234647405083,8.623809523809523,0.0010330362746476924,0.9831187136118892,2.074504443045955,0.016636575009398444,2.5833333333333335,5.29493253814299,0.9514829839944358,41,RBS0p6_mRNA3min,0.6,3.0,11.794285714285714,49.40013173723969,10.412217565426527,14.703428537972083,2.8552360687833604,0.0018249400764481717,0.01247610997814558,0.0010405666973996417,0.9558210447445018,0.9013708588645497,82.84054106959235,0.9194552522425895,0.8918941416823599,0.06056143545234152
True,resolved_oscillation,1.0,11.390947066849426,9.378571428571428,0.000867136393835965,0.9883705310317055,2.0927246551702328,0.016465036089515776,2.6166666666666667,5.4207069157675,0.9514836749817434,41,RBS0p6_mRNA4min,0.6,4.0,12.76,49.40013173723969,10.412217565426527,14.703428537972083,2.8552360687833604,0.0018249400764481717,0.01247610997814558,0.0010405666973996417,0.9558210447445018,0.9013708588645497,82.84054106959235,0.9194552522425895,0.8918941416823599,0.06056143545234152
True,resolved_oscillation,1.0,7.381283223613084,6.077272727272727,0.0013836386861642092,0.9274199248003482,1.7614641235309576,0.021264063411751945,2.191666666666667,3.882899707693225,0.9529493620548927,41,RBS0p8_mRNA1min,0.8,1.0,8.448,49.40013173723969,10.412217565426527,14.703428537972083,2.8552360687833604,0.0018249400764481717,0.01247610997814558,0.0010405666973996417,0.9558210447445018,0.9013708588645497,82.84054106959235,0.9194552522425895,0.8918941416823599,0.06056143545234152
True,resolved_oscillation,1.0,8.855127082883511,7.290740740740741,0.0012048301981845487,0.9670249159925131,1.945353550149701,0.017926215467826766,2.3666666666666667,4.577883783423874,0.9521263841908444,41,RBS0p8_mRNA1p5min,0.8,1.5,10.075,49.40013173723969,10.412217565426527,14.703428537972083,2.8552360687833604,0.0018249400764481717,0.01247610997814558,0.0010405666973996417,0.9558210447445018,0.9013708588645497,82.84054106959235,0.9194552522425895,0.8918941416823599,0.06056143545234152
True,resolved_oscillation,1.0,9.868394736131929,8.125,0.001096456377076613,0.9791935541016253,2.0213035770955092,0.017100712135077835,2.4833333333333334,4.958558773323601,0.9517978767530515,41,RBS0p8_mRNA2min,0.8,2.0,11.154285714285711,49.40013173723969,10.412217565426527,14.703428537972083,2.8552360687833604,0.0018249400764481717,0.01247610997814558,0.0010405666973996417,0.9558210447445018,0.9013708588645497,82.84054106959235,0.9194552522425895,0.8918941416823599,0.06056143545234152
True,resolved_oscillation,1.0,11.133573548456535,9.166666666666666,0.0,0.9878410401518805,2.054152535251747,0.016774624838625362,2.533333333333333,5.152847341099105,0.9517832728184817,41,RBS0p8_mRNA3min,0.8,3.0,12.476666666666668,49.40013173723969,10.412217565426527,14.703428537972083,2.8552360687833604,0.0018249400764481717,0.01247610997814558,0.0010405666973996417,0.9558210447445018,0.9013708588645497,82.84054106959235,0.9194552522425895,0.8918941416823599,0.06056143545234152
True,resolved_oscillation,1.0,11.870992056211449,9.773809523809524,0.0009114877921495594,0.9910527743167044,2.0194450489835085,0.017052844661869862,2.4583333333333335,4.95633072285947,0.9522068058748907,41,RBS0p8_mRNA4min,0.8,4.0,13.19,49.40013173723969,10.412217565426527,14.703428537972083,2.8552360687833604,0.0018249400764481717,0.01247610997814558,0.0010405666973996417,0.9558210447445018,0.9013708588645497,82.84054106959235,0.9194552522425895,0.8918941416823599,0.06056143545234152
True,resolved_oscillation,1.0,8.093095826678042,6.663333333333333,0.0010546198633211202,0.9530124739503522,1.8535822411948784,0.019129140360719842,2.25,4.173025256408082,0.9525777454950176,41,RBS1_mRNA1min,1.0,1.0,9.253333333333334,49.40013173723969,10.412217565426527,14.703428537972083,2.8552360687833604,0.0018249400764481717,0.01247610997814558,0.0010405666973996417,0.9558210447445018,0.9013708588645497,82.84054106959235,0.9194552522425895,0.8918941416823599,0.06056143545234152
True,resolved_oscillation,1.0,9.526796456804286,7.84375,0.0010997060706651064,0.9765039809692783,1.986481953909723,0.017422600685475863,2.4166666666666665,4.757769615816652,0.9519993213884018,41,RBS1_mRNA1p5min,1.0,1.5,10.794285714285714,49.40013173723969,10.412217565426527,14.703428537972083,2.8552360687833604,0.0018249400764481717,0.01247610997814558,0.0010405666973996417,0.9558210447445018,0.9013708588645497,82.84054106959235,0.9194552522425895,0.8918941416823599,0.06056143545234152
True,resolved_oscillation,1.0,10.448208111837262,8.602380952380951,0.0007322865516370303,0.9843426248920302,2.026943924600227,0.017014805264898902,2.475,4.974410321590276,0.9518860383157942,41,RBS1_mRNA2min,1.0,2.0,11.762857142857142,49.40013173723969,10.412217565426527,14.703428537972083,2.8552360687833604,0.0018249400764481717,0.01247610997814558,0.0010405666973996417,0.9558210447445018,0.9013708588645497,82.84054106959235,0.9194552522425895,0.8918941416823599,0.06056143545234152
True,resolved_oscillation,1.0,11.529755256544469,9.492857142857142,0.0009384643558499979,0.990155047260867,2.002511955345642,0.017198635441104056,2.4166666666666665,4.840462133807972,0.95230691842512,41,RBS1_mRNA3min,1.0,3.0,12.836666666666668,49.40013173723969,10.412217565426527,14.703428537972083,2.8552360687833604,0.0018249400764481717,0.01247610997814558,0.0010405666973996417,0.9558210447445018,0.9013708588645497,82.84054106959235,0.9194552522425895,0.8918941416823599,0.06056143545234152
True,resolved_oscillation,1.0,12.10233903903652,9.964285714285715,0.0006321986406367002,0.992359964821879,1.9148055926945462,0.01798105530007631,2.2666666666666666,4.3800209304918205,0.9532026968078757,41,RBS1_mRNA4min,1.0,4.0,13.29,49.40013173723969,10.412217565426527,14.703428537972083,2.8552360687833604,0.0018249400764481717,0.01247610997814558,0.0010405666973996417,0.9558210447445018,0.9013708588645497,82.84054106959235,0.9194552522425895,0.8918941416823599,0.06056143545234152
True,resolved_oscillation,1.0,8.6740659372975,7.141666666666667,0.0012299796422280745,0.9657041877754359,1.9098308143839833,0.01826950921857777,2.316666666666667,4.38577502597328,0.952360494288511,41,RBS1p2_mRNA1min,1.2,1.0,9.89,49.40013173723969,10.412217565426527,14.703428537972083,2.8552360687833604,0.0018249400764481717,0.01247610997814558,0.0010405666973996417,0.9558210447445018,0.9013708588645497,82.84054106959235,0.9194552522425895,0.8918941416823599,0.06056143545234152
True,resolved_oscillation,1.0,10.032867981734128,8.260416666666666,0.0010442353987526168,0.9816435019967944,2.001426212154509,0.017247158427356836,2.425,4.823091253423063,0.9520064838520571,41,RBS1p2_mRNA1p5min,1.2,1.5,11.325714285714287,49.40013173723969,10.412217565426527,14.703428537972083,2.8552360687833604,0.0018249400764481717,0.01247610997814558,0.0010405666973996417,0.9558210447445018,0.9013708588645497,82.84054106959235,0.9194552522425895,0.8918941416823599,0.06056143545234152
True,resolved_oscillation,1.0,10.858849006351765,8.940476190476192,0.000996446707529678,0.9872294097783912,2.010464527449712,0.017139664986468628,2.433333333333333,4.87099757154589,0.9521126977929557,41,RBS1p2_mRNA2min,1.2,2.0,12.174285714285713,49.40013173723969,10.412217565426527,14.703428537972083,2.8552360687833604,0.0018249400764481717,0.01247610997814558,0.0010405666973996417,0.9558210447445018,0.9013708588645497,82.84054106959235,0.9194552522425895,0.8918941416823599,0.06056143545234152
True,resolved_oscillation,1.0,11.758210402084227,9.680952380952382,0.0006507012570252312,0.9914638060490303,1.930209673551124,0.017839004471956545,2.283333333333333,4.444203072777219,0.9529981953174842,41,RBS1p2_mRNA3min,1.2,3.0,12.986666666666668,49.40013173723969,10.412217565426527,14.703428537972083,2.8552360687833604,0.0018249400764481717,0.01247610997814558,0.0010405666973996417,0.9558210447445018,0.9013708588645497,82.84054106959235,0.9194552522425895,0.8918941416823599,0.06056143545234152
True,resolved_oscillation,1.0,12.186202320310608,10.033333333333333,0.0,0.993058185261279,1.7875990297739317,0.019258455333845303,2.05,3.7837504208861925,0.9544414470352381,41,RBS1p2_mRNA4min,1.2,4.0,13.183333333333332,49.40013173723969,10.412217565426527,14.703428537972083,2.8552360687833604,0.0018249400764481717,0.01247610997814558,0.0010405666973996417,0.9558210447445018,0.9013708588645497,82.84054106959235,0.9194552522425895,0.8918941416823599,0.06056143545234152
True,resolved_oscillation,1.0,9.152022377509018,7.535185185185185,0.000737281887441632,0.9730785246971371,1.9442388836735984,0.017834603418412746,2.35,4.529957399695066,0.9522399606628109,41,RBS1p4_mRNA1min,1.4,1.0,10.402857142857142,49.40013173723969,10.412217565426527,14.703428537972083,2.8552360687833604,0.0018249400764481717,0.01247610997814558,0.0010405666973996417,0.9558210447445018,0.9013708588645497,82.84054106959235,0.9194552522425895,0.8918941416823599,0.06056143545234152
True,resolved_oscillation,1.0,10.416397901698815,8.576190476190476,0.0010387721784491787,0.9847938904685329,1.9996960895056972,0.01724230870308502,2.4166666666666665,4.8038737337739725,0.9521110664260845,41,RBS1p4_mRNA1p5min,1.4,1.5,11.722857142857142,49.40013173723969,10.412217565426527,14.703428537972083,2.8552360687833604,0.0018249400764481717,0.01247610997814558,0.0010405666973996417,0.9558210447445018,0.9013708588645497,82.84054106959235,0.9194552522425895,0.8918941416823599,0.06056143545234152
True,resolved_oscillation,1.0,11.1480327348831,9.178571428571427,0.0008860311946355036,0.9890288595665869,1.9790466894900225,0.017404828858576006,2.375,4.690928402679647,0.952443981071534,41,RBS1p4_mRNA2min,1.4,2.0,12.446666666666667,49.40013173723969,10.412217565426527,14.703428537972083,2.8552360687833604,0.0018249400764481717,0.01247610997814558,0.0010405666973996417,0.9558210447445018,0.9013708588645497,82.84054106959235,0.9194552522425895,0.8918941416823599,0.06056143545234152
True,resolved_oscillation,1.0,11.885451242638014,9.785714285714285,0.0006437351121811656,0.9922597913988122,1.8424694878759937,0.018686267092756777,2.1333333333333333,4.014958429727339,0.9538334630282733,41,RBS1p4_mRNA3min,1.4,3.0,12.99,49.40013173723969,10.412217565426527,14.703428537972083,2.8552360687833604,0.0018249400764481717,0.01247610997814558,0.0010405666973996417,0.9558210447445018,0.9013708588645497,82.84054106959235,0.9194552522425895,0.8918941416823599,0.06056143545234152
True,resolved_oscillation,1.0,12.177526808454667,10.026190476190475,0.000888543668196139,0.9934151294357961,1.642681845335123,0.020955693700294015,1.8666666666666667,3.2098195329743833,0.9559422132702599,41,RBS1p4_mRNA4min,1.4,4.0,12.96,49.40013173723969,10.412217565426527,14.703428537972083,2.8552360687833604,0.0018249400764481717,0.01247610997814558,0.0010405666973996417,0.9558210447445018,0.9013708588645497,82.84054106959235,0.9194552522425895,0.8918941416823599,0.06056143545234152
True,resolved_oscillation,1.0,8.845058601700291,7.527777777777778,0.001107011070110701,0.9589270154520763,2.4070658310833806,0.0020229856526190874,2.933333333333333,6.675322819254854,0.8661669191305055,42,RBS0p6_mRNA1min,0.6,1.0,7.42,51.064293297032826,11.044551164432463,13.092978024546731,3.330027207719926,0.0028870541133565702,0.0013303939060657092,0.004047013288622589,0.9836732537232118,1.1174041307165405,71.17925906009776,1.0558431419557603,0.8947696622627155,0.11022781571849774
True,resolved_oscillation,1.0,10.647641445884439,9.061904761904762,0.0008974383224697494,0.9805354435144303,2.60880097518249,0.0017409263841507603,3.4166666666666665,8.371429689234187,0.8716799191517948,42,RBS0p6_mRNA1p5min,0.6,1.5,9.077777777777778,51.064293297032826,11.044551164432463,13.092978024546731,3.330027207719926,0.0028870541133565702,0.0013303939060657092,0.004047013288622589,0.9836732537232118,1.1174041307165405,71.17925906009776,1.0558431419557603,0.8947696622627155,0.11022781571849774
True,resolved_oscillation,1.0,11.889773028115835,10.119047619047619,0.0006225297202504919,0.9875978011963228,2.696003146925421,0.0016708572311776343,3.7666666666666666,9.529589386765663,0.8740352134118567,42,RBS0p6_mRNA2min,0.6,2.0,10.248571428571427,51.064293297032826,11.044551164432463,13.092978024546731,3.330027207719926,0.0028870541133565702,0.0013303939060657092,0.004047013288622589,0.9836732537232118,1.1174041307165405,71.17925906009776,1.0558431419557603,0.8947696622627155,0.11022781571849774
True,resolved_oscillation,1.0,13.578960076204385,11.556666666666667,0.000789908505199259,0.9927401460002898,2.7661956427514647,0.0016240001369262286,4.266666666666667,11.053167247452329,0.8756782238429107,42,RBS0p6_mRNA3min,0.6,3.0,11.794285714285714,51.064293297032826,11.044551164432463,13.092978024546731,3.330027207719926,0.0028870541133565702,0.0013303939060657092,0.004047013288622589,0.9836732537232118,1.1174041307165405,71.17925906009776,1.0558431419557603,0.8947696622627155,0.11022781571849774
True,resolved_oscillation,1.0,14.710866468481015,12.520000000000001,0.0005953322623801358,0.9945859521650215,2.788083640546591,0.0016104897367966422,4.616666666666666,12.040283361388925,0.8757872421211188,42,RBS0p6_mRNA4min,0.6,4.0,12.76,51.064293297032826,11.044551164432463,13.092978024546731,3.330027207719926,0.0028870541133565702,0.0013303939060657092,0.004047013288622589,0.9836732537232118,1.1174041307165405,71.17925906009776,1.0558431419557603,0.8947696622627155,0.11022781571849774
True,resolved_oscillation,1.0,10.004194905539347,8.514285714285714,0.0007398633420202993,0.9756577802929157,2.541676264417233,0.0018023648035623118,3.216666666666667,7.697635284339276,0.8695342402015807,42,RBS0p8_mRNA1min,0.8,1.0,8.448,51.064293297032826,11.044551164432463,13.092978024546731,3.330027207719926,0.0028870541133565702,0.0013303939060657092,0.004047013288622589,0.9836732537232118,1.1174041307165405,71.17925906009776,1.0558431419557603,0.8947696622627155,0.11022781571849774
True,resolved_oscillation,1.0,11.73590537716375,9.988095238095239,0.0008142193695637345,0.9872930995184539,2.6796460741088137,0.0016811845049377432,3.7,9.302947941936225,0.8732757512585774,42,RBS0p8_mRNA1p5min,0.8,1.5,10.075,51.064293297032826,11.044551164432463,13.092978024546731,3.330027207719926,0.0028870541133565702,0.0013303939060657092,0.004047013288622589,0.9836732537232118,1.1174041307165405,71.17925906009776,1.0558431419557603,0.8947696622627155,0.11022781571849774
True,resolved_oscillation,1.0,12.911827242924852,10.988888888888889,0.0007832120012552916,0.9913963906521477,2.735897141616437,0.0016426937211191234,4.041666666666667,10.358611074402411,0.8746226776795014,42,RBS0p8_mRNA2min,0.8,2.0,11.154285714285711,51.064293297032826,11.044551164432463,13.092978024546731,3.330027207719926,0.0028870541133565702,0.0013303939060657092,0.004047013288622589,0.9836732537232118,1.1174041307165405,71.17925906009776,1.0558431419557603,0.8947696622627155,0.11022781571849774
True,resolved_oscillation,1.0,14.460202077111795,12.306666666666667,0.0007417694440752521,0.9944089099926439,2.7732682949006864,0.0016191088639475697,4.5,11.693010916267102,0.8749045465900464,42,RBS0p8_mRNA3min,0.8,3.0,12.476666666666668,51.064293297032826,11.044551164432463,13.092978024546731,3.330027207719926,0.0028870541133565702,0.0013303939060657092,0.004047013288622589,0.9836732537232118,1.1174041307165405,71.17925906009776,1.0558431419557603,0.8947696622627155,0.11022781571849774
True,resolved_oscillation,1.0,15.426630804773588,13.129166666666666,0.0006347191367819739,0.9953383315148929,2.7738514321064116,0.001618503475020477,4.8,12.476112730984587,0.8738457711544705,42,RBS0p8_mRNA4min,0.8,4.0,13.19,51.064293297032826,11.044551164432463,13.092978024546731,3.330027207719926,0.0028870541133565702,0.0013303939060657092,0.004047013288622589,0.9836732537232118,1.1174041307165405,71.17925906009776,1.0558431419557603,0.8947696622627155,0.11022781571849774
True,resolved_oscillation,1.0,10.882639312793081,9.261904761904761,0.0008780591915989374,0.9829878815120286,2.6162669619773644,0.001728983189731654,3.45,8.467741876832372,0.8713715623879074,42,RBS1_mRNA1min,1.0,1.0,9.253333333333334,51.064293297032826,11.044551164432463,13.092978024546731,3.330027207719926,0.0028870541133565702,0.0013303939060657092,0.004047013288622589,0.9836732537232118,1.1174041307165405,71.17925906009776,1.0558431419557603,0.8947696622627155,0.11022781571849774
True,resolved_oscillation,1.0,12.543011146248787,10.675,0.0008551484114054115,0.9905016770316565,2.715587143845551,0.0016555489544430604,3.9166666666666665,9.967972521150871,0.8739011582146379,42,RBS1_mRNA1p5min,1.0,1.5,10.794285714285714,51.064293297032826,11.044551164432463,13.092978024546731,3.330027207719926,0.0028870541133565702,0.0013303939060657092,0.004047013288622589,0.9836732537232118,1.1174041307165405,71.17925906009776,1.0558431419557603,0.8947696622627155,0.11022781571849774
True,resolved_oscillation,1.0,13.645542805161835,11.613333333333333,0.0006418105561136021,0.9932208546679825,2.7520257984039507,0.0016320211174017081,4.233333333333333,10.925362755635119,0.8744645206756727,42,RBS1_mRNA2min,1.0,2.0,11.762857142857142,51.064293297032826,11.044551164432463,13.092978024546731,3.330027207719926,0.0028870541133565702,0.0013303939060657092,0.004047013288622589,0.9836732537232118,1.1174041307165405,71.17925906009776,1.0558431419557603,0.8947696622627155,0.11022781571849774
True,resolved_oscillation,1.0,15.032030219922826,12.793333333333333,0.0007135520551135567,0.9950887480034608,2.764842448192297,0.001623820443570954,4.65,12.052993582411261,0.8734578364207829,42,RBS1_mRNA3min,1.0,3.0,12.836666666666668,51.064293297032826,11.044551164432463,13.092978024546731,3.330027207719926,0.0028870541133565702,0.0013303939060657092,0.004047013288622589,0.9836732537232118,1.1174041307165405,71.17925906009776,1.0558431419557603,0.8947696622627155,0.11022781571849774
True,resolved_oscillation,1.0,15.79381497181834,13.441666666666666,0.0007158713815122452,0.9953674610659975,2.7454958281592856,0.0016351664311057524,4.891666666666667,12.573707055036884,0.8710558843887053,42,RBS1_mRNA4min,1.0,4.0,13.29,51.064293297032826,11.044551164432463,13.092978024546731,3.330027207719926,0.0028870541133565702,0.0013303939060657092,0.004047013288622589,0.9836732537232118,1.1174041307165405,71.17925906009776,1.0558431419557603,0.8947696622627155,0.11022781571849774
True,resolved_oscillation,1.0,11.576442538904312,9.852380952380951,0.0006393792438532119,0.986961079594037,2.6615165102534952,0.0016927796783637995,3.6333333333333333,9.065060773735553,0.8724189666067487,42,RBS1p2_mRNA1min,1.2,1.0,9.89,51.064293297032826,11.044551164432463,13.092978024546731,3.330027207719926,0.0028870541133565702,0.0013303939060657092,0.004047013288622589,0.9836732537232118,1.1174041307165405,71.17925906009776,1.0558431419557603,0.8947696622627155,0.11022781571849774
True,resolved_oscillation,1.0,13.166408265409215,11.205555555555556,0.0007680680904724674,0.9922969579547974,2.734408111603377,0.0016429497905165852,4.083333333333333,10.462351927656734,0.8739940886888655,42,RBS1p2_mRNA1p5min,1.2,1.5,11.325714285714287,51.064293297032826,11.044551164432463,13.092978024546731,3.330027207719926,0.0028870541133565702,0.0013303939060657092,0.004047013288622589,0.9836732537232118,1.1174041307165405,71.17925906009776,1.0558431419557603,0.8947696622627155,0.11022781571849774
True,resolved_oscillation,1.0,14.193871161281999,12.08,0.0006170165500827236,0.9942073478780952,2.755925352502088,0.0016293158953464557,4.383333333333334,11.319298615941968,0.8738532671855332,42,RBS1p2_mRNA2min,1.2,2.0,12.174285714285713,51.064293297032826,11.044551164432463,13.092978024546731,3.330027207719926,0.0028870541133565702,0.0013303939060657092,0.004047013288622589,0.9836732537232118,1.1174041307165405,71.17925906009776,1.0558431419557603,0.8947696622627155,0.11022781571849774
True,resolved_oscillation,1.0,15.388443651400932,13.096666666666666,0.0005691188540340519,0.9952808447596833,2.74678895730575,0.0016344166132502675,4.75,12.203636446396045,0.8714654330102138,42,RBS1p2_mRNA3min,1.2,3.0,12.986666666666668,51.064293297032826,11.044551164432463,13.092978024546731,3.330027207719926,0.0028870541133565702,0.0013303939060657092,0.004047013288622589,0.9836732537232118,1.1174041307165405,71.17925906009776,1.0558431419557603,0.8947696622627155,0.11022781571849774
True,resolved_oscillation,1.0,15.906418116378733,13.5375,0.0006155740227762388,0.9949366733539821,2.7060238768574694,0.0016590511073931685,4.883333333333334,12.389033098078237,0.8674694390976426,42,RBS1p2_mRNA4min,1.2,4.0,13.183333333333332,51.064293297032826,11.044551164432463,13.092978024546731,3.330027207719926,0.0028870541133565702,0.0013303939060657092,0.004047013288622589,0.9836732537232118,1.1174041307165405,71.17925906009776,1.0558431419557603,0.8947696622627155,0.11022781571849774
True,resolved_oscillation,1.0,12.144820316209143,10.33611111111111,0.0006582880254725015,0.9893941697478865,2.6904469613530666,0.0016718389952185373,3.783333333333333,9.541157449484592,0.8729940443494487,42,RBS1p4_mRNA1min,1.4,1.0,10.402857142857142,51.064293297032826,11.044551164432463,13.092978024546731,3.330027207719926,0.0028870541133565702,0.0013303939060657092,0.004047013288622589,0.9836732537232118,1.1174041307165405,71.17925906009776,1.0558431419557603,0.8947696622627155,0.11022781571849774
True,resolved_oscillation,1.0,13.657292698507266,11.623333333333333,0.000785377914403737,0.9933943541733347,2.743404962612402,0.0016370310322767713,4.216666666666667,10.836904005782879,0.8737458422616596,42,RBS1p4_mRNA1p5min,1.4,1.5,11.722857142857142,51.064293297032826,11.044551164432463,13.092978024546731,3.330027207719926,0.0028870541133565702,0.0013303939060657092,0.004047013288622589,0.9836732537232118,1.1174041307165405,71.17925906009776,1.0558431419557603,0.8947696622627155,0.11022781571849774
True,resolved_oscillation,1.0,14.605117428372123,12.43,0.0005996427936443524,0.9947539743861872,2.752271930213809,0.0016312991420508619,4.5,11.584851843160353,0.8729058993156938,42,RBS1p4_mRNA2min,1.4,2.0,12.446666666666667,51.064293297032826,11.044551164432463,13.092978024546731,3.330027207719926,0.0028870541133565702,0.0013303939060657092,0.004047013288622589,0.9836732537232118,1.1174041307165405,71.17925906009776,1.0558431419557603,0.8947696622627155,0.11022781571849774
True,resolved_oscillation,1.0,15.578400260485418,13.258333333333333,0.0007257702943929928,0.9951581374769164,2.7212475106063363,0.0016497444083025347,4.775,12.177060096573568,0.8689673152766445,42,RBS1p4_mRNA3min,1.4,3.0,12.99,51.064293297032826,11.044551164432463,13.092978024546731,3.330027207719926,0.0028870541133565702,0.0013303939060657092,0.004047013288622589,0.9836732537232118,1.1174041307165405,71.17925906009776,1.0558431419557603,0.8947696622627155,0.11022781571849774
True,resolved_oscillation,1.0,15.818293916287992,13.4625,0.0006190034045187249,0.9941088741797052,2.6559608406399713,0.0016904448537896934,4.8,11.957783910855861,0.8631088137739668,42,RBS1p4_mRNA4min,1.4,4.0,12.96,51.064293297032826,11.044551164432463,13.092978024546731,3.330027207719926,0.0028870541133565702,0.0013303939060657092,0.004047013288622589,0.9836732537232118,1.1174041307165405,71.17925906009776,1.0558431419557603,0.8947696622627155,0.11022781571849774
True,resolved_oscillation,1.0,6.236905838339862,4.844444444444445,0.0016787271897050452,0.7640697269906545,1.409985292603321,0.05301037013447958,2.183333333333333,3.2424856245580966,0.8872321600168277,43,RBS0p6_mRNA1min,0.6,1.0,7.42,46.60430575684886,10.10521111781211,14.902661844417974,2.8049816471356666,0.003222193526526805,0.005106645039068081,0.002526799133040374,0.908208279925487,0.8954092962956087,84.25031808367338,1.06349997844229,0.8202646131691915,0.15124762114166654
True,resolved_oscillation,1.0,7.502883284883618,5.827777777777778,0.001408100945426113,0.9246197364242321,1.752103993822601,0.010982282619355842,2.308333333333333,3.9692906506602808,0.8760322475229226,43,RBS0p6_mRNA1p5min,0.6,1.5,9.077777777777778,46.60430575684886,10.10521111781211,14.902661844417974,2.8049816471356666,0.003222193526526805,0.005106645039068081,0.002526799133040374,0.908208279925487,0.8954092962956087,84.25031808367338,1.06349997844229,0.8202646131691915,0.15124762114166654
True,resolved_oscillation,1.0,8.623666707897215,6.698333333333333,0.000786831963216815,0.9592034941587793,1.902951175845939,0.008256397573918025,2.5,4.602897586452742,0.8721055856118092,43,RBS0p6_mRNA2min,0.6,2.0,10.248571428571427,46.60430575684886,10.10521111781211,14.902661844417974,2.8049816471356666,0.003222193526526805,0.005106645039068081,0.002526799133040374,0.908208279925487,0.8954092962956087,84.25031808367338,1.06349997844229,0.8202646131691915,0.15124762114166654
True,resolved_oscillation,1.0,10.288748908775103,7.991666666666666,0.0011147497055784125,0.9802910086430563,2.0495150559635325,0.00720666660363719,2.8333333333333335,5.553313648991537,0.8675016110018308,43,RBS0p6_mRNA3min,0.6,3.0,11.794285714285714,46.60430575684886,10.10521111781211,14.902661844417974,2.8049816471356666,0.003222193526526805,0.005106645039068081,0.002526799133040374,0.908208279925487,0.8954092962956087,84.25031808367338,1.06349997844229,0.8202646131691915,0.15124762114166654
True,resolved_oscillation,1.0,11.46736471554526,8.907142857142857,0.0010001757248794282,0.9873560687540461,2.1145860176784783,0.006916833947057562,3.066666666666667,6.187795851368691,0.8644870080430554,43,RBS0p6_mRNA4min,0.6,4.0,12.76,46.60430575684886,10.10521111781211,14.902661844417974,2.8049816471356666,0.003222193526526805,0.005106645039068081,0.002526799133040374,0.908208279925487,0.8954092962956087,84.25031808367338,1.06349997844229,0.8202646131691915,0.15124762114166654
True,resolved_oscillation,1.0,6.9323406460023165,5.384615384615385,0.000858464589396188,0.8950610910192456,1.640386974977287,0.014695602466254872,2.2,3.588039824175042,0.8788794600118789,43,RBS0p8_mRNA1min,0.8,1.0,8.448,46.60430575684886,10.10521111781211,14.902661844417974,2.8049816471356666,0.003222193526526805,0.005106645039068081,0.002526799133040374,0.908208279925487,0.8954092962956087,84.25031808367338,1.06349997844229,0.8202646131691915,0.15124762114166654
True,resolved_oscillation,1.0,8.430746570049484,6.548484848484849,0.0007673819505681165,0.9573479277532319,1.8698188988754623,0.008433797700878185,2.433333333333333,4.406061126106836,0.8728029598821703,43,RBS0p8_mRNA1p5min,0.8,1.5,10.075,46.60430575684886,10.10521111781211,14.902661844417974,2.8049816471356666,0.003222193526526805,0.005106645039068081,0.002526799133040374,0.908208279925487,0.8954092962956087,84.25031808367338,1.06349997844229,0.8202646131691915,0.15124762114166654
True,resolved_oscillation,1.0,9.579467759346164,7.440740740740741,0.0011805416849807288,0.9748427407375777,1.9827182510685548,0.007521903892114856,2.65,5.0466724298683685,0.8693000562761541,43,RBS0p8_mRNA2min,0.8,2.0,11.154285714285711,46.60430575684886,10.10521111781211,14.902661844417974,2.8049816471356666,0.003222193526526805,0.005106645039068081,0.002526799133040374,0.908208279925487,0.8954092962956087,84.25031808367338,1.06349997844229,0.8202646131691915,0.15124762114166654
True,resolved_oscillation,1.0,11.18535521171469,8.688095238095238,0.0009360510428390972,0.9866938296221429,2.084654852408563,0.00701784953434768,2.966666666666667,5.895491312367471,0.8647370137091356,43,RBS0p8_mRNA3min,0.8,3.0,12.476666666666668,46.60430575684886,10.10521111781211,14.902661844417974,2.8049816471356666,0.003222193526526805,0.005106645039068081,0.002526799133040374,0.908208279925487,0.8954092962956087,84.25031808367338,1.06349997844229,0.8202646131691915,0.15124762114166654
True,resolved_oscillation,1.0,12.273544058017434,9.533333333333333,0.0,0.9909538059454598,2.1219542467072086,0.006870275245951164,3.1666666666666665,6.391218490957533,0.8611807148326363,43,RBS0p8_mRNA4min,0.8,4.0,13.19,46.60430575684886,10.10521111781211,14.902661844417974,2.8049816471356666,0.003222193526526805,0.005106645039068081,0.002526799133040374,0.908208279925487,0.8954092962956087,84.25031808367338,1.06349997844229,0.8202646131691915,0.15124762114166654
True,resolved_oscillation,1.0,7.617321924119212,5.916666666666667,0.0,0.936030439430706,1.7561190004006537,0.009985692535946493,2.283333333333333,3.907895861202071,0.8758050174351254,43,RBS1_mRNA1min,1.0,1.0,9.253333333333334,46.60430575684886,10.10521111781211,14.902661844417974,2.8049816471356666,0.003222193526526805,0.005106645039068081,0.002526799133040374,0.908208279925487,0.8954092962956087,84.25031808367338,1.06349997844229,0.8202646131691915,0.15124762114166654
True,resolved_oscillation,1.0,9.183700798656401,7.133333333333334,0.0,0.9710127360661687,1.9396450668362137,0.007751841925017425,2.55,4.763585187091595,0.870441834055149,43,RBS1_mRNA1p5min,1.0,1.5,10.794285714285714,46.60430575684886,10.10521111781211,14.902661844417974,2.8049816471356666,0.003222193526526805,0.005106645039068081,0.002526799133040374,0.908208279925487,0.8954092962956087,84.25031808367338,1.06349997844229,0.8202646131691915,0.15124762114166654
True,resolved_oscillation,1.0,10.307523998024694,8.00625,0.0010773857288717474,0.9819690772442742,2.0261250169260823,0.007260008578214759,2.7666666666666666,5.363744405492334,0.8670539633463678,43,RBS1_mRNA2min,1.0,2.0,11.762857142857142,46.60430575684886,10.10521111781211,14.902661844417974,2.8049816471356666,0.003222193526526805,0.005106645039068081,0.002526799133040374,0.908208279925487,0.8954092962956087,84.25031808367338,1.06349997844229,0.8202646131691915,0.15124762114166654
True,resolved_oscillation,1.0,11.826007236721093,9.185714285714285,0.0006857831288399664,0.9898220615498352,2.0952607870120112,0.0069619529615135576,3.0416666666666665,6.079481268385166,0.8620574900824177,43,RBS1_mRNA3min,1.0,3.0,12.836666666666668,46.60430575684886,10.10521111781211,14.902661844417974,2.8049816471356666,0.003222193526526805,0.005106645039068081,0.002526799133040374,0.908208279925487,0.8954092962956087,84.25031808367338,1.06349997844229,0.8202646131691915,0.15124762114166654
True,resolved_oscillation,1.0,12.822236462209522,9.959523809523809,0.0008944913666684059,0.9927441288361455,2.109900790460243,0.006901938424854679,3.2,6.426369045117616,0.857459608895105,43,RBS1_mRNA4min,1.0,4.0,13.29,46.60430575684886,10.10521111781211,14.902661844417974,2.8049816471356666,0.003222193526526805,0.005106645039068081,0.002526799133040374,0.908208279925487,0.8954092962956087,84.25031808367338,1.06349997844229,0.8202646131691915,0.15124762114166654
True,resolved_oscillation,1.0,8.22787807322275,6.390909090909091,0.001361916227249414,0.9552258113517941,1.833074760331701,0.008640548200821187,2.3666666666666667,4.201302745550252,0.8736042997836754,43,RBS1p2_mRNA1min,1.2,1.0,9.89,46.60430575684886,10.10521111781211,14.902661844417974,2.8049816471356666,0.003222193526526805,0.005106645039068081,0.002526799133040374,0.908208279925487,0.8954092962956087,84.25031808367338,1.06349997844229,0.8202646131691915,0.15124762114166654
True,resolved_oscillation,1.0,9.79642434623031,7.609259259259259,0.0011543968095041538,0.9782359207459409,1.9837223464370868,0.007456865025725679,2.65,5.042666204869931,0.8685066944253208,43,RBS1p2_mRNA1p5min,1.2,1.5,11.325714285714287,46.60430575684886,10.10521111781211,14.902661844417974,2.8049816471356666,0.003222193526526805,0.005106645039068081,0.002526799133040374,0.908208279925487,0.8954092962956087,84.25031808367338,1.06349997844229,0.8202646131691915,0.15124762114166654
True,resolved_oscillation,1.0,10.881505297940718,8.452083333333333,0.0006971720790599434,0.9859185168259355,2.0497764320415124,0.0071393781224925795,2.85,5.583855705282161,0.8650383982966625,43,RBS1p2_mRNA2min,1.2,2.0,12.174285714285713,46.60430575684886,10.10521111781211,14.902661844417974,2.8049816471356666,0.003222193526526805,0.005106645039068081,0.002526799133040374,0.908208279925487,0.8954092962956087,84.25031808367338,1.06349997844229,0.8202646131691915,0.15124762114166654
True,resolved_oscillation,1.0,12.30419726495554,9.557142857142857,0.0009321518153397961,0.9916140645017538,2.09193930986028,0.006964560389218039,3.0833333333333335,6.154619357594997,0.8591882491612196,43,RBS1p2_mRNA3min,1.2,3.0,12.986666666666668,46.60430575684886,10.10521111781211,14.902661844417974,2.8049816471356666,0.003222193526526805,0.005106645039068081,0.002526799133040374,0.908208279925487,0.8954092962956087,84.25031808367338,1.06349997844229,0.8202646131691915,0.15124762114166654
True,resolved_oscillation,1.0,13.20233622824203,10.254761904761905,0.0007930462631344011,0.9937609043155937,2.0856952089482528,0.006978554119667313,3.2,6.349575521717003,0.8530632509990762,43,RBS1p2_mRNA4min,1.2,4.0,13.183333333333332,46.60430575684886,10.10521111781211,14.902661844417974,2.8049816471356666,0.003222193526526805,0.005106645039068081,0.002526799133040374,0.908208279925487,0.8954092962956087,84.25031808367338,1.06349997844229,0.8202646131691915,0.15124762114166654
True,resolved_oscillation,1.0,8.758847350494259,6.803333333333333,0.0010329177397250954,0.9660239119623915,1.8877833809439333,0.008062908923366256,2.45,4.456913755377429,0.8718121150880422,43,RBS1p4_mRNA1min,1.4,1.0,10.402857142857142,46.60430575684886,10.10521111781211,14.902661844417974,2.8049816471356666,0.003222193526526805,0.005106645039068081,0.002526799133040374,0.908208279925487,0.8954092962956087,84.25031808367338,1.06349997844229,0.8202646131691915,0.15124762114166654
True,resolved_oscillation,1.0,10.302159686810525,8.002083333333333,0.0007363777986842463,0.9826002962215784,2.0120724680332933,0.007300219752805042,2.7333333333333334,5.257249258968966,0.8668029644817451,43,RBS1p4_mRNA1p5min,1.4,1.5,11.722857142857142,46.60430575684886,10.10521111781211,14.902661844417974,2.8049816471356666,0.003222193526526805,0.005106645039068081,0.002526799133040374,0.908208279925487,0.8954092962956087,84.25031808367338,1.06349997844229,0.8202646131691915,0.15124762114166654
True,resolved_oscillation,1.0,11.341686567099027,8.809523809523808,0.0010112587531821463,0.9883749361527812,2.061310444797814,0.00708261580711623,2.9166666666666665,5.730851591339729,0.863078191446472,43,RBS1p4_mRNA2min,1.4,2.0,12.446666666666667,46.60430575684886,10.10521111781211,14.902661844417974,2.8049816471356666,0.003222193526526805,0.005106645039068081,0.002526799133040374,0.908208279925487,0.8954092962956087,84.25031808367338,1.06349997844229,0.8202646131691915,0.15124762114166654
True,resolved_oscillation,1.0,12.665905106825186,9.838095238095239,0.0008266336532719908,0.9927401685683344,2.079403092514499,0.007002267988229817,3.1,6.151823034292149,0.8559724902762259,43,RBS1p4_mRNA3min,1.4,3.0,12.99,46.60430575684886,10.10521111781211,14.902661844417974,2.8049816471356666,0.003222193526526805,0.005106645039068081,0.002526799133040374,0.908208279925487,0.8954092962956087,84.25031808367338,1.06349997844229,0.8202646131691915,0.15124762114166654
True,resolved_oscillation,1.0,13.46084494008672,10.455555555555556,0.0008231633041886115,0.9943771747829535,2.0526132516360676,0.007089014973788188,3.1666666666666665,6.196070512661811,0.8478205117634545,43,RBS1p4_mRNA4min,1.4,4.0,12.96,46.60430575684886,10.10521111781211,14.902661844417974,2.8049816471356666,0.003222193526526805,0.005106645039068081,0.002526799133040374,0.908208279925487,0.8954092962956087,84.25031808367338,1.06349997844229,0.8202646131691915,0.15124762114166654
True,resolved_oscillation,1.0,7.167642441948673,5.761111111111111,0.0014243952668775242,0.9051039468934658,2.423603685572134,0.007634901018356523,2.216666666666667,5.287665238956005,0.9739416654041269,44,RBS0p6_mRNA1min,0.6,1.0,7.42,48.22599194452702,9.449683342864013,11.115620136874062,3.111576443032326,0.0011215514125810957,0.0036695989900129766,0.0021565569233974627,1.0075521655261945,0.8381393049392734,66.78680872416733,1.018284956573069,1.1558603750109588,0.023395937235949568
True,resolved_oscillation,1.0,8.893313990974567,7.148148148148149,0.0007772020725388602,0.9626939542662288,2.79534025388559,0.004904757727867418,2.575,6.891507993929802,0.9734112513027142,44,RBS0p6_mRNA1p5min,0.6,1.5,9.077777777777778,48.22599194452702,9.449683342864013,11.115620136874062,3.111576443032326,0.0011215514125810957,0.0036695989900129766,0.0021565569233974627,1.0075521655261945,0.8381393049392734,66.78680872416733,1.018284956573069,1.1558603750109588,0.023395937235949568
True,resolved_oscillation,1.0,10.157904073046113,8.164583333333333,0.0007217216444874178,0.9783819334936783,2.9730679852146666,0.004484169462389824,2.8583333333333334,8.094105516339082,0.9731377030879377,44,RBS0p6_mRNA2min,0.6,2.0,10.248571428571427,48.22599194452702,9.449683342864013,11.115620136874062,3.111576443032326,0.0011215514125810957,0.0036695989900129766,0.0021565569233974627,1.0075521655261945,0.8381393049392734,66.78680872416733,1.018284956573069,1.1558603750109588,0.023395937235949568
True,resolved_oscillation,1.0,11.896370869348065,9.561904761904762,0.0008505105217429947,0.9889147314859376,3.136156024805911,0.004216595437507382,3.2666666666666666,9.707982001772365,0.9727434101884326,44,RBS0p6_mRNA3min,0.6,3.0,11.794285714285714,48.22599194452702,9.449683342864013,11.115620136874062,3.111576443032326,0.0011215514125810957,0.0036695989900129766,0.0021565569233974627,1.0075521655261945,0.8381393049392734,66.78680872416733,1.018284956573069,1.1558603750109588,0.023395937235949568
True,resolved_oscillation,1.0,13.087686561070214,10.519444444444444,0.0006468153532567146,0.9927090772633506,3.2076870148386156,0.0041173624413351415,3.55,10.739272358442417,0.9723648429684303,44,RBS0p6_mRNA4min,0.6,4.0,12.76,48.22599194452702,9.449683342864013,11.115620136874062,3.111576443032326,0.0011215514125810957,0.0036695989900129766,0.0021565569233974627,1.0075521655261945,0.8381393049392734,66.78680872416733,1.018284956573069,1.1558603750109588,0.023395937235949568
True,resolved_oscillation,1.0,8.252811066235985,6.633333333333334,0.0,0.9510060977291047,2.6709513124108937,0.0053051936200215945,2.4166666666666665,6.215706303381514,0.9734874298617391,44,RBS0p8_mRNA1min,0.8,1.0,8.448,48.22599194452702,9.449683342864013,11.115620136874062,3.111576443032326,0.0011215514125810957,0.0036695989900129766,0.0021565569233974627,1.0075521655261945,0.8381393049392734,66.78680872416733,1.018284956573069,1.1558603750109588,0.023395937235949568
True,resolved_oscillation,1.0,10.010162166395531,8.045833333333333,0.0009589022265899031,0.9777979142198068,2.9451802161631053,0.004527656615915273,2.8,7.858567041727156,0.9730658231338992,44,RBS0p8_mRNA1p5min,0.8,1.5,10.075,48.22599194452702,9.449683342864013,11.115620136874062,3.111576443032326,0.0011215514125810957,0.0036695989900129766,0.0021565569233974627,1.0075521655261945,0.8381393049392734,66.78680872416733,1.018284956573069,1.1558603750109588,0.023395937235949568
True,resolved_oscillation,1.0,11.223941539830633,9.021428571428572,0.0009014648338136358,0.986282172638872,3.071912564555185,0.004309891694431241,3.0833333333333335,8.979388823710165,0.9727768974403471,44,RBS0p8_mRNA2min,0.8,2.0,11.154285714285711,48.22599194452702,9.449683342864013,11.115620136874062,3.111576443032326,0.0011215514125810957,0.0036695989900129766,0.0021565569233974627,1.0075521655261945,0.8381393049392734,66.78680872416733,1.018284956573069,1.1558603750109588,0.023395937235949568
True,resolved_oscillation,1.0,12.863049743940676,10.33888888888889,0.0008324520894588751,0.9924519793018978,3.18394559114245,0.00414812412967338,3.45,10.389344719359826,0.9722268703878449,44,RBS0p8_mRNA3min,0.8,3.0,12.476666666666668,48.22599194452702,9.449683342864013,11.115620136874062,3.111576443032326,0.0011215514125810957,0.0036695989900129766,0.0021565569233974627,1.0075521655261945,0.8381393049392734,66.78680872416733,1.018284956573069,1.1558603750109588,0.023395937235949568
True,resolved_oscillation,1.0,13.958586221326273,11.219444444444443,0.0006064594559997966,0.9947887053627715,3.2282744805474786,0.004089400900000383,3.683333333333333,11.211905241038314,0.9716078282107944,44,RBS0p8_mRNA4min,0.8,4.0,13.19,48.22599194452702,9.449683342864013,11.115620136874062,3.111576443032326,0.0011215514125810957,0.0036695989900129766,0.0021565569233974627,1.0075521655261945,0.8381393049392734,66.78680872416733,1.018284956573069,1.1558603750109588,0.023395937235949568
True,resolved_oscillation,1.0,9.137534530623093,7.344444444444445,0.0011346444780635401,0.9684142909230766,2.818682778966298,0.004795417882251805,2.5833333333333335,6.988239850376122,0.9732014877735374,44,RBS1_mRNA1min,1.0,1.0,9.253333333333334,48.22599194452702,9.449683342864013,11.115620136874062,3.111576443032326,0.0011215514125810957,0.0036695989900129766,0.0021565569233974627,1.0075521655261945,0.8381393049392734,66.78680872416733,1.018284956573069,1.1558603750109588,0.023395937235949568
True,resolved_oscillation,1.0,10.85366107203469,8.723809523809525,0.0010211947016304426,0.9845122729936092,3.030613094829,0.004372878595233778,2.9833333333333334,8.569685843244567,0.972786312499238,44,RBS1_mRNA1p5min,1.0,1.5,10.794285714285714,48.22599194452702,9.449683342864013,11.115620136874062,3.111576443032326,0.0011215514125810957,0.0036695989900129766,0.0021565569233974627,1.0075521655261945,0.8381393049392734,66.78680872416733,1.018284956573069,1.1558603750109588,0.023395937235949568
True,resolved_oscillation,1.0,12.014860619042768,9.657142857142857,0.0009224993557134964,0.9900330489249164,3.1256598185161475,0.004228273601031167,3.25,9.589254716718168,0.9724281924504128,44,RBS1_mRNA2min,1.0,2.0,11.762857142857142,48.22599194452702,9.449683342864013,11.115620136874062,3.111576443032326,0.0011215514125810957,0.0036695989900129766,0.0021565569233974627,1.0075521655261945,0.8381393049392734,66.78680872416733,1.018284956573069,1.1558603750109588,0.023395937235949568
True,resolved_oscillation,1.0,13.554239950493102,10.894444444444444,0.0007900017024390449,0.9942184755589817,3.2044482269065817,0.004120080043300218,3.566666666666667,10.789013895723523,0.9716385996318294,44,RBS1_mRNA3min,1.0,3.0,12.836666666666668,48.22599194452702,9.449683342864013,11.115620136874062,3.111576443032326,0.0011215514125810957,0.0036695989900129766,0.0021565569233974627,1.0075521655261945,0.8381393049392734,66.78680872416733,1.018284956573069,1.1558603750109588,0.023395937235949568
True,resolved_oscillation,1.0,14.548171467515495,11.693333333333333,0.0007806763932513771,0.9958316255198556,3.228266176523565,0.004088871601121457,3.7333333333333334,11.391339992859356,0.9706802934065194,44,RBS1_mRNA4min,1.0,4.0,13.29,48.22599194452702,9.449683342864013,11.115620136874062,3.111576443032326,0.0011215514125810957,0.0036695989900129766,0.0021565569233974627,1.0075521655261945,0.8381393049392734,66.78680872416733,1.018284956573069,1.1558603750109588,0.023395937235949568
True,resolved_oscillation,1.0,9.857236333195807,7.922916666666667,0.00108871768499977,0.9771622495093152,2.9147450469844687,0.004576096623434617,2.7333333333333334,7.614407305516335,0.9729811370567794,44,RBS1p2_mRNA1min,1.2,1.0,9.89,48.22599194452702,9.449683342864013,11.115620136874062,3.111576443032326,0.0011215514125810957,0.0036695989900129766,0.0021565569233974627,1.0075521655261945,0.8381393049392734,66.78680872416733,1.018284956573069,1.1558603750109588,0.023395937235949568
True,resolved_oscillation,1.0,11.518684792196204,9.258333333333333,0.0009622366945541833,0.9881942546708136,3.083728492909316,0.004288663427541483,3.1166666666666667,9.103343928566776,0.9725202192182325,44,RBS1p2_mRNA1p5min,1.2,1.5,11.325714285714287,48.22599194452702,9.449683342864013,11.115620136874062,3.111576443032326,0.0011215514125810957,0.0036695989900129766,0.0021565569233974627,1.0075521655261945,0.8381393049392734,66.78680872416733,1.018284956573069,1.1558603750109588,0.023395937235949568
True,resolved_oscillation,1.0,12.631007317455218,10.152380952380952,0.0006204857671352229,0.992164924385905,3.156798257309158,0.0041838662873099845,3.3666666666666667,10.018381548305822,0.9720575212511172,44,RBS1p2_mRNA2min,1.2,2.0,12.174285714285713,48.22599194452702,9.449683342864013,11.115620136874062,3.111576443032326,0.0011215514125810957,0.0036695989900129766,0.0021565569233974627,1.0075521655261945,0.8381393049392734,66.78680872416733,1.018284956573069,1.1558603750109588,0.023395937235949568
True,resolved_oscillation,1.0,14.069176654374662,11.308333333333334,0.000807255058961188,0.9952408424703585,3.2102797970992496,0.004111998537272244,3.6333333333333333,11.001273639173412,0.9709499371656742,44,RBS1p2_mRNA3min,1.2,3.0,12.986666666666668,48.22599194452702,9.449683342864013,11.115620136874062,3.111576443032326,0.0011215514125810957,0.0036695989900129766,0.0021565569233974627,1.0075521655261945,0.8381393049392734,66.78680872416733,1.018284956573069,1.1558603750109588,0.023395937235949568
True,resolved_oscillation,1.0,14.958738450207635,12.023333333333333,0.0007592494559262076,0.9964200534841973,3.2157893319211697,0.004104500344710561,3.75,11.371983087051149,0.9695433911201231,44,RBS1p2_mRNA4min,1.2,4.0,13.183333333333332,48.22599194452702,9.449683342864013,11.115620136874062,3.111576443032326,0.0011215514125810957,0.0036695989900129766,0.0021565569233974627,1.0075521655261945,0.8381393049392734,66.78680872416733,1.018284956573069,1.1558603750109588,0.023395937235949568
True,resolved_oscillation,1.0,10.450795923072704,8.4,0.0,0.9822947744826551,2.980848337508214,0.0044522177330841555,2.8666666666666667,8.123457868826705,0.9727887134175894,44,RBS1p4_mRNA1min,1.4,1.0,10.402857142857142,48.22599194452702,9.449683342864013,11.115620136874062,3.111576443032326,0.0011215514125810957,0.0036695989900129766,0.0021565569233974627,1.0075521655261945,0.8381393049392734,66.78680872416733,1.018284956573069,1.1558603750109588,0.023395937235949568
True,resolved_oscillation,1.0,12.059294275178281,9.692857142857143,0.0009191003160830119,0.9904762533880925,3.1184607697478803,0.0042371770654535575,3.216666666666667,9.510864552879521,0.9722472771648728,44,RBS1p4_mRNA1p5min,1.4,1.5,11.722857142857142,48.22599194452702,9.449683342864013,11.115620136874062,3.111576443032326,0.0011215514125810957,0.0036695989900129766,0.0021565569233974627,1.0075521655261945,0.8381393049392734,66.78680872416733,1.018284956573069,1.1558603750109588,0.023395937235949568
True,resolved_oscillation,1.0,13.118790120365073,10.544444444444444,0.0008162240982523536,0.9935130592966235,3.1747876167863858,0.004158956051074228,3.441666666666667,10.319515434565036,0.9716496598772655,44,RBS1p4_mRNA2min,1.4,2.0,12.446666666666667,48.22599194452702,9.449683342864013,11.115620136874062,3.111576443032326,0.0011215514125810957,0.0036695989900129766,0.0021565569233974627,1.0075521655261945,0.8381393049392734,66.78680872416733,1.018284956573069,1.1558603750109588,0.023395937235949568
True,resolved_oscillation,1.0,14.456934360250575,11.620000000000001,0.000641442334337289,0.9958844816435782,3.206698846810584,0.004116299550024749,3.658333333333333,11.07777490204564,0.9701407211534928,44,RBS1p4_mRNA3min,1.4,3.0,12.99,48.22599194452702,9.449683342864013,11.115620136874062,3.111576443032326,0.0011215514125810957,0.0036695989900129766,0.0021565569233974627,1.0075521655261945,0.8381393049392734,66.78680872416733,1.018284956573069,1.1558603750109588,0.023395937235949568
True,resolved_oscillation,1.0,15.228302630763082,12.24,0.00074580958265954,0.9967681531275635,3.1942104682476673,0.004132097838599922,3.716666666666667,11.209094499547044,0.9681633845023097,44,RBS1p4_mRNA4min,1.4,4.0,12.96,48.22599194452702,9.449683342864013,11.115620136874062,3.111576443032326,0.0011215514125810957,0.0036695989900129766,0.0021565569233974627,1.0075521655261945,0.8381393049392734,66.78680872416733,1.018284956573069,1.1558603750109588,0.023395937235949568
True,resolved_oscillation,1.0,7.155519923487237,5.86060606060606,0.0014347918227002696,0.9139754191028064,2.1105179425312484,0.007787248592853389,2.2916666666666665,4.753327371711048,0.9479663225458754,45,RBS0p6_mRNA1min,0.6,1.0,7.42,49.141972546558705,9.261907291526356,10.160328645595138,2.771238669504339,0.012605392145137945,0.0027335233582690675,0.0018058609167144958,0.9362251963801981,1.0049487694241106,74.79081914384452,0.9710896562499309,1.185241731000617,0.052072390299918225
True,resolved_oscillation,1.0,8.817988185614226,7.222222222222222,0.001153846153846154,0.9655566947120718,2.4245909749454553,0.004248448946883462,2.6166666666666667,6.084616980246619,0.9471174821186864,45,RBS0p6_mRNA1p5min,0.6,1.5,9.077777777777778,49.141972546558705,9.261907291526356,10.160328645595138,2.771238669504339,0.012605392145137945,0.0027335233582690675,0.0018058609167144958,0.9362251963801981,1.0049487694241106,74.79081914384452,0.9710896562499309,1.185241731000617,0.052072390299918225
True,resolved_oscillation,1.0,10.057593832476535,8.2375,0.0009365908950658082,0.9794632082225727,2.565258124435742,0.0037769591304885504,2.9,7.079757976593125,0.9468528725392572,45,RBS0p6_mRNA2min,0.6,2.0,10.248571428571427,49.141972546558705,9.261907291526356,10.160328645595138,2.771238669504339,0.012605392145137945,0.0027335233582690675,0.0018058609167144958,0.9362251963801981,1.0049487694241106,74.79081914384452,0.9710896562499309,1.185241731000617,0.052072390299918225
True,resolved_oscillation,1.0,11.779281800475445,9.647619047619049,0.0006529494844680628,0.988671850980457,2.6659142518104906,0.00355773506052748,3.316666666666667,8.352215441677581,0.9468711453041504,45,RBS0p6_mRNA3min,0.6,3.0,11.794285714285714,49.141972546558705,9.261907291526356,10.160328645595138,2.771238669504339,0.012605392145137945,0.0027335233582690675,0.0018058609167144958,0.9362251963801981,1.0049487694241106,74.79081914384452,0.9710896562499309,1.185241731000617,0.052072390299918225
True,resolved_oscillation,1.0,12.962442632852913,10.616666666666667,0.0,0.9919306048364415,2.6759127893977284,0.0035304649615746546,3.6,9.065930483169003,0.947136936718004,45,RBS0p6_mRNA4min,0.6,4.0,12.76,49.141972546558705,9.261907291526356,10.160328645595138,2.771238669504339,0.012605392145137945,0.0027335233582690675,0.0018058609167144958,0.9362251963801981,1.0049487694241106,74.79081914384452,0.9710896562499309,1.185241731000617,0.052072390299918225
True,resolved_oscillation,1.0,8.166135366662283,6.6883333333333335,0.001203702695090077,0.9547227714957802,2.311070498313501,0.00475757992778667,2.45,5.4731583908155015,0.9473971260436549,45,RBS0p8_mRNA1min,0.8,1.0,8.448,49.141972546558705,9.261907291526356,10.160328645595138,2.771238669504339,0.012605392145137945,0.0027335233582690675,0.0018058609167144958,0.9362251963801981,1.0049487694241106,74.79081914384452,0.9710896562499309,1.185241731000617,0.052072390299918225
True,resolved_oscillation,1.0,9.871907350491004,8.085416666666667,0.0007287882310606004,0.9787667811730674,2.5321321254796407,0.0038298939507341186,2.825,6.818839769027842,0.9469007219631576,45,RBS0p8_mRNA1p5min,0.8,1.5,10.075,49.141972546558705,9.261907291526356,10.160328645595138,2.771238669504339,0.012605392145137945,0.0027335233582690675,0.0018058609167144958,0.9362251963801981,1.0049487694241106,74.79081914384452,0.9710896562499309,1.185241731000617,0.052072390299918225
True,resolved_oscillation,1.0,11.069966706863399,9.066666666666666,0.0,0.9862787966548006,2.6168815103363734,0.0036373079774563123,3.1,7.704747443051161,0.9468230716521574,45,RBS0p8_mRNA2min,0.8,2.0,11.154285714285711,49.141972546558705,9.261907291526356,10.160328645595138,2.771238669504339,0.012605392145137945,0.0027335233582690675,0.0018058609167144958,0.9362251963801981,1.0049487694241106,74.79081914384452,0.9710896562499309,1.185241731000617,0.052072390299918225
True,resolved_oscillation,1.0,12.684336851614312,10.38888888888889,0.0008284456355523886,0.991652028085454,2.6473822494023147,0.003568853314109587,3.466666666666667,8.691720956623449,0.9470475259885648,45,RBS0p8_mRNA3min,0.8,3.0,12.476666666666668,49.141972546558705,9.261907291526356,10.160328645595138,2.771238669504339,0.012605392145137945,0.0027335233582690675,0.0018058609167144958,0.9362251963801981,1.0049487694241106,74.79081914384452,0.9710896562499309,1.185241731000617,0.052072390299918225
True,resolved_oscillation,1.0,13.759453103475737,11.269444444444444,0.0006037687312751241,0.993650706970234,2.608489510477464,0.0036164863791142746,3.7,9.111564893713252,0.9473949211905669,45,RBS0p8_mRNA4min,0.8,4.0,13.19,49.141972546558705,9.261907291526356,10.160328645595138,2.771238669504339,0.012605392145137945,0.0027335233582690675,0.0018058609167144958,0.9362251963801981,1.0049487694241106,74.79081914384452,0.9710896562499309,1.185241731000617,0.052072390299918225
True,resolved_oscillation,1.0,8.998869994549903,7.37037037037037,0.0009971424539188154,0.9702050873202478,2.4258698447522065,0.004126891526462721,2.6166666666666667,6.070325958155402,0.9471137957825316,45,RBS1_mRNA1min,1.0,1.0,9.253333333333334,49.141972546558705,9.261907291526356,10.160328645595138,2.771238669504339,0.012605392145137945,0.0027335233582690675,0.0018058609167144958,0.9362251963801981,1.0049487694241106,74.79081914384452,0.9710896562499309,1.185241731000617,0.052072390299918225
True,resolved_oscillation,1.0,10.674610753046847,8.742857142857142,0.0010189698765724242,0.9846354875570829,2.5822355770969407,0.00369656737898224,2.9833333333333334,7.333012982975064,0.946830426301297,45,RBS1_mRNA1p5min,1.0,1.5,10.794285714285714,49.141972546558705,9.261907291526356,10.160328645595138,2.771238669504339,0.012605392145137945,0.0027335233582690675,0.0018058609167144958,0.9362251963801981,1.0049487694241106,74.79081914384452,0.9710896562499309,1.185241731000617,0.052072390299918225
True,resolved_oscillation,1.0,11.81707317841379,9.678571428571427,0.000840258365392341,0.9895030599671285,2.6265021985900945,0.003605157508672996,3.25,8.081685557913774,0.9468734373741693,45,RBS1_mRNA2min,1.0,2.0,11.762857142857142,49.141972546558705,9.261907291526356,10.160328645595138,2.771238669504339,0.012605392145137945,0.0027335233582690675,0.0018058609167144958,0.9362251963801981,1.0049487694241106,74.79081914384452,0.9710896562499309,1.185241731000617,0.052072390299918225
True,resolved_oscillation,1.0,13.32194522811257,10.91111111111111,0.0007887949788609812,0.9931298264907042,2.602371640724331,0.003625972050771286,3.566666666666667,8.776532444882928,0.947185381272146,45,RBS1_mRNA3min,1.0,3.0,12.836666666666668,49.141972546558705,9.261907291526356,10.160328645595138,2.771238669504339,0.012605392145137945,0.0027335233582690675,0.0018058609167144958,0.9362251963801981,1.0049487694241106,74.79081914384452,0.9710896562499309,1.185241731000617,0.052072390299918225
True,resolved_oscillation,1.0,14.289210701396101,11.703333333333335,0.0006368749579891169,0.9944917696376122,2.5211658740582887,0.003739852580475616,3.7333333333333334,8.908231439452182,0.9474948233580867,45,RBS1_mRNA4min,1.0,4.0,13.29,49.141972546558705,9.261907291526356,10.160328645595138,2.771238669504339,0.012605392145137945,0.0027335233582690675,0.0018058609167144958,0.9362251963801981,1.0049487694241106,74.79081914384452,0.9710896562499309,1.185241731000617,0.052072390299918225
True,resolved_oscillation,1.0,9.681133567629157,7.929166666666666,0.0009730111400657398,0.9779847655767397,2.495561630921572,0.003890146009159295,2.75,6.54685309465047,0.9469549070223507,45,RBS1p2_mRNA1min,1.2,1.0,9.89,49.141972546558705,9.261907291526356,10.160328645595138,2.771238669504339,0.012605392145137945,0.0027335233582690675,0.0018058609167144958,0.9362251963801981,1.0049487694241106,74.79081914384452,0.9710896562499309,1.185241731000617,0.052072390299918225
True,resolved_oscillation,1.0,11.306526197612088,9.260416666666666,0.0009314720711032903,0.9878419902955293,2.602225186530771,0.00364655420775655,3.1166666666666667,7.688561201569454,0.9468268454310107,45,RBS1p2_mRNA1p5min,1.2,1.5,11.325714285714287,49.141972546558705,9.261907291526356,10.160328645595138,2.771238669504339,0.012605392145137945,0.0027335233582690675,0.0018058609167144958,0.9362251963801981,1.0049487694241106,74.79081914384452,0.9710896562499309,1.185241731000617,0.052072390299918225
True,resolved_oscillation,1.0,12.392664934705532,10.15,0.0,0.9913261480750074,2.6142524864467953,0.003614491997029945,3.35,8.292980176743123,0.946938924218442,45,RBS1p2_mRNA2min,1.2,2.0,12.174285714285713,49.141972546558705,9.261907291526356,10.160328645595138,2.771238669504339,0.012605392145137945,0.0027335233582690675,0.0018058609167144958,0.9362251963801981,1.0049487694241106,74.79081914384452,0.9710896562499309,1.185241731000617,0.052072390299918225
True,resolved_oscillation,1.0,13.78658537481609,11.291666666666666,0.0008084465793434186,0.9939710404550801,2.543016067279418,0.003708567330774212,3.6166666666666667,8.698121990590717,0.9472328407351538,45,RBS1p2_mRNA3min,1.2,3.0,12.986666666666668,49.141972546558705,9.261907291526356,10.160328645595138,2.771238669504339,0.012605392145137945,0.0027335233582690675,0.0018058609167144958,0.9362251963801981,1.0049487694241106,74.79081914384452,0.9710896562499309,1.185241731000617,0.052072390299918225
True,resolved_oscillation,1.0,14.639217001686633,11.99,0.0007613602411803811,0.9949323538167766,2.422451618755381,0.0038913573010887436,3.7333333333333334,8.551465904430183,0.9473910676831114,45,RBS1p2_mRNA4min,1.2,4.0,13.183333333333332,49.141972546558705,9.261907291526356,10.160328645595138,2.771238669504339,0.012605392145137945,0.0027335233582690675,0.0018058609167144958,0.9362251963801981,1.0049487694241106,74.79081914384452,0.9710896562499309,1.185241731000617,0.052072390299918225
True,resolved_oscillation,1.0,10.248367615338381,8.39375,0.001027647891797996,0.9825407159989079,2.538199077162337,0.003775998596301506,2.8666666666666667,6.923318437495129,0.9468693293542861,45,RBS1p4_mRNA1min,1.4,1.0,10.402857142857142,49.141972546558705,9.261907291526356,10.160328645595138,2.771238669504339,0.012605392145137945,0.0027335233582690675,0.0018058609167144958,0.9362251963801981,1.0049487694241106,74.79081914384452,0.9710896562499309,1.185241731000617,0.052072390299918225
True,resolved_oscillation,1.0,11.81707317841379,9.678571428571427,0.000840258365392341,0.9898201983693574,2.604553264354931,0.003633401995934123,3.216666666666667,7.92889989165839,0.946849301455088,45,RBS1p4_mRNA1p5min,1.4,1.5,11.722857142857142,49.141972546558705,9.261907291526356,10.160328645595138,2.771238669504339,0.012605392145137945,0.0027335233582690675,0.0018058609167144958,0.9362251963801981,1.0049487694241106,74.79081914384452,0.9710896562499309,1.185241731000617,0.052072390299918225
True,resolved_oscillation,1.0,12.84713047965642,10.522222222222222,0.0008179479083859382,0.9924709599951081,2.589077119560521,0.003645951769041201,3.4166666666666665,8.387895746775454,0.9469849710981162,45,RBS1p4_mRNA2min,1.4,2.0,12.446666666666667,49.141972546558705,9.261907291526356,10.160328645595138,2.771238669504339,0.012605392145137945,0.0027335233582690675,0.0018058609167144958,0.9362251963801981,1.0049487694241106,74.79081914384452,0.9710896562499309,1.185241731000617,0.052072390299918225
True,resolved_oscillation,1.0,14.130486914055043,11.573333333333332,0.0007887709641491449,0.9944817510740442,2.4746965326155834,0.0038098794018966917,3.6333333333333333,8.508873359390389,0.9471611315414382,45,RBS1p4_mRNA3min,1.4,3.0,12.99,49.141972546558705,9.261907291526356,10.160328645595138,2.771238669504339,0.012605392145137945,0.0027335233582690675,0.0018058609167144958,0.9362251963801981,1.0049487694241106,74.79081914384452,0.9710896562499309,1.185241731000617,0.052072390299918225
True,resolved_oscillation,1.0,14.867128080945587,12.176666666666668,0.0007496886908091516,0.9951466122700774,2.316358932047733,0.0040690874144750835,3.683333333333333,8.097841212801827,0.9470605237834818,45,RBS1p4_mRNA4min,1.4,4.0,12.96,49.141972546558705,9.261907291526356,10.160328645595138,2.771238669504339,0.012605392145137945,0.0027335233582690675,0.0018058609167144958,0.9362251963801981,1.0049487694241106,74.79081914384452,0.9710896562499309,1.185241731000617,0.052072390299918225
True,resolved_oscillation,1.0,6.1129890565894005,5.029761904761904,0.0014109856546197588,0.7416524544438826,1.39593162583232,0.07757478859717315,2.308333333333333,3.4951631162520074,0.8814709140358696,46,RBS0p6_mRNA1min,0.6,1.0,7.42,49.367946104927036,9.504367088860661,14.549216791233201,2.58858294977672,0.003919493976542605,0.005237983943094892,0.0028242500964947587,0.9903091351726924,0.8838724257101328,89.72019423936746,0.9154099524818221,1.1118691648807766,0.15909132241264579
True,resolved_oscillation,1.0,7.27376642989551,5.984848484848484,0.0008396518456595949,0.9203496541118952,1.7753106621588244,0.013948965216930906,2.3833333333333333,4.197248115912107,0.8666437670921278,46,RBS0p6_mRNA1p5min,0.6,1.5,9.077777777777778,49.367946104927036,9.504367088860661,14.549216791233201,2.58858294977672,0.003919493976542605,0.005237983943094892,0.0028242500964947587,0.9903091351726924,0.8838724257101328,89.72019423936746,0.9154099524818221,1.1118691648807766,0.15909132241264579
True,resolved_oscillation,1.0,8.309035160753043,6.836666666666667,0.001027881573271048,0.9568122710307885,1.9362649454712308,0.009650713826299503,2.55,4.804558935052783,0.8618411134548677,46,RBS0p6_mRNA2min,0.6,2.0,10.248571428571427,49.367946104927036,9.504367088860661,14.549216791233201,2.58858294977672,0.003919493976542605,0.005237983943094892,0.0028242500964947587,0.9903091351726924,0.8838724257101328,89.72019423936746,0.9154099524818221,1.1118691648807766,0.15909132241264579
True,resolved_oscillation,1.0,9.867232454124395,8.11875,0.0007257960289315346,0.9789114932131722,2.095484430687995,0.008055721221742293,2.8333333333333335,5.728727837575186,0.8561751158837142,46,RBS0p6_mRNA3min,0.6,3.0,11.794285714285714,49.367946104927036,9.504367088860661,14.549216791233201,2.58858294977672,0.003919493976542605,0.005237983943094892,0.0028242500964947587,0.9903091351726924,0.8838724257101328,89.72019423936746,0.9154099524818221,1.1118691648807766,0.15909132241264579
True,resolved_oscillation,1.0,10.964315046351356,9.021428571428572,0.0009014648338136358,0.9862841619534106,2.167097057311648,0.007646991942839397,3.05,6.340972569241786,0.8525570370033206,46,RBS0p6_mRNA4min,0.6,4.0,12.76,49.367946104927036,9.504367088860661,14.549216791233201,2.58858294977672,0.003919493976542605,0.005237983943094892,0.0028242500964947587,0.9903091351726924,0.8838724257101328,89.72019423936746,0.9154099524818221,1.1118691648807766,0.15909132241264579
True,resolved_oscillation,1.0,6.741891441582897,5.547222222222222,0.001169502670247656,0.8881399726154198,1.654342195996254,0.01983888991603434,2.3,3.817229219148049,0.8703158371857831,46,RBS0p8_mRNA1min,0.8,1.0,8.448,49.367946104927036,9.504367088860661,14.549216791233201,2.58858294977672,0.003919493976542605,0.005237983943094892,0.0028242500964947587,0.9903091351726924,0.8838724257101328,89.72019423936746,0.9154099524818221,1.1118691648807766,0.15909132241264579
True,resolved_oscillation,1.0,8.116602605835554,6.678333333333333,0.0012055050949329872,0.9545345065132077,1.897339473292498,0.009922001853368582,2.4833333333333334,4.589033381758664,0.8629709609936996,46,RBS0p8_mRNA1p5min,0.8,1.5,10.075,49.367946104927036,9.504367088860661,14.549216791233201,2.58858294977672,0.003919493976542605,0.005237983943094892,0.0028242500964947587,0.9903091351726924,0.8838724257101328,89.72019423936746,0.9154099524818221,1.1118691648807766,0.15909132241264579
True,resolved_oscillation,1.0,9.18274648027315,7.555555555555555,0.0011029411764705882,0.9729878872856208,2.018197880593243,0.0085147257620248,2.6666666666666665,5.202450670335825,0.8587565712989268,46,RBS0p8_mRNA2min,0.8,2.0,11.154285714285711,49.367946104927036,9.504367088860661,14.549216791233201,2.58858294977672,0.003919493976542605,0.005237983943094892,0.0028242500964947587,0.9903091351726924,0.8838724257101328,89.72019423936746,0.9154099524818221,1.1118691648807766,0.15909132241264579
True,resolved_oscillation,1.0,10.674942783317537,8.783333333333333,0.0,0.9854393370151813,2.128393628364077,0.007791563354398638,2.95,6.0095281917137795,0.8533821420980192,46,RBS0p8_mRNA3min,0.8,3.0,12.476666666666668,49.367946104927036,9.504367088860661,14.549216791233201,2.58858294977672,0.003919493976542605,0.005237983943094892,0.0028242500964947587,0.9903091351726924,0.8838724257101328,89.72019423936746,0.9154099524818221,1.1118691648807766,0.15909132241264579
True,resolved_oscillation,1.0,11.676170813414547,9.607142857142858,0.0009273004676019681,0.9898809778921147,2.167048819251001,0.007596890138581182,3.1083333333333334,6.456920218324594,0.8494874918172176,46,RBS0p8_mRNA4min,0.8,4.0,13.19,49.367946104927036,9.504367088860661,14.549216791233201,2.58858294977672,0.003919493976542605,0.005237983943094892,0.0028242500964947587,0.9903091351726924,0.8838724257101328,89.72019423936746,0.9154099524818221,1.1118691648807766,0.15909132241264579
True,resolved_oscillation,1.0,7.358473583256319,6.054545454545454,0.0012858090669334464,0.9316594894503716,1.7753695966167578,0.012403598844513941,2.3333333333333335,4.10199730187667,0.8667003537555016,46,RBS1_mRNA1min,1.0,1.0,9.253333333333334,49.367946104927036,9.504367088860661,14.549216791233201,2.58858294977672,0.003919493976542605,0.005237983943094892,0.0028242500964947587,0.9903091351726924,0.8838724257101328,89.72019423936746,0.9154099524818221,1.1118691648807766,0.15909132241264579
True,resolved_oscillation,1.0,8.804633389908963,7.2444444444444445,0.0011503067484662575,0.9687841533623225,1.9689583148006125,0.0088568018741747,2.566666666666667,4.909795356633098,0.8603730805381482,46,RBS1_mRNA1p5min,1.0,1.5,10.794285714285714,49.367946104927036,9.504367088860661,14.549216791233201,2.58858294977672,0.003919493976542605,0.005237983943094892,0.0028242500964947587,0.9903091351726924,0.8838724257101328,89.72019423936746,0.9154099524818221,1.1118691648807766,0.15909132241264579
True,resolved_oscillation,1.0,9.849508403013573,8.104166666666666,0.0009520001025938832,0.9803591016261605,2.061564295766801,0.008131696243789949,2.75,5.478167548806898,0.8563862080044532,46,RBS1_mRNA2min,1.0,2.0,11.762857142857142,49.367946104927036,9.504367088860661,14.549216791233201,2.58858294977672,0.003919493976542605,0.005237983943094892,0.0028242500964947587,0.9903091351726924,0.8838724257101328,89.72019423936746,0.9154099524818221,1.1118691648807766,0.15909132241264579
True,resolved_oscillation,1.0,11.245006141494159,9.252380952380951,0.0006808418196254737,0.9886044650768319,2.1338549545459933,0.007725763725639484,2.9833333333333334,6.129255233050539,0.8508528208702344,46,RBS1_mRNA3min,1.0,3.0,12.836666666666668,49.367946104927036,9.504367088860661,14.549216791233201,2.58858294977672,0.003919493976542605,0.005237983943094892,0.0028242500964947587,0.9903091351726924,0.8838724257101328,89.72019423936746,0.9154099524818221,1.1118691648807766,0.15909132241264579
True,resolved_oscillation,1.0,12.139166434268656,9.988095238095239,0.0008142193695637345,0.9916264700559758,2.144643434786445,0.007658085518745929,3.1083333333333334,6.403658172177467,0.8461770563009896,46,RBS1_mRNA4min,1.0,4.0,13.29,49.367946104927036,9.504367088860661,14.549216791233201,2.58858294977672,0.003919493976542605,0.005237983943094892,0.0028242500964947587,0.9903091351726924,0.8838724257101328,89.72019423936746,0.9154099524818221,1.1118691648807766,0.15909132241264579
True,resolved_oscillation,1.0,7.912752999812914,6.510606060606061,0.001291546374262193,0.9518989676828862,1.8544210809112043,0.010242060333962468,2.4,4.364364442932638,0.864246639925246,46,RBS1p2_mRNA1min,1.2,1.0,9.89,49.367946104927036,9.504367088860661,14.549216791233201,2.58858294977672,0.003919493976542605,0.005237983943094892,0.0028242500964947587,0.9903091351726924,0.8838724257101328,89.72019423936746,0.9154099524818221,1.1118691648807766,0.15909132241264579
True,resolved_oscillation,1.0,9.365051005984455,7.705555555555555,0.0010814708002883922,0.9763190056326028,2.0136997255674443,0.008414828265116794,2.65,5.156602438332405,0.8582876898236852,46,RBS1p2_mRNA1p5min,1.2,1.5,11.325714285714287,49.367946104927036,9.504367088860661,14.549216791233201,2.58858294977672,0.003919493976542605,0.005237983943094892,0.0028242500964947587,0.9903091351726924,0.8838724257101328,89.72019423936746,0.9154099524818221,1.1118691648807766,0.15909132241264579
True,resolved_oscillation,1.0,10.365314461871353,8.528571428571428,0.0009535595352651775,0.9844334065275092,2.0834814077944843,0.007966491844192703,2.816666666666667,5.65716758469672,0.8543590620351418,46,RBS1p2_mRNA2min,1.2,2.0,12.174285714285713,49.367946104927036,9.504367088860661,14.549216791233201,2.58858294977672,0.003919493976542605,0.005237983943094892,0.0028242500964947587,0.9903091351726924,0.8838724257101328,89.72019423936746,0.9154099524818221,1.1118691648807766,0.15909132241264579
True,resolved_oscillation,1.0,11.65591475500218,9.59047619047619,0.0009289119629528156,0.9903889390879584,2.123432172590027,0.007743536158457134,3.0,6.139121430071744,0.8482536267065163,46,RBS1p2_mRNA3min,1.2,3.0,12.986666666666668,49.367946104927036,9.504367088860661,14.549216791233201,2.58858294977672,0.003919493976542605,0.005237983943094892,0.0028242500964947587,0.9903091351726924,0.8838724257101328,89.72019423936746,0.9154099524818221,1.1118691648807766,0.15909132241264579
True,resolved_oscillation,1.0,12.443007310454165,10.238095238095239,0.0007943372686790385,0.9925702844300742,2.108323656194076,0.007781399274096424,3.0833333333333335,6.243771763708723,0.8423089755759452,46,RBS1p2_mRNA4min,1.2,4.0,13.183333333333332,49.367946104927036,9.504367088860661,14.549216791233201,2.58858294977672,0.003919493976542605,0.005237983943094892,0.0028242500964947587,0.9903091351726924,0.8838724257101328,89.72019423936746,0.9154099524818221,1.1118691648807766,0.15909132241264579
True,resolved_oscillation,1.0,8.394110606084986,6.906666666666666,0.0012461336377758744,0.9632661923755997,1.9103679953425887,0.009328413273040024,2.466666666666667,4.593784858556011,0.8622784294832594,46,RBS1p4_mRNA1min,1.4,1.0,10.402857142857142,49.367946104927036,9.504367088860661,14.549216791233201,2.58858294977672,0.003919493976542605,0.005237983943094892,0.0028242500964947587,0.9903091351726924,0.8838724257101328,89.72019423936746,0.9154099524818221,1.1118691648807766,0.15909132241264579
True,resolved_oscillation,1.0,9.821656322696567,8.08125,0.0007291639919428178,0.9808652164634565,2.041588388629124,0.008191058684401021,2.7,5.340275429112996,0.8565140963381145,46,RBS1p4_mRNA1p5min,1.4,1.5,11.722857142857142,49.367946104927036,9.504367088860661,14.549216791233201,2.58858294977672,0.003919493976542605,0.005237983943094892,0.0028242500964947587,0.9903091351726924,0.8838724257101328,89.72019423936746,0.9154099524818221,1.1118691648807766,0.15909132241264579
True,resolved_oscillation,1.0,10.773329352749036,8.864285714285716,0.0007106503655827533,0.9869538632590721,2.091961337690977,0.007895924200366847,2.85,5.7620053742652395,0.8524724987714193,46,RBS1p4_mRNA2min,1.4,2.0,12.446666666666667,49.367946104927036,9.504367088860661,14.549216791233201,2.58858294977672,0.003919493976542605,0.005237983943094892,0.0028242500964947587,0.9903091351726924,0.8838724257101328,89.72019423936746,0.9154099524818221,1.1118691648807766,0.15909132241264579
True,resolved_oscillation,1.0,11.953968185927012,9.835714285714285,0.0006404626751548271,0.9914804295657663,2.1024453849346605,0.007810239091034053,3.0,6.07228062195592,0.8453956893479481,46,RBS1p4_mRNA3min,1.4,3.0,12.99,49.367946104927036,9.504367088860661,14.549216791233201,2.58858294977672,0.003919493976542605,0.005237983943094892,0.0028242500964947587,0.9903091351726924,0.8838724257101328,89.72019423936746,0.9154099524818221,1.1118691648807766,0.15909132241264579
True,resolved_oscillation,1.0,12.63302842984637,10.394444444444444,0.0008280028532779086,0.9930914372336681,2.062097153673155,0.007950952698927944,3.033333333333333,6.015168854824861,0.8376888991732563,46,RBS1p4_mRNA4min,1.4,4.0,12.96,49.367946104927036,9.504367088860661,14.549216791233201,2.58858294977672,0.003919493976542605,0.005237983943094892,0.0028242500964947587,0.9903091351726924,0.8838724257101328,89.72019423936746,0.9154099524818221,1.1118691648807766,0.15909132241264579
True,resolved_oscillation,1.0,7.016339364540841,5.5,0.0,0.8981458067306765,1.9690093640471584,0.01945095355510354,2.05,4.064268612207836,0.9977313583585867,47,RBS0p6_mRNA1min,0.6,1.0,7.42,47.03307278261841,10.775655638572346,11.93665946975769,3.044893159016261,0.013963625743324305,0.010637450567701044,0.001255829964669016,0.9246457049698384,0.9960487352719491,99.54650449140343,0.9032775847514232,0.995107920904495,0.002560598618219421
True,resolved_oscillation,1.0,8.66624219692984,6.793333333333334,0.0012669229133815561,0.9608752984934464,2.2692893585098752,0.014869178078606724,2.3,5.126822366997367,0.997686943915346,47,RBS0p6_mRNA1p5min,0.6,1.5,9.077777777777778,47.03307278261841,10.775655638572346,11.93665946975769,3.044893159016261,0.013963625743324305,0.010637450567701044,0.001255829964669016,0.9246457049698384,0.9960487352719491,99.54650449140343,0.9032775847514232,0.995107920904495,0.002560598618219421
True,resolved_oscillation,1.0,9.834687129489401,7.709259259259259,0.0011394226495922575,0.9766008317083557,2.38172797132981,0.014034911188670241,2.4833333333333334,5.771791915787408,0.9976939775672521,47,RBS0p6_mRNA2min,0.6,2.0,10.248571428571427,47.03307278261841,10.775655638572346,11.93665946975769,3.044893159016261,0.013963625743324305,0.010637450567701044,0.001255829964669016,0.9246457049698384,0.9960487352719491,99.54650449140343,0.9032775847514232,0.995107920904495,0.002560598618219421
True,resolved_oscillation,1.0,11.326376402758786,8.878571428571428,0.0009159694972700098,0.9868023729076038,2.424556526721366,0.013751376219764825,2.658333333333333,6.273619586292553,0.997741920451672,47,RBS0p6_mRNA3min,0.6,3.0,11.794285714285714,47.03307278261841,10.775655638572346,11.93665946975769,3.044893159016261,0.013963625743324305,0.010637450567701044,0.001255829964669016,0.9246457049698384,0.9960487352719491,99.54650449140343,0.9032775847514232,0.995107920904495,0.002560598618219421
True,resolved_oscillation,1.0,12.231514554548038,9.588095238095239,0.0008481872995579503,0.9904153207216129,2.3761884960846467,0.014025760023801489,2.675,6.207846701810462,0.9978062663069139,47,RBS0p6_mRNA4min,0.6,4.0,12.76,47.03307278261841,10.775655638572346,11.93665946975769,3.044893159016261,0.013963625743324305,0.010637450567701044,0.001255829964669016,0.9246457049698384,0.9960487352719491,99.54650449140343,0.9032775847514232,0.995107920904495,0.002560598618219421
True,resolved_oscillation,1.0,8.025300562416962,6.290909090909091,0.0013835651846189857,0.9485415770866549,2.163237245227399,0.015783922600157544,2.1666666666666665,4.640993437440858,0.9976989657844341,47,RBS0p8_mRNA1min,0.8,1.0,8.448,47.03307278261841,10.775655638572346,11.93665946975769,3.044893159016261,0.013963625743324305,0.010637450567701044,0.001255829964669016,0.9246457049698384,0.9960487352719491,99.54650449140343,0.9032775847514232,0.995107920904495,0.002560598618219421
True,resolved_oscillation,1.0,9.650419631026713,7.564814814814815,0.0007343941248470013,0.9759072952894002,2.3465105893296934,0.014246821109079402,2.4166666666666665,5.545302041423279,0.9977004258529162,47,RBS0p8_mRNA1p5min,0.8,1.5,10.075,47.03307278261841,10.775655638572346,11.93665946975769,3.044893159016261,0.013963625743324305,0.010637450567701044,0.001255829964669016,0.9246457049698384,0.9960487352719491,99.54650449140343,0.9032775847514232,0.995107920904495,0.002560598618219421
True,resolved_oscillation,1.0,10.702575235229533,8.389583333333333,0.0010281582706863981,0.9841943702550915,2.3901858465508337,0.013954389601631539,2.55,5.932301068929223,0.9977301690926084,47,RBS0p8_mRNA2min,0.8,2.0,11.154285714285711,47.03307278261841,10.775655638572346,11.93665946975769,3.044893159016261,0.013963625743324305,0.010637450567701044,0.001255829964669016,0.9246457049698384,0.9960487352719491,99.54650449140343,0.9032775847514232,0.995107920904495,0.002560598618219421
True,resolved_oscillation,1.0,11.952075930505718,9.369047619047619,0.0006723637385170496,0.9901022837717299,2.3368025993558295,0.014262243342424085,2.5833333333333335,5.901643800498829,0.9978156899891006,47,RBS0p8_mRNA3min,0.8,3.0,12.476666666666668,47.03307278261841,10.775655638572346,11.93665946975769,3.044893159016261,0.013963625743324305,0.010637450567701044,0.001255829964669016,0.9246457049698384,0.9960487352719491,99.54650449140343,0.9032775847514232,0.995107920904495,0.002560598618219421
True,resolved_oscillation,1.0,12.62637347982523,9.897619047619049,0.0006364568946510922,0.992325679483902,2.2089568882284767,0.015085653709843628,2.466666666666667,5.3861192925342225,0.9979181546401181,47,RBS0p8_mRNA4min,0.8,4.0,13.19,47.03307278261841,10.775655638572346,11.93665946975769,3.044893159016261,0.013963625743324305,0.010637450567701044,0.001255829964669016,0.9246457049698384,0.9960487352719491,99.54650449140343,0.9032775847514232,0.995107920904495,0.002560598618219421
True,resolved_oscillation,1.0,8.825704455214858,6.918333333333334,0.0007618110479808189,0.9664121361136834,2.259629651048693,0.01486157798423619,2.2666666666666666,5.047634092605706,0.9976978436635274,47,RBS1_mRNA1min,1.0,1.0,9.253333333333334,47.03307278261841,10.775655638572346,11.93665946975769,3.044893159016261,0.013963625743324305,0.010637450567701044,0.001255829964669016,0.9246457049698384,0.9960487352719491,99.54650449140343,0.9032775847514232,0.995107920904495,0.002560598618219421
True,resolved_oscillation,1.0,10.34644285839299,8.110416666666667,0.0010635482548302403,0.9824169885098479,2.3633857321552965,0.01411704977560516,2.466666666666667,5.714597298069952,0.9977258213753424,47,RBS1_mRNA1p5min,1.0,1.5,10.794285714285714,47.03307278261841,10.775655638572346,11.93665946975769,3.044893159016261,0.013963625743324305,0.010637450567701044,0.001255829964669016,0.9246457049698384,0.9960487352719491,99.54650449140343,0.9032775847514232,0.995107920904495,0.002560598618219421
True,resolved_oscillation,1.0,11.27777838118621,8.84047619047619,0.0010077181219428875,0.9877428430971504,2.353589494587799,0.014163478356393613,2.533333333333333,5.833920058084023,0.997775218771833,47,RBS1_mRNA2min,1.0,2.0,11.762857142857142,47.03307278261841,10.775655638572346,11.93665946975769,3.044893159016261,0.013963625743324305,0.010637450567701044,0.001255829964669016,0.9246457049698384,0.9960487352719491,99.54650449140343,0.9032775847514232,0.995107920904495,0.002560598618219421
True,resolved_oscillation,1.0,12.289224705165473,9.633333333333333,0.0,0.9917277175060504,2.2148192198239403,0.015046045860957194,2.433333333333333,5.331628500062575,0.9978993883926676,47,RBS1_mRNA3min,1.0,3.0,12.836666666666668,47.03307278261841,10.775655638572346,11.93665946975769,3.044893159016261,0.013963625743324305,0.010637450567701044,0.001255829964669016,0.9246457049698384,0.9960487352719491,99.54650449140343,0.9032775847514232,0.995107920904495,0.002560598618219421
True,resolved_oscillation,1.0,12.763055415498103,10.004761904761905,0.0008128629831794065,0.9932420203284077,2.010092219292125,0.016577449548964434,2.2333333333333334,4.494159227908906,0.9980436825335791,47,RBS1_mRNA4min,1.0,4.0,13.29,47.03307278261841,10.775655638572346,11.93665946975769,3.044893159016261,0.013963625743324305,0.010637450567701044,0.001255829964669016,0.9246457049698384,0.9960487352719491,99.54650449140343,0.9032775847514232,0.995107920904495,0.002560598618219421
True,resolved_oscillation,1.0,9.456702517258245,7.412962962962963,0.0009914131817628992,0.9751327239492773,2.307813151372785,0.014487206902289293,2.35,5.309944462643228,0.9977075482425108,47,RBS1p2_mRNA1min,1.2,1.0,9.89,47.03307278261841,10.775655638572346,11.93665946975769,3.044893159016261,0.013963625743324305,0.010637450567701044,0.001255829964669016,0.9246457049698384,0.9960487352719491,99.54650449140343,0.9032775847514232,0.995107920904495,0.002560598618219421
True,resolved_oscillation,1.0,10.855583068774443,8.50952380952381,0.001046910292885826,0.9859359367765776,2.348505570551347,0.014197187848986895,2.4833333333333334,5.715633589942369,0.9977573485011275,47,RBS1p2_mRNA1p5min,1.2,1.5,11.325714285714287,47.03307278261841,10.775655638572346,11.93665946975769,3.044893159016261,0.013963625743324305,0.010637450567701044,0.001255829964669016,0.9246457049698384,0.9960487352719491,99.54650449140343,0.9032775847514232,0.995107920904495,0.002560598618219421
True,resolved_oscillation,1.0,11.65745042472197,9.13809523809524,0.0008899557726211219,0.9897379250373955,2.2918508094129213,0.014542084440561577,2.4833333333333334,5.57932339953968,0.9978261102723324,47,RBS1p2_mRNA2min,1.2,2.0,12.174285714285713,47.03307278261841,10.775655638572346,11.93665946975769,3.044893159016261,0.013963625743324305,0.010637450567701044,0.001255829964669016,0.9246457049698384,0.9960487352719491,99.54650449140343,0.9032775847514232,0.995107920904495,0.002560598618219421
True,resolved_oscillation,1.0,12.44716827527635,9.757142857142858,0.0009130447503108691,0.9926399662280805,2.071473242095437,0.016086507860397354,2.2666666666666666,4.691662983246124,0.9979912930415343,47,RBS1p2_mRNA3min,1.2,3.0,12.986666666666668,47.03307278261841,10.775655638572346,11.93665946975769,3.044893159016261,0.013963625743324305,0.010637450567701044,0.001255829964669016,0.9246457049698384,0.9960487352719491,99.54650449140343,0.9032775847514232,0.995107920904495,0.002560598618219421
True,resolved_oscillation,1.0,12.7417937810601,9.988095238095239,0.0008142193695637345,0.9936813183476731,1.7909913171992067,0.018605126871483905,1.9833333333333334,3.64515556174325,0.9981823071357502,47,RBS1p2_mRNA4min,1.2,4.0,13.183333333333332,47.03307278261841,10.775655638572346,11.93665946975769,3.044893159016261,0.013963625743324305,0.010637450567701044,0.001255829964669016,0.9246457049698384,0.9960487352719491,99.54650449140343,0.9032775847514232,0.995107920904495,0.002560598618219421
True,resolved_oscillation,1.0,9.958418029899445,7.80625,0.001104988886056612,0.9801621355829024,2.3277095272007617,0.01434006370670184,2.4,5.460187373143896,0.9977229579744581,47,RBS1p4_mRNA1min,1.4,1.0,10.402857142857142,47.03307278261841,10.775655638572346,11.93665946975769,3.044893159016261,0.013963625743324305,0.010637450567701044,0.001255829964669016,0.9246457049698384,0.9960487352719491,99.54650449140343,0.9032775847514232,0.995107920904495,0.002560598618219421
True,resolved_oscillation,1.0,11.22918035961363,8.802380952380952,0.00071564817718815,0.988095173236558,2.314242492735921,0.014403402743797334,2.466666666666667,5.602261092395098,0.9977929750495679,47,RBS1p4_mRNA1p5min,1.4,1.5,11.722857142857142,47.03307278261841,10.775655638572346,11.93665946975769,3.044893159016261,0.013963625743324305,0.010637450567701044,0.001255829964669016,0.9246457049698384,0.9960487352719491,99.54650449140343,0.9032775847514232,0.995107920904495,0.002560598618219421
True,resolved_oscillation,1.0,11.912590037978001,9.338095238095239,0.0008708950166547338,0.9909840524685098,2.2137361003624454,0.015053860670189734,2.4,5.235576131237665,0.9978816266260251,47,RBS1p4_mRNA2min,1.4,2.0,12.446666666666667,47.03307278261841,10.775655638572346,11.93665946975769,3.044893159016261,0.013963625743324305,0.010637450567701044,0.001255829964669016,0.9246457049698384,0.9960487352719491,99.54650449140343,0.9032775847514232,0.995107920904495,0.002560598618219421
True,resolved_oscillation,1.0,12.498803673197214,9.797619047619047,0.0006429529309999005,0.9931709456331497,1.9133445777004858,0.01741560033544403,2.091666666666667,4.05035995952672,0.9980908177202148,47,RBS1p4_mRNA3min,1.4,3.0,12.99,47.03307278261841,10.775655638572346,11.93665946975769,3.044893159016261,0.013963625743324305,0.010637450567701044,0.001255829964669016,0.9246457049698384,0.9960487352719491,99.54650449140343,0.9032775847514232,0.995107920904495,0.002560598618219421
True,resolved_oscillation,1.0,12.617261350780371,9.89047619047619,0.000900736010297049,0.9938091148833116,1.5584785205836726,0.021380667095424733,1.7583333333333333,2.885106354900829,0.9983354484455768,47,RBS1p4_mRNA4min,1.4,4.0,12.96,47.03307278261841,10.775655638572346,11.93665946975769,3.044893159016261,0.013963625743324305,0.010637450567701044,0.001255829964669016,0.9246457049698384,0.9960487352719491,99.54650449140343,0.9032775847514232,0.995107920904495,0.002560598618219421
True,resolved_oscillation,1.0,8.172929787178195,7.435185185185185,0.0007471980074719802,0.949829653029877,2.9446447471773496,0.012622208746832252,2.8333333333333335,8.09413237289757,0.8399108316034836,48,RBS0p6_mRNA1min,0.6,1.0,7.42,54.58398918475678,11.532007665645436,12.90133751701768,3.2597378024230004,0.002488885841695961,0.007862856056734565,0.0032459958598246496,0.9660577120379823,1.0378878708680972,95.66904917838701,1.0805110470057242,1.1492283631558724,0.10804592772027398
True,resolved_oscillation,1.0,9.854080070611767,8.964583333333334,0.0006573151579702975,0.9771676345296461,3.241819786906993,0.01124368959447365,3.2,9.958781803071021,0.8440820634031834,48,RBS0p6_mRNA1p5min,0.6,1.5,9.077777777777778,54.58398918475678,11.532007665645436,12.90133751701768,3.2597378024230004,0.002488885841695961,0.007862856056734565,0.0032459958598246496,0.9660577120379823,1.0378878708680972,95.66904917838701,1.0805110470057242,1.1492283631558724,0.10804592772027398
True,resolved_oscillation,1.0,10.976531142032668,9.985714285714286,0.0006308419911932739,0.9854987071249415,3.3646226155145325,0.010813231612313689,3.433333333333333,11.055944739629759,0.8462841489996227,48,RBS0p6_mRNA2min,0.6,2.0,10.248571428571427,54.58398918475678,11.532007665645436,12.90133751701768,3.2597378024230004,0.002488885841695961,0.007862856056734565,0.0032459958598246496,0.9660577120379823,1.0378878708680972,95.66904917838701,1.0805110470057242,1.1492283631558724,0.10804592772027398
True,resolved_oscillation,1.0,12.360156828828393,11.244444444444444,0.0007654117284994895,0.9913605985748064,3.4411211855787616,0.010567095694809686,3.6416666666666666,11.97187530903025,0.8487770122550043,48,RBS0p6_mRNA3min,0.6,3.0,11.794285714285714,54.58398918475678,11.532007665645436,12.90133751701768,3.2597378024230004,0.002488885841695961,0.007862856056734565,0.0032459958598246496,0.9660577120379823,1.0378878708680972,95.66904917838701,1.0805110470057242,1.1492283631558724,0.10804592772027398
True,resolved_oscillation,1.0,13.143048185278886,11.956666666666667,0.0007634827955187709,0.9934301871983698,3.4307245680369327,0.01059820257146384,3.6416666666666666,11.972939802347428,0.8505486671631108,48,RBS0p6_mRNA4min,0.6,4.0,12.76,54.58398918475678,11.532007665645436,12.90133751701768,3.2597378024230004,0.002488885841695961,0.007862856056734565,0.0032459958598246496,0.9660577120379823,1.0378878708680972,95.66904917838701,1.0805110470057242,1.1492283631558724,0.10804592772027398
True,resolved_oscillation,1.0,9.249180032413793,8.414285714285715,0.0007486562849645135,0.9712587480370105,3.1403483599600666,0.011631263370836557,3.05,9.194389869761752,0.8423813239099158,48,RBS0p8_mRNA1min,0.8,1.0,8.448,54.58398918475678,11.532007665645436,12.90133751701768,3.2597378024230004,0.002488885841695961,0.007862856056734565,0.0032459958598246496,0.9660577120379823,1.0378878708680972,95.66904917838701,1.0805110470057242,1.1492283631558724,0.10804592772027398
True,resolved_oscillation,1.0,10.824733620278282,9.847619047619048,0.0006396884214372801,0.9851416395783734,3.334525895456653,0.010910789938406303,3.3666666666666667,10.746572357387606,0.8458051329575438,48,RBS0p8_mRNA1p5min,0.8,1.5,10.075,54.58398918475678,11.532007665645436,12.90133751701768,3.2597378024230004,0.002488885841695961,0.007862856056734565,0.0032459958598246496,0.9660577120379823,1.0378878708680972,95.66904917838701,1.0805110470057242,1.1492283631558724,0.10804592772027398
True,resolved_oscillation,1.0,11.807491713705383,10.741666666666667,0.0008498410512104981,0.9898284092818951,3.3985087149873348,0.010700250093458902,3.5166666666666666,11.436271948030479,0.8477135908729173,48,RBS0p8_mRNA2min,0.8,2.0,11.154285714285711,54.58398918475678,11.532007665645436,12.90133751701768,3.2597378024230004,0.002488885841695961,0.007862856056734565,0.0032459958598246496,0.9660577120379823,1.0378878708680972,95.66904917838701,1.0805110470057242,1.1492283631558724,0.10804592772027398
True,resolved_oscillation,1.0,12.893890873709617,11.729999999999999,0.000635427103580503,0.9931987723186445,3.3928890373080614,0.010716198068552302,3.533333333333333,11.508091441365545,0.8503513411661535,48,RBS0p8_mRNA3min,0.8,3.0,12.476666666666668,54.58398918475678,11.532007665645436,12.90133751701768,3.2597378024230004,0.002488885841695961,0.007862856056734565,0.0032459958598246496,0.9660577120379823,1.0378878708680972,95.66904917838701,1.0805110470057242,1.1492283631558724,0.10804592772027398
True,resolved_oscillation,1.0,13.384877340625529,12.176666666666668,0.0007496886908091516,0.9942514753098993,3.309133696512477,0.010986899509431299,3.375,10.761636450165444,0.8528411232315612,48,RBS0p8_mRNA4min,0.8,4.0,13.19,54.58398918475678,11.532007665645436,12.90133751701768,3.2597378024230004,0.002488885841695961,0.007862856056734565,0.0032459958598246496,0.9660577120379823,1.0378878708680972,95.66904917838701,1.0805110470057242,1.1492283631558724,0.10804592772027398
True,resolved_oscillation,1.0,10.053314317914397,9.145833333333334,0.0008435718448952632,0.9801080561096026,3.244231476483736,0.011224398602336035,3.2,9.941129305721756,0.8440374581145781,48,RBS1_mRNA1min,1.0,1.0,9.253333333333334,54.58398918475678,11.532007665645436,12.90133751701768,3.2597378024230004,0.002488885841695961,0.007862856056734565,0.0032459958598246496,0.9660577120379823,1.0378878708680972,95.66904917838701,1.0805110470057242,1.1492283631558724,0.10804592772027398
True,resolved_oscillation,1.0,11.492991675817706,10.455555555555556,0.0008231633041886113,0.9888074881608281,3.3689723011459245,0.010794635024372185,3.433333333333333,11.101610109460443,0.8470327963402245,48,RBS1_mRNA1p5min,1.0,1.5,10.794285714285714,54.58398918475678,11.532007665645436,12.90133751701768,3.2597378024230004,0.002488885841695961,0.007862856056734565,0.0032459958598246496,0.9660577120379823,1.0378878708680972,95.66904917838701,1.0805110470057242,1.1492283631558724,0.10804592772027398
True,resolved_oscillation,1.0,12.323516047715264,11.21111111111111,0.0007676874819043444,0.9918581159800242,3.3875022587199948,0.010733621235242068,3.5,11.366115988130385,0.8489060373197723,48,RBS1_mRNA2min,1.0,2.0,11.762857142857142,54.58398918475678,11.532007665645436,12.90133751701768,3.2597378024230004,0.002488885841695961,0.007862856056734565,0.0032459958598246496,0.9660577120379823,1.0378878708680972,95.66904917838701,1.0805110470057242,1.1492283631558724,0.10804592772027398
True,resolved_oscillation,1.0,13.113735560388385,11.93,0.000624774511735063,0.9939359637370627,3.3038989142711213,0.011004260109343798,3.35,10.657867822134513,0.8521418895157434,48,RBS1_mRNA3min,1.0,3.0,12.836666666666668,54.58398918475678,11.532007665645436,12.90133751701768,3.2597378024230004,0.002488885841695961,0.007862856056734565,0.0032459958598246496,0.9660577120379823,1.0378878708680972,95.66904917838701,1.0805110470057242,1.1492283631558724,0.10804592772027398
True,resolved_oscillation,1.0,13.329916168955839,12.126666666666667,0.0007527797656750497,0.9942914613908602,3.1405181235603274,0.011576075006331104,3.066666666666667,9.343188280405375,0.8557766505896668,48,RBS1_mRNA4min,1.0,4.0,13.29,54.58398918475678,11.532007665645436,12.90133751701768,3.2597378024230004,0.002488885841695961,0.007862856056734565,0.0032459958598246496,0.9660577120379823,1.0378878708680972,95.66904917838701,1.0805110470057242,1.1492283631558724,0.10804592772027398
True,resolved_oscillation,1.0,10.667701701222022,9.704761904761906,0.0008379907397742556,0.9847541221056133,3.301569950635783,0.011019651627092774,3.3,10.425214238229293,0.8452498824028029,48,RBS1p2_mRNA1min,1.2,1.0,9.89,54.58398918475678,11.532007665645436,12.90133751701768,3.2597378024230004,0.002488885841695961,0.007862856056734565,0.0032459958598246496,0.9660577120379823,1.0378878708680972,95.66904917838701,1.0805110470057242,1.1492283631558724,0.10804592772027398
True,resolved_oscillation,1.0,11.957108236583988,10.877777777777776,0.0007912121238421691,0.9908179460671699,3.3723953977941443,0.010782102874416518,3.4583333333333335,11.16737155778319,0.8480433860909472,48,RBS1p2_mRNA1p5min,1.2,1.5,11.325714285714287,54.58398918475678,11.532007665645436,12.90133751701768,3.2597378024230004,0.002488885841695961,0.007862856056734565,0.0032459958598246496,0.9660577120379823,1.0378878708680972,95.66904917838701,1.0805110470057242,1.1492283631558724,0.10804592772027398
True,resolved_oscillation,1.0,12.637405405917724,11.496666666666666,0.0006483235655261785,0.9929375796695722,3.349598991056831,0.010854463453229692,3.433333333333333,11.017008353549958,0.8500816107351171,48,RBS1p2_mRNA2min,1.2,2.0,12.174285714285713,54.58398918475678,11.532007665645436,12.90133751701768,3.2597378024230004,0.002488885841695961,0.007862856056734565,0.0032459958598246496,0.9660577120379823,1.0378878708680972,95.66904917838701,1.0805110470057242,1.1492283631558724,0.10804592772027398
True,resolved_oscillation,1.0,13.139384107167574,11.953333333333335,0.0006235549295872251,0.9941420227378411,3.184924818747193,0.011414788831955866,3.125,9.642994015369522,0.8542705369290384,48,RBS1p2_mRNA3min,1.2,3.0,12.986666666666668,54.58398918475678,11.532007665645436,12.90133751701768,3.2597378024230004,0.002488885841695961,0.007862856056734565,0.0032459958598246496,0.9660577120379823,1.0378878708680972,95.66904917838701,1.0805110470057242,1.1492283631558724,0.10804592772027398
True,resolved_oscillation,1.0,13.117399638499698,11.933333333333334,0.0,0.9938324690975446,2.9349744022058917,0.012385876207302478,2.75,7.939045222222259,0.8594463063190279,48,RBS1p2_mRNA4min,1.2,4.0,13.183333333333332,54.58398918475678,11.532007665645436,12.90133751701768,3.2597378024230004,0.002488885841695961,0.007862856056734565,0.0032459958598246496,0.9660577120379823,1.0378878708680972,95.66904917838701,1.0805110470057242,1.1492283631558724,0.10804592772027398
True,resolved_oscillation,1.0,11.144031855692681,10.13809523809524,0.0008021724413621104,0.9875415827990878,3.3319158213331797,0.010915565144500136,3.35,10.712698386792685,0.8462032330328375,48,RBS1p4_mRNA1min,1.4,1.0,10.402857142857142,54.58398918475678,11.532007665645436,12.90133751701768,3.2597378024230004,0.002488885841695961,0.007862856056734565,0.0032459958598246496,0.9660577120379823,1.0378878708680972,95.66904917838701,1.0805110470057242,1.1492283631558724,0.10804592772027398
True,resolved_oscillation,1.0,12.283821868176043,11.175,0.0008168867375170262,0.9920290893288493,3.3561122986350442,0.010833691858902941,3.433333333333333,11.033681803705921,0.8489760632079622,48,RBS1p4_mRNA1p5min,1.4,1.5,11.722857142857142,54.58398918475678,11.532007665645436,12.90133751701768,3.2597378024230004,0.002488885841695961,0.007862856056734565,0.0032459958598246496,0.9660577120379823,1.0378878708680972,95.66904917838701,1.0805110470057242,1.1492283631558724,0.10804592772027398
True,resolved_oscillation,1.0,12.809617077149426,11.653333333333334,0.0006396075450514272,0.993527883266096,3.292395348686552,0.01104263969302528,3.308333333333333,10.496037235397297,0.8513381391889063,48,RBS1p4_mRNA2min,1.4,2.0,12.446666666666667,54.58398918475678,11.532007665645436,12.90133751701768,3.2597378024230004,0.002488885841695961,0.007862856056734565,0.0032459958598246496,0.9660577120379823,1.0378878708680972,95.66904917838701,1.0805110470057242,1.1492283631558724,0.10804592772027398
True,resolved_oscillation,1.0,13.044118076273442,11.866666666666667,0.0,0.9940058891561043,3.0414137443411224,0.011952779376190178,2.9,8.587175329740623,0.8568007865893821,48,RBS1p4_mRNA3min,1.4,3.0,12.99,54.58398918475678,11.532007665645436,12.90133751701768,3.2597378024230004,0.002488885841695961,0.007862856056734565,0.0032459958598246496,0.9660577120379823,1.0378878708680972,95.66904917838701,1.0805110470057242,1.1492283631558724,0.10804592772027398
True,resolved_oscillation,1.0,12.816945233372051,11.66,0.0007829081725345429,0.9929278616905447,2.700312202373321,0.013461050429356344,2.475,6.641028441439143,0.8639115298666018,48,RBS1p4_mRNA4min,1.4,4.0,12.96,54.58398918475678,11.532007665645436,12.90133751701768,3.2597378024230004,0.002488885841695961,0.007862856056734565,0.0032459958598246496,0.9660577120379823,1.0378878708680972,95.66904917838701,1.0805110470057242,1.1492283631558724,0.10804592772027398
True,resolved_oscillation,1.0,7.4087663393189915,6.13030303030303,0.0010997822768802267,0.9105594642856947,2.364980430906464,0.003994830872509903,2.35,5.43317805806796,0.9928317046530744,49,RBS0p6_mRNA1min,0.6,1.0,7.42,49.64634663481524,10.01282013399752,15.990845620188333,3.025570174852094,0.006625921812662165,0.0011272530125665476,0.0034166868046320953,0.9330588514246266,1.0582069463228132,64.46694081160251,1.067309215531546,0.9587784748387798,0.006708139491397567
True,resolved_oscillation,1.0,9.07977743243776,7.512962962962963,0.0009782171473001935,0.9605069045730107,2.643807853908603,0.0017044327080078037,2.7,6.848211297804236,0.9929108135872273,49,RBS0p6_mRNA1p5min,0.6,1.5,9.077777777777778,49.64634663481524,10.01282013399752,15.990845620188333,3.025570174852094,0.006625921812662165,0.0011272530125665476,0.0034166868046320953,0.9330588514246266,1.0582069463228132,64.46694081160251,1.067309215531546,0.9587784748387798,0.006708139491397567
True,resolved_oscillation,1.0,10.312944148058467,8.533333333333333,0.0,0.9757956596602417,2.775344486701565,0.0014291002537942627,3.0166666666666666,7.919165568606418,0.9929309917392499,49,RBS0p6_mRNA2min,0.6,2.0,10.248571428571427,49.64634663481524,10.01282013399752,15.990845620188333,3.025570174852094,0.006625921812662165,0.0011272530125665476,0.0034166868046320953,0.9330588514246266,1.0582069463228132,64.46694081160251,1.067309215531546,0.9587784748387798,0.006708139491397567
True,resolved_oscillation,1.0,12.039441494273612,9.96190476190476,0.0008163600036615359,0.9865458057089926,2.8840545553617365,0.0013130205024937357,3.45,9.382940613223692,0.9929338863834706,49,RBS0p6_mRNA3min,0.6,3.0,11.794285714285714,49.64634663481524,10.01282013399752,15.990845620188333,3.025570174852094,0.006625921812662165,0.0011272530125665476,0.0034166868046320953,0.9330588514246266,1.0582069463228132,64.46694081160251,1.067309215531546,0.9587784748387798,0.006708139491397567
True,resolved_oscillation,1.0,13.253744627778264,10.966666666666667,0.0,0.9904788202342163,2.9160578151663343,0.0012877772308309645,3.7666666666666666,10.34348857786553,0.9929177807377145,49,RBS0p6_mRNA4min,0.6,4.0,12.76,49.64634663481524,10.01282013399752,15.990845620188333,3.025570174852094,0.006625921812662165,0.0011272530125665476,0.0034166868046320953,0.9330588514246266,1.0582069463228132,64.46694081160251,1.067309215531546,0.9587784748387798,0.006708139491397567
True,resolved_oscillation,1.0,8.437680280511117,6.9816666666666665,0.0007549003724441107,0.9492472779540877,2.54235162508688,0.0020077121529579705,2.5416666666666665,6.212640169108924,0.9928858214219319,49,RBS0p8_mRNA1min,0.8,1.0,8.448,49.64634663481524,10.01282013399752,15.990845620188333,3.025570174852094,0.006625921812662165,0.0011272530125665476,0.0034166868046320953,0.9330588514246266,1.0582069463228132,64.46694081160251,1.067309215531546,0.9587784748387798,0.006708139491397567
True,resolved_oscillation,1.0,10.141733161225465,8.391666666666667,0.001061613671946075,0.9750283640278545,2.747621527413006,0.0014462584198272495,2.933333333333333,7.66697080871798,0.9929164325964537,49,RBS0p8_mRNA1p5min,0.8,1.5,10.075,49.64634663481524,10.01282013399752,15.990845620188333,3.025570174852094,0.006625921812662165,0.0011272530125665476,0.0034166868046320953,0.9330588514246266,1.0582069463228132,64.46694081160251,1.067309215531546,0.9587784748387798,0.006708139491397567
True,resolved_oscillation,1.0,11.340210069056479,9.383333333333333,0.0,0.98371313566319,2.8355970214435757,0.001345730072540017,3.2333333333333334,8.676560455179972,0.9929160323736572,49,RBS0p8_mRNA2min,0.8,2.0,11.154285714285711,49.64634663481524,10.01282013399752,15.990845620188333,3.025570174852094,0.006625921812662165,0.0011272530125665476,0.0034166868046320953,0.9330588514246266,1.0582069463228132,64.46694081160251,1.067309215531546,0.9587784748387798,0.006708139491397567
True,resolved_oscillation,1.0,12.991892530268968,10.75,0.0,0.9901483414570218,2.893516944592509,0.0012980695289247642,3.6666666666666665,9.980627767115202,0.9928847772538664,49,RBS0p8_mRNA3min,0.8,3.0,12.476666666666668,49.64634663481524,10.01282013399752,15.990845620188333,3.025570174852094,0.006625921812662165,0.0011272530125665476,0.0034166868046320953,0.9330588514246266,1.0582069463228132,64.46694081160251,1.067309215531546,0.9587784748387798,0.006708139491397567
True,resolved_oscillation,1.0,14.131956277886369,11.693333333333333,0.0007806763932513771,0.9925544539848812,2.892735930256616,0.001294351147231659,3.9583333333333335,10.781060050345703,0.9928280007043097,49,RBS0p8_mRNA4min,0.8,4.0,13.19,49.64634663481524,10.01282013399752,15.990845620188333,3.025570174852094,0.006625921812662165,0.0011272530125665476,0.0034166868046320953,0.9330588514246266,1.0582069463228132,64.46694081160251,1.067309215531546,0.9587784748387798,0.006708139491397567
True,resolved_oscillation,1.0,9.274487966483136,7.674074074074074,0.0011446468364509092,0.9655521323786513,2.6489310790314526,0.0016045226340446266,2.716666666666667,6.867345769444154,0.9929003256651863,49,RBS1_mRNA1min,1.0,1.0,9.253333333333334,49.64634663481524,10.01282013399752,15.990845620188333,3.025570174852094,0.006625921812662165,0.0011272530125665476,0.0034166868046320953,0.9330588514246266,1.0582069463228132,64.46694081160251,1.067309215531546,0.9587784748387798,0.006708139491397567
True,resolved_oscillation,1.0,10.95174816615807,9.061904761904762,0.0008974383224697494,0.9817954548622675,2.8027206614469606,0.0013698812951502435,3.1166666666666667,8.278038536428026,0.9929052025645451,49,RBS1_mRNA1p5min,1.0,1.5,10.794285714285714,49.64634663481524,10.01282013399752,15.990845620188333,3.025570174852094,0.006625921812662165,0.0011272530125665476,0.0034166868046320953,0.9330588514246266,1.0582069463228132,64.46694081160251,1.067309215531546,0.9587784748387798,0.006708139491397567
True,resolved_oscillation,1.0,12.11425637927627,10.023809523809524,0.0008887547236992735,0.9875645496348024,2.8606111625817454,0.0013190955471024436,3.4166666666666665,9.208928282143285,0.992886462177969,49,RBS1_mRNA2min,1.0,2.0,11.762857142857142,49.64634663481524,10.01282013399752,15.990845620188333,3.025570174852094,0.006625921812662165,0.0011272530125665476,0.0034166868046320953,0.9330588514246266,1.0582069463228132,64.46694081160251,1.067309215531546,0.9587784748387798,0.006708139491397567
True,resolved_oscillation,1.0,13.686807712120563,11.325,0.0008060670456293835,0.9919346950779951,2.8809850246912845,0.0013003400832767337,3.816666666666667,10.35038427858714,0.9928118240424284,49,RBS1_mRNA3min,1.0,3.0,12.836666666666668,49.64634663481524,10.01282013399752,15.990845620188333,3.025570174852094,0.006625921812662165,0.0011272530125665476,0.0034166868046320953,0.9330588514246266,1.0582069463228132,64.46694081160251,1.067309215531546,0.9587784748387798,0.006708139491397567
True,resolved_oscillation,1.0,14.748315830485177,12.203333333333335,0.0006107806548756596,0.9935317281418294,2.852948346435428,0.001311126133583321,4.1,10.988093400453279,0.9926955506834744,49,RBS1_mRNA4min,1.0,4.0,13.29,49.64634663481524,10.01282013399752,15.990845620188333,3.025570174852094,0.006625921812662165,0.0011272530125665476,0.0034166868046320953,0.9330588514246266,1.0582069463228132,64.46694081160251,1.067309215531546,0.9587784748387798,0.006708139491397567
True,resolved_oscillation,1.0,9.960450939872876,8.241666666666667,0.0010809352554597548,0.9741742210919085,2.7169096333028704,0.0014657896453443991,2.8583333333333334,7.403055323329297,0.9929002186145371,49,RBS1p2_mRNA1min,1.2,1.0,9.89,49.64634663481524,10.01282013399752,15.990845620188333,3.025570174852094,0.006625921812662165,0.0011272530125665476,0.0034166868046320953,0.9330588514246266,1.0582069463228132,64.46694081160251,1.067309215531546,0.9587784748387798,0.006708139491397567
True,resolved_oscillation,1.0,11.599184670988752,9.597619047619048,0.0006563511066893054,0.98558657744082,2.8323889216765723,0.0013383098012925514,3.2666666666666666,8.743461727630445,0.9928846985455015,49,RBS1p2_mRNA1p5min,1.2,1.5,11.325714285714287,49.64634663481524,10.01282013399752,15.990845620188333,3.025570174852094,0.006625921812662165,0.0011272530125665476,0.0034166868046320953,0.9330588514246266,1.0582069463228132,64.46694081160251,1.067309215531546,0.9587784748387798,0.006708139491397567
True,resolved_oscillation,1.0,12.716612120066888,10.522222222222222,0.0008179479083859382,0.9897661310976674,2.867328594421819,0.0013102373924968568,3.55,9.592463481443142,0.9928451776633704,49,RBS1p2_mRNA2min,1.2,2.0,12.174285714285713,49.64634663481524,10.01282013399752,15.990845620188333,3.025570174852094,0.006625921812662165,0.0011272530125665476,0.0034166868046320953,0.9330588514246266,1.0582069463228132,64.46694081160251,1.067309215531546,0.9587784748387798,0.006708139491397567
True,resolved_oscillation,1.0,14.21655464785091,11.763333333333332,0.0006336265167185578,0.9929320532118864,2.8565571642529495,0.0013100478350841019,3.933333333333333,10.570299526475901,0.9927129726913925,49,RBS1p2_mRNA3min,1.2,3.0,12.986666666666668,49.64634663481524,10.01282013399752,15.990845620188333,3.025570174852094,0.006625921812662165,0.0011272530125665476,0.0034166868046320953,0.9330588514246266,1.0582069463228132,64.46694081160251,1.067309215531546,0.9587784748387798,0.006708139491397567
True,resolved_oscillation,1.0,15.191450149347064,12.57,0.0005929641945106842,0.9939962331953018,2.8036191060000384,0.0013336531968389576,4.183333333333334,11.038896995316316,0.9925145786036311,49,RBS1p2_mRNA4min,1.2,4.0,13.183333333333332,49.64634663481524,10.01282013399752,15.990845620188333,3.025570174852094,0.006625921812662165,0.0011272530125665476,0.0034166868046320953,0.9330588514246266,1.0582069463228132,64.46694081160251,1.067309215531546,0.9587784748387798,0.006708139491397567
True,resolved_oscillation,1.0,10.534511307489412,8.716666666666667,0.0,0.9793805920172776,2.7617584487359674,0.0014024510845432306,3.0,7.842714695392794,0.9928928059280475,49,RBS1p4_mRNA1min,1.4,1.0,10.402857142857142,49.64634663481524,10.01282013399752,15.990845620188333,3.025570174852094,0.006625921812662165,0.0011272530125665476,0.0034166868046320953,0.9330588514246266,1.0582069463228132,64.46694081160251,1.067309215531546,0.9587784748387798,0.006708139491397567
True,resolved_oscillation,1.0,12.128643857161395,10.035714285714285,0.00062769900618377,0.9879575183512788,2.847197536642341,0.0013236552774642983,3.3833333333333333,9.104262098910818,0.9928569087195317,49,RBS1p4_mRNA1p5min,1.4,1.5,11.722857142857142,49.64634663481524,10.01282013399752,15.990845620188333,3.025570174852094,0.006625921812662165,0.0011272530125665476,0.0034166868046320953,0.9330588514246266,1.0582069463228132,64.46694081160251,1.067309215531546,0.9587784748387798,0.006708139491397567
True,resolved_oscillation,1.0,13.210102611526716,10.930555555555555,0.0006224878634773006,0.9911496813111005,2.8632437780476274,0.001309389174482867,3.65,9.87113851607166,0.9927921588183359,49,RBS1p4_mRNA2min,1.4,2.0,12.446666666666667,49.64634663481524,10.01282013399752,15.990845620188333,3.025570174852094,0.006625921812662165,0.0011272530125665476,0.0034166868046320953,0.9330588514246266,1.0582069463228132,64.46694081160251,1.067309215531546,0.9587784748387798,0.006708139491397567
True,resolved_oscillation,1.0,14.627461016250116,12.103333333333333,0.0006158270386945167,0.9935121026692046,2.8246593723370377,0.001324145791235942,4.016666666666667,10.68210470762544,0.9925853524898949,49,RBS1p4_mRNA3min,1.4,3.0,12.99,49.64634663481524,10.01282013399752,15.990845620188333,3.025570174852094,0.006625921812662165,0.0011272530125665476,0.0034166868046320953,0.9330588514246266,1.0582069463228132,64.46694081160251,1.067309215531546,0.9587784748387798,0.006708139491397567
True,resolved_oscillation,1.0,15.505672666358219,12.83,0.0005809477727980749,0.9941629061629307,2.7478715720981732,0.0013604555081429073,4.233333333333333,10.973521637350142,0.9922791861425257,49,RBS1p4_mRNA4min,1.4,4.0,12.96,49.64634663481524,10.01282013399752,15.990845620188333,3.025570174852094,0.006625921812662165,0.0011272530125665476,0.0034166868046320953,0.9330588514246266,1.0582069463228132,64.46694081160251,1.067309215531546,0.9587784748387798,0.006708139491397567
True,resolved_oscillation,1.0,7.653059513644252,6.175757575757576,0.0014093627690230687,0.9340694130001235,2.4649705309257737,0.005026807190596242,2.4,5.7230124312372,0.919555872303914,50,RBS0p6_mRNA1min,0.6,1.0,7.42,48.41795021779562,10.591880037485033,10.788272274723322,2.9838125589066955,0.012289001035206734,0.0025317167198568996,0.00414873082018961,1.070801521866087,0.9244711165610084,83.63768469393096,1.0482480307304254,1.0729247995010658,0.06778528670783447
True,resolved_oscillation,1.0,9.39045673394818,7.577777777777778,0.001099706744868035,0.9715872207055261,2.773086328692084,0.0036377411299367292,2.7916666666666665,7.361950341689099,0.9199384168432179,50,RBS0p6_mRNA1p5min,0.6,1.5,9.077777777777778,48.41795021779562,10.591880037485033,10.788272274723322,2.9838125589066955,0.012289001035206734,0.0025317167198568996,0.00414873082018961,1.070801521866087,0.9244711165610084,83.63768469393096,1.0482480307304254,1.0729247995010658,0.06778528670783447
True,resolved_oscillation,1.0,10.615897568730274,8.566666666666666,0.0,0.9821576042907864,2.8995993813650864,0.0033990731779439966,3.1,8.499383507869407,0.9204804586773273,50,RBS0p6_mRNA2min,0.6,2.0,10.248571428571427,48.41795021779562,10.591880037485033,10.788272274723322,2.9838125589066955,0.012289001035206734,0.0025317167198568996,0.00414873082018961,1.070801521866087,0.9244711165610084,83.63768469393096,1.0482480307304254,1.0729247995010658,0.06778528670783447
True,resolved_oscillation,1.0,12.238672349942517,9.876190476190477,0.000902038907129687,0.989187802672075,2.973868981420242,0.003288102828417602,3.5166666666666666,9.85302566037689,0.9215499451018249,50,RBS0p6_mRNA3min,0.6,3.0,11.794285714285714,48.41795021779562,10.591880037485033,10.788272274723322,2.9838125589066955,0.012289001035206734,0.0025317167198568996,0.00414873082018961,1.070801521866087,0.9244711165610084,83.63768469393096,1.0482480307304254,1.0729247995010658,0.06778528670783447
True,resolved_oscillation,1.0,13.269871960912843,10.708333333333334,0.0008524864708251613,0.9914912707803912,2.962172766953091,0.003296304592540534,3.783333333333333,10.522726481300824,0.9225399275761165,50,RBS0p6_mRNA4min,0.6,4.0,12.76,48.41795021779562,10.591880037485033,10.788272274723322,2.9838125589066955,0.012289001035206734,0.0025317167198568996,0.00414873082018961,1.070801521866087,0.9244711165610084,83.63768469393096,1.0482480307304254,1.0729247995010658,0.06778528670783447
True,resolved_oscillation,1.0,8.74675607073399,7.058333333333334,0.001244501243671145,0.9636634050083014,2.6674823662570817,0.003878319295589228,2.6166666666666667,6.667559744690391,0.9196316634978822,50,RBS0p8_mRNA1min,0.8,1.0,8.448,48.41795021779562,10.591880037485033,10.788272274723322,2.9838125589066955,0.012289001035206734,0.0025317167198568996,0.00414873082018961,1.070801521866087,0.9244711165610084,83.63768469393096,1.0482480307304254,1.0729247995010658,0.06778528670783447
True,resolved_oscillation,1.0,10.450669591006847,8.433333333333334,0.0,0.9816634356154472,2.870548898061044,0.003434515946178646,3.0166666666666666,8.232495846531158,0.9203190789600498,50,RBS0p8_mRNA1p5min,0.8,1.5,10.075,48.41795021779562,10.591880037485033,10.788272274723322,2.9838125589066955,0.012289001035206734,0.0025317167198568996,0.00414873082018961,1.070801521866087,0.9244711165610084,83.63768469393096,1.0482480307304254,1.0729247995010658,0.06778528670783447
True,resolved_oscillation,1.0,11.583661438253213,9.347619047619048,0.0006739050715905731,0.9873701935343915,2.9361719846699437,0.0033347015071511785,3.316666666666667,9.18575971592596,0.9210216924715737,50,RBS0p8_mRNA2min,0.8,2.0,11.154285714285711,48.41795021779562,10.591880037485033,10.788272274723322,2.9838125589066955,0.012289001035206734,0.0025317167198568996,0.00414873082018961,1.070801521866087,0.9244711165610084,83.63768469393096,1.0482480307304254,1.0729247995010658,0.06778528670783447
True,resolved_oscillation,1.0,13.001376497112272,10.491666666666667,0.0008700914336857285,0.9912190918630769,2.9345337676106586,0.0033275208489591773,3.658333333333333,10.117557302708747,0.922304501464075,50,RBS0p8_mRNA3min,0.8,3.0,12.476666666666668,48.41795021779562,10.591880037485033,10.788272274723322,2.9838125589066955,0.012289001035206734,0.0025317167198568996,0.00414873082018961,1.070801521866087,0.9244711165610084,83.63768469393096,1.0482480307304254,1.0729247995010658,0.06778528670783447
True,resolved_oscillation,1.0,13.806862888513985,11.141666666666667,0.0008193306768962843,0.9922017815872242,2.86664464597076,0.003404520106550142,3.8333333333333335,10.343826909468836,0.9234756614104981,50,RBS0p8_mRNA4min,0.8,4.0,13.19,48.41795021779562,10.591880037485033,10.788272274723322,2.9838125589066955,0.012289001035206734,0.0025317167198568996,0.00414873082018961,1.070801521866087,0.9244711165610084,83.63768469393096,1.0482480307304254,1.0729247995010658,0.06778528670783447
True,resolved_oscillation,1.0,9.598712830870419,7.745833333333334,0.0009960409895347514,0.975239978889871,2.7770951368068095,0.003592236485460898,2.8,7.399665698586267,0.9198593606369742,50,RBS1_mRNA1min,1.0,1.0,9.253333333333334,48.41795021779562,10.591880037485033,10.788272274723322,2.9838125589066955,0.012289001035206734,0.0025317167198568996,0.00414873082018961,1.070801521866087,0.9244711165610084,83.63768469393096,1.0482480307304254,1.0729247995010658,0.06778528670783447
True,resolved_oscillation,1.0,11.220749987182112,9.054761904761905,0.0008981462675045664,0.9861278526512868,2.9083502510599017,0.0033701025368878257,3.2,8.79965082497498,0.9207314035874613,50,RBS1_mRNA1p5min,1.0,1.5,10.794285714285714,48.41795021779562,10.591880037485033,10.788272274723322,2.9838125589066955,0.012289001035206734,0.0025317167198568996,0.00414873082018961,1.070801521866087,0.9244711165610084,83.63768469393096,1.0482480307304254,1.0729247995010658,0.06778528670783447
True,resolved_oscillation,1.0,12.250474348351334,9.885714285714284,0.0006372233408151711,0.989719638812627,2.9303769526913612,0.0033349417379329015,3.45,9.544984140215025,0.9215406724134207,50,RBS1_mRNA2min,1.0,2.0,11.762857142857142,48.41795021779562,10.591880037485033,10.788272274723322,2.9838125589066955,0.012289001035206734,0.0025317167198568996,0.00414873082018961,1.070801521866087,0.9244711165610084,83.63768469393096,1.0482480307304254,1.0729247995010658,0.06778528670783447
True,resolved_oscillation,1.0,13.445426687243986,10.85,0.0,0.9919040400528802,2.8668271721042404,0.0034046455351215334,3.716666666666667,10.033298839238721,0.922985325057439,50,RBS1_mRNA3min,1.0,3.0,12.836666666666668,48.41795021779562,10.591880037485033,10.788272274723322,2.9838125589066955,0.012289001035206734,0.0025317167198568996,0.00414873082018961,1.070801521866087,0.9244711165610084,83.63768469393096,1.0482480307304254,1.0729247995010658,0.06778528670783447
True,resolved_oscillation,1.0,14.003071112060557,11.3,0.0,0.9919148545931703,2.746232931487573,0.0035534819852103892,3.8,9.80615332268194,0.9242948859808051,50,RBS1_mRNA4min,1.0,4.0,13.29,48.41795021779562,10.591880037485033,10.788272274723322,2.9838125589066955,0.012289001035206734,0.0025317167198568996,0.00414873082018961,1.070801521866087,0.9244711165610084,83.63768469393096,1.0482480307304254,1.0729247995010658,0.06778528670783447
True,resolved_oscillation,1.0,10.275114864675704,8.291666666666666,0.001074417052914269,0.9811173236836659,2.838581476179813,0.0034743849640412566,2.9583333333333335,7.954152625111794,0.9201333583739942,50,RBS1p2_mRNA1min,1.2,1.0,9.89,48.41795021779562,10.591880037485033,10.788272274723322,2.9838125589066955,0.012289001035206734,0.0025317167198568996,0.00414873082018961,1.070801521866087,0.9244711165610084,83.63768469393096,1.0482480307304254,1.0729247995010658,0.06778528670783447
True,resolved_oscillation,1.0,11.793146910009702,9.516666666666667,0.0,0.9885044697141759,2.9159127266693847,0.003354107718385539,3.3333333333333335,9.157430510310707,0.9211304768934396,50,RBS1p2_mRNA1p5min,1.2,1.5,11.325714285714287,48.41795021779562,10.591880037485033,10.788272274723322,2.9838125589066955,0.012289001035206734,0.0025317167198568996,0.00414873082018961,1.070801521866087,0.9244711165610084,83.63768469393096,1.0482480307304254,1.0729247995010658,0.06778528670783447
True,resolved_oscillation,1.0,12.722554284703987,10.266666666666667,0.0,0.9909037594077055,2.902417069357905,0.003364542465089838,3.533333333333333,9.685022732456485,0.922021391011121,50,RBS1p2_mRNA2min,1.2,2.0,12.174285714285713,48.41795021779562,10.591880037485033,10.788272274723322,2.9838125589066955,0.012289001035206734,0.0025317167198568996,0.00414873082018961,1.070801521866087,0.9244711165610084,83.63768469393096,1.0482480307304254,1.0729247995010658,0.06778528670783447
True,resolved_oscillation,1.0,13.669172907077796,11.030555555555557,0.0006168445587467082,0.9919188716511992,2.782027785159989,0.0035079296066106024,3.7,9.717178624748502,0.9235877097449173,50,RBS1p2_mRNA3min,1.2,3.0,12.986666666666668,48.41795021779562,10.591880037485033,10.788272274723322,2.9838125589066955,0.012289001035206734,0.0025317167198568996,0.00414873082018961,1.070801521866087,0.9244711165610084,83.63768469393096,1.0482480307304254,1.0729247995010658,0.06778528670783447
True,resolved_oscillation,1.0,13.972090866237414,11.275,0.0008096416223284051,0.9909713178017289,2.6088944721298417,0.003740861448476479,3.683333333333333,9.057182755655708,0.9250022849872892,50,RBS1p2_mRNA4min,1.2,4.0,13.183333333333332,48.41795021779562,10.591880037485033,10.788272274723322,2.9838125589066955,0.012289001035206734,0.0025317167198568996,0.00414873082018961,1.070801521866087,0.9244711165610084,83.63768469393096,1.0482480307304254,1.0729247995010658,0.06778528670783447
True,resolved_oscillation,1.0,10.82243254088456,8.733333333333333,0.0,0.9845566018466619,2.8722411127806398,0.003417517465837797,3.0833333333333335,8.371035478101046,0.9204156536610194,50,RBS1p4_mRNA1min,1.4,1.0,10.402857142857142,48.41795021779562,10.591880037485033,10.788272274723322,2.9838125589066955,0.012289001035206734,0.0025317167198568996,0.00414873082018961,1.070801521866087,0.9244711165610084,83.63768469393096,1.0482480307304254,1.0729247995010658,0.06778528670783447
True,resolved_oscillation,1.0,12.235721850340314,9.873809523809523,0.0009022564231429808,0.9898905876698139,2.9058337370385785,0.003362424442102828,3.4166666666666665,9.36422362335116,0.921506510178764,50,RBS1p4_mRNA1p5min,1.4,1.5,11.722857142857142,48.41795021779562,10.591880037485033,10.788272274723322,2.9838125589066955,0.012289001035206734,0.0025317167198568996,0.00414873082018961,1.070801521866087,0.9244711165610084,83.63768469393096,1.0482480307304254,1.0729247995010658,0.06778528670783447
True,resolved_oscillation,1.0,13.046125741079033,10.527777777777777,0.0008175162736057873,0.9914853705141016,2.860740138291131,0.003412373579230922,3.5833333333333335,9.66687170205887,0.9224611119821382,50,RBS1p4_mRNA2min,1.4,2.0,12.446666666666667,48.41795021779562,10.591880037485033,10.788272274723322,2.9838125589066955,0.012289001035206734,0.0025317167198568996,0.00414873082018961,1.070801521866087,0.9244711165610084,83.63768469393096,1.0482480307304254,1.0729247995010658,0.06778528670783447
True,resolved_oscillation,1.0,13.73801789779589,11.08611111111111,0.0006137533808026004,0.9914894253744903,2.685015845763538,0.0036346420687288694,3.65,9.244434279538925,0.9241133196417908,50,RBS1p4_mRNA3min,1.4,3.0,12.99,48.41795021779562,10.591880037485033,10.788272274723322,2.9838125589066955,0.012289001035206734,0.0025317167198568996,0.00414873082018961,1.070801521866087,0.9244711165610084,83.63768469393096,1.0482480307304254,1.0729247995010658,0.06778528670783447
True,resolved_oscillation,1.0,13.799978389442176,11.136111111111111,0.0006109976908912891,0.9894565606439608,2.458982035391427,0.003969851570803895,3.5166666666666666,8.202158550797709,0.9256097046867146,50,RBS1p4_mRNA4min,1.4,4.0,12.96,48.41795021779562,10.591880037485033,10.788272274723322,2.9838125589066955,0.012289001035206734,0.0025317167198568996,0.00414873082018961,1.070801521866087,0.9244711165610084,83.63768469393096,1.0482480307304254,1.0729247995010658,0.06778528670783447
True,resolved_oscillation,1.0,6.615154344928091,5.908333333333333,0.0014731536470157785,0.8874835672548144,1.729559854656226,0.04277064987922906,2.2666666666666666,4.121158867585124,0.9238464862497325,51,RBS0p6_mRNA1min,0.6,1.0,7.42,53.58907464824293,9.660049652836781,10.73153564893897,2.601524861320335,0.001502443918087924,0.018022330747270755,0.001541214665388125,0.9193220321791218,0.9366845205843132,75.41449651103413,1.0326284228534313,1.0407504705278754,0.08934028704503653
True,resolved_oscillation,1.0,7.843016561842811,7.005,0.0011492883453239303,0.9535189393194035,1.957961004380041,0.03178793022017129,2.3,4.650156306213484,0.9237330186750363,51,RBS0p6_mRNA1p5min,0.6,1.5,9.077777777777778,53.58907464824293,9.660049652836781,10.73153564893897,2.601524861320335,0.001502443918087924,0.018022330747270755,0.001541214665388125,0.9193220321791218,0.9366845205843132,75.41449651103413,1.0326284228534313,1.0407504705278754,0.08934028704503653
True,resolved_oscillation,1.0,8.712130281490275,7.78125,0.0007572763386201313,0.9711753391398752,2.0348277019466066,0.029966426213233664,2.3333333333333335,4.883148954368523,0.9247103558180787,51,RBS0p6_mRNA2min,0.6,2.0,10.248571428571427,53.58907464824293,9.660049652836781,10.73153564893897,2.601524861320335,0.001502443918087924,0.018022330747270755,0.001541214665388125,0.9193220321791218,0.9366845205843132,75.41449651103413,1.0326284228534313,1.0407504705278754,0.08934028704503653
True,resolved_oscillation,1.0,9.780778275857813,8.735714285714286,0.0007211096514212566,0.9828903280791013,2.0299422530407756,0.02982029807737279,2.2666666666666666,4.794373423954125,0.927751831933316,51,RBS0p6_mRNA3min,0.6,3.0,11.794285714285714,53.58907464824293,9.660049652836781,10.73153564893897,2.601524861320335,0.001502443918087924,0.018022330747270755,0.001541214665388125,0.9193220321791218,0.9366845205843132,75.41449651103413,1.0326284228534313,1.0407504705278754,0.08934028704503653
True,resolved_oscillation,1.0,10.377914916302663,9.269047619047619,0.0006796175985267379,0.9869441176423775,1.9341331919682598,0.03125309716122093,2.1166666666666667,4.368093846345161,0.9317621040792945,51,RBS0p6_mRNA4min,0.6,4.0,12.76,53.58907464824293,9.660049652836781,10.73153564893897,2.601524861320335,0.001502443918087924,0.018022330747270755,0.001541214665388125,0.9193220321791218,0.9366845205843132,75.41449651103413,1.0326284228534313,1.0407504705278754,0.08934028704503653
True,resolved_oscillation,1.0,7.338673598194363,6.554545454545454,0.0011877237705654304,0.9392877423118683,1.8684714192190746,0.03407630588818418,2.25,4.345369060148129,0.9240475799010002,51,RBS0p8_mRNA1min,0.8,1.0,8.448,53.58907464824293,9.660049652836781,10.73153564893897,2.601524861320335,0.001502443918087924,0.018022330747270755,0.001541214665388125,0.9193220321791218,0.9366845205843132,75.41449651103413,1.0326284228534313,1.0407504705278754,0.08934028704503653
True,resolved_oscillation,1.0,8.538224601916275,7.625925925925926,0.00115187384416041,0.969894135932294,1.9917855967501377,0.030628503053888086,2.275,4.675584465445753,0.9254060304168713,51,RBS0p8_mRNA1p5min,0.8,1.5,10.075,53.58907464824293,9.660049652836781,10.73153564893897,2.601524861320335,0.001502443918087924,0.018022330747270755,0.001541214665388125,0.9193220321791218,0.9366845205843132,75.41449651103413,1.0326284228534313,1.0407504705278754,0.08934028704503653
True,resolved_oscillation,1.0,9.285941271917746,8.29375,0.0010400385219929982,0.9794439597281696,1.9967309846279648,0.03035602478938741,2.2333333333333334,4.642564070079328,0.9275367806400191,51,RBS0p8_mRNA2min,0.8,2.0,11.154285714285711,53.58907464824293,9.660049652836781,10.73153564893897,2.601524861320335,0.001502443918087924,0.018022330747270755,0.001541214665388125,0.9193220321791218,0.9366845205843132,75.41449651103413,1.0326284228534313,1.0407504705278754,0.08934028704503653
True,resolved_oscillation,1.0,10.093008762518988,9.014583333333333,0.0006536693147090803,0.986097345473227,1.8692498345364523,0.0323396418318393,2.0416666666666665,4.088402929679156,0.9332277773898114,51,RBS0p8_mRNA3min,0.8,3.0,12.476666666666668,53.58907464824293,9.660049652836781,10.73153564893897,2.601524861320335,0.001502443918087924,0.018022330747270755,0.001541214665388125,0.9193220321791218,0.9366845205843132,75.41449651103413,1.0326284228534313,1.0407504705278754,0.08934028704503653
True,resolved_oscillation,1.0,10.468551727798756,9.35,0.001029144864865643,0.9881826385258585,1.6587173277548577,0.03642217300173688,1.8166666666666667,3.353762133650063,0.9402593641038232,51,RBS0p8_mRNA4min,0.8,4.0,13.19,53.58907464824293,9.660049652836781,10.73153564893897,2.601524861320335,0.001502443918087924,0.018022330747270755,0.001541214665388125,0.9193220321791218,0.9366845205843132,75.41449651103413,1.0326284228534313,1.0407504705278754,0.08934028704503653
True,resolved_oscillation,1.0,7.914133877006902,7.068518518518518,0.0007859575582918522,0.958723307345648,1.9274230826826833,0.03200181329198852,2.2333333333333334,4.455211986163419,0.9249568879390654,51,RBS1_mRNA1min,1.0,1.0,9.253333333333334,53.58907464824293,9.660049652836781,10.73153564893897,2.601524861320335,0.001502443918087924,0.018022330747270755,0.001541214665388125,0.9193220321791218,0.9366845205843132,75.41449651103413,1.0326284228534313,1.0407504705278754,0.08934028704503653
True,resolved_oscillation,1.0,9.003700906707486,8.041666666666666,0.0011078186193261114,0.9770838086546728,1.9712922183082997,0.03078012956930036,2.2083333333333335,4.532307628129999,0.9275101495158538,51,RBS1_mRNA1p5min,1.0,1.5,10.794285714285714,53.58907464824293,9.660049652836781,10.73153564893897,2.601524861320335,0.001502443918087924,0.018022330747270755,0.001541214665388125,0.9193220321791218,0.9366845205843132,75.41449651103413,1.0326284228534313,1.0407504705278754,0.08934028704503653
True,resolved_oscillation,1.0,9.612833595732699,8.585714285714285,0.0007337080729519108,0.9831816634669023,1.9113183329248185,0.03165439502620138,2.1,4.250259670358998,0.9309560145055078,51,RBS1_mRNA2min,1.0,2.0,11.762857142857142,53.58907464824293,9.660049652836781,10.73153564893897,2.601524861320335,0.001502443918087924,0.018022330747270755,0.001541214665388125,0.9193220321791218,0.9366845205843132,75.41449651103413,1.0326284228534313,1.0407504705278754,0.08934028704503653
True,resolved_oscillation,1.0,10.179313667583282,9.091666666666667,0.0009798762306596678,0.9872105514914838,1.6640565805733738,0.03630969936956703,1.8083333333333333,3.3535248436073912,0.9396868794837434,51,RBS1_mRNA3min,1.0,3.0,12.836666666666668,53.58907464824293,9.660049652836781,10.73153564893897,2.601524861320335,0.001502443918087924,0.018022330747270755,0.001541214665388125,0.9193220321791218,0.9366845205843132,75.41449651103413,1.0326284228534313,1.0407504705278754,0.08934028704503653
True,resolved_oscillation,1.0,10.329930721981201,9.226190476190476,0.0009655890030384366,0.9876514237470659,1.3350912460859454,0.04524060133824787,1.5166666666666666,2.4484715027449186,0.9503441373801643,51,RBS1_mRNA4min,1.0,4.0,13.29,53.58907464824293,9.660049652836781,10.73153564893897,2.601524861320335,0.001502443918087924,0.018022330747270755,0.001541214665388125,0.9193220321791218,0.9366845205843132,75.41449651103413,1.0326284228534313,1.0407504705278754,0.08934028704503653
True,resolved_oscillation,1.0,8.353692792889916,7.461111111111111,0.0011169024571854058,0.968432722525535,1.94519631481772,0.03137977536854407,2.216666666666667,4.462666373916924,0.9261587173527847,51,RBS1p2_mRNA1min,1.2,1.0,9.89,53.58907464824293,9.660049652836781,10.73153564893897,2.601524861320335,0.001502443918087924,0.018022330747270755,0.001541214665388125,0.9193220321791218,0.9366845205843132,75.41449651103413,1.0326284228534313,1.0407504705278754,0.08934028704503653
True,resolved_oscillation,1.0,9.309266921935123,8.314583333333333,0.0007087013592448484,0.9808992308005497,1.919076670305556,0.03155187706566626,2.1166666666666667,4.283679135208428,0.9299676411523573,51,RBS1p2_mRNA1p5min,1.2,1.5,11.325714285714287,53.58907464824293,9.660049652836781,10.73153564893897,2.601524861320335,0.001502443918087924,0.018022330747270755,0.001541214665388125,0.9193220321791218,0.9366845205843132,75.41449651103413,1.0326284228534313,1.0407504705278754,0.08934028704503653
True,resolved_oscillation,1.0,9.789775312293088,8.74375,0.000986512593770342,0.9850627524319794,1.7965169443386388,0.03365134044494026,1.95,3.79611885284799,0.934879351417368,51,RBS1p2_mRNA2min,1.2,2.0,12.174285714285713,53.58907464824293,9.660049652836781,10.73153564893897,2.601524861320335,0.001502443918087924,0.018022330747270755,0.001541214665388125,0.9193220321791218,0.9366845205843132,75.41449651103413,1.0326284228534313,1.0407504705278754,0.08934028704503653
True,resolved_oscillation,1.0,10.111669282532889,9.03125,0.0006524630045550612,0.987138804320621,1.4288722744106372,0.04227624085582515,1.6,2.665240616881179,0.9470498861528821,51,RBS1p2_mRNA3min,1.2,3.0,12.986666666666668,53.58907464824293,9.660049652836781,10.73153564893897,2.601524861320335,0.001502443918087924,0.018022330747270755,0.001541214665388125,0.9193220321791218,0.9366845205843132,75.41449651103413,1.0326284228534313,1.0407504705278754,0.08934028704503653
True,resolved_oscillation,1.0,9.983378207437315,8.916666666666666,0.0,0.9849240613775329,0.977159556554012,0.06180612295823019,1.2666666666666666,1.691865291764325,0.9621009138332954,51,RBS1p2_mRNA4min,1.2,4.0,13.183333333333332,53.58907464824293,9.660049652836781,10.73153564893897,2.601524861320335,0.001502443918087924,0.018022330747270755,0.001541214665388125,0.9193220321791218,0.9366845205843132,75.41449651103413,1.0326284228534313,1.0407504705278754,0.08934028704503653
True,resolved_oscillation,1.0,8.691137196474635,7.7625,0.0009939024152147626,0.9740756626581862,1.9381106328303095,0.0313548007846299,2.1666666666666665,4.393452182092418,0.9275468855385097,51,RBS1p4_mRNA1min,1.4,1.0,10.402857142857142,53.58907464824293,9.660049652836781,10.73153564893897,2.601524861320335,0.001502443918087924,0.018022330747270755,0.001541214665388125,0.9193220321791218,0.9366845205843132,75.41449651103413,1.0326284228534313,1.0407504705278754,0.08934028704503653
True,resolved_oscillation,1.0,9.508867841369534,8.492857142857142,0.0010489647846296443,0.9831222069267399,1.845575723668515,0.03277593817930916,2.0166666666666666,3.9781277338972627,0.9327385104490774,51,RBS1p4_mRNA1p5min,1.4,1.5,11.722857142857142,53.58907464824293,9.660049652836781,10.73153564893897,2.601524861320335,0.001502443918087924,0.018022330747270755,0.001541214665388125,0.9193220321791218,0.9366845205843132,75.41449651103413,1.0326284228534313,1.0407504705278754,0.08934028704503653
True,resolved_oscillation,1.0,9.859752262345218,8.80625,0.0009795110849430153,0.9859622591252137,1.6611761800399376,0.036378833095672046,1.8083333333333333,3.3260975967523763,0.9392524748668051,51,RBS1p4_mRNA2min,1.4,2.0,12.446666666666667,53.58907464824293,9.660049652836781,10.73153564893897,2.601524861320335,0.001502443918087924,0.018022330747270755,0.001541214665388125,0.9193220321791218,0.9366845205843132,75.41449651103413,1.0326284228534313,1.0407504705278754,0.08934028704503653
True,resolved_oscillation,1.0,9.922731517392137,8.8625,0.0008705407614222392,0.9859186638517469,1.1720871940830058,0.051531877623757306,1.3833333333333333,2.0536509932530325,0.955305883325122,51,RBS1p4_mRNA3min,1.4,3.0,12.99,53.58907464824293,9.660049652836781,10.73153564893897,2.601524861320335,0.001502443918087924,0.018022330747270755,0.001541214665388125,0.9193220321791218,0.9366845205843132,75.41449651103413,1.0326284228534313,1.0407504705278754,0.08934028704503653
True,resolved_oscillation,1.0,9.3325925719525,8.335416666666667,0.000706930048674379,0.9760940118686496,0.5988665185704416,0.10086194424142285,1.05,1.0913534206587505,0.9755565391793639,51,RBS1p4_mRNA4min,1.4,4.0,12.96,53.58907464824293,9.660049652836781,10.73153564893897,2.601524861320335,0.001502443918087924,0.018022330747270755,0.001541214665388125,0.9193220321791218,0.9366845205843132,75.41449651103413,1.0326284228534313,1.0407504705278754,0.08934028704503653
True,resolved_oscillation,1.0,6.681357380904457,5.316666666666666,0.0,0.8602751737106812,1.5852663418285953,0.017008126234159215,2.1333333333333333,3.409024917551237,0.9583797206631244,52,RBS0p6_mRNA1min,0.6,1.0,7.42,47.74478924173592,10.698094352365379,15.028423996944381,3.0545031195116445,0.0038313454746359854,0.006154510734553609,0.0025957084332891124,1.0316710655294081,0.8708506267362148,98.37272216940946,0.9276182561451135,0.8105745442362395,0.05526493407223028
True,resolved_oscillation,1.0,8.263633808243187,6.575757575757576,0.001323631946206919,0.9491887185520634,1.8730844648331808,0.009011195445736114,2.4,4.370481083740404,0.9564950892026136,52,RBS0p6_mRNA1p5min,0.6,1.5,9.077777777777778,47.74478924173592,10.698094352365379,15.028423996944381,3.0545031195116445,0.0038313454746359854,0.006154510734553609,0.0025957084332891124,1.0316710655294081,0.8708506267362148,98.37272216940946,0.9276182561451135,0.8105745442362395,0.05526493407223028
True,resolved_oscillation,1.0,9.483291998323114,7.546296296296296,0.0009738961881219352,0.9711538525900688,2.00760938006606,0.00807875540333588,2.65,5.113502092654877,0.9557069873147552,52,RBS0p6_mRNA2min,0.6,2.0,10.248571428571427,47.74478924173592,10.698094352365379,15.028423996944381,3.0545031195116445,0.0038313454746359854,0.006154510734553609,0.0025957084332891124,1.0316710655294081,0.8708506267362148,98.37272216940946,0.9276182561451135,0.8105745442362395,0.05526493407223028
True,resolved_oscillation,1.0,11.172498190907856,8.89047619047619,0.0010020507195431015,0.9851984281287138,2.1264194969182206,0.00754556775028116,3.0,6.0861237517037505,0.9548725801967651,52,RBS0p6_mRNA3min,0.6,3.0,11.794285714285714,47.74478924173592,10.698094352365379,15.028423996944381,3.0545031195116445,0.0038313454746359854,0.006154510734553609,0.0025957084332891124,1.0316710655294081,0.8708506267362148,98.37272216940946,0.9276182561451135,0.8105745442362395,0.05526493407223028
True,resolved_oscillation,1.0,12.306503765185862,9.792857142857143,0.0009097149007473721,0.9900723381997216,2.1711349351342033,0.007378305853566896,3.216666666666667,6.646985677824144,0.954325430144291,52,RBS0p6_mRNA4min,0.6,4.0,12.76,47.74478924173592,10.698094352365379,15.028423996944381,3.0545031195116445,0.0038313454746359854,0.006154510734553609,0.0025957084332891124,1.0316710655294081,0.8708506267362148,98.37272216940946,0.9276182561451135,0.8105745442362395,0.05526493407223028
True,resolved_oscillation,1.0,7.637197051811848,6.077272727272727,0.0013836386861642092,0.9318898450701085,1.7746362719041486,0.010000519041783909,2.2666666666666666,3.9310970166012353,0.9569856947625595,52,RBS0p8_mRNA1min,0.8,1.0,8.448,47.74478924173592,10.698094352365379,15.028423996944381,3.0545031195116445,0.0038313454746359854,0.006154510734553609,0.0025957084332891124,1.0316710655294081,0.8708506267362148,98.37272216940946,0.9276182561451135,0.8105745442362395,0.05526493407223028
True,resolved_oscillation,1.0,9.31806163467135,7.414814814814815,0.0007492507492507493,0.9702377717360657,1.9819449400947393,0.00818664101953202,2.5833333333333335,4.933733534190149,0.9557410487993864,52,RBS0p8_mRNA1p5min,0.8,1.5,10.075,47.74478924173592,10.698094352365379,15.028423996944381,3.0545031195116445,0.0038313454746359854,0.006154510734553609,0.0025957084332891124,1.0316710655294081,0.8708506267362148,98.37272216940946,0.9276182561451135,0.8105745442362395,0.05526493407223028
True,resolved_oscillation,1.0,10.495909772745284,8.352083333333333,0.0007055193626206511,0.9816749239466803,2.0751794935521395,0.00774392816851699,2.816666666666667,5.609725214078472,0.9550942311968162,52,RBS0p8_mRNA2min,0.8,2.0,11.154285714285711,47.74478924173592,10.698094352365379,15.028423996944381,3.0545031195116445,0.0038313454746359854,0.006154510734553609,0.0025957084332891124,1.0316710655294081,0.8708506267362148,98.37272216940946,0.9276182561451135,0.8105745442362395,0.05526493407223028
True,resolved_oscillation,1.0,12.058159536518119,9.595238095238095,0.0008475558946203143,0.9896950762640878,2.147504085866368,0.007459660619472969,3.1166666666666667,6.3803776288264125,0.9542584494875895,52,RBS0p8_mRNA3min,0.8,3.0,12.476666666666668,47.74478924173592,10.698094352365379,15.028423996944381,3.0545031195116445,0.0038313454746359854,0.006154510734553609,0.0025957084332891124,1.0316710655294081,0.8708506267362148,98.37272216940946,0.9276182561451135,0.8105745442362395,0.05526493407223028
True,resolved_oscillation,1.0,13.059016699040528,10.391666666666667,0.0008784644065840674,0.992638341338348,2.163080521145119,0.007401891914606327,3.2666666666666666,6.719490369988287,0.9535464886368157,52,RBS0p8_mRNA4min,0.8,4.0,13.19,47.74478924173592,10.698094352365379,15.028423996944381,3.0545031195116445,0.0038313454746359854,0.006154510734553609,0.0025957084332891124,1.0316710655294081,0.8708506267362148,98.37272216940946,0.9276182561451135,0.8105745442362395,0.05526493407223028
True,resolved_oscillation,1.0,8.46165636954671,6.733333333333333,0.0,0.9570406984625477,1.883585370425048,0.008781615497615369,2.4,4.380075357701897,0.9562712069762465,52,RBS1_mRNA1min,1.0,1.0,9.253333333333334,47.74478924173592,10.698094352365379,15.028423996944381,3.0545031195116445,0.0038313454746359854,0.006154510734553609,0.0025957084332891124,1.0316710655294081,0.8708506267362148,98.37272216940946,0.9276182561451135,0.8105745442362395,0.05526493407223028
True,resolved_oscillation,1.0,10.118905281032808,8.052083333333334,0.0007318052069201009,0.9792661231027573,2.041718230785235,0.007881089384746878,2.7333333333333334,5.33842995794447,0.9552317204707719,52,RBS1_mRNA1p5min,1.0,1.5,10.794285714285714,47.74478924173592,10.698094352365379,15.028423996944381,3.0545031195116445,0.0038313454746359854,0.006154510734553609,0.0025957084332891124,1.0316710655294081,0.8708506267362148,98.37272216940946,0.9276182561451135,0.8105745442362395,0.05526493407223028
True,resolved_oscillation,1.0,11.238324372000509,8.942857142857143,0.0009961814128791112,0.986545300402482,2.1070691191826327,0.0076092768587054495,2.933333333333333,5.918714666765435,0.9546141983535376,52,RBS1_mRNA2min,1.0,2.0,11.762857142857142,47.74478924173592,10.698094352365379,15.028423996944381,3.0545031195116445,0.0038313454746359854,0.006154510734553609,0.0025957084332891124,1.0316710655294081,0.8708506267362148,98.37272216940946,0.9276182561451135,0.8105745442362395,0.05526493407223028
True,resolved_oscillation,1.0,12.662563562914313,10.076190476190476,0.0008841345431885495,0.991893811248184,2.145432371084889,0.007463412145404449,3.1666666666666665,6.471076969300403,0.953633219611323,52,RBS1_mRNA3min,1.0,3.0,12.836666666666668,47.74478924173592,10.698094352365379,15.028423996944381,3.0545031195116445,0.0038313454746359854,0.006154510734553609,0.0025957084332891124,1.0316710655294081,0.8708506267362148,98.37272216940946,0.9276182561451135,0.8105745442362395,0.05526493407223028
True,resolved_oscillation,1.0,13.523290749019782,10.761111111111111,0.0007997900560056617,0.9938885651299282,2.136013518389667,0.007494397434028151,3.2333333333333334,6.5849618103020395,0.9526290623854456,52,RBS1_mRNA4min,1.0,4.0,13.29,47.74478924173592,10.698094352365379,15.028423996944381,3.0545031195116445,0.0038313454746359854,0.006154510734553609,0.0025957084332891124,1.0316710655294081,0.8708506267362148,98.37272216940946,0.9276182561451135,0.8105745442362395,0.05526493407223028
True,resolved_oscillation,1.0,9.143522518137795,7.275925925925926,0.0012072834029657848,0.9692228199074135,1.9537924560154059,0.008308411896504385,2.525,4.746840669126144,0.9557755313578576,52,RBS1p2_mRNA1min,1.2,1.0,9.89,47.74478924173592,10.698094352365379,15.028423996944381,3.0545031195116445,0.0038313454746359854,0.006154510734553609,0.0025957084332891124,1.0316710655294081,0.8708506267362148,98.37272216940946,0.9276182561451135,0.8105745442362395,0.05526493407223028
True,resolved_oscillation,1.0,10.744628013805599,8.55,0.0,0.9841110348316046,2.0760251041255193,0.007729861319350573,2.8333333333333335,5.624065481231477,0.9548261161372845,52,RBS1p2_mRNA1p5min,1.2,1.5,11.325714285714287,47.74478924173592,10.698094352365379,15.028423996944381,3.0545031195116445,0.0038313454746359854,0.006154510734553609,0.0025957084332891124,1.0316710655294081,0.8708506267362148,98.37272216940946,0.9276182561451135,0.8105745442362395,0.05526493407223028
True,resolved_oscillation,1.0,11.795353495337595,9.386111111111111,0.0007249155793972117,0.9892657114119288,2.120368187879676,0.007555323712472679,3.0166666666666666,6.0985939854496225,0.9541702929855396,52,RBS1p2_mRNA2min,1.2,2.0,12.174285714285713,47.74478924173592,10.698094352365379,15.028423996944381,3.0545031195116445,0.0038313454746359854,0.006154510734553609,0.0025957084332891124,1.0316710655294081,0.8708506267362148,98.37272216940946,0.9276182561451135,0.8105745442362395,0.05526493407223028
True,resolved_oscillation,1.0,13.083452175355225,10.41111111111111,0.0008266773417731948,0.9931398540048392,2.130093765996023,0.0075157461160430825,3.1666666666666665,6.427362079096776,0.9529325563192712,52,RBS1p2_mRNA3min,1.2,3.0,12.986666666666668,47.74478924173592,10.698094352365379,15.028423996944381,3.0545031195116445,0.0038313454746359854,0.006154510734553609,0.0025957084332891124,1.0316710655294081,0.8708506267362148,98.37272216940946,0.9276182561451135,0.8105745442362395,0.05526493407223028
True,resolved_oscillation,1.0,13.802553335473469,10.983333333333333,0.0,0.9945625447914637,2.0965942580055197,0.007634685715528339,3.15,6.324492025460828,0.9515129180765965,52,RBS1p2_mRNA4min,1.2,4.0,13.183333333333332,47.74478924173592,10.698094352365379,15.028423996944381,3.0545031195116445,0.0038313454746359854,0.006154510734553609,0.0025957084332891124,1.0316710655294081,0.8708506267362148,98.37272216940946,0.9276182561451135,0.8105745442362395,0.05526493407223028
True,resolved_oscillation,1.0,9.71135644392696,7.727777777777778,0.0010783608914450035,0.9762050366556175,2.0010652890116742,0.008056797768795717,2.6166666666666667,5.040939835858558,0.9553945264271334,52,RBS1p4_mRNA1min,1.4,1.0,10.402857142857142,47.74478924173592,10.698094352365379,15.028423996944381,3.0545031195116445,0.0038313454746359854,0.006154510734553609,0.0025957084332891124,1.0316710655294081,0.8708506267362148,98.37272216940946,0.9276182561451135,0.8105745442362395,0.05526493407223028
True,resolved_oscillation,1.0,11.25029276856281,8.952380952380953,0.0007036572635810082,0.987067489828423,2.0954127807703427,0.007649669524697699,2.9166666666666665,5.821182528756068,0.9544642387015952,52,RBS1p4_mRNA1p5min,1.4,1.5,11.722857142857142,47.74478924173592,10.698094352365379,15.028423996944381,3.0545031195116445,0.0038313454746359854,0.006154510734553609,0.0025957084332891124,1.0316710655294081,0.8708506267362148,98.37272216940946,0.9276182561451135,0.8105745442362395,0.05526493407223028
True,resolved_oscillation,1.0,12.228709187530907,9.730952380952381,0.0006473577957094666,0.9909611589109071,2.1224397622757327,0.0075451633966513885,3.05,6.186083169483837,0.9537196463487048,52,RBS1p4_mRNA2min,1.4,2.0,12.446666666666667,47.74478924173592,10.698094352365379,15.028423996944381,3.0545031195116445,0.0038313454746359854,0.006154510734553609,0.0025957084332891124,1.0316710655294081,0.8708506267362148,98.37272216940946,0.9276182561451135,0.8105745442362395,0.05526493407223028
True,resolved_oscillation,1.0,13.373187108800927,10.641666666666667,0.0008578270281991637,0.9939032415245509,2.10574332836636,0.007601933061145585,3.1333333333333333,6.291703831561989,0.9521210880831754,52,RBS1p4_mRNA3min,1.4,3.0,12.99,47.74478924173592,10.698094352365379,15.028423996944381,3.0545031195116445,0.0038313454746359854,0.006154510734553609,0.0025957084332891124,1.0316710655294081,0.8708506267362148,98.37272216940946,0.9276182561451135,0.8105745442362395,0.05526493407223028
True,resolved_oscillation,1.0,13.949166193361656,11.1,0.0,0.9949269325732673,2.0478958264045573,0.007815837753014088,3.05,5.9889333918137675,0.9501587501457126,52,RBS1p4_mRNA4min,1.4,4.0,12.96,47.74478924173592,10.698094352365379,15.028423996944381,3.0545031195116445,0.0038313454746359854,0.006154510734553609,0.0025957084332891124,1.0316710655294081,0.8708506267362148,98.37272216940946,0.9276182561451135,0.8105745442362395,0.05526493407223028
True,resolved_oscillation,1.0,7.5835829005991675,5.7125,0.0013195244839289437,0.9288928204984762,1.8361772278710309,0.02042058849781828,2.2333333333333334,4.040097325382394,0.8255623799994695,53,RBS0p6_mRNA1min,0.6,1.0,7.42,45.196314788478126,10.642596640409797,10.238789232169001,3.2389733586893965,0.00269262264288777,0.011584924950872936,0.0019789515672339955,0.9182741000882414,0.9807132726073375,71.67367130525915,1.0272485909683302,0.8833885973190369,0.17469381341720508
True,resolved_oscillation,1.0,9.199865120551813,6.930000000000001,0.0010140380503987107,0.9700267973175013,2.0509543399724555,0.017655685130745426,2.466666666666667,4.911066703502724,0.8276307800536132,53,RBS0p6_mRNA1p5min,0.6,1.5,9.077777777777778,45.196314788478126,10.642596640409797,10.238789232169001,3.2389733586893965,0.00269262264288777,0.011584924950872936,0.0019789515672339955,0.9182741000882414,0.9807132726073375,71.67367130525915,1.0272485909683302,0.8833885973190369,0.17469381341720508
True,resolved_oscillation,1.0,10.307809434913603,7.764583333333333,0.0007589018311634533,0.9815422831740739,2.137428138058188,0.016896603380659764,2.6,5.403467246041269,0.8293641301465933,53,RBS0p6_mRNA2min,0.6,2.0,10.248571428571427,45.196314788478126,10.642596640409797,10.238789232169001,3.2389733586893965,0.00269262264288777,0.011584924950872936,0.0019789515672339955,0.9182741000882414,0.9807132726073375,71.67367130525915,1.0272485909683302,0.8833885973190369,0.17469381341720508
True,resolved_oscillation,1.0,11.669725151198136,8.790476190476191,0.001013449996417644,0.9893673864472631,2.1822076220410302,0.01653872295951048,2.683333333333333,5.699204611957525,0.8324245363894108,53,RBS0p6_mRNA3min,0.6,3.0,11.794285714285714,45.196314788478126,10.642596640409797,10.238789232169001,3.2389733586893965,0.00269262264288777,0.011584924950872936,0.0019789515672339955,0.9182741000882414,0.9807132726073375,71.67367130525915,1.0272485909683302,0.8833885973190369,0.17469381341720508
True,resolved_oscillation,1.0,12.444124572120005,9.373809523809523,0.0009503828770063351,0.9921691670537257,2.158934399197234,0.016715443431879817,2.6166666666666667,5.5168480161433,0.8356574957537677,53,RBS0p6_mRNA4min,0.6,4.0,12.76,45.196314788478126,10.642596640409797,10.238789232169001,3.2389733586893965,0.00269262264288777,0.011584924950872936,0.0019789515672339955,0.9182741000882414,0.9807132726073375,71.67367130525915,1.0272485909683302,0.8833885973190369,0.17469381341720508
True,resolved_oscillation,1.0,8.586782150429771,6.468181818181818,0.0007769090630956665,0.9614433004567118,1.9741557746583418,0.018402727847779316,2.3333333333333335,4.516601480431022,0.8268558665886253,53,RBS0p8_mRNA1min,0.8,1.0,8.448,45.196314788478126,10.642596640409797,10.238789232169001,3.2389733586893965,0.00269262264288777,0.011584924950872936,0.0019789515672339955,0.9182741000882414,0.9807132726073375,71.67367130525915,1.0272485909683302,0.8833885973190369,0.17469381341720508
True,resolved_oscillation,1.0,10.131111154346113,7.631481481481482,0.0007279786459597186,0.9810131543791267,2.1118470285333304,0.017101083657353296,2.5416666666666665,5.216790232428488,0.8293545182943959,53,RBS0p8_mRNA1p5min,0.8,1.5,10.075,45.196314788478126,10.642596640409797,10.238789232169001,3.2389733586893965,0.00269262264288777,0.011584924950872936,0.0019789515672339955,0.9182741000882414,0.9807132726073375,71.67367130525915,1.0272485909683302,0.8833885973190369,0.17469381341720508
True,resolved_oscillation,1.0,11.093271704705785,8.35625,0.0010322596250446586,0.9873153826500675,2.151392424439888,0.01677660507494337,2.6083333333333334,5.458047140664577,0.8315430599309604,53,RBS0p8_mRNA2min,0.8,2.0,11.154285714285711,45.196314788478126,10.642596640409797,10.238789232169001,3.2389733586893965,0.00269262264288777,0.011584924950872936,0.0019789515672339955,0.9182741000882414,0.9807132726073375,71.67367130525915,1.0272485909683302,0.8833885973190369,0.17469381341720508
True,resolved_oscillation,1.0,12.165972943380723,9.164285714285715,0.0006873866747374877,0.9918749770362754,2.1258281618565684,0.016975207643174395,2.525,5.257225418216251,0.836157018286313,53,RBS0p8_mRNA3min,0.8,3.0,12.476666666666668,45.196314788478126,10.642596640409797,10.238789232169001,3.2389733586893965,0.00269262264288777,0.011584924950872936,0.0019789515672339955,0.9182741000882414,0.9807132726073375,71.67367130525915,1.0272485909683302,0.8833885973190369,0.17469381341720508
True,resolved_oscillation,1.0,12.690668061229825,9.559523809523808,0.000931919648013435,0.9935399732889598,2.036764051593979,0.017716402716628752,2.316666666666667,4.682573589391126,0.8417260701264124,53,RBS0p8_mRNA4min,0.8,4.0,13.19,45.196314788478126,10.642596640409797,10.238789232169001,3.2389733586893965,0.00269262264288777,0.011584924950872936,0.0019789515672339955,0.9182741000882414,0.9807132726073375,71.67367130525915,1.0272485909683302,0.8833885973190369,0.17469381341720508
True,resolved_oscillation,1.0,9.354745004736188,7.046666666666667,0.0009972493409550233,0.9740304512875945,2.0460018500849024,0.017673153900264645,2.433333333333333,4.835457091523629,0.8281256742248368,53,RBS1_mRNA1min,1.0,1.0,9.253333333333334,45.196314788478126,10.642596640409797,10.238789232169001,3.2389733586893965,0.00269262264288777,0.011584924950872936,0.0019789515672339955,0.9182741000882414,0.9807132726073375,71.67367130525915,1.0272485909683302,0.8833885973190369,0.17469381341720508
True,resolved_oscillation,1.0,10.76415195081399,8.108333333333333,0.0010987101414693706,0.9859346694325456,2.129282564861867,0.016951767117846527,2.55,5.298312349546062,0.8310606964078081,53,RBS1_mRNA1p5min,1.0,1.5,10.794285714285714,45.196314788478126,10.642596640409797,10.238789232169001,3.2389733586893965,0.00269262264288777,0.011584924950872936,0.0019789515672339955,0.9182741000882414,0.9807132726073375,71.67367130525915,1.0272485909683302,0.8833885973190369,0.17469381341720508
True,resolved_oscillation,1.0,11.578061546272691,8.721428571428572,0.0009324734521757755,0.9900315324526813,2.1304729476588977,0.016938718869501476,2.5416666666666665,5.285261064250988,0.8339495502259687,53,RBS1_mRNA2min,1.0,2.0,11.762857142857142,45.196314788478126,10.642596640409797,10.238789232169001,3.2389733586893965,0.00269262264288777,0.011584924950872936,0.0019789515672339955,0.9182741000882414,0.9807132726073375,71.67367130525915,1.0272485909683302,0.8833885973190369,0.17469381341720508
True,resolved_oscillation,1.0,12.38722992078697,9.33095238095238,0.0006751087805727457,0.9930550157216612,2.0356580923096605,0.017725823436659488,2.316666666666667,4.662861064822743,0.8408085454090116,53,RBS1_mRNA3min,1.0,3.0,12.836666666666668,45.196314788478126,10.642596640409797,10.238789232169001,3.2389733586893965,0.00269262264288777,0.011584924950872936,0.0019789515672339955,0.9182741000882414,0.9807132726073375,71.67367130525915,1.0272485909683302,0.8833885973190369,0.17469381341720508
True,resolved_oscillation,1.0,12.70331131708161,9.569047619047618,0.0006583108512228391,0.9940977888719106,1.8738774918894918,0.019254419048856712,2.0166666666666666,3.824190324226374,0.8496262665833284,53,RBS1_mRNA4min,1.0,4.0,13.29,45.196314788478126,10.642596640409797,10.238789232169001,3.2389733586893965,0.00269262264288777,0.011584924950872936,0.0019789515672339955,0.9182741000882414,0.9807132726073375,71.67367130525915,1.0272485909683302,0.8833885973190369,0.17469381341720508
True,resolved_oscillation,1.0,9.946730339840904,7.492592592592592,0.0011723718463303432,0.9804299738869343,2.08366953696929,0.017332127060700284,2.475,5.022140013240899,0.8293383888303428,53,RBS1p2_mRNA1min,1.2,1.0,9.89,45.196314788478126,10.642596640409797,10.238789232169001,3.2389733586893965,0.00269262264288777,0.011584924950872936,0.0019789515672339955,0.9182741000882414,0.9807132726073375,71.67367130525915,1.0272485909683302,0.8833885973190369,0.17469381341720508
True,resolved_oscillation,1.0,11.20824631260796,8.442857142857143,0.0010551769280242361,0.9886235977813959,2.122751881059097,0.017000931960249068,2.525,5.232391228698995,0.8328613583556085,53,RBS1p2_mRNA1p5min,1.2,1.5,11.325714285714287,45.196314788478126,10.642596640409797,10.238789232169001,3.2389733586893965,0.00269262264288777,0.011584924950872936,0.0019789515672339955,0.9182741000882414,0.9807132726073375,71.67367130525915,1.0272485909683302,0.8833885973190369,0.17469381341720508
True,resolved_oscillation,1.0,11.878338872752598,8.947619047619048,0.0007040317485536429,0.99153824304384,2.0878451795847996,0.01728335726223916,2.433333333333333,4.983340382802551,0.83671101256476,53,RBS1p2_mRNA2min,1.2,2.0,12.174285714285713,45.196314788478126,10.642596640409797,10.238789232169001,3.2389733586893965,0.00269262264288777,0.011584924950872936,0.0019789515672339955,0.9182741000882414,0.9807132726073375,71.67367130525915,1.0272485909683302,0.8833885973190369,0.17469381341720508
True,resolved_oscillation,1.0,12.447285386082951,9.376190476190477,0.000950141540572357,0.9936558483793253,1.9198620396821815,0.01879352586602194,2.0833333333333335,4.031493948157313,0.8464977605992644,53,RBS1p2_mRNA3min,1.2,3.0,12.986666666666668,45.196314788478126,10.642596640409797,10.238789232169001,3.2389733586893965,0.00269262264288777,0.011584924950872936,0.0019789515672339955,0.9182741000882414,0.9807132726073375,71.67367130525915,1.0272485909683302,0.8833885973190369,0.17469381341720508
True,resolved_oscillation,1.0,12.583200386489645,9.478571428571428,0.0008579880068625638,0.994226908865351,1.6771529275140695,0.021510140309659777,1.7333333333333334,3.0307356608829563,0.8596517104246708,53,RBS1p2_mRNA4min,1.2,4.0,13.183333333333332,45.196314788478126,10.642596640409797,10.238789232169001,3.2389733586893965,0.00269262264288777,0.011584924950872936,0.0019789515672339955,0.9182741000882414,0.9807132726073375,71.67367130525915,1.0272485909683302,0.8833885973190369,0.17469381341720508
True,resolved_oscillation,1.0,10.404609362528836,7.8375,0.0009843913873179707,0.9842045208772054,2.1010231536885713,0.017181339570078048,2.5,5.107245576585501,0.8305347962350564,53,RBS1p4_mRNA1min,1.4,1.0,10.402857142857142,45.196314788478126,10.642596640409797,10.238789232169001,3.2389733586893965,0.00269262264288777,0.011584924950872936,0.0019789515672339955,0.9182741000882414,0.9807132726073375,71.67367130525915,1.0272485909683302,0.8833885973190369,0.17469381341720508
True,resolved_oscillation,1.0,11.514845267013762,8.673809523809524,0.0010270813578846943,0.9902689755801081,2.1004995877948107,0.017179683915382375,2.466666666666667,5.067286921491369,0.8348310462883862,53,RBS1p4_mRNA1p5min,1.4,1.5,11.722857142857142,45.196314788478126,10.642596640409797,10.238789232169001,3.2389733586893965,0.00269262264288777,0.011584924950872936,0.0019789515672339955,0.9182741000882414,0.9807132726073375,71.67367130525915,1.0272485909683302,0.8833885973190369,0.17469381341720508
True,resolved_oscillation,1.0,12.052183640714649,9.078571428571427,0.0008957907829320394,0.9924516657144348,2.029201666454371,0.017781930546840505,2.3,4.612715743925715,0.8398933724319478,53,RBS1p4_mRNA2min,1.4,2.0,12.446666666666667,45.196314788478126,10.642596640409797,10.238789232169001,3.2389733586893965,0.00269262264288777,0.011584924950872936,0.0019789515672339955,0.9182741000882414,0.9807132726073375,71.67367130525915,1.0272485909683302,0.8833885973190369,0.17469381341720508
True,resolved_oscillation,1.0,12.409355618527595,9.347619047619048,0.0006739050715905731,0.9939304385824064,1.7825401422371812,0.020239515795129413,1.875,3.4170239446104884,0.8533436198321418,53,RBS1p4_mRNA3min,1.4,3.0,12.99,45.196314788478126,10.642596640409797,10.238789232169001,3.2389733586893965,0.00269262264288777,0.011584924950872936,0.0019789515672339955,0.9182741000882414,0.9807132726073375,71.67367130525915,1.0272485909683302,0.8833885973190369,0.17469381341720508
True,resolved_oscillation,1.0,12.374586664935185,9.321428571428573,0.0008724521724954958,0.9940135013130473,1.4504368128203922,0.024868388415546918,1.4833333333333334,2.328207553611266,0.8722671268244709,53,RBS1p4_mRNA4min,1.4,4.0,12.96,45.196314788478126,10.642596640409797,10.238789232169001,3.2389733586893965,0.00269262264288777,0.011584924950872936,0.0019789515672339955,0.9182741000882414,0.9807132726073375,71.67367130525915,1.0272485909683302,0.8833885973190369,0.17469381341720508
True,resolved_oscillation,1.0,8.032743485494171,6.137878787878788,0.001268351772763775,0.9393820040892037,2.256549489990404,0.006942214156151094,2.55,5.493642999601619,0.774235375141672,54,RBS0p6_mRNA1min,0.6,1.0,7.42,45.84644436085478,10.824170553532602,13.243914966321645,3.327364820677632,0.011161744445948309,0.0038382387017246253,0.002929715528388825,1.0950597026898106,1.0286335026534343,90.17929279163738,0.987971995113924,1.0977293463549276,0.1822846331713026
True,resolved_oscillation,1.0,9.81537404423504,7.5,0.0,0.9734379489343867,2.491050273022338,0.005888448293682128,2.933333333333333,6.899790789739884,0.7795187352487729,54,RBS0p6_mRNA1p5min,0.6,1.5,9.077777777777778,45.84644436085478,10.824170553532602,13.243914966321645,3.327364820677632,0.011161744445948309,0.0038382387017246253,0.002929715528388825,1.0950597026898106,1.0286335026534343,90.17929279163738,0.987971995113924,1.0977293463549276,0.1822846331713026
True,resolved_oscillation,1.0,11.0831931916154,8.46875,0.0006958000306878697,0.9833994498144045,2.5848699183444928,0.005642283825037324,3.216666666666667,7.85041644822479,0.7826783590755002,54,RBS0p6_mRNA2min,0.6,2.0,10.248571428571427,45.84644436085478,10.824170553532602,13.243914966321645,3.327364820677632,0.011161744445948309,0.0038382387017246253,0.002929715528388825,1.0950597026898106,1.0286335026534343,90.17929279163738,0.987971995113924,1.0977293463549276,0.1822846331713026
True,resolved_oscillation,1.0,12.806726133906672,9.785714285714285,0.0006437351121811656,0.9903167270146455,2.6422756124877704,0.005510702890869242,3.6166666666666667,8.983544613868728,0.7863130735978587,54,RBS0p6_mRNA3min,0.6,3.0,11.794285714285714,45.84644436085478,10.824170553532602,13.243914966321645,3.327364820677632,0.011161744445948309,0.0038382387017246253,0.002929715528388825,1.0950597026898106,1.0286335026534343,90.17929279163738,0.987971995113924,1.0977293463549276,0.1822846331713026
True,resolved_oscillation,1.0,13.970549056294542,10.675,0.0008551484114054115,0.9928441426439902,2.6388605440835327,0.0055164714819847405,3.8583333333333334,9.57401478394325,0.7884503219569443,54,RBS0p6_mRNA4min,0.6,4.0,12.76,45.84644436085478,10.824170553532602,13.243914966321645,3.327364820677632,0.011161744445948309,0.0038382387017246253,0.002929715528388825,1.0950597026898106,1.0286335026534343,90.17929279163738,0.987971995113924,1.0977293463549276,0.1822846331713026
True,resolved_oscillation,1.0,9.154472191923215,6.995,0.0011509313593987321,0.9662030513701011,2.4114031937440417,0.006124304193376928,2.7666666666666666,6.30526437380632,0.7772684860426816,54,RBS0p8_mRNA1min,0.8,1.0,8.448,45.84644436085478,10.824170553532602,13.243914966321645,3.327364820677632,0.011161744445948309,0.0038382387017246253,0.002929715528388825,1.0950597026898106,1.0286335026534343,90.17929279163738,0.987971995113924,1.0977293463549276,0.1822846331713026
True,resolved_oscillation,1.0,10.914150638631353,8.339583333333334,0.001034322597065732,0.9830039786076991,2.5635214492710823,0.005689475355082083,3.158333333333333,7.627479820597309,0.7818502261451173,54,RBS0p8_mRNA1p5min,0.8,1.5,10.075,45.84644436085478,10.824170553532602,13.243914966321645,3.327364820677632,0.011161744445948309,0.0038382387017246253,0.002929715528388825,1.0950597026898106,1.0286335026534343,90.17929279163738,0.987971995113924,1.0977293463549276,0.1822846331713026
True,resolved_oscillation,1.0,12.114975963170108,9.257142857142858,0.0009623604389850673,0.988561103680994,2.6136006150709763,0.005572408530787616,3.425,8.428704540212994,0.7844768275613553,54,RBS0p8_mRNA2min,0.8,2.0,11.154285714285711,45.84644436085478,10.824170553532602,13.243914966321645,3.327364820677632,0.011161744445948309,0.0038382387017246253,0.002929715528388825,1.0950597026898106,1.0286335026534343,90.17929279163738,0.987971995113924,1.0977293463549276,0.1822846331713026
True,resolved_oscillation,1.0,13.7015351010081,10.469444444444443,0.000649904415702621,0.9926655568815698,2.6191485482980403,0.005557932792437922,3.75,9.25258056082598,0.7874087956185226,54,RBS0p8_mRNA3min,0.8,3.0,12.476666666666668,45.84644436085478,10.824170553532602,13.243914966321645,3.327364820677632,0.011161744445948309,0.0038382387017246253,0.002929715528388825,1.0950597026898106,1.0286335026534343,90.17929279163738,0.987971995113924,1.0977293463549276,0.1822846331713026
True,resolved_oscillation,1.0,14.715790418912388,11.244444444444444,0.0007654117284994895,0.9941827757057994,2.577665506131741,0.005646834814325047,3.9166666666666665,9.52017263789725,0.7890494318650835,54,RBS0p8_mRNA4min,0.8,4.0,13.19,45.84644436085478,10.824170553532602,13.243914966321645,3.327364820677632,0.011161744445948309,0.0038382387017246253,0.002929715528388825,1.0950597026898106,1.0286335026534343,90.17929279163738,0.987971995113924,1.0977293463549276,0.1822846331713026
True,resolved_oscillation,1.0,10.033493467440264,7.666666666666667,0.0,0.9769809576114798,2.493723511761054,0.005864880833589186,2.933333333333333,6.926517999356984,0.7793831089265795,54,RBS1_mRNA1min,1.0,1.0,9.253333333333334,45.84644436085478,10.824170553532602,13.243914966321645,3.327364820677632,0.011161744445948309,0.0038382387017246253,0.002929715528388825,1.0950597026898106,1.0286335026534343,90.17929279163738,0.987971995113924,1.0977293463549276,0.1822846331713026
True,resolved_oscillation,1.0,11.728592984920855,8.96190476190476,0.0009074522463655331,0.9873819040454688,2.5926753513248255,0.005618433638746748,3.316666666666667,8.10586852233492,0.7833638069427549,54,RBS1_mRNA1p5min,1.0,1.5,10.794285714285714,45.84644436085478,10.824170553532602,13.243914966321645,3.327364820677632,0.011161744445948309,0.0038382387017246253,0.002929715528388825,1.0950597026898106,1.0286335026534343,90.17929279163738,0.987971995113924,1.0977293463549276,0.1822846331713026
True,resolved_oscillation,1.0,12.859697993827941,9.826190476190476,0.0009066288797610714,0.9910478280829307,2.6126065434537895,0.005572534106833371,3.558333333333333,8.75209830072734,0.785551250887178,54,RBS1_mRNA2min,1.0,2.0,11.762857142857142,45.84644436085478,10.824170553532602,13.243914966321645,3.327364820677632,0.011161744445948309,0.0038382387017246253,0.002929715528388825,1.0950597026898106,1.0286335026534343,90.17929279163738,0.987971995113924,1.0977293463549276,0.1822846331713026
True,resolved_oscillation,1.0,14.301363514822462,10.927777777777777,0.0007875919361885953,0.9938076206337225,2.576196099518105,0.005650092105601398,3.816666666666667,9.255218447268792,0.7878322805754222,54,RBS1_mRNA3min,1.0,3.0,12.836666666666668,45.84644436085478,10.824170553532602,13.243914966321645,3.327364820677632,0.011161744445948309,0.0038382387017246253,0.002929715528388825,1.0950597026898106,1.0286335026534343,90.17929279163738,0.987971995113924,1.0977293463549276,0.1822846331713026
True,resolved_oscillation,1.0,15.137487970442486,11.566666666666666,0.0,0.9947496432800876,2.498559402973752,0.005825248110599763,3.9,9.180917388954287,0.7888427770871059,54,RBS1_mRNA4min,1.0,4.0,13.29,45.84644436085478,10.824170553532602,13.243914966321645,3.327364820677632,0.011161744445948309,0.0038382387017246253,0.002929715528388825,1.0950597026898106,1.0286335026534343,90.17929279163738,0.987971995113924,1.0977293463549276,0.1822846331713026
True,resolved_oscillation,1.0,10.73692860727711,8.204166666666667,0.0009403962415160502,0.982567435459897,2.539820428993732,0.0057427999058245836,3.0833333333333335,7.393537149652849,0.7809236554314227,54,RBS1p2_mRNA1min,1.2,1.0,9.89,45.84644436085478,10.824170553532602,13.243914966321645,3.327364820677632,0.011161744445948309,0.0038382387017246253,0.002929715528388825,1.0950597026898106,1.0286335026534343,90.17929279163738,0.987971995113924,1.0977293463549276,0.1822846331713026
True,resolved_oscillation,1.0,12.360100648295976,9.444444444444445,0.0009112901991076275,0.9898159864778965,2.6004097467825127,0.005599385606696531,3.441666666666667,8.41918380584188,0.7843721295304422,54,RBS1p2_mRNA1p5min,1.2,1.5,11.325714285714287,45.84644436085478,10.824170553532602,13.243914966321645,3.327364820677632,0.011161744445948309,0.0038382387017246253,0.002929715528388825,1.0950597026898106,1.0286335026534343,90.17929279163738,0.987971995113924,1.0977293463549276,0.1822846331713026
True,resolved_oscillation,1.0,13.420576510641373,10.254761904761905,0.0007930462631344011,0.9924592783767299,2.5961496592979505,0.005607101262574192,3.65,8.90741559908033,0.7861674554303574,54,RBS1p2_mRNA2min,1.2,2.0,12.174285714285713,45.84644436085478,10.824170553532602,13.243914966321645,3.327364820677632,0.011161744445948309,0.0038382387017246253,0.002929715528388825,1.0950597026898106,1.0286335026534343,90.17929279163738,0.987971995113924,1.0977293463549276,0.1822846331713026
True,resolved_oscillation,1.0,14.693978476591864,11.227777777777778,0.0007665479161222003,0.9944100711557193,2.521069229825171,0.005773323615205258,3.816666666666667,9.075548554823431,0.7877171348599946,54,RBS1p2_mRNA3min,1.2,3.0,12.986666666666668,45.84644436085478,10.824170553532602,13.243914966321645,3.327364820677632,0.011161744445948309,0.0038382387017246253,0.002929715528388825,1.0950597026898106,1.0286335026534343,90.17929279163738,0.987971995113924,1.0977293463549276,0.1822846331713026
True,resolved_oscillation,1.0,15.338157839791291,11.72,0.0006359692768770734,0.9949184055593397,2.406814148028123,0.006046927604019643,3.8,8.656601573517056,0.7878893425022134,54,RBS1p2_mRNA4min,1.2,4.0,13.183333333333332,45.84644436085478,10.824170553532602,13.243914966321645,3.327364820677632,0.011161744445948309,0.0038382387017246253,0.002929715528388825,1.0950597026898106,1.0286335026534343,90.17929279163738,0.987971995113924,1.0977293463549276,0.1822846331713026
True,resolved_oscillation,1.0,11.31416608083093,8.645238095238094,0.0009406913399393739,0.9859069688229526,2.565562012097339,0.0056793848610494895,3.2,7.7465733567057,0.7820696627547054,54,RBS1p4_mRNA1min,1.4,1.0,10.402857142857142,45.84644436085478,10.824170553532602,13.243914966321645,3.327364820677632,0.011161744445948309,0.0038382387017246253,0.002929715528388825,1.0950597026898106,1.0286335026534343,90.17929279163738,0.987971995113924,1.0977293463549276,0.1822846331713026
True,resolved_oscillation,1.0,12.865929977348092,9.83095238095238,0.0006407729016867499,0.9913309761251968,2.5957729662868587,0.005608389097788164,3.525,8.61579529543247,0.785039829953374,54,RBS1p4_mRNA1p5min,1.4,1.5,11.722857142857142,45.84644436085478,10.824170553532602,13.243914966321645,3.327364820677632,0.011161744445948309,0.0038382387017246253,0.002929715528388825,1.0950597026898106,1.0286335026534343,90.17929279163738,0.987971995113924,1.0977293463549276,0.1822846331713026
True,resolved_oscillation,1.0,13.846948049811584,10.580555555555556,0.0006430794809092092,0.9933348245240804,2.5700876864375153,0.005663571654874378,3.691666666666667,8.94174565374976,0.7864411787197351,54,RBS1p4_mRNA2min,1.4,2.0,12.446666666666667,45.84644436085478,10.824170553532602,13.243914966321645,3.327364820677632,0.011161744445948309,0.0038382387017246253,0.002929715528388825,1.0950597026898106,1.0286335026534343,90.17929279163738,0.987971995113924,1.0977293463549276,0.1822846331713026
True,resolved_oscillation,1.0,14.9375451658377,11.41388888888889,0.0005961279490832752,0.9947094468711655,2.4570688885351744,0.005923418798008136,3.783333333333333,8.765683958321043,0.7871054958836716,54,RBS1p4_mRNA3min,1.4,3.0,12.99,45.84644436085478,10.824170553532602,13.243914966321645,3.327364820677632,0.011161744445948309,0.0038382387017246253,0.002929715528388825,1.0950597026898106,1.0286335026534343,90.17929279163738,0.987971995113924,1.0977293463549276,0.1822846331713026
True,resolved_oscillation,1.0,15.364332170575917,11.74,0.0007775731935053467,0.9948190433327729,2.305137381445503,0.006313206934039721,3.683333333333333,8.019888673340418,0.786210606297532,54,RBS1p4_mRNA4min,1.4,4.0,12.96,45.84644436085478,10.824170553532602,13.243914966321645,3.327364820677632,0.011161744445948309,0.0038382387017246253,0.002929715528388825,1.0950597026898106,1.0286335026534343,90.17929279163738,0.987971995113924,1.0977293463549276,0.1822846331713026
True,resolved_oscillation,1.0,8.620693114890342,7.4185185185185185,0.0007488766849725412,0.9574212397358828,2.191777214585881,0.01937792437956733,2.466666666666667,5.364064636381247,0.9734158113906666,55,RBS0p6_mRNA1min,0.6,1.0,7.42,51.63286816721037,10.352305158602556,11.526555634921184,3.309953330301709,0.00519048319102211,0.01418034110316257,0.001943789025957025,1.0106932433146023,1.055490115552768,63.232627131364225,0.9469337717130264,0.9394148548178478,0.026313759651547863
True,resolved_oscillation,1.0,10.120906452051202,8.709523809523809,0.0010228697066085133,0.978060537038891,2.312143234035037,0.018273518591076,2.65,6.0596652800928625,0.9751903918437869,55,RBS0p6_mRNA1p5min,0.6,1.5,9.077777777777778,51.63286816721037,10.352305158602556,11.526555634921184,3.309953330301709,0.00519048319102211,0.01418034110316257,0.001943789025957025,1.0106932433146023,1.055490115552768,63.232627131364225,0.9469337717130264,0.9394148548178478,0.026313759651547863
True,resolved_oscillation,1.0,11.031179339619504,9.492857142857142,0.0009384643558499979,0.9849165961167776,2.3244085744808647,0.01816643418251413,2.691666666666667,6.179428063183754,0.9763084910031888,55,RBS0p6_mRNA2min,0.6,2.0,10.248571428571427,51.63286816721037,10.352305158602556,11.526555634921184,3.309953330301709,0.00519048319102211,0.01418034110316257,0.001943789025957025,1.0106932433146023,1.055490115552768,63.232627131364225,0.9469337717130264,0.9394148548178478,0.026313759651547863
True,resolved_oscillation,1.0,11.985259686315967,10.31388888888889,0.0006597063675688603,0.9899503787868063,2.22305126525771,0.018991193220922752,2.5166666666666666,5.601961770327936,0.9782045778403233,55,RBS0p6_mRNA3min,0.6,3.0,11.794285714285714,51.63286816721037,10.352305158602556,11.526555634921184,3.309953330301709,0.00519048319102211,0.01418034110316257,0.001943789025957025,1.0106932433146023,1.055490115552768,63.232627131364225,0.9469337717130264,0.9394148548178478,0.026313759651547863
True,resolved_oscillation,1.0,12.391977359484782,10.66388888888889,0.0006380541137752482,0.9917855341921098,2.0371844548456353,0.020723264357487385,2.216666666666667,4.645762516901571,0.9802010456644845,55,RBS0p6_mRNA4min,0.6,4.0,12.76,51.63286816721037,10.352305158602556,11.526555634921184,3.309953330301709,0.00519048319102211,0.01418034110316257,0.001943789025957025,1.0106932433146023,1.055490115552768,63.232627131364225,0.9469337717130264,0.9394148548178478,0.026313759651547863
True,resolved_oscillation,1.0,9.58933752036713,8.252083333333333,0.0007140689534830068,0.9733458939250424,2.2671486432000565,0.018647735231850354,2.566666666666667,5.756450990941393,0.9746132092245859,55,RBS0p8_mRNA1min,0.8,1.0,8.448,51.63286816721037,10.352305158602556,11.526555634921184,3.309953330301709,0.00519048319102211,0.01418034110316257,0.001943789025957025,1.0106932433146023,1.055490115552768,63.232627131364225,0.9469337717130264,0.9394148548178478,0.026313759651547863
True,resolved_oscillation,1.0,10.879006060542736,9.36190476190476,0.0008686801259714818,0.9845797531946924,2.2990114103378434,0.01836711455465137,2.6333333333333333,5.9910516676854115,0.9762821723064872,55,RBS0p8_mRNA1p5min,0.8,1.5,10.075,51.63286816721037,10.352305158602556,11.526555634921184,3.309953330301709,0.00519048319102211,0.01418034110316257,0.001943789025957025,1.0106932433146023,1.055490115552768,63.232627131364225,0.9469337717130264,0.9394148548178478,0.026313759651547863
True,resolved_oscillation,1.0,11.565169209834343,9.952380952380953,0.0006329548591063614,0.9885696638054112,2.2382501313038796,0.018862668822356644,2.533333333333333,5.651533298670832,0.9776241605386943,55,RBS0p8_mRNA2min,0.8,2.0,11.154285714285711,51.63286816721037,10.352305158602556,11.526555634921184,3.309953330301709,0.00519048319102211,0.01418034110316257,0.001943789025957025,1.0106932433146023,1.055490115552768,63.232627131364225,0.9469337717130264,0.9394148548178478,0.026313759651547863
True,resolved_oscillation,1.0,12.130515998161972,10.43888888888889,0.0008244775617259004,0.9915004840444919,1.9891801386847683,0.021223279468113507,2.15,4.397108020743315,0.9804261954559792,55,RBS0p8_mRNA3min,0.8,3.0,12.476666666666668,51.63286816721037,10.352305158602556,11.526555634921184,3.309953330301709,0.00519048319102211,0.01418034110316257,0.001943789025957025,1.0106932433146023,1.055490115552768,63.232627131364225,0.9469337717130264,0.9394148548178478,0.026313759651547863
True,resolved_oscillation,1.0,12.224125621351618,10.519444444444444,0.0006468153532567146,0.9923284818199131,1.6429316310077478,0.02569570343881826,1.7416666666666667,3.1064869005939793,0.9836999250298294,55,RBS0p8_mRNA4min,0.8,4.0,13.19,51.63286816721037,10.352305158602556,11.526555634921184,3.309953330301709,0.00519048319102211,0.01418034110316257,0.001943789025957025,1.0106932433146023,1.055490115552768,63.232627131364225,0.9469337717130264,0.9394148548178478,0.026313759651547863
True,resolved_oscillation,1.0,10.253712222881836,8.823809523809524,0.001009621529080934,0.9803888348090676,2.2852594255077827,0.01848291635595371,2.6,5.870162810873619,0.9754900773616264,55,RBS1_mRNA1min,1.0,1.0,9.253333333333334,51.63286816721037,10.352305158602556,11.526555634921184,3.309953330301709,0.00519048319102211,0.01418034110316257,0.001943789025957025,1.0106932433146023,1.055490115552768,63.232627131364225,0.9469337717130264,0.9394148548178478,0.026313759651547863
True,resolved_oscillation,1.0,11.31892517641921,9.74047619047619,0.0009146070366105943,0.9876624282644415,2.239998899102334,0.018848307931769087,2.525,5.639344050459321,0.9773093648529093,55,RBS1_mRNA1p5min,1.0,1.5,10.794285714285714,51.63286816721037,10.352305158602556,11.526555634921184,3.309953330301709,0.00519048319102211,0.01418034110316257,0.001943789025957025,1.0106932433146023,1.055490115552768,63.232627131364225,0.9469337717130264,0.9394148548178478,0.026313759651547863
True,resolved_oscillation,1.0,11.79757930878795,10.152380952380952,0.0006204857671352229,0.9902907185158989,2.1045451121737058,0.02006015191804027,2.3,4.920240844073136,0.9790577317578116,55,RBS1_mRNA2min,1.0,2.0,11.762857142857142,51.63286816721037,10.352305158602556,11.526555634921184,3.309953330301709,0.00519048319102211,0.01418034110316257,0.001943789025957025,1.0106932433146023,1.055490115552768,63.232627131364225,0.9469337717130264,0.9394148548178478,0.026313759651547863
True,resolved_oscillation,1.0,12.01753886672619,10.341666666666667,0.0008827116156408801,0.9919951420164655,1.693143376169067,0.024933658412322524,1.7833333333333334,3.2500685320427127,0.9830951976587411,55,RBS1_mRNA3min,1.0,3.0,12.836666666666668,51.63286816721037,10.352305158602556,11.526555634921184,3.309953330301709,0.00519048319102211,0.01418034110316257,0.001943789025957025,1.0106932433146023,1.055490115552768,63.232627131364225,0.9469337717130264,0.9394148548178478,0.026313759651547863
True,resolved_oscillation,1.0,11.78512876777258,10.141666666666667,0.0009001192399427545,0.9916421076226913,1.1686012873268685,0.036124886411849945,1.325,1.8716215111528414,0.9880271209798305,55,RBS1_mRNA4min,1.0,4.0,13.29,51.63286816721037,10.352305158602556,11.526555634921184,3.309953330301709,0.00519048319102211,0.01418034110316257,0.001943789025957025,1.0106932433146023,1.055490115552768,63.232627131364225,0.9469337717130264,0.9394148548178478,0.026313759651547863
True,resolved_oscillation,1.0,10.718532420789055,9.223809523809525,0.0009658382516194995,0.9842133610271321,2.271486877706891,0.018589671133440944,2.566666666666667,5.7959388812232895,0.9762469885904299,55,RBS1p2_mRNA1min,1.2,1.0,9.89,51.63286816721037,10.352305158602556,11.526555634921184,3.309953330301709,0.00519048319102211,0.01418034110316257,0.001943789025957025,1.0106932433146023,1.055490115552768,63.232627131364225,0.9469337717130264,0.9394148548178478,0.026313759651547863
True,resolved_oscillation,1.0,11.565169209834343,9.952380952380953,0.0006329548591063614,0.9893654163464486,2.150614835297205,0.019630701414267114,2.3666666666666667,5.1415491404944875,0.9783806955541721,55,RBS1p2_mRNA1p5min,1.2,1.5,11.325714285714287,51.63286816721037,10.352305158602556,11.526555634921184,3.309953330301709,0.00519048319102211,0.01418034110316257,0.001943789025957025,1.0106932433146023,1.055490115552768,63.232627131364225,0.9469337717130264,0.9394148548178478,0.026313759651547863
True,resolved_oscillation,1.0,11.852915046634049,10.2,0.0,0.9911710255253262,1.9355192521077802,0.021811564878321997,2.066666666666667,4.137696878063593,0.9806733070722483,55,RBS1p2_mRNA2min,1.2,2.0,12.174285714285713,51.63286816721037,10.352305158602556,11.526555634921184,3.309953330301709,0.00519048319102211,0.01418034110316257,0.001943789025957025,1.0106932433146023,1.055490115552768,63.232627131364225,0.9469337717130264,0.9394148548178478,0.026313759651547863
True,resolved_oscillation,1.0,11.7302541610752,10.094444444444443,0.0008526105330120897,0.9917623923581271,1.3491990199572719,0.03128946360503274,1.4666666666666666,2.264979336341524,0.9862272026558728,55,RBS1p2_mRNA3min,1.2,3.0,12.986666666666668,51.63286816721037,10.352305158602556,11.526555634921184,3.309953330301709,0.00519048319102211,0.01418034110316257,0.001943789025957025,1.0106932433146023,1.055490115552768,63.232627131364225,0.9469337717130264,0.9394148548178478,0.026313759651547863
True,resolved_oscillation,1.0,10.953709306634968,9.426190476190476,0.0009451016384879873,0.987970367977456,0.636081450543146,0.06636711795514894,0.9666666666666667,0.9714409068375323,0.9932040740718944,55,RBS1p2_mRNA4min,1.2,4.0,13.183333333333332,51.63286816721037,10.352305158602556,11.526555634921184,3.309953330301709,0.00519048319102211,0.01418034110316257,0.001943789025957025,1.0106932433146023,1.055490115552768,63.232627131364225,0.9469337717130264,0.9394148548178478,0.026313759651547863
True,resolved_oscillation,1.0,11.045013274081029,9.504761904761905,0.0008556238114528723,0.9865484570692653,2.2366315736709135,0.018877224703425503,2.5166666666666666,5.595812304412209,0.9769672604211521,55,RBS1p4_mRNA1min,1.4,1.0,10.402857142857142,51.63286816721037,10.352305158602556,11.526555634921184,3.309953330301709,0.00519048319102211,0.01418034110316257,0.001943789025957025,1.0106932433146023,1.055490115552768,63.232627131364225,0.9469337717130264,0.9394148548178478,0.026313759651547863
True,resolved_oscillation,1.0,11.681374259311147,10.052380952380952,0.0006266582925306941,0.9903783068511018,2.0379767405426636,0.020715211792425293,2.2,4.579445245840803,0.9795399596297488,55,RBS1p4_mRNA1p5min,1.4,1.5,11.722857142857142,51.63286816721037,10.352305158602556,11.526555634921184,3.309953330301709,0.00519048319102211,0.01418034110316257,0.001943789025957025,1.0106932433146023,1.055490115552768,63.232627131364225,0.9469337717130264,0.9394148548178478,0.026313759651547863
True,resolved_oscillation,1.0,11.791584603854625,10.147222222222222,0.0006705419498448338,0.9915701652921984,1.7380375892661328,0.024289589836694315,1.8333333333333333,3.382484229602191,0.9824916705299264,55,RBS1p4_mRNA2min,1.4,2.0,12.446666666666667,51.63286816721037,10.352305158602556,11.526555634921184,3.309953330301709,0.00519048319102211,0.01418034110316257,0.001943789025957025,1.0106932433146023,1.055490115552768,63.232627131364225,0.9469337717130264,0.9394148548178478,0.026313759651547863
True,resolved_oscillation,1.0,11.266356225465417,9.695238095238095,0.0008388139133889653,0.9905130401855101,0.9698416268219806,0.04352788887444529,1.1666666666666667,1.4688328304148917,0.9898125870832671,55,RBS1p4_mRNA3min,1.4,3.0,12.99,51.63286816721037,10.352305158602556,11.526555634921184,3.309953330301709,0.00519048319102211,0.01418034110316257,0.001943789025957025,1.0106932433146023,1.055490115552768,63.232627131364225,0.9469337717130264,0.9394148548178478,0.026313759651547863
True,resolved_oscillation,1.0,8.65942813138261,7.451851851851852,0.006369784104361977,0.9386082783723382,0.13986754261266537,0.30188216649083954,0.8833333333333333,0.4048126041639254,0.9984273855635685,55,RBS1p4_mRNA4min,1.4,4.0,12.96,51.63286816721037,10.352305158602556,11.526555634921184,3.309953330301709,0.00519048319102211,0.01418034110316257,0.001943789025957025,1.0106932433146023,1.055490115552768,63.232627131364225,0.9469337717130264,0.9394148548178478,0.026313759651547863
True,resolved_oscillation,1.0,8.523977735034972,6.911666666666666,0.0011648080336138123,0.9480871544345411,2.5396322486994927,0.0017206523342443412,2.683333333333333,6.495120656966977,0.8916121151747237,56,RBS0p6_mRNA1min,0.6,1.0,7.42,48.650995215005516,10.554349999168197,13.971948290344427,3.437212055864309,0.004292257804772822,0.0010821487405678531,0.003695210416400713,1.0210598501322068,1.0325592306318943,61.58900744789392,0.9584329484357306,1.0622136296136278,0.08683522379918275
True,resolved_oscillation,1.0,10.32096050206037,8.36875,0.000704114295430966,0.9756803935134479,2.752946695396281,0.0013932159316587085,3.1333333333333333,8.130677036724324,0.8960592421249118,56,RBS0p6_mRNA1p5min,0.6,1.5,9.077777777777778,48.650995215005516,10.554349999168197,13.971948290344427,3.437212055864309,0.004292257804772822,0.0010821487405678531,0.003695210416400713,1.0210598501322068,1.0325592306318943,61.58900744789392,0.9584329484357306,1.0622136296136278,0.08683522379918275
True,resolved_oscillation,1.0,11.578092324655655,9.38809523809524,0.000866256722120179,0.9846265986317241,2.8436022605819744,0.0013296502329299717,3.466666666666667,9.255941806997138,0.8980160070962031,56,RBS0p6_mRNA2min,0.6,2.0,10.248571428571427,48.650995215005516,10.554349999168197,13.971948290344427,3.437212055864309,0.004292257804772822,0.0010821487405678531,0.003695210416400713,1.0210598501322068,1.0325592306318943,61.58900744789392,0.9584329484357306,1.0622136296136278,0.08683522379918275
True,resolved_oscillation,1.0,13.309080259067144,10.791666666666666,0.0008459035637145422,0.9911608389798318,2.9136261434750503,0.0012919395828267985,3.933333333333333,10.749371408781949,0.8994846153506892,56,RBS0p6_mRNA3min,0.6,3.0,11.794285714285714,48.650995215005516,10.554349999168197,13.971948290344427,3.437212055864309,0.004292257804772822,0.0010821487405678531,0.003695210416400713,1.0210598501322068,1.0325592306318943,61.58900744789392,0.9584329484357306,1.0622136296136278,0.08683522379918275
True,resolved_oscillation,1.0,14.511522259307187,11.766666666666667,0.0,0.9935948887350091,2.932392198125709,0.0012827646156179993,4.266666666666667,11.738908961572111,0.8997194142563252,56,RBS0p6_mRNA4min,0.6,4.0,12.76,48.650995215005516,10.554349999168197,13.971948290344427,3.437212055864309,0.004292257804772822,0.0010821487405678531,0.003695210416400713,1.0210598501322068,1.0325592306318943,61.58900744789392,0.9584329484357306,1.0622136296136278,0.08683522379918275
True,resolved_oscillation,1.0,9.681199694240348,7.85,0.0,0.9695249070616004,2.682929193623418,0.0014520375278831972,2.95,7.483404472338268,0.8942890620899385,56,RBS0p8_mRNA1min,0.8,1.0,8.448,48.650995215005516,10.554349999168197,13.971948290344427,3.437212055864309,0.004292257804772822,0.0010821487405678531,0.003695210416400713,1.0210598501322068,1.0325592306318943,61.58900744789392,0.9584329484357306,1.0622136296136278,0.08683522379918275
True,resolved_oscillation,1.0,11.431274009608028,9.269047619047619,0.0006796175985267379,0.9842834612287233,2.8272887622039327,0.0013374754332099658,3.408333333333333,9.046450228698413,0.8973670395992513,56,RBS0p8_mRNA1p5min,0.8,1.5,10.075,48.650995215005516,10.554349999168197,13.971948290344427,3.437212055864309,0.004292257804772822,0.0010821487405678531,0.003695210416400713,1.0210598501322068,1.0325592306318943,61.58900744789392,0.9584329484357306,1.0622136296136278,0.08683522379918275
True,resolved_oscillation,1.0,12.638120559299502,10.247619047619049,0.0006147191707863824,0.9894888883795097,2.8842450059658447,0.001305966435542155,3.7333333333333334,10.084457532625041,0.8985421220911237,56,RBS0p8_mRNA2min,0.8,2.0,11.154285714285711,48.650995215005516,10.554349999168197,13.971948290344427,3.437212055864309,0.004292257804772822,0.0010821487405678531,0.003695210416400713,1.0210598501322068,1.0325592306318943,61.58900744789392,0.9584329484357306,1.0622136296136278,0.08683522379918275
True,resolved_oscillation,1.0,14.285422054133846,11.583333333333334,0.0,0.9934259087891013,2.9184910945071647,0.0012888876605170226,4.183333333333334,11.431213571907827,0.8989485820974422,56,RBS0p8_mRNA3min,0.8,3.0,12.476666666666668,48.650995215005516,10.554349999168197,13.971948290344427,3.437212055864309,0.004292257804772822,0.0010821487405678531,0.003695210416400713,1.0210598501322068,1.0325592306318943,61.58900744789392,0.9584329484357306,1.0622136296136278,0.08683522379918275
True,resolved_oscillation,1.0,15.403590341536551,12.49,0.0007308814484990209,0.994856980828322,2.9143271102381116,0.001290419653267987,4.5,12.28517317646005,0.8982600983780926,56,RBS0p8_mRNA4min,0.8,4.0,13.19,48.650995215005516,10.554349999168197,13.971948290344427,3.437212055864309,0.004292257804772822,0.0010821487405678531,0.003695210416400713,1.0210598501322068,1.0325592306318943,61.58900744789392,0.9584329484357306,1.0622136296136278,0.08683522379918275
True,resolved_oscillation,1.0,10.573855049729904,8.573809523809524,0.0010390606461466096,0.9788602619349691,2.761866075053476,0.0013788058997203484,3.1666666666666665,8.237262464512623,0.8957701882619532,56,RBS1_mRNA1min,1.0,1.0,9.253333333333334,48.650995215005516,10.554349999168197,13.971948290344427,3.437212055864309,0.004292257804772822,0.0010821487405678531,0.003695210416400713,1.0210598501322068,1.0325592306318943,61.58900744789392,0.9584329484357306,1.0622136296136278,0.08683522379918275
True,resolved_oscillation,1.0,12.265202039078535,9.945238095238095,0.0008177280955996807,0.9883798351457095,2.8642295890553977,0.0013158019760964733,3.6166666666666667,9.710656973406321,0.8979085009181348,56,RBS1_mRNA1p5min,1.0,1.5,10.794285714285714,48.650995215005516,10.554349999168197,13.971948290344427,3.437212055864309,0.004292257804772822,0.0010821487405678531,0.003695210416400713,1.0210598501322068,1.0325592306318943,61.58900744789392,0.9584329484357306,1.0622136296136278,0.08683522379918275
True,resolved_oscillation,1.0,13.425556122338259,10.886111111111111,0.000625029278587185,0.991876352072155,2.8996748615453782,0.0012977341431595491,3.933333333333333,10.670389169548384,0.8984692280459874,56,RBS1_mRNA2min,1.0,2.0,11.762857142857142,48.650995215005516,10.554349999168197,13.971948290344427,3.437212055864309,0.004292257804772822,0.0010821487405678531,0.003695210416400713,1.0210598501322068,1.0325592306318943,61.58900744789392,0.9584329484357306,1.0622136296136278,0.08683522379918275
True,resolved_oscillation,1.0,14.984277233760537,12.15,0.0,0.994510684212298,2.907685671120144,0.0012934158690388682,4.366666666666666,11.876067459994761,0.8978480353306466,56,RBS1_mRNA3min,1.0,3.0,12.836666666666668,48.650995215005516,10.554349999168197,13.971948290344427,3.437212055864309,0.004292257804772822,0.0010821487405678531,0.003695210416400713,1.0210598501322068,1.0325592306318943,61.58900744789392,0.9584329484357306,1.0622136296136278,0.08683522379918275
True,resolved_oscillation,1.0,15.99145087498724,12.966666666666667,0.0,0.9953484088886574,2.8833843404738335,0.0013041766341309944,4.65,12.579196299462044,0.8960516319330416,56,RBS1_mRNA4min,1.0,4.0,13.29,48.650995215005516,10.554349999168197,13.971948290344427,3.437212055864309,0.004292257804772822,0.0010821487405678531,0.003695210416400713,1.0210598501322068,1.0325592306318943,61.58900744789392,0.9584329484357306,1.0622136296136278,0.08683522379918275
True,resolved_oscillation,1.0,11.281519328259453,9.147619047619049,0.0006886390710735529,0.983910760928959,2.8092863383830475,0.001346217676390933,3.35,8.827231379587579,0.8966317036561477,56,RBS1p2_mRNA1min,1.2,1.0,9.89,48.650995215005516,10.554349999168197,13.971948290344427,3.437212055864309,0.004292257804772822,0.0010821487405678531,0.003695210416400713,1.0210598501322068,1.0325592306318943,61.58900744789392,0.9584329484357306,1.0622136296136278,0.08683522379918275
True,resolved_oscillation,1.0,12.925395062409354,10.480555555555556,0.0006492154102261272,0.9907007222616537,2.8829735255427873,0.0013057463798977187,3.783333333333333,10.215910092570104,0.8980229039696352,56,RBS1p2_mRNA1p5min,1.2,1.5,11.325714285714287,48.650995215005516,10.554349999168197,13.971948290344427,3.437212055864309,0.004292257804772822,0.0010821487405678531,0.003695210416400713,1.0210598501322068,1.0325592306318943,61.58900744789392,0.9584329484357306,1.0622136296136278,0.08683522379918275
True,resolved_oscillation,1.0,14.038767284853837,11.383333333333333,0.0,0.9932348642360121,2.902397637558437,0.001296049572806233,4.083333333333333,11.10228339806434,0.8980235547466301,56,RBS1p2_mRNA2min,1.2,2.0,12.174285714285713,48.650995215005516,10.554349999168197,13.971948290344427,3.437212055864309,0.004292257804772822,0.0010821487405678531,0.003695210416400713,1.0210598501322068,1.0325592306318943,61.58900744789392,0.9584329484357306,1.0622136296136278,0.08683522379918275
True,resolved_oscillation,1.0,15.498141336427222,12.566666666666666,0.0,0.995059206707903,2.8878979581588475,0.001302175630911969,4.5,12.160191256438004,0.896268444569463,56,RBS1p2_mRNA3min,1.2,3.0,12.986666666666668,48.650995215005516,10.554349999168197,13.971948290344427,3.437212055864309,0.004292257804772822,0.0010821487405678531,0.003695210416400713,1.0210598501322068,1.0325592306318943,61.58900744789392,0.9584329484357306,1.0622136296136278,0.08683522379918275
True,resolved_oscillation,1.0,16.376848951987256,13.279166666666667,0.0006275494195167869,0.9954363047740482,2.8438496788517353,0.0013222727937979883,4.766666666666667,12.686132636577204,0.8930882474852854,56,RBS1p2_mRNA4min,1.2,4.0,13.183333333333332,48.650995215005516,10.554349999168197,13.971948290344427,3.437212055864309,0.004292257804772822,0.0010821487405678531,0.003695210416400713,1.0210598501322068,1.0325592306318943,61.58900744789392,0.9584329484357306,1.0622136296136278,0.08683522379918275
True,resolved_oscillation,1.0,11.865856222148999,9.621428571428572,0.000845248763998977,0.9870093375105164,2.839233785006904,0.0013284229249146966,3.5,9.302491832995846,0.8971189930453153,56,RBS1p4_mRNA1min,1.4,1.0,10.402857142857142,48.650995215005516,10.554349999168197,13.971948290344427,3.437212055864309,0.004292257804772822,0.0010821487405678531,0.003695210416400713,1.0210598501322068,1.0325592306318943,61.58900744789392,0.9584329484357306,1.0622136296136278,0.08683522379918275
True,resolved_oscillation,1.0,13.46323948986715,10.916666666666666,0.0,0.9921563459050808,2.8914102377501605,0.0013012983814544219,3.9166666666666665,10.612094718159756,0.8978590521183226,56,RBS1p4_mRNA1p5min,1.4,1.5,11.722857142857142,48.650995215005516,10.554349999168197,13.971948290344427,3.437212055864309,0.004292257804772822,0.0010821487405678531,0.003695210416400713,1.0210598501322068,1.0325592306318943,61.58900744789392,0.9584329484357306,1.0622136296136278,0.08683522379918275
True,resolved_oscillation,1.0,14.536187736235188,11.786666666666667,0.0006323721655825198,0.9940706254943286,2.8975407798530135,0.001298013004453644,4.216666666666667,11.425889733462949,0.8972934812993083,56,RBS1p4_mRNA2min,1.4,2.0,12.446666666666667,48.650995215005516,10.554349999168197,13.971948290344427,3.437212055864309,0.004292257804772822,0.0010821487405678531,0.003695210416400713,1.0210598501322068,1.0325592306318943,61.58900744789392,0.9584329484357306,1.0622136296136278,0.08683522379918275
True,resolved_oscillation,1.0,15.876345315989903,12.873333333333333,0.0007091177595872167,0.9953033759490093,2.861918918297319,0.0013139485061492982,4.6,12.32111436224905,0.8942200590015053,56,RBS1p4_mRNA3min,1.4,3.0,12.99,48.650995215005516,10.554349999168197,13.971948290344427,3.437212055864309,0.004292257804772822,0.0010821487405678531,0.003695210416400713,1.0210598501322068,1.0325592306318943,61.58900744789392,0.9584329484357306,1.0622136296136278,0.08683522379918275
True,resolved_oscillation,1.0,16.59267187510726,13.454166666666667,0.0006193868070610096,0.9952466065538517,2.7974649581474775,0.0013441877515499084,4.816666666666666,12.636244177994545,0.8893241477701075,56,RBS1p4_mRNA4min,1.4,4.0,12.96,48.650995215005516,10.554349999168197,13.971948290344427,3.437212055864309,0.004292257804772822,0.0010821487405678531,0.003695210416400713,1.0210598501322068,1.0325592306318943,61.58900744789392,0.9584329484357306,1.0622136296136278,0.08683522379918275
True,resolved_oscillation,1.0,6.335447402192619,5.718055555555555,0.0008414140430259303,0.8305397100464438,1.3160569505382476,0.04525742301833656,2.3333333333333335,3.261016093202116,0.9513272870651058,57,RBS0p6_mRNA1min,0.6,1.0,7.42,54.15297634932561,8.903115636488609,15.76936189290366,2.56005459348803,0.009348733785169424,0.011296587592618791,0.0013048046038856406,0.9802122862229942,1.0146259650053053,84.86633390182826,1.0993217890509581,0.8004641306759532,0.0761304493575572
True,resolved_oscillation,1.0,7.582224056371989,6.843333333333334,0.0012576662919978623,0.9341344068781504,1.5421381735539774,0.021235976487083738,2.433333333333333,3.7972255757678615,0.9495440570367528,57,RBS0p6_mRNA1p5min,0.6,1.5,9.077777777777778,54.15297634932561,8.903115636488609,15.76936189290366,2.56005459348803,0.009348733785169424,0.011296587592618791,0.0013048046038856406,0.9802122862229942,1.0146259650053053,84.86633390182826,1.0993217890509581,0.8004641306759532,0.0761304493575572
True,resolved_oscillation,1.0,8.5775525430706,7.741666666666666,0.0011507480814313214,0.9611220587360275,1.6404003321945164,0.018224240537256322,2.55,4.194976517561325,0.9490183400447515,57,RBS0p6_mRNA2min,0.6,2.0,10.248571428571427,54.15297634932561,8.903115636488609,15.76936189290366,2.56005459348803,0.009348733785169424,0.011296587592618791,0.0013048046038856406,0.9802122862229942,1.0146259650053053,84.86633390182826,1.0993217890509581,0.8004641306759532,0.0761304493575572
True,resolved_oscillation,1.0,9.966475013907651,8.995238095238095,0.0009040895329062643,0.9789255585951544,1.711696938614842,0.016889830373877594,2.7,4.623591141411562,0.9488286882361349,57,RBS0p6_mRNA3min,0.6,3.0,11.794285714285714,54.15297634932561,8.903115636488609,15.76936189290366,2.56005459348803,0.009348733785169424,0.011296587592618791,0.0013048046038856406,0.9802122862229942,1.0146259650053053,84.86633390182826,1.0993217890509581,0.8004641306759532,0.0761304493575572
True,resolved_oscillation,1.0,10.881871210261796,9.821428571428573,0.0008280364255320887,0.9852212751906615,1.7138548160266935,0.0167602893090658,2.7666666666666666,4.734790207677842,0.9492109840340204,57,RBS0p6_mRNA4min,0.6,4.0,12.76,54.15297634932561,8.903115636488609,15.76936189290366,2.56005459348803,0.009348733785169424,0.011296587592618791,0.0013048046038856406,0.9802122862229942,1.0146259650053053,84.86633390182826,1.0993217890509581,0.8004641306759532,0.0761304493575572
True,resolved_oscillation,1.0,7.03898185988747,6.3530303030303035,0.0010612256361214876,0.9117611427136219,1.4557716382098584,0.024795100275408512,2.3333333333333335,3.4855458611813246,0.950294444520027,57,RBS0p8_mRNA1min,0.8,1.0,8.448,54.15297634932561,8.903115636488609,15.76936189290366,2.56005459348803,0.009348733785169424,0.011296587592618791,0.0013048046038856406,0.9802122862229942,1.0146259650053053,84.86633390182826,1.0993217890509581,0.8004641306759532,0.0761304493575572
True,resolved_oscillation,1.0,8.381605582691881,7.564814814814815,0.0007343941248470013,0.959140612353216,1.6052361652161162,0.018672052469282552,2.4833333333333334,4.004056304381821,0.9495040453265449,57,RBS0p8_mRNA1p5min,0.8,1.5,10.075,54.15297634932561,8.903115636488609,15.76936189290366,2.56005459348803,0.009348733785169424,0.011296587592618791,0.0013048046038856406,0.9802122862229942,1.0146259650053053,84.86633390182826,1.0993217890509581,0.8004641306759532,0.0761304493575572
True,resolved_oscillation,1.0,9.343900079211462,8.433333333333334,0.0,0.9738391365121577,1.6620973532699688,0.01750100387119089,2.5833333333333335,4.301142030214981,0.9493346501820579,57,RBS0p8_mRNA2min,0.8,2.0,11.154285714285711,54.15297634932561,8.903115636488609,15.76936189290366,2.56005459348803,0.009348733785169424,0.011296587592618791,0.0013048046038856406,0.9802122862229942,1.0146259650053053,84.86633390182826,1.0993217890509581,0.8004641306759532,0.0761304493575572
True,resolved_oscillation,1.0,10.586411919219536,9.554761904761905,0.0008511463382307167,0.9843305552589355,1.6722610466250414,0.017181994276979428,2.65,4.45940908497075,0.949824804266206,57,RBS0p8_mRNA3min,0.8,3.0,12.476666666666668,54.15297634932561,8.903115636488609,15.76936189290366,2.56005459348803,0.009348733785169424,0.011296587592618791,0.0013048046038856406,0.9802122862229942,1.0146259650053053,84.86633390182826,1.0993217890509581,0.8004641306759532,0.0761304493575572
True,resolved_oscillation,1.0,11.34088832313102,10.235714285714286,0.0006154341267886928,0.9882265428917105,1.6240577284275568,0.017645203335937533,2.625,4.30696988755643,0.9508690182786778,57,RBS0p8_mRNA4min,0.8,4.0,13.19,54.15297634932561,8.903115636488609,15.76936189290366,2.56005459348803,0.009348733785169424,0.011296587592618791,0.0013048046038856406,0.9802122862229942,1.0146259650053053,84.86633390182826,1.0993217890509581,0.8004641306759532,0.0761304493575572
True,resolved_oscillation,1.0,7.657935499701567,6.911666666666666,0.0011648080336138123,0.941743485376385,1.5259012654118507,0.020668456226869695,2.3666666666666667,3.6695152001387497,0.9500981399807944,57,RBS1_mRNA1min,1.0,1.0,9.253333333333334,54.15297634932561,8.903115636488609,15.76936189290366,2.56005459348803,0.009348733785169424,0.011296587592618791,0.0013048046038856406,0.9802122862229942,1.0146259650053053,84.86633390182826,1.0993217890509581,0.8004641306759532,0.0761304493575572
True,resolved_oscillation,1.0,8.993042171098779,8.116666666666667,0.0,0.970285372519362,1.6290247182257764,0.01794588296006456,2.5166666666666666,4.110143862105242,0.949683503861402,57,RBS1_mRNA1p5min,1.0,1.5,10.794285714285714,54.15297634932561,8.903115636488609,15.76936189290366,2.56005459348803,0.009348733785169424,0.011296587592618791,0.0013048046038856406,0.9802122862229942,1.0146259650053053,84.86633390182826,1.0993217890509581,0.8004641306759532,0.0761304493575572
True,resolved_oscillation,1.0,9.882058073609862,8.91904761904762,0.0007062870558100882,0.9798625638811859,1.652471570502855,0.017455027213989754,2.5833333333333335,4.278136699766057,0.9498601138123038,57,RBS1_mRNA2min,1.0,2.0,11.762857142857142,54.15297634932561,8.903115636488609,15.76936189290366,2.56005459348803,0.009348733785169424,0.011296587592618791,0.0013048046038856406,0.9802122862229942,1.0146259650053053,84.86633390182826,1.0993217890509581,0.8004641306759532,0.0761304493575572
True,resolved_oscillation,1.0,10.963650121175277,9.895238095238094,0.0008218600229354828,0.9869666528754839,1.6082320765601517,0.017828177951762645,2.566666666666667,4.171131543246856,0.951039149873189,57,RBS1_mRNA3min,1.0,3.0,12.836666666666668,54.15297634932561,8.903115636488609,15.76936189290366,2.56005459348803,0.009348733785169424,0.011296587592618791,0.0013048046038856406,0.9802122862229942,1.0146259650053053,84.86633390182826,1.0993217890509581,0.8004641306759532,0.0761304493575572
True,resolved_oscillation,1.0,11.566000163925123,10.43888888888889,0.0008244775617259004,0.9896195905666275,1.5126364059446484,0.018928392050217832,2.45,3.8027735696938305,0.9527446862093842,57,RBS1_mRNA4min,1.0,4.0,13.29,54.15297634932561,8.903115636488609,15.76936189290366,2.56005459348803,0.009348733785169424,0.011296587592618791,0.0013048046038856406,0.9802122862229942,1.0146259650053053,84.86633390182826,1.0993217890509581,0.8004641306759532,0.0761304493575572
True,resolved_oscillation,1.0,8.176425519468088,7.37962962962963,0.0009958913341522927,0.9568424772812593,1.566625642955978,0.019192506534188983,2.4166666666666665,3.80575242387431,0.9500474636117806,57,RBS1p2_mRNA1min,1.2,1.0,9.89,54.15297634932561,8.903115636488609,15.76936189290366,2.56005459348803,0.009348733785169424,0.011296587592618791,0.0013048046038856406,0.9802122862229942,1.0146259650053053,84.86633390182826,1.0993217890509581,0.8004641306759532,0.0761304493575572
True,resolved_oscillation,1.0,9.457335342736615,8.535714285714285,0.0007380059445089513,0.9763799717707854,1.631185102782079,0.01774945269188999,2.525,4.134541456322678,0.9500004385231644,57,RBS1p2_mRNA1p5min,1.2,1.5,11.325714285714287,54.15297634932561,8.903115636488609,15.76936189290366,2.56005459348803,0.009348733785169424,0.011296587592618791,0.0013048046038856406,0.9802122862229942,1.0146259650053053,84.86633390182826,1.0993217890509581,0.8004641306759532,0.0761304493575572
True,resolved_oscillation,1.0,10.269848393102828,9.269047619047619,0.0006796175985267379,0.983250505559719,1.6246925663534209,0.017691405035064802,2.55,4.168432296103682,0.9505330523466106,57,RBS1p2_mRNA2min,1.2,2.0,12.174285714285713,54.15297634932561,8.903115636488609,15.76936189290366,2.56005459348803,0.009348733785169424,0.011296587592618791,0.0013048046038856406,0.9802122862229942,1.0146259650053053,84.86633390182826,1.0993217890509581,0.8004641306759532,0.0761304493575572
True,resolved_oscillation,1.0,11.187882618841279,10.097619047619048,0.0006238508160963429,0.9884108081178836,1.5292877487772045,0.018730632620695364,2.45,3.8245835630838054,0.9523986556264435,57,RBS1p2_mRNA3min,1.2,3.0,12.986666666666668,54.15297634932561,8.903115636488609,15.76936189290366,2.56005459348803,0.009348733785169424,0.011296587592618791,0.0013048046038856406,0.9802122862229942,1.0146259650053053,84.86633390182826,1.0993217890509581,0.8004641306759532,0.0761304493575572
True,resolved_oscillation,1.0,11.642942687634045,10.508333333333333,0.0008687114314118416,0.9902478746255373,1.3880008060921245,0.020619396698996175,2.275,3.289170350432336,0.9547821932984327,57,RBS1p2_mRNA4min,1.2,4.0,13.183333333333332,54.15297634932561,8.903115636488609,15.76936189290366,2.56005459348803,0.009348733785169424,0.011296587592618791,0.0013048046038856406,0.9802122862229942,1.0146259650053053,84.86633390182826,1.0993217890509581,0.8004641306759532,0.0761304493575572
True,resolved_oscillation,1.0,8.609868403028347,7.770833333333333,0.0009928365681206985,0.9656776346792569,1.5885852558795162,0.018538071976711076,2.433333333333333,3.895434618231028,0.9501178065696793,57,RBS1p4_mRNA1min,1.4,1.0,10.402857142857142,54.15297634932561,8.903115636488609,15.76936189290366,2.56005459348803,0.009348733785169424,0.011296587592618791,0.0013048046038856406,0.9802122862229942,1.0146259650053053,84.86633390182826,1.0993217890509581,0.8004641306759532,0.0761304493575572
True,resolved_oscillation,1.0,9.818745368386521,8.86190476190476,0.0009176921696184489,0.9801273836176183,1.6194917261376451,0.017796029783032432,2.5166666666666666,4.097619451667088,0.9504241846462029,57,RBS1p4_mRNA1p5min,1.4,1.5,11.722857142857142,54.15297634932561,8.903115636488609,15.76936189290366,2.56005459348803,0.009348733785169424,0.011296587592618791,0.0013048046038856406,0.9802122862229942,1.0146259650053053,84.86633390182826,1.0993217890509581,0.8004641306759532,0.0761304493575572
True,resolved_oscillation,1.0,10.549479507839255,9.521428571428572,0.0008541260953538049,0.9853442135423409,1.585043869689292,0.01810247119886732,2.5,4.002681637980169,0.9513132593781283,57,RBS1p4_mRNA2min,1.4,2.0,12.446666666666667,54.15297634932561,8.903115636488609,15.76936189290366,2.56005459348803,0.009348733785169424,0.011296587592618791,0.0013048046038856406,0.9802122862229942,1.0146259650053053,84.86633390182826,1.0993217890509581,0.8004641306759532,0.0761304493575572
True,resolved_oscillation,1.0,11.30923197051935,10.207142857142857,0.0008727915527814186,0.9892189802433721,1.440390754294131,0.01987656012780325,2.316666666666667,3.455671941272889,0.9538653444363935,57,RBS1p4_mRNA3min,1.4,3.0,12.99,54.15297634932561,8.903115636488609,15.76936189290366,2.56005459348803,0.009348733785169424,0.011296587592618791,0.0013048046038856406,0.9802122862229942,1.0146259650053053,84.86633390182826,1.0993217890509581,0.8004641306759532,0.0761304493575572
True,resolved_oscillation,1.0,11.618321080047188,10.48611111111111,0.0006488714550419015,0.9903980049587753,1.2548870868652877,0.022801093321838835,2.1,2.7990329969460195,0.9569776793682837,57,RBS1p4_mRNA4min,1.4,4.0,12.96,54.15297634932561,8.903115636488609,15.76936189290366,2.56005459348803,0.009348733785169424,0.011296587592618791,0.0013048046038856406,0.9802122862229942,1.0146259650053053,84.86633390182826,1.0993217890509581,0.8004641306759532,0.0761304493575572
True,resolved_oscillation,1.0,7.189237131839306,6.498484848484849,0.0007732862649464676,0.9152150899065805,1.5891459291235897,0.0292966178750307,2.466666666666667,3.9903237537643568,0.8754682739896208,58,RBS0p6_mRNA1min,0.6,1.0,7.42,54.235113372778116,8.071839811548063,13.871494288919063,2.873610102147765,0.0022158304400851704,0.015385957512209595,0.002944595426283355,1.0932112414502577,1.0963161040685074,82.00800196968831,0.9732140788670227,1.0861860618953327,0.14864892868805848
True,resolved_oscillation,1.0,8.564562164871283,7.741666666666666,0.0011507480814313214,0.9613234459011347,1.7540235983977166,0.02448167778729174,2.6083333333333334,4.593445347964299,0.8784010489629872,58,RBS0p6_mRNA1p5min,0.6,1.5,9.077777777777778,54.235113372778116,8.071839811548063,13.871494288919063,2.873610102147765,0.0022158304400851704,0.015385957512209595,0.002944595426283355,1.0932112414502577,1.0963161040685074,82.00800196968831,0.9732140788670227,1.0861860618953327,0.14864892868805848
True,resolved_oscillation,1.0,9.514131489932362,8.6,0.0,0.9752206806578813,1.8169614317392426,0.023408281795924645,2.683333333333333,4.89741312613619,0.8803493150097502,58,RBS0p6_mRNA2min,0.6,2.0,10.248571428571427,54.235113372778116,8.071839811548063,13.871494288919063,2.873610102147765,0.0022158304400851704,0.015385957512209595,0.002944595426283355,1.0932112414502577,1.0963161040685074,82.00800196968831,0.9732140788670227,1.0861860618953327,0.14864892868805848
True,resolved_oscillation,1.0,10.66520443043636,9.64047619047619,0.0009240941928313019,0.9849121620120844,1.8294182541291628,0.023172046408674294,2.683333333333333,4.947057131246159,0.8841174504573367,58,RBS0p6_mRNA3min,0.6,3.0,11.794285714285714,54.235113372778116,8.071839811548063,13.871494288919063,2.873610102147765,0.0022158304400851704,0.015385957512209595,0.002944595426283355,1.0932112414502577,1.0963161040685074,82.00800196968831,0.9732140788670227,1.0861860618953327,0.14864892868805848
True,resolved_oscillation,1.0,11.302640704125073,10.216666666666667,0.0,0.9883533447527196,1.7765169285620641,0.02384735502802604,2.55,4.634578076546262,0.8884497682971747,58,RBS0p6_mRNA4min,0.6,4.0,12.76,54.235113372778116,8.071839811548063,13.871494288919063,2.873610102147765,0.0022158304400851704,0.015385957512209595,0.002944595426283355,1.0932112414502577,1.0963161040685074,82.00800196968831,0.9732140788670227,1.0861860618953327,0.14864892868805848
True,resolved_oscillation,1.0,8.018585411626887,7.2481481481481485,0.0007664793050587634,0.9507899269964585,1.6879852162700755,0.02570685971857908,2.5166666666666666,4.277145328513635,0.8778803155770134,58,RBS0p8_mRNA1min,0.8,1.0,8.448,54.235113372778116,8.071839811548063,13.871494288919063,2.873610102147765,0.0022158304400851704,0.015385957512209595,0.002944595426283355,1.0932112414502577,1.0963161040685074,82.00800196968831,0.9732140788670227,1.0861860618953327,0.14864892868805848
True,resolved_oscillation,1.0,9.332383130905415,8.435714285714287,0.0007467545331822157,0.9742677206238153,1.7869647556482977,0.02380494421983578,2.6166666666666667,4.705651227683563,0.8808925310593868,58,RBS0p8_mRNA1p5min,0.8,1.5,10.075,54.235113372778116,8.071839811548063,13.871494288919063,2.873610102147765,0.0022158304400851704,0.015385957512209595,0.002944595426283355,1.0932112414502577,1.0963161040685074,82.00800196968831,0.9732140788670227,1.0861860618953327,0.14864892868805848
True,resolved_oscillation,1.0,10.141031626865889,9.166666666666666,0.0,0.9820962805087319,1.8017597405890526,0.023540551494232616,2.6333333333333333,4.764933621884041,0.8836257692059329,58,RBS0p8_mRNA2min,0.8,2.0,11.154285714285711,54.235113372778116,8.071839811548063,13.871494288919063,2.873610102147765,0.0022158304400851704,0.015385957512209595,0.002944595426283355,1.0932112414502577,1.0963161040685074,82.00800196968831,0.9732140788670227,1.0861860618953327,0.14864892868805848
True,resolved_oscillation,1.0,11.010262909168679,9.952380952380953,0.0006329548591063614,0.9877048536159564,1.7316950334847765,0.024464480360630925,2.45,4.364356573940256,0.8899064767441989,58,RBS0p8_mRNA3min,0.8,3.0,12.476666666666668,54.235113372778116,8.071839811548063,13.871494288919063,2.873610102147765,0.0022158304400851704,0.015385957512209595,0.002944595426283355,1.0932112414502577,1.0963161040685074,82.00800196968831,0.9732140788670227,1.0861860618953327,0.14864892868805848
True,resolved_oscillation,1.0,11.404051020393732,10.308333333333334,0.0008855659781813517,0.989513010573384,1.5999374566201319,0.026471921745629932,2.216666666666667,3.732146921807292,0.8974437003207388,58,RBS0p8_mRNA4min,0.8,4.0,13.19,54.235113372778116,8.071839811548063,13.871494288919063,2.873610102147765,0.0022158304400851704,0.015385957512209595,0.002944595426283355,1.0932112414502577,1.0963161040685074,82.00800196968831,0.9732140788670227,1.0861860618953327,0.14864892868805848
True,resolved_oscillation,1.0,8.656753361479154,7.825,0.0011384930432904127,0.9654940383385264,1.7351142832073667,0.024639731419398594,2.55,4.443832293011809,0.8797669836951847,58,RBS1_mRNA1min,1.0,1.0,9.253333333333334,54.235113372778116,8.071839811548063,13.871494288919063,2.873610102147765,0.0022158304400851704,0.015385957512209595,0.002944595426283355,1.0932112414502577,1.0963161040685074,82.00800196968831,0.9732140788670227,1.0861860618953327,0.14864892868805848
True,resolved_oscillation,1.0,9.840751729343106,8.895238095238094,0.0009142532803318701,0.9801911659926832,1.781401151008676,0.02382008756916838,2.5833333333333335,4.640163581672882,0.8834130872199963,58,RBS1_mRNA1p5min,1.0,1.5,10.794285714285714,54.235113372778116,8.071839811548063,13.871494288919063,2.873610102147765,0.0022158304400851704,0.015385957512209595,0.002944595426283355,1.0932112414502577,1.0963161040685074,82.00800196968831,0.9732140788670227,1.0861860618953327,0.14864892868805848
True,resolved_oscillation,1.0,10.501894310730986,9.492857142857142,0.0009384643558499979,0.9852802207659782,1.752326667089019,0.024184700262620762,2.5,4.4634901037488195,0.8873399928108247,58,RBS1_mRNA2min,1.0,2.0,11.762857142857142,54.235113372778116,8.071839811548063,13.871494288919063,2.873610102147765,0.0022158304400851704,0.015385957512209595,0.002944595426283355,1.0932112414502577,1.0963161040685074,82.00800196968831,0.9732140788670227,1.0861860618953327,0.14864892868805848
True,resolved_oscillation,1.0,11.11035620834294,10.042857142857143,0.0008870690817387249,0.9887491642584992,1.5992402250949365,0.026484402320111858,2.216666666666667,3.7107438834532993,0.8968381095258573,58,RBS1_mRNA3min,1.0,3.0,12.836666666666668,54.235113372778116,8.071839811548063,13.871494288919063,2.873610102147765,0.0022158304400851704,0.015385957512209595,0.002944595426283355,1.0932112414502577,1.0963161040685074,82.00800196968831,0.9732140788670227,1.0861860618953327,0.14864892868805848
True,resolved_oscillation,1.0,11.287275504690427,10.202777777777778,0.0006668907549096592,0.9893490880459748,1.383739416499837,0.03060310158995139,1.9,2.884274326266224,0.9084041553163558,58,RBS1_mRNA4min,1.0,4.0,13.29,54.235113372778116,8.071839811548063,13.871494288919063,2.873610102147765,0.0022158304400851704,0.015385957512209595,0.002944595426283355,1.0932112414502577,1.0963161040685074,82.00800196968831,0.9732140788670227,1.0861860618953327,0.14864892868805848
True,resolved_oscillation,1.0,9.143061923585678,8.264583333333333,0.0007129889399410613,0.9731935904275432,1.7541082243855386,0.024255316893736518,2.55,4.507010997951142,0.8814902571112688,58,RBS1p2_mRNA1min,1.2,1.0,9.89,54.235113372778116,8.071839811548063,13.871494288919063,2.873610102147765,0.0022158304400851704,0.015385957512209595,0.002944595426283355,1.0932112414502577,1.0963161040685074,82.00800196968831,0.9732140788670227,1.0861860618953327,0.14864892868805848
True,resolved_oscillation,1.0,10.180542139697833,9.202380952380953,0.0006845410895380571,0.9834068788139164,1.7528814435449231,0.024185069214853347,2.5,4.462802501402001,0.8861531943524065,58,RBS1p2_mRNA1p5min,1.2,1.5,11.325714285714287,54.235113372778116,8.071839811548063,13.871494288919063,2.873610102147765,0.0022158304400851704,0.015385957512209595,0.002944595426283355,1.0932112414502577,1.0963161040685074,82.00800196968831,0.9732140788670227,1.0861860618953327,0.14864892868805848
True,resolved_oscillation,1.0,10.699446874890713,9.671428571428573,0.0008408789402559985,0.986930856909566,1.6806936464997906,0.025206765797761453,2.35,4.080805310113371,0.8915729017517678,58,RBS1p2_mRNA2min,1.2,2.0,12.174285714285713,54.235113372778116,8.071839811548063,13.871494288919063,2.873610102147765,0.0022158304400851704,0.015385957512209595,0.002944595426283355,1.0932112414502577,1.0963161040685074,82.00800196968831,0.9732140788670227,1.0861860618953327,0.14864892868805848
True,resolved_oscillation,1.0,11.062943592944606,10.0,0.0,0.9888855321436892,1.4417563038277825,0.029373152449782683,1.9666666666666666,3.0722845781233508,0.9049116689011363,58,RBS1p2_mRNA3min,1.2,3.0,12.986666666666668,54.235113372778116,8.071839811548063,13.871494288919063,2.873610102147765,0.0022158304400851704,0.015385957512209595,0.002944595426283355,1.0932112414502577,1.0963161040685074,82.00800196968831,0.9732140788670227,1.0861860618953327,0.14864892868805848
True,resolved_oscillation,1.0,11.020799045923864,9.96190476190476,0.0008163600036615359,0.9880682751735782,1.1379684153921854,0.037207516445502756,1.6166666666666667,2.143869517247602,0.9214483449125052,58,RBS1p2_mRNA4min,1.2,4.0,13.183333333333332,54.235113372778116,8.071839811548063,13.871494288919063,2.873610102147765,0.0022158304400851704,0.015385957512209595,0.002944595426283355,1.0932112414502577,1.0963161040685074,82.00800196968831,0.9732140788670227,1.0861860618953327,0.14864892868805848
True,resolved_oscillation,1.0,9.511497455743566,8.597619047619048,0.0007326921382067544,0.9777885117010074,1.755235013165529,0.024190721457672593,2.533333333333333,4.489266106158059,0.8832180707893382,58,RBS1p4_mRNA1min,1.4,1.0,10.402857142857142,54.235113372778116,8.071839811548063,13.871494288919063,2.873610102147765,0.0022158304400851704,0.015385957512209595,0.002944595426283355,1.0932112414502577,1.0963161040685074,82.00800196968831,0.9732140788670227,1.0861860618953327,0.14864892868805848
True,resolved_oscillation,1.0,10.401801011556726,9.402380952380952,0.0006699800737058979,0.9853133457824547,1.7085571447483163,0.024801633796416894,2.4166666666666665,4.216693298226897,0.8891779963032513,58,RBS1p4_mRNA1p5min,1.4,1.5,11.722857142857142,54.235113372778116,8.071839811548063,13.871494288919063,2.873610102147765,0.0022158304400851704,0.015385957512209595,0.002944595426283355,1.0932112414502577,1.0963161040685074,82.00800196968831,0.9732140788670227,1.0861860618953327,0.14864892868805848
True,resolved_oscillation,1.0,10.783735968932195,9.747619047619049,0.0006462509308902272,0.987775122454745,1.592719195679791,0.026594147610575204,2.2,3.6641941164834386,0.8963393361149911,58,RBS1p4_mRNA2min,1.4,2.0,12.446666666666667,54.235113372778116,8.071839811548063,13.871494288919063,2.873610102147765,0.0022158304400851704,0.015385957512209595,0.002944595426283355,1.0932112414502577,1.0963161040685074,82.00800196968831,0.9732140788670227,1.0861860618953327,0.14864892868805848
True,resolved_oscillation,1.0,10.907535575805623,9.85952380952381,0.0009035637253740501,0.9883226932924241,1.2649719029353286,0.0334743750522397,1.75,2.4837857420520164,0.9141514045919238,58,RBS1p4_mRNA3min,1.4,3.0,12.99,54.235113372778116,8.071839811548063,13.871494288919063,2.873610102147765,0.0022158304400851704,0.015385957512209595,0.002944595426283355,1.0932112414502577,1.0963161040685074,82.00800196968831,0.9732140788670227,1.0861860618953327,0.14864892868805848
True,resolved_oscillation,1.0,10.615157780849229,9.595238095238095,0.0008475558946203143,0.9851313293257787,0.870283916283011,0.048645676423711696,1.3583333333333334,1.5234349444589896,0.9367798536509163,58,RBS1p4_mRNA4min,1.4,4.0,12.96,54.235113372778116,8.071839811548063,13.871494288919063,2.873610102147765,0.0022158304400851704,0.015385957512209595,0.002944595426283355,1.0932112414502577,1.0963161040685074,82.00800196968831,0.9732140788670227,1.0861860618953327,0.14864892868805848
True,resolved_oscillation,1.0,6.499072631017281,4.985714285714286,0.0012139234179603484,0.8407014238070306,1.409495668885991,0.024346348229303764,2.15,3.085636065143901,0.9076307679665861,59,RBS0p6_mRNA1min,0.6,1.0,7.42,46.028545013511135,9.22275135327207,13.642457205678237,2.574972870045805,0.01939831209835643,0.0010326206220884599,0.003102767575206422,1.0570805181362959,0.9876315528688806,80.90737255543506,1.0747123943188734,0.8501332318976743,0.12741183600894362
True,resolved_oscillation,1.0,7.880485307993082,6.045454545454546,0.0012877426144025192,0.9401451114517524,1.6642408523594965,0.0041148749196069445,2.3333333333333335,3.769891253796383,0.9035154147212311,59,RBS0p6_mRNA1p5min,0.6,1.5,9.077777777777778,46.028545013511135,9.22275135327207,13.642457205678237,2.574972870045805,0.01939831209835643,0.0010326206220884599,0.003102767575206422,1.0570805181362959,0.9876315528688806,80.90737255543506,1.0747123943188734,0.8501332318976743,0.12741183600894362
True,resolved_oscillation,1.0,9.020489348036593,6.92,0.001015503423303911,0.9649693971537261,1.7770725481981593,0.002298415297771382,2.55,4.345677824106781,0.9021362173927907,59,RBS0p6_mRNA2min,0.6,2.0,10.248571428571427,46.028545013511135,9.22275135327207,13.642457205678237,2.574972870045805,0.01939831209835643,0.0010326206220884599,0.003102767575206422,1.0570805181362959,0.9876315528688806,80.90737255543506,1.0747123943188734,0.8501332318976743,0.12741183600894362
True,resolved_oscillation,1.0,10.691734875728583,8.202083333333333,0.0007184219265293853,0.9808317853972487,1.8614844366317276,0.0016848331412770451,2.9166666666666665,5.154331082929385,0.9013920790225002,59,RBS0p6_mRNA3min,0.6,3.0,11.794285714285714,46.028545013511135,9.22275135327207,13.642457205678237,2.574972870045805,0.01939831209835643,0.0010326206220884599,0.003102767575206422,1.0570805181362959,0.9876315528688806,80.90737255543506,1.0747123943188734,0.8501332318976743,0.12741183600894362
True,resolved_oscillation,1.0,11.874618856863474,9.10952380952381,0.000977955406893346,0.9861982019173697,1.8684937543712912,0.001580927217115433,3.183333333333333,5.638211030783158,0.9018839318133132,59,RBS0p6_mRNA4min,0.6,4.0,12.76,46.028545013511135,9.22275135327207,13.642457205678237,2.574972870045805,0.01939831209835643,0.0010326206220884599,0.003102767575206422,1.0570805181362959,0.9876315528688806,80.90737255543506,1.0747123943188734,0.8501332318976743,0.12741183600894362
True,resolved_oscillation,1.0,7.269039967157779,5.576388888888888,0.001539014646708156,0.9190216256149332,1.568558574819777,0.006479646356377419,2.216666666666667,3.3953018007836646,0.9051002353623444,59,RBS0p8_mRNA1min,0.8,1.0,8.448,46.028545013511135,9.22275135327207,13.642457205678237,2.574972870045805,0.01939831209835643,0.0010326206220884599,0.003102767575206422,1.0570805181362959,0.9876315528688806,80.90737255543506,1.0747123943188734,0.8501332318976743,0.12741183600894362
True,resolved_oscillation,1.0,8.801060295976935,6.751666666666667,0.0007806165539788643,0.9631626567774992,1.7431938035321195,0.0023873859677668403,2.466666666666667,4.14154746841531,0.9028336158169049,59,RBS0p8_mRNA1p5min,0.8,1.5,10.075,46.028545013511135,9.22275135327207,13.642457205678237,2.574972870045805,0.01939831209835643,0.0010326206220884599,0.003102767575206422,1.0570805181362959,0.9876315528688806,80.90737255543506,1.0747123943188734,0.8501332318976743,0.12741183600894362
True,resolved_oscillation,1.0,9.947933152231535,7.631481481481482,0.0007279786459597186,0.9763940579596551,1.8140512565417328,0.0018247661897259203,2.716666666666667,4.689037540581511,0.9020156179031381,59,RBS0p8_mRNA2min,0.8,2.0,11.154285714285711,46.028545013511135,9.22275135327207,13.642457205678237,2.574972870045805,0.01939831209835643,0.0010326206220884599,0.003102767575206422,1.0570805181362959,0.9876315528688806,80.90737255543506,1.0747123943188734,0.8501332318976743,0.12741183600894362
True,resolved_oscillation,1.0,11.548734126081806,8.85952380952381,0.0010055515686035856,0.9854809564274544,1.8391359453417684,0.0016112562349099658,3.066666666666667,5.343981762870436,0.9022196581968126,59,RBS0p8_mRNA3min,0.8,3.0,12.476666666666668,46.028545013511135,9.22275135327207,13.642457205678237,2.574972870045805,0.01939831209835643,0.0010326206220884599,0.003102767575206422,1.0570805181362959,0.9876315528688806,80.90737255543506,1.0747123943188734,0.8501332318976743,0.12741183600894362
True,resolved_oscillation,1.0,12.638120226123384,9.695238095238095,0.0008388139133889653,0.9886197312892194,1.8011593067433782,0.0016028647079902767,3.3,5.63993321729154,0.903448545032867,59,RBS0p8_mRNA4min,0.8,4.0,13.19,46.028545013511135,9.22275135327207,13.642457205678237,2.574972870045805,0.01939831209835643,0.0010326206220884599,0.003102767575206422,1.0570805181362959,0.9876315528688806,80.90737255543506,1.0747123943188734,0.8501332318976743,0.12741183600894362
True,resolved_oscillation,1.0,7.965412843893759,6.11060606060606,0.0013760909422773724,0.9471385826527406,1.6530181922073943,0.0034347612287424618,2.3,3.680009337308824,0.904209894797148,59,RBS1_mRNA1min,1.0,1.0,9.253333333333334,46.028545013511135,9.22275135327207,13.642457205678237,2.574972870045805,0.01939831209835643,0.0010326206220884599,0.003102767575206422,1.0570805181362959,0.9876315528688806,80.90737255543506,1.0747123943188734,0.8501332318976743,0.12741183600894362
True,resolved_oscillation,1.0,9.532731865606001,7.312962962962962,0.0010049701105588468,0.9732409383439143,1.780431805851093,0.0019388973839649846,2.6,4.424005054174995,0.9025547268907052,59,RBS1_mRNA1p5min,1.0,1.5,10.794285714285714,46.028545013511135,9.22275135327207,13.642457205678237,2.574972870045805,0.01939831209835643,0.0010326206220884599,0.003102767575206422,1.0570805181362959,0.9876315528688806,80.90737255543506,1.0747123943188734,0.8501332318976743,0.12741183600894362
True,resolved_oscillation,1.0,10.650999284380875,8.170833333333333,0.0009442326361780228,0.9816939243111601,1.818259372810831,0.0016904575574425674,2.8333333333333335,4.905287327532692,0.9022407414911147,59,RBS1_mRNA2min,1.0,2.0,11.762857142857142,46.028545013511135,9.22275135327207,13.642457205678237,2.574972870045805,0.01939831209835643,0.0010326206220884599,0.003102767575206422,1.0570805181362959,0.9876315528688806,80.90737255543506,1.0747123943188734,0.8501332318976743,0.12741183600894362
True,resolved_oscillation,1.0,12.153948626104905,9.323809523809524,0.000955479414395797,0.9876448057020276,1.7941681338491313,0.0016180798758261478,3.1666666666666665,5.38039429207465,0.9032132101913632,59,RBS1_mRNA3min,1.0,3.0,12.836666666666668,46.028545013511135,9.22275135327207,13.642457205678237,2.574972870045805,0.01939831209835643,0.0010326206220884599,0.003102767575206422,1.0570805181362959,0.9876315528688806,80.90737255543506,1.0747123943188734,0.8501332318976743,0.12741183600894362
True,resolved_oscillation,1.0,13.14091381075796,10.08095238095238,0.0006248822180124209,0.9895843122411049,1.7162735311901767,0.0016679576730017354,3.3666666666666667,5.483144136818451,0.9049930614282762,59,RBS1_mRNA4min,1.0,4.0,13.29,46.028545013511135,9.22275135327207,13.642457205678237,2.574972870045805,0.01939831209835643,0.0010326206220884599,0.003102767575206422,1.0570805181362959,0.9876315528688806,80.90737255543506,1.0747123943188734,0.8501332318976743,0.12741183600894362
True,resolved_oscillation,1.0,8.569780890070671,6.574242424242424,0.0013239370008154019,0.9610480250678181,1.705198322377495,0.0024955842335889797,2.3916666666666666,3.927405169801479,0.9036570528769443,59,RBS1p2_mRNA1min,1.2,1.0,9.89,46.028545013511135,9.22275135327207,13.642457205678237,2.574972870045805,0.01939831209835643,0.0010326206220884599,0.003102767575206422,1.0570805181362959,0.9876315528688806,80.90737255543506,1.0747123943188734,0.8501332318976743,0.12741183600894362
True,resolved_oscillation,1.0,10.124152302950511,7.766666666666667,0.0,0.9786654399777592,1.794547592629813,0.0017722238698909252,2.7,4.627797127595683,0.9025300718183267,59,RBS1p2_mRNA1p5min,1.2,1.5,11.325714285714287,46.028545013511135,9.22275135327207,13.642457205678237,2.574972870045805,0.01939831209835643,0.0010326206220884599,0.003102767575206422,1.0570805181362959,0.9876315528688806,80.90737255543506,1.0747123943188734,0.8501332318976743,0.12741183600894362
True,resolved_oscillation,1.0,11.194916418375994,8.588095238095239,0.0009469504450567968,0.9846050746291889,1.804328220530489,0.0016488308729552027,2.933333333333333,5.026844257623965,0.9026553298010879,59,RBS1p2_mRNA2min,1.2,2.0,12.174285714285713,46.028545013511135,9.22275135327207,13.642457205678237,2.574972870045805,0.01939831209835643,0.0010326206220884599,0.003102767575206422,1.0570805181362959,0.9876315528688806,80.90737255543506,1.0747123943188734,0.8501332318976743,0.12741183600894362
True,resolved_oscillation,1.0,12.597255315438066,9.66388888888889,0.0007040786843297436,0.9887376795916293,1.7364776078844844,0.001656328804897097,3.2333333333333334,5.313643692701727,0.9042250546183997,59,RBS1p2_mRNA3min,1.2,3.0,12.986666666666668,46.028545013511135,9.22275135327207,13.642457205678237,2.574972870045805,0.01939831209835643,0.0010326206220884599,0.003102767575206422,1.0570805181362959,0.9876315528688806,80.90737255543506,1.0747123943188734,0.8501332318976743,0.12741183600894362
True,resolved_oscillation,1.0,13.46990220564231,10.333333333333334,0.0,0.9898414432019583,1.6212576613178937,0.001759120931096637,3.4,5.224378291794036,0.9064110591015044,59,RBS1p2_mRNA4min,1.2,4.0,13.183333333333332,46.028545013511135,9.22275135327207,13.642457205678237,2.574972870045805,0.01939831209835643,0.0010326206220884599,0.003102767575206422,1.0570805181362959,0.9876315528688806,80.90737255543506,1.0747123943188734,0.8501332318976743,0.12741183600894362
True,resolved_oscillation,1.0,9.083493729321049,6.968333333333334,0.0007563448122861467,0.9690986527616321,1.737817705821564,0.002106505812158439,2.4833333333333334,4.133606927408562,0.9033076870454996,59,RBS1p4_mRNA1min,1.4,1.0,10.402857142857142,46.028545013511135,9.22275135327207,13.642457205678237,2.574972870045805,0.01939831209835643,0.0010326206220884599,0.003102767575206422,1.0570805181362959,0.9876315528688806,80.90737255543506,1.0747123943188734,0.8501332318976743,0.12741183600894362
True,resolved_oscillation,1.0,10.60754798694332,8.1375,0.0009481004605965709,0.9819490849090822,1.7942388015309587,0.001700875439856756,2.7916666666666665,4.768265804015589,0.9026750715874311,59,RBS1p4_mRNA1p5min,1.4,1.5,11.722857142857142,46.028545013511135,9.22275135327207,13.642457205678237,2.574972870045805,0.01939831209835643,0.0010326206220884599,0.003102767575206422,1.0570805181362959,0.9876315528688806,80.90737255543506,1.0747123943188734,0.8501332318976743,0.12741183600894362
True,resolved_oscillation,1.0,11.629429392751554,8.921428571428573,0.0009115693235441329,0.9863569469450174,1.7791661517289339,0.001644412605836993,3.0,5.077951127847145,0.9031635993353687,59,RBS1p4_mRNA2min,1.4,2.0,12.446666666666667,46.028545013511135,9.22275135327207,13.642457205678237,2.574972870045805,0.01939831209835643,0.0010326206220884599,0.003102767575206422,1.0570805181362959,0.9876315528688806,80.90737255543506,1.0747123943188734,0.8501332318976743,0.12741183600894362
True,resolved_oscillation,1.0,12.920553659467496,9.911904761904761,0.0008204780819889182,0.9892549754051628,1.6707382175203946,0.0017132281021530098,3.2666666666666666,5.17411599771249,0.9051782249095038,59,RBS1p4_mRNA3min,1.4,3.0,12.99,46.028545013511135,9.22275135327207,13.642457205678237,2.574972870045805,0.01939831209835643,0.0010326206220884599,0.003102767575206422,1.0570805181362959,0.9876315528688806,80.90737255543506,1.0747123943188734,0.8501332318976743,0.12741183600894362
True,resolved_oscillation,1.0,13.676295868470701,10.491666666666667,0.0008700914336857285,0.9896512338860809,1.5197894850459939,0.001873397616075417,3.3916666666666666,4.897994827007969,0.907673720650096,59,RBS1p4_mRNA4min,1.4,4.0,12.96,46.028545013511135,9.22275135327207,13.642457205678237,2.574972870045805,0.01939831209835643,0.0010326206220884599,0.003102767575206422,1.0570805181362959,0.9876315528688806,80.90737255543506,1.0747123943188734,0.8501332318976743,0.12741183600894362
True,resolved_oscillation,1.0,5.979241266788288,4.991666666666666,0.0017324691875217724,0.658749953744639,1.5299941904425518,0.10983540963127067,2.3,3.965862496178903,0.8980263863032555,60,RBS0p6_mRNA1min,0.6,1.0,7.42,50.08996737823134,8.680424137900516,15.433916558457547,2.882975692173996,0.0014223935414653412,0.006330894876759267,0.001474313295220616,0.9100797693234574,0.808658014565151,75.94946569471664,1.0027130828853512,1.1805761360309264,0.12930127455798643
True,resolved_oscillation,1.0,7.101766907555797,5.928787878787879,0.0013130828089614238,0.8990384263330498,2.0119701702345116,0.015264781519422009,2.4,4.7919157121391835,0.8813691247883458,60,RBS0p6_mRNA1p5min,0.6,1.5,9.077777777777778,50.08996737823134,8.680424137900516,15.433916558457547,2.882975692173996,0.0014223935414653412,0.006330894876759267,0.001474313295220616,0.9100797693234574,0.808658014565151,75.94946569471664,1.0027130828853512,1.1805761360309264,0.12930127455798643
True,resolved_oscillation,1.0,8.165307773343605,6.816666666666666,0.0,0.9467490774791543,2.2007635207525413,0.010531872286153586,2.566666666666667,5.512505687316762,0.8767392915237179,60,RBS0p6_mRNA2min,0.6,2.0,10.248571428571427,50.08996737823134,8.680424137900516,15.433916558457547,2.882975692173996,0.0014223935414653412,0.006330894876759267,0.001474313295220616,0.9100797693234574,0.808658014565151,75.94946569471664,1.0027130828853512,1.1805761360309264,0.12930127455798643
True,resolved_oscillation,1.0,9.802362143549415,8.183333333333334,0.0,0.9751323673820462,2.3885092434721673,0.008952520230629596,2.8833333333333333,6.644333452321852,0.8713191976577188,60,RBS0p6_mRNA3min,0.6,3.0,11.794285714285714,50.08996737823134,8.680424137900516,15.433916558457547,2.882975692173996,0.0014223935414653412,0.006330894876759267,0.001474313295220616,0.9100797693234574,0.808658014565151,75.94946569471664,1.0027130828853512,1.1805761360309264,0.12930127455798643
True,resolved_oscillation,1.0,10.97453870479434,9.161904761904761,0.000887642997744248,0.9844897872671388,2.476357969943373,0.008535689968112799,3.1166666666666667,7.41918156047145,0.867749795833089,60,RBS0p6_mRNA4min,0.6,4.0,12.76,50.08996737823134,8.680424137900516,15.433916558457547,2.882975692173996,0.0014223935414653412,0.006330894876759267,0.001474313295220616,0.9100797693234574,0.808658014565151,75.94946569471664,1.0027130828853512,1.1805761360309264,0.12930127455798643
True,resolved_oscillation,1.0,6.588145636194107,5.5,0.0,0.8581222418210863,1.8763086911137299,0.02223975182280608,2.308333333333333,4.3768241245227415,0.8845475574780032,60,RBS0p8_mRNA1min,0.8,1.0,8.448,50.08996737823134,8.680424137900516,15.433916558457547,2.882975692173996,0.0014223935414653412,0.006330894876759267,0.001474313295220616,0.9100797693234574,0.808658014565151,75.94946569471664,1.0027130828853512,1.1805761360309264,0.12930127455798643
True,resolved_oscillation,1.0,7.99960592855448,6.678333333333333,0.0012055050949329872,0.9445825032598563,2.164463989698002,0.010755809511113195,2.5,5.30059010729432,0.8772970019507051,60,RBS0p8_mRNA1p5min,0.8,1.5,10.075,50.08996737823134,8.680424137900516,15.433916558457547,2.882975692173996,0.0014223935414653412,0.006330894876759267,0.001474313295220616,0.9100797693234574,0.808658014565151,75.94946569471664,1.0027130828853512,1.1805761360309264,0.12930127455798643
True,resolved_oscillation,1.0,9.130238194806378,7.622222222222222,0.0010932944606413995,0.968099201554035,2.3078683015814874,0.009375268452937067,2.716666666666667,6.064021754638369,0.873219410322256,60,RBS0p8_mRNA2min,0.8,2.0,11.154285714285711,50.08996737823134,8.680424137900516,15.433916558457547,2.882975692173996,0.0014223935414653412,0.006330894876759267,0.001474313295220616,0.9100797693234574,0.808658014565151,75.94946569471664,1.0027130828853512,1.1805761360309264,0.12930127455798643
True,resolved_oscillation,1.0,10.734969772569098,8.96190476190476,0.0009074522463655331,0.9837739985895888,2.443573068542226,0.008652043090017441,3.025,7.105422475665724,0.86787120040192,60,RBS0p8_mRNA3min,0.8,3.0,12.476666666666668,50.08996737823134,8.680424137900516,15.433916558457547,2.882975692173996,0.0014223935414653412,0.006330894876759267,0.001474313295220616,0.9100797693234574,0.808658014565151,75.94946569471664,1.0027130828853512,1.1805761360309264,0.12930127455798643
True,resolved_oscillation,1.0,11.838698067463955,9.883333333333333,0.0,0.9893649713062855,2.4993011135468595,0.008426640442727779,3.2333333333333334,7.72957278115699,0.8637427185230953,60,RBS0p8_mRNA4min,0.8,4.0,13.19,50.08996737823134,8.680424137900516,15.433916558457547,2.882975692173996,0.0014223935414653412,0.006330894876759267,0.001474313295220616,0.9100797693234574,0.808658014565151,75.94946569471664,1.0027130828853512,1.1805761360309264,0.12930127455798643
True,resolved_oscillation,1.0,7.228811038281302,6.034848484848484,0.0008326951519847854,0.9157926983492017,2.0261769262232163,0.013285273946666273,2.3666666666666667,4.734416999602574,0.8805861162315624,60,RBS1_mRNA1min,1.0,1.0,9.253333333333334,50.08996737823134,8.680424137900516,15.433916558457547,2.882975692173996,0.0014223935414653412,0.006330894876759267,0.001474313295220616,0.9100797693234574,0.808658014565151,75.94946569471664,1.0027130828853512,1.1805761360309264,0.12930127455798643
True,resolved_oscillation,1.0,8.755357180490956,7.309259259259259,0.0012017776767804834,0.9631642519107687,2.2567660418105464,0.009685155565068533,2.6166666666666667,5.74070429033822,0.8743806874490817,60,RBS1_mRNA1p5min,1.0,1.5,10.794285714285714,50.08996737823134,8.680424137900516,15.433916558457547,2.882975692173996,0.0014223935414653412,0.006330894876759267,0.001474313295220616,0.9100797693234574,0.808658014565151,75.94946569471664,1.0027130828853512,1.1805761360309264,0.12930127455798643
True,resolved_oscillation,1.0,9.882218454291161,8.25,0.0,0.9776816326628784,2.3694256499868884,0.008978534297830255,2.8333333333333335,6.4757594034936385,0.8704374191546153,60,RBS1_mRNA2min,1.0,2.0,11.762857142857142,50.08996737823134,8.680424137900516,15.433916558457547,2.882975692173996,0.0014223935414653412,0.006330894876759267,0.001474313295220616,0.9100797693234574,0.808658014565151,75.94946569471664,1.0027130828853512,1.1805761360309264,0.12930127455798643
True,resolved_oscillation,1.0,11.419452436069786,9.533333333333333,0.0,0.9879793744398914,2.4671984590386473,0.00854144639308508,3.1166666666666667,7.37707684825318,0.8646396487196555,60,RBS1_mRNA3min,1.0,3.0,12.836666666666668,50.08996737823134,8.680424137900516,15.433916558457547,2.882975692173996,0.0014223935414653412,0.006330894876759267,0.001474313295220616,0.9100797693234574,0.808658014565151,75.94946569471664,1.0027130828853512,1.1805761360309264,0.12930127455798643
True,resolved_oscillation,1.0,12.447602436869776,10.391666666666667,0.0008784644065840674,0.991818261864053,2.497250201586453,0.008423889984575803,3.2666666666666666,7.832760196386085,0.859406475890252,60,RBS1_mRNA4min,1.0,4.0,13.29,50.08996737823134,8.680424137900516,15.433916558457547,2.882975692173996,0.0014223935414653412,0.006330894876759267,0.001474313295220616,0.9100797693234574,0.808658014565151,75.94946569471664,1.0027130828853512,1.1805761360309264,0.12930127455798643
True,resolved_oscillation,1.0,7.824103536537961,6.531818181818182,0.0007693400116806772,0.9421355672357179,2.124732167044708,0.011013494701120227,2.45,5.080220942733234,0.8779089962066828,60,RBS1p2_mRNA1min,1.2,1.0,9.89,50.08996737823134,8.680424137900516,15.433916558457547,2.882975692173996,0.0014223935414653412,0.006330894876759267,0.001474313295220616,0.9100797693234574,0.808658014565151,75.94946569471664,1.0027130828853512,1.1805761360309264,0.12930127455798643
True,resolved_oscillation,1.0,9.383116512155244,7.833333333333333,0.0,0.972862814828788,2.316943856622227,0.009242950702204582,2.716666666666667,6.097565255811899,0.8720130715185838,60,RBS1p2_mRNA1p5min,1.2,1.5,11.325714285714287,50.08996737823134,8.680424137900516,15.433916558457547,2.882975692173996,0.0014223935414653412,0.006330894876759267,0.001474313295220616,0.9100797693234574,0.808658014565151,75.94946569471664,1.0027130828853512,1.1805761360309264,0.12930127455798643
True,resolved_oscillation,1.0,10.481140784854261,8.75,0.0,0.9829535646620089,2.406032087911638,0.00878926839783177,2.9166666666666665,6.774023691526932,0.8679821996643485,60,RBS1p2_mRNA2min,1.2,2.0,12.174285714285713,50.08996737823134,8.680424137900516,15.433916558457547,2.882975692173996,0.0014223935414653412,0.006330894876759267,0.001474313295220616,0.9100797693234574,0.808658014565151,75.94946569471664,1.0027130828853512,1.1805761360309264,0.12930127455798643
True,resolved_oscillation,1.0,11.941370466989058,9.969047619047618,0.000631896658959778,0.9904019091065209,2.473042228947975,0.008510362906909322,3.1666666666666665,7.51521614296978,0.8612769275936799,60,RBS1p2_mRNA3min,1.2,3.0,12.986666666666668,50.08996737823134,8.680424137900516,15.433916558457547,2.882975692173996,0.0014223935414653412,0.006330894876759267,0.001474313295220616,0.9100797693234574,0.808658014565151,75.94946569471664,1.0027130828853512,1.1805761360309264,0.12930127455798643
True,resolved_oscillation,1.0,12.890139492230288,10.761111111111111,0.0007997900560056619,0.9932541939018226,2.4796897542662064,0.0084792768525163,3.2666666666666666,7.796105924117355,0.8544191402636732,60,RBS1p2_mRNA4min,1.2,4.0,13.183333333333332,50.08996737823134,8.680424137900516,15.433916558457547,2.882975692173996,0.0014223935414653412,0.006330894876759267,0.001474313295220616,0.9100797693234574,0.808658014565151,75.94946569471664,1.0027130828853512,1.1805761360309264,0.12930127455798643
True,resolved_oscillation,1.0,8.354966511355254,6.975,0.0012593698367854957,0.9567497324602257,2.1957511326945927,0.010109093424922085,2.525,5.393240227259887,0.8757474564863008,60,RBS1p4_mRNA1min,1.4,1.0,10.402857142857142,50.08996737823134,8.680424137900516,15.433916558457547,2.882975692173996,0.0014223935414653412,0.006330894876759267,0.001474313295220616,0.9100797693234574,0.808658014565151,75.94946569471664,1.0027130828853512,1.1805761360309264,0.12930127455798643
True,resolved_oscillation,1.0,9.904678041687276,8.26875,0.0007126296610597607,0.978678458689474,2.357536911168202,0.009007857179743691,2.808333333333333,6.379727859716608,0.8699420840242307,60,RBS1p4_mRNA1p5min,1.4,1.5,11.722857142857142,50.08996737823134,8.680424137900516,15.433916558457547,2.882975692173996,0.0014223935414653412,0.006330894876759267,0.001474313295220616,0.9100797693234574,0.808658014565151,75.94946569471664,1.0027130828853512,1.1805761360309264,0.12930127455798643
True,resolved_oscillation,1.0,10.968834682598501,9.157142857142857,0.000972869835354639,0.9862249447820524,2.4272924711259676,0.008689394404781713,3.0,6.984564679901237,0.865637312832912,60,RBS1p4_mRNA2min,1.4,2.0,12.446666666666667,50.08996737823134,8.680424137900516,15.433916558457547,2.882975692173996,0.0014223935414653412,0.006330894876759267,0.001474313295220616,0.9100797693234574,0.808658014565151,75.94946569471664,1.0027130828853512,1.1805761360309264,0.12930127455798643
True,resolved_oscillation,1.0,12.349208053991552,10.309523809523808,0.0008641241077999866,0.9919477407421894,2.467177653896943,0.008525281821919159,3.191666666666667,7.555929313030534,0.8575919505633312,60,RBS1p4_mRNA3min,1.4,3.0,12.99,50.08996737823134,8.680424137900516,15.433916558457547,2.882975692173996,0.0014223935414653412,0.006330894876759267,0.001474313295220616,0.9100797693234574,0.808658014565151,75.94946569471664,1.0027130828853512,1.1805761360309264,0.12930127455798643
True,resolved_oscillation,1.0,13.216219427759087,11.033333333333333,0.0,0.9941756058956867,2.450825171020379,0.008576703418481933,3.2666666666666666,7.660110834151941,0.8485781067464324,60,RBS1p4_mRNA4min,1.4,4.0,12.96,50.08996737823134,8.680424137900516,15.433916558457547,2.882975692173996,0.0014223935414653412,0.006330894876759267,0.001474313295220616,0.9100797693234574,0.808658014565151,75.94946569471664,1.0027130828853512,1.1805761360309264,0.12930127455798643
True,resolved_oscillation,1.0,6.99785315396906,6.221212121212121,0.0012513621606103388,0.8975766683668557,1.938274492628346,0.027669593292679966,2.5833333333333335,5.008785802266823,0.7832524956795606,61,RBS0p6_mRNA1min,0.6,1.0,7.42,53.34103460873761,11.119753645940255,13.128943362159523,3.186124019900902,0.0010310843963311528,0.013242331183448862,0.0015197566938400567,0.9576510700697861,0.8205872625937543,87.25659119287623,1.0080033276943448,1.0165880392468745,0.1994610721944074
True,resolved_oscillation,1.0,8.461278200618215,7.522222222222222,0.0011078286558345643,0.9594305608325564,2.197963161244318,0.02228671992365338,2.7666666666666666,5.971296402096699,0.7825610195419257,61,RBS0p6_mRNA1p5min,0.6,1.5,9.077777777777778,53.34103460873761,11.119753645940255,13.128943362159523,3.186124019900902,0.0010310843963311528,0.013242331183448862,0.0015197566938400567,0.9576510700697861,0.8205872625937543,87.25659119287623,1.0080033276943448,1.0165880392468745,0.1994610721944074
True,resolved_oscillation,1.0,9.528981168326528,8.471428571428572,0.0009599916400561736,0.9757472882335657,2.3083867161328206,0.021088039530786393,2.9,6.573089903379757,0.7830794762867037,61,RBS0p6_mRNA2min,0.6,2.0,10.248571428571427,53.34103460873761,11.119753645940255,13.128943362159523,3.186124019900902,0.0010310843963311528,0.013242331183448862,0.0015197566938400567,0.9576510700697861,0.8205872625937543,87.25659119287623,1.0080033276943448,1.0165880392468745,0.1994610721944074
True,resolved_oscillation,1.0,10.873429888534487,9.666666666666666,0.0,0.9865099077991802,2.3758682081340976,0.02045742556868284,3.0,6.976869400729654,0.7852416903960502,61,RBS0p6_mRNA3min,0.6,3.0,11.794285714285714,53.34103460873761,11.119753645940255,13.128943362159523,3.186124019900902,0.0010310843963311528,0.013242331183448862,0.0015197566938400567,0.9576510700697861,0.8205872625937543,87.25659119287623,1.0080033276943448,1.0165880392468745,0.1994610721944074
True,resolved_oscillation,1.0,11.642068897896408,10.35,0.0,0.9902920081393625,2.360452355430378,0.020586714597318437,2.9,6.788802936293683,0.7884958162354123,61,RBS0p6_mRNA4min,0.6,4.0,12.76,53.34103460873761,11.119753645940255,13.128943362159523,3.186124019900902,0.0010310843963311528,0.013242331183448862,0.0015197566938400567,0.9576510700697861,0.8205872625937543,87.25659119287623,1.0080033276943448,1.0165880392468745,0.1994610721944074
True,resolved_oscillation,1.0,7.909482879263276,7.031666666666666,0.000749532510113387,0.9472259675548146,2.1099194437537627,0.023404404722750495,2.65,5.536632814903623,0.7821761116413275,61,RBS0p8_mRNA1min,0.8,1.0,8.448,53.34103460873761,11.119753645940255,13.128943362159523,3.186124019900902,0.0010310843963311528,0.013242331183448862,0.0015197566938400567,0.9576510700697861,0.8205872625937543,87.25659119287623,1.0080033276943448,1.0165880392468745,0.1994610721944074
True,resolved_oscillation,1.0,9.394737160158353,8.352083333333333,0.0007055193626206511,0.9751525704441402,2.282759815733878,0.021324662443828597,2.85,6.385010461367654,0.7828770029588771,61,RBS0p8_mRNA1p5min,0.8,1.5,10.075,53.34103460873761,11.119753645940255,13.128943362159523,3.186124019900902,0.0010310843963311528,0.013242331183448862,0.0015197566938400567,0.9576510700697861,0.8205872625937543,87.25659119287623,1.0080033276943448,1.0165880392468745,0.1994610721944074
True,resolved_oscillation,1.0,10.34850568701903,9.2,0.0,0.9838219719032048,2.3398233107604574,0.020775797063028383,2.9166666666666665,6.712675247725575,0.7843419839991895,61,RBS0p8_mRNA2min,0.8,2.0,11.154285714285711,53.34103460873761,11.119753645940255,13.128943362159523,3.186124019900902,0.0010310843963311528,0.013242331183448862,0.0015197566938400567,0.9576510700697861,0.8205872625937543,87.25659119287623,1.0080033276943448,1.0165880392468745,0.1994610721944074
True,resolved_oscillation,1.0,11.43317049117087,10.164285714285715,0.0006197590328096955,0.9899808990998132,2.3278447669770044,0.020874019092685193,2.8333333333333335,6.5254292539109455,0.7888131014787485,61,RBS0p8_mRNA3min,0.8,3.0,12.476666666666668,53.34103460873761,11.119753645940255,13.128943362159523,3.186124019900902,0.0010310843963311528,0.013242331183448862,0.0015197566938400567,0.9576510700697861,0.8205872625937543,87.25659119287623,1.0080033276943448,1.0165880392468745,0.1994610721944074
True,resolved_oscillation,1.0,11.967021975025025,10.63888888888889,0.000808978244638625,0.9922214789137966,2.2385564111541774,0.021704072880362062,2.6,5.843756481019636,0.7952377103843595,61,RBS0p8_mRNA4min,0.8,4.0,13.19,53.34103460873761,11.119753645940255,13.128943362159523,3.186124019900902,0.0010310843963311528,0.013242331183448862,0.0015197566938400567,0.9576510700697861,0.8205872625937543,87.25659119287623,1.0080033276943448,1.0165880392468745,0.1994610721944074
True,resolved_oscillation,1.0,8.658905913391148,7.697916666666667,0.0007654741880233262,0.9654710725932637,2.2027643116637607,0.022162998258063827,2.7333333333333334,5.93533464220313,0.7821857512849699,61,RBS1_mRNA1min,1.0,1.0,9.253333333333334,53.34103460873761,11.119753645940255,13.128943362159523,3.186124019900902,0.0010310843963311528,0.013242331183448862,0.0015197566938400567,0.9576510700697861,0.8205872625937543,87.25659119287623,1.0080033276943448,1.0165880392468745,0.1994610721944074
True,resolved_oscillation,1.0,10.050892412052676,8.935416666666667,0.0006594607425381651,0.9820148857186887,2.314586978771951,0.021005305869550742,2.8666666666666667,6.537090481003946,0.7838355975835894,61,RBS1_mRNA1p5min,1.0,1.5,10.794285714285714,53.34103460873761,11.119753645940255,13.128943362159523,3.186124019900902,0.0010310843963311528,0.013242331183448862,0.0015197566938400567,0.9576510700697861,0.8205872625937543,87.25659119287623,1.0080033276943448,1.0165880392468745,0.1994610721944074
True,resolved_oscillation,1.0,10.876108073236097,9.66904761904762,0.000651502415923317,0.9875640658976721,2.3285295263924355,0.020869535507252915,2.8666666666666667,6.56647799131059,0.7863715688832024,61,RBS1_mRNA2min,1.0,2.0,11.762857142857142,53.34103460873761,11.119753645940255,13.128943362159523,3.186124019900902,0.0010310843963311528,0.013242331183448862,0.0015197566938400567,0.9576510700697861,0.8205872625937543,87.25659119287623,1.0080033276943448,1.0165880392468745,0.1994610721944074
True,resolved_oscillation,1.0,11.71393352072293,10.41388888888889,0.0006533714971414184,0.991628129921897,2.2396233170679833,0.021693392302650934,2.6,5.855972587732844,0.7938405889381805,61,RBS1_mRNA3min,1.0,3.0,12.836666666666668,53.34103460873761,11.119753645940255,13.128943362159523,3.186124019900902,0.0010310843963311528,0.013242331183448862,0.0015197566938400567,0.9576510700697861,0.8205872625937543,87.25659119287623,1.0080033276943448,1.0165880392468745,0.1994610721944074
True,resolved_oscillation,1.0,12.051384793125724,10.71388888888889,0.0006350764176259212,0.9930761739775652,2.068383814273514,0.023485787613573627,2.2666666666666666,4.823679844435914,0.8046222122804833,61,RBS1_mRNA4min,1.0,4.0,13.29,53.34103460873761,11.119753645940255,13.128943362159523,3.186124019900902,0.0010310843963311528,0.013242331183448862,0.0015197566938400567,0.9576510700697861,0.8205872625937543,87.25659119287623,1.0080033276943448,1.0165880392468745,0.1994610721944074
True,resolved_oscillation,1.0,9.254132463323856,8.227083333333333,0.0010484662841362688,0.9745076880249198,2.255041584086859,0.021586630094608168,2.783333333333333,6.19102198358927,0.7825923491974787,61,RBS1p2_mRNA1min,1.2,1.0,9.89,53.34103460873761,11.119753645940255,13.128943362159523,3.186124019900902,0.0010310843963311528,0.013242331183448862,0.0015197566938400567,0.9576510700697861,0.8205872625937543,87.25659119287623,1.0080033276943448,1.0165880392468745,0.1994610721944074
True,resolved_oscillation,1.0,10.519909507922035,9.352380952380951,0.0006735619427353846,0.98571440360076,2.3172726534761527,0.020972787298680247,2.85,6.5054851453568245,0.7852327581077848,61,RBS1p2_mRNA1p5min,1.2,1.5,11.325714285714287,53.34103460873761,11.119753645940255,13.128943362159523,3.186124019900902,0.0010310843963311528,0.013242331183448862,0.0015197566938400567,0.9576510700697861,0.8205872625937543,87.25659119287623,1.0080033276943448,1.0165880392468745,0.1994610721944074
True,resolved_oscillation,1.0,11.210881160937282,9.966666666666667,0.0,0.9896330153417993,2.291259705352371,0.02120602157722214,2.7333333333333334,6.24901999253791,0.7890661926193355,61,RBS1p2_mRNA2min,1.2,2.0,12.174285714285713,53.34103460873761,11.119753645940255,13.128943362159523,3.186124019900902,0.0010310843963311528,0.013242331183448862,0.0015197566938400567,0.9576510700697861,0.8205872625937543,87.25659119287623,1.0080033276943448,1.0165880392468745,0.1994610721944074
True,resolved_oscillation,1.0,11.826417278190528,10.51388888888889,0.0006471571315147101,0.9925076040221463,2.1213063424457324,0.022900463074588342,2.3666666666666667,5.113004763637516,0.8003536595410529,61,RBS1p2_mRNA3min,1.2,3.0,12.986666666666668,53.34103460873761,11.119753645940255,13.128943362159523,3.186124019900902,0.0010310843963311528,0.013242331183448862,0.0015197566938400567,0.9576510700697861,0.8205872625937543,87.25659119287623,1.0080033276943448,1.0165880392468745,0.1994610721944074
True,resolved_oscillation,1.0,11.988893816754835,10.658333333333333,0.0008564856254967414,0.9934093391642171,1.8574572542470997,0.026147383632580193,1.95,3.850680606331606,0.8170356162546264,61,RBS1p2_mRNA4min,1.2,4.0,13.183333333333332,53.34103460873761,11.119753645940255,13.128943362159523,3.186124019900902,0.0010310843963311528,0.013242331183448862,0.0015197566938400567,0.9576510700697861,0.8205872625937543,87.25659119287623,1.0080033276943448,1.0165880392468745,0.1994610721944074
True,resolved_oscillation,1.0,9.721810466842411,8.642857142857142,0.0010307596106815266,0.9797518402534003,2.282893186391874,0.021301698726420716,2.816666666666667,6.327388004384787,0.783255262834338,61,RBS1p4_mRNA1min,1.4,1.0,10.402857142857142,53.34103460873761,11.119753645940255,13.128943362159523,3.186124019900902,0.0010310843963311528,0.013242331183448862,0.0015197566938400567,0.9576510700697861,0.8205872625937543,87.25659119287623,1.0080033276943448,1.0165880392468745,0.1994610721944074
True,resolved_oscillation,1.0,10.85468259562322,9.65,0.0,0.9879646212428239,2.3011101332507553,0.02111654614965009,2.783333333333333,6.347933471470272,0.7870113350091971,61,RBS1p4_mRNA1p5min,1.4,1.5,11.722857142857142,53.34103460873761,11.119753645940255,13.128943362159523,3.186124019900902,0.0010310843963311528,0.013242331183448862,0.0015197566938400567,0.9576510700697861,0.8205872625937543,87.25659119287623,1.0080033276943448,1.0165880392468745,0.1994610721944074
True,resolved_oscillation,1.0,11.42513593706604,10.157142857142857,0.0008770879950243651,0.9908966189149911,2.2351987921711385,0.021735845839954332,2.6,5.833622472454547,0.7924066090185646,61,RBS1p4_mRNA2min,1.4,2.0,12.446666666666667,53.34103460873761,11.119753645940255,13.128943362159523,3.186124019900902,0.0010310843963311528,0.013242331183448862,0.0015197566938400567,0.9576510700697861,0.8205872625937543,87.25659119287623,1.0080033276943448,1.0165880392468745,0.1994610721944074
True,resolved_oscillation,1.0,11.835790924646162,10.522222222222222,0.0008179479083859382,0.9929772366960145,1.9775009022790426,0.024562254915554502,2.1166666666666667,4.36964815158777,0.8084899355888031,61,RBS1p4_mRNA3min,1.4,3.0,12.99,53.34103460873761,11.119753645940255,13.128943362159523,3.186124019900902,0.0010310843963311528,0.013242331183448862,0.0015197566938400567,0.9576510700697861,0.8205872625937543,87.25659119287623,1.0080033276943448,1.0165880392468745,0.1994610721944074
True,resolved_oscillation,1.0,11.823292729371982,10.511111111111111,0.0008188125467668959,0.9933666424673552,1.6089207076307,0.030178794128241836,1.65,2.9722145530376465,0.8332170012832117,61,RBS1p4_mRNA4min,1.4,4.0,12.96,53.34103460873761,11.119753645940255,13.128943362159523,3.186124019900902,0.0010310843963311528,0.013242331183448862,0.0015197566938400567,0.9576510700697861,0.8205872625937543,87.25659119287623,1.0080033276943448,1.0165880392468745,0.1994610721944074
True,resolved_oscillation,1.0,7.282204316708562,6.093055555555555,0.0014085123789681435,0.9080902893522862,2.6088543004080953,0.015642572741582157,2.3,5.963008812351708,0.9403765116875517,62,RBS0p6_mRNA1min,0.6,1.0,7.42,50.20229005309907,11.192031772822926,14.324908448809982,3.394658182305645,0.0011513792225302758,0.00968247532313198,0.0022194758093412236,1.0997560457750022,0.8054093799477368,94.5181774260825,0.9634313195224414,1.1262306633343373,0.04845448600242974
True,resolved_oscillation,1.0,8.985867191197253,7.518518518518518,0.0007389162561576356,0.9629421103873302,2.965357962090745,0.01288792578681549,2.625,7.565965767318863,0.9400453528697504,62,RBS0p6_mRNA1p5min,0.6,1.5,9.077777777777778,50.20229005309907,11.192031772822926,14.324908448809982,3.394658182305645,0.0011513792225302758,0.00968247532313198,0.0022194758093412236,1.0997560457750022,0.8054093799477368,94.5181774260825,0.9634313195224414,1.1262306633343373,0.04845448600242974
True,resolved_oscillation,1.0,10.181664155205276,8.519047619047619,0.0007394497795037982,0.9778882826656643,3.1199818260821583,0.0121957937228547,2.85,8.604679675122552,0.9400798526155786,62,RBS0p6_mRNA2min,0.6,2.0,10.248571428571427,50.20229005309907,11.192031772822926,14.324908448809982,3.394658182305645,0.0011513792225302758,0.00968247532313198,0.0022194758093412236,1.0997560457750022,0.8054093799477368,94.5181774260825,0.9634313195224414,1.1262306633343373,0.04845448600242974
True,resolved_oscillation,1.0,11.718304357500092,9.804761904761905,0.0008294439668090981,0.9879516325600108,3.236057142214449,0.01174560462849951,3.1,9.641159883533179,0.9402177105057496,62,RBS0p6_mRNA3min,0.6,3.0,11.794285714285714,50.20229005309907,11.192031772822926,14.324908448809982,3.394658182305645,0.0011513792225302758,0.00968247532313198,0.0022194758093412236,1.0997560457750022,0.8054093799477368,94.5181774260825,0.9634313195224414,1.1262306633343373,0.04845448600242974
True,resolved_oscillation,1.0,12.648825368889728,10.583333333333334,0.0,0.9915472163644794,3.256071645323214,0.011671716940698398,3.15,9.889990317554767,0.9403725266558742,62,RBS0p6_mRNA4min,0.6,4.0,12.76,50.20229005309907,11.192031772822926,14.324908448809982,3.394658182305645,0.0011513792225302758,0.00968247532313198,0.0022194758093412236,1.0997560457750022,0.8054093799477368,94.5181774260825,0.9634313195224414,1.1262306633343373,0.04845448600242974
True,resolved_oscillation,1.0,8.376111917508867,7.008333333333334,0.001253379968358454,0.9520364040105936,2.849786358469482,0.013486293879551697,2.4833333333333334,6.916718029914509,0.9398714589881856,62,RBS0p8_mRNA1min,0.8,1.0,8.448,50.20229005309907,11.192031772822926,14.324908448809982,3.394658182305645,0.0011513792225302758,0.00968247532313198,0.0022194758093412236,1.0997560457750022,0.8054093799477368,94.5181774260825,0.9634313195224414,1.1262306633343373,0.04845448600242974
True,resolved_oscillation,1.0,10.046852433753948,8.40625,0.0010261197908436493,0.9774050108681356,3.0921082941186437,0.012305921254335443,2.8,8.374121879168067,0.939892449119375,62,RBS0p8_mRNA1p5min,0.8,1.5,10.075,50.20229005309907,11.192031772822926,14.324908448809982,3.394658182305645,0.0011513792225302758,0.00968247532313198,0.0022194758093412236,1.0997560457750022,0.8054093799477368,94.5181774260825,0.9634313195224414,1.1262306633343373,0.04845448600242974
True,resolved_oscillation,1.0,11.134950206628911,9.316666666666666,0.0,0.9854694327206398,3.1853524755090055,0.01193418569909239,2.966666666666667,9.136923504788554,0.9399975796401037,62,RBS0p8_mRNA2min,0.8,2.0,11.154285714285711,50.20229005309907,11.192031772822926,14.324908448809982,3.394658182305645,0.0011513792225302758,0.00968247532313198,0.0022194758093412236,1.0997560457750022,0.8054093799477368,94.5181774260825,0.9634313195224414,1.1262306633343373,0.04845448600242974
True,resolved_oscillation,1.0,12.43967156357738,10.408333333333333,0.0008770577381988248,0.9912984553308414,3.224346257334315,0.011786472800142552,3.066666666666667,9.547500044118287,0.940216221391645,62,RBS0p8_mRNA3min,0.8,3.0,12.476666666666668,50.20229005309907,11.192031772822926,14.324908448809982,3.394658182305645,0.0011513792225302758,0.00968247532313198,0.0022194758093412236,1.0997560457750022,0.8054093799477368,94.5181774260825,0.9634313195224414,1.1262306633343373,0.04845448600242974
True,resolved_oscillation,1.0,13.146810619633419,11.0,0.0,0.9934441849621606,3.1803731288646575,0.011948811921434198,2.9833333333333334,9.180217865793024,0.9405449511372386,62,RBS0p8_mRNA4min,0.8,4.0,13.19,50.20229005309907,11.192031772822926,14.324908448809982,3.394658182305645,0.0011513792225302758,0.00968247532313198,0.0022194758093412236,1.0997560457750022,0.8054093799477368,94.5181774260825,0.9634313195224414,1.1262306633343373,0.04845448600242974
True,resolved_oscillation,1.0,9.235136475041733,7.727083333333334,0.0011163098830019212,0.9685821543348846,2.9829578442898597,0.012781792557293949,2.6333333333333333,7.628737734655441,0.9397171048472854,62,RBS1_mRNA1min,1.0,1.0,9.253333333333334,50.20229005309907,11.192031772822926,14.324908448809982,3.394658182305645,0.0011513792225302758,0.00968247532313198,0.0022194758093412236,1.0997560457750022,0.8054093799477368,94.5181774260825,0.9634313195224414,1.1262306633343373,0.04845448600242974
True,resolved_oscillation,1.0,10.804857126135952,9.040476190476191,0.0009854246475570032,0.9838128400424727,3.151493218437589,0.012063802708465292,2.9,8.831057951198629,0.9398472095476115,62,RBS1_mRNA1p5min,1.0,1.5,10.794285714285714,50.20229005309907,11.192031772822926,14.324908448809982,3.394658182305645,0.0011513792225302758,0.00968247532313198,0.0022194758093412236,1.0997560457750022,0.8054093799477368,94.5181774260825,0.9634313195224414,1.1262306633343373,0.04845448600242974
True,resolved_oscillation,1.0,11.780908217593584,9.857142857142858,0.0009037819774816284,0.9890320535674084,3.2010306819329997,0.011873137125516024,3.0,9.288180468624011,0.9399800168063029,62,RBS1_mRNA2min,1.0,2.0,11.762857142857142,50.20229005309907,11.192031772822926,14.324908448809982,3.394658182305645,0.0011513792225302758,0.00968247532313198,0.0022194758093412236,1.0997560457750022,0.8054093799477368,94.5181774260825,0.9634313195224414,1.1262306633343373,0.04845448600242974
True,resolved_oscillation,1.0,12.854659272530455,10.755555555555556,0.0008002031707040118,0.9929115647009877,3.1716668001093526,0.011981639763060986,2.95,9.07552325959664,0.9403315891348066,62,RBS1_mRNA3min,1.0,3.0,12.836666666666668,50.20229005309907,11.192031772822926,14.324908448809982,3.394658182305645,0.0011513792225302758,0.00968247532313198,0.0022194758093412236,1.0997560457750022,0.8054093799477368,94.5181774260825,0.9634313195224414,1.1262306633343373,0.04845448600242974
True,resolved_oscillation,1.0,13.34268481825927,11.16388888888889,0.0006094774179604822,0.9943255545634464,3.0589965361676463,0.012422476356573986,2.7333333333333334,8.185675059608434,0.9409456663889043,62,RBS1_mRNA4min,1.0,4.0,13.29,50.20229005309907,11.192031772822926,14.324908448809982,3.394658182305645,0.0011513792225302758,0.00968247532313198,0.0022194758093412236,1.0997560457750022,0.8054093799477368,94.5181774260825,0.9634313195224414,1.1262306633343373,0.04845448600242974
True,resolved_oscillation,1.0,9.907416563545715,8.289583333333333,0.0010405612857637913,0.9768845475075988,3.0619176376729067,0.012427469023948126,2.75,8.13482970253352,0.9396687249737729,62,RBS1p2_mRNA1min,1.2,1.0,9.89,50.20229005309907,11.192031772822926,14.324908448809982,3.394658182305645,0.0011513792225302758,0.00968247532313198,0.0022194758093412236,1.0997560457750022,0.8054093799477368,94.5181774260825,0.9634313195224414,1.1262306633343373,0.04845448600242974
True,resolved_oscillation,1.0,11.368291866977382,9.511904761904761,0.0008549812904430204,0.9873073476327245,3.176283979232567,0.011966529735973992,2.95,9.04734192687074,0.9398356875163009,62,RBS1p2_mRNA1p5min,1.2,1.5,11.325714285714287,50.20229005309907,11.192031772822926,14.324908448809982,3.394658182305645,0.0011513792225302758,0.00968247532313198,0.0022194758093412236,1.0997560457750022,0.8054093799477368,94.5181774260825,0.9634313195224414,1.1262306633343373,0.04845448600242974
True,resolved_oscillation,1.0,12.22482649825653,10.228571428571428,0.0007950768750744568,0.9910239090537362,3.188636873766714,0.011918364228428928,2.9833333333333334,9.189056601742113,0.9400062969602078,62,RBS1p2_mRNA2min,1.2,2.0,12.174285714285713,50.20229005309907,11.192031772822926,14.324908448809982,3.394658182305645,0.0011513792225302758,0.00968247532313198,0.0022194758093412236,1.0997560457750022,0.8054093799477368,94.5181774260825,0.9634313195224414,1.1262306633343373,0.04845448600242974
True,resolved_oscillation,1.0,13.070452881186052,10.93611111111111,0.0006221716390102052,0.9937990490376511,3.089953746842193,0.012298115126295887,2.7916666666666665,8.401459740835096,0.9405654918746967,62,RBS1p2_mRNA3min,1.2,3.0,12.986666666666668,50.20229005309907,11.192031772822926,14.324908448809982,3.394658182305645,0.0011513792225302758,0.00968247532313198,0.0022194758093412236,1.0997560457750022,0.8054093799477368,94.5181774260825,0.9634313195224414,1.1262306633343373,0.04845448600242974
True,resolved_oscillation,1.0,13.369244031632267,11.18611111111111,0.0006082666359034463,0.994754075004306,2.9010247044268263,0.013098452379032703,2.4833333333333334,7.111594744371562,0.9415979775222959,62,RBS1p2_mRNA4min,1.2,4.0,13.183333333333332,50.20229005309907,11.192031772822926,14.324908448809982,3.394658182305645,0.0011513792225302758,0.00968247532313198,0.0022194758093412236,1.0997560457750022,0.8054093799477368,94.5181774260825,0.9634313195224414,1.1262306633343373,0.04845448600242974
True,resolved_oscillation,1.0,10.446307745600494,8.74047619047619,0.00101924744940723,0.9817518288557312,3.109903070975573,0.012227276126880867,2.816666666666667,8.483636864315455,0.9396553805016087,62,RBS1p4_mRNA1min,1.4,1.0,10.402857142857142,50.20229005309907,11.192031772822926,14.324908448809982,3.394658182305645,0.0011513792225302758,0.00968247532313198,0.0022194758093412236,1.0997560457750022,0.8054093799477368,94.5181774260825,0.9634313195224414,1.1262306633343373,0.04845448600242974
True,resolved_oscillation,1.0,11.792290737610582,9.866666666666667,0.0,0.989453297107659,3.179969861013944,0.01195140565613671,2.966666666666667,9.088906548241564,0.9398451260367472,62,RBS1p4_mRNA1p5min,1.4,1.5,11.722857142857142,50.20229005309907,11.192031772822926,14.324908448809982,3.394658182305645,0.0011513792225302758,0.00968247532313198,0.0022194758093412236,1.0997560457750022,0.8054093799477368,94.5181774260825,0.9634313195224414,1.1262306633343373,0.04845448600242974
True,resolved_oscillation,1.0,12.529308908711243,10.483333333333333,0.0,0.9922550434088042,3.156994783869277,0.012037363590086033,2.9166666666666665,8.92007826646333,0.9400761146946893,62,RBS1p4_mRNA2min,1.4,2.0,12.446666666666667,50.20229005309907,11.192031772822926,14.324908448809982,3.394658182305645,0.0011513792225302758,0.00968247532313198,0.0022194758093412236,1.0997560457750022,0.8054093799477368,94.5181774260825,0.9634313195224414,1.1262306633343373,0.04845448600242974
True,resolved_oscillation,1.0,13.163410127991543,11.01388888888889,0.0006177779931357322,0.9943153906608677,2.984638226625439,0.012731712187713295,2.6166666666666667,7.635297555801346,0.940926141298323,62,RBS1p4_mRNA3min,1.4,3.0,12.99,50.20229005309907,11.192031772822926,14.324908448809982,3.394658182305645,0.0011513792225302758,0.00968247532313198,0.0022194758093412236,1.0997560457750022,0.8054093799477368,94.5181774260825,0.9634313195224414,1.1262306633343373,0.04845448600242974
True,resolved_oscillation,1.0,13.292886293184901,11.122222222222224,0.0007738228463950883,0.9949217027593151,2.711773924501075,0.014011982335110057,2.2333333333333334,6.059509075183348,0.942548767771797,62,RBS1p4_mRNA4min,1.4,4.0,12.96,50.20229005309907,11.192031772822926,14.324908448809982,3.394658182305645,0.0011513792225302758,0.00968247532313198,0.0022194758093412236,1.0997560457750022,0.8054093799477368,94.5181774260825,0.9634313195224414,1.1262306633343373,0.04845448600242974
True,resolved_oscillation,1.0,6.769878523128706,5.4230769230769225,0.0015562188855895583,0.8907241422477795,1.5101048724212973,0.019491115963293552,2.091666666666667,3.1974632376051937,0.9929274150575953,63,RBS0p6_mRNA1min,0.6,1.0,7.42,48.06358256990386,9.808099536321933,11.260942589900798,2.662061842341891,0.003253223724230479,0.007531888232268375,0.0010017188026383381,0.9126843997192994,1.0858664392866202,97.57562785665561,0.9418941317131185,0.8603187146882401,0.01032759958078201
True,resolved_oscillation,1.0,8.311906408952467,6.658333333333333,0.0013192647727027032,0.9602550761859887,1.7930940281115484,0.011419976606620837,2.3,4.052751099230307,0.9925706247242332,63,RBS0p6_mRNA1p5min,0.6,1.5,9.077777777777778,48.06358256990386,9.808099536321933,11.260942589900798,2.662061842341891,0.003253223724230479,0.007531888232268375,0.0010017188026383381,0.9126843997192994,1.0858664392866202,97.57562785665561,0.9418941317131185,0.8603187146882401,0.01032759958078201
True,resolved_oscillation,1.0,9.47125032887728,7.587037037037037,0.0009686665771532551,0.977348256786221,1.926905468065533,0.010216245944484774,2.5,4.677628476623066,0.9924162374757424,63,RBS0p6_mRNA2min,0.6,2.0,10.248571428571427,48.06358256990386,9.808099536321933,11.260942589900798,2.662061842341891,0.003253223724230479,0.007531888232268375,0.0010017188026383381,0.9126843997192994,1.0858664392866202,97.57562785665561,0.9418941317131185,0.8603187146882401,0.01032759958078201
True,resolved_oscillation,1.0,11.053810096511436,8.854761904761906,0.0009184324429469927,0.9882959022413741,2.0445202288075577,0.009504677503680918,2.75,5.430796798638165,0.9922598160732558,63,RBS0p6_mRNA3min,0.6,3.0,11.794285714285714,48.06358256990386,9.808099536321933,11.260942589900798,2.662061842341891,0.003253223724230479,0.007531888232268375,0.0010017188026383381,0.9126843997192994,1.0858664392866202,97.57562785665561,0.9418941317131185,0.8603187146882401,0.01032759958078201
True,resolved_oscillation,1.0,12.103015518417466,9.695238095238095,0.0008388139133889653,0.9921087232409983,2.0842507897984652,0.009301809215332696,2.8833333333333333,5.785418680959711,0.9921782138747658,63,RBS0p6_mRNA4min,0.6,4.0,12.76,48.06358256990386,9.808099536321933,11.260942589900798,2.662061842341891,0.003253223724230479,0.007531888232268375,0.0010017188026383381,0.9126843997192994,1.0858664392866202,97.57562785665561,0.9418941317131185,0.8603187146882401,0.01032759958078201
True,resolved_oscillation,1.0,7.672128881855375,6.145833333333333,0.0012264868254010723,0.9461005998975124,1.686025782163994,0.012710252166678588,2.183333333333333,3.6251440346582604,0.9927098564245446,63,RBS0p8_mRNA1min,0.8,1.0,8.448,48.06358256990386,9.808099536321933,11.260942589900798,2.662061842341891,0.003253223724230479,0.007531888232268375,0.0010017188026383381,0.9126843997192994,1.0858664392866202,97.57562785665561,0.9418941317131185,0.8603187146882401,0.01032759958078201
True,resolved_oscillation,1.0,9.260880843905879,7.4185185185185185,0.0007488766849725414,0.976322362764944,1.889782728615795,0.010424053837005941,2.4166666666666665,4.458060245987476,0.9924718247617214,63,RBS0p8_mRNA1p5min,0.8,1.5,10.075,48.06358256990386,9.808099536321933,11.260942589900798,2.662061842341891,0.003253223724230479,0.007531888232268375,0.0010017188026383381,0.9126843997192994,1.0858664392866202,97.57562785665561,0.9418941317131185,0.8603187146882401,0.01032759958078201
True,resolved_oscillation,1.0,10.35867435133219,8.297916666666667,0.0007101248116360006,0.9853440014108342,1.9812280126326263,0.009829414898890372,2.6,4.97806601535126,0.9923519760344196,63,RBS0p8_mRNA2min,0.8,2.0,11.154285714285711,48.06358256990386,9.808099536321933,11.260942589900798,2.662061842341891,0.003253223724230479,0.007531888232268375,0.0010017188026383381,0.9126843997192994,1.0858664392866202,97.57562785665561,0.9418941317131185,0.8603187146882401,0.01032759958078201
True,resolved_oscillation,1.0,11.784984413193827,9.440476190476192,0.000943671472074134,0.9916865548992313,2.0453392996795596,0.009479323930045927,2.7666666666666666,5.463391856231179,0.992228397888724,63,RBS0p8_mRNA3min,0.8,3.0,12.476666666666668,48.06358256990386,9.808099536321933,11.260942589900798,2.662061842341891,0.003253223724230479,0.007531888232268375,0.0010017188026383381,0.9126843997192994,1.0858664392866202,97.57562785665561,0.9418941317131185,0.8603187146882401,0.01032759958078201
True,resolved_oscillation,1.0,12.682604915787655,10.15952380952381,0.0008768824435842375,0.9940430273018684,2.047337241821295,0.00946154843724573,2.8,5.554256076972176,0.9921566145395673,63,RBS0p8_mRNA4min,0.8,4.0,13.19,48.06358256990386,9.808099536321933,11.260942589900798,2.662061842341891,0.003253223724230479,0.007531888232268375,0.0010017188026383381,0.9126843997192994,1.0858664392866202,97.57562785665561,0.9418941317131185,0.8603187146882401,0.01032759958078201
True,resolved_oscillation,1.0,8.424257584442689,6.748333333333333,0.0007810021388412891,0.9656230747610965,1.7854507068082612,0.011262064008491697,2.2666666666666666,3.966593990151669,0.9926056780197906,63,RBS1_mRNA1min,1.0,1.0,9.253333333333334,48.06358256990386,9.808099536321933,11.260942589900798,2.662061842341891,0.003253223724230479,0.007531888232268375,0.0010017188026383381,0.9126843997192994,1.0858664392866202,97.57562785665561,0.9418941317131185,0.8603187146882401,0.01032759958078201
True,resolved_oscillation,1.0,9.968566103102257,7.985416666666667,0.0007379147207790739,0.983288581626635,1.9399363269101535,0.010056164866453736,2.5,4.71574678350222,0.9924119464888921,63,RBS1_mRNA1p5min,1.0,1.5,10.794285714285714,48.06358256990386,9.808099536321933,11.260942589900798,2.662061842341891,0.003253223724230479,0.007531888232268375,0.0010017188026383381,0.9126843997192994,1.0858664392866202,97.57562785665561,0.9418941317131185,0.8603187146882401,0.01032759958078201
True,resolved_oscillation,1.0,10.991392776794646,8.804761904761905,0.0009236479868360913,0.9890827045592734,2.000356317740578,0.009705189022288858,2.6333333333333333,5.107202313295996,0.9923137075933132,63,RBS1_mRNA2min,1.0,2.0,11.762857142857142,48.06358256990386,9.808099536321933,11.260942589900798,2.662061842341891,0.003253223724230479,0.007531888232268375,0.0010017188026383381,0.9126843997192994,1.0858664392866202,97.57562785665561,0.9418941317131185,0.8603187146882401,0.01032759958078201
True,resolved_oscillation,1.0,12.257572691049518,9.819047619047618,0.0006415497844482518,0.9933693486836468,2.0215248676142026,0.009583872353305102,2.725,5.328282651029116,0.9922063749009797,63,RBS1_mRNA3min,1.0,3.0,12.836666666666668,48.06358256990386,9.808099536321933,11.260942589900798,2.662061842341891,0.003253223724230479,0.007531888232268375,0.0010017188026383381,0.9126843997192994,1.0858664392866202,97.57562785665561,0.9418941317131185,0.8603187146882401,0.01032759958078201
True,resolved_oscillation,1.0,13.01401116095061,10.425,0.0008756555675542223,0.9950174275598702,1.9897764038608097,0.009732396016614148,2.683333333333333,5.189144733180956,0.9921280818152962,63,RBS1_mRNA4min,1.0,4.0,13.29,48.06358256990386,9.808099536321933,11.260942589900798,2.662061842341891,0.003253223724230479,0.007531888232268375,0.0010017188026383381,0.9126843997192994,1.0858664392866202,97.57562785665561,0.9418941317131185,0.8603187146882401,0.01032759958078201
True,resolved_oscillation,1.0,9.036640843441857,7.238888888888889,0.0011511895625479663,0.9751456253912166,1.848571918714503,0.01066513165353299,2.35,4.229273877305234,0.9925357039169582,63,RBS1p2_mRNA1min,1.2,1.0,9.89,48.06358256990386,9.808099536321933,11.260942589900798,2.662061842341891,0.003253223724230479,0.007531888232268375,0.0010017188026383381,0.9126843997192994,1.0858664392866202,97.57562785665561,0.9418941317131185,0.8603187146882401,0.01032759958078201
True,resolved_oscillation,1.0,10.509516207314432,8.41875,0.0006999324733348652,0.9870532400991011,1.9650759223208343,0.009892145099766209,2.55,4.864517581928587,0.9923721441734554,63,RBS1p2_mRNA1p5min,1.2,1.5,11.325714285714287,48.06358256990386,9.808099536321933,11.260942589900798,2.662061842341891,0.003253223724230479,0.007531888232268375,0.0010017188026383381,0.9126843997192994,1.0858664392866202,97.57562785665561,0.9418941317131185,0.8603187146882401,0.01032759958078201
True,resolved_oscillation,1.0,11.45209204137095,9.173809523809524,0.0009711023583633381,0.991187666221674,2.000164958226378,0.009694119571143705,2.65,5.122924458483527,0.9922879483977554,63,RBS1p2_mRNA2min,1.2,2.0,12.174285714285713,48.06358256990386,9.808099536321933,11.260942589900798,2.662061842341891,0.003253223724230479,0.007531888232268375,0.0010017188026383381,0.9126843997192994,1.0858664392866202,97.57562785665561,0.9418941317131185,0.8603187146882401,0.01032759958078201
True,resolved_oscillation,1.0,12.572631542953314,10.071428571428573,0.0008074823298628525,0.9943422839942481,1.9832143545663836,0.009765885459669587,2.65,5.099345437311256,0.9921826445611535,63,RBS1p2_mRNA3min,1.2,3.0,12.986666666666668,48.06358256990386,9.808099536321933,11.260942589900798,2.662061842341891,0.003253223724230479,0.007531888232268375,0.0010017188026383381,0.9126843997192994,1.0858664392866202,97.57562785665561,0.9418941317131185,0.8603187146882401,0.01032759958078201
True,resolved_oscillation,1.0,13.201263120100979,10.575,0.0008632349212059355,0.9955742079928542,1.919165137573581,0.010089138976654817,2.55,4.769940934313272,0.9920824226804412,63,RBS1p2_mRNA4min,1.2,4.0,13.183333333333332,48.06358256990386,9.808099536321933,11.260942589900798,2.662061842341891,0.003253223724230479,0.007531888232268375,0.0010017188026383381,0.9126843997192994,1.0858664392866202,97.57562785665561,0.9418941317131185,0.8603187146882401,0.01032759958078201
True,resolved_oscillation,1.0,9.542914658922482,7.644444444444445,0.0010901162790697674,0.9806334813147698,1.8897374202813053,0.010349626106865364,2.408333333333333,4.42514078947439,0.9924855591484371,63,RBS1p4_mRNA1min,1.4,1.0,10.402857142857142,48.06358256990386,9.808099536321933,11.260942589900798,2.662061842341891,0.003253223724230479,0.007531888232268375,0.0010017188026383381,0.9126843997192994,1.0858664392866202,97.57562785665561,0.9418941317131185,0.8603187146882401,0.01032759958078201
True,resolved_oscillation,1.0,10.937892217037396,8.761904761904761,0.0009281658302499637,0.9893623877081128,1.97495254030173,0.009826682343884,2.5833333333333335,4.933943619071386,0.9923438931072215,63,RBS1p4_mRNA1p5min,1.4,1.5,11.722857142857142,48.06358256990386,9.808099536321933,11.260942589900798,2.662061842341891,0.003253223724230479,0.007531888232268375,0.0010017188026383381,0.9126843997192994,1.0858664392866202,97.57562785665561,0.9418941317131185,0.8603187146882401,0.01032759958078201
True,resolved_oscillation,1.0,11.796873426473216,9.45,0.0,0.9925100920536651,1.9878612147227703,0.009748318676679689,2.6333333333333333,5.062333697011697,0.9922675758708833,63,RBS1p4_mRNA2min,1.4,2.0,12.446666666666667,48.06358256990386,9.808099536321933,11.260942589900798,2.662061842341891,0.003253223724230479,0.007531888232268375,0.0010017188026383381,0.9126843997192994,1.0858664392866202,97.57562785665561,0.9418941317131185,0.8603187146882401,0.01032759958078201
True,resolved_oscillation,1.0,12.777717022022763,10.235714285714286,0.0006154341267886928,0.9949566413397023,1.9351495703924049,0.010006816963370743,2.558333333333333,4.81977497648042,0.9921508669999285,63,RBS1p4_mRNA3min,1.4,3.0,12.99,48.06358256990386,9.808099536321933,11.260942589900798,2.662061842341891,0.003253223724230479,0.007531888232268375,0.0010017188026383381,0.9126843997192994,1.0858664392866202,97.57562785665561,0.9418941317131185,0.8603187146882401,0.01032759958078201
True,resolved_oscillation,1.0,13.294889099676162,10.65,0.0,0.9959101777702996,1.8393252387791557,0.010526331750306895,2.4,4.337421798033145,0.9920143935165825,63,RBS1p4_mRNA4min,1.4,4.0,12.96,48.06358256990386,9.808099536321933,11.260942589900798,2.662061842341891,0.003253223724230479,0.007531888232268375,0.0010017188026383381,0.9126843997192994,1.0858664392866202,97.57562785665561,0.9418941317131185,0.8603187146882401,0.01032759958078201
